fire_id,cell_id,lat,lon,tree_cover,tree_cover_annual,burn_severity_dnbr,slope_deg,elevation_m,road_distance_km,ndvi_before,ndvi_after,ndvi_drop,severity_class,land_cover,prediction_status,recovery_gap_pred,priority_score,priority_class
AKD_2021_03,AKD_2021_03_001634,36.26052,33.25743,0.92652774,0.9357758,0.13094065,15.225324,831.79364,1.0626566,0.52836704,0.46262968,0.06573737,dusuk,Agaclik,low_severity,,0.0,DUSUK
AKD_2021_03,AKD_2021_03_001710,36.25831,33.23516,0.8288352,0.9016199,0.28696525,19.060165,811.2526,1.0613003,0.46984172,0.31126446,0.15857726,orta-dusuk,Agaclik,low_severity,,0.0,DUSUK
AKD_2021_03,AKD_2021_03_001711,36.2583,33.23794,0.3756425,0.28683096,0.23481809,22.636992,719.1023,1.3086116,0.41234362,0.30810398,0.10423964,dusuk,Otlak/calilik,low_severity,,0.0,DUSUK
AKD_2021_03,AKD_2021_03_001717,36.25827,33.25464,0.742764,0.9807917,0.26494962,20.111984,778.1914,1.1172467,0.5240991,0.3103159,0.2137832,dusuk,Agaclik,low_severity,,0.0,DUSUK
AKD_2021_03,AKD_2021_03_001718,36.25826,33.25742,0.7313841,0.9477953,0.34692496,24.990124,767.8744,1.2507732,0.48941225,0.2120191,0.27739316,orta-dusuk,Agaclik,predicted,0.3232,0.6178,YUKSEK
AKD_2021_03,AKD_2021_03_001789,36.25608,33.22124,1.0,1.0,0.17660971,10.24516,529.7888,0.46851394,0.48243347,0.35591462,0.12651885,dusuk,Agaclik,low_severity,,0.0,DUSUK
AKD_2021_03,AKD_2021_03_001791,36.25607,33.2268,1.0,1.0,0.19547904,18.523727,646.89636,0.5164467,0.5566696,0.51077795,0.045891643,dusuk,Agaclik,low_severity,,0.0,DUSUK
AKD_2021_03,AKD_2021_03_001792,36.25607,33.22959,1.0,1.0,0.11908969,20.270947,716.5662,0.6912475,0.5607096,0.4831984,0.07751119,dusuk,Agaclik,low_severity,,0.0,DUSUK
AKD_2021_03,AKD_2021_03_001793,36.25606,33.23237,0.45722824,0.68232316,0.21498965,18.95009,790.2626,0.90218014,0.42011333,0.3307134,0.089399934,dusuk,Agaclik,low_severity,,0.0,DUSUK
AKD_2021_03,AKD_2021_03_001794,36.25606,33.23515,0.9162228,0.82623637,0.5953608,23.818336,748.8251,1.1291745,0.46625793,0.14387137,0.32238656,orta-yuksek,Agaclik,predicted,0.3868,0.7133,YUKSEK
AKD_2021_03,AKD_2021_03_001795,36.25605,33.23794,0.83088696,0.7692449,0.42721796,26.901724,674.1576,1.3642364,0.4564691,0.18591118,0.2705579,orta-dusuk,Agaclik,predicted,0.3256,0.6368,YUKSEK
AKD_2021_03,AKD_2021_03_001796,36.25604,33.24072,0.31700101,0.55513376,0.37575492,22.323421,563.41266,1.449989,0.44605225,0.2267442,0.21930805,orta-dusuk,Agaclik,predicted,0.2892,0.5244,YUKSEK
AKD_2021_03,AKD_2021_03_001797,36.25604,33.2435,0.9449986,0.8240389,0.17295527,14.4726,528.2063,1.3392764,0.5012835,0.38779277,0.11349076,dusuk,Agaclik,low_severity,,0.0,DUSUK
AKD_2021_03,AKD_2021_03_001799,36.25603,33.24907,0.7733525,0.374642,0.11172581,18.906315,641.43225,1.2454108,0.45509773,0.4135337,0.041564047,dusuk,Otlak/calilik,low_severity,,0.0,DUSUK
AKD_2021_03,AKD_2021_03_001800,36.25602,33.25185,0.44794622,0.104743645,0.26254267,18.395815,677.9284,1.271708,0.41553137,0.23957044,0.17596093,dusuk,Otlak/calilik,low_severity,,0.0,DUSUK
AKD_2021_03,AKD_2021_03_001801,36.25602,33.25463,0.8865668,0.96515125,0.31157038,16.53141,693.0345,1.3447806,0.47907296,0.19253251,0.28654045,orta-dusuk,Agaclik,predicted,0.3374,0.544,YUKSEK
AKD_2021_03,AKD_2021_03_001802,36.25601,33.25741,0.90884876,0.82484627,0.28094667,19.447533,687.94257,1.4576104,0.5237137,0.2634992,0.2602145,orta-dusuk,Agaclik,predicted,0.3293,0.5571,YUKSEK
AKD_2021_03,AKD_2021_03_001872,36.25383,33.21845,0.9393664,1.0,0.10646981,16.555655,483.46762,0.81060225,0.553027,0.5456166,0.0074103475,dusuk,Agaclik,low_severity,,0.0,DUSUK
AKD_2021_03,AKD_2021_03_001874,36.25382,33.22401,0.7877722,0.9389812,0.30418405,16.55805,550.2733,0.6740088,0.49091196,0.28064764,0.21026433,orta-dusuk,Agaclik,predicted,0.3137,0.5396,YUKSEK
AKD_2021_03,AKD_2021_03_001875,36.25382,33.2268,0.8753533,1.0,0.34029272,19.161892,599.75867,0.7351148,0.53013325,0.26869696,0.26143628,orta-dusuk,Agaclik,predicted,0.3605,0.64,YUKSEK
AKD_2021_03,AKD_2021_03_001877,36.25381,33.23236,1.0,0.96694046,0.12751514,14.813277,749.6641,1.0428834,0.5035759,0.4646315,0.038944423,dusuk,Agaclik,low_severity,,0.0,DUSUK
AKD_2021_03,AKD_2021_03_001878,36.2538,33.23515,1.0,0.9601869,0.2806122,23.542479,680.2511,1.2444724,0.4786518,0.26239502,0.21625677,orta-dusuk,Agaclik,predicted,0.4164,0.7521,COK_YUKSEK
AKD_2021_03,AKD_2021_03_001879,36.2538,33.23793,0.98634523,0.99420893,0.34073538,19.80367,623.13,1.4611015,0.4972611,0.23857531,0.2586858,orta-dusuk,Agaclik,predicted,0.4068,0.6853,YUKSEK
AKD_2021_03,AKD_2021_03_001880,36.25379,33.24071,0.9974014,1.0,0.33888566,20.553986,531.22705,1.6696295,0.5720618,0.28733298,0.2847288,orta-dusuk,Agaclik,predicted,0.4537,0.7584,COK_YUKSEK
AKD_2021_03,AKD_2021_03_001881,36.25378,33.24349,1.0,1.0,0.19665265,16.044895,518.0114,1.5744382,0.5334246,0.40267837,0.13074625,dusuk,Agaclik,low_severity,,0.0,DUSUK
AKD_2021_03,AKD_2021_03_001882,36.25378,33.24628,0.93936604,0.94591135,0.31498617,17.18783,578.30133,1.5149419,0.4806304,0.27757555,0.20305485,orta-dusuk,Agaclik,predicted,0.3403,0.5474,YUKSEK
AKD_2021_03,AKD_2021_03_001883,36.25377,33.24906,0.7892359,0.63328356,0.3360693,17.884138,586.87006,1.4954071,0.47539604,0.20610955,0.26928648,orta-dusuk,Agaclik,predicted,0.3104,0.5079,YUKSEK
AKD_2021_03,AKD_2021_03_001884,36.25377,33.25184,0.9618118,0.9062863,0.31477916,16.221407,606.7911,1.517378,0.5219284,0.22592613,0.2960023,orta-dusuk,Agaclik,predicted,0.3397,0.5358,YUKSEK
AKD_2021_03,AKD_2021_03_001885,36.25376,33.25462,0.70042586,0.7641134,0.21550742,17.6641,647.087,1.5791229,0.5104406,0.31446064,0.19597995,dusuk,Agaclik,low_severity,,0.0,DUSUK
AKD_2021_03,AKD_2021_03_001949,36.25161,33.19896,0.7384392,1.0,0.19379987,24.97355,831.8915,0.09664054,0.40851486,0.3345543,0.07396054,dusuk,Agaclik,low_severity,,0.0,DUSUK
AKD_2021_03,AKD_2021_03_001950,36.25161,33.20175,0.93592817,1.0,0.23815525,25.95914,797.0794,0.085291505,0.3978119,0.28313994,0.114671946,dusuk,Agaclik,low_severity,,0.0,DUSUK
AKD_2021_03,AKD_2021_03_001956,36.25158,33.21844,0.85686547,0.94315904,0.18632692,22.60253,450.10654,1.0274982,0.48644757,0.3759613,0.11048627,dusuk,Agaclik,low_severity,,0.0,DUSUK
AKD_2021_03,AKD_2021_03_001957,36.25157,33.22123,0.9446623,1.0,0.23929763,20.15503,470.04617,0.94438267,0.5699286,0.3983453,0.1715833,dusuk,Agaclik,low_severity,,0.0,DUSUK
AKD_2021_03,AKD_2021_03_001959,36.25156,33.22679,1.0,1.0,0.20790718,18.193186,598.3406,0.9690565,0.5109645,0.38046336,0.13050115,dusuk,Agaclik,low_severity,,0.0,DUSUK
AKD_2021_03,AKD_2021_03_001960,36.25156,33.22957,1.0,1.0,0.1731779,17.217949,672.7448,1.0724628,0.5423243,0.4171852,0.12513912,dusuk,Agaclik,low_severity,,0.0,DUSUK
AKD_2021_03,AKD_2021_03_001961,36.25155,33.23236,0.7158682,0.7006013,0.28253028,19.125246,689.87067,1.2191318,0.43039635,0.22687665,0.2035197,orta-dusuk,Agaclik,predicted,0.2982,0.5155,YUKSEK
AKD_2021_03,AKD_2021_03_001962,36.25155,33.23514,0.41697884,0.08337002,0.2311588,19.871822,642.7163,1.3954885,0.35968322,0.21626541,0.1434178,dusuk,Otlak/calilik,low_severity,,0.0,DUSUK
AKD_2021_03,AKD_2021_03_001963,36.25154,33.23792,0.9270218,0.9623536,0.45806837,19.794441,569.20013,1.5916954,0.52688503,0.22648668,0.30039835,orta-yuksek,Agaclik,predicted,0.3575,0.5995,YUKSEK
AKD_2021_03,AKD_2021_03_001964,36.25154,33.2407,1.0,1.0,0.47183898,19.094484,495.18243,1.8012774,0.5751971,0.22908506,0.34611204,orta-yuksek,Agaclik,predicted,0.4601,0.7462,YUKSEK
AKD_2021_03,AKD_2021_03_001965,36.25153,33.24349,0.94701946,1.0,0.27144647,12.288708,479.4895,1.8135738,0.49631107,0.2813049,0.21500617,orta-dusuk,Agaclik,predicted,0.3251,0.4549,ORTA
AKD_2021_03,AKD_2021_03_001966,36.25153,33.24627,0.8787286,1.0,0.3388156,13.456501,521.7506,1.7621701,0.5233989,0.23822013,0.28517875,orta-dusuk,Agaclik,predicted,0.3219,0.465,ORTA
AKD_2021_03,AKD_2021_03_001967,36.25152,33.24905,0.82605076,0.9789127,0.270067,15.782314,560.5191,1.7454045,0.541775,0.28484035,0.25693464,orta-dusuk,Agaclik,predicted,0.3387,0.5181,YUKSEK
AKD_2021_03,AKD_2021_03_001968,36.25151,33.25183,0.69351304,0.51434,0.1405235,23.499598,577.19214,1.7642648,0.4923467,0.39721298,0.09513372,dusuk,Otlak/calilik,low_severity,,0.0,DUSUK
AKD_2021_03,AKD_2021_03_001977,36.25146,33.27688,0.44853997,0.6659839,0.22455573,18.204023,1002.42365,1.4025388,0.41745627,0.2681384,0.14931786,dusuk,Agaclik,low_severity,,0.0,DUSUK
AKD_2021_03,AKD_2021_03_002032,36.24936,33.19618,0.84321886,1.0,0.17721087,20.795797,886.5813,0.37036774,0.43190604,0.42446268,0.0074433684,dusuk,Agaclik,low_severity,,0.0,DUSUK
AKD_2021_03,AKD_2021_03_002033,36.24936,33.19896,0.9775522,1.0,0.23754647,15.048774,920.0556,0.19778171,0.47101825,0.3372185,0.13379976,dusuk,Agaclik,low_severity,,0.0,DUSUK
AKD_2021_03,AKD_2021_03_002034,36.24935,33.20174,1.0,1.0,0.22881377,21.98667,874.7777,0.25702715,0.59397495,0.36663556,0.22733939,dusuk,Agaclik,low_severity,,0.0,DUSUK
AKD_2021_03,AKD_2021_03_002035,36.24935,33.20452,0.982281,1.0,0.36387622,25.42069,762.5705,0.3768254,0.5501052,0.2666979,0.2834073,orta-dusuk,Agaclik,predicted,0.3731,0.746,YUKSEK
AKD_2021_03,AKD_2021_03_002036,36.24935,33.20731,0.9956436,1.0,0.35550827,23.996624,649.7353,0.551904,0.54465526,0.23514289,0.30951238,orta-dusuk,Agaclik,predicted,0.416,0.7907,COK_YUKSEK
AKD_2021_03,AKD_2021_03_002037,36.24934,33.21009,0.806839,1.0,0.30181825,22.733088,546.99243,0.76954454,0.5261441,0.27346498,0.2526791,orta-dusuk,Agaclik,predicted,0.3356,0.6371,YUKSEK
AKD_2021_03,AKD_2021_03_002041,36.24932,33.22122,0.8654361,1.0,0.23846166,24.118658,491.2402,1.1897627,0.5733744,0.41886994,0.15450445,dusuk,Agaclik,low_severity,,0.0,DUSUK
AKD_2021_03,AKD_2021_03_002042,36.24932,33.224,0.8809993,1.0,0.23050502,20.458437,571.7303,1.1733035,0.4426125,0.38508326,0.05752924,dusuk,Agaclik,low_severity,,0.0,DUSUK
AKD_2021_03,AKD_2021_03_002043,36.24931,33.22678,0.81696045,1.0,0.33722773,16.156988,606.6401,1.2094408,0.37654155,0.31340593,0.063135624,orta-dusuk,Agaclik,low_severity,,0.0,DUSUK
AKD_2021_03,AKD_2021_03_002044,36.2493,33.22957,0.94697267,1.0,0.29407883,12.196601,649.73584,1.2937747,0.5398507,0.3679837,0.17186701,orta-dusuk,Agaclik,low_severity,,0.0,DUSUK
AKD_2021_03,AKD_2021_03_002045,36.2493,33.23235,0.7967327,1.0,0.33985212,19.20703,618.7896,1.4177302,0.48379856,0.2388958,0.24490276,orta-dusuk,Agaclik,predicted,0.3336,0.5634,YUKSEK
AKD_2021_03,AKD_2021_03_002046,36.24929,33.23513,0.9336807,0.8353038,0.42525017,23.76867,562.9929,1.5719621,0.49684575,0.22542612,0.27141964,orta-dusuk,Agaclik,predicted,0.3405,0.6164,YUKSEK
AKD_2021_03,AKD_2021_03_002047,36.24929,33.23791,0.9976035,0.9715638,0.5868035,23.324745,533.04224,1.7484767,0.56794053,0.20974654,0.358194,orta-yuksek,Agaclik,predicted,0.4395,0.7618,COK_YUKSEK
AKD_2021_03,AKD_2021_03_002048,36.24928,33.2407,1.0,1.0,0.2919445,17.639908,451.29724,1.941205,0.5546268,0.33002448,0.22460234,orta-dusuk,Agaclik,predicted,0.475,0.7474,YUKSEK
AKD_2021_03,AKD_2021_03_002049,36.24928,33.24348,0.9917265,1.0,0.35253152,18.283087,485.50357,2.0552967,0.52949154,0.2826711,0.24682045,orta-dusuk,Agaclik,predicted,0.4026,0.6325,YUKSEK
AKD_2021_03,AKD_2021_03_002050,36.24927,33.24626,0.707372,0.6864837,0.29561996,21.23085,535.51794,2.0100842,0.5347191,0.29459253,0.24012658,orta-dusuk,Agaclik,predicted,0.2946,0.4933,ORTA
AKD_2021_03,AKD_2021_03_002060,36.24921,33.27409,0.89119077,0.97698534,0.22959551,19.001194,1043.6282,1.6003842,0.51777923,0.33865088,0.17912835,dusuk,Agaclik,low_severity,,0.0,DUSUK
AKD_2021_03,AKD_2021_03_002061,36.2492,33.27687,0.18320164,0.4335549,0.23514254,16.78768,1037.1726,1.3517703,0.31812513,0.196831,0.121294126,dusuk,Otlak/calilik,low_severity,,0.0,DUSUK
AKD_2021_03,AKD_2021_03_002118,36.2471,33.20173,1.0,1.0,0.12739217,25.70887,826.62744,0.2896482,0.569103,0.48882487,0.08027813,dusuk,Agaclik,low_severity,,0.0,DUSUK
AKD_2021_03,AKD_2021_03_002119,36.2471,33.20452,1.0,1.0,0.41112953,25.299946,767.813,0.47573724,0.566218,0.33090574,0.23531228,orta-dusuk,Agaclik,predicted,0.4303,0.8317,COK_YUKSEK
AKD_2021_03,AKD_2021_03_002120,36.24709,33.2073,0.9988745,1.0,0.34034768,24.894747,652.224,0.70267755,0.52869,0.3029303,0.22575969,orta-dusuk,Agaclik,predicted,0.4245,0.8067,COK_YUKSEK
AKD_2021_03,AKD_2021_03_002121,36.24709,33.21008,0.98826706,1.0,0.21806496,25.071516,555.5942,0.9023972,0.47820318,0.33613294,0.14207023,dusuk,Agaclik,low_severity,,0.0,DUSUK
AKD_2021_03,AKD_2021_03_002122,36.24708,33.21286,0.93936133,1.0,0.19544771,24.813452,438.49545,1.1076648,0.4730864,0.2817238,0.19136259,dusuk,Agaclik,low_severity,,0.0,DUSUK
AKD_2021_03,AKD_2021_03_002125,36.24707,33.22121,0.9729392,1.0,0.26238206,22.62589,513.90936,1.4367366,0.5904998,0.3760291,0.21447071,dusuk,Agaclik,low_severity,,0.0,DUSUK
AKD_2021_03,AKD_2021_03_002126,36.24706,33.224,1.0,1.0,0.20048967,17.981983,612.0809,1.4231366,0.5666722,0.40715218,0.15952003,dusuk,Agaclik,low_severity,,0.0,DUSUK
AKD_2021_03,AKD_2021_03_002127,36.24706,33.22678,1.0,1.0,0.22805113,17.751797,619.1593,1.4530739,0.5373347,0.37658066,0.16075402,dusuk,Agaclik,low_severity,,0.0,DUSUK
AKD_2021_03,AKD_2021_03_002128,36.24705,33.22956,0.9918071,1.0,0.36966267,22.045824,581.0239,1.5239848,0.51830757,0.26343897,0.2548686,orta-dusuk,Agaclik,predicted,0.4169,0.7227,YUKSEK
AKD_2021_03,AKD_2021_03_002129,36.24705,33.23234,1.0,1.0,0.33651793,22.867315,553.66815,1.6305323,0.53756833,0.27480322,0.2627651,orta-dusuk,Agaclik,predicted,0.4814,0.8299,COK_YUKSEK
AKD_2021_03,AKD_2021_03_002130,36.24704,33.23513,1.0,1.0,0.35837784,22.388952,470.92502,1.766279,0.5277753,0.2691726,0.25860268,orta-dusuk,Agaclik,predicted,0.4697,0.7992,COK_YUKSEK
AKD_2021_03,AKD_2021_03_002131,36.24703,33.23791,0.9517344,1.0,0.40786916,20.16922,428.40268,1.9250578,0.5020016,0.24387532,0.25812626,orta-dusuk,Agaclik,predicted,0.3817,0.6259,YUKSEK
AKD_2021_03,AKD_2021_03_002132,36.24703,33.24069,0.88507134,1.0,0.34368134,16.401133,436.15076,2.101655,0.53404427,0.32925457,0.2047897,orta-dusuk,Agaclik,predicted,0.3251,0.4853,ORTA
AKD_2021_03,AKD_2021_03_002133,36.24702,33.24347,0.5659752,0.6878428,0.3500655,20.972422,453.3553,2.2919552,0.51087147,0.26117736,0.24969411,orta-dusuk,Agaclik,predicted,0.2795,0.4523,ORTA
AKD_2021_03,AKD_2021_03_002134,36.24702,33.24626,0.98367673,0.72134686,0.16847211,18.688934,432.55118,2.258458,0.55647945,0.47146,0.08501944,dusuk,Agaclik,low_severity,,0.0,DUSUK
AKD_2021_03,AKD_2021_03_002143,36.24696,33.2713,0.9904475,0.96204066,0.18293111,20.767109,1030.1835,1.8453574,0.46858263,0.3411682,0.12741444,dusuk,Agaclik,low_severity,,0.0,DUSUK
AKD_2021_03,AKD_2021_03_002144,36.24696,33.27408,0.15753372,0.3083966,0.31257057,15.522175,1037.1547,1.5957435,0.3242364,0.16044334,0.16379306,orta-dusuk,Otlak/calilik,low_severity,,0.0,DUSUK
AKD_2021_03,AKD_2021_03_002145,36.24695,33.27686,0.21926972,0.021232845,0.13596785,11.311073,999.01196,1.346273,0.23123407,0.19694252,0.03429155,dusuk,Otlak/calilik,low_severity,,0.0,DUSUK
AKD_2021_03,AKD_2021_03_002203,36.24484,33.20451,0.9393597,1.0,0.24744797,26.44459,679.95416,0.409947,0.49054283,0.29427642,0.19626641,dusuk,Agaclik,low_severity,,0.0,DUSUK
AKD_2021_03,AKD_2021_03_002204,36.24484,33.20729,1.0,1.0,0.4047903,26.838606,590.43744,0.65991396,0.516152,0.20156302,0.31458902,orta-dusuk,Agaclik,predicted,0.4297,0.8383,COK_YUKSEK
AKD_2021_03,AKD_2021_03_002205,36.24483,33.21008,0.9923439,1.0,0.3758175,25.362383,493.02194,0.90989906,0.522652,0.21066356,0.3119884,orta-dusuk,Agaclik,predicted,0.4133,0.7835,COK_YUKSEK
AKD_2021_03,AKD_2021_03_002206,36.24483,33.21286,0.8965461,1.0,0.23183489,24.928074,410.47394,1.0356205,0.5203424,0.2659676,0.2543748,dusuk,Agaclik,low_severity,,0.0,DUSUK
AKD_2021_03,AKD_2021_03_002207,36.24482,33.21564,1.0,1.0,0.14951727,15.552438,329.08307,1.1474152,0.51395524,0.42738903,0.08656621,dusuk,Agaclik,low_severity,,0.0,DUSUK
AKD_2021_03,AKD_2021_03_002208,36.24482,33.21842,1.0,1.0,0.2911686,22.89529,400.18063,1.2983116,0.55184656,0.3819127,0.16993386,orta-dusuk,Agaclik,low_severity,,0.0,DUSUK
AKD_2021_03,AKD_2021_03_002210,36.24481,33.22399,1.0,1.0,0.21823323,18.0761,578.7798,1.6729364,0.5576155,0.38194442,0.1756711,dusuk,Agaclik,low_severity,,0.0,DUSUK
AKD_2021_03,AKD_2021_03_002211,36.2448,33.22677,1.0,1.0,0.32076353,26.339884,539.3252,1.6985583,0.5341714,0.32256213,0.21160927,orta-dusuk,Agaclik,predicted,0.4767,0.8567,COK_YUKSEK
AKD_2021_03,AKD_2021_03_002212,36.2448,33.22955,1.0,1.0,0.32267016,22.698015,482.2038,1.759604,0.55938417,0.35670084,0.20268333,orta-dusuk,Agaclik,predicted,0.4701,0.8035,COK_YUKSEK
AKD_2021_03,AKD_2021_03_002213,36.24479,33.23234,1.0,1.0,0.3669299,24.747473,478.86667,1.85265,0.54425216,0.33845246,0.2057997,orta-dusuk,Agaclik,predicted,0.4575,0.8009,COK_YUKSEK
AKD_2021_03,AKD_2021_03_002214,36.24479,33.23512,0.9995225,1.0,0.3415482,20.809973,394.01364,1.9731747,0.5313332,0.26834932,0.2629839,orta-dusuk,Agaclik,predicted,0.4623,0.7599,COK_YUKSEK
AKD_2021_03,AKD_2021_03_002215,36.24478,33.2379,0.9996387,1.0,0.35017082,12.321063,387.63843,2.1164887,0.48493353,0.28947398,0.19545954,orta-dusuk,Agaclik,low_severity,,0.0,DUSUK
AKD_2021_03,AKD_2021_03_002216,36.24478,33.24068,0.8769831,1.0,0.3869422,14.422235,403.4061,2.2782955,0.53884673,0.29592618,0.24292055,orta-dusuk,Agaclik,predicted,0.3109,0.4322,ORTA
AKD_2021_03,AKD_2021_03_002217,36.24477,33.24347,0.9970789,1.0,0.15688735,19.230043,420.1932,2.454941,0.55806416,0.43100882,0.12705535,dusuk,Agaclik,low_severity,,0.0,DUSUK
AKD_2021_03,AKD_2021_03_002224,36.24473,33.26294,1.0,1.0,0.16176735,31.015675,849.0468,2.615789,0.5116366,0.3592183,0.15241832,dusuk,Agaclik,low_severity,,0.0,DUSUK
AKD_2021_03,AKD_2021_03_002226,36.24472,33.26851,0.32107508,0.42213815,0.13539277,13.972274,1022.9388,2.1211927,0.34638873,0.27439612,0.071992606,dusuk,Otlak/calilik,low_severity,,0.0,DUSUK
AKD_2021_03,AKD_2021_03_002227,36.24471,33.27129,0.19829024,0.14614558,0.17529501,10.98354,1023.11847,1.8749697,0.31883615,0.21892245,0.0999137,dusuk,Otlak/calilik,low_severity,,0.0,DUSUK
AKD_2021_03,AKD_2021_03_002228,36.2447,33.27407,0.07084614,0.0,0.124632396,6.481239,996.4024,1.6298972,0.2282279,0.17486611,0.05336179,dusuk,Otlak/calilik,low_severity,,0.0,DUSUK
AKD_2021_03,AKD_2021_03_002287,36.24259,33.20451,1.0,1.0,0.13239288,26.235865,558.21497,0.48454845,0.54614395,0.44985145,0.096292496,dusuk,Agaclik,low_severity,,0.0,DUSUK
AKD_2021_03,AKD_2021_03_002288,36.24258,33.20729,1.0,1.0,0.27805328,24.385643,511.08588,0.7086727,0.5240035,0.2837127,0.24029082,orta-dusuk,Agaclik,predicted,0.4394,0.8248,COK_YUKSEK
AKD_2021_03,AKD_2021_03_002289,36.24258,33.21007,0.97558594,1.0,0.28913546,24.556961,429.79007,0.7287102,0.50862676,0.25400162,0.25462514,orta-dusuk,Agaclik,predicted,0.4076,0.7746,COK_YUKSEK
AKD_2021_03,AKD_2021_03_002290,36.24257,33.21285,0.8333949,1.0,0.21295309,19.419067,332.9607,0.8062693,0.44775042,0.27749318,0.17025724,dusuk,Agaclik,low_severity,,0.0,DUSUK
AKD_2021_03,AKD_2021_03_002291,36.24257,33.21564,1.0,1.0,0.12283033,14.370423,315.64154,0.9455801,0.52600574,0.5136328,0.012372971,dusuk,Agaclik,low_severity,,0.0,DUSUK
AKD_2021_03,AKD_2021_03_002293,36.24256,33.2212,1.0,1.0,0.33282828,20.953966,479.04733,1.3256036,0.54273605,0.32817483,0.21456122,orta-dusuk,Agaclik,predicted,0.4525,0.7779,COK_YUKSEK
AKD_2021_03,AKD_2021_03_002294,36.24255,33.22398,1.0,1.0,0.3147799,25.22323,492.28467,1.5415176,0.5267259,0.28769892,0.23902696,orta-dusuk,Agaclik,predicted,0.4662,0.8355,COK_YUKSEK
AKD_2021_03,AKD_2021_03_002295,36.24255,33.22676,1.0,1.0,0.33187538,21.904364,437.95175,1.766445,0.50833213,0.31480914,0.19352299,orta-dusuk,Agaclik,low_severity,,0.0,DUSUK
AKD_2021_03,AKD_2021_03_002296,36.24254,33.22955,0.9983972,1.0,0.28469628,17.192791,403.0811,1.9973432,0.53225183,0.3631078,0.16914403,orta-dusuk,Agaclik,low_severity,,0.0,DUSUK
AKD_2021_03,AKD_2021_03_002297,36.24254,33.23233,0.752593,1.0,0.28353593,22.702211,373.4085,2.0811028,0.4947886,0.31313396,0.18165463,orta-dusuk,Agaclik,low_severity,,0.0,DUSUK
AKD_2021_03,AKD_2021_03_002298,36.24253,33.23511,0.8706452,1.0,0.23412168,12.144573,352.14398,2.1890855,0.45717555,0.33880973,0.118365824,dusuk,Agaclik,low_severity,,0.0,DUSUK
AKD_2021_03,AKD_2021_03_002299,36.24253,33.23789,0.70718557,0.71211296,0.24300933,12.768751,372.8212,2.319095,0.4397656,0.33221906,0.10754654,dusuk,Agaclik,low_severity,,0.0,DUSUK
AKD_2021_03,AKD_2021_03_002300,36.24252,33.24068,0.8645587,0.81206125,0.12654896,23.401104,429.15106,2.467652,0.44693738,0.41225263,0.034684747,dusuk,Agaclik,low_severity,,0.0,DUSUK
AKD_2021_03,AKD_2021_03_002301,36.24252,33.24346,1.0,1.0,0.10694358,25.929844,498.2702,2.6316178,0.5303681,0.50067407,0.02969402,dusuk,Agaclik,low_severity,,0.0,DUSUK
AKD_2021_03,AKD_2021_03_002302,36.24251,33.24624,0.98631376,0.9365321,0.18784644,20.56489,578.7777,2.756088,0.54800606,0.35168603,0.19632003,dusuk,Agaclik,low_severity,,0.0,DUSUK
AKD_2021_03,AKD_2021_03_002303,36.2425,33.24902,1.0,0.7343299,0.20631441,19.362473,625.72473,2.7453988,0.5004692,0.307934,0.19253522,dusuk,Agaclik,low_severity,,0.0,DUSUK
AKD_2021_03,AKD_2021_03_002304,36.2425,33.25181,1.0,0.9756531,0.24915451,23.154865,686.5711,2.7574277,0.54701793,0.33878165,0.20823628,dusuk,Agaclik,low_severity,,0.0,DUSUK
AKD_2021_03,AKD_2021_03_002305,36.24249,33.25459,1.0,1.0,0.21846205,25.231707,732.60455,2.7918813,0.5064697,0.2678022,0.23866752,dusuk,Agaclik,low_severity,,0.0,DUSUK
AKD_2021_03,AKD_2021_03_002308,36.24247,33.26294,0.95647013,1.0,0.19722883,36.960323,910.8142,2.6603608,0.4807167,0.32796144,0.15275526,dusuk,Agaclik,low_severity,,0.0,DUSUK
AKD_2021_03,AKD_2021_03_002309,36.24247,33.26572,0.15726732,0.14330846,0.32836944,13.427532,1024.8842,2.4173481,0.39412355,0.17744738,0.21667618,orta-dusuk,Otlak/calilik,predicted,0.2251,0.2767,ORTA
AKD_2021_03,AKD_2021_03_002310,36.24246,33.2685,0.061062057,0.0,0.24208625,8.242142,1016.33325,2.1759195,0.32644206,0.19003046,0.1364116,dusuk,Otlak/calilik,low_severity,,0.0,DUSUK
AKD_2021_03,AKD_2021_03_002311,36.24246,33.27128,0.35999018,0.0,0.35977733,14.805444,1030.4478,1.9366671,0.42000955,0.20703381,0.21297574,orta-dusuk,Otlak/calilik,predicted,0.2337,0.3294,ORTA
AKD_2021_03,AKD_2021_03_002312,36.24245,33.27406,0.36640534,0.0,0.41522518,16.329159,1035.3038,1.7005095,0.4038926,0.18313974,0.22075287,orta-dusuk,Otlak/calilik,predicted,0.234,0.3581,ORTA
AKD_2021_03,AKD_2021_03_002313,36.24244,33.27685,0.48989227,0.10059357,0.12334442,16.997133,1048.4679,1.4689405,0.38132256,0.32275516,0.058567405,dusuk,Otlak/calilik,low_severity,,0.0,DUSUK
AKD_2021_03,AKD_2021_03_002374,36.24032,33.21285,1.0,1.0,0.11329442,15.120199,311.62653,0.593827,0.5041905,0.45003855,0.054151952,dusuk,Agaclik,low_severity,,0.0,DUSUK
AKD_2021_03,AKD_2021_03_002376,36.24031,33.21841,1.0,1.0,0.21627176,17.83646,421.01788,0.9827175,0.55557066,0.47998542,0.075585246,dusuk,Agaclik,low_severity,,0.0,DUSUK
AKD_2021_03,AKD_2021_03_002377,36.2403,33.22119,1.0,1.0,0.46660787,18.348467,420.8695,1.2082158,0.53711164,0.31428415,0.2228275,orta-yuksek,Agaclik,predicted,0.4498,0.751,COK_YUKSEK
AKD_2021_03,AKD_2021_03_002378,36.2403,33.22398,1.0,1.0,0.4167718,22.660467,400.5444,1.4418173,0.5265385,0.2576001,0.2689384,orta-dusuk,Agaclik,predicted,0.4692,0.8175,COK_YUKSEK
AKD_2021_03,AKD_2021_03_002379,36.24029,33.22676,0.8965387,0.96775377,0.2374412,18.642305,358.1372,1.6801454,0.50591975,0.36702853,0.13889122,dusuk,Agaclik,low_severity,,0.0,DUSUK
AKD_2021_03,AKD_2021_03_002380,36.24029,33.22954,0.81809986,0.8491897,0.24835527,16.310043,331.42,1.9214423,0.44689178,0.31896487,0.12792692,dusuk,Agaclik,low_severity,,0.0,DUSUK
AKD_2021_03,AKD_2021_03_002382,36.24028,33.2351,0.6443308,0.8209489,0.21585113,16.307493,410.11246,2.409366,0.4540037,0.32977363,0.12423006,dusuk,Agaclik,low_severity,,0.0,DUSUK
AKD_2021_03,AKD_2021_03_002383,36.24027,33.23789,0.7458231,0.7864021,0.19028515,20.100344,425.27234,2.530193,0.45899785,0.38877475,0.07022309,dusuk,Agaclik,low_severity,,0.0,DUSUK
AKD_2021_03,AKD_2021_03_002384,36.24027,33.24067,0.98749924,1.0,0.15868321,24.829952,521.841,2.6670177,0.5477491,0.3850065,0.16274261,dusuk,Agaclik,low_severity,,0.0,DUSUK
AKD_2021_03,AKD_2021_03_002385,36.24026,33.24345,1.0,0.8894665,0.11797243,22.022778,577.95795,2.819413,0.5298904,0.4393552,0.09053522,dusuk,Agaclik,low_severity,,0.0,DUSUK
AKD_2021_03,AKD_2021_03_002386,36.24026,33.24623,0.20057474,0.07986342,0.28674096,17.2394,637.1073,2.984995,0.4366596,0.27423835,0.16242126,orta-dusuk,Otlak/calilik,low_severity,,0.0,DUSUK
AKD_2021_03,AKD_2021_03_002387,36.24025,33.24902,0.7905891,0.024047863,0.39048472,24.759222,699.73395,2.995398,0.50009876,0.23398256,0.2661162,orta-dusuk,Otlak/calilik,predicted,0.2766,0.4539,ORTA
AKD_2021_03,AKD_2021_03_002388,36.24024,33.2518,0.8787113,0.17282939,0.42853978,29.507624,776.13916,3.0064268,0.5192567,0.22612712,0.2931296,orta-dusuk,Otlak/calilik,predicted,0.3112,0.5605,YUKSEK
AKD_2021_03,AKD_2021_03_002390,36.24023,33.25736,0.9708269,1.0,0.14238223,35.58005,828.90106,3.0896585,0.4940364,0.28684613,0.20719028,dusuk,Agaclik,low_severity,,0.0,DUSUK
AKD_2021_03,AKD_2021_03_002391,36.24023,33.26015,0.89579177,1.0,0.17963521,30.095182,788.48376,2.9659119,0.47692508,0.2811814,0.19574368,dusuk,Agaclik,low_severity,,0.0,DUSUK
AKD_2021_03,AKD_2021_03_002392,36.24022,33.26293,0.75696003,1.0,0.29819536,29.447956,934.8529,2.7272122,0.45849198,0.2653854,0.19310659,orta-dusuk,Agaclik,low_severity,,0.0,DUSUK
AKD_2021_03,AKD_2021_03_002393,36.24021,33.26571,0.9610209,0.79414904,0.3188009,13.768714,1003.6481,2.490731,0.4732136,0.21927658,0.25393704,orta-dusuk,Agaclik,predicted,0.3413,0.4634,ORTA
AKD_2021_03,AKD_2021_03_002394,36.24021,33.26849,0.83821654,0.48570815,0.32878676,20.06895,1064.7782,2.257165,0.47002405,0.21203431,0.25798973,orta-dusuk,Agaclik,predicted,0.2801,0.4452,ORTA
AKD_2021_03,AKD_2021_03_002395,36.2402,33.27127,0.37364328,0.0029302728,0.340108,13.392932,1105.5979,2.0275223,0.43459272,0.22018594,0.21440679,orta-dusuk,Otlak/calilik,predicted,0.2321,0.3069,ORTA
AKD_2021_03,AKD_2021_03_002396,36.2402,33.27406,0.43444738,0.3294589,0.32164577,13.445681,1096.2491,1.8033028,0.3891923,0.19612612,0.1930662,orta-dusuk,Otlak/calilik,low_severity,,0.0,DUSUK
AKD_2021_03,AKD_2021_03_002397,36.24019,33.27684,0.0,0.0,0.13265161,11.087874,1062.6687,1.5868063,0.28860337,0.22937033,0.05923304,dusuk,Otlak/calilik,low_severity,,0.0,DUSUK
AKD_2021_03,AKD_2021_03_002460,36.23806,33.2184,0.91390353,1.0,0.47670433,23.984463,378.3112,0.8906706,0.54037833,0.28951752,0.2508608,orta-yuksek,Agaclik,predicted,0.3717,0.7027,YUKSEK
AKD_2021_03,AKD_2021_03_002461,36.23805,33.22119,0.8371342,1.0,0.46480608,23.035574,327.26633,1.1346126,0.52834,0.22461632,0.30372366,orta-yuksek,Agaclik,predicted,0.371,0.6791,YUKSEK
AKD_2021_03,AKD_2021_03_002462,36.23805,33.22397,1.0,1.0,0.30500305,15.51449,307.63873,1.3807235,0.52106565,0.29821068,0.22285497,orta-dusuk,Agaclik,predicted,0.3889,0.6139,YUKSEK
AKD_2021_03,AKD_2021_03_002463,36.23804,33.22675,0.8886118,1.0,0.18092394,10.574532,314.30295,1.6280199,0.49272823,0.36929244,0.123435795,dusuk,Agaclik,low_severity,,0.0,DUSUK
AKD_2021_03,AKD_2021_03_002464,36.23804,33.22953,0.85938054,0.9698475,0.2552787,13.675764,332.37387,1.8760332,0.45575732,0.34106806,0.11468926,dusuk,Agaclik,low_severity,,0.0,DUSUK
AKD_2021_03,AKD_2021_03_002465,36.23803,33.23232,0.96197015,1.0,0.33949703,18.094387,389.6835,2.1245122,0.51743376,0.30783,0.20960376,orta-dusuk,Agaclik,predicted,0.3723,0.5783,YUKSEK
AKD_2021_03,AKD_2021_03_002466,36.23802,33.2351,0.55598474,0.6032599,0.16891997,20.329317,468.67056,2.3733108,0.39437565,0.3118508,0.082524866,dusuk,Agaclik,low_severity,,0.0,DUSUK
AKD_2021_03,AKD_2021_03_002469,36.23801,33.24344,0.94635653,0.8523321,0.14249223,18.506937,635.6342,3.0162504,0.5738136,0.49476406,0.07904956,dusuk,Agaclik,low_severity,,0.0,DUSUK
AKD_2021_03,AKD_2021_03_002470,36.238,33.24623,0.7800556,0.27978224,0.29925227,24.554104,703.81146,3.1715724,0.46373916,0.32584226,0.1378969,orta-dusuk,Otlak/calilik,low_severity,,0.0,DUSUK
AKD_2021_03,AKD_2021_03_002471,36.238,33.24901,0.65601486,0.019772703,0.44606265,28.779078,793.55585,3.2453973,0.46811128,0.20553473,0.26257655,orta-yuksek,Otlak/calilik,predicted,0.28,0.4906,ORTA
AKD_2021_03,AKD_2021_03_002472,36.23799,33.25179,0.940795,0.49516052,0.25374597,32.305984,904.0788,3.2555792,0.48885942,0.39022323,0.09863618,dusuk,Agaclik,low_severity,,0.0,DUSUK
AKD_2021_03,AKD_2021_03_002474,36.23798,33.25736,0.9900384,1.0,0.27420008,25.503096,975.41016,3.2811198,0.5101977,0.23321542,0.27698228,orta-dusuk,Agaclik,predicted,0.4068,0.6568,YUKSEK
AKD_2021_03,AKD_2021_03_002475,36.23797,33.26014,0.96273863,1.0,0.24391839,22.34821,896.81805,3.0466049,0.48170978,0.2571326,0.22457719,dusuk,Agaclik,low_severity,,0.0,DUSUK
AKD_2021_03,AKD_2021_03_002477,36.23796,33.2657,0.93132854,1.0,0.26588604,30.054918,1037.399,2.5862923,0.46020925,0.21571563,0.24449362,dusuk,Agaclik,low_severity,,0.0,DUSUK
AKD_2021_03,AKD_2021_03_002478,36.23795,33.26848,0.64383054,1.0,0.32490027,14.437159,1127.4988,2.3621943,0.4547581,0.19395953,0.26079857,orta-dusuk,Agaclik,predicted,0.2996,0.4101,ORTA
AKD_2021_03,AKD_2021_03_002479,36.23795,33.27127,0.7808316,0.6788446,0.2632493,7.1916523,1119.5803,2.143832,0.42866483,0.24530004,0.1833648,dusuk,Agaclik,low_severity,,0.0,DUSUK
AKD_2021_03,AKD_2021_03_002480,36.23794,33.27405,0.294078,0.2081705,0.20438358,15.39137,1079.6084,1.9269083,0.37020728,0.22918916,0.14101812,dusuk,Otlak/calilik,low_severity,,0.0,DUSUK
AKD_2021_03,AKD_2021_03_002544,36.2358,33.2184,0.82498646,0.9669447,0.3579827,15.622094,278.43832,0.8636287,0.4468759,0.2406397,0.2062362,orta-dusuk,Agaclik,predicted,0.3097,0.5136,YUKSEK
AKD_2021_03,AKD_2021_03_002545,36.2358,33.22118,0.67435586,0.75083286,0.25301653,14.914116,289.98416,1.1135107,0.35789946,0.23556073,0.12233873,dusuk,Agaclik,low_severity,,0.0,DUSUK
AKD_2021_03,AKD_2021_03_002546,36.23579,33.22396,0.98824334,1.0,0.28321594,15.966268,336.25125,1.363436,0.54259783,0.3399429,0.20265493,orta-dusuk,Agaclik,predicted,0.369,0.5877,YUKSEK
AKD_2021_03,AKD_2021_03_002547,36.23579,33.22675,0.7028902,0.68981403,0.19378226,14.997273,370.74503,1.6133845,0.38580108,0.26755282,0.118248254,dusuk,Agaclik,low_severity,,0.0,DUSUK
AKD_2021_03,AKD_2021_03_002548,36.23578,33.22953,0.4632004,0.9081148,0.20216034,17.961277,364.09048,1.8633467,0.32572225,0.28115827,0.04456398,dusuk,Agaclik,low_severity,,0.0,DUSUK
AKD_2021_03,AKD_2021_03_002549,36.23578,33.23231,0.84126836,0.97790426,0.2648902,23.742657,435.6089,2.113318,0.47814327,0.31706256,0.16108072,dusuk,Agaclik,low_severity,,0.0,DUSUK
AKD_2021_03,AKD_2021_03_002550,36.23577,33.23509,0.74212223,0.78820443,0.1794321,18.269205,528.7258,2.363295,0.43636018,0.32686198,0.1094982,dusuk,Agaclik,low_severity,,0.0,DUSUK
AKD_2021_03,AKD_2021_03_002553,36.23575,33.24344,1.0,1.0,0.18142253,27.564709,695.1378,3.113249,0.56134903,0.4691553,0.09219372,dusuk,Agaclik,low_severity,,0.0,DUSUK
AKD_2021_03,AKD_2021_03_002554,36.23575,33.24622,1.0,0.9812698,0.21614379,29.174387,797.7251,3.363238,0.60598195,0.37342206,0.23255989,dusuk,Agaclik,low_severity,,0.0,DUSUK
AKD_2021_03,AKD_2021_03_002557,36.23573,33.25457,1.0,1.0,0.22672138,15.413772,1035.054,3.5320227,0.52504945,0.36406505,0.1609844,dusuk,Agaclik,low_severity,,0.0,DUSUK
AKD_2021_03,AKD_2021_03_002558,36.23572,33.25735,1.0,1.0,0.31141812,16.731138,974.6255,3.3728201,0.5412928,0.22942376,0.31186903,orta-dusuk,Agaclik,predicted,0.4375,0.6062,YUKSEK
AKD_2021_03,AKD_2021_03_002559,36.23572,33.26013,1.0,1.0,0.22376141,26.624393,981.06885,3.1451502,0.5067834,0.24953575,0.2572477,dusuk,Agaclik,low_severity,,0.0,DUSUK
AKD_2021_03,AKD_2021_03_002560,36.23571,33.26291,0.93935204,1.0,0.30196553,31.323822,1053.961,2.9211338,0.48641342,0.2365936,0.24981982,orta-dusuk,Agaclik,predicted,0.3952,0.7193,YUKSEK
AKD_2021_03,AKD_2021_03_002561,36.23571,33.26569,0.34196496,1.0,0.40129817,16.944016,1115.6495,2.699075,0.42255408,0.16641106,0.25614303,orta-dusuk,Agaclik,predicted,0.3027,0.4255,ORTA
AKD_2021_03,AKD_2021_03_002562,36.2357,33.26848,0.1467291,1.0,0.3778979,15.868017,1102.5813,2.4517548,0.40979505,0.15712517,0.25266987,orta-dusuk,Agaclik,predicted,0.3109,0.4393,ORTA
AKD_2021_03,AKD_2021_03_002563,36.23569,33.27126,0.56578934,0.6781365,0.30707726,13.766797,1078.3137,2.205039,0.42787623,0.2324172,0.19545904,orta-dusuk,Agaclik,low_severity,,0.0,DUSUK
AKD_2021_03,AKD_2021_03_002564,36.23569,33.27404,0.16934323,0.0,0.12329732,8.780995,1051.1888,1.9591563,0.33099702,0.2841336,0.046863407,dusuk,Otlak/calilik,low_severity,,0.0,DUSUK
AKD_2021_03,AKD_2021_03_002565,36.23568,33.27682,0.0,0.0,0.22616532,20.11871,1002.74634,1.7144648,0.3541264,0.22186427,0.13226213,dusuk,Otlak/calilik,low_severity,,0.0,DUSUK
AKD_2021_03,AKD_2021_03_002566,36.23567,33.27961,0.060648225,0.0,0.14779887,24.766834,896.95135,1.4715588,0.3367369,0.2569868,0.07975009,dusuk,Otlak/calilik,low_severity,,0.0,DUSUK
AKD_2021_03,AKD_2021_03_002567,36.23567,33.28239,0.04623739,0.0,0.12012642,24.067297,797.4177,1.2314955,0.33675236,0.27972853,0.057023823,dusuk,Otlak/calilik,low_severity,,0.0,DUSUK
AKD_2021_03,AKD_2021_03_002628,36.23355,33.21839,0.05723096,0.11875528,0.2975884,16.126932,314.0,0.90742207,0.30103397,0.17700629,0.124027684,orta-dusuk,Otlak/calilik,low_severity,,0.0,DUSUK
AKD_2021_03,AKD_2021_03_002629,36.23354,33.22117,0.14399363,0.42340875,0.35375926,20.731499,350.8347,1.1478094,0.3377295,0.22971198,0.108017534,orta-dusuk,Otlak/calilik,low_severity,,0.0,DUSUK
AKD_2021_03,AKD_2021_03_002630,36.23354,33.22396,0.46407026,0.1263596,0.30718875,23.657055,415.5244,1.3915883,0.3764937,0.23488833,0.14160536,orta-dusuk,Otlak/calilik,low_severity,,0.0,DUSUK
AKD_2021_03,AKD_2021_03_002631,36.23353,33.22674,0.12930526,0.24390213,0.23662548,18.284082,435.60153,1.6372446,0.3455215,0.26019222,0.085329294,dusuk,Otlak/calilik,low_severity,,0.0,DUSUK
AKD_2021_03,AKD_2021_03_002632,36.23353,33.22952,0.41057062,0.8696663,0.17191255,22.842125,459.40717,1.8840438,0.27559942,0.2645294,0.011070013,dusuk,Agaclik,low_severity,,0.0,DUSUK
AKD_2021_03,AKD_2021_03_002633,36.23352,33.2323,0.5704307,0.5044179,0.14479214,19.775015,474.70773,2.1315892,0.3627794,0.32726347,0.035515934,dusuk,Agaclik,low_severity,,0.0,DUSUK
AKD_2021_03,AKD_2021_03_002634,36.23352,33.23508,0.31021422,0.16819721,0.20773144,18.958698,530.02014,2.379648,0.34563348,0.27741724,0.068216234,dusuk,Otlak/calilik,low_severity,,0.0,DUSUK
AKD_2021_03,AKD_2021_03_002635,36.23351,33.23787,0.4180611,0.5354725,0.22938108,22.239195,619.8496,2.6280746,0.43940994,0.33596388,0.10344607,dusuk,Agaclik,low_severity,,0.0,DUSUK
AKD_2021_03,AKD_2021_03_002639,36.23349,33.24899,0.9398197,1.0,0.24462971,21.496168,994.94867,3.6239457,0.5137647,0.27796745,0.23579723,dusuk,Agaclik,low_severity,,0.0,DUSUK
AKD_2021_03,AKD_2021_03_002640,36.23348,33.25178,0.9574014,1.0,0.22873488,7.1019235,1033.1998,3.7542224,0.44567356,0.26932704,0.17634651,dusuk,Agaclik,low_severity,,0.0,DUSUK
AKD_2021_03,AKD_2021_03_002641,36.23348,33.25456,1.0,1.0,0.36637995,10.057626,1015.2164,3.7040558,0.50963706,0.2051087,0.30452836,orta-dusuk,Agaclik,predicted,0.4114,0.4753,ORTA
AKD_2021_03,AKD_2021_03_002642,36.23347,33.25734,1.0,1.0,0.4241303,23.895607,1038.3451,3.4795165,0.51685244,0.23131874,0.2855337,orta-dusuk,Agaclik,predicted,0.4511,0.7006,YUKSEK
AKD_2021_03,AKD_2021_03_002643,36.23346,33.26012,1.0,1.0,0.34629363,21.128548,1103.9562,3.2339034,0.46794835,0.21293446,0.25501388,orta-dusuk,Agaclik,predicted,0.4295,0.6481,YUKSEK
AKD_2021_03,AKD_2021_03_002644,36.23346,33.26291,0.929545,1.0,0.4727108,10.239708,1134.8269,2.9890177,0.45622072,0.19080389,0.26541683,orta-yuksek,Agaclik,predicted,0.354,0.4207,ORTA
AKD_2021_03,AKD_2021_03_002645,36.23345,33.26569,0.8657838,1.0,0.4502683,10.623793,1114.6614,2.7450545,0.4507536,0.17955908,0.27119452,orta-yuksek,Agaclik,predicted,0.3245,0.3896,ORTA
AKD_2021_03,AKD_2021_03_002646,36.23345,33.26847,0.85216147,1.0,0.3238448,14.303402,1065.645,2.5022829,0.4562822,0.21841116,0.23787104,orta-dusuk,Agaclik,predicted,0.316,0.428,ORTA
AKD_2021_03,AKD_2021_03_002647,36.23344,33.27125,0.49002317,0.6164038,0.31664613,16.580545,1014.2137,2.2610872,0.4225844,0.21574345,0.20684096,orta-dusuk,Agaclik,predicted,0.2555,0.3676,ORTA
AKD_2021_03,AKD_2021_03_002648,36.23343,33.27403,0.103951894,0.0,0.17426723,21.518364,1007.43445,2.0220315,0.32880285,0.24031761,0.08848524,dusuk,Otlak/calilik,low_severity,,0.0,DUSUK
AKD_2021_03,AKD_2021_03_002649,36.23343,33.27682,0.0,0.0,0.23763949,23.581282,957.16284,1.7859751,0.30842698,0.17916298,0.129264,dusuk,Otlak/calilik,low_severity,,0.0,DUSUK
AKD_2021_03,AKD_2021_03_002650,36.23342,33.2796,0.020122793,0.0,0.26747757,20.714355,860.3939,1.5542854,0.32522032,0.17999783,0.14522249,dusuk,Otlak/calilik,low_severity,,0.0,DUSUK
AKD_2021_03,AKD_2021_03_002651,36.23341,33.28238,0.80564123,0.5272175,0.1982344,16.671549,789.3398,1.3292476,0.4087565,0.29217514,0.11658135,dusuk,Agaclik,low_severity,,0.0,DUSUK
AKD_2021_03,AKD_2021_03_002711,36.2313,33.2156,0.7316058,0.68361497,0.19034791,16.645061,336.72083,0.8105082,0.43437234,0.3308418,0.103530526,dusuk,Agaclik,low_severity,,0.0,DUSUK
AKD_2021_03,AKD_2021_03_002712,36.23129,33.21839,0.45160452,0.35210544,0.24866982,15.325232,381.7819,1.0129043,0.35798624,0.22329608,0.13469017,dusuk,Otlak/calilik,low_severity,,0.0,DUSUK
AKD_2021_03,AKD_2021_03_002713,36.23129,33.22117,0.28146076,0.3162542,0.34022063,25.769993,423.76312,1.2328937,0.30981758,0.1829202,0.12689738,orta-dusuk,Otlak/calilik,low_severity,,0.0,DUSUK
AKD_2021_03,AKD_2021_03_002714,36.23128,33.22395,0.47609672,0.18314439,0.32709774,24.284882,513.3955,1.4625589,0.45055515,0.27734017,0.17321497,orta-dusuk,Otlak/calilik,low_severity,,0.0,DUSUK
AKD_2021_03,AKD_2021_03_002715,36.23128,33.22673,0.2642225,0.55631304,0.3517082,21.49796,524.1258,1.6979783,0.38150206,0.23663247,0.1448696,orta-dusuk,Agaclik,low_severity,,0.0,DUSUK
AKD_2021_03,AKD_2021_03_002716,36.23127,33.22951,0.39421535,0.71453595,0.33654985,19.337097,548.4844,1.9370549,0.32830536,0.22947423,0.09883113,orta-dusuk,Agaclik,low_severity,,0.0,DUSUK
AKD_2021_03,AKD_2021_03_002717,36.23127,33.2323,0.7454719,0.0,0.25579867,18.69956,563.0898,2.178585,0.44505376,0.2864424,0.15861136,dusuk,Otlak/calilik,low_severity,,0.0,DUSUK
AKD_2021_03,AKD_2021_03_002718,36.23126,33.23508,0.52226806,0.14093564,0.14337085,21.808887,581.8624,2.421835,0.35307068,0.29819226,0.054878414,dusuk,Otlak/calilik,low_severity,,0.0,DUSUK
AKD_2021_03,AKD_2021_03_002719,36.23126,33.23786,0.7831403,0.7095013,0.16060326,18.578829,607.1611,2.666334,0.44564584,0.33439603,0.111249804,dusuk,Agaclik,low_severity,,0.0,DUSUK
AKD_2021_03,AKD_2021_03_002720,36.23125,33.24064,0.6866269,0.77237713,0.22567126,24.923384,705.00055,2.9117672,0.45258725,0.2805788,0.17200845,dusuk,Agaclik,low_severity,,0.0,DUSUK
AKD_2021_03,AKD_2021_03_002721,36.23125,33.24342,0.64741266,0.5399175,0.2254001,26.335793,795.31464,3.157917,0.45281765,0.28991595,0.1629017,dusuk,Agaclik,low_severity,,0.0,DUSUK
AKD_2021_03,AKD_2021_03_002723,36.23123,33.24899,1.0,1.0,0.3371092,20.171238,977.86945,3.6517863,0.5955507,0.31292048,0.28263023,orta-dusuk,Agaclik,predicted,0.4479,0.6465,YUKSEK
AKD_2021_03,AKD_2021_03_002724,36.23123,33.25177,0.8277313,1.0,0.22461787,11.545928,1027.4666,3.899307,0.53257483,0.33362845,0.19894639,dusuk,Agaclik,low_severity,,0.0,DUSUK
AKD_2021_03,AKD_2021_03_002725,36.23122,33.25455,0.9904681,1.0,0.35788184,12.747311,1050.6945,3.7757459,0.48367667,0.2314237,0.25225297,orta-dusuk,Agaclik,predicted,0.3835,0.4562,ORTA
AKD_2021_03,AKD_2021_03_002726,36.23122,33.25733,0.51817065,0.8910894,0.43093753,16.056654,1090.1031,3.5330374,0.47181803,0.20757739,0.26424062,orta-dusuk,Agaclik,predicted,0.2554,0.2985,ORTA
AKD_2021_03,AKD_2021_03_002727,36.23121,33.26012,0.7191428,0.99232805,0.51782864,9.349411,1119.146,3.2914207,0.454876,0.17784595,0.27703005,orta-yuksek,Agaclik,predicted,0.3192,0.3401,ORTA
AKD_2021_03,AKD_2021_03_002728,36.23121,33.2629,0.92418957,1.0,0.64617556,9.842586,1099.2218,3.0511549,0.5200199,0.16097122,0.35904866,orta-yuksek,Agaclik,predicted,0.4031,0.4921,ORTA
AKD_2021_03,AKD_2021_03_002729,36.2312,33.26568,0.61536336,1.0,0.598585,15.157301,1070.3009,2.8125863,0.47925463,0.15323912,0.32601553,orta-yuksek,Agaclik,predicted,0.3703,0.509,YUKSEK
AKD_2021_03,AKD_2021_03_002730,36.23119,33.26846,0.4232357,0.9223427,0.46081555,19.557657,1021.05945,2.5761867,0.44108367,0.15920454,0.28187913,orta-yuksek,Agaclik,predicted,0.3032,0.4609,ORTA
AKD_2021_03,AKD_2021_03_002731,36.23119,33.27124,0.1822821,0.17250451,0.24574599,24.792648,957.7922,2.3426125,0.35354203,0.21312284,0.14041919,dusuk,Otlak/calilik,low_severity,,0.0,DUSUK
AKD_2021_03,AKD_2021_03_002732,36.23118,33.27403,0.033836856,0.0,0.12020783,30.893547,879.27747,2.1128013,0.28821152,0.24113563,0.047075897,dusuk,Otlak/calilik,low_severity,,0.0,DUSUK
AKD_2021_03,AKD_2021_03_002733,36.23117,33.27681,0.13804334,0.044502024,0.3135605,28.724186,851.98346,1.8881274,0.34330755,0.1632179,0.18008965,orta-dusuk,Otlak/calilik,low_severity,,0.0,DUSUK
AKD_2021_03,AKD_2021_03_002734,36.23117,33.27959,0.76320416,0.6200092,0.32335898,17.486042,812.8566,1.6706649,0.41624975,0.21530943,0.20094033,orta-dusuk,Agaclik,predicted,0.2896,0.4615,ORTA
AKD_2021_03,AKD_2021_03_002735,36.23116,33.28237,0.9422894,0.9798036,0.33319753,18.714321,778.06635,1.4636314,0.49904323,0.30089808,0.19814515,orta-dusuk,Agaclik,low_severity,,0.0,DUSUK
AKD_2021_03,AKD_2021_03_002736,36.23115,33.28515,0.780984,0.9222782,0.41122296,13.688258,736.0739,1.2721293,0.51858926,0.27262652,0.24596274,orta-dusuk,Agaclik,predicted,0.3153,0.4813,ORTA
AKD_2021_03,AKD_2021_03_002737,36.23115,33.28794,0.66262877,0.85715944,0.3748606,18.087254,707.84296,1.1042684,0.46116644,0.27227274,0.1888937,orta-dusuk,Agaclik,low_severity,,0.0,DUSUK
AKD_2021_03,AKD_2021_03_002738,36.23114,33.29072,0.84066296,0.9249529,0.50479746,18.145636,647.5973,0.9723707,0.48986846,0.21370977,0.2761587,orta-yuksek,Agaclik,predicted,0.3326,0.5724,YUKSEK
AKD_2021_03,AKD_2021_03_002739,36.23113,33.2935,0.18955867,0.28249788,0.4021024,16.380806,597.1941,0.8925249,0.4155876,0.18783732,0.22775029,orta-dusuk,Otlak/calilik,predicted,0.2589,0.4388,ORTA
AKD_2021_03,AKD_2021_03_002740,36.23113,33.29628,0.0,0.0,0.3764141,14.27042,567.9845,0.87903166,0.37410352,0.19059128,0.18351224,orta-dusuk,Otlak/calilik,low_severity,,0.0,DUSUK
AKD_2021_03,AKD_2021_03_002741,36.23112,33.29906,0.22160718,0.013449802,0.123808585,12.3492985,504.8414,0.79911983,0.32931584,0.2827926,0.046523243,dusuk,Otlak/calilik,low_severity,,0.0,DUSUK
AKD_2021_03,AKD_2021_03_002793,36.22906,33.21003,0.5308344,0.83292633,0.1674646,21.489998,287.1238,0.78827703,0.45477012,0.35284552,0.1019246,dusuk,Agaclik,low_severity,,0.0,DUSUK
AKD_2021_03,AKD_2021_03_002794,36.22905,33.21282,0.85929525,1.0,0.32343534,15.481002,339.40454,0.86048377,0.55648285,0.27546912,0.28101373,orta-dusuk,Agaclik,predicted,0.3302,0.5451,YUKSEK
AKD_2021_03,AKD_2021_03_002796,36.22904,33.21838,0.5882053,0.72147185,0.2948527,13.214963,421.4551,1.1634154,0.4138519,0.20549934,0.20835255,orta-dusuk,Agaclik,predicted,0.256,0.3863,ORTA
AKD_2021_03,AKD_2021_03_002797,36.22904,33.22116,0.3077812,0.37414277,0.37047285,23.587135,494.28915,1.3592597,0.37679082,0.21976826,0.15702257,orta-dusuk,Agaclik,low_severity,,0.0,DUSUK
AKD_2021_03,AKD_2021_03_002798,36.22903,33.22394,0.6226028,0.5974176,0.3538248,19.778492,596.321,1.5705537,0.4801471,0.25553468,0.22461241,orta-dusuk,Agaclik,predicted,0.2901,0.4922,ORTA
AKD_2021_03,AKD_2021_03_002799,36.22903,33.22673,0.21829505,0.19841987,0.4099999,15.770984,617.3904,1.79184,0.3566031,0.20110542,0.15549767,orta-dusuk,Otlak/calilik,low_severity,,0.0,DUSUK
AKD_2021_03,AKD_2021_03_002800,36.22902,33.22951,0.5314749,0.5225585,0.43912056,9.893833,615.7684,2.0198371,0.33081007,0.19227892,0.13853115,orta-dusuk,Otlak/calilik,low_severity,,0.0,DUSUK
AKD_2021_03,AKD_2021_03_002801,36.22901,33.23229,0.56097054,0.07898255,0.35965273,13.337999,621.5626,2.2525084,0.3993377,0.23317045,0.16616726,orta-dusuk,Otlak/calilik,low_severity,,0.0,DUSUK
AKD_2021_03,AKD_2021_03_002802,36.22901,33.23507,0.06550919,0.5694641,0.35823572,12.804641,658.17053,2.4885428,0.31500256,0.20698312,0.10801944,orta-dusuk,Agaclik,low_severity,,0.0,DUSUK
AKD_2021_03,AKD_2021_03_002803,36.229,33.23785,0.4481288,0.92812634,0.20859912,20.6512,671.4861,2.7270675,0.3199025,0.24409309,0.07580942,dusuk,Agaclik,low_severity,,0.0,DUSUK
AKD_2021_03,AKD_2021_03_002805,36.22899,33.24342,1.0,1.0,0.22330457,35.93901,872.1428,3.2093613,0.49769852,0.34192562,0.1557729,dusuk,Agaclik,low_severity,,0.0,DUSUK
AKD_2021_03,AKD_2021_03_002806,36.22899,33.2462,0.7808845,1.0,0.2772935,22.257393,986.8373,3.452398,0.5281968,0.27390367,0.25429314,orta-dusuk,Agaclik,predicted,0.3278,0.4862,ORTA
AKD_2021_03,AKD_2021_03_002807,36.22898,33.24898,0.61544645,0.70627636,0.21185584,13.536589,1050.9127,3.6963634,0.4443126,0.22309954,0.22121306,dusuk,Agaclik,low_severity,,0.0,DUSUK
AKD_2021_03,AKD_2021_03_002809,36.22897,33.25454,0.50006807,0.6548066,0.20577502,8.404157,1060.8875,3.8414288,0.38423967,0.2541942,0.13004547,dusuk,Agaclik,low_severity,,0.0,DUSUK
AKD_2021_03,AKD_2021_03_002810,36.22896,33.25733,0.060624216,0.3487247,0.2061233,11.105932,1047.55,3.6031475,0.35986206,0.21683323,0.14302883,dusuk,Otlak/calilik,low_severity,,0.0,DUSUK
AKD_2021_03,AKD_2021_03_002811,36.22896,33.26011,0.61910427,0.9835791,0.28490305,11.232014,1076.5342,3.3665662,0.4149614,0.2102974,0.20466399,orta-dusuk,Agaclik,predicted,0.2973,0.3216,ORTA
AKD_2021_03,AKD_2021_03_002812,36.22895,33.26289,0.5535319,1.0,0.5087174,12.547858,1068.1321,3.13207,0.44481388,0.15826085,0.28655303,orta-yuksek,Agaclik,predicted,0.3071,0.3633,ORTA
AKD_2021_03,AKD_2021_03_002813,36.22894,33.26567,0.47709373,1.0,0.39875847,15.639212,1019.4694,2.9001653,0.42727822,0.1786695,0.24860872,orta-dusuk,Agaclik,predicted,0.2906,0.382,ORTA
AKD_2021_03,AKD_2021_03_002814,36.22894,33.26845,0.020944295,0.09857664,0.2691573,22.680101,944.86096,2.6715267,0.33423316,0.16755739,0.16667578,dusuk,Otlak/calilik,low_severity,,0.0,DUSUK
AKD_2021_03,AKD_2021_03_002815,36.22893,33.27124,0.0,0.0,0.24496976,26.204527,859.5996,2.44707,0.32632697,0.19649446,0.1298325,dusuk,Otlak/calilik,low_severity,,0.0,DUSUK
AKD_2021_03,AKD_2021_03_002816,36.22893,33.27402,0.0,0.0,0.27096248,23.134605,765.01886,2.228059,0.32220456,0.1674582,0.15474635,orta-dusuk,Otlak/calilik,low_severity,,0.0,DUSUK
AKD_2021_03,AKD_2021_03_002817,36.22892,33.2768,0.4930859,0.2828302,0.30304334,20.757208,734.1013,2.0162697,0.42240047,0.197625,0.22477548,orta-dusuk,Otlak/calilik,predicted,0.2611,0.4341,ORTA
AKD_2021_03,AKD_2021_03_002818,36.22891,33.27958,0.8678401,0.9083662,0.4392019,20.523941,734.6026,1.8142323,0.5043037,0.21111706,0.29318663,orta-dusuk,Agaclik,predicted,0.3312,0.5542,YUKSEK
AKD_2021_03,AKD_2021_03_002819,36.22891,33.28236,0.60629827,0.6643729,0.42337266,20.885283,687.74316,1.6255876,0.46071896,0.19514352,0.26557544,orta-dusuk,Agaclik,predicted,0.2856,0.4942,ORTA
AKD_2021_03,AKD_2021_03_002820,36.2289,33.28514,0.478551,0.5606848,0.46761158,20.016684,650.0722,1.4555517,0.4614792,0.19094354,0.27053565,orta-yuksek,Agaclik,predicted,0.3038,0.5225,YUKSEK
AKD_2021_03,AKD_2021_03_002821,36.22889,33.28793,0.8516513,1.0,0.6491431,21.179811,630.79034,1.3113835,0.5096711,0.163465,0.3462061,orta-yuksek,Agaclik,predicted,0.376,0.6582,YUKSEK
AKD_2021_03,AKD_2021_03_002822,36.22889,33.29071,0.65317816,0.7485489,0.54814136,16.920013,579.7756,1.2024237,0.4586913,0.16215834,0.29653296,orta-yuksek,Agaclik,predicted,0.3374,0.5553,YUKSEK
AKD_2021_03,AKD_2021_03_002823,36.22888,33.29349,0.043919582,0.013519339,0.4847894,12.181122,543.05145,1.1388234,0.37266052,0.14738953,0.22527099,orta-yuksek,Otlak/calilik,predicted,0.2706,0.3997,ORTA
AKD_2021_03,AKD_2021_03_002824,36.22887,33.29627,0.0022916528,0.0,0.4958336,13.163288,522.43005,1.1282794,0.39105058,0.16399415,0.22705643,orta-yuksek,Otlak/calilik,predicted,0.2346,0.3531,ORTA
AKD_2021_03,AKD_2021_03_002825,36.22887,33.29905,0.1462268,0.0,0.12819658,7.640668,489.02084,1.0120734,0.25951064,0.20322597,0.056284666,dusuk,Otlak/calilik,low_severity,,0.0,DUSUK
AKD_2021_03,AKD_2021_03_002877,36.2268,33.21003,0.7565508,0.9613935,0.24573109,24.336071,347.57083,1.0363113,0.48024085,0.31082195,0.1694189,dusuk,Agaclik,low_severity,,0.0,DUSUK
AKD_2021_03,AKD_2021_03_002878,36.2268,33.21281,0.91249233,1.0,0.32414106,13.563713,386.30615,1.092242,0.5438557,0.27390993,0.2699458,orta-dusuk,Agaclik,predicted,0.3255,0.5052,YUKSEK
AKD_2021_03,AKD_2021_03_002880,36.22679,33.21837,0.6934943,0.93672043,0.39804834,15.918852,461.22885,1.3439107,0.41623607,0.2046079,0.21162817,orta-dusuk,Agaclik,predicted,0.3014,0.4796,ORTA
AKD_2021_03,AKD_2021_03_002881,36.22678,33.22116,0.92104954,0.96375036,0.4458502,19.756119,514.64526,1.5166237,0.4733709,0.24369815,0.22967276,orta-yuksek,Agaclik,predicted,0.3628,0.6113,YUKSEK
AKD_2021_03,AKD_2021_03_002882,36.22678,33.22394,0.2225335,0.6134195,0.44464722,23.582468,621.6742,1.7085664,0.43940717,0.19410214,0.24530503,orta-yuksek,Agaclik,predicted,0.3018,0.5454,YUKSEK
AKD_2021_03,AKD_2021_03_002883,36.22677,33.22672,0.0,0.0,0.38078344,17.29622,670.7883,1.913962,0.2892921,0.15787658,0.13141552,orta-dusuk,Otlak/calilik,low_severity,,0.0,DUSUK
AKD_2021_03,AKD_2021_03_002884,36.22677,33.2295,0.0,0.0,0.4562799,16.553625,655.4602,2.1289206,0.29748914,0.15830638,0.13918276,orta-yuksek,Otlak/calilik,low_severity,,0.0,DUSUK
AKD_2021_03,AKD_2021_03_002885,36.22676,33.23228,0.0,0.3364122,0.38561505,21.366032,685.89966,2.3508198,0.25705945,0.14671475,0.11034471,orta-dusuk,Otlak/calilik,low_severity,,0.0,DUSUK
AKD_2021_03,AKD_2021_03_002886,36.22676,33.23506,0.0,1.0,0.28341246,25.276344,726.86365,2.5778685,0.21147317,0.13219956,0.07927361,orta-dusuk,Agaclik,low_severity,,0.0,DUSUK
AKD_2021_03,AKD_2021_03_002887,36.22675,33.23785,0.049445406,1.0,0.23487999,29.586756,778.52856,2.8088179,0.21262512,0.16942215,0.043202966,dusuk,Agaclik,low_severity,,0.0,DUSUK
AKD_2021_03,AKD_2021_03_002888,36.22674,33.24063,0.7563349,1.0,0.15060465,34.217617,830.19354,3.0427797,0.41175953,0.29580876,0.11595076,dusuk,Agaclik,low_severity,,0.0,DUSUK
AKD_2021_03,AKD_2021_03_002889,36.22674,33.24341,0.8836551,0.95533353,0.2709412,24.667847,959.1556,3.2791097,0.4837662,0.2706193,0.2131469,orta-dusuk,Agaclik,predicted,0.3509,0.5581,YUKSEK
AKD_2021_03,AKD_2021_03_002890,36.22673,33.24619,0.31743646,0.6264518,0.16959667,12.197959,1023.3149,3.5173302,0.39729762,0.23369445,0.16360317,dusuk,Agaclik,low_severity,,0.0,DUSUK
AKD_2021_03,AKD_2021_03_002891,36.22673,33.24897,0.093067296,0.031562462,0.18985116,9.8505745,1071.197,3.7570817,0.31414437,0.2237384,0.09040597,dusuk,Otlak/calilik,low_severity,,0.0,DUSUK
AKD_2021_03,AKD_2021_03_002892,36.22672,33.25176,0.7107903,0.1900183,0.105493024,7.283229,1083.8613,3.9980888,0.47865093,0.370569,0.10808194,dusuk,Otlak/calilik,low_severity,,0.0,DUSUK
AKD_2021_03,AKD_2021_03_002893,36.22672,33.25454,0.5364112,0.8641803,0.23749356,9.187701,1073.3823,3.9219756,0.489628,0.26746833,0.22215965,dusuk,Agaclik,low_severity,,0.0,DUSUK
AKD_2021_03,AKD_2021_03_002894,36.22671,33.25732,0.87629825,0.9760011,0.20937508,7.2052803,1065.4799,3.688901,0.44129348,0.2460025,0.19529098,dusuk,Agaclik,low_severity,,0.0,DUSUK
AKD_2021_03,AKD_2021_03_002895,36.2267,33.2601,1.0,1.0,0.24397434,6.196935,1058.1431,3.4581912,0.43354806,0.22351488,0.21003318,dusuk,Agaclik,low_severity,,0.0,DUSUK
AKD_2021_03,AKD_2021_03_002896,36.2267,33.26288,1.0,1.0,0.38372043,7.672424,1039.2775,3.230353,0.47504038,0.19877712,0.27626324,orta-dusuk,Agaclik,predicted,0.3852,0.4309,ORTA
AKD_2021_03,AKD_2021_03_002897,36.22669,33.26566,0.3420703,1.0,0.29317468,16.143957,997.31024,3.00604,0.39997435,0.18520766,0.21476668,orta-dusuk,Agaclik,predicted,0.2958,0.3905,ORTA
AKD_2021_03,AKD_2021_03_002898,36.22668,33.26845,0.018268071,0.2594752,0.2785132,24.266468,904.3783,2.7861035,0.35412872,0.17217143,0.18195729,orta-dusuk,Otlak/calilik,low_severity,,0.0,DUSUK
AKD_2021_03,AKD_2021_03_002899,36.22668,33.27123,0.017505616,0.091444805,0.3116343,22.492702,809.1661,2.5716665,0.3330806,0.15476274,0.17831784,orta-dusuk,Otlak/calilik,low_severity,,0.0,DUSUK
AKD_2021_03,AKD_2021_03_002900,36.22667,33.27401,0.28666937,0.15840912,0.29979187,21.352005,710.85754,2.364226,0.34089714,0.16910593,0.17179121,orta-dusuk,Otlak/calilik,low_severity,,0.0,DUSUK
AKD_2021_03,AKD_2021_03_002901,36.22667,33.27679,0.85944045,0.23859324,0.40976,17.797998,656.1729,2.1657934,0.47090667,0.18840098,0.2825057,orta-dusuk,Otlak/calilik,predicted,0.2932,0.4461,ORTA
AKD_2021_03,AKD_2021_03_002902,36.22666,33.27957,0.35502198,0.17072542,0.38479546,22.771877,644.897,1.9790798,0.422707,0.1805178,0.2421892,orta-dusuk,Otlak/calilik,predicted,0.2836,0.494,ORTA
AKD_2021_03,AKD_2021_03_002903,36.22665,33.28236,0.31355363,0.0,0.41440398,14.405479,629.9005,1.8077203,0.4024017,0.18284574,0.21955594,orta-dusuk,Otlak/calilik,predicted,0.2811,0.4075,ORTA
AKD_2021_03,AKD_2021_03_002904,36.22665,33.28514,0.6748236,0.32530525,0.58154154,15.822923,606.29443,1.6564869,0.488616,0.19008009,0.29853588,orta-yuksek,Otlak/calilik,predicted,0.3336,0.5148,YUKSEK
AKD_2021_03,AKD_2021_03_002905,36.22664,33.28792,0.9647818,0.87904257,0.6301088,13.2808485,562.62836,1.5313538,0.53422844,0.19022644,0.344002,orta-yuksek,Agaclik,predicted,0.382,0.571,YUKSEK
AKD_2021_03,AKD_2021_03_002906,36.22663,33.2907,0.81122005,0.8646407,0.49424165,9.440871,527.5869,1.4391458,0.46127102,0.19500911,0.2662619,orta-yuksek,Agaclik,predicted,0.3352,0.4587,ORTA
AKD_2021_03,AKD_2021_03_002907,36.22663,33.29348,0.19646737,0.17341506,0.3383029,7.5165377,508.16647,1.3864474,0.34550384,0.20201853,0.14348531,orta-dusuk,Otlak/calilik,low_severity,,0.0,DUSUK
AKD_2021_03,AKD_2021_03_002908,36.22662,33.29626,0.19154593,0.08608538,0.29127404,5.230031,489.25864,1.3237046,0.3032419,0.1835159,0.119726,orta-dusuk,Otlak/calilik,low_severity,,0.0,DUSUK
AKD_2021_03,AKD_2021_03_002909,36.22661,33.29905,0.32149458,0.023971932,0.1245419,3.504613,475.04312,1.0796883,0.23619325,0.19631153,0.03988172,dusuk,Tarim,low_severity,,0.0,DUSUK
AKD_2021_03,AKD_2021_03_002960,36.22455,33.20724,0.027205449,0.0,0.33383125,22.385618,285.78024,0.7804427,0.35353187,0.22684234,0.12668952,orta-dusuk,Otlak/calilik,low_severity,,0.0,DUSUK
AKD_2021_03,AKD_2021_03_002961,36.22455,33.21002,0.71948963,0.87525433,0.3479051,18.822405,390.301,0.9577616,0.46754503,0.2721825,0.19536254,orta-dusuk,Agaclik,low_severity,,0.0,DUSUK
AKD_2021_03,AKD_2021_03_002962,36.22454,33.2128,0.725056,0.9968062,0.2999742,13.837346,427.36548,1.1621203,0.43204463,0.21680841,0.21523622,orta-dusuk,Agaclik,predicted,0.2834,0.4371,ORTA
AKD_2021_03,AKD_2021_03_002964,36.22453,33.21837,1.0,1.0,0.61404943,20.280695,542.5649,1.5439094,0.53031576,0.2649793,0.26533645,orta-yuksek,Agaclik,predicted,0.4688,0.7859,COK_YUKSEK
AKD_2021_03,AKD_2021_03_002965,36.22453,33.22115,1.0,1.0,0.6167127,22.49309,586.73126,1.6963809,0.5527051,0.27248308,0.28022203,orta-yuksek,Agaclik,predicted,0.4576,0.7844,COK_YUKSEK
AKD_2021_03,AKD_2021_03_002966,36.22452,33.22393,0.77319986,0.80232656,0.4740796,26.776134,672.5237,1.8699625,0.47927815,0.21028881,0.26898932,orta-yuksek,Agaclik,predicted,0.3209,0.6028,YUKSEK
AKD_2021_03,AKD_2021_03_002967,36.22452,33.22671,0.327769,0.19348535,0.34154183,20.377619,758.30646,2.059323,0.33914036,0.17596772,0.16317263,orta-dusuk,Otlak/calilik,low_severity,,0.0,DUSUK
AKD_2021_03,AKD_2021_03_002968,36.22451,33.22949,0.16720445,0.014897374,0.2546023,21.954405,769.5169,2.2605004,0.26060498,0.14137867,0.11922631,dusuk,Otlak/calilik,low_severity,,0.0,DUSUK
AKD_2021_03,AKD_2021_03_002969,36.22451,33.23228,0.13791993,0.46422255,0.31111398,23.465824,800.81854,2.4706101,0.26038367,0.13428015,0.12610352,orta-dusuk,Otlak/calilik,low_severity,,0.0,DUSUK
AKD_2021_03,AKD_2021_03_002970,36.2245,33.23506,0.23631017,1.0,0.24330693,29.470919,865.37384,2.6875577,0.2671706,0.18182844,0.08534217,dusuk,Agaclik,low_severity,,0.0,DUSUK
AKD_2021_03,AKD_2021_03_002971,36.2245,33.23784,0.85726684,1.0,0.14142086,26.301313,930.4543,2.9098141,0.43543947,0.41844392,0.01699555,dusuk,Agaclik,low_severity,,0.0,DUSUK
AKD_2021_03,AKD_2021_03_002973,36.22448,33.2434,0.24678598,0.3027525,0.1990084,12.463986,1005.0381,3.3660245,0.37481204,0.2670322,0.10777983,dusuk,Otlak/calilik,low_severity,,0.0,DUSUK
AKD_2021_03,AKD_2021_03_002974,36.22448,33.24618,0.035999592,0.023582187,0.21167573,11.181756,1038.21,3.598496,0.35225278,0.2441931,0.108059675,dusuk,Otlak/calilik,low_severity,,0.0,DUSUK
AKD_2021_03,AKD_2021_03_002975,36.22447,33.24897,0.20634513,0.0,0.24807775,11.845528,1087.1206,3.8331742,0.36757284,0.23474014,0.1328327,dusuk,Otlak/calilik,low_severity,,0.0,DUSUK
AKD_2021_03,AKD_2021_03_002976,36.22447,33.25175,0.5960906,0.0,0.13842833,5.5412316,1098.6819,4.0696774,0.50398266,0.36533535,0.13864732,dusuk,Otlak/calilik,low_severity,,0.0,DUSUK
AKD_2021_03,AKD_2021_03_002978,36.22446,33.25731,0.09267788,0.7313434,0.15781173,13.355171,1036.228,3.7892358,0.38947046,0.26729393,0.12217653,dusuk,Agaclik,low_severity,,0.0,DUSUK
AKD_2021_03,AKD_2021_03_002979,36.22445,33.26009,0.17278294,0.9906088,0.35650158,17.287066,1006.73737,3.565025,0.39820004,0.17545699,0.22274305,orta-dusuk,Agaclik,predicted,0.3205,0.4149,ORTA
AKD_2021_03,AKD_2021_03_002980,36.22444,33.26287,0.21440406,0.5215115,0.33191645,17.588736,999.35315,3.344473,0.36530226,0.1565524,0.20874986,orta-dusuk,Agaclik,predicted,0.2438,0.3059,ORTA
AKD_2021_03,AKD_2021_03_002981,36.22444,33.26566,0.043914918,0.3742904,0.27346525,22.967922,946.49036,3.1283534,0.32735062,0.15076856,0.17658205,orta-dusuk,Otlak/calilik,low_severity,,0.0,DUSUK
AKD_2021_03,AKD_2021_03_002982,36.22443,33.26844,0.14532909,0.020267356,0.30897677,24.98713,848.1875,2.9176517,0.3387969,0.15349701,0.1852999,orta-dusuk,Otlak/calilik,low_severity,,0.0,DUSUK
AKD_2021_03,AKD_2021_03_002983,36.22442,33.27122,0.25064725,0.39704576,0.31912416,19.436016,765.06696,2.71363,0.36196667,0.16906343,0.19290324,orta-dusuk,Otlak/calilik,low_severity,,0.0,DUSUK
AKD_2021_03,AKD_2021_03_002984,36.22442,33.274,0.68403834,0.900405,0.35893244,20.843637,673.09186,2.5179124,0.44993955,0.20314792,0.24679163,orta-dusuk,Agaclik,predicted,0.3209,0.5062,YUKSEK
AKD_2021_03,AKD_2021_03_002985,36.22441,33.27678,0.73876584,0.66807234,0.30931175,11.463631,612.75946,2.3325906,0.46626103,0.2520306,0.21423042,orta-dusuk,Agaclik,predicted,0.3127,0.4002,ORTA
AKD_2021_03,AKD_2021_03_002986,36.22441,33.27957,0.6468984,0.47155395,0.29914337,12.699954,590.4759,2.1603413,0.4430007,0.23290876,0.21009195,orta-dusuk,Otlak/calilik,predicted,0.2762,0.3636,ORTA
AKD_2021_03,AKD_2021_03_002987,36.2244,33.28235,0.040958617,0.0,0.23572499,17.18919,567.36,2.0045376,0.34561694,0.23706493,0.10855201,dusuk,Otlak/calilik,low_severity,,0.0,DUSUK
AKD_2021_03,AKD_2021_03_002988,36.22439,33.28513,0.4290784,0.07737124,0.52123463,15.387219,595.3998,1.8692957,0.46119636,0.19034195,0.2708544,orta-yuksek,Otlak/calilik,predicted,0.2976,0.4416,ORTA
AKD_2021_03,AKD_2021_03_002989,36.22439,33.28791,0.53379697,0.26280716,0.50040853,10.833109,565.04584,1.7593642,0.40724015,0.16586438,0.24137577,orta-yuksek,Otlak/calilik,predicted,0.2874,0.3812,ORTA
AKD_2021_03,AKD_2021_03_002990,36.22438,33.29069,0.7784173,0.82740676,0.51417315,9.449174,535.3214,1.6797198,0.45616597,0.20877674,0.24738923,orta-yuksek,Agaclik,predicted,0.3314,0.4408,ORTA
AKD_2021_03,AKD_2021_03_002991,36.22437,33.29347,0.5807043,0.42419133,0.46764043,9.309079,522.26483,1.547966,0.4256164,0.21517482,0.21044159,orta-yuksek,Otlak/calilik,predicted,0.2667,0.3419,ORTA
AKD_2021_03,AKD_2021_03_002992,36.22437,33.29626,0.06326682,0.26059642,0.28934726,8.262344,488.30402,1.2979722,0.31727684,0.18836246,0.12891437,orta-dusuk,Otlak/calilik,low_severity,,0.0,DUSUK
AKD_2021_03,AKD_2021_03_003043,36.2223,33.20445,0.06132997,0.01964845,0.32267487,13.20161,224.4831,0.43038428,0.38686422,0.25715733,0.12970689,orta-dusuk,Otlak/calilik,low_severity,,0.0,DUSUK
AKD_2021_03,AKD_2021_03_003044,36.2223,33.20723,0.33469436,0.112475745,0.37046903,20.76336,310.85522,0.6069984,0.38939357,0.21094736,0.1784462,orta-dusuk,Otlak/calilik,low_severity,,0.0,DUSUK
AKD_2021_03,AKD_2021_03_003045,36.22229,33.21002,0.25714728,0.2329673,0.33554572,14.7893915,362.33997,0.8225956,0.353745,0.18495946,0.16878556,orta-dusuk,Otlak/calilik,low_severity,,0.0,DUSUK
AKD_2021_03,AKD_2021_03_003046,36.22229,33.2128,0.64413935,0.8917918,0.24385676,22.508696,430.21408,1.0535084,0.41591156,0.26015037,0.15576118,dusuk,Agaclik,low_severity,,0.0,DUSUK
AKD_2021_03,AKD_2021_03_003048,36.22228,33.21836,1.0,1.0,0.49408215,15.7210865,589.88196,1.5333991,0.5171231,0.27229723,0.24482587,orta-yuksek,Agaclik,predicted,0.4595,0.7219,YUKSEK
AKD_2021_03,AKD_2021_03_003049,36.22227,33.22114,1.0,1.0,0.67486596,14.811945,642.21954,1.7775065,0.5103176,0.23249497,0.27782267,yuksek,Agaclik,predicted,0.4687,0.7147,YUKSEK
AKD_2021_03,AKD_2021_03_003050,36.22227,33.22392,1.0,1.0,0.5738199,19.179316,681.02924,2.0230536,0.535811,0.2342431,0.3015679,orta-yuksek,Agaclik,predicted,0.466,0.7456,YUKSEK
AKD_2021_03,AKD_2021_03_003051,36.22226,33.22671,0.6890718,0.9829966,0.5003367,25.819885,716.8229,2.2233694,0.4918959,0.19125654,0.3006394,orta-yuksek,Agaclik,predicted,0.3262,0.5834,YUKSEK
AKD_2021_03,AKD_2021_03_003052,36.22226,33.22949,0.91494125,0.94975543,0.5551509,21.743826,759.44586,2.4108968,0.44750983,0.16011035,0.28739947,orta-yuksek,Agaclik,predicted,0.4142,0.6711,YUKSEK
AKD_2021_03,AKD_2021_03_003053,36.22225,33.23227,0.5741846,0.9558086,0.54783,21.558586,789.22656,2.6089222,0.46840158,0.15980384,0.30859774,orta-yuksek,Agaclik,predicted,0.3363,0.5341,YUKSEK
AKD_2021_03,AKD_2021_03_003054,36.22225,33.23505,0.26409745,0.5058766,0.49143976,26.461834,875.84796,2.815231,0.43246663,0.1623559,0.27011073,orta-yuksek,Otlak/calilik,predicted,0.2986,0.5166,YUKSEK
AKD_2021_03,AKD_2021_03_003055,36.22224,33.23783,0.3606068,0.92812634,0.30397877,24.316122,910.1988,3.028131,0.4414236,0.23955211,0.20187148,orta-dusuk,Agaclik,predicted,0.2952,0.4773,ORTA
AKD_2021_03,AKD_2021_03_003056,36.22224,33.24061,0.8841737,1.0,0.17890418,19.371017,966.6158,3.2463255,0.5017477,0.32131732,0.18043041,dusuk,Agaclik,low_severity,,0.0,DUSUK
AKD_2021_03,AKD_2021_03_003057,36.22223,33.2434,1.0,0.9315567,0.10524306,12.466471,1023.75055,3.4688156,0.504408,0.39226544,0.11214256,dusuk,Agaclik,low_severity,,0.0,DUSUK
AKD_2021_03,AKD_2021_03_003058,36.22223,33.24618,0.18023176,0.18776168,0.29040915,11.643367,1067.3861,3.6948252,0.45981422,0.2669356,0.19287863,orta-dusuk,Otlak/calilik,low_severity,,0.0,DUSUK
AKD_2021_03,AKD_2021_03_003059,36.22222,33.24896,0.25987327,0.0,0.24694708,11.281326,1119.9064,3.923746,0.39296398,0.25089172,0.14207226,dusuk,Otlak/calilik,low_severity,,0.0,DUSUK
AKD_2021_03,AKD_2021_03_003062,36.2222,33.2573,0.0,0.0,0.10257681,14.111227,1016.75616,3.9030278,0.30161285,0.24519753,0.05641532,dusuk,Otlak/calilik,low_severity,,0.0,DUSUK
AKD_2021_03,AKD_2021_03_003063,36.2222,33.26009,0.0,0.0518014,0.2524088,11.723109,957.7248,3.6857457,0.33022803,0.18261704,0.14761099,dusuk,Otlak/calilik,low_severity,,0.0,DUSUK
AKD_2021_03,AKD_2021_03_003064,36.22219,33.26287,0.07627948,0.0019970094,0.30129838,11.713736,932.97736,3.4728687,0.3501211,0.1760591,0.17406201,orta-dusuk,Otlak/calilik,low_severity,,0.0,DUSUK
AKD_2021_03,AKD_2021_03_003065,36.22218,33.26565,0.044364944,0.0,0.32376736,19.145287,879.3732,3.2652586,0.3444326,0.14952609,0.1949065,orta-dusuk,Otlak/calilik,low_severity,,0.0,DUSUK
AKD_2021_03,AKD_2021_03_003066,36.22218,33.26843,0.10405582,0.0,0.27035937,20.707922,792.32623,3.0639858,0.33287612,0.16362731,0.1692488,orta-dusuk,Otlak/calilik,low_severity,,0.0,DUSUK
AKD_2021_03,AKD_2021_03_003067,36.22217,33.27121,0.5227714,0.664694,0.26910615,14.373243,728.00806,2.870384,0.39654645,0.20746896,0.1890775,dusuk,Otlak/calilik,low_severity,,0.0,DUSUK
AKD_2021_03,AKD_2021_03_003068,36.22216,33.27399,1.0,1.0,0.27470902,14.095033,661.78577,2.6861126,0.5085708,0.25034618,0.2582246,orta-dusuk,Agaclik,predicted,0.4587,0.6457,YUKSEK
AKD_2021_03,AKD_2021_03_003069,36.22216,33.27678,0.726765,0.7608339,0.29776847,9.923315,642.9126,2.5132244,0.48197365,0.25679466,0.22517899,orta-dusuk,Agaclik,predicted,0.3012,0.3561,ORTA
AKD_2021_03,AKD_2021_03_003070,36.22215,33.27956,0.057836737,0.115819596,0.2500048,15.826752,606.15753,2.3542287,0.36753976,0.207066,0.16047376,dusuk,Otlak/calilik,low_severity,,0.0,DUSUK
AKD_2021_03,AKD_2021_03_003071,36.22215,33.28234,0.04260401,0.0,0.14529507,13.781569,549.2366,2.2121232,0.3350281,0.26984388,0.065184236,dusuk,Otlak/calilik,low_severity,,0.0,DUSUK
AKD_2021_03,AKD_2021_03_003072,36.22214,33.28512,0.017332379,0.0,0.18964031,13.394195,525.4972,2.0903552,0.3471009,0.2760181,0.0710828,dusuk,Otlak/calilik,low_severity,,0.0,DUSUK
AKD_2021_03,AKD_2021_03_003073,36.22213,33.2879,0.0,0.0045853076,0.30861914,12.164431,518.57806,1.9926566,0.33473432,0.201114,0.13362032,orta-dusuk,Otlak/calilik,low_severity,,0.0,DUSUK
AKD_2021_03,AKD_2021_03_003074,36.22213,33.29068,0.1451224,0.041007034,0.2634907,11.2559185,514.6429,1.8138919,0.30867946,0.19186376,0.1168157,dusuk,Otlak/calilik,low_severity,,0.0,DUSUK
AKD_2021_03,AKD_2021_03_003075,36.22212,33.29347,0.11259905,0.14647241,0.40758607,13.491874,524.45667,1.5664408,0.34329063,0.16929395,0.17399667,orta-dusuk,Otlak/calilik,low_severity,,0.0,DUSUK
AKD_2021_03,AKD_2021_03_003076,36.22211,33.29625,0.23563224,0.30521798,0.28196114,10.357235,482.16602,1.3199506,0.31951976,0.1708858,0.14863396,orta-dusuk,Otlak/calilik,low_severity,,0.0,DUSUK
AKD_2021_03,AKD_2021_03_003127,36.22005,33.20445,0.44945678,0.39125055,0.3578984,14.307793,235.05052,0.26379323,0.39627102,0.22477518,0.17149584,orta-dusuk,Otlak/calilik,low_severity,,0.0,DUSUK
AKD_2021_03,AKD_2021_03_003128,36.22004,33.20723,0.39020026,0.50295883,0.2771169,13.509595,296.8116,0.5027955,0.39033258,0.23448992,0.15584266,orta-dusuk,Otlak/calilik,low_severity,,0.0,DUSUK
AKD_2021_03,AKD_2021_03_003130,36.22004,33.21279,0.27245778,0.20132932,0.30271658,25.888319,423.80283,0.99711394,0.34959036,0.2319276,0.11766276,orta-dusuk,Otlak/calilik,low_severity,,0.0,DUSUK
AKD_2021_03,AKD_2021_03_003131,36.22003,33.21557,1.0,1.0,0.22493258,22.198961,533.71234,1.2459745,0.5571203,0.43399817,0.123122156,dusuk,Agaclik,low_severity,,0.0,DUSUK
AKD_2021_03,AKD_2021_03_003132,36.22003,33.21835,1.0,1.0,0.5874183,14.837632,592.1312,1.4952154,0.50502414,0.21337865,0.29164547,orta-yuksek,Agaclik,predicted,0.4639,0.7213,YUKSEK
AKD_2021_03,AKD_2021_03_003133,36.22002,33.22114,1.0,1.0,0.5875214,17.053286,587.7144,1.7446735,0.53442174,0.21639524,0.31802648,orta-yuksek,Agaclik,predicted,0.467,0.7379,YUKSEK
AKD_2021_03,AKD_2021_03_003134,36.22001,33.22392,0.9511583,1.0,0.49045613,18.881159,594.3399,1.9942672,0.51299787,0.22213717,0.2908607,orta-yuksek,Agaclik,predicted,0.3943,0.6287,YUKSEK
AKD_2021_03,AKD_2021_03_003135,36.22001,33.2267,0.94020504,1.0,0.52715707,21.99156,601.93365,2.2439516,0.5009241,0.19060203,0.31032208,orta-yuksek,Agaclik,predicted,0.3793,0.626,YUKSEK
AKD_2021_03,AKD_2021_03_003136,36.22,33.22948,1.0,1.0,0.70688045,21.802126,644.7468,2.493699,0.57859075,0.18260154,0.3959892,yuksek,Agaclik,predicted,0.4596,0.7405,YUKSEK
AKD_2021_03,AKD_2021_03_003137,36.22,33.23226,0.9126331,1.0,0.5947047,24.150614,698.89606,2.7434926,0.4887979,0.16027816,0.32851976,orta-yuksek,Agaclik,predicted,0.4102,0.6743,YUKSEK
AKD_2021_03,AKD_2021_03_003138,36.21999,33.23504,0.82469773,1.0,0.5767931,24.193722,770.10004,2.9585617,0.49059495,0.17696446,0.3136305,orta-yuksek,Agaclik,predicted,0.3908,0.6329,YUKSEK
AKD_2021_03,AKD_2021_03_003139,36.21999,33.23783,0.33164197,1.0,0.26087248,28.21166,801.29865,3.1618252,0.4524671,0.23169532,0.22077179,dusuk,Agaclik,low_severity,,0.0,DUSUK
AKD_2021_03,AKD_2021_03_003140,36.21998,33.24061,0.58206993,1.0,0.23631284,28.650908,956.13635,3.371378,0.46806476,0.2599959,0.20806885,dusuk,Agaclik,low_severity,,0.0,DUSUK
AKD_2021_03,AKD_2021_03_003141,36.21998,33.24339,0.98478335,0.8779623,0.20860495,15.405334,1029.4805,3.586118,0.49735564,0.2901044,0.20725125,dusuk,Agaclik,low_severity,,0.0,DUSUK
AKD_2021_03,AKD_2021_03_003142,36.21997,33.24617,0.134289,0.5315858,0.26780418,16.700975,1064.6276,3.8051667,0.4694833,0.26194203,0.20754126,dusuk,Otlak/calilik,low_severity,,0.0,DUSUK
AKD_2021_03,AKD_2021_03_003143,36.21997,33.24895,0.50450164,0.0,0.18497978,10.636456,1102.9631,4.0278215,0.43325368,0.2774685,0.15578517,dusuk,Otlak/calilik,low_severity,,0.0,DUSUK
AKD_2021_03,AKD_2021_03_003146,36.21995,33.2573,0.04412961,0.0,0.109044045,15.339413,1007.6558,4.0291367,0.31483972,0.2639538,0.050885916,dusuk,Otlak/calilik,low_severity,,0.0,DUSUK
AKD_2021_03,AKD_2021_03_003147,36.21994,33.26008,0.055913065,0.0,0.29797477,9.776897,950.1756,3.8190365,0.34047565,0.17495017,0.16552548,orta-dusuk,Otlak/calilik,low_severity,,0.0,DUSUK
AKD_2021_03,AKD_2021_03_003148,36.21994,33.26286,0.29153278,0.0,0.32153088,8.124068,920.9694,3.6140192,0.3424156,0.16507328,0.17734233,orta-dusuk,Otlak/calilik,low_severity,,0.0,DUSUK
AKD_2021_03,AKD_2021_03_003149,36.21993,33.26564,0.12132007,0.0,0.2631325,17.369154,871.3984,3.415001,0.34027624,0.1740517,0.16622454,dusuk,Otlak/calilik,low_severity,,0.0,DUSUK
AKD_2021_03,AKD_2021_03_003150,36.21992,33.26842,0.13926283,0.0,0.22725353,18.508654,781.89087,3.2230928,0.3627059,0.2119828,0.15072308,dusuk,Otlak/calilik,low_severity,,0.0,DUSUK
AKD_2021_03,AKD_2021_03_003151,36.21992,33.2712,0.59590137,0.8059869,0.2746997,14.290333,714.1539,3.0396419,0.42830992,0.23555137,0.19275855,orta-dusuk,Agaclik,low_severity,,0.0,DUSUK
AKD_2021_03,AKD_2021_03_003152,36.21991,33.27399,0.5690919,0.87209094,0.26193905,8.513979,670.6918,2.8662727,0.42890927,0.21228965,0.21661963,dusuk,Agaclik,low_severity,,0.0,DUSUK
AKD_2021_03,AKD_2021_03_003153,36.2199,33.27677,0.95918727,0.8434937,0.3087442,17.737652,631.9295,2.704924,0.4604463,0.22552499,0.2349213,orta-dusuk,Agaclik,predicted,0.3339,0.484,ORTA
AKD_2021_03,AKD_2021_03_003154,36.2199,33.27955,0.26924947,0.21218166,0.26201963,14.246304,560.9905,2.5578723,0.3676141,0.21761139,0.1500027,dusuk,Otlak/calilik,low_severity,,0.0,DUSUK
AKD_2021_03,AKD_2021_03_003155,36.21989,33.28233,0.34031397,0.012972428,0.17065601,11.73904,529.1768,2.4277163,0.28605562,0.22085959,0.06519604,dusuk,Otlak/calilik,low_severity,,0.0,DUSUK
AKD_2021_03,AKD_2021_03_003159,36.21986,33.29346,0.59612507,0.01054681,0.1864278,4.764627,476.43045,1.6236608,0.3121461,0.20125386,0.110892236,dusuk,Otlak/calilik,low_severity,,0.0,DUSUK
AKD_2021_03,AKD_2021_03_003160,36.21986,33.29624,0.07777551,0.0,0.19473322,3.166953,467.76343,1.3873743,0.26035058,0.19709802,0.06325257,dusuk,Otlak/calilik,low_severity,,0.0,DUSUK
AKD_2021_03,AKD_2021_03_003210,36.2178,33.20166,0.23275429,0.69012046,0.12304435,17.949745,204.9096,0.1436363,0.25981826,0.254551,0.0052672625,dusuk,Agaclik,low_severity,,0.0,DUSUK
AKD_2021_03,AKD_2021_03_003211,36.2178,33.20444,0.51501524,0.7604035,0.40288633,20.573656,276.53067,0.28096816,0.40417096,0.21424627,0.18992469,orta-dusuk,Agaclik,low_severity,,0.0,DUSUK
AKD_2021_03,AKD_2021_03_003212,36.21779,33.20722,0.5923898,0.9853109,0.35304224,10.855436,307.75803,0.51201516,0.33580387,0.18806885,0.14773501,orta-dusuk,Agaclik,low_severity,,0.0,DUSUK
AKD_2021_03,AKD_2021_03_003214,36.21778,33.21279,0.5735569,0.61317325,0.36475274,24.863092,432.3553,1.0017946,0.43957448,0.25994664,0.17962784,orta-dusuk,Agaclik,low_severity,,0.0,DUSUK
AKD_2021_03,AKD_2021_03_003215,36.21778,33.21557,1.0,1.0,0.41633275,21.086735,487.6053,1.2497236,0.5586578,0.29275322,0.2659046,orta-dusuk,Agaclik,predicted,0.4494,0.7781,COK_YUKSEK
AKD_2021_03,AKD_2021_03_003216,36.21777,33.21835,1.0,1.0,0.6146096,22.855593,505.11478,1.4983408,0.5509869,0.2384701,0.31251678,orta-yuksek,Agaclik,predicted,0.4636,0.8078,COK_YUKSEK
AKD_2021_03,AKD_2021_03_003217,36.21777,33.22113,1.0,1.0,0.57836044,20.100847,509.23087,1.7473527,0.5259477,0.23409995,0.29184774,orta-yuksek,Agaclik,predicted,0.4575,0.7557,COK_YUKSEK
AKD_2021_03,AKD_2021_03_003218,36.21776,33.22391,0.6672459,0.94847345,0.5260863,21.266066,504.1263,1.9966117,0.48054034,0.20047419,0.28006613,orta-yuksek,Agaclik,predicted,0.336,0.5609,YUKSEK
AKD_2021_03,AKD_2021_03_003219,36.21776,33.22669,0.43364263,0.45556173,0.28063098,18.704264,520.4019,2.2460353,0.3207555,0.16746461,0.1532909,orta-dusuk,Agaclik,low_severity,,0.0,DUSUK
AKD_2021_03,AKD_2021_03_003220,36.21775,33.22947,1.0,1.0,0.6459907,18.343256,577.4758,2.4955742,0.53929996,0.17006005,0.36923993,orta-yuksek,Agaclik,predicted,0.468,0.7163,YUKSEK
AKD_2021_03,AKD_2021_03_003221,36.21775,33.23226,1.0,1.0,0.71684885,19.66468,623.8395,2.745197,0.5655347,0.18819012,0.3773446,yuksek,Agaclik,predicted,0.4626,0.7096,YUKSEK
AKD_2021_03,AKD_2021_03_003222,36.21774,33.23504,0.81992626,1.0,0.4961682,23.001356,677.30096,2.994883,0.48926073,0.19323176,0.29602897,orta-yuksek,Agaclik,predicted,0.3655,0.5775,YUKSEK
AKD_2021_03,AKD_2021_03_003223,36.21773,33.23782,0.27079055,1.0,0.18538055,31.045082,771.8048,3.2446172,0.34545228,0.22794627,0.11750601,dusuk,Agaclik,low_severity,,0.0,DUSUK
AKD_2021_03,AKD_2021_03_003224,36.21773,33.2406,0.89542586,1.0,0.15091577,22.99554,930.07214,3.4943893,0.42863485,0.29730237,0.13133249,dusuk,Agaclik,low_severity,,0.0,DUSUK
AKD_2021_03,AKD_2021_03_003225,36.21772,33.24338,0.5865856,1.0,0.23828694,20.789486,948.5978,3.7165577,0.46319115,0.24738762,0.21580353,dusuk,Agaclik,low_severity,,0.0,DUSUK
AKD_2021_03,AKD_2021_03_003226,36.21772,33.24616,0.6611729,0.7916253,0.40178937,25.818903,978.82605,3.9283397,0.51896214,0.23001099,0.28895116,orta-dusuk,Agaclik,predicted,0.3156,0.4817,ORTA
AKD_2021_03,AKD_2021_03_003227,36.21771,33.24894,0.19626996,0.61796945,0.22623065,16.212109,1058.272,4.1443825,0.47630635,0.26064157,0.21566477,dusuk,Agaclik,low_severity,,0.0,DUSUK
AKD_2021_03,AKD_2021_03_003228,36.21771,33.25173,0.0,0.019373197,0.14670196,10.021141,1075.8966,4.364053,0.36542398,0.23484999,0.13057399,dusuk,Otlak/calilik,low_severity,,0.0,DUSUK
AKD_2021_03,AKD_2021_03_003229,36.2177,33.25451,0.0021313888,0.0,0.11642471,13.990746,1045.2296,4.3741474,0.34057078,0.26989588,0.070674896,dusuk,Otlak/calilik,low_severity,,0.0,DUSUK
AKD_2021_03,AKD_2021_03_003230,36.21769,33.25729,0.33925754,0.045167208,0.13103119,11.944951,993.4165,4.166445,0.3213357,0.24099553,0.08034018,dusuk,Otlak/calilik,low_severity,,0.0,DUSUK
AKD_2021_03,AKD_2021_03_003231,36.21769,33.26007,0.2343698,0.067388035,0.28854892,15.750265,938.57764,3.9636292,0.36115348,0.17960328,0.1815502,orta-dusuk,Otlak/calilik,low_severity,,0.0,DUSUK
AKD_2021_03,AKD_2021_03_003232,36.21768,33.26285,0.10961136,0.0,0.3893633,15.652425,888.68,3.7664907,0.3802439,0.16105059,0.21919331,orta-dusuk,Otlak/calilik,predicted,0.2222,0.2293,DUSUK
AKD_2021_03,AKD_2021_03_003233,36.21768,33.26563,0.242647,0.0,0.26368743,18.23503,839.33453,3.5759683,0.33652866,0.17152609,0.16500257,dusuk,Otlak/calilik,low_severity,,0.0,DUSUK
AKD_2021_03,AKD_2021_03_003234,36.21767,33.26842,0.18198538,0.0,0.37139273,18.403294,770.3722,3.3931763,0.38234353,0.1614683,0.22087523,orta-dusuk,Otlak/calilik,predicted,0.2342,0.297,ORTA
AKD_2021_03,AKD_2021_03_003235,36.21766,33.2712,0.29292113,0.46464428,0.3030442,22.611198,693.7833,3.2194316,0.37182587,0.17302614,0.19879973,orta-dusuk,Otlak/calilik,low_severity,,0.0,DUSUK
AKD_2021_03,AKD_2021_03_003236,36.21766,33.27398,0.79421276,1.0,0.30231172,16.162163,623.2501,3.0562782,0.47454423,0.22698294,0.24756129,orta-dusuk,Agaclik,predicted,0.3246,0.4345,ORTA
AKD_2021_03,AKD_2021_03_003237,36.21765,33.27676,0.78455454,1.0,0.27218235,15.997818,581.7725,2.9055004,0.42992628,0.23426118,0.19566509,orta-dusuk,Agaclik,low_severity,,0.0,DUSUK
AKD_2021_03,AKD_2021_03_003238,36.21764,33.27954,0.15368517,0.34080788,0.29185402,11.191699,545.32385,2.7691205,0.36165705,0.22142442,0.14023264,orta-dusuk,Otlak/calilik,low_severity,,0.0,DUSUK
AKD_2021_03,AKD_2021_03_003239,36.21764,33.28232,0.7755084,0.35563833,0.33570915,15.740142,573.90497,2.649363,0.41008043,0.26813808,0.14194235,orta-dusuk,Otlak/calilik,low_severity,,0.0,DUSUK
AKD_2021_03,AKD_2021_03_003240,36.21763,33.2851,0.5585433,0.6910806,0.29694232,16.349432,552.3319,2.4141693,0.4337765,0.28292283,0.15085366,orta-dusuk,Agaclik,low_severity,,0.0,DUSUK
AKD_2021_03,AKD_2021_03_003241,36.21762,33.28789,0.50510925,0.19207045,0.28314984,7.6354284,506.11368,2.1775553,0.40426415,0.26048604,0.14377812,orta-dusuk,Otlak/calilik,low_severity,,0.0,DUSUK
AKD_2021_03,AKD_2021_03_003242,36.21762,33.29067,0.5938735,0.2669429,0.12267898,4.943857,489.32587,1.9442941,0.31771052,0.2514137,0.066296816,dusuk,Otlak/calilik,low_severity,,0.0,DUSUK
AKD_2021_03,AKD_2021_03_003244,36.2176,33.29623,0.060800087,0.2576265,0.103440404,11.666983,490.30035,1.4941036,0.27384055,0.24284025,0.031000301,dusuk,Otlak/calilik,low_severity,,0.0,DUSUK
AKD_2021_03,AKD_2021_03_003245,36.2176,33.29901,0.006926047,0.5076745,0.1177226,15.854886,489.8774,1.2829179,0.24878019,0.21954721,0.029232979,dusuk,Otlak/calilik,low_severity,,0.0,DUSUK
AKD_2021_03,AKD_2021_03_003246,36.21759,33.30179,0.2954392,0.50319725,0.14345989,9.668096,470.56686,1.0883065,0.2621109,0.2416685,0.020442396,dusuk,Otlak/calilik,low_severity,,0.0,DUSUK
AKD_2021_03,AKD_2021_03_003294,36.21555,33.20165,0.115131594,1.0,0.28989023,18.304447,234.22635,0.29503372,0.29321188,0.26385614,0.029355735,orta-dusuk,Agaclik,low_severity,,0.0,DUSUK
AKD_2021_03,AKD_2021_03_003295,36.21554,33.20444,0.9230418,1.0,0.45111793,15.365305,319.91275,0.4618434,0.34878063,0.16328743,0.1854932,orta-yuksek,Agaclik,low_severity,,0.0,DUSUK
AKD_2021_03,AKD_2021_03_003296,36.21554,33.20722,0.33053732,0.53450596,0.288323,9.205911,328.3849,0.629695,0.27890486,0.16603869,0.11286616,orta-dusuk,Agaclik,low_severity,,0.0,DUSUK
AKD_2021_03,AKD_2021_03_003297,36.21553,33.21,0.03946509,0.0003714869,0.33630204,15.86175,298.4363,0.8394833,0.28683048,0.14109203,0.14573845,orta-dusuk,Otlak/calilik,low_severity,,0.0,DUSUK
AKD_2021_03,AKD_2021_03_003299,36.21552,33.21556,1.0,1.0,0.30521384,19.91686,387.3881,1.302369,0.49883735,0.27364355,0.2251938,orta-dusuk,Agaclik,predicted,0.456,0.7734,COK_YUKSEK
AKD_2021_03,AKD_2021_03_003300,36.21552,33.21834,1.0,1.0,0.30663228,19.501688,412.211,1.5425243,0.49344757,0.2870723,0.20637527,orta-dusuk,Agaclik,predicted,0.4613,0.7654,COK_YUKSEK
AKD_2021_03,AKD_2021_03_003301,36.21551,33.22112,1.0,1.0,0.43355796,18.214619,417.5255,1.7853845,0.4921065,0.24007419,0.2520323,orta-dusuk,Agaclik,predicted,0.4623,0.741,YUKSEK
AKD_2021_03,AKD_2021_03_003302,36.21551,33.22391,0.46249744,0.70642924,0.31997216,15.278304,421.62024,2.029979,0.34426928,0.16632183,0.17794745,orta-dusuk,Agaclik,low_severity,,0.0,DUSUK
AKD_2021_03,AKD_2021_03_003303,36.2155,33.22669,0.17541587,0.08313598,0.14210257,15.557465,468.47562,2.2757485,0.20968407,0.14702952,0.062654555,dusuk,Otlak/calilik,low_severity,,0.0,DUSUK
AKD_2021_03,AKD_2021_03_003304,36.2155,33.22947,0.44607452,0.38403,0.37953827,14.865313,516.6616,2.5223496,0.37468842,0.16548565,0.20920277,orta-dusuk,Agaclik,predicted,0.2656,0.3522,ORTA
AKD_2021_03,AKD_2021_03_003305,36.21549,33.23225,0.97644705,1.0,0.4982412,16.166851,556.77826,2.76956,0.49174672,0.21162945,0.28011727,orta-yuksek,Agaclik,predicted,0.4087,0.5838,YUKSEK
AKD_2021_03,AKD_2021_03_003306,36.21549,33.23503,1.0,1.0,0.6338864,25.833858,639.7855,3.0172305,0.5543548,0.2156933,0.3386615,orta-yuksek,Agaclik,predicted,0.4589,0.7572,COK_YUKSEK
AKD_2021_03,AKD_2021_03_003307,36.21548,33.23781,0.18913263,1.0,0.32296014,31.10497,772.9364,3.265256,0.43303227,0.20699695,0.22603533,orta-dusuk,Agaclik,predicted,0.2916,0.5335,YUKSEK
AKD_2021_03,AKD_2021_03_003308,36.21547,33.24059,0.7585656,1.0,0.21396577,19.403414,886.496,3.5135612,0.43329978,0.22477481,0.20852497,dusuk,Agaclik,low_severity,,0.0,DUSUK
AKD_2021_03,AKD_2021_03_003309,36.21547,33.24337,0.17530578,1.0,0.15352526,15.92052,865.78735,3.7620912,0.28165853,0.18947726,0.092181265,dusuk,Agaclik,low_severity,,0.0,DUSUK
AKD_2021_03,AKD_2021_03_003310,36.21546,33.24616,0.7094734,0.9640884,0.19357154,24.394554,925.5886,4.0108037,0.45609358,0.2777353,0.17835829,dusuk,Agaclik,low_severity,,0.0,DUSUK
AKD_2021_03,AKD_2021_03_003311,36.21546,33.24894,0.62776816,0.55511457,0.21447325,16.253967,1035.607,4.259667,0.4432391,0.27245975,0.17077935,dusuk,Agaclik,low_severity,,0.0,DUSUK
AKD_2021_03,AKD_2021_03_003312,36.21545,33.25172,0.5127886,0.5303225,0.17593843,9.380271,1043.7784,4.4858127,0.4260684,0.2895017,0.1365667,dusuk,Agaclik,low_severity,,0.0,DUSUK
AKD_2021_03,AKD_2021_03_003313,36.21545,33.2545,0.45044792,0.257637,0.10869885,9.936761,1007.5597,4.514807,0.3682599,0.30193266,0.066327244,dusuk,Otlak/calilik,low_severity,,0.0,DUSUK
AKD_2021_03,AKD_2021_03_003314,36.21544,33.25728,0.6095835,0.573397,0.17069817,11.889726,979.8177,4.3138824,0.36057413,0.23500204,0.12557209,dusuk,Otlak/calilik,low_severity,,0.0,DUSUK
AKD_2021_03,AKD_2021_03_003315,36.21543,33.26006,0.2621632,0.4177747,0.2940091,21.119257,913.56195,4.118334,0.38375366,0.18341121,0.20034245,orta-dusuk,Otlak/calilik,predicted,0.2739,0.3542,ORTA
AKD_2021_03,AKD_2021_03_003316,36.21543,33.26284,0.1590693,0.0,0.11108186,16.982533,835.8087,3.9289656,0.2801956,0.21299313,0.067202464,dusuk,Otlak/calilik,low_severity,,0.0,DUSUK
AKD_2021_03,AKD_2021_03_003317,36.21542,33.26563,0.4002738,0.0,0.16216464,19.72459,773.6501,3.746714,0.33401883,0.22504875,0.108970076,dusuk,Otlak/calilik,low_severity,,0.0,DUSUK
AKD_2021_03,AKD_2021_03_003318,36.21542,33.26841,0.3817457,0.17918025,0.2949208,21.100538,701.5409,3.5726688,0.4017907,0.19968082,0.20210989,orta-dusuk,Otlak/calilik,predicted,0.2763,0.385,ORTA
AKD_2021_03,AKD_2021_03_003319,36.21541,33.27119,0.55325377,0.8025094,0.23693112,16.342682,633.03436,3.4080873,0.40762085,0.21742724,0.19019361,dusuk,Agaclik,low_severity,,0.0,DUSUK
AKD_2021_03,AKD_2021_03_003320,36.2154,33.27397,0.92965347,1.0,0.19949201,18.334146,624.29407,3.2544055,0.46699256,0.22462429,0.24236827,dusuk,Agaclik,low_severity,,0.0,DUSUK
AKD_2021_03,AKD_2021_03_003321,36.2154,33.27675,0.90429133,0.9825516,0.23874514,23.622011,650.8763,3.1132379,0.51009005,0.2615557,0.24853435,dusuk,Agaclik,low_severity,,0.0,DUSUK
AKD_2021_03,AKD_2021_03_003322,36.21539,33.27953,0.121502556,0.12021931,0.3358767,18.199148,611.43964,2.967943,0.3894743,0.21445921,0.17501509,orta-dusuk,Otlak/calilik,low_severity,,0.0,DUSUK
AKD_2021_03,AKD_2021_03_003323,36.21538,33.28231,0.673459,0.6238096,0.37660325,10.788103,610.794,2.733536,0.42992508,0.21993648,0.20998861,orta-dusuk,Agaclik,predicted,0.3227,0.389,ORTA
AKD_2021_03,AKD_2021_03_003324,36.21538,33.2851,0.46823752,0.21455553,0.25803527,15.464219,551.53015,2.5021493,0.3870684,0.24361798,0.14345041,dusuk,Otlak/calilik,low_severity,,0.0,DUSUK
AKD_2021_03,AKD_2021_03_003325,36.21537,33.28788,0.8397925,0.71295834,0.18483281,9.392262,517.88873,2.2747054,0.4159939,0.2741906,0.1418033,dusuk,Agaclik,low_severity,,0.0,DUSUK
AKD_2021_03,AKD_2021_03_003326,36.21536,33.29066,0.6418492,0.78535086,0.25956482,8.218518,518.82513,2.0525148,0.38477343,0.2538402,0.13093323,dusuk,Agaclik,low_severity,,0.0,DUSUK
AKD_2021_03,AKD_2021_03_003327,36.21536,33.29344,0.06929131,0.6190247,0.3644659,16.021753,535.7704,1.8374848,0.3236456,0.18340525,0.14024034,orta-dusuk,Agaclik,low_severity,,0.0,DUSUK
AKD_2021_03,AKD_2021_03_003328,36.21535,33.29622,0.36058646,0.56827027,0.2373461,22.593204,576.66394,1.632447,0.33855888,0.21921372,0.11934516,dusuk,Agaclik,low_severity,,0.0,DUSUK
AKD_2021_03,AKD_2021_03_003329,36.21534,33.299,0.49372274,1.0,0.26485032,24.558754,600.6022,1.4416713,0.38218158,0.22633618,0.1558454,dusuk,Agaclik,low_severity,,0.0,DUSUK
AKD_2021_03,AKD_2021_03_003330,36.21534,33.30178,0.31843105,0.94081956,0.19378583,23.917946,538.89667,1.2715931,0.34997773,0.24616778,0.10380995,dusuk,Agaclik,low_severity,,0.0,DUSUK
AKD_2021_03,AKD_2021_03_003378,36.21329,33.20165,0.19896519,1.0,0.30501276,15.096521,252.24904,0.5204741,0.3558173,0.22148843,0.13432886,orta-dusuk,Agaclik,low_severity,,0.0,DUSUK
AKD_2021_03,AKD_2021_03_003379,36.21329,33.20443,0.5261154,0.892568,0.35064816,16.848707,327.98474,0.64596665,0.31247437,0.22170928,0.09076509,orta-dusuk,Agaclik,low_severity,,0.0,DUSUK
AKD_2021_03,AKD_2021_03_003380,36.21328,33.20721,0.07319212,0.080464296,0.4761657,16.58978,314.83743,0.8098593,0.4070376,0.18012786,0.22690973,orta-yuksek,Otlak/calilik,predicted,0.2681,0.46,ORTA
AKD_2021_03,AKD_2021_03_003381,36.21328,33.20999,0.082395464,0.0,0.19622588,12.789267,250.63925,0.98188007,0.23308262,0.14753711,0.08554551,dusuk,Otlak/calilik,low_severity,,0.0,DUSUK
AKD_2021_03,AKD_2021_03_003383,36.21327,33.21555,0.33694768,0.6953083,0.11034396,17.767426,309.0625,1.3983996,0.38216788,0.34053576,0.041632116,dusuk,Agaclik,low_severity,,0.0,DUSUK
AKD_2021_03,AKD_2021_03_003384,36.21326,33.21834,1.0,1.0,0.2143502,20.925085,340.0157,1.6244192,0.4686876,0.27755648,0.19113111,dusuk,Agaclik,low_severity,,0.0,DUSUK
AKD_2021_03,AKD_2021_03_003385,36.21326,33.22112,0.9878107,0.98860806,0.23001334,17.593763,338.7824,1.8565974,0.46388602,0.2772669,0.18661913,dusuk,Agaclik,low_severity,,0.0,DUSUK
AKD_2021_03,AKD_2021_03_003386,36.21325,33.2239,0.14498924,0.21722403,0.10426259,14.764173,378.93304,2.0928857,0.25258735,0.19728032,0.05530703,dusuk,Otlak/calilik,low_severity,,0.0,DUSUK
AKD_2021_03,AKD_2021_03_003387,36.21325,33.22668,0.5343969,0.4798108,0.15447327,13.152012,430.9318,2.332035,0.27853143,0.17080635,0.107725084,dusuk,Otlak/calilik,low_severity,,0.0,DUSUK
AKD_2021_03,AKD_2021_03_003388,36.21324,33.22946,0.93103945,0.86810803,0.30271414,12.447239,481.95,2.5732477,0.3920698,0.21184972,0.18022007,orta-dusuk,Agaclik,low_severity,,0.0,DUSUK
AKD_2021_03,AKD_2021_03_003389,36.21324,33.23224,0.99127424,0.95809054,0.29480773,14.487787,533.6503,2.8159935,0.36442378,0.21359736,0.15082642,orta-dusuk,Agaclik,low_severity,,0.0,DUSUK
AKD_2021_03,AKD_2021_03_003390,36.21323,33.23502,0.85170925,0.91239727,0.53996336,24.994396,611.9996,3.059908,0.5108289,0.21560946,0.29521945,orta-yuksek,Agaclik,predicted,0.3572,0.5826,YUKSEK
AKD_2021_03,AKD_2021_03_003391,36.21323,33.23781,0.26167277,0.6314733,0.39990222,30.49779,733.05865,3.3047318,0.4214567,0.18543258,0.23602411,orta-dusuk,Agaclik,predicted,0.2825,0.5104,YUKSEK
AKD_2021_03,AKD_2021_03_003392,36.21322,33.24059,0.025828801,0.471313,0.3568871,29.143402,785.3586,3.5502772,0.3870292,0.17459428,0.21243492,orta-dusuk,Agaclik,predicted,0.2539,0.4375,ORTA
AKD_2021_03,AKD_2021_03_003393,36.21322,33.24337,0.36614966,1.0,0.19441415,19.15025,826.78644,3.7964044,0.30052415,0.20303254,0.09749161,dusuk,Agaclik,low_severity,,0.0,DUSUK
AKD_2021_03,AKD_2021_03_003394,36.21321,33.24615,0.48353595,0.72809196,0.2404865,28.338408,941.50946,4.0430064,0.49963108,0.28360027,0.2160308,dusuk,Agaclik,low_severity,,0.0,DUSUK
AKD_2021_03,AKD_2021_03_003395,36.2132,33.24893,0.1384636,0.0012055672,0.29374456,12.843888,1039.7,4.2900023,0.31554443,0.19766892,0.1178755,orta-dusuk,Otlak/calilik,low_severity,,0.0,DUSUK
AKD_2021_03,AKD_2021_03_003396,36.2132,33.25171,0.29294026,0.45955643,0.25848442,10.03899,1016.7685,4.537327,0.3328811,0.19879374,0.13408735,dusuk,Otlak/calilik,low_severity,,0.0,DUSUK
AKD_2021_03,AKD_2021_03_003397,36.21319,33.25449,0.5357718,0.60857207,0.22981107,11.292354,978.66534,4.664633,0.37284335,0.2867571,0.08608624,dusuk,Agaclik,low_severity,,0.0,DUSUK
AKD_2021_03,AKD_2021_03_003398,36.21319,33.25727,0.5680722,0.9215575,0.24392182,17.422499,938.675,4.470447,0.43690497,0.26879004,0.16811493,dusuk,Agaclik,low_severity,,0.0,DUSUK
AKD_2021_03,AKD_2021_03_003399,36.21318,33.26006,0.0,0.41883904,0.19761464,19.431692,860.5999,4.282055,0.3591475,0.23566753,0.12347996,dusuk,Agaclik,low_severity,,0.0,DUSUK
AKD_2021_03,AKD_2021_03_003400,36.21317,33.26284,0.06968116,0.05590342,0.13475302,15.053792,803.62915,4.1002545,0.28402358,0.23424129,0.04978229,dusuk,Otlak/calilik,low_severity,,0.0,DUSUK
AKD_2021_03,AKD_2021_03_003401,36.21317,33.26562,0.5398781,0.07140219,0.2843085,15.914288,758.986,3.925963,0.41291186,0.23237118,0.18054068,orta-dusuk,Otlak/calilik,low_severity,,0.0,DUSUK
AKD_2021_03,AKD_2021_03_003402,36.21316,33.2684,0.959226,0.9228611,0.2534353,16.520832,677.51556,3.7602234,0.4665842,0.23262566,0.23395854,dusuk,Agaclik,low_severity,,0.0,DUSUK
AKD_2021_03,AKD_2021_03_003403,36.21316,33.27118,1.0,1.0,0.14006902,15.493566,659.558,3.6042166,0.47423172,0.3015199,0.17271182,dusuk,Agaclik,low_severity,,0.0,DUSUK
AKD_2021_03,AKD_2021_03_003404,36.21315,33.27396,0.8807445,1.0,0.16789138,24.467844,712.93665,3.459259,0.4666109,0.23955129,0.22705962,dusuk,Agaclik,low_severity,,0.0,DUSUK
AKD_2021_03,AKD_2021_03_003405,36.21314,33.27674,0.8164625,0.99973315,0.26409805,20.924166,734.1603,3.2905457,0.47926542,0.24327604,0.23598938,dusuk,Agaclik,low_severity,,0.0,DUSUK
AKD_2021_03,AKD_2021_03_003406,36.21314,33.27953,0.8200648,0.7621239,0.33008853,16.670895,666.1347,3.0604286,0.45266992,0.23594338,0.21672654,orta-dusuk,Agaclik,predicted,0.3232,0.4376,ORTA
AKD_2021_03,AKD_2021_03_003407,36.21313,33.28231,0.27042812,0.0040508225,0.23736443,13.4667635,625.83887,2.8336825,0.39388168,0.23814526,0.15573642,dusuk,Otlak/calilik,low_severity,,0.0,DUSUK
AKD_2021_03,AKD_2021_03_003408,36.21312,33.28509,0.91087776,0.5652961,0.22450203,11.73849,572.04285,2.6111856,0.44451335,0.28175992,0.16275343,dusuk,Agaclik,low_severity,,0.0,DUSUK
AKD_2021_03,AKD_2021_03_003409,36.21312,33.28787,0.8886869,1.0,0.2421563,13.8460865,572.5141,2.3941224,0.4849118,0.31095368,0.17395812,dusuk,Agaclik,low_severity,,0.0,DUSUK
AKD_2021_03,AKD_2021_03_003410,36.21311,33.29065,0.25983727,0.16503051,0.3578139,15.950902,563.8742,2.1841142,0.38829172,0.2280851,0.16020662,orta-dusuk,Otlak/calilik,low_severity,,0.0,DUSUK
AKD_2021_03,AKD_2021_03_003411,36.2131,33.29343,0.4533926,0.17989813,0.23412806,23.122366,611.424,1.9834032,0.36335692,0.24072453,0.122632384,dusuk,Otlak/calilik,low_severity,,0.0,DUSUK
AKD_2021_03,AKD_2021_03_003412,36.2131,33.29621,0.624069,0.8676242,0.23477027,20.761095,666.02875,1.7951103,0.43010095,0.24987772,0.18022323,dusuk,Agaclik,low_severity,,0.0,DUSUK
AKD_2021_03,AKD_2021_03_003413,36.21309,33.29899,0.43945116,0.96725196,0.3226029,16.47099,673.18756,1.6235621,0.43561754,0.2010031,0.23461443,orta-dusuk,Agaclik,predicted,0.2971,0.4648,ORTA
AKD_2021_03,AKD_2021_03_003414,36.21308,33.30178,0.07984914,0.90887195,0.33643544,23.907679,582.11115,1.4746141,0.36389202,0.18502207,0.17886995,orta-dusuk,Agaclik,low_severity,,0.0,DUSUK
AKD_2021_03,AKD_2021_03_003462,36.21104,33.20164,0.9030246,1.0,0.27866527,16.42438,309.35925,0.49837536,0.4850619,0.29541448,0.18964744,orta-dusuk,Agaclik,low_severity,,0.0,DUSUK
AKD_2021_03,AKD_2021_03_003463,36.21103,33.20442,0.50269824,0.7844604,0.28270683,15.022472,369.41586,0.74004954,0.3849768,0.3086285,0.076348305,orta-dusuk,Agaclik,low_severity,,0.0,DUSUK
AKD_2021_03,AKD_2021_03_003464,36.21103,33.2072,0.20094612,0.0,0.47380897,21.884264,314.73346,0.9858847,0.37437028,0.14614713,0.22822315,orta-yuksek,Otlak/calilik,predicted,0.2342,0.4543,ORTA
AKD_2021_03,AKD_2021_03_003465,36.21102,33.20999,0.00070946227,0.0,0.24700223,13.842237,228.27095,1.1612256,0.22690886,0.12452764,0.10238122,dusuk,Otlak/calilik,low_severity,,0.0,DUSUK
AKD_2021_03,AKD_2021_03_003471,36.21099,33.22667,0.99046755,1.0,0.2246031,14.731529,409.87762,2.413036,0.4637283,0.263965,0.1997633,dusuk,Agaclik,low_severity,,0.0,DUSUK
AKD_2021_03,AKD_2021_03_003472,36.21099,33.22945,1.0,1.0,0.27387682,14.910241,452.2346,2.6468773,0.46424103,0.2541647,0.21007633,orta-dusuk,Agaclik,predicted,0.4206,0.5953,YUKSEK
AKD_2021_03,AKD_2021_03_003473,36.21098,33.23224,1.0,1.0,0.38722393,15.617235,485.81808,2.8834312,0.42736262,0.2456005,0.18176211,orta-dusuk,Agaclik,low_severity,,0.0,DUSUK
AKD_2021_03,AKD_2021_03_003474,36.21098,33.23502,0.9113372,0.890319,0.52644837,21.71595,538.68274,3.1220815,0.5280728,0.23512888,0.2929439,orta-yuksek,Agaclik,predicted,0.3908,0.5979,YUKSEK
AKD_2021_03,AKD_2021_03_003475,36.21097,33.2378,0.34762353,0.20509188,0.3501916,26.23647,614.176,3.3623815,0.4379601,0.23319015,0.20476994,orta-dusuk,Otlak/calilik,predicted,0.2796,0.4565,ORTA
AKD_2021_03,AKD_2021_03_003476,36.21097,33.24058,0.56727064,0.75374585,0.28280398,28.536253,694.5022,3.6040013,0.42162764,0.25393143,0.16769621,orta-dusuk,Agaclik,low_severity,,0.0,DUSUK
AKD_2021_03,AKD_2021_03_003477,36.21096,33.24336,0.31834495,1.0,0.20617862,22.132597,812.68774,3.8466923,0.32772332,0.21603653,0.111686796,dusuk,Agaclik,low_severity,,0.0,DUSUK
AKD_2021_03,AKD_2021_03_003478,36.21096,33.24614,0.6421877,0.79151815,0.27094224,24.805433,916.4307,4.090264,0.4781726,0.27268296,0.20548964,orta-dusuk,Agaclik,predicted,0.3075,0.4496,ORTA
AKD_2021_03,AKD_2021_03_003479,36.21095,33.24892,0.009240329,0.001559818,0.23954765,20.6688,995.022,4.3345675,0.32875243,0.1950157,0.13373673,dusuk,Otlak/calilik,low_severity,,0.0,DUSUK
AKD_2021_03,AKD_2021_03_003480,36.21094,33.2517,0.0,0.0,0.3580322,6.684559,1016.0041,4.579486,0.24856237,0.13563272,0.11292964,orta-dusuk,Otlak/calilik,low_severity,,0.0,DUSUK
AKD_2021_03,AKD_2021_03_003481,36.21094,33.25449,0.0,0.0,0.33599162,15.419574,967.9638,4.5763006,0.26444045,0.13435793,0.13008252,orta-dusuk,Otlak/calilik,low_severity,,0.0,DUSUK
AKD_2021_03,AKD_2021_03_003482,36.21093,33.25727,0.20488082,0.3280552,0.29029208,15.837179,898.6612,4.4140973,0.34231427,0.17545208,0.16686219,orta-dusuk,Otlak/calilik,low_severity,,0.0,DUSUK
AKD_2021_03,AKD_2021_03_003483,36.21093,33.26005,0.18832496,0.39991355,0.19514513,15.614104,841.1436,4.260397,0.32892248,0.21557924,0.11334324,dusuk,Otlak/calilik,low_severity,,0.0,DUSUK
AKD_2021_03,AKD_2021_03_003484,36.21092,33.26283,0.8217814,0.78346497,0.21500133,15.19215,783.0894,4.106214,0.43129033,0.2716692,0.15962112,dusuk,Agaclik,low_severity,,0.0,DUSUK
AKD_2021_03,AKD_2021_03_003485,36.21091,33.26561,0.9987293,1.0,0.35329077,13.627836,736.55396,3.9192255,0.54498863,0.25166318,0.29332545,orta-dusuk,Agaclik,predicted,0.4548,0.5731,YUKSEK
AKD_2021_03,AKD_2021_03_003486,36.21091,33.26839,0.93635255,1.0,0.24101372,15.29997,703.2361,3.739607,0.50809526,0.27095246,0.2371428,dusuk,Agaclik,low_severity,,0.0,DUSUK
AKD_2021_03,AKD_2021_03_003487,36.2109,33.27117,1.0,1.0,0.26340058,23.562506,744.29333,3.5684724,0.5228432,0.26951304,0.25333014,dusuk,Agaclik,low_severity,,0.0,DUSUK
AKD_2021_03,AKD_2021_03_003488,36.2109,33.27395,0.9972296,1.0,0.23159316,25.213034,810.0544,3.4071,0.5174185,0.19325943,0.3241591,dusuk,Agaclik,low_severity,,0.0,DUSUK
AKD_2021_03,AKD_2021_03_003489,36.21089,33.27674,0.8765695,1.0,0.25388342,21.083782,801.40204,3.2569408,0.45438957,0.23877373,0.21561584,dusuk,Agaclik,low_severity,,0.0,DUSUK
AKD_2021_03,AKD_2021_03_003490,36.21088,33.27952,0.99917513,1.0,0.3128418,20.32928,731.2757,3.1196148,0.51161677,0.25917238,0.2524444,orta-dusuk,Agaclik,predicted,0.453,0.6828,YUKSEK
AKD_2021_03,AKD_2021_03_003491,36.21088,33.2823,0.9969689,0.98542845,0.26392007,19.757442,667.76276,2.9516597,0.51993454,0.31574827,0.20418626,dusuk,Agaclik,low_severity,,0.0,DUSUK
AKD_2021_03,AKD_2021_03_003492,36.21087,33.28508,0.914252,0.9546171,0.2986855,13.698075,620.2182,2.7387638,0.5288731,0.28213274,0.24674034,orta-dusuk,Agaclik,predicted,0.3303,0.4326,ORTA
AKD_2021_03,AKD_2021_03_003493,36.21086,33.28786,0.33694538,0.5582244,0.34816802,9.735977,613.9528,2.5326588,0.4134233,0.22142808,0.19199522,orta-dusuk,Agaclik,low_severity,,0.0,DUSUK
AKD_2021_03,AKD_2021_03_003494,36.21086,33.29064,0.39500153,0.23801851,0.27927065,20.069025,636.5887,2.335143,0.35268545,0.24105503,0.111630425,orta-dusuk,Otlak/calilik,low_severity,,0.0,DUSUK
AKD_2021_03,AKD_2021_03_003495,36.21085,33.29342,0.93182087,0.9627703,0.25938067,12.763465,681.60846,2.148587,0.44511017,0.25547326,0.18963692,dusuk,Agaclik,low_severity,,0.0,DUSUK
AKD_2021_03,AKD_2021_03_003496,36.21084,33.2962,0.87866527,1.0,0.29752675,10.03008,726.0955,1.9760969,0.4401461,0.22650802,0.21363807,orta-dusuk,Agaclik,predicted,0.3805,0.5112,YUKSEK
AKD_2021_03,AKD_2021_03_003497,36.21084,33.29899,0.8112702,1.0,0.27108037,15.169148,721.6593,1.8216728,0.480757,0.21359268,0.26716432,orta-dusuk,Agaclik,predicted,0.3187,0.4755,ORTA
AKD_2021_03,AKD_2021_03_003498,36.21083,33.30177,0.49412572,1.0,0.24375436,28.105856,627.8338,1.6902735,0.415734,0.20720845,0.20852554,dusuk,Agaclik,low_severity,,0.0,DUSUK
AKD_2021_03,AKD_2021_03_003502,36.2108,33.31289,0.3961,0.69200593,0.14074634,14.387342,616.06,1.0455956,0.40703523,0.33833477,0.06870046,dusuk,Agaclik,low_severity,,0.0,DUSUK
AKD_2021_03,AKD_2021_03_003503,36.21079,33.31567,0.76633745,1.0,0.11974162,21.113588,555.8758,0.89733183,0.4540439,0.3989879,0.055056006,dusuk,Agaclik,low_severity,,0.0,DUSUK
AKD_2021_03,AKD_2021_03_003546,36.20878,33.20164,0.9809309,1.0,0.11915217,13.97295,310.95044,0.48298386,0.48440534,0.4826991,0.0017062426,dusuk,Agaclik,low_severity,,0.0,DUSUK
AKD_2021_03,AKD_2021_03_003547,36.20878,33.20442,0.85622406,0.9502106,0.23155925,18.973337,350.01813,0.72977304,0.47852963,0.3472963,0.13123333,dusuk,Agaclik,low_severity,,0.0,DUSUK
AKD_2021_03,AKD_2021_03_003548,36.20878,33.2072,0.3499637,0.53926855,0.29917222,25.286814,296.8754,0.9781943,0.34304035,0.15968317,0.18335718,orta-dusuk,Agaclik,low_severity,,0.0,DUSUK
AKD_2021_03,AKD_2021_03_003556,36.20873,33.22945,1.0,1.0,0.12837106,15.965781,421.9157,2.7108145,0.5053206,0.4268577,0.0784629,dusuk,Agaclik,low_severity,,0.0,DUSUK
AKD_2021_03,AKD_2021_03_003557,36.20873,33.23223,0.85640806,0.9754166,0.17564724,15.717839,468.5362,2.937607,0.47355384,0.3148399,0.15871394,dusuk,Agaclik,low_severity,,0.0,DUSUK
AKD_2021_03,AKD_2021_03_003558,36.20872,33.23501,0.91657704,0.88880587,0.21420738,18.156061,524.05365,3.1678944,0.4751901,0.310358,0.16483212,dusuk,Agaclik,low_severity,,0.0,DUSUK
AKD_2021_03,AKD_2021_03_003559,36.20872,33.23779,0.87058735,0.9968399,0.27477854,26.369745,597.2135,3.4009666,0.48714125,0.2911644,0.19597685,orta-dusuk,Agaclik,low_severity,,0.0,DUSUK
AKD_2021_03,AKD_2021_03_003560,36.20871,33.24057,0.93933177,0.98942024,0.22391216,23.777615,717.2283,3.6362884,0.48240155,0.29432046,0.18808109,dusuk,Agaclik,low_severity,,0.0,DUSUK
AKD_2021_03,AKD_2021_03_003561,36.20871,33.24335,0.73048383,1.0,0.27999532,21.197645,779.8822,3.8734498,0.47268596,0.24273434,0.22995162,orta-dusuk,Agaclik,predicted,0.3063,0.4192,ORTA
AKD_2021_03,AKD_2021_03_003562,36.2087,33.24614,0.3250135,0.7051575,0.2782345,23.208519,843.2116,4.1121325,0.4210856,0.22427131,0.19681428,orta-dusuk,Agaclik,low_severity,,0.0,DUSUK
AKD_2021_03,AKD_2021_03_003563,36.2087,33.24892,0.30359724,0.4388338,0.18462649,26.52379,942.56537,4.352086,0.37669224,0.24561206,0.13108018,dusuk,Otlak/calilik,low_severity,,0.0,DUSUK
AKD_2021_03,AKD_2021_03_003564,36.20869,33.2517,0.0068343454,0.021005332,0.37776726,9.6925745,1004.8599,4.5693173,0.29898518,0.1729991,0.12598608,orta-dusuk,Otlak/calilik,low_severity,,0.0,DUSUK
AKD_2021_03,AKD_2021_03_003565,36.20868,33.25448,0.00015530773,0.0,0.3127701,10.369151,967.2341,4.3926516,0.27451557,0.15534599,0.11916958,orta-dusuk,Otlak/calilik,low_severity,,0.0,DUSUK
AKD_2021_03,AKD_2021_03_003566,36.20868,33.25726,0.06066397,0.0055136634,0.30075055,14.886762,943.48486,4.2234006,0.28922176,0.15734288,0.13187888,orta-dusuk,Otlak/calilik,low_severity,,0.0,DUSUK
AKD_2021_03,AKD_2021_03_003567,36.20867,33.26004,0.2716403,0.4277675,0.2527266,18.311495,894.3989,4.062492,0.32262057,0.17941754,0.14320303,dusuk,Otlak/calilik,low_severity,,0.0,DUSUK
AKD_2021_03,AKD_2021_03_003568,36.20867,33.26282,0.94422734,0.9915289,0.25288543,16.88874,836.3654,3.9109547,0.5132053,0.24143419,0.2717711,dusuk,Agaclik,low_severity,,0.0,DUSUK
AKD_2021_03,AKD_2021_03_003569,36.20866,33.2656,1.0,1.0,0.3249163,16.485199,770.9352,3.7538984,0.5742251,0.26012406,0.31410107,orta-dusuk,Agaclik,predicted,0.4543,0.6116,YUKSEK
AKD_2021_03,AKD_2021_03_003570,36.20865,33.26838,1.0,1.0,0.26590335,20.811916,769.317,3.5659623,0.526695,0.2965847,0.23011032,dusuk,Agaclik,low_severity,,0.0,DUSUK
AKD_2021_03,AKD_2021_03_003571,36.20865,33.27117,0.97123176,0.9899202,0.36985064,29.710432,842.0696,3.3860629,0.51992804,0.2335208,0.28640723,orta-dusuk,Agaclik,predicted,0.4107,0.7036,YUKSEK
AKD_2021_03,AKD_2021_03_003572,36.20864,33.27395,0.4500547,0.6037457,0.28567934,20.143744,918.33655,3.215549,0.37009716,0.16141152,0.20868564,orta-dusuk,Agaclik,predicted,0.2694,0.3812,ORTA
AKD_2021_03,AKD_2021_03_003573,36.20863,33.27673,0.51727206,0.94485253,0.24873511,22.118736,880.31067,3.0559921,0.3907531,0.21023181,0.18052128,dusuk,Agaclik,low_severity,,0.0,DUSUK
AKD_2021_03,AKD_2021_03_003574,36.20863,33.27951,0.9218619,1.0,0.32756487,22.712732,792.9834,2.9091961,0.51015306,0.22060758,0.28954548,orta-dusuk,Agaclik,predicted,0.3863,0.612,YUKSEK
AKD_2021_03,AKD_2021_03_003575,36.20862,33.28229,0.7063592,1.0,0.35839406,18.99089,728.69885,2.777185,0.5127278,0.26108205,0.25164574,orta-dusuk,Agaclik,predicted,0.3119,0.4587,ORTA
AKD_2021_03,AKD_2021_03_003576,36.20862,33.28507,0.9393311,1.0,0.26770902,17.61382,676.35223,2.662159,0.5431323,0.2822191,0.2609132,dusuk,Agaclik,low_severity,,0.0,DUSUK
AKD_2021_03,AKD_2021_03_003577,36.20861,33.28785,0.36263922,0.30044088,0.32388565,16.961853,661.5276,2.550304,0.38767815,0.21955803,0.16812012,orta-dusuk,Agaclik,low_severity,,0.0,DUSUK
AKD_2021_03,AKD_2021_03_003578,36.2086,33.29063,0.76953214,0.80807924,0.2765652,12.90297,688.2595,2.43692,0.44003886,0.3022893,0.13774955,orta-dusuk,Agaclik,low_severity,,0.0,DUSUK
AKD_2021_03,AKD_2021_03_003579,36.2086,33.29341,0.98979753,1.0,0.25375292,14.486062,720.6485,2.3289406,0.47647,0.24369076,0.23277923,dusuk,Agaclik,low_severity,,0.0,DUSUK
AKD_2021_03,AKD_2021_03_003580,36.20859,33.2962,1.0,1.0,0.34950468,11.028135,751.9797,2.1708286,0.47897208,0.23128551,0.24768656,orta-dusuk,Agaclik,predicted,0.4421,0.6113,YUKSEK
AKD_2021_03,AKD_2021_03_003581,36.20858,33.29898,0.94608355,1.0,0.32234228,9.738376,761.4152,2.031263,0.46697083,0.2119192,0.2550516,orta-dusuk,Agaclik,predicted,0.3988,0.5347,YUKSEK
AKD_2021_03,AKD_2021_03_003582,36.20857,33.30176,0.5019805,1.0,0.26026088,25.861683,683.28186,1.9143047,0.42645058,0.21892273,0.20752785,dusuk,Agaclik,low_severity,,0.0,DUSUK
AKD_2021_03,AKD_2021_03_003583,36.20857,33.30454,0.98211217,1.0,0.11135015,15.542438,586.98535,1.7770227,0.47565585,0.3773111,0.09834474,dusuk,Agaclik,low_severity,,0.0,DUSUK
AKD_2021_03,AKD_2021_03_003585,36.20855,33.3101,0.4253759,0.5522413,0.2090166,11.082927,628.167,1.398813,0.3892706,0.32377556,0.065495044,dusuk,Agaclik,low_severity,,0.0,DUSUK
AKD_2021_03,AKD_2021_03_003586,36.20855,33.31288,0.35688117,0.619054,0.15511337,21.827225,590.4427,1.2424217,0.40985188,0.33836496,0.07148692,dusuk,Otlak/calilik,low_severity,,0.0,DUSUK
AKD_2021_03,AKD_2021_03_003631,36.20653,33.20441,0.9044629,1.0,0.18001103,13.980394,272.8143,0.79841405,0.47303414,0.33779505,0.1352391,dusuk,Agaclik,low_severity,,0.0,DUSUK
AKD_2021_03,AKD_2021_03_003632,36.20652,33.20719,0.9327208,1.0,0.34879604,20.842062,261.36972,1.0083506,0.503708,0.240803,0.262905,orta-dusuk,Agaclik,predicted,0.3747,0.6675,YUKSEK
AKD_2021_03,AKD_2021_03_003639,36.20649,33.22666,0.95821196,1.0,0.14478564,19.709597,420.26138,2.3793728,0.5351144,0.4344242,0.100690216,dusuk,Agaclik,low_severity,,0.0,DUSUK
AKD_2021_03,AKD_2021_03_003640,36.20648,33.22944,0.9751894,0.9969395,0.21972683,17.715025,488.34802,2.6110218,0.54074025,0.3336686,0.20707166,dusuk,Agaclik,low_severity,,0.0,DUSUK
AKD_2021_03,AKD_2021_03_003641,36.20648,33.23222,0.29978883,0.65255594,0.10782572,15.300553,528.2213,2.8457782,0.30962968,0.20956677,0.10006291,dusuk,Agaclik,low_severity,,0.0,DUSUK
AKD_2021_03,AKD_2021_03_003642,36.20647,33.235,0.6892738,0.7466657,0.13590734,20.772238,590.79004,3.0829325,0.35131377,0.25145936,0.09985441,dusuk,Agaclik,low_severity,,0.0,DUSUK
AKD_2021_03,AKD_2021_03_003643,36.20646,33.23778,0.7669847,0.8811141,0.4055647,23.933262,670.3506,3.3219712,0.5110512,0.24895497,0.26209623,orta-dusuk,Agaclik,predicted,0.3214,0.5006,YUKSEK
AKD_2021_03,AKD_2021_03_003644,36.20646,33.24057,0.46566588,0.6957211,0.2745146,20.498564,690.5872,3.562515,0.42293084,0.22745761,0.19547322,orta-dusuk,Agaclik,low_severity,,0.0,DUSUK
AKD_2021_03,AKD_2021_03_003645,36.20645,33.24335,0.7506503,1.0,0.27965456,21.047842,690.31464,3.8042781,0.48650056,0.2481152,0.23838536,orta-dusuk,Agaclik,predicted,0.3174,0.4389,ORTA
AKD_2021_03,AKD_2021_03_003646,36.20645,33.24613,0.158058,0.51581633,0.12524065,29.83419,797.4928,4.0470424,0.35379946,0.2468484,0.10695106,dusuk,Agaclik,low_severity,,0.0,DUSUK
AKD_2021_03,AKD_2021_03_003647,36.20644,33.24891,0.3710687,0.8634591,0.17863044,23.51253,926.8154,4.2906375,0.44047067,0.3009748,0.13949588,dusuk,Agaclik,low_severity,,0.0,DUSUK
AKD_2021_03,AKD_2021_03_003648,36.20644,33.25169,0.5075396,0.5336926,0.28745943,15.489617,955.52625,4.399604,0.41260844,0.23436427,0.17824417,orta-dusuk,Agaclik,low_severity,,0.0,DUSUK
AKD_2021_03,AKD_2021_03_003649,36.20643,33.25447,0.19947043,0.36566877,0.2828154,9.12447,954.2852,4.215832,0.32008085,0.1921246,0.12795624,orta-dusuk,Otlak/calilik,low_severity,,0.0,DUSUK
AKD_2021_03,AKD_2021_03_003650,36.20642,33.25725,0.6368979,0.55007213,0.3500293,10.0111685,968.50104,4.0391793,0.35630357,0.1865107,0.16979288,orta-dusuk,Agaclik,low_severity,,0.0,DUSUK
AKD_2021_03,AKD_2021_03_003651,36.20642,33.26003,0.80607265,1.0,0.27543843,14.738032,932.76166,3.8706195,0.43234396,0.20253694,0.22980702,orta-dusuk,Agaclik,predicted,0.3211,0.3729,ORTA
AKD_2021_03,AKD_2021_03_003652,36.20641,33.26281,0.85493386,1.0,0.1561359,16.147842,862.11084,3.7112563,0.4458661,0.29656076,0.14930534,dusuk,Agaclik,low_severity,,0.0,DUSUK
AKD_2021_03,AKD_2021_03_003653,36.20641,33.2656,0.69572234,1.0,0.20941772,14.213809,810.77655,3.5623236,0.500988,0.31206304,0.18892497,dusuk,Agaclik,low_severity,,0.0,DUSUK
AKD_2021_03,AKD_2021_03_003654,36.2064,33.26838,0.90947485,1.0,0.27227455,27.691097,854.5631,3.4018395,0.51441365,0.2775361,0.23687756,orta-dusuk,Agaclik,predicted,0.3904,0.6483,YUKSEK
AKD_2021_03,AKD_2021_03_003655,36.20639,33.27116,0.4043733,0.46795073,0.38008064,20.538052,946.01495,3.212763,0.40032032,0.17014478,0.23017554,orta-dusuk,Otlak/calilik,predicted,0.2519,0.3575,ORTA
AKD_2021_03,AKD_2021_03_003656,36.20639,33.27394,0.14928602,0.15557519,0.2923905,12.170664,926.345,3.0325203,0.35649168,0.15601502,0.20047666,orta-dusuk,Otlak/calilik,predicted,0.2261,0.2341,DUSUK
AKD_2021_03,AKD_2021_03_003657,36.20638,33.27672,0.1401733,1.0,0.28460807,10.702771,891.62146,2.8627808,0.40070236,0.19272348,0.20797887,orta-dusuk,Agaclik,predicted,0.3147,0.3689,ORTA
AKD_2021_03,AKD_2021_03_003658,36.20637,33.2795,0.7899886,1.0,0.25591457,13.048673,853.1752,2.7055216,0.46639505,0.22821532,0.23817973,dusuk,Agaclik,low_severity,,0.0,DUSUK
AKD_2021_03,AKD_2021_03_003659,36.20637,33.28228,0.70492315,1.0,0.22436109,17.994242,795.68677,2.5630414,0.4713531,0.2688033,0.20254982,dusuk,Agaclik,low_severity,,0.0,DUSUK
AKD_2021_03,AKD_2021_03_003660,36.20636,33.28506,0.85661983,0.9902273,0.1947129,14.274264,759.1697,2.4379325,0.47156614,0.25660723,0.2149589,dusuk,Agaclik,low_severity,,0.0,DUSUK
AKD_2021_03,AKD_2021_03_003661,36.20635,33.28784,0.7950871,1.0,0.22493869,17.712437,744.3263,2.3329914,0.4437177,0.23275304,0.21096465,dusuk,Agaclik,low_severity,,0.0,DUSUK
AKD_2021_03,AKD_2021_03_003662,36.20635,33.29063,0.89204353,1.0,0.21010578,17.936605,741.6422,2.2116227,0.44916296,0.24170062,0.20746234,dusuk,Agaclik,low_severity,,0.0,DUSUK
AKD_2021_03,AKD_2021_03_003663,36.20634,33.29341,1.0,1.0,0.31842452,19.90819,793.4926,2.1096928,0.52925587,0.24948038,0.2797755,orta-dusuk,Agaclik,predicted,0.456,0.7332,YUKSEK
AKD_2021_03,AKD_2021_03_003664,36.20633,33.29619,1.0,1.0,0.42481717,15.315717,804.85284,2.0335517,0.49324775,0.20956905,0.2836787,orta-dusuk,Agaclik,predicted,0.4584,0.6909,YUKSEK
AKD_2021_03,AKD_2021_03_003665,36.20633,33.29897,0.9856397,1.0,0.36505812,12.505377,758.34125,1.9861676,0.5034298,0.22921744,0.27421233,orta-dusuk,Agaclik,predicted,0.3809,0.5383,YUKSEK
AKD_2021_03,AKD_2021_03_003666,36.20632,33.30175,0.47223255,1.0,0.32578775,22.82331,679.80023,1.9696168,0.46442235,0.22208616,0.24233618,orta-dusuk,Agaclik,predicted,0.2855,0.4981,ORTA
AKD_2021_03,AKD_2021_03_003667,36.20631,33.30453,0.66541207,0.7747741,0.21228738,9.590794,615.5345,1.9321364,0.39308345,0.31085035,0.0822331,dusuk,Agaclik,low_severity,,0.0,DUSUK
AKD_2021_03,AKD_2021_03_003668,36.20631,33.30731,0.04843958,0.20453262,0.33956453,7.8775654,616.6964,1.7521659,0.29408544,0.20567903,0.088406414,orta-dusuk,Otlak/calilik,low_severity,,0.0,DUSUK
AKD_2021_03,AKD_2021_03_003669,36.2063,33.31009,0.004226655,0.0071580345,0.37129867,18.728825,579.7566,1.5912321,0.28488633,0.15178217,0.13310416,orta-dusuk,Otlak/calilik,low_severity,,0.0,DUSUK
AKD_2021_03,AKD_2021_03_003670,36.20629,33.31287,0.55416197,0.6451813,0.20110798,20.35773,532.8151,1.4556626,0.40291184,0.30766892,0.09524292,dusuk,Agaclik,low_severity,,0.0,DUSUK
AKD_2021_03,AKD_2021_03_003715,36.20427,33.20441,1.0,1.0,0.16291362,14.711808,246.91998,0.67606604,0.4920311,0.35311234,0.13891876,dusuk,Agaclik,low_severity,,0.0,DUSUK
AKD_2021_03,AKD_2021_03_003716,36.20427,33.20719,0.9393288,1.0,0.14478573,19.948395,211.4832,0.81436855,0.44638264,0.37820965,0.06817299,dusuk,Agaclik,low_severity,,0.0,DUSUK
AKD_2021_03,AKD_2021_03_003721,36.20424,33.22109,1.0,1.0,0.10948846,18.565073,432.9526,1.8216186,0.52941096,0.4502983,0.07911265,dusuk,Agaclik,low_severity,,0.0,DUSUK
AKD_2021_03,AKD_2021_03_003722,36.20424,33.22387,1.0,1.0,0.12052828,14.270219,451.76468,2.0553136,0.5455303,0.46881384,0.07671648,dusuk,Agaclik,low_severity,,0.0,DUSUK
AKD_2021_03,AKD_2021_03_003723,36.20423,33.22665,0.87865704,1.0,0.20656069,14.197359,484.26187,2.2924514,0.5292404,0.30671012,0.2225303,dusuk,Agaclik,low_severity,,0.0,DUSUK
AKD_2021_03,AKD_2021_03_003728,36.20421,33.24056,0.7157815,1.0,0.12260145,18.545229,595.42535,3.5050578,0.44818473,0.34644306,0.10174167,dusuk,Agaclik,low_severity,,0.0,DUSUK
AKD_2021_03,AKD_2021_03_003729,36.2042,33.24334,0.8150474,1.0,0.14016643,19.769445,649.0176,3.7505267,0.48484844,0.3163119,0.16853654,dusuk,Agaclik,low_severity,,0.0,DUSUK
AKD_2021_03,AKD_2021_03_003731,36.20419,33.2489,0.576106,0.9486776,0.12324664,24.290697,853.1348,4.243052,0.44103938,0.3428691,0.09817028,dusuk,Agaclik,low_severity,,0.0,DUSUK
AKD_2021_03,AKD_2021_03_003732,36.20418,33.25168,0.8683459,0.9956365,0.17455764,20.53441,874.48846,4.2378497,0.45013845,0.2929972,0.15714124,dusuk,Agaclik,low_severity,,0.0,DUSUK
AKD_2021_03,AKD_2021_03_003733,36.20418,33.25446,0.72634465,0.97464895,0.22530542,22.956652,878.94934,4.046739,0.46117896,0.28867048,0.17250848,dusuk,Agaclik,low_severity,,0.0,DUSUK
AKD_2021_03,AKD_2021_03_003734,36.20417,33.25725,0.8647887,0.9898269,0.24058962,21.326784,901.8621,3.86236,0.47045487,0.27997965,0.19047523,dusuk,Agaclik,low_severity,,0.0,DUSUK
AKD_2021_03,AKD_2021_03_003735,36.20416,33.26003,0.6260234,0.75886697,0.27324107,15.523726,907.55634,3.6857228,0.39287853,0.21515264,0.1777259,orta-dusuk,Agaclik,low_severity,,0.0,DUSUK
AKD_2021_03,AKD_2021_03_003736,36.20416,33.26281,0.701846,0.9208609,0.24115776,13.58353,898.81354,3.5179937,0.4322494,0.26946288,0.16278651,dusuk,Agaclik,low_severity,,0.0,DUSUK
AKD_2021_03,AKD_2021_03_003737,36.20415,33.26559,0.94490653,1.0,0.15572996,21.175877,877.1423,3.3605068,0.46700364,0.2929848,0.17401883,dusuk,Agaclik,low_severity,,0.0,DUSUK
AKD_2021_03,AKD_2021_03_003738,36.20415,33.26837,0.76137716,0.87816477,0.27874675,19.28531,925.33685,3.214768,0.4367423,0.23648167,0.20026064,orta-dusuk,Agaclik,predicted,0.3029,0.4257,ORTA
AKD_2021_03,AKD_2021_03_003739,36.20414,33.27115,0.037325863,0.07738604,0.27827698,12.830589,962.75183,3.0501266,0.34065285,0.1591652,0.18148765,orta-dusuk,Otlak/calilik,low_severity,,0.0,DUSUK
AKD_2021_03,AKD_2021_03_003740,36.20413,33.27393,0.67724055,0.73241705,0.2536912,10.852172,906.14923,2.8596513,0.3916844,0.19449243,0.19719198,dusuk,Agaclik,low_severity,,0.0,DUSUK
AKD_2021_03,AKD_2021_03_003741,36.20413,33.27671,0.77386004,1.0,0.24774027,9.113212,874.7368,2.678981,0.43584794,0.22506186,0.21078607,dusuk,Agaclik,low_severity,,0.0,DUSUK
AKD_2021_03,AKD_2021_03_003742,36.20412,33.27949,1.0,1.0,0.2697399,8.088012,839.43384,2.5102336,0.48993722,0.22883248,0.26110473,dusuk,Agaclik,low_severity,,0.0,DUSUK
AKD_2021_03,AKD_2021_03_003743,36.20411,33.28227,0.8434644,0.80719453,0.1532999,8.845093,805.26636,2.3559725,0.46332863,0.28114092,0.1821877,dusuk,Agaclik,low_severity,,0.0,DUSUK
AKD_2021_03,AKD_2021_03_003745,36.2041,33.28784,0.96359295,1.0,0.19340253,10.014543,802.0382,2.103396,0.4663021,0.28680715,0.17949495,dusuk,Agaclik,low_severity,,0.0,DUSUK
AKD_2021_03,AKD_2021_03_003746,36.20409,33.29062,0.92680764,1.0,0.25768015,16.57736,816.9893,1.9922277,0.49645612,0.24799967,0.24845645,dusuk,Agaclik,low_severity,,0.0,DUSUK
AKD_2021_03,AKD_2021_03_003747,36.20409,33.2934,1.0,1.0,0.41847318,10.650759,856.60156,1.8784302,0.5276326,0.23681165,0.29082096,orta-dusuk,Agaclik,predicted,0.437,0.6135,YUKSEK
AKD_2021_03,AKD_2021_03_003748,36.20408,33.29618,0.9441599,1.0,0.3925255,13.745581,839.8224,1.7924924,0.4947949,0.21364465,0.28115025,orta-dusuk,Agaclik,predicted,0.3699,0.5437,YUKSEK
AKD_2021_03,AKD_2021_03_003749,36.20407,33.29896,0.59477854,1.0,0.38824335,25.017605,751.8753,1.7385504,0.47132906,0.19854581,0.27278325,orta-dusuk,Agaclik,predicted,0.2867,0.5353,YUKSEK
AKD_2021_03,AKD_2021_03_003750,36.20407,33.30174,0.540509,1.0,0.3671715,20.738102,637.32654,1.7196181,0.41798186,0.176474,0.24150786,orta-dusuk,Agaclik,predicted,0.2928,0.4995,ORTA
AKD_2021_03,AKD_2021_03_003751,36.20406,33.30452,0.0,0.23995681,0.30909246,12.361941,582.42194,1.7295021,0.23731028,0.13106579,0.10624449,orta-dusuk,Otlak/calilik,low_severity,,0.0,DUSUK
AKD_2021_03,AKD_2021_03_003752,36.20405,33.3073,0.0,0.0,0.3087303,17.29823,591.01385,1.7589252,0.27512586,0.15617707,0.11894879,orta-dusuk,Otlak/calilik,low_severity,,0.0,DUSUK
AKD_2021_03,AKD_2021_03_003753,36.20405,33.31008,0.26719683,0.4930348,0.23518027,20.395802,531.26965,1.7978768,0.36063534,0.2462149,0.114420444,dusuk,Otlak/calilik,low_severity,,0.0,DUSUK
AKD_2021_03,AKD_2021_03_003807,36.20198,33.22665,1.0,1.0,0.1255017,14.633289,458.21353,2.230303,0.46198368,0.36707672,0.094906956,dusuk,Agaclik,low_severity,,0.0,DUSUK
AKD_2021_03,AKD_2021_03_003813,36.20195,33.24333,0.8786531,1.0,0.1685576,21.392588,710.0525,3.7128654,0.5206771,0.31994903,0.20072806,dusuk,Agaclik,low_severity,,0.0,DUSUK
AKD_2021_03,AKD_2021_03_003817,36.20192,33.25446,0.16079727,0.40918997,0.13559192,21.077826,775.13727,3.8863807,0.31252843,0.24104661,0.071481824,dusuk,Agaclik,low_severity,,0.0,DUSUK
AKD_2021_03,AKD_2021_03_003818,36.20192,33.25724,0.57323676,0.589115,0.22820872,19.159254,802.80096,3.6940062,0.38521233,0.2678553,0.117357045,dusuk,Agaclik,low_severity,,0.0,DUSUK
AKD_2021_03,AKD_2021_03_003819,36.20191,33.26002,0.5778948,0.5519067,0.23754051,18.918123,822.3709,3.5089042,0.37464255,0.24094763,0.13369492,dusuk,Agaclik,low_severity,,0.0,DUSUK
AKD_2021_03,AKD_2021_03_003820,36.2019,33.2628,0.407425,0.53983146,0.20250282,23.938713,884.8332,3.3322868,0.41169608,0.27780163,0.13389444,dusuk,Agaclik,low_severity,,0.0,DUSUK
AKD_2021_03,AKD_2021_03_003821,36.2019,33.26558,0.3312435,0.2018131,0.20110533,18.574623,962.12915,3.1655746,0.32134584,0.17943132,0.14191452,dusuk,Otlak/calilik,low_severity,,0.0,DUSUK
AKD_2021_03,AKD_2021_03_003822,36.20189,33.26836,0.39123812,0.56164986,0.1588645,6.3697076,935.43286,3.0104134,0.32973635,0.2170484,0.112687945,dusuk,Otlak/calilik,low_severity,,0.0,DUSUK
AKD_2021_03,AKD_2021_03_003823,36.20189,33.27114,0.28939012,0.29009497,0.1928949,11.361204,938.0626,2.8686783,0.3345232,0.1954041,0.1391191,dusuk,Otlak/calilik,low_severity,,0.0,DUSUK
AKD_2021_03,AKD_2021_03_003824,36.20188,33.27392,0.8195839,1.0,0.2719573,6.331489,897.17523,2.6988943,0.4421981,0.21666884,0.22552925,orta-dusuk,Agaclik,predicted,0.3251,0.3462,ORTA
AKD_2021_03,AKD_2021_03_003825,36.20187,33.2767,0.9925247,1.0,0.2911951,6.8560166,876.14215,2.506664,0.48997298,0.22885244,0.26112056,orta-dusuk,Agaclik,predicted,0.3722,0.4371,ORTA
AKD_2021_03,AKD_2021_03_003826,36.20187,33.27949,0.9336796,0.988156,0.28455338,11.003836,851.18445,2.325446,0.49007756,0.2465046,0.24357295,orta-dusuk,Agaclik,predicted,0.3691,0.4862,ORTA
AKD_2021_03,AKD_2021_03_003829,36.20185,33.28783,0.44649026,0.44280097,0.15637076,7.2109146,815.4232,1.8790156,0.41377687,0.31171867,0.1020582,dusuk,Otlak/calilik,low_severity,,0.0,DUSUK
AKD_2021_03,AKD_2021_03_003830,36.20184,33.29061,0.9675423,0.90930074,0.2754101,9.423687,848.1848,1.7762413,0.49358416,0.2566914,0.23689276,orta-dusuk,Agaclik,predicted,0.3485,0.4632,ORTA
AKD_2021_03,AKD_2021_03_003831,36.20183,33.29339,1.0,1.0,0.3237999,3.883297,871.47644,1.6526331,0.53279245,0.24753998,0.28525245,orta-dusuk,Agaclik,predicted,0.3919,0.4788,ORTA
AKD_2021_03,AKD_2021_03_003832,36.20183,33.29617,0.531975,0.6889033,0.36405775,22.837814,825.5201,1.5542603,0.4423403,0.19645828,0.24588203,orta-dusuk,Agaclik,predicted,0.2797,0.5095,YUKSEK
AKD_2021_03,AKD_2021_03_003833,36.20182,33.29895,0.16348428,0.638595,0.41793352,27.402882,704.3767,1.4917284,0.39798766,0.1614629,0.23652476,orta-dusuk,Agaclik,predicted,0.2849,0.5706,YUKSEK
AKD_2021_03,AKD_2021_03_003834,36.20181,33.30173,0.14922161,0.9078245,0.39494774,10.002293,623.1218,1.4696198,0.2809924,0.124170505,0.15682188,orta-dusuk,Agaclik,low_severity,,0.0,DUSUK
AKD_2021_03,AKD_2021_03_003835,36.20181,33.30451,0.0,0.5041217,0.27729005,14.108694,585.0482,1.479817,0.2611361,0.17226928,0.08886683,orta-dusuk,Otlak/calilik,low_severity,,0.0,DUSUK
AKD_2021_03,AKD_2021_03_003836,36.2018,33.30729,0.3086205,0.3045414,0.21674806,14.893776,538.5475,1.5141001,0.34169745,0.22225568,0.11944178,dusuk,Otlak/calilik,low_severity,,0.0,DUSUK
AKD_2021_03,AKD_2021_03_003896,36.1997,33.24055,0.62138313,0.5586333,0.124620944,23.396254,773.8245,3.4421313,0.3976564,0.3377508,0.05990562,dusuk,Otlak/calilik,low_severity,,0.0,DUSUK
AKD_2021_03,AKD_2021_03_003897,36.19969,33.24333,0.95691025,1.0,0.17065471,15.970433,772.4854,3.6917865,0.49594796,0.297046,0.19890195,dusuk,Agaclik,low_severity,,0.0,DUSUK
AKD_2021_03,AKD_2021_03_003898,36.19969,33.24611,0.47445014,0.6698744,0.24034728,17.286661,816.74445,3.9414854,0.40799963,0.23847254,0.1695271,dusuk,Agaclik,low_severity,,0.0,DUSUK
AKD_2021_03,AKD_2021_03_003899,36.19968,33.24889,0.42410553,0.7680307,0.21697822,21.942123,751.95526,4.1531143,0.33386382,0.192363,0.14150083,dusuk,Agaclik,low_severity,,0.0,DUSUK
AKD_2021_03,AKD_2021_03_003900,36.19967,33.25167,0.84040993,0.8934763,0.27837348,22.272736,691.57495,3.9420915,0.41047096,0.21728626,0.1931847,orta-dusuk,Agaclik,low_severity,,0.0,DUSUK
AKD_2021_03,AKD_2021_03_003901,36.19967,33.25445,0.82218534,1.0,0.31355718,18.729826,693.45465,3.7358816,0.47847575,0.25499898,0.22347677,orta-dusuk,Agaclik,predicted,0.348,0.4662,ORTA
AKD_2021_03,AKD_2021_03_003902,36.19966,33.25723,1.0,1.0,0.3785322,15.594383,735.34894,3.5353272,0.45892805,0.21284112,0.24608693,orta-dusuk,Agaclik,predicted,0.4708,0.6393,YUKSEK
AKD_2021_03,AKD_2021_03_003903,36.19966,33.26001,0.98044205,1.0,0.34938416,17.361578,760.157,3.3414466,0.4959035,0.2606616,0.23524189,orta-dusuk,Agaclik,predicted,0.394,0.5448,YUKSEK
AKD_2021_03,AKD_2021_03_003904,36.19965,33.26279,0.14294852,0.28998315,0.17240435,22.452803,842.27985,3.1554701,0.37539986,0.2809806,0.09441927,dusuk,Agaclik,low_severity,,0.0,DUSUK
AKD_2021_03,AKD_2021_03_003905,36.19964,33.26557,0.6614672,0.7316881,0.21705352,18.84984,919.4244,2.9788787,0.38914266,0.23800331,0.15113935,dusuk,Agaclik,low_severity,,0.0,DUSUK
AKD_2021_03,AKD_2021_03_003906,36.19964,33.26835,0.3915648,0.6910912,0.16902532,7.2695704,949.0211,2.81344,0.35894617,0.2432926,0.115653574,dusuk,Agaclik,low_severity,,0.0,DUSUK
AKD_2021_03,AKD_2021_03_003907,36.19963,33.27113,0.30191585,0.5881685,0.22755732,13.732144,949.15674,2.661235,0.34608132,0.19456306,0.15151826,dusuk,Agaclik,low_severity,,0.0,DUSUK
AKD_2021_03,AKD_2021_03_003908,36.19963,33.27392,0.20487621,0.9797406,0.34045896,13.190655,895.21906,2.5246582,0.41000193,0.1860054,0.22399653,orta-dusuk,Agaclik,predicted,0.2977,0.3854,ORTA
AKD_2021_03,AKD_2021_03_003909,36.19962,33.2767,0.5664533,0.9436522,0.3571874,10.503426,867.82227,2.3483589,0.4307482,0.19086704,0.23988116,orta-dusuk,Agaclik,predicted,0.2663,0.3145,ORTA
AKD_2021_03,AKD_2021_03_003910,36.19961,33.27948,0.3748984,0.70658267,0.24281442,12.041705,837.7188,2.1538625,0.3864013,0.22370456,0.16269673,dusuk,Agaclik,low_severity,,0.0,DUSUK
AKD_2021_03,AKD_2021_03_003911,36.19961,33.28226,0.29651505,0.18398604,0.13676877,7.3392234,822.00555,1.9719172,0.36835846,0.2824651,0.08589336,dusuk,Otlak/calilik,low_severity,,0.0,DUSUK
AKD_2021_03,AKD_2021_03_003912,36.1996,33.28504,0.12135156,0.034396492,0.17067432,6.4636254,814.0765,1.8063197,0.35536107,0.2681356,0.08722547,dusuk,Otlak/calilik,low_severity,,0.0,DUSUK
AKD_2021_03,AKD_2021_03_003913,36.19959,33.28782,0.23554474,0.024781773,0.19559114,7.426654,831.7152,1.6619642,0.38099408,0.27050868,0.110485405,dusuk,Otlak/calilik,low_severity,,0.0,DUSUK
AKD_2021_03,AKD_2021_03_003914,36.19959,33.2906,0.5904369,0.3968526,0.20890026,6.3122387,838.2238,1.5448166,0.4395271,0.28882465,0.15070245,dusuk,Otlak/calilik,low_severity,,0.0,DUSUK
AKD_2021_03,AKD_2021_03_003915,36.19958,33.29338,0.7580339,0.84457725,0.28859583,9.364698,854.16125,1.4348841,0.47596708,0.26803347,0.2079336,orta-dusuk,Agaclik,predicted,0.3015,0.404,ORTA
AKD_2021_03,AKD_2021_03_003916,36.19957,33.29616,0.056450978,0.10971734,0.31700283,29.41349,783.2695,1.3203866,0.35397372,0.16387117,0.19010255,orta-dusuk,Otlak/calilik,low_severity,,0.0,DUSUK
AKD_2021_03,AKD_2021_03_003917,36.19957,33.29894,0.0,0.6626244,0.38038248,19.383001,662.98596,1.246174,0.27836907,0.12392272,0.15444635,orta-dusuk,Agaclik,low_severity,,0.0,DUSUK
AKD_2021_03,AKD_2021_03_003918,36.19956,33.30172,0.0,0.093104966,0.38073438,4.9731293,617.20734,1.2196223,0.2681467,0.13732648,0.13082021,orta-dusuk,Otlak/calilik,low_severity,,0.0,DUSUK
AKD_2021_03,AKD_2021_03_003919,36.19955,33.3045,0.0,0.018829279,0.27347744,12.310084,611.05206,1.23026,0.29344434,0.17830119,0.11514315,orta-dusuk,Otlak/calilik,low_severity,,0.0,DUSUK
AKD_2021_03,AKD_2021_03_003920,36.19954,33.30729,0.47583836,0.71963346,0.28731203,23.132833,521.93164,1.2712908,0.41111985,0.24074692,0.17037293,orta-dusuk,Agaclik,low_severity,,0.0,DUSUK
AKD_2021_03,AKD_2021_03_003981,36.19744,33.24332,0.7261599,0.8953832,0.24043909,20.425125,775.62537,3.6875746,0.45122352,0.2657914,0.18543214,dusuk,Agaclik,low_severity,,0.0,DUSUK
AKD_2021_03,AKD_2021_03_003982,36.19743,33.2461,0.9011168,1.0,0.39165303,25.08665,719.5614,3.9375405,0.51177955,0.20957434,0.3022052,orta-dusuk,Agaclik,predicted,0.3781,0.5736,YUKSEK
AKD_2021_03,AKD_2021_03_003983,36.19743,33.24888,0.6921358,1.0,0.36051106,23.732029,690.8145,4.0281777,0.42784637,0.18118164,0.24666473,orta-dusuk,Agaclik,predicted,0.3057,0.4381,ORTA
AKD_2021_03,AKD_2021_03_003984,36.19742,33.25166,0.9920614,1.0,0.21958897,19.366156,613.0422,3.8102417,0.45738995,0.24708575,0.2103042,dusuk,Agaclik,low_severity,,0.0,DUSUK
AKD_2021_03,AKD_2021_03_003985,36.19741,33.25444,0.93932295,1.0,0.22549842,21.2174,620.0675,3.59648,0.47501442,0.3000949,0.17491952,dusuk,Agaclik,low_severity,,0.0,DUSUK
AKD_2021_03,AKD_2021_03_003986,36.19741,33.25722,0.9212814,1.0,0.4004048,14.338088,676.0408,3.387683,0.5005505,0.24820176,0.25234875,orta-dusuk,Agaclik,predicted,0.36,0.455,ORTA
AKD_2021_03,AKD_2021_03_003987,36.1974,33.26,0.6069167,0.81685495,0.39283127,16.991148,715.7048,3.1848269,0.4574033,0.25190774,0.20549557,orta-dusuk,Agaclik,predicted,0.2646,0.3408,ORTA
AKD_2021_03,AKD_2021_03_003988,36.1974,33.26278,0.3067895,0.24387327,0.21478099,19.16397,802.7046,2.9891217,0.35599968,0.2550823,0.10091737,dusuk,Otlak/calilik,low_severity,,0.0,DUSUK
AKD_2021_03,AKD_2021_03_003989,36.19739,33.26557,0.34412277,0.30542985,0.16071436,15.604993,864.3394,2.8020663,0.35196954,0.2480315,0.10393804,dusuk,Otlak/calilik,low_severity,,0.0,DUSUK
AKD_2021_03,AKD_2021_03_003990,36.19738,33.26835,0.29210952,0.90724283,0.3114944,18.903769,906.58325,2.6255097,0.41603547,0.20365863,0.21237685,orta-dusuk,Agaclik,predicted,0.2737,0.4039,ORTA
AKD_2021_03,AKD_2021_03_003991,36.19738,33.27113,0.17984582,0.7856101,0.33479452,17.40155,879.4575,2.4617126,0.37610656,0.17221895,0.20388761,orta-dusuk,Agaclik,predicted,0.2638,0.3798,ORTA
AKD_2021_03,AKD_2021_03_003992,36.19737,33.27391,0.0,0.18373577,0.24661452,11.913706,849.1798,2.3133862,0.31458026,0.1758795,0.13870077,dusuk,Otlak/calilik,low_severity,,0.0,DUSUK
AKD_2021_03,AKD_2021_03_003993,36.19737,33.27669,0.0,0.042537745,0.2565884,11.182877,814.7262,2.1836855,0.33604646,0.18222246,0.153824,dusuk,Otlak/calilik,low_severity,,0.0,DUSUK
AKD_2021_03,AKD_2021_03_003994,36.19736,33.27947,0.35362458,0.0,0.1825581,7.9797063,804.18823,1.9988868,0.34449697,0.2282241,0.11627287,dusuk,Otlak/calilik,low_severity,,0.0,DUSUK
AKD_2021_03,AKD_2021_03_003995,36.19735,33.28225,0.14495605,0.0,0.21537153,8.580572,826.17804,1.8013557,0.40217742,0.26592848,0.13624895,dusuk,Otlak/calilik,low_severity,,0.0,DUSUK
AKD_2021_03,AKD_2021_03_003996,36.19735,33.28503,0.0,0.0,0.345202,9.448805,809.80664,1.6183993,0.40465862,0.21402451,0.1906341,orta-dusuk,Otlak/calilik,low_severity,,0.0,DUSUK
AKD_2021_03,AKD_2021_03_003997,36.19734,33.28781,0.37944788,0.3030861,0.32009095,16.058975,800.57104,1.455524,0.4370803,0.2631737,0.1739066,orta-dusuk,Otlak/calilik,low_severity,,0.0,DUSUK
AKD_2021_03,AKD_2021_03_003998,36.19733,33.29059,0.62754494,0.59705275,0.21694028,5.355683,851.0128,1.3201833,0.4394945,0.29541332,0.14408118,dusuk,Agaclik,low_severity,,0.0,DUSUK
AKD_2021_03,AKD_2021_03_003999,36.19733,33.29337,0.6651232,0.6851029,0.2727908,16.281359,822.9437,1.2215636,0.46756566,0.30533302,0.16223264,orta-dusuk,Agaclik,low_severity,,0.0,DUSUK
AKD_2021_03,AKD_2021_03_004000,36.19732,33.29615,0.070806704,0.14577165,0.41419736,23.616938,718.3949,1.0936714,0.3563068,0.15410423,0.20220256,orta-dusuk,Otlak/calilik,predicted,0.26,0.5092,YUKSEK
AKD_2021_03,AKD_2021_03_004001,36.19731,33.29893,0.0,0.09558493,0.37233686,10.938248,659.7126,1.002819,0.27994043,0.13915044,0.14078999,orta-dusuk,Otlak/calilik,low_severity,,0.0,DUSUK
AKD_2021_03,AKD_2021_03_004002,36.1973,33.30172,0.18035425,0.16639447,0.44531852,10.834972,629.85754,0.969626,0.35893193,0.17157248,0.18735945,orta-yuksek,Otlak/calilik,low_severity,,0.0,DUSUK
AKD_2021_03,AKD_2021_03_004003,36.1973,33.3045,0.6008358,0.680445,0.4409708,24.504036,563.19794,0.9809285,0.43572465,0.20075181,0.23497283,orta-yuksek,Agaclik,predicted,0.3117,0.6075,YUKSEK
AKD_2021_03,AKD_2021_03_004004,36.19729,33.30728,0.21656765,0.39755207,0.19866395,14.945461,469.93417,1.0319211,0.3124923,0.21623272,0.096259594,dusuk,Otlak/calilik,low_severity,,0.0,DUSUK
AKD_2021_03,AKD_2021_03_004065,36.19518,33.24331,0.07402808,0.13778307,0.19195153,30.24307,765.9902,3.700287,0.35693192,0.21450186,0.14243007,dusuk,Otlak/calilik,low_severity,,0.0,DUSUK
AKD_2021_03,AKD_2021_03_004066,36.19518,33.24609,0.9579488,1.0,0.47979516,22.409035,644.46387,3.9494486,0.53636396,0.20378242,0.33258152,orta-yuksek,Agaclik,predicted,0.4004,0.5797,YUKSEK
AKD_2021_03,AKD_2021_03_004067,36.19517,33.24887,0.9012178,1.0,0.4561178,22.951693,591.6714,3.9152358,0.49851727,0.18982436,0.30869293,orta-yuksek,Agaclik,predicted,0.3749,0.5464,YUKSEK
AKD_2021_03,AKD_2021_03_004068,36.19517,33.25165,0.5614619,0.9389812,0.2137365,21.326517,546.4736,3.6906364,0.4292818,0.2288396,0.2004422,dusuk,Agaclik,low_severity,,0.0,DUSUK
AKD_2021_03,AKD_2021_03_004069,36.19516,33.25443,0.93619305,1.0,0.14383051,19.483475,545.91425,3.4695137,0.45875278,0.3469448,0.11180797,dusuk,Agaclik,low_severity,,0.0,DUSUK
AKD_2021_03,AKD_2021_03_004070,36.19515,33.25722,0.75002706,1.0,0.24909236,24.283676,638.76416,3.252576,0.45840847,0.28514874,0.17325974,dusuk,Agaclik,low_severity,,0.0,DUSUK
AKD_2021_03,AKD_2021_03_004071,36.19515,33.26,0.5882138,0.9142914,0.38389334,18.968657,730.68866,3.04072,0.4423765,0.21136895,0.23100755,orta-dusuk,Agaclik,predicted,0.275,0.3861,ORTA
AKD_2021_03,AKD_2021_03_004072,36.19514,33.26278,0.4789524,0.5003345,0.2589943,17.462858,812.6373,2.8350847,0.38673842,0.24162194,0.14511648,dusuk,Agaclik,low_severity,,0.0,DUSUK
AKD_2021_03,AKD_2021_03_004073,36.19514,33.26556,0.0,0.0,0.10478673,4.880235,847.5544,2.6371257,0.30670947,0.2461704,0.060539067,dusuk,Otlak/calilik,low_severity,,0.0,DUSUK
AKD_2021_03,AKD_2021_03_004074,36.19513,33.26834,0.0,0.0,0.13252065,9.1338825,841.05066,2.4487054,0.25366542,0.20750901,0.046156406,dusuk,Otlak/calilik,low_severity,,0.0,DUSUK
AKD_2021_03,AKD_2021_03_004075,36.19512,33.27112,0.0,0.0,0.11448927,5.6343827,835.066,2.2721982,0.23964435,0.18346697,0.056177378,dusuk,Otlak/calilik,low_severity,,0.0,DUSUK
AKD_2021_03,AKD_2021_03_004076,36.19512,33.2739,0.20766556,0.0,0.16849877,7.111281,824.985,2.1105952,0.30986217,0.21645796,0.0934042,dusuk,Otlak/calilik,low_severity,,0.0,DUSUK
AKD_2021_03,AKD_2021_03_004077,36.19511,33.27668,0.10326042,0.0,0.11062792,7.537154,802.40894,1.9675717,0.32638016,0.2556158,0.07076436,dusuk,Otlak/calilik,low_severity,,0.0,DUSUK
AKD_2021_03,AKD_2021_03_004078,36.19511,33.27946,0.3404379,0.0,0.12562463,4.371323,791.35516,1.8474483,0.30233395,0.26295167,0.03938228,dusuk,Otlak/calilik,low_severity,,0.0,DUSUK
AKD_2021_03,AKD_2021_03_004079,36.1951,33.28224,0.3710677,0.0,0.18172385,10.537335,814.3071,1.6511534,0.39412504,0.29161698,0.10250807,dusuk,Otlak/calilik,low_severity,,0.0,DUSUK
AKD_2021_03,AKD_2021_03_004080,36.19509,33.28502,0.012125789,0.0,0.3234075,13.03244,802.94275,1.4493589,0.40472865,0.219711,0.18501765,orta-dusuk,Otlak/calilik,low_severity,,0.0,DUSUK
AKD_2021_03,AKD_2021_03_004081,36.19509,33.2878,0.5054732,0.124940485,0.25792992,18.030647,791.86237,1.2649013,0.44454902,0.2793333,0.16521573,dusuk,Otlak/calilik,low_severity,,0.0,DUSUK
AKD_2021_03,AKD_2021_03_004082,36.19508,33.29058,0.48516372,0.17953023,0.24600282,9.318369,850.9334,1.106485,0.4163412,0.23153487,0.18480632,dusuk,Otlak/calilik,low_severity,,0.0,DUSUK
AKD_2021_03,AKD_2021_03_004083,36.19507,33.29336,0.21180135,0.16027781,0.30289897,24.568327,795.25916,0.98673344,0.3600677,0.19108452,0.16898318,orta-dusuk,Otlak/calilik,low_severity,,0.0,DUSUK
AKD_2021_03,AKD_2021_03_004084,36.19507,33.29615,0.14746356,0.1280971,0.43827805,11.790234,702.96655,0.87966657,0.35762337,0.15916842,0.19845495,orta-dusuk,Otlak/calilik,low_severity,,0.0,DUSUK
AKD_2021_03,AKD_2021_03_004085,36.19506,33.29893,0.2568857,0.15329023,0.4247495,6.037142,680.9915,0.76376826,0.34637192,0.16607767,0.18029425,orta-dusuk,Otlak/calilik,low_severity,,0.0,DUSUK
AKD_2021_03,AKD_2021_03_004086,36.19505,33.30171,0.5552215,0.6232455,0.46630666,21.4272,632.50653,0.7196323,0.43773854,0.19247843,0.2452601,orta-yuksek,Agaclik,predicted,0.3255,0.6092,YUKSEK
AKD_2021_03,AKD_2021_03_004087,36.19504,33.30449,0.34129947,0.7608227,0.39667183,25.864368,508.9115,0.73205316,0.44135132,0.2148661,0.22648522,orta-dusuk,Agaclik,predicted,0.2908,0.6011,YUKSEK
AKD_2021_03,AKD_2021_03_004149,36.19293,33.24331,0.0,0.05453289,0.22127299,28.69925,791.3823,3.729751,0.35153008,0.17256767,0.17896241,dusuk,Otlak/calilik,low_severity,,0.0,DUSUK
AKD_2021_03,AKD_2021_03_004150,36.19292,33.24609,0.7191337,0.87300414,0.44712734,26.22976,643.5081,3.977067,0.48743796,0.1932269,0.29421106,orta-yuksek,Agaclik,predicted,0.3198,0.4905,ORTA
AKD_2021_03,AKD_2021_03_004151,36.19292,33.24887,0.9815862,1.0,0.2673502,18.728304,548.46747,3.815354,0.49996907,0.26048422,0.23948485,dusuk,Agaclik,low_severity,,0.0,DUSUK
AKD_2021_03,AKD_2021_03_004152,36.19291,33.25165,0.73745036,1.0,0.1824289,15.153367,496.3725,3.584502,0.47685897,0.28354305,0.19331592,dusuk,Agaclik,low_severity,,0.0,DUSUK
AKD_2021_03,AKD_2021_03_004154,36.1929,33.25721,0.6675271,1.0,0.347574,21.253956,671.9816,3.1316302,0.45908254,0.26226234,0.1968202,orta-dusuk,Agaclik,low_severity,,0.0,DUSUK
AKD_2021_03,AKD_2021_03_004155,36.1929,33.25999,0.6871981,1.0,0.52197134,16.487724,736.6357,2.9109852,0.4534894,0.19015577,0.26333362,orta-yuksek,Agaclik,predicted,0.3346,0.4613,ORTA
AKD_2021_03,AKD_2021_03_004156,36.19289,33.26277,0.20843227,0.8053616,0.3748731,17.379263,801.4914,2.6954706,0.40447304,0.19365966,0.21081337,orta-dusuk,Agaclik,predicted,0.2578,0.3584,ORTA
AKD_2021_03,AKD_2021_03_004157,36.19288,33.26555,0.0,0.006073836,0.15954027,6.7049556,836.5466,2.4864206,0.287189,0.20997775,0.07721126,dusuk,Otlak/calilik,low_severity,,0.0,DUSUK
AKD_2021_03,AKD_2021_03_004158,36.19288,33.26833,0.0,0.0,0.121705085,9.786068,826.3127,2.2856104,0.2595153,0.19965294,0.059862345,dusuk,Otlak/calilik,low_severity,,0.0,DUSUK
AKD_2021_03,AKD_2021_03_004160,36.19286,33.27389,0.6002759,0.119152635,0.18082649,5.3468037,841.0969,1.9189758,0.41658506,0.28943533,0.12714973,dusuk,Otlak/calilik,low_severity,,0.0,DUSUK
AKD_2021_03,AKD_2021_03_004161,36.19286,33.27667,0.18846525,0.0,0.21448386,7.180117,829.01794,1.7604531,0.3811893,0.24880311,0.13238618,dusuk,Otlak/calilik,low_severity,,0.0,DUSUK
AKD_2021_03,AKD_2021_03_004162,36.19285,33.27945,0.07545385,0.0,0.20551416,8.518622,806.2885,1.6250913,0.38867885,0.26389778,0.12478107,dusuk,Otlak/calilik,low_severity,,0.0,DUSUK
AKD_2021_03,AKD_2021_03_004163,36.19284,33.28223,0.22033513,0.0,0.2078451,14.230609,840.8821,1.5190946,0.35991555,0.2610275,0.09888807,dusuk,Otlak/calilik,low_severity,,0.0,DUSUK
AKD_2021_03,AKD_2021_03_004164,36.19284,33.28501,0.17674488,0.13178036,0.4320889,19.166906,771.2511,1.3065476,0.39738566,0.18843395,0.20895171,orta-dusuk,Otlak/calilik,predicted,0.2419,0.4212,ORTA
AKD_2021_03,AKD_2021_03_004165,36.19283,33.28779,0.47112393,0.32544386,0.36777908,18.22411,806.3852,1.0983626,0.44229442,0.19350263,0.24879178,orta-dusuk,Otlak/calilik,predicted,0.2429,0.4229,ORTA
AKD_2021_03,AKD_2021_03_004166,36.19282,33.29058,0.010029405,0.0,0.28971308,24.654911,799.7339,0.9114462,0.32584924,0.1490935,0.17675574,orta-dusuk,Otlak/calilik,low_severity,,0.0,DUSUK
AKD_2021_03,AKD_2021_03_004167,36.19282,33.29336,0.058544993,0.75155914,0.48126036,22.200077,708.8756,0.761622,0.349214,0.14008537,0.20912862,orta-yuksek,Agaclik,predicted,0.2986,0.5723,YUKSEK
AKD_2021_03,AKD_2021_03_004168,36.19281,33.29614,0.70327514,1.0,0.6079697,12.73438,675.4806,0.67406243,0.4167655,0.15371653,0.26304898,orta-yuksek,Agaclik,predicted,0.3462,0.5502,YUKSEK
AKD_2021_03,AKD_2021_03_004169,36.1928,33.29892,0.96482855,0.94355416,0.62936014,13.812725,665.2788,0.53482527,0.4918602,0.1830617,0.3087985,orta-yuksek,Agaclik,predicted,0.39,0.6392,YUKSEK
AKD_2021_03,AKD_2021_03_004170,36.1928,33.3017,0.5105187,0.9829815,0.62519693,28.05654,595.93097,0.46964538,0.499497,0.16101924,0.33847776,orta-yuksek,Agaclik,predicted,0.3688,0.7632,COK_YUKSEK
AKD_2021_03,AKD_2021_03_004171,36.19279,33.30448,0.02837822,0.4198805,0.2988481,23.575209,475.00702,0.4843376,0.36853516,0.2112453,0.15728986,orta-dusuk,Otlak/calilik,low_severity,,0.0,DUSUK
AKD_2021_03,AKD_2021_03_004177,36.19275,33.32116,0.4286278,0.6042119,0.24053507,18.309647,456.43823,1.6508867,0.42551023,0.31405723,0.111453,dusuk,Agaclik,low_severity,,0.0,DUSUK
AKD_2021_03,AKD_2021_03_004178,36.19274,33.32394,0.81788087,0.95625055,0.19379756,15.678513,539.9217,1.891578,0.45933077,0.3335287,0.12580207,dusuk,Agaclik,low_severity,,0.0,DUSUK
AKD_2021_03,AKD_2021_03_004233,36.19068,33.2433,0.0,0.0,0.17886811,25.333834,775.517,3.7755744,0.31550255,0.18632182,0.12918073,dusuk,Otlak/calilik,low_severity,,0.0,DUSUK
AKD_2021_03,AKD_2021_03_004234,36.19067,33.24608,0.5876912,0.70858264,0.2882747,26.293848,628.29346,3.9462757,0.4549052,0.20710957,0.24779564,orta-dusuk,Agaclik,predicted,0.2843,0.4357,ORTA
AKD_2021_03,AKD_2021_03_004235,36.19066,33.24886,0.9695511,1.0,0.28345627,19.642008,530.1739,3.7295823,0.5101946,0.26861385,0.24158075,orta-dusuk,Agaclik,predicted,0.3853,0.5363,YUKSEK
AKD_2021_03,AKD_2021_03_004236,36.19066,33.25164,0.9548654,1.0,0.13734658,15.776395,481.1334,3.493066,0.4900673,0.37114033,0.11892697,dusuk,Agaclik,low_severity,,0.0,DUSUK
AKD_2021_03,AKD_2021_03_004237,36.19065,33.25442,1.0,1.0,0.16511723,23.16093,560.688,3.2585638,0.48411453,0.344051,0.14006352,dusuk,Agaclik,low_severity,,0.0,DUSUK
AKD_2021_03,AKD_2021_03_004238,36.19065,33.2572,0.6915457,1.0,0.23274784,21.7559,614.4758,3.0265434,0.4331398,0.28737032,0.14576948,dusuk,Agaclik,low_severity,,0.0,DUSUK
AKD_2021_03,AKD_2021_03_004239,36.19064,33.25998,0.8479716,1.0,0.5861267,19.713959,673.71344,2.7976224,0.5008124,0.18813735,0.31267506,orta-yuksek,Agaclik,predicted,0.3765,0.5693,YUKSEK
AKD_2021_03,AKD_2021_03_004240,36.19064,33.26276,0.5107423,0.81974477,0.5665134,21.879019,745.88776,2.5726285,0.5190146,0.19307853,0.32593608,orta-yuksek,Agaclik,predicted,0.3217,0.516,YUKSEK
AKD_2021_03,AKD_2021_03_004241,36.19063,33.26554,0.009983669,0.015143065,0.2157689,10.565351,809.40643,2.3526888,0.31572914,0.21645302,0.099276125,dusuk,Otlak/calilik,low_severity,,0.0,DUSUK
AKD_2021_03,AKD_2021_03_004242,36.19062,33.26832,0.1988668,0.0,0.17279238,10.3501835,787.3979,2.1393623,0.35851812,0.25156564,0.10695249,dusuk,Otlak/calilik,low_severity,,0.0,DUSUK
AKD_2021_03,AKD_2021_03_004243,36.19062,33.2711,0.10202921,0.0,0.19406101,13.582549,789.9912,1.9348379,0.34253198,0.23313114,0.10940084,dusuk,Otlak/calilik,low_severity,,0.0,DUSUK
AKD_2021_03,AKD_2021_03_004244,36.19061,33.27388,0.054972414,0.0,0.23008543,17.528166,802.546,1.7422184,0.3297026,0.21616945,0.11353314,dusuk,Otlak/calilik,low_severity,,0.0,DUSUK
AKD_2021_03,AKD_2021_03_004245,36.1906,33.27666,0.09536213,0.0,0.29237312,13.820708,803.24603,1.5659027,0.34792924,0.20337003,0.1445592,orta-dusuk,Otlak/calilik,low_severity,,0.0,DUSUK
AKD_2021_03,AKD_2021_03_004246,36.1906,33.27944,0.7148573,0.0,0.22175351,14.260565,839.4777,1.4120121,0.3927905,0.2806387,0.1121518,dusuk,Otlak/calilik,low_severity,,0.0,DUSUK
AKD_2021_03,AKD_2021_03_004247,36.19059,33.28223,0.1082918,0.0,0.22320902,25.140114,807.06433,1.2886058,0.30604255,0.20695195,0.099090606,dusuk,Otlak/calilik,low_severity,,0.0,DUSUK
AKD_2021_03,AKD_2021_03_004248,36.19058,33.28501,0.45750937,0.26156238,0.49431944,21.402191,725.58936,1.1993715,0.3979633,0.15857995,0.23938334,orta-yuksek,Otlak/calilik,predicted,0.2749,0.5038,YUKSEK
AKD_2021_03,AKD_2021_03_004249,36.19058,33.28779,0.03496718,0.11035629,0.27282274,22.330652,792.7204,0.968414,0.30673593,0.14646766,0.16026828,orta-dusuk,Otlak/calilik,low_severity,,0.0,DUSUK
AKD_2021_03,AKD_2021_03_004250,36.19057,33.29057,0.0,0.35643277,0.35312003,26.271753,717.85205,0.74977297,0.32314387,0.15897122,0.16417265,orta-dusuk,Otlak/calilik,low_severity,,0.0,DUSUK
AKD_2021_03,AKD_2021_03_004251,36.19056,33.29335,0.02761627,0.97935957,0.46518934,14.899067,651.8828,0.55811584,0.26361626,0.13206902,0.13154724,orta-yuksek,Agaclik,low_severity,,0.0,DUSUK
AKD_2021_03,AKD_2021_03_004252,36.19056,33.29613,0.20481895,1.0,0.50022066,15.552973,611.232,0.43107668,0.31912208,0.15380415,0.16531792,orta-yuksek,Agaclik,low_severity,,0.0,DUSUK
AKD_2021_03,AKD_2021_03_004253,36.19055,33.29891,0.19351287,0.60379463,0.5813682,25.75708,584.1301,0.32869568,0.4144802,0.15302551,0.2614547,orta-yuksek,Agaclik,predicted,0.3604,0.7317,YUKSEK
AKD_2021_03,AKD_2021_03_004254,36.19054,33.30169,0.17460062,0.72868615,0.51727366,26.862738,499.5812,0.21968816,0.43348974,0.1662778,0.26721194,orta-yuksek,Agaclik,predicted,0.3136,0.674,YUKSEK
AKD_2021_03,AKD_2021_03_004255,36.19054,33.30447,0.0,0.03930243,0.18383992,15.190449,430.74045,0.24137944,0.3193258,0.237786,0.08153981,dusuk,Otlak/calilik,low_severity,,0.0,DUSUK
AKD_2021_03,AKD_2021_03_004261,36.19049,33.32115,0.882013,1.0,0.34755325,16.627659,424.29703,1.5965925,0.47196034,0.28482538,0.18713495,orta-dusuk,Agaclik,low_severity,,0.0,DUSUK
AKD_2021_03,AKD_2021_03_004262,36.19049,33.32393,0.44355744,0.84787005,0.38163945,20.580688,530.59436,1.8343925,0.45024294,0.19377993,0.256463,orta-dusuk,Agaclik,predicted,0.287,0.4828,ORTA
AKD_2021_03,AKD_2021_03_004318,36.18842,33.24607,0.21350624,0.3968485,0.12246922,28.472836,633.20276,3.7307618,0.34998706,0.23192504,0.11806202,dusuk,Otlak/calilik,low_severity,,0.0,DUSUK
AKD_2021_03,AKD_2021_03_004320,36.18841,33.25163,0.8782824,1.0,0.17418924,12.107513,454.48633,3.4175088,0.5197714,0.35453904,0.16523236,dusuk,Agaclik,low_severity,,0.0,DUSUK
AKD_2021_03,AKD_2021_03_004321,36.1884,33.25441,1.0,1.0,0.16087106,18.307863,488.87723,3.1774352,0.5173712,0.38919657,0.1281746,dusuk,Agaclik,low_severity,,0.0,DUSUK
AKD_2021_03,AKD_2021_03_004322,36.18839,33.25719,0.72118473,0.89155143,0.21299785,16.243372,563.0863,2.939017,0.45092386,0.3015592,0.14936465,dusuk,Agaclik,low_severity,,0.0,DUSUK
AKD_2021_03,AKD_2021_03_004323,36.18839,33.25997,0.7179236,0.8874257,0.49222505,17.982058,611.5687,2.7026925,0.4612713,0.17824829,0.283023,orta-yuksek,Agaclik,predicted,0.322,0.4676,ORTA
AKD_2021_03,AKD_2021_03_004324,36.18838,33.26275,0.9655402,1.0,0.6620735,22.526918,677.4992,2.4690635,0.57450473,0.19354896,0.38095576,yuksek,Agaclik,predicted,0.4258,0.6953,YUKSEK
AKD_2021_03,AKD_2021_03_004325,36.18838,33.26553,0.5043884,0.6727391,0.28332925,17.484978,769.75,2.2389731,0.43025395,0.23084807,0.19940588,orta-dusuk,Agaclik,low_severity,,0.0,DUSUK
AKD_2021_03,AKD_2021_03_004326,36.18837,33.26832,0.0,0.0,0.112542585,10.152487,765.8934,2.0136354,0.29909903,0.23129855,0.06780048,dusuk,Otlak/calilik,low_severity,,0.0,DUSUK
AKD_2021_03,AKD_2021_03_004327,36.18836,33.2711,0.0,0.0,0.13234647,5.366502,742.9986,1.794841,0.2347203,0.18781164,0.04690866,dusuk,Otlak/calilik,low_severity,,0.0,DUSUK
AKD_2021_03,AKD_2021_03_004328,36.18836,33.27388,0.012182399,0.0,0.15452747,10.616664,748.34375,1.5853016,0.2781672,0.22021118,0.05795601,dusuk,Otlak/calilik,low_severity,,0.0,DUSUK
AKD_2021_03,AKD_2021_03_004329,36.18835,33.27666,0.4601598,0.0,0.19288011,22.457964,816.08636,1.3892113,0.32330206,0.2695118,0.05379027,dusuk,Otlak/calilik,low_severity,,0.0,DUSUK
AKD_2021_03,AKD_2021_03_004330,36.18834,33.27944,0.10690561,0.0,0.22542569,23.321476,843.19855,1.2131095,0.32356304,0.20989573,0.11366731,dusuk,Otlak/calilik,low_severity,,0.0,DUSUK
AKD_2021_03,AKD_2021_03_004331,36.18834,33.28222,0.08973301,0.02284951,0.18853423,30.778591,719.91595,1.0669402,0.24997883,0.17244706,0.07753177,dusuk,Otlak/calilik,low_severity,,0.0,DUSUK
AKD_2021_03,AKD_2021_03_004332,36.18833,33.285,0.60062605,0.50410193,0.49289653,18.651098,664.97894,0.9644108,0.4162843,0.16835868,0.24792561,orta-yuksek,Agaclik,predicted,0.2953,0.5184,YUKSEK
AKD_2021_03,AKD_2021_03_004333,36.18832,33.28778,0.28204596,0.35167122,0.3246161,22.172056,712.65643,0.8912076,0.3338464,0.15697876,0.17686763,orta-dusuk,Otlak/calilik,low_severity,,0.0,DUSUK
AKD_2021_03,AKD_2021_03_004334,36.18832,33.29056,0.049055986,0.9176549,0.47244078,15.940459,644.6675,0.64698124,0.30492526,0.14527243,0.15965283,orta-yuksek,Agaclik,low_severity,,0.0,DUSUK
AKD_2021_03,AKD_2021_03_004335,36.18831,33.29334,0.22023687,1.0,0.41341674,8.657824,619.45306,0.40977862,0.33848155,0.18037067,0.15811087,orta-dusuk,Agaclik,low_severity,,0.0,DUSUK
AKD_2021_03,AKD_2021_03_004336,36.1883,33.29612,0.4838263,0.89312613,0.56028044,22.631456,558.88165,0.20555374,0.44283602,0.15742357,0.28541243,orta-yuksek,Agaclik,predicted,0.3394,0.6701,YUKSEK
AKD_2021_03,AKD_2021_03_004337,36.1883,33.2989,0.2626965,0.4008829,0.43173054,20.933191,483.9079,0.1326525,0.40005308,0.18329157,0.21676151,orta-dusuk,Otlak/calilik,predicted,0.2755,0.5527,YUKSEK
AKD_2021_03,AKD_2021_03_004338,36.18829,33.30168,0.0056107347,0.04525525,0.18741125,11.818842,432.07455,0.030967752,0.28758702,0.21510963,0.072477385,dusuk,Otlak/calilik,low_severity,,0.0,DUSUK
AKD_2021_03,AKD_2021_03_004345,36.18824,33.32114,0.79929453,0.9739165,0.4109128,15.495891,408.54074,1.4958675,0.45646423,0.21347342,0.2429908,orta-dusuk,Agaclik,predicted,0.3143,0.4882,ORTA
AKD_2021_03,AKD_2021_03_004346,36.18823,33.32392,0.31370673,0.6309841,0.46720806,22.669188,525.8065,1.6224828,0.43875003,0.1626893,0.27606073,orta-yuksek,Agaclik,predicted,0.3074,0.5488,YUKSEK
AKD_2021_03,AKD_2021_03_004347,36.18822,33.3267,0.78152406,1.0,0.3258526,14.741738,547.5781,1.7129676,0.47180146,0.2595185,0.21228296,orta-dusuk,Agaclik,predicted,0.3052,0.4546,ORTA
AKD_2021_03,AKD_2021_03_004348,36.18822,33.32948,0.66324985,0.61245227,0.1668316,20.960138,463.51678,1.556448,0.44804892,0.32680923,0.12123969,dusuk,Otlak/calilik,low_severity,,0.0,DUSUK
AKD_2021_03,AKD_2021_03_004401,36.18617,33.24328,0.01322456,0.0,0.1165981,27.994566,777.46375,3.6638455,0.3136355,0.25018135,0.06345415,dusuk,Otlak/calilik,low_severity,,0.0,DUSUK
AKD_2021_03,AKD_2021_03_004405,36.18615,33.25441,0.8059444,0.97294605,0.30238363,17.42474,482.3904,3.1143138,0.50286067,0.30296162,0.19989905,orta-dusuk,Agaclik,low_severity,,0.0,DUSUK
AKD_2021_03,AKD_2021_03_004406,36.18614,33.25719,0.6397508,0.8078265,0.37812895,12.546998,528.00354,2.870658,0.451222,0.2339915,0.2172305,orta-dusuk,Agaclik,predicted,0.3022,0.3684,ORTA
AKD_2021_03,AKD_2021_03_004407,36.18613,33.25997,0.71140116,0.9664437,0.4766697,16.965473,560.7508,2.628194,0.46443033,0.18163309,0.28279725,orta-yuksek,Agaclik,predicted,0.3247,0.4646,ORTA
AKD_2021_03,AKD_2021_03_004408,36.18613,33.26275,0.8988217,1.0,0.66799426,21.021091,632.1,2.3872852,0.5377347,0.15083794,0.38689673,yuksek,Agaclik,predicted,0.4053,0.6501,YUKSEK
AKD_2021_03,AKD_2021_03_004409,36.18612,33.26553,0.5415227,0.88138145,0.28084293,20.402266,739.804,2.1484547,0.41138512,0.22420618,0.18717894,orta-dusuk,Agaclik,low_severity,,0.0,DUSUK
AKD_2021_03,AKD_2021_03_004412,36.1861,33.27387,0.21776772,0.034200545,0.13029815,20.044428,779.3051,1.4546607,0.31726038,0.2813284,0.035931975,dusuk,Otlak/calilik,low_severity,,0.0,DUSUK
AKD_2021_03,AKD_2021_03_004413,36.1861,33.27665,0.40423197,0.0,0.2822144,16.5648,847.3062,1.2380486,0.37526488,0.22325882,0.15200606,orta-dusuk,Otlak/calilik,low_severity,,0.0,DUSUK
AKD_2021_03,AKD_2021_03_004414,36.18609,33.27943,0.0,0.0,0.2549822,33.334625,765.3438,1.0365766,0.27864128,0.13891968,0.1397216,dusuk,Otlak/calilik,low_severity,,0.0,DUSUK
AKD_2021_03,AKD_2021_03_004415,36.18608,33.28221,0.37341037,0.27898094,0.33154166,26.00322,640.6793,0.8609401,0.30991668,0.14570707,0.1642096,orta-dusuk,Otlak/calilik,low_severity,,0.0,DUSUK
AKD_2021_03,AKD_2021_03_004416,36.18608,33.28499,0.56920224,0.52297246,0.42129555,13.881375,624.1981,0.73003054,0.3959704,0.1552344,0.24073601,orta-dusuk,Agaclik,predicted,0.2799,0.4534,ORTA
AKD_2021_03,AKD_2021_03_004417,36.18607,33.28777,0.1485945,0.72653896,0.39902526,15.605947,650.15784,0.6705754,0.29476583,0.13885984,0.15590599,orta-dusuk,Agaclik,low_severity,,0.0,DUSUK
AKD_2021_03,AKD_2021_03_004418,36.18606,33.29055,0.24262701,0.98153025,0.3603323,5.1413703,617.8752,0.6324634,0.29507264,0.18997657,0.10509607,orta-dusuk,Agaclik,low_severity,,0.0,DUSUK
AKD_2021_03,AKD_2021_03_004419,36.18606,33.29333,0.5090792,1.0,0.45133004,14.347243,604.602,0.3864502,0.40231562,0.20166126,0.20065436,orta-yuksek,Agaclik,predicted,0.2539,0.4338,ORTA
AKD_2021_03,AKD_2021_03_004420,36.18605,33.29611,0.6665725,0.7750085,0.5129279,21.783772,503.48972,0.15387519,0.46452266,0.19805261,0.26647004,orta-yuksek,Agaclik,predicted,0.3302,0.6487,YUKSEK
AKD_2021_03,AKD_2021_03_004421,36.18604,33.29889,0.053147666,0.018388782,0.26366973,11.109207,440.4601,0.07138816,0.3331798,0.2162962,0.116883606,dusuk,Otlak/calilik,low_severity,,0.0,DUSUK
AKD_2021_03,AKD_2021_03_004429,36.18598,33.32113,0.8353202,0.98188335,0.26907605,21.69817,428.7914,1.2767435,0.48551023,0.32575285,0.15975738,dusuk,Agaclik,low_severity,,0.0,DUSUK
AKD_2021_03,AKD_2021_03_004430,36.18598,33.32391,0.20568591,0.6682761,0.4499018,16.802082,528.04016,1.4229915,0.44446757,0.18273309,0.2617345,orta-yuksek,Agaclik,predicted,0.2774,0.4468,ORTA
AKD_2021_03,AKD_2021_03_004431,36.18597,33.32669,0.7499753,0.9986059,0.40976596,10.563534,523.77435,1.536647,0.4949508,0.20532957,0.28962123,orta-dusuk,Agaclik,predicted,0.2844,0.3845,ORTA
AKD_2021_03,AKD_2021_03_004432,36.18596,33.32948,0.7544098,0.73449,0.1791955,15.943078,496.6894,1.359984,0.4497445,0.33902255,0.110721946,dusuk,Agaclik,low_severity,,0.0,DUSUK
AKD_2021_03,AKD_2021_03_004486,36.18391,33.24606,0.26217422,0.38316888,0.18856569,19.095263,621.22266,3.314297,0.40148443,0.28729466,0.114189774,dusuk,Otlak/calilik,low_severity,,0.0,DUSUK
AKD_2021_03,AKD_2021_03_004489,36.18389,33.2544,0.82390267,0.7029795,0.3390173,17.166504,440.08734,2.9377706,0.43158084,0.25453657,0.17704427,orta-dusuk,Agaclik,low_severity,,0.0,DUSUK
AKD_2021_03,AKD_2021_03_004490,36.18389,33.25718,0.40307006,0.4774494,0.513235,12.637343,490.21664,2.822859,0.45543224,0.1819408,0.27349144,orta-yuksek,Agaclik,predicted,0.303,0.3731,ORTA
AKD_2021_03,AKD_2021_03_004491,36.18388,33.25996,0.6363412,0.8925204,0.408077,12.654193,533.1223,2.5758998,0.45927373,0.19392133,0.2653524,orta-dusuk,Agaclik,predicted,0.2903,0.3651,ORTA
AKD_2021_03,AKD_2021_03_004492,36.18387,33.26274,0.52664715,1.0,0.43817192,22.44668,598.8043,2.3295894,0.4412229,0.16452375,0.27669916,orta-dusuk,Agaclik,predicted,0.2928,0.4878,ORTA
AKD_2021_03,AKD_2021_03_004493,36.18387,33.26552,0.45356506,0.9182188,0.40702498,25.348822,724.0627,2.0841577,0.46074325,0.23568138,0.22506186,orta-dusuk,Agaclik,predicted,0.3035,0.5487,YUKSEK
AKD_2021_03,AKD_2021_03_004494,36.18386,33.2683,0.25696895,0.895199,0.20323981,15.681952,755.5376,1.8399566,0.35889626,0.27505106,0.0838452,dusuk,Agaclik,low_severity,,0.0,DUSUK
AKD_2021_03,AKD_2021_03_004495,36.18385,33.27108,0.5710427,0.99995834,0.24642308,19.331106,703.49054,1.5975504,0.41812658,0.2634461,0.15468049,dusuk,Agaclik,low_severity,,0.0,DUSUK
AKD_2021_03,AKD_2021_03_004496,36.18385,33.27386,0.16426928,0.7178157,0.34457427,30.32406,699.597,1.3579006,0.4110281,0.21418954,0.19683854,orta-dusuk,Agaclik,low_severity,,0.0,DUSUK
AKD_2021_03,AKD_2021_03_004497,36.18384,33.27664,0.0,0.0,0.3020906,31.013212,748.68536,1.1227736,0.28020403,0.13019198,0.15001205,orta-dusuk,Otlak/calilik,low_severity,,0.0,DUSUK
AKD_2021_03,AKD_2021_03_004498,36.18384,33.27942,0.20424515,0.16983938,0.28454167,34.827286,650.85297,0.89573854,0.26810864,0.12525727,0.14285137,orta-dusuk,Otlak/calilik,low_severity,,0.0,DUSUK
AKD_2021_03,AKD_2021_03_004499,36.18383,33.2822,0.69965184,0.71205753,0.49104452,16.74071,564.43756,0.68489,0.42384785,0.166518,0.25732985,orta-yuksek,Agaclik,predicted,0.314,0.5415,YUKSEK
AKD_2021_03,AKD_2021_03_004500,36.18382,33.28498,0.5316637,0.4050974,0.50562,13.109671,593.8412,0.5106868,0.37274647,0.1494303,0.22331616,orta-yuksek,Otlak/calilik,predicted,0.3101,0.5044,YUKSEK
AKD_2021_03,AKD_2021_03_004501,36.18382,33.28776,0.3576544,0.93901163,0.4684983,4.1974154,614.35754,0.42134047,0.32847577,0.16975605,0.15871972,orta-yuksek,Agaclik,low_severity,,0.0,DUSUK
AKD_2021_03,AKD_2021_03_004502,36.18381,33.29054,0.40474495,1.0,0.4835493,3.310994,616.2832,0.46824625,0.32868975,0.18181303,0.14687672,orta-yuksek,Agaclik,low_severity,,0.0,DUSUK
AKD_2021_03,AKD_2021_03_004503,36.1838,33.29332,1.0,1.0,0.60848844,12.509178,596.5173,0.4347945,0.50067776,0.19782776,0.30285,orta-yuksek,Agaclik,predicted,0.4215,0.6805,YUKSEK
AKD_2021_03,AKD_2021_03_004504,36.1838,33.2961,0.8021492,0.9215516,0.58283466,23.754292,511.6036,0.18918502,0.49724108,0.1944421,0.302799,orta-yuksek,Agaclik,predicted,0.3746,0.7397,YUKSEK
AKD_2021_03,AKD_2021_03_004505,36.18379,33.29888,0.029626159,0.044125397,0.26119745,12.89572,425.0184,0.086808495,0.32467672,0.21599248,0.10868424,dusuk,Otlak/calilik,low_severity,,0.0,DUSUK
AKD_2021_03,AKD_2021_03_004512,36.18374,33.31834,0.703404,0.70138747,0.28661788,17.472033,418.501,0.9368551,0.4189408,0.27861357,0.14032724,orta-dusuk,Agaclik,low_severity,,0.0,DUSUK
AKD_2021_03,AKD_2021_03_004513,36.18373,33.32113,0.76971525,0.9177144,0.31512162,16.677032,493.68878,1.0712276,0.48838237,0.3859202,0.10246217,orta-dusuk,Agaclik,low_severity,,0.0,DUSUK
AKD_2021_03,AKD_2021_03_004514,36.18372,33.32391,0.99583143,1.0,0.5064255,5.4855847,522.2633,1.2419176,0.5348824,0.20739141,0.32749102,orta-yuksek,Agaclik,predicted,0.4148,0.5534,YUKSEK
AKD_2021_03,AKD_2021_03_004515,36.18372,33.32669,0.99484825,1.0,0.2983558,4.7565036,525.33417,1.3832245,0.49780837,0.29935572,0.19845265,orta-dusuk,Agaclik,low_severity,,0.0,DUSUK
AKD_2021_03,AKD_2021_03_004516,36.18371,33.32947,0.37924182,0.61245227,0.17330277,22.526634,486.2208,1.1838845,0.37974846,0.28476277,0.09498569,dusuk,Otlak/calilik,low_severity,,0.0,DUSUK
AKD_2021_03,AKD_2021_03_004574,36.18163,33.25717,0.6517729,0.7755931,0.3247967,13.505856,459.72845,2.610804,0.46096772,0.26683086,0.19413686,orta-dusuk,Agaclik,low_severity,,0.0,DUSUK
AKD_2021_03,AKD_2021_03_004575,36.18163,33.25995,0.97044075,0.961349,0.47852513,17.02858,510.58456,2.531128,0.5958965,0.28491566,0.31098083,orta-yuksek,Agaclik,predicted,0.377,0.5541,YUKSEK
AKD_2021_03,AKD_2021_03_004576,36.18162,33.26273,0.95028245,1.0,0.34671083,24.704796,609.1527,2.297791,0.56276464,0.31172028,0.25104436,orta-dusuk,Agaclik,predicted,0.4157,0.7113,YUKSEK
AKD_2021_03,AKD_2021_03_004577,36.18161,33.26551,0.3913866,1.0,0.3784654,22.543514,696.4087,2.0485532,0.43473297,0.21403527,0.2206977,orta-dusuk,Agaclik,predicted,0.2721,0.4696,ORTA
AKD_2021_03,AKD_2021_03_004578,36.18161,33.26829,0.23369782,0.9389812,0.3142866,27.446936,682.75684,1.7995269,0.38011372,0.18903632,0.1910774,orta-dusuk,Agaclik,low_severity,,0.0,DUSUK
AKD_2021_03,AKD_2021_03_004579,36.1816,33.27107,0.2234599,1.0,0.2414427,22.24813,617.94885,1.5508139,0.40377772,0.22780864,0.17596908,dusuk,Agaclik,low_severity,,0.0,DUSUK
AKD_2021_03,AKD_2021_03_004580,36.18159,33.27385,0.2458334,0.9345318,0.26070756,24.623135,571.1677,1.3025937,0.4145878,0.23817857,0.17640923,dusuk,Agaclik,low_severity,,0.0,DUSUK
AKD_2021_03,AKD_2021_03_004581,36.18159,33.27663,0.06421717,0.047757216,0.3151461,29.707767,616.6703,1.0552143,0.30042794,0.14324932,0.15717863,orta-dusuk,Otlak/calilik,low_severity,,0.0,DUSUK
AKD_2021_03,AKD_2021_03_004582,36.18158,33.27941,0.56416,0.61924875,0.5663582,27.3563,555.07,0.8094467,0.42210448,0.1403925,0.281712,orta-yuksek,Agaclik,predicted,0.3288,0.6745,YUKSEK
AKD_2021_03,AKD_2021_03_004583,36.18158,33.28219,0.8540904,0.8945447,0.6460812,16.985113,503.86453,0.56738937,0.50232756,0.16851902,0.33380854,orta-yuksek,Agaclik,predicted,0.3543,0.6147,YUKSEK
AKD_2021_03,AKD_2021_03_004584,36.18157,33.28497,0.9160527,0.9461198,0.51713574,17.513214,571.5804,0.33713126,0.49821213,0.22013567,0.27807647,orta-yuksek,Agaclik,predicted,0.3542,0.6317,YUKSEK
AKD_2021_03,AKD_2021_03_004585,36.18156,33.28775,0.7936445,0.8870665,0.61430943,7.707431,607.5017,0.17431074,0.45678237,0.19427472,0.26250765,orta-yuksek,Agaclik,predicted,0.3211,0.4801,ORTA
AKD_2021_03,AKD_2021_03_004586,36.18156,33.29053,0.9049499,1.0,0.6259552,6.493911,609.55365,0.2685349,0.4791337,0.20068222,0.27845147,orta-yuksek,Agaclik,predicted,0.3763,0.5508,YUKSEK
AKD_2021_03,AKD_2021_03_004587,36.18155,33.29331,0.95543265,1.0,0.55280375,16.734896,568.24994,0.4742124,0.51853013,0.2195975,0.2989326,orta-yuksek,Agaclik,predicted,0.397,0.6852,YUKSEK
AKD_2021_03,AKD_2021_03_004588,36.18154,33.29609,0.7079233,0.838859,0.4744136,20.893728,472.54642,0.26762316,0.45219344,0.20371602,0.24847741,orta-yuksek,Agaclik,predicted,0.2988,0.583,YUKSEK
AKD_2021_03,AKD_2021_03_004589,36.18153,33.29887,0.010059801,0.021362709,0.24668166,9.3347845,410.84363,0.20824717,0.28357288,0.19906443,0.08450845,dusuk,Otlak/calilik,low_severity,,0.0,DUSUK
AKD_2021_03,AKD_2021_03_004594,36.1815,33.31278,0.08984882,0.047679555,0.15579638,1.8858628,368.95718,0.5962298,0.2693841,0.22340384,0.045980245,dusuk,Otlak/calilik,low_severity,,0.0,DUSUK
AKD_2021_03,AKD_2021_03_004595,36.18149,33.31556,0.8080957,0.7096364,0.34815064,4.3384614,380.10016,0.6126344,0.442,0.23149335,0.21050665,orta-dusuk,Agaclik,predicted,0.2207,0.2605,ORTA
AKD_2021_03,AKD_2021_03_004596,36.18148,33.31834,0.39872345,0.105826125,0.42211518,12.6057415,414.28558,0.7212156,0.4122507,0.17622016,0.23603053,orta-dusuk,Otlak/calilik,predicted,0.2246,0.3512,ORTA
AKD_2021_03,AKD_2021_03_004597,36.18148,33.32112,0.49723154,0.68167096,0.4114416,14.166607,474.22534,0.88880986,0.44177055,0.20957837,0.23219219,orta-dusuk,Agaclik,predicted,0.2664,0.427,ORTA
AKD_2021_03,AKD_2021_03_004598,36.18147,33.3239,0.96263945,1.0,0.34440365,8.777321,513.46454,1.0884916,0.5276427,0.29018974,0.23745298,orta-dusuk,Agaclik,predicted,0.3444,0.4837,ORTA
AKD_2021_03,AKD_2021_03_004599,36.18146,33.32668,0.97203636,1.0,0.21847782,5.5236177,537.6984,1.2610853,0.52623135,0.3767836,0.14944774,dusuk,Agaclik,low_severity,,0.0,DUSUK
AKD_2021_03,AKD_2021_03_004600,36.18145,33.32946,0.2226667,0.6510831,0.19585192,29.049187,474.10168,1.0385607,0.37389818,0.25606737,0.11783081,dusuk,Otlak/calilik,low_severity,,0.0,DUSUK
AKD_2021_03,AKD_2021_03_004658,36.17938,33.25716,0.97086847,0.77015924,0.22145829,19.996143,462.51825,2.3794513,0.44397107,0.29196233,0.15200874,dusuk,Agaclik,low_severity,,0.0,DUSUK
AKD_2021_03,AKD_2021_03_004659,36.17937,33.25994,1.0,1.0,0.32272214,28.41154,560.535,2.291746,0.5611737,0.30121532,0.25995836,orta-dusuk,Agaclik,predicted,0.4657,0.8321,COK_YUKSEK
AKD_2021_03,AKD_2021_03_004660,36.17937,33.26272,0.9962875,1.0,0.3010401,19.312294,654.0815,2.2287686,0.54768765,0.3581038,0.18958384,orta-dusuk,Agaclik,low_severity,,0.0,DUSUK
AKD_2021_03,AKD_2021_03_004661,36.17936,33.2655,0.3841748,1.0,0.31893528,24.816673,615.83563,2.0431414,0.42949814,0.22602938,0.20346875,orta-dusuk,Agaclik,predicted,0.2843,0.5141,YUKSEK
AKD_2021_03,AKD_2021_03_004662,36.17935,33.26828,0.4298161,0.8051625,0.29028723,21.443077,561.76874,1.7933637,0.3961919,0.22150767,0.17468423,orta-dusuk,Agaclik,low_severity,,0.0,DUSUK
AKD_2021_03,AKD_2021_03_004663,36.17935,33.27106,0.11474395,1.0,0.2774306,14.563769,587.70667,1.543658,0.39288563,0.2247716,0.16811402,orta-dusuk,Agaclik,low_severity,,0.0,DUSUK
AKD_2021_03,AKD_2021_03_004664,36.17934,33.27384,0.31923676,0.9670833,0.24203175,21.346739,513.3682,1.2940661,0.41431957,0.2521542,0.16216537,dusuk,Agaclik,low_severity,,0.0,DUSUK
AKD_2021_03,AKD_2021_03_004665,36.17933,33.27662,0.4729763,0.6669734,0.35127527,22.947544,486.31454,1.0446692,0.40107366,0.20559786,0.1954758,orta-dusuk,Agaclik,low_severity,,0.0,DUSUK
AKD_2021_03,AKD_2021_03_004666,36.17933,33.2794,0.46415237,0.9389812,0.4945244,19.297148,462.01608,0.79565096,0.43068135,0.16627893,0.26440242,orta-yuksek,Agaclik,predicted,0.3013,0.5434,YUKSEK
AKD_2021_03,AKD_2021_03_004667,36.17932,33.28219,0.94815487,0.97432846,0.5677538,16.858013,485.47495,0.54752827,0.47399384,0.19719975,0.27679408,orta-yuksek,Agaclik,predicted,0.3907,0.6728,YUKSEK
AKD_2021_03,AKD_2021_03_004668,36.17931,33.28497,0.35316128,0.26766664,0.40207762,14.225037,543.1223,0.3025127,0.38501906,0.19388166,0.1911374,orta-dusuk,Otlak/calilik,low_severity,,0.0,DUSUK
AKD_2021_03,AKD_2021_03_004669,36.17931,33.28775,0.29743704,0.28657302,0.48014507,18.23279,550.49084,0.0907782,0.39969352,0.18775302,0.2119405,orta-yuksek,Otlak/calilik,predicted,0.2872,0.5442,YUKSEK
AKD_2021_03,AKD_2021_03_004670,36.1793,33.29053,0.89479095,1.0,0.6269017,9.346825,591.8624,0.22353397,0.48952538,0.21202317,0.2775022,orta-yuksek,Agaclik,predicted,0.3885,0.6037,YUKSEK
AKD_2021_03,AKD_2021_03_004671,36.17929,33.29331,0.9606013,1.0,0.41465086,15.183303,569.6769,0.46550423,0.5078337,0.24556595,0.26226777,orta-dusuk,Agaclik,predicted,0.3557,0.6024,YUKSEK
AKD_2021_03,AKD_2021_03_004672,36.17929,33.29609,0.60963774,0.84285665,0.47755903,20.95527,474.82828,0.48213413,0.4595501,0.20698154,0.25256857,orta-yuksek,Agaclik,predicted,0.2945,0.5661,YUKSEK
AKD_2021_03,AKD_2021_03_004673,36.17928,33.29887,0.4114275,0.40136522,0.41615635,10.372469,404.73373,0.45188278,0.37779185,0.2002653,0.17752655,orta-dusuk,Otlak/calilik,low_severity,,0.0,DUSUK
AKD_2021_03,AKD_2021_03_004674,36.17927,33.30165,0.37272674,0.26018754,0.24903235,4.888986,375.17142,0.47549912,0.34963554,0.25593728,0.09369826,dusuk,Otlak/calilik,low_severity,,0.0,DUSUK
AKD_2021_03,AKD_2021_03_004677,36.17925,33.30999,0.20374627,0.1667516,0.27189624,1.5427362,361.32574,0.47761223,0.27321944,0.17626663,0.09695281,orta-dusuk,Otlak/calilik,low_severity,,0.0,DUSUK
AKD_2021_03,AKD_2021_03_004678,36.17925,33.31277,0.85674804,0.87411344,0.47902358,4.516898,366.46024,0.35063434,0.449551,0.19624609,0.2533049,orta-yuksek,Agaclik,predicted,0.263,0.3434,ORTA
AKD_2021_03,AKD_2021_03_004679,36.17924,33.31555,0.9399875,0.98243815,0.38871402,9.311569,396.50894,0.3778564,0.4953041,0.27848288,0.21682122,orta-dusuk,Agaclik,predicted,0.3293,0.5006,YUKSEK
AKD_2021_03,AKD_2021_03_004680,36.17923,33.31833,0.9404078,0.94438565,0.35490644,9.717342,400.1315,0.5362895,0.47199935,0.26123562,0.21076372,orta-dusuk,Agaclik,predicted,0.2971,0.4454,ORTA
AKD_2021_03,AKD_2021_03_004681,36.17922,33.32111,0.3746112,0.9976681,0.4216332,20.203037,475.53607,0.7466173,0.4493888,0.22077285,0.22861595,orta-dusuk,Agaclik,predicted,0.2711,0.5072,YUKSEK
AKD_2021_03,AKD_2021_03_004682,36.17922,33.32389,0.99667275,1.0,0.3254066,7.1397853,538.4685,0.9758424,0.53220165,0.31896436,0.21323729,orta-dusuk,Agaclik,predicted,0.4127,0.5812,YUKSEK
AKD_2021_03,AKD_2021_03_004683,36.17921,33.32667,0.9113919,1.0,0.33385408,5.264314,541.9348,1.0677615,0.5428144,0.31739545,0.22541893,orta-dusuk,Agaclik,predicted,0.3318,0.4263,ORTA
AKD_2021_03,AKD_2021_03_004684,36.1792,33.32945,0.032057766,0.24053362,0.22190738,30.430803,463.69196,0.93842125,0.35037246,0.22128262,0.12908985,dusuk,Otlak/calilik,low_severity,,0.0,DUSUK
AKD_2021_03,AKD_2021_03_004741,36.17713,33.25438,0.9230102,0.9951533,0.1332131,26.184616,435.26886,2.2730968,0.45858836,0.41536415,0.043224216,dusuk,Agaclik,low_severity,,0.0,DUSUK
AKD_2021_03,AKD_2021_03_004742,36.17712,33.25716,1.0,1.0,0.16649109,31.596218,555.73517,2.152273,0.52888346,0.38227198,0.14661148,dusuk,Agaclik,low_severity,,0.0,DUSUK
AKD_2021_03,AKD_2021_03_004744,36.17711,33.26272,0.8094813,1.0,0.3789626,24.483072,647.4385,1.9844143,0.5152794,0.28941506,0.22586435,orta-dusuk,Agaclik,predicted,0.3519,0.622,YUKSEK
AKD_2021_03,AKD_2021_03_004745,36.17711,33.2655,0.026562547,0.61155427,0.15048683,22.100746,541.9952,1.9437621,0.38439512,0.2751488,0.10924631,dusuk,Agaclik,low_severity,,0.0,DUSUK
AKD_2021_03,AKD_2021_03_004746,36.1771,33.26828,0.07567469,0.07813348,0.123697214,13.659066,497.63467,1.821815,0.29681462,0.24471885,0.05209577,dusuk,Otlak/calilik,low_severity,,0.0,DUSUK
AKD_2021_03,AKD_2021_03_004747,36.17709,33.27106,0.19909348,0.7136277,0.34695736,20.535013,550.02386,1.5766219,0.39175805,0.2163207,0.17543736,orta-dusuk,Agaclik,low_severity,,0.0,DUSUK
AKD_2021_03,AKD_2021_03_004748,36.17709,33.27384,0.17377491,0.5423139,0.32616282,25.487123,523.8876,1.3332155,0.37304652,0.18547826,0.18756826,orta-dusuk,Agaclik,low_severity,,0.0,DUSUK
AKD_2021_03,AKD_2021_03_004749,36.17708,33.27662,0.061554253,0.34637895,0.14108838,15.753272,429.11038,1.09279,0.29643834,0.20187455,0.09456378,dusuk,Otlak/calilik,low_severity,,0.0,DUSUK
AKD_2021_03,AKD_2021_03_004750,36.17707,33.2794,0.23117632,0.5694348,0.2992075,13.020901,424.8621,0.857856,0.35610986,0.19196923,0.16414063,orta-dusuk,Agaclik,low_severity,,0.0,DUSUK
AKD_2021_03,AKD_2021_03_004751,36.17707,33.28218,0.3356254,0.84620947,0.55718017,16.896389,462.85443,0.63454205,0.4467206,0.19717717,0.24954343,orta-yuksek,Agaclik,predicted,0.3179,0.552,YUKSEK
AKD_2021_03,AKD_2021_03_004752,36.17706,33.28496,0.110669665,0.3724148,0.4334712,15.297584,489.98837,0.44087455,0.39253283,0.19376452,0.1987683,orta-dusuk,Otlak/calilik,low_severity,,0.0,DUSUK
AKD_2021_03,AKD_2021_03_004753,36.17705,33.28774,0.0037951148,0.005595477,0.34056568,20.379948,466.67117,0.33331236,0.37310517,0.19132468,0.18178049,orta-dusuk,Otlak/calilik,low_severity,,0.0,DUSUK
AKD_2021_03,AKD_2021_03_004754,36.17705,33.29052,0.10623017,0.17505091,0.5199363,23.99252,541.77466,0.39092696,0.4257093,0.19152668,0.23418263,orta-yuksek,Otlak/calilik,predicted,0.32,0.6446,YUKSEK
AKD_2021_03,AKD_2021_03_004755,36.17704,33.2933,0.8705889,0.77763283,0.3994437,14.381936,576.57526,0.5652881,0.4768303,0.23753294,0.23929736,orta-dusuk,Agaclik,predicted,0.3235,0.5371,YUKSEK
AKD_2021_03,AKD_2021_03_004756,36.17703,33.29608,0.33370656,0.40603688,0.41079596,22.699192,473.9407,0.7199198,0.43247077,0.22389996,0.20857081,orta-dusuk,Otlak/calilik,predicted,0.2623,0.5215,YUKSEK
AKD_2021_03,AKD_2021_03_004757,36.17703,33.29886,0.678091,0.7608975,0.5477712,12.002904,408.48395,0.70002085,0.44403547,0.18274814,0.26128733,orta-yuksek,Agaclik,predicted,0.2852,0.443,ORTA
AKD_2021_03,AKD_2021_03_004758,36.17702,33.30164,0.08056584,0.2190087,0.26836896,6.466826,368.38535,0.7169996,0.32585293,0.20119031,0.12466262,dusuk,Otlak/calilik,low_severity,,0.0,DUSUK
AKD_2021_03,AKD_2021_03_004759,36.17701,33.30442,0.12138647,0.0,0.2247912,2.7353733,353.94653,0.7079729,0.23512723,0.17172113,0.063406095,dusuk,Otlak/calilik,low_severity,,0.0,DUSUK
AKD_2021_03,AKD_2021_03_004760,36.17701,33.3072,0.0,0.0,0.2985722,2.200741,352.63422,0.5922305,0.25463572,0.17104314,0.08359258,orta-dusuk,Otlak/calilik,low_severity,,0.0,DUSUK
AKD_2021_03,AKD_2021_03_004761,36.177,33.30998,0.013928432,0.09432842,0.32121918,2.6260996,355.05026,0.34722897,0.29995477,0.16904846,0.13090631,orta-dusuk,Otlak/calilik,low_severity,,0.0,DUSUK
AKD_2021_03,AKD_2021_03_004762,36.17699,33.31276,0.33491537,0.41536343,0.26814404,13.234748,379.0294,0.124092534,0.3858407,0.26272213,0.12311858,dusuk,Agaclik,low_severity,,0.0,DUSUK
AKD_2021_03,AKD_2021_03_004763,36.17698,33.31554,0.8222946,1.0,0.3184709,13.473519,426.54556,0.18769646,0.49375835,0.32459548,0.16916287,orta-dusuk,Agaclik,low_severity,,0.0,DUSUK
AKD_2021_03,AKD_2021_03_004764,36.17698,33.31832,0.6834008,1.0,0.38892612,11.553319,409.5652,0.42433593,0.46433154,0.25042364,0.2139079,orta-dusuk,Agaclik,predicted,0.2618,0.4142,ORTA
AKD_2021_03,AKD_2021_03_004765,36.17697,33.3211,0.0005368298,0.27734604,0.41862863,19.505335,463.7713,0.6707399,0.39819854,0.18421921,0.21397933,orta-dusuk,Otlak/calilik,predicted,0.2436,0.4592,ORTA
AKD_2021_03,AKD_2021_03_004766,36.17696,33.32388,0.18045786,0.06645375,0.41744548,16.060144,528.0406,0.8018294,0.40978348,0.21355852,0.19622496,orta-dusuk,Otlak/calilik,low_severity,,0.0,DUSUK
AKD_2021_03,AKD_2021_03_004767,36.17695,33.32666,0.11895824,0.18849145,0.38133252,7.848101,550.2777,0.8232027,0.39644825,0.18822685,0.2082214,orta-dusuk,Otlak/calilik,predicted,0.2312,0.305,ORTA
AKD_2021_03,AKD_2021_03_004768,36.17695,33.32944,0.030682195,0.015984362,0.26899216,22.271318,511.81528,0.89869934,0.32960296,0.17704077,0.15256219,dusuk,Otlak/calilik,low_severity,,0.0,DUSUK
AKD_2021_03,AKD_2021_03_004769,36.17694,33.33222,0.67509264,0.061018847,0.3051082,28.904339,427.35175,0.64879346,0.4459957,0.26335147,0.18264422,orta-dusuk,Otlak/calilik,low_severity,,0.0,DUSUK
AKD_2021_03,AKD_2021_03_004825,36.17488,33.25437,1.0,1.0,0.19835652,25.097887,456.35938,2.0645723,0.5019395,0.3705844,0.13135508,dusuk,Agaclik,low_severity,,0.0,DUSUK
AKD_2021_03,AKD_2021_03_004826,36.17487,33.25715,0.9393058,1.0,0.23705241,33.102802,601.3857,1.9307433,0.50640655,0.36611927,0.14028728,dusuk,Agaclik,low_severity,,0.0,DUSUK
AKD_2021_03,AKD_2021_03_004827,36.17486,33.25993,0.83457273,1.0,0.34438667,20.539532,727.3854,1.8215599,0.52108234,0.31989232,0.20119002,orta-dusuk,Agaclik,predicted,0.3428,0.5726,YUKSEK
AKD_2021_03,AKD_2021_03_004828,36.17486,33.26271,0.65655285,1.0,0.3937752,29.596172,639.48413,1.7416633,0.48832583,0.24326846,0.24505737,orta-dusuk,Agaclik,predicted,0.303,0.6111,YUKSEK
AKD_2021_03,AKD_2021_03_004829,36.17485,33.26549,0.47657123,0.9736639,0.14354214,18.18706,535.96454,1.6951996,0.42222768,0.3300414,0.09218627,dusuk,Agaclik,low_severity,,0.0,DUSUK
AKD_2021_03,AKD_2021_03_004831,36.17484,33.27105,0.34048456,0.27686518,0.25853112,17.525324,460.88464,1.6472987,0.33251268,0.23528004,0.09723264,dusuk,Otlak/calilik,low_severity,,0.0,DUSUK
AKD_2021_03,AKD_2021_03_004832,36.17483,33.27383,0.060694482,0.38736263,0.2587247,21.323404,442.3953,1.4160931,0.31700864,0.17693985,0.1400688,dusuk,Otlak/calilik,low_severity,,0.0,DUSUK
AKD_2021_03,AKD_2021_03_004834,36.17482,33.27939,0.20352346,0.009785099,0.15178713,8.293832,383.7119,0.98171955,0.2875023,0.2209419,0.06656039,dusuk,Otlak/calilik,low_severity,,0.0,DUSUK
AKD_2021_03,AKD_2021_03_004835,36.17481,33.28217,0.63262165,0.58400255,0.34685254,12.368543,413.59183,0.7940403,0.3623232,0.19611295,0.16621025,orta-dusuk,Agaclik,low_severity,,0.0,DUSUK
AKD_2021_03,AKD_2021_03_004836,36.17481,33.28495,0.1562261,0.23736344,0.48500648,16.777714,426.11026,0.6497898,0.40656686,0.18150795,0.22505891,orta-yuksek,Otlak/calilik,predicted,0.2646,0.4643,ORTA
AKD_2021_03,AKD_2021_03_004837,36.1748,33.28773,0.060128056,0.0,0.27239692,12.8656025,400.105,0.5821972,0.32054412,0.18247998,0.13806415,orta-dusuk,Otlak/calilik,low_severity,,0.0,DUSUK
AKD_2021_03,AKD_2021_03_004838,36.17479,33.29051,0.16000693,0.0,0.31583983,24.33617,465.98456,0.61699295,0.36475945,0.20802212,0.15673733,orta-dusuk,Otlak/calilik,low_severity,,0.0,DUSUK
AKD_2021_03,AKD_2021_03_004839,36.17479,33.29329,0.50089395,0.23219724,0.4786721,19.8174,534.2646,0.73986965,0.4092133,0.18344468,0.22576863,orta-yuksek,Otlak/calilik,predicted,0.2623,0.4892,ORTA
AKD_2021_03,AKD_2021_03_004840,36.17478,33.29607,0.23719151,0.08529197,0.2864409,15.793017,500.9513,0.9160425,0.32251823,0.17453603,0.1479822,orta-dusuk,Otlak/calilik,low_severity,,0.0,DUSUK
AKD_2021_03,AKD_2021_03_004841,36.17477,33.29885,0.44312438,0.292488,0.37884873,19.40428,423.8856,0.9491367,0.42167813,0.20151298,0.22016515,orta-dusuk,Otlak/calilik,predicted,0.2377,0.4348,ORTA
AKD_2021_03,AKD_2021_03_004842,36.17477,33.30163,0.5029299,0.4511761,0.24369971,11.438155,368.3656,0.9628486,0.38079518,0.24673767,0.1340575,dusuk,Otlak/calilik,low_severity,,0.0,DUSUK
AKD_2021_03,AKD_2021_03_004843,36.17476,33.30441,0.2099797,0.14699733,0.20713693,5.451722,349.58517,0.850506,0.24948235,0.18052772,0.06895463,dusuk,Otlak/calilik,low_severity,,0.0,DUSUK
AKD_2021_03,AKD_2021_03_004844,36.17475,33.30719,0.004399501,0.0,0.27952862,1.8743792,344.27466,0.6067878,0.26527324,0.16499674,0.1002765,orta-dusuk,Otlak/calilik,low_severity,,0.0,DUSUK
AKD_2021_03,AKD_2021_03_004845,36.17474,33.30997,0.19302623,0.25115493,0.4463177,8.546213,354.98187,0.37151375,0.3652231,0.15761529,0.20760782,orta-yuksek,Otlak/calilik,predicted,0.244,0.3556,ORTA
AKD_2021_03,AKD_2021_03_004846,36.17474,33.31275,0.43054292,0.45796964,0.45003054,19.48169,422.78958,0.18125525,0.44435096,0.21489899,0.22945197,orta-yuksek,Agaclik,predicted,0.2788,0.5398,YUKSEK
AKD_2021_03,AKD_2021_03_004847,36.17473,33.31553,0.5713489,0.64134824,0.3705442,11.090482,476.4474,0.22953099,0.4506042,0.261119,0.18948519,orta-dusuk,Agaclik,low_severity,,0.0,DUSUK
AKD_2021_03,AKD_2021_03_004848,36.17472,33.31831,0.6023647,0.7979582,0.33917147,11.9827385,457.78613,0.44442713,0.45810682,0.29989922,0.1582076,orta-dusuk,Agaclik,low_severity,,0.0,DUSUK
AKD_2021_03,AKD_2021_03_004849,36.17472,33.32109,0.17386279,0.008997711,0.40118462,11.116399,451.5736,0.6290835,0.3945464,0.19288503,0.20166136,orta-dusuk,Otlak/calilik,predicted,0.243,0.3691,ORTA
AKD_2021_03,AKD_2021_03_004850,36.17471,33.32387,0.0,0.0,0.2091018,15.26398,453.23016,0.552701,0.30279806,0.21827434,0.08452372,dusuk,Otlak/calilik,low_severity,,0.0,DUSUK
AKD_2021_03,AKD_2021_03_004851,36.1747,33.32665,0.0,0.0,0.37149495,13.205308,502.11267,0.5832759,0.36222667,0.15362272,0.20860395,orta-dusuk,Otlak/calilik,predicted,0.2072,0.3366,ORTA
AKD_2021_03,AKD_2021_03_004852,36.17469,33.32943,0.0,0.0,0.45365483,9.953849,524.83234,0.7070666,0.38590926,0.13975395,0.2461553,orta-yuksek,Otlak/calilik,predicted,0.2224,0.3196,ORTA
AKD_2021_03,AKD_2021_03_004853,36.17469,33.33221,0.109350495,0.0,0.35043406,19.712898,498.21347,0.6877201,0.3537501,0.17511025,0.17863986,orta-dusuk,Otlak/calilik,low_severity,,0.0,DUSUK
AKD_2021_03,AKD_2021_03_004908,36.17263,33.25158,1.0,1.0,0.19328794,24.161085,397.05963,2.0353475,0.5037476,0.39060336,0.11314422,dusuk,Agaclik,low_severity,,0.0,DUSUK
AKD_2021_03,AKD_2021_03_004909,36.17262,33.25436,1.0,1.0,0.27171135,30.074282,489.8387,1.8662664,0.56630284,0.37192747,0.19437537,orta-dusuk,Agaclik,low_severity,,0.0,DUSUK
AKD_2021_03,AKD_2021_03_004910,36.17262,33.25714,0.72288555,0.69161797,0.2259219,32.441044,659.2814,1.71705,0.44596577,0.2721589,0.17380688,dusuk,Agaclik,low_severity,,0.0,DUSUK
AKD_2021_03,AKD_2021_03_004911,36.17261,33.25992,0.15000352,0.73807067,0.30438665,24.271467,700.4842,1.5932894,0.40540487,0.22950736,0.17589751,orta-dusuk,Agaclik,low_severity,,0.0,DUSUK
AKD_2021_03,AKD_2021_03_004912,36.1726,33.2627,0.0025836367,0.88191336,0.3558178,30.259401,602.8268,1.5012934,0.43119544,0.2203137,0.21088174,orta-dusuk,Agaclik,predicted,0.3014,0.6277,YUKSEK
AKD_2021_03,AKD_2021_03_004913,36.1726,33.26548,0.19523121,0.4852132,0.21507624,22.813118,507.20074,1.4471325,0.34465244,0.21453828,0.13011417,dusuk,Agaclik,low_severity,,0.0,DUSUK
AKD_2021_03,AKD_2021_03_004914,36.17259,33.26826,0.37457424,0.13626899,0.15658915,13.568087,445.66016,1.4350969,0.27209985,0.21487546,0.057224393,dusuk,Otlak/calilik,low_severity,,0.0,DUSUK
AKD_2021_03,AKD_2021_03_004915,36.17259,33.27104,0.11871795,0.0,0.11582911,8.793942,415.43613,1.4662243,0.24531421,0.19999713,0.045317084,dusuk,Otlak/calilik,low_severity,,0.0,DUSUK
AKD_2021_03,AKD_2021_03_004918,36.17257,33.27938,0.50091237,0.48603183,0.23576795,6.002699,365.44592,1.1474448,0.33948988,0.23702535,0.10246453,dusuk,Otlak/calilik,low_severity,,0.0,DUSUK
AKD_2021_03,AKD_2021_03_004919,36.17256,33.28216,0.7985805,0.7970902,0.49813637,14.650112,378.74908,0.99164337,0.412765,0.17874445,0.23402055,orta-yuksek,Agaclik,predicted,0.3142,0.5039,YUKSEK
AKD_2021_03,AKD_2021_03_004920,36.17255,33.28494,0.86446786,0.8178595,0.48326823,12.161959,366.9094,0.88038814,0.4083907,0.17477468,0.23361602,orta-yuksek,Agaclik,predicted,0.3222,0.4952,ORTA
AKD_2021_03,AKD_2021_03_004921,36.17255,33.28772,0.16546488,0.11469317,0.27301642,7.9040537,367.5613,0.83175117,0.31544054,0.18483031,0.13061023,orta-dusuk,Otlak/calilik,low_severity,,0.0,DUSUK
AKD_2021_03,AKD_2021_03_004922,36.17254,33.2905,0.29649097,0.4465025,0.42665505,15.197505,411.29782,0.8564676,0.3980177,0.20109971,0.196918,orta-dusuk,Otlak/calilik,low_severity,,0.0,DUSUK
AKD_2021_03,AKD_2021_03_004923,36.17253,33.29328,0.4942693,0.3907163,0.52367246,20.24106,452.2653,0.9488222,0.42366207,0.17391461,0.24974746,orta-yuksek,Agaclik,predicted,0.3114,0.5623,YUKSEK
AKD_2021_03,AKD_2021_03_004924,36.17253,33.29606,0.6783271,0.772256,0.32885313,11.953889,487.07837,1.091783,0.42435604,0.21725845,0.20709759,orta-dusuk,Agaclik,predicted,0.2872,0.4262,ORTA
AKD_2021_03,AKD_2021_03_004925,36.17252,33.29884,0.6075363,0.4363793,0.23384793,12.183364,452.60138,1.1986207,0.3820337,0.23994438,0.14208932,dusuk,Agaclik,low_severity,,0.0,DUSUK
AKD_2021_03,AKD_2021_03_004926,36.17251,33.30162,0.48306543,0.1397005,0.26792085,14.071695,426.9574,1.1601654,0.37614852,0.21810558,0.15804294,dusuk,Otlak/calilik,low_severity,,0.0,DUSUK
AKD_2021_03,AKD_2021_03_004927,36.17251,33.3044,0.48032534,0.27267104,0.35231748,13.878639,387.53616,0.9304918,0.37389547,0.19195059,0.18194488,orta-dusuk,Otlak/calilik,low_severity,,0.0,DUSUK
AKD_2021_03,AKD_2021_03_004928,36.1725,33.30718,0.3893026,0.02229819,0.48784244,7.008093,343.8985,0.71459496,0.4098357,0.17579985,0.23403585,orta-yuksek,Otlak/calilik,predicted,0.2479,0.3281,ORTA
AKD_2021_03,AKD_2021_03_004929,36.17249,33.30996,0.31299013,0.0,0.45121592,6.906827,338.8586,0.52960074,0.41837084,0.17919844,0.2391724,orta-yuksek,Otlak/calilik,predicted,0.2363,0.3176,ORTA
AKD_2021_03,AKD_2021_03_004930,36.17248,33.31274,0.26318982,0.13701864,0.47033718,18.317642,386.8282,0.41869795,0.41236573,0.16751769,0.24484804,orta-yuksek,Otlak/calilik,predicted,0.2451,0.4612,ORTA
AKD_2021_03,AKD_2021_03_004931,36.17248,33.31552,0.7712207,0.7862143,0.63968647,13.278508,449.01645,0.44174537,0.48643643,0.14900713,0.33742929,orta-yuksek,Agaclik,predicted,0.3559,0.5832,YUKSEK
AKD_2021_03,AKD_2021_03_004932,36.17247,33.3183,0.6194578,0.2904439,0.46689665,8.954878,470.8128,0.58306944,0.46290147,0.2018638,0.26103768,orta-yuksek,Agaclik,predicted,0.2499,0.359,ORTA
AKD_2021_03,AKD_2021_03_004933,36.17246,33.32108,0.16029483,0.0,0.36013126,12.478135,456.87134,0.4281286,0.3852991,0.1862289,0.19907019,orta-dusuk,Otlak/calilik,low_severity,,0.0,DUSUK
AKD_2021_03,AKD_2021_03_004934,36.17245,33.32386,0.0,0.0,0.28053927,7.26806,430.152,0.30500245,0.30939853,0.17921773,0.1301808,orta-dusuk,Otlak/calilik,low_severity,,0.0,DUSUK
AKD_2021_03,AKD_2021_03_004935,36.17245,33.32664,0.0,0.0,0.17276594,11.311011,459.0293,0.35743374,0.31268996,0.22991064,0.08277932,dusuk,Otlak/calilik,low_severity,,0.0,DUSUK
AKD_2021_03,AKD_2021_03_004936,36.17244,33.32942,0.0,0.0,0.43323085,12.255015,483.9953,0.5361821,0.3862346,0.1583557,0.22787891,orta-dusuk,Otlak/calilik,predicted,0.212,0.3364,ORTA
AKD_2021_03,AKD_2021_03_004937,36.17243,33.3322,0.0,0.0,0.45989478,14.812954,480.49533,0.75645465,0.353249,0.15248552,0.2007635,orta-yuksek,Otlak/calilik,predicted,0.2067,0.3447,ORTA
AKD_2021_03,AKD_2021_03_004938,36.17242,33.33498,0.0,0.0,0.13279633,32.323017,367.45282,0.5266977,0.3308144,0.29028296,0.040531427,dusuk,Otlak/calilik,low_severity,,0.0,DUSUK
AKD_2021_03,AKD_2021_03_004991,36.17038,33.2488,0.874972,0.99697083,0.16103949,28.330282,376.76654,2.06708,0.45760682,0.40187827,0.055728555,dusuk,Agaclik,low_severity,,0.0,DUSUK
AKD_2021_03,AKD_2021_03_004992,36.17037,33.25157,0.9477831,1.0,0.21160233,32.983635,513.43445,1.8676536,0.5114466,0.39924255,0.112204045,dusuk,Agaclik,low_severity,,0.0,DUSUK
AKD_2021_03,AKD_2021_03_004994,36.17036,33.25713,0.27530688,0.3687743,0.2753869,20.842499,685.5135,1.5145136,0.39678028,0.23029917,0.16648111,orta-dusuk,Agaclik,low_severity,,0.0,DUSUK
AKD_2021_03,AKD_2021_03_004995,36.17036,33.25991,0.49776256,0.89094585,0.2699614,29.991972,607.38763,1.3726114,0.44320372,0.27027583,0.17292789,dusuk,Agaclik,low_severity,,0.0,DUSUK
AKD_2021_03,AKD_2021_03_004998,36.17034,33.26825,0.123754695,0.0,0.18197563,7.1380982,418.2096,1.1853243,0.2567168,0.19442624,0.06229055,dusuk,Otlak/calilik,low_severity,,0.0,DUSUK
AKD_2021_03,AKD_2021_03_004999,36.17033,33.27103,0.071972534,0.0,0.11629991,6.1918654,397.81973,1.2228264,0.26442462,0.21064653,0.053778097,dusuk,Otlak/calilik,low_severity,,0.0,DUSUK
AKD_2021_03,AKD_2021_03_005000,36.17033,33.27381,0.3565791,0.0054093557,0.18597001,7.726463,389.6941,1.3079048,0.33381474,0.23994702,0.09386772,dusuk,Otlak/calilik,low_severity,,0.0,DUSUK
AKD_2021_03,AKD_2021_03_005001,36.17032,33.27659,0.6134756,0.7069992,0.34546053,7.2226768,365.85672,1.4321053,0.39327496,0.19825183,0.19502313,orta-dusuk,Agaclik,low_severity,,0.0,DUSUK
AKD_2021_03,AKD_2021_03_005002,36.17031,33.27937,0.4170996,0.8962997,0.28910023,3.8479218,346.94702,1.3395844,0.3319702,0.20905331,0.12291691,orta-dusuk,Agaclik,low_severity,,0.0,DUSUK
AKD_2021_03,AKD_2021_03_005004,36.1703,33.28493,0.22476485,0.24383885,0.18919434,5.265926,336.9885,1.1193479,0.2722519,0.18475042,0.08750148,dusuk,Otlak/calilik,low_severity,,0.0,DUSUK
AKD_2021_03,AKD_2021_03_005005,36.17029,33.28771,0.7600148,0.7481164,0.4451111,9.537005,369.4915,1.0815111,0.43367055,0.20951527,0.22415528,orta-yuksek,Agaclik,predicted,0.251,0.3424,ORTA
AKD_2021_03,AKD_2021_03_005006,36.17029,33.29049,0.6656918,0.96294856,0.57081234,10.5667715,372.67996,1.1006331,0.47075462,0.1790972,0.29165742,orta-yuksek,Agaclik,predicted,0.2973,0.4269,ORTA
AKD_2021_03,AKD_2021_03_005007,36.17028,33.29327,0.74623823,0.80153495,0.5625243,17.410357,377.3985,1.1739335,0.47744805,0.18970066,0.28774738,orta-yuksek,Agaclik,predicted,0.3338,0.5563,YUKSEK
AKD_2021_03,AKD_2021_03_005008,36.17027,33.29605,0.32479697,0.39328504,0.36252546,17.523748,461.21997,1.2922255,0.37349024,0.17628133,0.19720891,orta-dusuk,Agaclik,low_severity,,0.0,DUSUK
AKD_2021_03,AKD_2021_03_005009,36.17027,33.29883,0.0,0.0,0.33821595,16.702633,450.5438,1.4444977,0.34205028,0.16284797,0.17920232,orta-dusuk,Otlak/calilik,low_severity,,0.0,DUSUK
AKD_2021_03,AKD_2021_03_005010,36.17026,33.30161,0.384234,0.14535727,0.41985708,18.582727,378.88803,1.2702119,0.39375317,0.16257975,0.23117343,orta-dusuk,Otlak/calilik,predicted,0.2289,0.3958,ORTA
AKD_2021_03,AKD_2021_03_005011,36.17025,33.30439,0.047831617,0.023294901,0.38267374,13.999555,352.46738,1.0645514,0.3785752,0.17673784,0.20183736,orta-dusuk,Otlak/calilik,predicted,0.2727,0.4265,ORTA
AKD_2021_03,AKD_2021_03_005012,36.17024,33.30717,0.60396,0.18613972,0.4225366,10.00644,335.4053,0.88210005,0.45487088,0.21332736,0.24154352,orta-dusuk,Otlak/calilik,predicted,0.2157,0.3007,ORTA
AKD_2021_03,AKD_2021_03_005013,36.17024,33.30995,0.12799811,0.057935677,0.41282958,6.3676124,318.71326,0.74022394,0.42300928,0.19819285,0.22481643,orta-dusuk,Otlak/calilik,predicted,0.2596,0.3387,ORTA
AKD_2021_03,AKD_2021_03_005014,36.17023,33.31273,0.32269478,0.5103703,0.5355489,15.111245,361.85513,0.665404,0.44532806,0.17434576,0.2709823,orta-yuksek,Otlak/calilik,predicted,0.2936,0.492,ORTA
AKD_2021_03,AKD_2021_03_005015,36.17022,33.31551,0.4458658,0.3699091,0.591269,10.4741955,428.0154,0.6801423,0.46834013,0.16668078,0.30165935,orta-yuksek,Agaclik,predicted,0.327,0.4945,ORTA
AKD_2021_03,AKD_2021_03_005016,36.17022,33.31829,0.0,0.007704253,0.21556719,9.212132,423.4123,0.55777216,0.34771958,0.25424773,0.093471855,dusuk,Otlak/calilik,low_severity,,0.0,DUSUK
AKD_2021_03,AKD_2021_03_005017,36.17021,33.32107,0.0,0.0,0.1698446,8.541798,423.5484,0.30958387,0.302184,0.22081691,0.081367075,dusuk,Otlak/calilik,low_severity,,0.0,DUSUK
AKD_2021_03,AKD_2021_03_005018,36.1702,33.32385,0.0,0.0,0.21504487,6.114833,440.93832,0.07466296,0.31900293,0.21523727,0.10376565,dusuk,Otlak/calilik,low_severity,,0.0,DUSUK
AKD_2021_03,AKD_2021_03_005019,36.17019,33.32663,0.0,0.0,0.25262743,2.8185012,438.2299,0.2007659,0.3232585,0.19389111,0.12936738,dusuk,Otlak/calilik,low_severity,,0.0,DUSUK
AKD_2021_03,AKD_2021_03_005020,36.17019,33.32941,0.0,0.0,0.3316015,8.117447,443.94864,0.44725755,0.34951234,0.17459056,0.17492178,orta-dusuk,Otlak/calilik,low_severity,,0.0,DUSUK
AKD_2021_03,AKD_2021_03_005021,36.17018,33.33219,0.0,0.0,0.32815954,9.217679,441.053,0.6962555,0.3405429,0.21340582,0.1271371,orta-dusuk,Otlak/calilik,low_severity,,0.0,DUSUK
AKD_2021_03,AKD_2021_03_005022,36.17017,33.33497,0.0,0.0,0.26649368,29.658821,353.70114,0.57992756,0.31980538,0.20801897,0.11178641,dusuk,Otlak/calilik,low_severity,,0.0,DUSUK
AKD_2021_03,AKD_2021_03_005074,36.16813,33.24601,0.9393008,0.8392586,0.10687126,22.899591,330.14703,2.1570814,0.46443215,0.443706,0.020726144,dusuk,Agaclik,low_severity,,0.0,DUSUK
AKD_2021_03,AKD_2021_03_005075,36.16813,33.24879,0.9973814,1.0,0.19561523,25.136847,405.53476,1.9347636,0.5601828,0.4878792,0.07230362,dusuk,Agaclik,low_severity,,0.0,DUSUK
AKD_2021_03,AKD_2021_03_005076,36.16812,33.25157,0.48056337,0.91533834,0.28152537,36.314995,563.20917,1.7200642,0.4958967,0.33591408,0.15998262,orta-dusuk,Agaclik,low_severity,,0.0,DUSUK
AKD_2021_03,AKD_2021_03_005077,36.16811,33.25435,0.34262633,0.35695457,0.26171,22.288124,697.45306,1.5162227,0.37318087,0.23457792,0.13860294,dusuk,Otlak/calilik,low_severity,,0.0,DUSUK
AKD_2021_03,AKD_2021_03_005078,36.16811,33.25713,0.05316448,0.0038535497,0.29781258,27.235712,639.0205,1.3282478,0.35532612,0.18115042,0.1741757,orta-dusuk,Otlak/calilik,low_severity,,0.0,DUSUK
AKD_2021_03,AKD_2021_03_005079,36.1681,33.25991,0.07292188,0.13738999,0.109934345,23.620258,534.1894,1.1638525,0.26230854,0.20129672,0.06101182,dusuk,Otlak/calilik,low_severity,,0.0,DUSUK
AKD_2021_03,AKD_2021_03_005080,36.1681,33.26269,0.37817878,0.0,0.13336046,11.748337,473.1936,1.0343419,0.27678734,0.21330875,0.06347859,dusuk,Otlak/calilik,low_severity,,0.0,DUSUK
AKD_2021_03,AKD_2021_03_005081,36.16809,33.26547,0.25114164,0.0,0.20741275,16.721855,463.6206,0.95403033,0.3455965,0.24919796,0.09639853,dusuk,Otlak/calilik,low_severity,,0.0,DUSUK
AKD_2021_03,AKD_2021_03_005082,36.16808,33.26825,0.060699545,0.0,0.13948096,18.49119,447.6893,0.93567324,0.3452841,0.26868963,0.07659447,dusuk,Otlak/calilik,low_severity,,0.0,DUSUK
AKD_2021_03,AKD_2021_03_005083,36.16808,33.27103,0.0,0.0,0.107612744,16.585129,442.55145,0.98274875,0.33621207,0.2746583,0.061553776,dusuk,Otlak/calilik,low_severity,,0.0,DUSUK
AKD_2021_03,AKD_2021_03_005084,36.16807,33.27381,0.1935833,0.06735222,0.34183994,15.412159,409.75604,1.0867869,0.4273696,0.23746757,0.18990202,orta-dusuk,Otlak/calilik,low_severity,,0.0,DUSUK
AKD_2021_03,AKD_2021_03_005085,36.16806,33.27659,0.30135003,0.0642884,0.2129519,7.9311247,356.92096,1.2334571,0.37446892,0.22754723,0.1469217,dusuk,Otlak/calilik,low_severity,,0.0,DUSUK
AKD_2021_03,AKD_2021_03_005086,36.16806,33.27936,0.21692762,0.13644208,0.12998265,3.2496502,340.2696,1.409513,0.29563788,0.22295663,0.07268125,dusuk,Otlak/calilik,low_severity,,0.0,DUSUK
AKD_2021_03,AKD_2021_03_005087,36.16805,33.28214,0.07267954,0.0,0.16858076,5.996985,333.44092,1.436687,0.29610208,0.24187449,0.05422759,dusuk,Otlak/calilik,low_severity,,0.0,DUSUK
AKD_2021_03,AKD_2021_03_005088,36.16805,33.28492,0.20406763,0.14605767,0.28184238,8.821269,331.78842,1.3622761,0.32232547,0.19922112,0.12310435,orta-dusuk,Otlak/calilik,low_severity,,0.0,DUSUK
AKD_2021_03,AKD_2021_03_005089,36.16804,33.2877,0.3005154,0.18828611,0.29157457,11.913241,345.08505,1.3313613,0.34707695,0.19807318,0.14900377,orta-dusuk,Otlak/calilik,low_severity,,0.0,DUSUK
AKD_2021_03,AKD_2021_03_005090,36.16803,33.29048,0.9483169,0.9968355,0.54888606,10.109819,328.7262,1.3469409,0.49474365,0.18252605,0.3122176,orta-yuksek,Agaclik,predicted,0.3175,0.4422,ORTA
AKD_2021_03,AKD_2021_03_005091,36.16803,33.29326,1.0,1.0,0.68579555,14.872589,334.06625,1.4074717,0.53503585,0.17759538,0.35744047,yuksek,Agaclik,predicted,0.4094,0.6385,YUKSEK
AKD_2021_03,AKD_2021_03_005092,36.16802,33.29604,0.26715082,0.38558078,0.4048461,25.246466,399.1931,1.5075487,0.35162038,0.14818892,0.20343146,orta-dusuk,Otlak/calilik,predicted,0.2611,0.5082,YUKSEK
AKD_2021_03,AKD_2021_03_005093,36.16801,33.29882,0.05726119,0.0,0.3946868,20.512575,405.82657,1.6158781,0.39266902,0.17210394,0.22056508,orta-dusuk,Otlak/calilik,predicted,0.3031,0.5188,YUKSEK
AKD_2021_03,AKD_2021_03_005094,36.168,33.3016,0.96442026,0.63859373,0.5297879,11.080155,340.15628,1.4162955,0.48285604,0.20003097,0.28282505,orta-yuksek,Agaclik,predicted,0.3137,0.4432,ORTA
AKD_2021_03,AKD_2021_03_005095,36.168,33.30438,0.8676791,0.6458144,0.38149178,8.075702,326.59677,1.235202,0.45767146,0.23378855,0.22388291,orta-dusuk,Agaclik,predicted,0.17,0.1888,DUSUK
AKD_2021_03,AKD_2021_03_005096,36.16799,33.30716,0.37031865,0.0,0.27277678,7.9151773,303.8462,1.0819219,0.4079822,0.25214106,0.15584114,orta-dusuk,Otlak/calilik,low_severity,,0.0,DUSUK
AKD_2021_03,AKD_2021_03_005097,36.16798,33.30994,0.17248148,0.0,0.39444375,9.759469,326.65543,0.969735,0.38908216,0.19135636,0.1977258,orta-dusuk,Otlak/calilik,low_severity,,0.0,DUSUK
AKD_2021_03,AKD_2021_03_005098,36.16798,33.31272,0.50025296,0.17451872,0.5936407,16.125868,379.07632,0.9139021,0.4676223,0.15597191,0.3116504,orta-yuksek,Otlak/calilik,predicted,0.3069,0.512,YUKSEK
AKD_2021_03,AKD_2021_03_005099,36.16797,33.3155,0.3487345,0.07435814,0.5230398,8.533034,426.26462,0.83001536,0.44341496,0.16320422,0.28021073,orta-yuksek,Otlak/calilik,predicted,0.2718,0.3773,ORTA
AKD_2021_03,AKD_2021_03_005100,36.16796,33.31828,0.11170731,0.0,0.32806855,5.6504955,414.7995,0.5904726,0.37748206,0.21908917,0.15839289,orta-dusuk,Otlak/calilik,low_severity,,0.0,DUSUK
AKD_2021_03,AKD_2021_03_005101,36.16795,33.32106,0.060700357,0.0,0.3088042,5.62918,427.57965,0.3652263,0.35323623,0.19769777,0.15553845,orta-dusuk,Otlak/calilik,low_severity,,0.0,DUSUK
AKD_2021_03,AKD_2021_03_005102,36.16795,33.32384,0.0,0.0,0.17687316,4.904839,433.91336,0.20765989,0.2883848,0.21716857,0.071216226,dusuk,Otlak/calilik,low_severity,,0.0,DUSUK
AKD_2021_03,AKD_2021_03_005103,36.16794,33.32662,0.0,0.0,0.34316587,4.707281,435.65433,0.2790251,0.34686506,0.15949523,0.18736982,orta-dusuk,Otlak/calilik,low_severity,,0.0,DUSUK
AKD_2021_03,AKD_2021_03_005104,36.16793,33.3294,0.0,0.0,0.19801311,4.4268208,421.02573,0.48742938,0.30640143,0.22427757,0.08212386,dusuk,Otlak/calilik,low_severity,,0.0,DUSUK
AKD_2021_03,AKD_2021_03_005105,36.16792,33.33218,0.0,0.0,0.39627105,6.6245966,425.15875,0.7143405,0.3423398,0.16631213,0.17602769,orta-dusuk,Otlak/calilik,low_severity,,0.0,DUSUK
AKD_2021_03,AKD_2021_03_005106,36.16792,33.33496,0.0,0.0,0.30244076,31.267115,330.16165,0.46875453,0.30881566,0.17038849,0.13842717,orta-dusuk,Otlak/calilik,low_severity,,0.0,DUSUK
AKD_2021_03,AKD_2021_03_005157,36.16588,33.24322,0.9952246,0.9990676,0.19226068,31.093357,367.13486,2.1444087,0.48041415,0.38380787,0.096606284,dusuk,Agaclik,low_severity,,0.0,DUSUK
AKD_2021_03,AKD_2021_03_005158,36.16588,33.246,1.0,1.0,0.17394346,29.592144,447.33917,2.0611866,0.514688,0.4415107,0.07317731,dusuk,Agaclik,low_severity,,0.0,DUSUK
AKD_2021_03,AKD_2021_03_005159,36.16587,33.24878,0.95885277,1.0,0.20636225,32.51233,494.80844,1.8272386,0.5591432,0.38563415,0.17350903,dusuk,Agaclik,low_severity,,0.0,DUSUK
AKD_2021_03,AKD_2021_03_005160,36.16587,33.25156,0.37776557,0.7476249,0.2379218,27.427143,616.1971,1.5981588,0.435095,0.32130852,0.11378649,dusuk,Agaclik,low_severity,,0.0,DUSUK
AKD_2021_03,AKD_2021_03_005161,36.16586,33.25434,0.2027953,0.3271789,0.29854083,23.649939,657.5148,1.3763801,0.3254528,0.17847535,0.14697745,orta-dusuk,Otlak/calilik,low_severity,,0.0,DUSUK
AKD_2021_03,AKD_2021_03_005162,36.16585,33.25712,0.1862715,0.22404815,0.30190113,21.509073,564.4973,1.1660758,0.3405341,0.17391524,0.16661885,orta-dusuk,Otlak/calilik,low_severity,,0.0,DUSUK
AKD_2021_03,AKD_2021_03_005163,36.16585,33.2599,0.3135998,0.27137884,0.112623274,12.812119,509.22055,0.97470164,0.31129366,0.25641346,0.0548802,dusuk,Otlak/calilik,low_severity,,0.0,DUSUK
AKD_2021_03,AKD_2021_03_005164,36.16584,33.26268,0.8542656,0.0,0.11978105,25.246525,543.0097,0.8156923,0.37911022,0.32093728,0.05817294,dusuk,Otlak/calilik,low_severity,,0.0,DUSUK
AKD_2021_03,AKD_2021_03_005165,36.16584,33.26546,0.23682062,0.0,0.11667798,21.603167,571.8797,0.71110094,0.37171182,0.30221945,0.06949237,dusuk,Otlak/calilik,low_severity,,0.0,DUSUK
AKD_2021_03,AKD_2021_03_005166,36.16583,33.26824,0.008510854,0.0,0.14840655,20.062994,546.77454,0.6862763,0.3622257,0.2769411,0.08528462,dusuk,Otlak/calilik,low_severity,,0.0,DUSUK
AKD_2021_03,AKD_2021_03_005167,36.16582,33.27102,0.0,0.0,0.26097837,23.047535,474.31073,0.7491901,0.3899144,0.22973463,0.16017976,dusuk,Otlak/calilik,low_severity,,0.0,DUSUK
AKD_2021_03,AKD_2021_03_005168,36.16582,33.2738,0.0,0.0,0.19256487,12.73288,384.97946,0.88124704,0.36226612,0.2248191,0.13744703,dusuk,Otlak/calilik,low_severity,,0.0,DUSUK
AKD_2021_03,AKD_2021_03_005170,36.1658,33.27936,0.16867547,0.0,0.13601996,16.883648,373.69858,1.2578623,0.27745658,0.24530315,0.032153428,dusuk,Otlak/calilik,low_severity,,0.0,DUSUK
AKD_2021_03,AKD_2021_03_005171,36.1658,33.28214,0.5148149,0.0,0.20528318,22.810167,405.04303,1.4739499,0.34366405,0.28402495,0.059639096,dusuk,Otlak/calilik,low_severity,,0.0,DUSUK
AKD_2021_03,AKD_2021_03_005172,36.16579,33.28492,0.07903859,0.0002931877,0.18119296,18.418997,380.57867,1.6073744,0.30901575,0.2152052,0.09381056,dusuk,Otlak/calilik,low_severity,,0.0,DUSUK
AKD_2021_03,AKD_2021_03_005173,36.16578,33.2877,0.64430624,0.51695496,0.15300718,10.83886,324.38535,1.5812588,0.36547002,0.27947858,0.08599144,dusuk,Agaclik,low_severity,,0.0,DUSUK
AKD_2021_03,AKD_2021_03_005174,36.16578,33.29048,1.0,1.0,0.18770656,9.030856,311.25616,1.5943984,0.4478443,0.30949908,0.13834521,dusuk,Agaclik,low_severity,,0.0,DUSUK
AKD_2021_03,AKD_2021_03_005175,36.16577,33.29326,1.0,1.0,0.43448722,9.984336,300.8476,1.6458533,0.52712804,0.2830357,0.24409235,orta-dusuk,Agaclik,predicted,0.354,0.4846,ORTA
AKD_2021_03,AKD_2021_03_005176,36.16576,33.29603,0.6151933,0.6926833,0.5176833,16.027872,302.0333,1.7189083,0.4590299,0.19223323,0.26679668,orta-yuksek,Agaclik,predicted,0.308,0.4728,ORTA
AKD_2021_03,AKD_2021_03_005177,36.16576,33.29881,0.21219566,0.0,0.42808485,19.27987,323.78506,1.497039,0.4223702,0.19157004,0.23080015,orta-dusuk,Otlak/calilik,predicted,0.2349,0.4018,ORTA
AKD_2021_03,AKD_2021_03_005178,36.16575,33.30159,0.58204526,0.44249105,0.33013636,15.792481,301.19336,1.2855371,0.4444733,0.23919025,0.20528305,orta-dusuk,Otlak/calilik,predicted,0.2362,0.3765,ORTA
AKD_2021_03,AKD_2021_03_005179,36.16574,33.30437,0.783004,0.7627453,0.37354678,14.547823,317.05832,1.0904521,0.48462355,0.2495677,0.23505585,orta-dusuk,Agaclik,predicted,0.2459,0.3882,ORTA
AKD_2021_03,AKD_2021_03_005180,36.16574,33.30715,0.35728714,0.21260153,0.3019129,8.613933,288.18753,0.9222612,0.4513355,0.27925614,0.17207935,orta-dusuk,Otlak/calilik,low_severity,,0.0,DUSUK
AKD_2021_03,AKD_2021_03_005181,36.16573,33.30993,0.0,0.0,0.39211318,15.727232,331.21814,0.7981514,0.35695136,0.1677525,0.18919885,orta-dusuk,Otlak/calilik,low_severity,,0.0,DUSUK
AKD_2021_03,AKD_2021_03_005182,36.16572,33.31271,0.10626014,0.0,0.382522,12.664679,404.6077,0.7406252,0.3463515,0.14375952,0.20259199,orta-dusuk,Otlak/calilik,predicted,0.2576,0.4039,ORTA
AKD_2021_03,AKD_2021_03_005183,36.16571,33.31549,0.020076994,0.0,0.28828308,10.163625,399.17432,0.62122416,0.3548746,0.21142787,0.14344674,orta-dusuk,Otlak/calilik,low_severity,,0.0,DUSUK
AKD_2021_03,AKD_2021_03_005184,36.16571,33.31827,0.0,0.0,0.44182044,8.463136,411.67834,0.52843696,0.37541077,0.1602143,0.21519646,orta-yuksek,Otlak/calilik,predicted,0.2333,0.3297,ORTA
AKD_2021_03,AKD_2021_03_005185,36.1657,33.32105,0.0,0.0,0.27309412,4.6075864,435.05783,0.5440021,0.30701607,0.17129734,0.13571873,orta-dusuk,Otlak/calilik,low_severity,,0.0,DUSUK
AKD_2021_03,AKD_2021_03_005186,36.16569,33.32383,0.022118108,0.0,0.42281228,6.2433434,446.56125,0.4535093,0.38386068,0.15390474,0.22995594,orta-dusuk,Otlak/calilik,predicted,0.2146,0.2793,ORTA
AKD_2021_03,AKD_2021_03_005187,36.16568,33.32661,0.0,0.0,0.38031054,10.105446,432.44916,0.49030918,0.34796703,0.14890534,0.19906169,orta-dusuk,Otlak/calilik,low_severity,,0.0,DUSUK
AKD_2021_03,AKD_2021_03_005188,36.16568,33.32939,0.0806813,0.0020835847,0.3590166,3.6286616,408.3801,0.63256264,0.35007808,0.17587611,0.17420197,orta-dusuk,Otlak/calilik,low_severity,,0.0,DUSUK
AKD_2021_03,AKD_2021_03_005189,36.16567,33.33217,0.12230323,0.0019328978,0.42915213,9.697013,412.89487,0.7202064,0.35749608,0.17172354,0.18577254,orta-dusuk,Otlak/calilik,low_severity,,0.0,DUSUK
AKD_2021_03,AKD_2021_03_005190,36.16566,33.33495,0.0,0.0,0.19921169,33.171555,293.78336,0.47764596,0.291939,0.2175581,0.07438089,dusuk,Otlak/calilik,low_severity,,0.0,DUSUK
AKD_2021_03,AKD_2021_03_005242,36.16362,33.24599,0.9931423,1.0,0.15634471,32.43508,569.4548,1.8729001,0.49764642,0.3742842,0.12336221,dusuk,Agaclik,low_severity,,0.0,DUSUK
AKD_2021_03,AKD_2021_03_005243,36.16362,33.24877,0.8079227,1.0,0.28383136,22.060286,629.05927,1.749083,0.42254293,0.24343176,0.17911117,orta-dusuk,Agaclik,low_severity,,0.0,DUSUK
AKD_2021_03,AKD_2021_03_005244,36.16361,33.25155,1.0,1.0,0.50461745,10.87341,633.00354,1.5081785,0.5056832,0.2724732,0.23321,orta-yuksek,Agaclik,predicted,0.4728,0.6918,YUKSEK
AKD_2021_03,AKD_2021_03_005245,36.16361,33.25433,0.89752096,1.0,0.36322775,13.004072,601.8013,1.2707922,0.44812915,0.2426193,0.20550984,orta-dusuk,Agaclik,predicted,0.3597,0.5452,YUKSEK
AKD_2021_03,AKD_2021_03_005246,36.1636,33.25711,0.68890995,0.9929575,0.32364133,14.998405,567.1291,1.039338,0.43641764,0.2440142,0.19240344,orta-dusuk,Agaclik,low_severity,,0.0,DUSUK
AKD_2021_03,AKD_2021_03_005247,36.16359,33.25989,0.8069734,0.47210708,0.17988464,24.474907,572.8506,0.8188614,0.36124492,0.29492816,0.06631675,dusuk,Otlak/calilik,low_severity,,0.0,DUSUK
AKD_2021_03,AKD_2021_03_005248,36.16359,33.26267,0.13372853,0.0074249282,0.116494566,19.38866,638.0698,0.62116396,0.34803572,0.32053083,0.027504891,dusuk,Otlak/calilik,low_severity,,0.0,DUSUK
AKD_2021_03,AKD_2021_03_005249,36.16358,33.26545,0.06070293,0.004295807,0.2271879,13.144034,634.79016,0.47555783,0.38135105,0.23380184,0.14754921,dusuk,Otlak/calilik,low_severity,,0.0,DUSUK
AKD_2021_03,AKD_2021_03_005250,36.16358,33.26823,0.05287224,0.0,0.23579358,26.940638,548.35205,0.43756813,0.37303331,0.21711001,0.1559233,dusuk,Otlak/calilik,low_severity,,0.0,DUSUK
AKD_2021_03,AKD_2021_03_005251,36.16357,33.27101,0.0,0.0,0.15380394,19.521265,434.73984,0.5308262,0.3483129,0.23901173,0.10930118,dusuk,Otlak/calilik,low_severity,,0.0,DUSUK
AKD_2021_03,AKD_2021_03_005253,36.16356,33.27657,0.45405322,0.072739586,0.16203192,21.6407,416.00836,0.9150944,0.30509195,0.24033886,0.064753085,dusuk,Otlak/calilik,low_severity,,0.0,DUSUK
AKD_2021_03,AKD_2021_03_005254,36.16355,33.27935,0.6394098,0.0,0.21342659,27.177847,476.8321,1.1413624,0.3483776,0.25243258,0.095945,dusuk,Otlak/calilik,low_severity,,0.0,DUSUK
AKD_2021_03,AKD_2021_03_005255,36.16354,33.28213,0.099712186,0.0,0.23729639,19.29686,468.98196,1.3758702,0.312406,0.20578362,0.10662238,dusuk,Otlak/calilik,low_severity,,0.0,DUSUK
AKD_2021_03,AKD_2021_03_005256,36.16354,33.28491,0.20186593,0.13703957,0.19686686,15.749166,388.22015,1.6150323,0.38166067,0.2558249,0.12583578,dusuk,Otlak/calilik,low_severity,,0.0,DUSUK
AKD_2021_03,AKD_2021_03_005257,36.16353,33.28769,0.9422474,0.9947611,0.23754534,19.097641,378.57013,1.8311843,0.4925713,0.29644257,0.19612873,dusuk,Agaclik,low_severity,,0.0,DUSUK
AKD_2021_03,AKD_2021_03_005258,36.16352,33.29047,0.5819335,0.6315086,0.14339021,29.122726,401.56177,1.8425424,0.37850422,0.24767388,0.13083033,dusuk,Agaclik,low_severity,,0.0,DUSUK
AKD_2021_03,AKD_2021_03_005259,36.16352,33.29325,0.6088025,0.6998898,0.2562072,25.980062,378.0015,1.8671552,0.43482336,0.27816135,0.15666202,dusuk,Agaclik,low_severity,,0.0,DUSUK
AKD_2021_03,AKD_2021_03_005260,36.16351,33.29603,0.43836808,0.40424854,0.37194246,24.84507,339.0599,1.6271904,0.40132228,0.20641913,0.19490315,orta-dusuk,Otlak/calilik,low_severity,,0.0,DUSUK
AKD_2021_03,AKD_2021_03_005261,36.1635,33.29881,0.32973132,0.0,0.14844391,14.807186,279.70374,1.3907654,0.33414495,0.25181633,0.08232862,dusuk,Otlak/calilik,low_severity,,0.0,DUSUK
AKD_2021_03,AKD_2021_03_005262,36.1635,33.30159,0.34402108,0.0,0.109354034,10.977413,254.23663,1.1600467,0.3335486,0.29087108,0.04267752,dusuk,Otlak/calilik,low_severity,,0.0,DUSUK
AKD_2021_03,AKD_2021_03_005263,36.16349,33.30436,0.746782,0.14320497,0.18117501,10.593494,259.07516,0.93924886,0.40993607,0.31610507,0.093831,dusuk,Otlak/calilik,low_severity,,0.0,DUSUK
AKD_2021_03,AKD_2021_03_005264,36.16348,33.30714,0.55793375,0.109578796,0.26326978,8.167374,265.3831,0.7373387,0.45072085,0.30268428,0.14803657,dusuk,Otlak/calilik,low_severity,,0.0,DUSUK
AKD_2021_03,AKD_2021_03_005265,36.16348,33.30992,0.0,0.0,0.42887187,16.432732,318.86606,0.5745854,0.38371447,0.17345268,0.21026179,orta-dusuk,Otlak/calilik,predicted,0.2533,0.4462,ORTA
AKD_2021_03,AKD_2021_03_005266,36.16347,33.3127,0.0,0.0,0.23189226,9.125959,377.38248,0.49155706,0.31067252,0.20704749,0.10362503,dusuk,Otlak/calilik,low_severity,,0.0,DUSUK
AKD_2021_03,AKD_2021_03_005267,36.16346,33.31548,0.34494486,0.0,0.37168992,9.935695,383.70953,0.4334971,0.4020201,0.24013689,0.1618832,orta-dusuk,Otlak/calilik,low_severity,,0.0,DUSUK
AKD_2021_03,AKD_2021_03_005268,36.16345,33.31826,0.0,0.0,0.4775908,6.1955056,418.544,0.28503677,0.37562776,0.15227859,0.22334917,orta-yuksek,Otlak/calilik,predicted,0.2252,0.3042,ORTA
AKD_2021_03,AKD_2021_03_005269,36.16345,33.32104,0.19610171,0.011720736,0.20034693,4.111559,417.826,0.3155506,0.34097105,0.25279623,0.08817482,dusuk,Otlak/calilik,low_severity,,0.0,DUSUK
AKD_2021_03,AKD_2021_03_005270,36.16344,33.32382,0.039406475,0.0,0.4158108,9.633717,415.2056,0.49284723,0.37458003,0.15952125,0.21505877,orta-dusuk,Otlak/calilik,predicted,0.2516,0.3736,ORTA
AKD_2021_03,AKD_2021_03_005271,36.16343,33.3266,0.3560368,0.25676778,0.2819274,8.565214,397.76804,0.71499974,0.32954052,0.2084619,0.121078625,orta-dusuk,Otlak/calilik,low_severity,,0.0,DUSUK
AKD_2021_03,AKD_2021_03_005272,36.16342,33.32938,0.63213086,0.7552988,0.49775577,3.878885,406.36188,0.82926685,0.42286474,0.1836665,0.23919824,orta-yuksek,Agaclik,predicted,0.252,0.295,ORTA
AKD_2021_03,AKD_2021_03_005273,36.16342,33.33216,0.38059992,0.40688503,0.5473734,13.957776,399.32153,0.7547044,0.42967746,0.15874608,0.27093136,orta-yuksek,Otlak/calilik,predicted,0.2989,0.4835,ORTA
AKD_2021_03,AKD_2021_03_005274,36.16341,33.33494,0.0,0.0,0.25961655,33.256496,270.57147,0.5059929,0.28992033,0.19097765,0.09894268,dusuk,Otlak/calilik,low_severity,,0.0,DUSUK
AKD_2021_03,AKD_2021_03_005323,36.16139,33.23765,1.0,1.0,0.20090961,27.247236,395.5062,1.812746,0.48157582,0.31091142,0.1706644,dusuk,Agaclik,low_severity,,0.0,DUSUK
AKD_2021_03,AKD_2021_03_005324,36.16138,33.24043,0.9827395,1.0,0.18966518,27.445248,428.1421,1.7157481,0.522805,0.31347746,0.20932752,dusuk,Agaclik,low_severity,,0.0,DUSUK
AKD_2021_03,AKD_2021_03_005325,36.16138,33.24321,0.9051679,1.0,0.18253782,25.922894,512.9841,1.6512221,0.47491175,0.36389196,0.11101979,dusuk,Agaclik,low_severity,,0.0,DUSUK
AKD_2021_03,AKD_2021_03_005326,36.16137,33.24599,0.6445584,0.9389812,0.25253072,18.501411,623.54193,1.6230458,0.40316108,0.23975533,0.16340575,dusuk,Agaclik,low_severity,,0.0,DUSUK
AKD_2021_03,AKD_2021_03_005327,36.16136,33.24877,0.9245968,1.0,0.3904435,7.1779547,645.60846,1.6331016,0.4561568,0.23087826,0.22527853,orta-dusuk,Agaclik,predicted,0.3985,0.5262,YUKSEK
AKD_2021_03,AKD_2021_03_005328,36.16136,33.25155,0.8649036,0.9522014,0.36471456,11.251021,649.8888,1.4560539,0.47221404,0.24983884,0.2223752,orta-dusuk,Agaclik,predicted,0.3226,0.4574,ORTA
AKD_2021_03,AKD_2021_03_005329,36.16135,33.25433,0.38784242,0.5113563,0.16092344,10.911422,641.1623,1.2084715,0.3743295,0.2467374,0.1275921,dusuk,Agaclik,low_severity,,0.0,DUSUK
AKD_2021_03,AKD_2021_03_005330,36.16135,33.25711,0.38210404,0.31135064,0.13027538,11.524479,637.04333,0.9621404,0.30341947,0.23074183,0.07267764,dusuk,Otlak/calilik,low_severity,,0.0,DUSUK
AKD_2021_03,AKD_2021_03_005332,36.16133,33.26266,0.13675535,0.5372006,0.12599099,9.016659,666.34973,0.48097333,0.35361776,0.28612995,0.067487806,dusuk,Otlak/calilik,low_severity,,0.0,DUSUK
AKD_2021_03,AKD_2021_03_005333,36.16133,33.26544,0.060990438,0.08169623,0.2904042,19.563267,629.5395,0.26766762,0.36851966,0.22402325,0.14449641,orta-dusuk,Otlak/calilik,low_severity,,0.0,DUSUK
AKD_2021_03,AKD_2021_03_005334,36.16132,33.26822,0.19358712,0.3321193,0.34817213,25.661587,511.08084,0.1922409,0.39101583,0.20229802,0.18871781,orta-dusuk,Otlak/calilik,low_severity,,0.0,DUSUK
AKD_2021_03,AKD_2021_03_005335,36.16132,33.271,0.48763216,0.45779157,0.19758834,18.074316,448.00568,0.35674524,0.36567497,0.24923354,0.11644143,dusuk,Agaclik,low_severity,,0.0,DUSUK
AKD_2021_03,AKD_2021_03_005336,36.16131,33.27378,0.50973785,0.32818767,0.15419051,26.666843,474.91138,0.58530146,0.34828192,0.24516256,0.10311936,dusuk,Otlak/calilik,low_severity,,0.0,DUSUK
AKD_2021_03,AKD_2021_03_005337,36.1613,33.27656,0.65474415,0.40953985,0.12265243,28.803806,543.619,0.8263706,0.3480125,0.28188524,0.06612727,dusuk,Otlak/calilik,low_severity,,0.0,DUSUK
AKD_2021_03,AKD_2021_03_005338,36.1613,33.27934,0.078138046,0.0,0.21425548,18.671486,558.16296,1.0715405,0.2732483,0.17763774,0.095610574,dusuk,Otlak/calilik,low_severity,,0.0,DUSUK
AKD_2021_03,AKD_2021_03_005339,36.16129,33.28212,0.068037026,0.016485319,0.17793605,18.45135,479.69318,1.3185256,0.25369984,0.1678927,0.085807145,dusuk,Otlak/calilik,low_severity,,0.0,DUSUK
AKD_2021_03,AKD_2021_03_005340,36.16128,33.2849,0.57102436,0.619332,0.4331021,14.816193,418.68835,1.5664674,0.43528304,0.21831141,0.21697162,orta-dusuk,Agaclik,predicted,0.2628,0.3946,ORTA
AKD_2021_03,AKD_2021_03_005341,36.16128,33.28768,0.3014746,0.46732342,0.30914652,27.010012,473.34787,1.8149741,0.39306659,0.22303742,0.17002916,orta-dusuk,Otlak/calilik,low_severity,,0.0,DUSUK
AKD_2021_03,AKD_2021_03_005342,36.16127,33.29046,0.0,0.0,0.24475262,18.906595,527.16644,2.0638413,0.30679616,0.19733933,0.10945684,dusuk,Otlak/calilik,low_severity,,0.0,DUSUK
AKD_2021_03,AKD_2021_03_005343,36.16126,33.29324,0.0,0.0,0.22184625,18.283184,487.52878,1.8177929,0.3013931,0.20716302,0.09423007,dusuk,Otlak/calilik,low_severity,,0.0,DUSUK
AKD_2021_03,AKD_2021_03_005344,36.16126,33.29602,0.0,0.0,0.2867055,25.783562,418.39874,1.5703028,0.32172933,0.1745328,0.14719653,orta-dusuk,Otlak/calilik,low_severity,,0.0,DUSUK
AKD_2021_03,AKD_2021_03_005345,36.16125,33.2988,0.042007107,0.0,0.13507533,27.331804,301.53226,1.3237565,0.23451307,0.17480358,0.05970949,dusuk,Otlak/calilik,low_severity,,0.0,DUSUK
AKD_2021_03,AKD_2021_03_005347,36.16124,33.30436,0.580464,0.1707947,0.36038184,15.138211,282.9992,0.83683395,0.44391978,0.24213459,0.20178519,orta-dusuk,Otlak/calilik,predicted,0.2261,0.3754,ORTA
AKD_2021_03,AKD_2021_03_005348,36.16123,33.30714,0.59274805,0.3666542,0.54557276,13.462716,285.36234,0.60147405,0.50747824,0.20911422,0.298364,orta-yuksek,Otlak/calilik,predicted,0.2976,0.4837,ORTA
AKD_2021_03,AKD_2021_03_005349,36.16122,33.30992,0.0,0.0,0.46554786,17.158255,324.78693,0.38503382,0.42185023,0.1897625,0.23208773,orta-yuksek,Otlak/calilik,predicted,0.2506,0.4591,ORTA
AKD_2021_03,AKD_2021_03_005350,36.16121,33.31269,0.3298446,0.0,0.40151793,11.807209,388.62427,0.24439934,0.37410718,0.17218202,0.20192516,orta-dusuk,Otlak/calilik,predicted,0.2327,0.3792,ORTA
AKD_2021_03,AKD_2021_03_005351,36.16121,33.31547,0.0,0.0,0.41875207,9.237008,417.8463,0.31017902,0.35399097,0.16214179,0.19184919,orta-dusuk,Otlak/calilik,low_severity,,0.0,DUSUK
AKD_2021_03,AKD_2021_03_005352,36.1612,33.31825,0.010141263,0.0,0.28432345,4.140612,424.60895,0.090808965,0.3296038,0.20247808,0.12712571,orta-dusuk,Otlak/calilik,low_severity,,0.0,DUSUK
AKD_2021_03,AKD_2021_03_005353,36.16119,33.32103,0.34173056,0.42222092,0.49306232,8.006595,423.72162,0.16301067,0.41684675,0.1486041,0.26824266,orta-yuksek,Otlak/calilik,predicted,0.2702,0.4022,ORTA
AKD_2021_03,AKD_2021_03_005354,36.16118,33.32381,0.029038943,0.0,0.39879102,8.893698,379.9193,0.4121877,0.33211163,0.14996883,0.1821428,orta-dusuk,Otlak/calilik,low_severity,,0.0,DUSUK
AKD_2021_03,AKD_2021_03_005355,36.16118,33.32659,0.35565528,0.11730634,0.25391755,4.866951,380.1346,0.6619856,0.3270352,0.22846936,0.09856583,dusuk,Otlak/calilik,low_severity,,0.0,DUSUK
AKD_2021_03,AKD_2021_03_005356,36.16117,33.32937,0.25957486,0.29029104,0.44417948,8.120832,394.93265,0.8626866,0.38847747,0.198275,0.19020247,orta-yuksek,Otlak/calilik,low_severity,,0.0,DUSUK
AKD_2021_03,AKD_2021_03_005357,36.16116,33.33215,0.0,0.0,0.38093418,24.944338,353.5718,0.6405916,0.31747252,0.119734645,0.19773787,orta-dusuk,Otlak/calilik,low_severity,,0.0,DUSUK
AKD_2021_03,AKD_2021_03_005358,36.16115,33.33493,0.23107634,0.0,0.11195067,29.804604,219.7467,0.44887325,0.33400208,0.32253605,0.011466026,dusuk,Otlak/calilik,low_severity,,0.0,DUSUK
AKD_2021_03,AKD_2021_03_005406,36.15914,33.23486,0.8217441,0.80438095,0.12360306,24.250065,406.19077,1.6298558,0.4389091,0.40413994,0.034769177,dusuk,Agaclik,low_severity,,0.0,DUSUK
AKD_2021_03,AKD_2021_03_005407,36.15913,33.23764,0.5011688,0.37746415,0.12319113,23.719307,483.85187,1.5929755,0.27179235,0.18561539,0.08617696,dusuk,Otlak/calilik,low_severity,,0.0,DUSUK
AKD_2021_03,AKD_2021_03_005408,36.15913,33.24042,0.48885834,0.6421157,0.16237393,15.412797,493.73706,1.4816593,0.35974753,0.26541287,0.09433466,dusuk,Agaclik,low_severity,,0.0,DUSUK
AKD_2021_03,AKD_2021_03_005409,36.15912,33.2432,1.0,1.0,0.15915845,15.083953,551.15906,1.4064343,0.47787893,0.38735187,0.09052706,dusuk,Agaclik,low_severity,,0.0,DUSUK
AKD_2021_03,AKD_2021_03_005410,36.15912,33.24598,1.0,1.0,0.17680916,16.611057,620.3798,1.3732445,0.5234667,0.4141367,0.10933,dusuk,Agaclik,low_severity,,0.0,DUSUK
AKD_2021_03,AKD_2021_03_005411,36.15911,33.24876,0.9215087,1.0,0.34395945,9.192268,648.0628,1.385115,0.51298094,0.25651833,0.2564626,orta-dusuk,Agaclik,predicted,0.4132,0.584,YUKSEK
AKD_2021_03,AKD_2021_03_005412,36.1591,33.25154,0.5001923,0.8925298,0.24951094,7.1902213,651.69794,1.4409326,0.42373595,0.24130872,0.18242723,dusuk,Agaclik,low_severity,,0.0,DUSUK
AKD_2021_03,AKD_2021_03_005415,36.15909,33.25988,0.15717405,0.0,0.104927324,7.744399,640.2188,0.6975066,0.32474816,0.28545403,0.039294124,dusuk,Otlak/calilik,low_severity,,0.0,DUSUK
AKD_2021_03,AKD_2021_03_005416,36.15908,33.26266,0.2147357,0.27926913,0.10034925,7.846991,624.4414,0.44925055,0.3142993,0.26767647,0.046622813,dusuk,Otlak/calilik,low_severity,,0.0,DUSUK
AKD_2021_03,AKD_2021_03_005417,36.15907,33.26544,0.19530147,0.5226427,0.1989626,11.209388,616.23706,0.20527217,0.32744926,0.26046807,0.0669812,dusuk,Agaclik,low_severity,,0.0,DUSUK
AKD_2021_03,AKD_2021_03_005418,36.15907,33.26822,0.7406327,0.99725705,0.32443875,26.084396,562.33673,0.08629754,0.43746668,0.25150377,0.18596292,orta-dusuk,Agaclik,low_severity,,0.0,DUSUK
AKD_2021_03,AKD_2021_03_005419,36.15906,33.27099,1.0,1.0,0.33312196,26.152422,549.4318,0.31266254,0.5313828,0.26405394,0.26732886,orta-dusuk,Agaclik,predicted,0.4413,0.8667,COK_YUKSEK
AKD_2021_03,AKD_2021_03_005420,36.15906,33.27377,0.6051028,0.52677554,0.19525883,21.55423,592.8414,0.55952525,0.3740622,0.27331263,0.10074958,dusuk,Otlak/calilik,low_severity,,0.0,DUSUK
AKD_2021_03,AKD_2021_03_005421,36.15905,33.27655,0.0052206093,0.001409892,0.2700412,17.480177,598.87,0.8083187,0.29769623,0.17846495,0.11923128,orta-dusuk,Otlak/calilik,low_severity,,0.0,DUSUK
AKD_2021_03,AKD_2021_03_005422,36.15904,33.27933,0.30723017,0.14976528,0.2822498,17.733896,534.1337,1.0576813,0.28840736,0.15470406,0.13370329,orta-dusuk,Otlak/calilik,low_severity,,0.0,DUSUK
AKD_2021_03,AKD_2021_03_005423,36.15904,33.28211,0.8043161,0.08902431,0.44086546,20.384727,489.59714,1.3072873,0.37700486,0.19867536,0.1783295,orta-yuksek,Otlak/calilik,low_severity,,0.0,DUSUK
AKD_2021_03,AKD_2021_03_005424,36.15903,33.28489,0.6121295,0.43971622,0.45289877,23.83591,482.8926,1.5570198,0.44535923,0.22254862,0.22281061,orta-yuksek,Otlak/calilik,predicted,0.2917,0.5395,YUKSEK
AKD_2021_03,AKD_2021_03_005425,36.15902,33.28767,0.23963748,0.0,0.3583489,18.203861,549.5331,1.8068264,0.40548295,0.21383226,0.19165069,orta-dusuk,Otlak/calilik,low_severity,,0.0,DUSUK
AKD_2021_03,AKD_2021_03_005426,36.15902,33.29045,0.0,0.0,0.30487114,14.369055,557.05084,2.0520706,0.30916017,0.15194248,0.1572177,orta-dusuk,Otlak/calilik,low_severity,,0.0,DUSUK
AKD_2021_03,AKD_2021_03_005427,36.15901,33.29323,0.0,0.0,0.20758963,23.912058,470.1832,1.8020749,0.26281068,0.15248671,0.110323966,dusuk,Otlak/calilik,low_severity,,0.0,DUSUK
AKD_2021_03,AKD_2021_03_005428,36.159,33.29601,0.0,0.0,0.22799814,28.477926,356.536,1.5520805,0.29972607,0.1672955,0.13243057,dusuk,Otlak/calilik,low_severity,,0.0,DUSUK
AKD_2021_03,AKD_2021_03_005430,36.15899,33.30157,0.34757182,0.0,0.16014475,23.02883,226.5089,1.0520997,0.38128746,0.3522848,0.029002666,dusuk,Otlak/calilik,low_severity,,0.0,DUSUK
AKD_2021_03,AKD_2021_03_005431,36.15898,33.30435,0.01912604,0.0,0.39765596,21.84854,330.28888,0.8021183,0.39377725,0.2054649,0.18831235,orta-dusuk,Otlak/calilik,low_severity,,0.0,DUSUK
AKD_2021_03,AKD_2021_03_005432,36.15897,33.30713,0.0,0.0,0.4406423,18.022032,365.1291,0.5521537,0.37634498,0.16063572,0.21570925,orta-yuksek,Otlak/calilik,predicted,0.231,0.4288,ORTA
AKD_2021_03,AKD_2021_03_005433,36.15897,33.30991,0.0,0.0,0.44774258,14.594429,379.51483,0.3022478,0.3752166,0.16165455,0.21356206,orta-yuksek,Otlak/calilik,predicted,0.2322,0.4058,ORTA
AKD_2021_03,AKD_2021_03_005434,36.15896,33.31269,0.15659587,0.0,0.36636055,4.3997846,408.641,0.053232733,0.3355804,0.15564053,0.17993988,orta-dusuk,Otlak/calilik,low_severity,,0.0,DUSUK
AKD_2021_03,AKD_2021_03_005435,36.15895,33.31547,0.0,0.0,0.1975798,5.0101213,403.6513,0.19827686,0.26543587,0.1947945,0.07064137,dusuk,Otlak/calilik,low_severity,,0.0,DUSUK
AKD_2021_03,AKD_2021_03_005436,36.15895,33.31824,0.0,0.0,0.25174642,5.3655257,404.2595,0.24545178,0.31701726,0.2108028,0.10621446,dusuk,Otlak/calilik,low_severity,,0.0,DUSUK
AKD_2021_03,AKD_2021_03_005437,36.15894,33.32102,0.18505348,0.5761323,0.5170939,12.511818,401.04456,0.2803084,0.39298293,0.14025047,0.25273246,orta-yuksek,Agaclik,predicted,0.2823,0.4647,ORTA
AKD_2021_03,AKD_2021_03_005438,36.15893,33.3238,0.09319604,0.12711532,0.48101574,19.311588,342.38324,0.47106156,0.39614555,0.14993858,0.24620697,orta-yuksek,Otlak/calilik,predicted,0.2748,0.5171,YUKSEK
AKD_2021_03,AKD_2021_03_005439,36.15892,33.32658,0.033180065,0.0,0.42667598,27.151037,318.9067,0.70016086,0.31701472,0.1335651,0.18344963,orta-dusuk,Otlak/calilik,low_severity,,0.0,DUSUK
AKD_2021_03,AKD_2021_03_005440,36.15892,33.32936,0.0,0.0,0.27811608,26.047318,338.8883,0.69204724,0.23250374,0.11242653,0.120077215,orta-dusuk,Otlak/calilik,low_severity,,0.0,DUSUK
AKD_2021_03,AKD_2021_03_005441,36.15891,33.33214,0.0,0.0,0.23024732,27.522696,271.4324,0.54183257,0.24462117,0.13683952,0.10778165,dusuk,Otlak/calilik,low_severity,,0.0,DUSUK
AKD_2021_03,AKD_2021_03_005490,36.15688,33.23486,0.13435678,0.3435035,0.10856229,23.688467,323.24704,1.5431626,0.37455583,0.33120066,0.043355167,dusuk,Otlak/calilik,low_severity,,0.0,DUSUK
AKD_2021_03,AKD_2021_03_005491,36.15688,33.23764,0.57601327,0.28284198,0.179048,25.79507,379.5055,1.3835078,0.33572155,0.24862285,0.0870987,dusuk,Otlak/calilik,low_severity,,0.0,DUSUK
AKD_2021_03,AKD_2021_03_005492,36.15687,33.24041,0.8722773,0.8205982,0.18401133,22.144922,471.51932,1.2537292,0.41569737,0.32618475,0.08951262,dusuk,Agaclik,low_severity,,0.0,DUSUK
AKD_2021_03,AKD_2021_03_005495,36.15686,33.24875,0.6466582,0.7370339,0.1705818,11.958955,640.6604,1.1380099,0.41656822,0.30039424,0.11617398,dusuk,Agaclik,low_severity,,0.0,DUSUK
AKD_2021_03,AKD_2021_03_005497,36.15684,33.25431,0.32990968,0.0,0.11311836,4.684286,654.4846,1.2354696,0.3113901,0.2478637,0.06352641,dusuk,Otlak/calilik,low_severity,,0.0,DUSUK
AKD_2021_03,AKD_2021_03_005500,36.15683,33.26265,0.50114113,0.46992928,0.1113632,3.6622148,614.89764,0.5452676,0.3155185,0.27986455,0.03565395,dusuk,Otlak/calilik,low_severity,,0.0,DUSUK
AKD_2021_03,AKD_2021_03_005501,36.15682,33.26543,0.8926271,0.9936372,0.1837759,4.158663,630.4757,0.37098163,0.42571253,0.32179555,0.10391697,dusuk,Agaclik,low_severity,,0.0,DUSUK
AKD_2021_03,AKD_2021_03_005502,36.15681,33.26821,0.7753824,1.0,0.36220342,7.177569,626.80835,0.32083946,0.4762544,0.2493814,0.22687301,orta-dusuk,Agaclik,predicted,0.2901,0.4173,ORTA
AKD_2021_03,AKD_2021_03_005503,36.15681,33.27099,0.79964185,0.77561605,0.28994143,8.405282,617.20605,0.43960047,0.4445154,0.27015224,0.17436317,orta-dusuk,Agaclik,low_severity,,0.0,DUSUK
AKD_2021_03,AKD_2021_03_005504,36.1568,33.27377,0.40817454,0.22616693,0.44728106,12.787864,592.5271,0.6391863,0.42824036,0.1847316,0.24350876,orta-yuksek,Otlak/calilik,predicted,0.2412,0.3839,ORTA
AKD_2021_03,AKD_2021_03_005505,36.1568,33.27655,0.20453618,0.100628495,0.35005695,10.637203,559.7828,0.8653726,0.38791853,0.19280039,0.19511814,orta-dusuk,Otlak/calilik,low_severity,,0.0,DUSUK
AKD_2021_03,AKD_2021_03_005506,36.15679,33.27932,0.9212055,0.6916732,0.34289983,16.714943,575.1419,1.1018986,0.42521274,0.24215227,0.18306047,orta-dusuk,Agaclik,low_severity,,0.0,DUSUK
AKD_2021_03,AKD_2021_03_005507,36.15678,33.2821,0.71509975,0.5452019,0.40769494,16.860031,597.00323,1.3433135,0.44746643,0.23127988,0.21618655,orta-dusuk,Agaclik,predicted,0.3045,0.4949,ORTA
AKD_2021_03,AKD_2021_03_005508,36.15678,33.28488,0.7592704,0.43225121,0.3517289,15.426386,585.50336,1.5873883,0.4467,0.24570023,0.20099978,orta-dusuk,Otlak/calilik,predicted,0.2753,0.4203,ORTA
AKD_2021_03,AKD_2021_03_005509,36.15677,33.28766,0.037780974,0.0,0.36677223,16.457151,565.57916,1.8065372,0.3849447,0.18764737,0.19729733,orta-dusuk,Otlak/calilik,low_severity,,0.0,DUSUK
AKD_2021_03,AKD_2021_03_005510,36.15676,33.29044,0.027798174,0.0,0.30980414,27.51069,487.62506,1.8147655,0.29234707,0.13714725,0.15519983,orta-dusuk,Otlak/calilik,low_severity,,0.0,DUSUK
AKD_2021_03,AKD_2021_03_005511,36.15676,33.29322,0.07270208,0.0,0.3358888,24.299438,437.7477,1.8208724,0.31428787,0.14138761,0.17290026,orta-dusuk,Otlak/calilik,low_severity,,0.0,DUSUK
AKD_2021_03,AKD_2021_03_005512,36.15675,33.296,0.047216978,0.0,0.22171459,30.138807,333.02823,1.5738667,0.32104778,0.18457241,0.13647537,dusuk,Otlak/calilik,low_severity,,0.0,DUSUK
AKD_2021_03,AKD_2021_03_005514,36.15674,33.30156,0.09251373,0.0,0.19686486,23.86392,194.74886,1.0839818,0.33479112,0.2739343,0.06085682,dusuk,Otlak/calilik,low_severity,,0.0,DUSUK
AKD_2021_03,AKD_2021_03_005515,36.15673,33.30434,0.0,0.0,0.44501537,26.884558,321.05484,0.84350246,0.35988396,0.14338438,0.21649958,orta-yuksek,Otlak/calilik,predicted,0.2454,0.5337,YUKSEK
AKD_2021_03,AKD_2021_03_005516,36.15672,33.30712,0.0,0.0,0.44890973,11.557369,385.74554,0.61071795,0.36207697,0.15410732,0.20796965,orta-yuksek,Otlak/calilik,predicted,0.2675,0.4142,ORTA
AKD_2021_03,AKD_2021_03_005517,36.15671,33.3099,0.0,0.0,0.28679103,6.9618382,388.9872,0.39931995,0.32621396,0.18858063,0.13763332,orta-dusuk,Otlak/calilik,low_severity,,0.0,DUSUK
AKD_2021_03,AKD_2021_03_005518,36.15671,33.31268,0.00066428486,0.0,0.21121189,3.972805,402.4922,0.2663389,0.30056465,0.21730642,0.08325823,dusuk,Otlak/calilik,low_severity,,0.0,DUSUK
AKD_2021_03,AKD_2021_03_005519,36.1567,33.31546,0.07916756,0.0,0.45523402,4.282547,411.44504,0.32774442,0.4211896,0.155381,0.2658086,orta-yuksek,Otlak/calilik,predicted,0.2365,0.2994,ORTA
AKD_2021_03,AKD_2021_03_005520,36.15669,33.31824,0.2021498,0.0,0.435513,8.778571,391.2432,0.48707995,0.3778644,0.14736497,0.23049942,orta-dusuk,Otlak/calilik,predicted,0.2203,0.3143,ORTA
AKD_2021_03,AKD_2021_03_005521,36.15668,33.32101,0.33752182,0.6539048,0.50376093,11.906451,368.26672,0.5055424,0.39519036,0.14961551,0.24557485,orta-yuksek,Agaclik,predicted,0.2661,0.421,ORTA
AKD_2021_03,AKD_2021_03_005522,36.15668,33.32379,0.04102438,0.0036831582,0.3664391,30.043434,276.28912,0.48151234,0.29783502,0.13477738,0.16305764,orta-dusuk,Otlak/calilik,low_severity,,0.0,DUSUK
AKD_2021_03,AKD_2021_03_005523,36.15667,33.32657,0.17970073,0.0,0.52877474,23.799198,182.78964,0.47104853,0.38032594,0.13648954,0.2438364,orta-yuksek,Otlak/calilik,predicted,0.2341,0.5005,YUKSEK
AKD_2021_03,AKD_2021_03_005524,36.15666,33.32935,0.0,0.0,0.429366,24.450298,213.16995,0.44215485,0.30746788,0.13063592,0.17683196,orta-dusuk,Otlak/calilik,low_severity,,0.0,DUSUK
AKD_2021_03,AKD_2021_03_005525,36.15665,33.33213,0.0,0.0,0.3237657,25.068216,209.98859,0.3618623,0.2730752,0.12868564,0.14438955,orta-dusuk,Otlak/calilik,low_severity,,0.0,DUSUK
AKD_2021_03,AKD_2021_03_005575,36.15463,33.23763,0.91927606,0.93555605,0.19797935,21.872324,399.15683,1.1897969,0.46006054,0.32797316,0.13208738,dusuk,Agaclik,low_severity,,0.0,DUSUK
AKD_2021_03,AKD_2021_03_005576,36.15462,33.24041,0.7030821,0.6702715,0.18314631,20.868176,501.0245,1.0360309,0.42383093,0.33830142,0.085529506,dusuk,Agaclik,low_severity,,0.0,DUSUK
AKD_2021_03,AKD_2021_03_005577,36.15461,33.24319,0.87317884,0.9762307,0.20503086,18.637663,576.03815,0.9252584,0.491638,0.43627048,0.05536753,dusuk,Agaclik,low_severity,,0.0,DUSUK
AKD_2021_03,AKD_2021_03_005578,36.15461,33.24597,0.9656679,1.0,0.18226707,13.03916,649.76044,0.87398297,0.4980607,0.39861256,0.099448144,dusuk,Agaclik,low_severity,,0.0,DUSUK
AKD_2021_03,AKD_2021_03_005579,36.1546,33.24875,0.40798375,0.372683,0.16381013,4.176672,673.6253,0.8925186,0.38726598,0.28009498,0.107171,dusuk,Agaclik,low_severity,,0.0,DUSUK
AKD_2021_03,AKD_2021_03_005580,36.1546,33.25152,0.505803,0.16685043,0.13491833,5.796215,675.0006,0.9768995,0.33907261,0.27989945,0.059173167,dusuk,Otlak/calilik,low_severity,,0.0,DUSUK
AKD_2021_03,AKD_2021_03_005581,36.15459,33.2543,0.13797839,0.37425002,0.17237128,8.821095,647.27264,1.1122391,0.36251795,0.25627208,0.106245875,dusuk,Otlak/calilik,low_severity,,0.0,DUSUK
AKD_2021_03,AKD_2021_03_005582,36.15458,33.25708,0.17558931,0.26765642,0.11625179,3.694672,622.08215,1.1009933,0.28693974,0.23683211,0.050107628,dusuk,Otlak/calilik,low_severity,,0.0,DUSUK
AKD_2021_03,AKD_2021_03_005585,36.15457,33.26542,0.13926639,0.19116504,0.11150691,4.5013123,617.24133,0.5984297,0.3528515,0.2905943,0.0622572,dusuk,Otlak/calilik,low_severity,,0.0,DUSUK
AKD_2021_03,AKD_2021_03_005586,36.15456,33.2682,0.37163267,0.31781837,0.21917109,5.5858545,600.83856,0.5687079,0.39766353,0.25628522,0.14137831,dusuk,Otlak/calilik,low_severity,,0.0,DUSUK
AKD_2021_03,AKD_2021_03_005587,36.15455,33.27098,0.5506373,0.3176687,0.25281414,5.648473,587.7156,0.64322567,0.4227744,0.26081264,0.16196176,dusuk,Otlak/calilik,low_severity,,0.0,DUSUK
AKD_2021_03,AKD_2021_03_005588,36.15455,33.27376,0.71723264,0.8040168,0.2888686,7.3177423,565.1807,0.79312664,0.46828878,0.26889968,0.1993891,orta-dusuk,Agaclik,low_severity,,0.0,DUSUK
AKD_2021_03,AKD_2021_03_005589,36.15454,33.27654,0.6048055,0.8483365,0.40161937,9.177508,571.03296,0.9845611,0.45544696,0.2446563,0.21079066,orta-dusuk,Agaclik,predicted,0.2566,0.3523,ORTA
AKD_2021_03,AKD_2021_03_005590,36.15454,33.27932,0.5779711,0.8731631,0.525181,11.112497,600.9238,1.1977775,0.4535466,0.19818723,0.25535938,orta-yuksek,Agaclik,predicted,0.3056,0.4414,ORTA
AKD_2021_03,AKD_2021_03_005591,36.15453,33.2821,0.7277851,0.83074605,0.553445,8.924858,615.157,1.4230186,0.5116353,0.20001113,0.31162417,orta-yuksek,Agaclik,predicted,0.3151,0.4217,ORTA
AKD_2021_03,AKD_2021_03_005592,36.15452,33.28488,0.4755753,0.4668153,0.49974313,18.6805,579.8861,1.5870107,0.44457147,0.17634682,0.26822466,orta-yuksek,Otlak/calilik,predicted,0.295,0.4873,ORTA
AKD_2021_03,AKD_2021_03_005593,36.15452,33.28765,0.0,0.0,0.36122873,28.73341,495.36075,1.5567274,0.31789187,0.13927978,0.17861208,orta-dusuk,Otlak/calilik,low_severity,,0.0,DUSUK
AKD_2021_03,AKD_2021_03_005594,36.15451,33.29043,0.03364782,0.0,0.31721792,29.415592,388.21628,1.5662686,0.3104658,0.14294192,0.16752389,orta-dusuk,Otlak/calilik,low_severity,,0.0,DUSUK
AKD_2021_03,AKD_2021_03_005595,36.1545,33.29321,0.0,0.0,0.30739713,28.694798,323.27118,1.6149285,0.30607787,0.14115356,0.16492431,orta-dusuk,Otlak/calilik,low_severity,,0.0,DUSUK
AKD_2021_03,AKD_2021_03_005596,36.15449,33.29599,0.0,0.0,0.20044608,31.462242,258.63608,1.6340622,0.28002226,0.18148704,0.098535225,dusuk,Otlak/calilik,low_severity,,0.0,DUSUK
AKD_2021_03,AKD_2021_03_005599,36.15447,33.30433,0.3198252,0.0,0.12768516,21.076166,285.9218,0.95110416,0.29861745,0.3020568,-0.003439337,dusuk,Otlak/calilik,low_severity,,0.0,DUSUK
AKD_2021_03,AKD_2021_03_005600,36.15447,33.30711,0.73358315,0.067831784,0.43106252,13.519213,340.99127,0.7523823,0.43848863,0.23105052,0.20743811,orta-dusuk,Otlak/calilik,predicted,0.1896,0.3034,ORTA
AKD_2021_03,AKD_2021_03_005601,36.15446,33.30989,0.33677265,0.10076014,0.5669734,10.798169,389.3393,0.59376687,0.4347098,0.15243517,0.2822746,orta-yuksek,Otlak/calilik,predicted,0.2822,0.4304,ORTA
AKD_2021_03,AKD_2021_03_005602,36.15445,33.31267,0.00019373941,0.0,0.3451785,4.5898337,408.60355,0.51384735,0.3142168,0.16055055,0.15366624,orta-dusuk,Otlak/calilik,low_severity,,0.0,DUSUK
AKD_2021_03,AKD_2021_03_005603,36.15445,33.31545,0.056472726,0.0,0.43695456,7.0579395,404.45575,0.5481962,0.3313624,0.111167155,0.22019523,orta-dusuk,Otlak/calilik,predicted,0.2394,0.3233,ORTA
AKD_2021_03,AKD_2021_03_005604,36.15444,33.31823,0.10088187,0.0,0.49207824,15.163461,361.13513,0.6687139,0.35831982,0.13307965,0.22524017,orta-yuksek,Otlak/calilik,predicted,0.2376,0.4025,ORTA
AKD_2021_03,AKD_2021_03_005605,36.15443,33.32101,0.0262431,0.09680713,0.4524008,24.185831,305.55878,0.44691226,0.33521116,0.13876195,0.1964492,orta-yuksek,Otlak/calilik,low_severity,,0.0,DUSUK
AKD_2021_03,AKD_2021_03_005606,36.15442,33.32378,0.021318084,0.0,0.45254534,29.871817,206.14183,0.25448608,0.3190052,0.12918964,0.18981555,orta-yuksek,Otlak/calilik,low_severity,,0.0,DUSUK
AKD_2021_03,AKD_2021_03_005607,36.15442,33.32656,0.12828845,0.0,0.41494995,16.315495,123.65177,0.23408496,0.321041,0.14895624,0.17208475,orta-dusuk,Otlak/calilik,low_severity,,0.0,DUSUK
AKD_2021_03,AKD_2021_03_005608,36.15441,33.32934,0.055757802,0.0,0.2825411,19.167564,125.24831,0.19254197,0.27661455,0.15827489,0.11833966,orta-dusuk,Otlak/calilik,low_severity,,0.0,DUSUK
AKD_2021_03,AKD_2021_03_005609,36.1544,33.33212,0.13671817,0.0,0.17778543,21.360146,117.05922,0.16999504,0.28305036,0.20895413,0.07409623,dusuk,Yerlesim,low_severity,,0.0,DUSUK
AKD_2021_03,AKD_2021_03_005658,36.15238,33.23484,0.73912317,0.8056141,0.17635313,17.14353,451.701,1.228575,0.40022534,0.2863955,0.11382985,dusuk,Agaclik,low_severity,,0.0,DUSUK
AKD_2021_03,AKD_2021_03_005659,36.15237,33.23762,1.0,1.0,0.32136327,20.12985,465.59006,1.0208523,0.52293384,0.2658466,0.25708723,orta-dusuk,Agaclik,predicted,0.417,0.727,YUKSEK
AKD_2021_03,AKD_2021_03_005660,36.15237,33.2404,0.9775205,1.0,0.24413437,21.4346,555.1742,0.83658993,0.46092004,0.30291742,0.15800261,dusuk,Agaclik,low_severity,,0.0,DUSUK
AKD_2021_03,AKD_2021_03_005661,36.15236,33.24318,1.0,1.0,0.19116376,16.211199,617.92395,0.6947128,0.48910713,0.44170043,0.047406703,dusuk,Agaclik,low_severity,,0.0,DUSUK
AKD_2021_03,AKD_2021_03_005662,36.15235,33.24596,1.0,1.0,0.1913454,5.007381,660.5896,0.62479526,0.49092612,0.37247354,0.11845258,dusuk,Agaclik,low_severity,,0.0,DUSUK
AKD_2021_03,AKD_2021_03_005663,36.15235,33.24874,1.0,1.0,0.16277963,5.2939854,673.123,0.6504708,0.44895014,0.3655608,0.08338934,dusuk,Agaclik,low_severity,,0.0,DUSUK
AKD_2021_03,AKD_2021_03_005664,36.15234,33.25152,1.0,1.0,0.22372264,9.532976,673.25336,0.7621387,0.47270867,0.33446598,0.13824269,dusuk,Agaclik,low_severity,,0.0,DUSUK
AKD_2021_03,AKD_2021_03_005665,36.15234,33.2543,0.73999,0.9197228,0.20220803,7.5092807,639.4796,0.92930007,0.4137913,0.29392165,0.11986965,dusuk,Agaclik,low_severity,,0.0,DUSUK
AKD_2021_03,AKD_2021_03_005666,36.15233,33.25708,0.26290795,0.2605526,0.12400657,2.6296616,621.3562,1.127538,0.3226704,0.25594702,0.06672338,dusuk,Otlak/calilik,low_severity,,0.0,DUSUK
AKD_2021_03,AKD_2021_03_005667,36.15232,33.25985,0.5194655,0.40160698,0.117853925,2.931323,623.64594,1.0714418,0.3391903,0.26168975,0.07750055,dusuk,Otlak/calilik,low_severity,,0.0,DUSUK
AKD_2021_03,AKD_2021_03_005669,36.15231,33.26541,0.3871049,0.23790032,0.118711956,4.91983,608.04395,0.8388139,0.34772134,0.28075585,0.06696549,dusuk,Otlak/calilik,low_severity,,0.0,DUSUK
AKD_2021_03,AKD_2021_03_005670,36.15231,33.26819,0.30892384,0.0061750724,0.12019218,3.1108112,593.58777,0.8178749,0.37303895,0.30169678,0.07134217,dusuk,Otlak/calilik,low_severity,,0.0,DUSUK
AKD_2021_03,AKD_2021_03_005671,36.1523,33.27097,0.53833944,0.44171223,0.17031235,7.5888233,594.13055,0.87133807,0.40511012,0.31016985,0.094940275,dusuk,Otlak/calilik,low_severity,,0.0,DUSUK
AKD_2021_03,AKD_2021_03_005672,36.15229,33.27375,0.91189593,1.0,0.271435,8.709865,585.2379,0.9871882,0.4766296,0.28757143,0.18905818,orta-dusuk,Agaclik,low_severity,,0.0,DUSUK
AKD_2021_03,AKD_2021_03_005673,36.15229,33.27653,0.79010624,0.96344244,0.4758268,14.126204,554.03156,1.1466696,0.474301,0.21767329,0.25662774,orta-yuksek,Agaclik,predicted,0.3205,0.5006,YUKSEK
AKD_2021_03,AKD_2021_03_005674,36.15228,33.27931,0.0,0.104322374,0.400406,26.64704,511.11584,1.3342271,0.34827417,0.13906416,0.20921001,orta-dusuk,Otlak/calilik,predicted,0.2604,0.5309,YUKSEK
AKD_2021_03,AKD_2021_03_005675,36.15227,33.28209,0.031071099,0.011058686,0.36280242,27.515276,527.9016,1.4225434,0.32657868,0.1294233,0.19715537,orta-dusuk,Otlak/calilik,low_severity,,0.0,DUSUK
AKD_2021_03,AKD_2021_03_005676,36.15227,33.28487,0.15255065,0.034442086,0.35462043,22.543036,510.99823,1.3429172,0.3152582,0.13680919,0.17844902,orta-dusuk,Otlak/calilik,low_severity,,0.0,DUSUK
AKD_2021_03,AKD_2021_03_005677,36.15226,33.28765,0.0,0.0,0.30067226,29.385532,406.20142,1.3069904,0.2724146,0.13317591,0.13923869,orta-dusuk,Otlak/calilik,low_severity,,0.0,DUSUK
AKD_2021_03,AKD_2021_03_005678,36.15225,33.29043,0.0,0.0,0.32634374,28.094067,285.12238,1.3183402,0.29707018,0.13662326,0.16044691,orta-dusuk,Otlak/calilik,low_severity,,0.0,DUSUK
AKD_2021_03,AKD_2021_03_005679,36.15225,33.2932,0.0,0.0,0.25096345,21.376892,210.94925,1.3757972,0.30211583,0.18095776,0.12115806,dusuk,Otlak/calilik,low_severity,,0.0,DUSUK
AKD_2021_03,AKD_2021_03_005680,36.15224,33.29598,0.0,0.0,0.18783641,20.15982,163.40627,1.4739792,0.27912253,0.19940278,0.07971975,dusuk,Otlak/calilik,low_severity,,0.0,DUSUK
AKD_2021_03,AKD_2021_03_005683,36.15222,33.30432,0.0804426,0.0,0.3550871,21.861961,339.2814,1.1057584,0.36051753,0.19285017,0.16766736,orta-dusuk,Otlak/calilik,low_severity,,0.0,DUSUK
AKD_2021_03,AKD_2021_03_005684,36.15221,33.3071,0.73489785,0.24034563,0.5525809,8.511442,376.07486,0.9403094,0.4575201,0.16563147,0.29188862,orta-yuksek,Otlak/calilik,predicted,0.2906,0.4018,ORTA
AKD_2021_03,AKD_2021_03_005685,36.15221,33.30988,0.18213491,0.14023209,0.46202993,8.064412,397.64926,0.81893945,0.39348617,0.14466996,0.2488162,orta-yuksek,Otlak/calilik,predicted,0.2396,0.3211,ORTA
AKD_2021_03,AKD_2021_03_005686,36.1522,33.31266,0.0,0.0,0.24698758,12.524184,377.60284,0.7629822,0.26258686,0.13844052,0.12414634,dusuk,Otlak/calilik,low_severity,,0.0,DUSUK
AKD_2021_03,AKD_2021_03_005687,36.15219,33.31544,0.0,0.0,0.38259354,12.596625,369.48798,0.7520827,0.27936798,0.10967108,0.1696969,orta-dusuk,Otlak/calilik,low_severity,,0.0,DUSUK
AKD_2021_03,AKD_2021_03_005688,36.15218,33.31822,0.22904962,0.0,0.49420708,22.641016,315.96204,0.5196152,0.36781836,0.13981217,0.22800618,orta-yuksek,Otlak/calilik,predicted,0.2372,0.4905,ORTA
AKD_2021_03,AKD_2021_03_005689,36.15218,33.321,0.0,0.0,0.39305204,30.57136,214.95514,0.31523252,0.2988479,0.13338256,0.16546535,orta-dusuk,Otlak/calilik,low_severity,,0.0,DUSUK
AKD_2021_03,AKD_2021_03_005690,36.15217,33.32378,0.0100128185,0.0,0.42354876,18.805086,114.82577,0.15057293,0.3136841,0.13866997,0.17501414,orta-dusuk,Otlak/calilik,low_severity,,0.0,DUSUK
AKD_2021_03,AKD_2021_03_005691,36.15216,33.32655,0.41481167,0.0,0.21839108,11.107941,74.78405,0.05680082,0.23956922,0.12880696,0.11076225,dusuk,Yerlesim,low_severity,,0.0,DUSUK
AKD_2021_03,AKD_2021_03_005692,36.15215,33.32933,0.3536396,0.0,0.16242707,10.025192,60.724304,0.06036483,0.32404178,0.23475018,0.0892916,dusuk,Yerlesim,low_severity,,0.0,DUSUK
AKD_2021_03,AKD_2021_03_005693,36.15215,33.33211,0.45590204,0.0,0.12822723,11.735251,46.99445,0.07682543,0.34036946,0.26963556,0.070733905,dusuk,Yerlesim,low_severity,,0.0,DUSUK
AKD_2021_03,AKD_2021_03_005742,36.15012,33.23484,0.8043103,0.5131845,0.29902706,24.813671,416.22418,1.1229066,0.46503627,0.28921264,0.17582363,orta-dusuk,Agaclik,low_severity,,0.0,DUSUK
AKD_2021_03,AKD_2021_03_005743,36.15012,33.23761,0.8785744,1.0,0.27462173,22.84661,506.2173,0.8908773,0.47451127,0.3223443,0.15216696,orta-dusuk,Agaclik,low_severity,,0.0,DUSUK
AKD_2021_03,AKD_2021_03_005744,36.15011,33.24039,0.9611576,1.0,0.38603443,16.819677,590.40485,0.67186725,0.49465656,0.24621847,0.24843809,orta-dusuk,Agaclik,predicted,0.3927,0.6694,YUKSEK
AKD_2021_03,AKD_2021_03_005745,36.15011,33.24317,0.94675475,0.9573527,0.13143715,9.4238205,628.5188,0.4838892,0.468558,0.43573463,0.032823384,dusuk,Agaclik,low_severity,,0.0,DUSUK
AKD_2021_03,AKD_2021_03_005746,36.1501,33.24595,1.0,1.0,0.17317176,3.7341454,653.8515,0.37668544,0.532498,0.36867142,0.16382658,dusuk,Agaclik,low_severity,,0.0,DUSUK
AKD_2021_03,AKD_2021_03_005747,36.15009,33.24873,1.0,1.0,0.29838938,5.8476105,650.2704,0.41789362,0.5255653,0.28839892,0.2371664,orta-dusuk,Agaclik,predicted,0.4312,0.6245,YUKSEK
AKD_2021_03,AKD_2021_03_005748,36.15009,33.25151,0.980954,1.0,0.425822,8.601872,634.2861,0.5765225,0.5459072,0.25384194,0.29206526,orta-dusuk,Agaclik,predicted,0.4137,0.6185,YUKSEK
AKD_2021_03,AKD_2021_03_005749,36.15008,33.25429,0.81035286,0.8750102,0.27893656,5.7619596,624.11725,0.78429675,0.4272595,0.24649224,0.18076727,orta-dusuk,Agaclik,low_severity,,0.0,DUSUK
AKD_2021_03,AKD_2021_03_005750,36.15008,33.25707,0.45974886,0.6129185,0.24244271,5.405314,615.84424,1.0113677,0.41474056,0.25016743,0.16457313,dusuk,Agaclik,low_severity,,0.0,DUSUK
AKD_2021_03,AKD_2021_03_005752,36.15006,33.26263,0.15280974,0.0,0.10523101,3.755478,612.36426,1.1548978,0.30526748,0.25811446,0.047153026,dusuk,Otlak/calilik,low_severity,,0.0,DUSUK
AKD_2021_03,AKD_2021_03_005753,36.15006,33.26541,0.27709052,0.0,0.13703823,5.073847,603.7473,1.0835587,0.36171022,0.28255385,0.07915637,dusuk,Otlak/calilik,low_severity,,0.0,DUSUK
AKD_2021_03,AKD_2021_03_005754,36.15005,33.26818,0.46773142,0.0,0.1446135,3.446595,593.52826,1.0187458,0.38653052,0.32323885,0.06329167,dusuk,Otlak/calilik,low_severity,,0.0,DUSUK
AKD_2021_03,AKD_2021_03_005755,36.15005,33.27096,0.40781197,0.41938037,0.3533576,16.135029,567.63635,0.9622975,0.40471914,0.21589105,0.1888281,orta-dusuk,Otlak/calilik,low_severity,,0.0,DUSUK
AKD_2021_03,AKD_2021_03_005756,36.15004,33.27374,0.4228767,0.76150984,0.38778478,22.152802,530.44165,0.9691182,0.40159982,0.18504041,0.21655941,orta-dusuk,Agaclik,predicted,0.2891,0.5462,YUKSEK
AKD_2021_03,AKD_2021_03_005757,36.15003,33.27652,0.055533074,0.17884256,0.24823058,25.31444,512.8404,1.0379614,0.27042863,0.14282885,0.12759978,dusuk,Otlak/calilik,low_severity,,0.0,DUSUK
AKD_2021_03,AKD_2021_03_005758,36.15003,33.2793,0.031901013,0.0,0.22468315,27.04091,426.80692,1.1578157,0.23897219,0.13300437,0.10596782,dusuk,Otlak/calilik,low_severity,,0.0,DUSUK
AKD_2021_03,AKD_2021_03_005759,36.15002,33.28208,0.08809959,0.0,0.31717107,30.571037,395.4102,1.1972691,0.28355733,0.13112968,0.15242764,orta-dusuk,Otlak/calilik,low_severity,,0.0,DUSUK
AKD_2021_03,AKD_2021_03_005760,36.15001,33.28486,0.18214053,0.0,0.31574398,23.086308,460.50668,1.1014764,0.29084405,0.13726522,0.15357883,orta-dusuk,Otlak/calilik,low_severity,,0.0,DUSUK
AKD_2021_03,AKD_2021_03_005761,36.15001,33.28764,0.0,0.0,0.26942113,30.393343,354.59485,1.0573776,0.26535413,0.13817273,0.1271814,dusuk,Otlak/calilik,low_severity,,0.0,DUSUK
AKD_2021_03,AKD_2021_03_005762,36.15,33.29042,0.0,0.0,0.37060022,22.680449,226.43143,1.071375,0.3120337,0.14847472,0.16355899,orta-dusuk,Otlak/calilik,low_severity,,0.0,DUSUK
AKD_2021_03,AKD_2021_03_005763,36.14999,33.2932,0.021835558,0.0,0.2052453,14.246202,155.21582,1.1413332,0.25308508,0.180648,0.07243708,dusuk,Otlak/calilik,low_severity,,0.0,DUSUK
AKD_2021_03,AKD_2021_03_005764,36.14999,33.29598,0.04142279,0.0,0.12900737,12.149468,115.17706,1.2579501,0.27538127,0.22672686,0.048654407,dusuk,Otlak/calilik,low_severity,,0.0,DUSUK
AKD_2021_03,AKD_2021_03_005765,36.14998,33.29875,0.014717905,0.0,0.25891694,24.989475,150.18184,1.4014874,0.2948783,0.19553511,0.099343196,dusuk,Otlak/calilik,low_severity,,0.0,DUSUK
AKD_2021_03,AKD_2021_03_005766,36.14997,33.30153,0.36523312,0.27183875,0.41404617,25.140461,267.20343,1.3048857,0.4061608,0.20165257,0.20450823,orta-dusuk,Otlak/calilik,predicted,0.2488,0.4973,ORTA
AKD_2021_03,AKD_2021_03_005767,36.14997,33.30431,0.47644648,0.13687232,0.49115318,14.275427,353.28964,1.1395402,0.4498807,0.1576169,0.2922638,orta-yuksek,Otlak/calilik,predicted,0.2633,0.4107,ORTA
AKD_2021_03,AKD_2021_03_005768,36.14996,33.30709,0.12160929,0.0,0.44762987,6.604631,379.9271,0.9768062,0.3920102,0.13359463,0.25841558,orta-yuksek,Otlak/calilik,predicted,0.2406,0.299,ORTA
AKD_2021_03,AKD_2021_03_005769,36.14995,33.30987,0.0,0.0,0.25008035,23.162882,353.16776,0.85717493,0.27018508,0.14228407,0.12790102,dusuk,Otlak/calilik,low_severity,,0.0,DUSUK
AKD_2021_03,AKD_2021_03_005770,36.14994,33.31265,0.0,0.0,0.24877867,24.74892,293.70142,0.7748347,0.24092582,0.13582912,0.1050967,dusuk,Otlak/calilik,low_severity,,0.0,DUSUK
AKD_2021_03,AKD_2021_03_005771,36.14994,33.31543,0.0,0.0,0.21491289,19.010431,317.68442,0.627401,0.21308875,0.12501791,0.08807084,dusuk,Otlak/calilik,low_severity,,0.0,DUSUK
AKD_2021_03,AKD_2021_03_005772,36.14993,33.31821,0.0,0.0,0.35843486,27.92888,233.36243,0.41220766,0.26986545,0.12983832,0.14002714,orta-dusuk,Otlak/calilik,low_severity,,0.0,DUSUK
AKD_2021_03,AKD_2021_03_005773,36.14992,33.32099,0.0,0.0,0.4410775,23.278748,139.27312,0.21723989,0.31812787,0.13732481,0.18080306,orta-yuksek,Otlak/calilik,low_severity,,0.0,DUSUK
AKD_2021_03,AKD_2021_03_005774,36.14992,33.32377,0.050447103,0.0,0.10462968,13.042818,71.417786,0.039556857,0.21374193,0.1683831,0.04535882,dusuk,Yerlesim,low_severity,,0.0,DUSUK
AKD_2021_03,AKD_2021_03_005775,36.14991,33.32655,0.21015504,0.0,0.16110268,8.610238,41.759834,0.036669295,0.271506,0.18241312,0.089092895,dusuk,Yerlesim,low_severity,,0.0,DUSUK
AKD_2021_03,AKD_2021_03_005826,36.14787,33.23483,0.9392855,0.6593993,0.13135058,27.554897,509.08997,1.0665092,0.4536751,0.3988223,0.054852784,dusuk,Agaclik,low_severity,,0.0,DUSUK
AKD_2021_03,AKD_2021_03_005827,36.14786,33.23761,1.0,1.0,0.23038058,22.383493,556.71106,0.8186484,0.49250585,0.31287318,0.17963266,dusuk,Agaclik,low_severity,,0.0,DUSUK
AKD_2021_03,AKD_2021_03_005828,36.14786,33.24039,0.87857926,0.87028,0.22573103,12.2448,640.2527,0.5726503,0.44703618,0.28229722,0.16473895,dusuk,Agaclik,low_severity,,0.0,DUSUK
AKD_2021_03,AKD_2021_03_005831,36.14784,33.24872,0.68074924,0.8412241,0.22167672,7.4231963,626.48004,0.22618115,0.42934197,0.26987556,0.15946642,dusuk,Agaclik,low_severity,,0.0,DUSUK
AKD_2021_03,AKD_2021_03_005832,36.14783,33.2515,0.8145073,0.77190405,0.23171094,7.2543726,606.43945,0.45705697,0.3860427,0.24741934,0.13862337,dusuk,Agaclik,low_severity,,0.0,DUSUK
AKD_2021_03,AKD_2021_03_005833,36.14783,33.25428,0.05486282,0.041637897,0.11834532,6.5377855,597.2142,0.7011735,0.2927124,0.24166408,0.05104831,dusuk,Otlak/calilik,low_severity,,0.0,DUSUK
AKD_2021_03,AKD_2021_03_005834,36.14782,33.25706,0.16633834,0.11737111,0.1731569,6.252466,590.1892,0.9483604,0.305669,0.22114202,0.084526986,dusuk,Otlak/calilik,low_severity,,0.0,DUSUK
AKD_2021_03,AKD_2021_03_005835,36.14782,33.25984,0.24201079,0.16261612,0.2367726,5.118816,585.0375,1.1967165,0.3517747,0.22895105,0.12282364,dusuk,Otlak/calilik,low_severity,,0.0,DUSUK
AKD_2021_03,AKD_2021_03_005836,36.14781,33.26262,0.24127127,0.20737435,0.23009554,7.3032994,585.8129,1.104709,0.41769928,0.27750602,0.14019325,dusuk,Otlak/calilik,low_severity,,0.0,DUSUK
AKD_2021_03,AKD_2021_03_005838,36.1478,33.26818,0.5456754,0.4878471,0.164439,8.018137,580.5393,0.78849804,0.42119008,0.3187711,0.10241899,dusuk,Otlak/calilik,low_severity,,0.0,DUSUK
AKD_2021_03,AKD_2021_03_005839,36.14779,33.27096,0.3633068,0.02453016,0.26988783,15.2676115,560.32184,0.7140748,0.36382237,0.21028143,0.15354094,dusuk,Otlak/calilik,low_severity,,0.0,DUSUK
AKD_2021_03,AKD_2021_03_005840,36.14779,33.27373,0.21743801,0.07939038,0.28862008,20.859735,474.22733,0.72324026,0.32602268,0.18214348,0.1438792,orta-dusuk,Otlak/calilik,low_severity,,0.0,DUSUK
AKD_2021_03,AKD_2021_03_005841,36.14778,33.27651,0.12435649,0.008857662,0.32396114,21.215752,409.00394,0.8131728,0.31749293,0.1620009,0.15549204,orta-dusuk,Otlak/calilik,low_severity,,0.0,DUSUK
AKD_2021_03,AKD_2021_03_005842,36.14777,33.27929,0.39221883,0.18604285,0.37299192,20.347729,341.97485,0.96146953,0.38892192,0.19021922,0.1987027,orta-dusuk,Otlak/calilik,low_severity,,0.0,DUSUK
AKD_2021_03,AKD_2021_03_005843,36.14777,33.28207,0.29826397,0.049174886,0.44056112,19.119425,292.0541,0.98401064,0.40605897,0.18092015,0.22513881,orta-yuksek,Otlak/calilik,predicted,0.2361,0.4274,ORTA
AKD_2021_03,AKD_2021_03_005844,36.14776,33.28485,0.0,0.0,0.2475122,31.381603,351.57635,0.8649127,0.2498407,0.12675865,0.12308206,dusuk,Otlak/calilik,low_severity,,0.0,DUSUK
AKD_2021_03,AKD_2021_03_005845,36.14775,33.28763,0.0,0.0,0.25336522,22.55869,359.92023,0.8080043,0.23688716,0.12734042,0.109546736,dusuk,Otlak/calilik,low_severity,,0.0,DUSUK
AKD_2021_03,AKD_2021_03_005846,36.14775,33.29041,0.0,0.0,0.38887173,24.477901,254.04176,0.82623726,0.2772928,0.14311978,0.134173,orta-dusuk,Otlak/calilik,low_severity,,0.0,DUSUK
AKD_2021_03,AKD_2021_03_005847,36.14774,33.29319,0.01241545,0.0,0.39773247,20.524698,167.98691,0.91513115,0.29100606,0.14419149,0.14681457,orta-dusuk,Otlak/calilik,low_severity,,0.0,DUSUK
AKD_2021_03,AKD_2021_03_005848,36.14773,33.29597,0.14438933,0.0,0.35043472,14.278808,103.31615,1.0570062,0.35165396,0.18674934,0.16490462,orta-dusuk,Otlak/calilik,low_severity,,0.0,DUSUK
AKD_2021_03,AKD_2021_03_005849,36.14773,33.29875,0.008038168,0.0,0.2939133,31.139114,204.8502,1.1854509,0.2582358,0.13666034,0.121575475,orta-dusuk,Otlak/calilik,low_severity,,0.0,DUSUK
AKD_2021_03,AKD_2021_03_005850,36.14772,33.30153,0.0,0.0,0.37374252,17.597734,325.49982,1.0695109,0.3376872,0.13674805,0.20093915,orta-dusuk,Otlak/calilik,predicted,0.2464,0.4232,ORTA
AKD_2021_03,AKD_2021_03_005851,36.14771,33.3043,0.0,0.0,0.38710013,7.2802415,357.65106,0.98092675,0.3507048,0.12946017,0.22124462,orta-dusuk,Otlak/calilik,predicted,0.2819,0.3724,ORTA
AKD_2021_03,AKD_2021_03_005852,36.14771,33.30708,0.0,0.0,0.36105794,16.327045,339.2142,0.78601253,0.32095483,0.12835003,0.1926048,orta-dusuk,Otlak/calilik,low_severity,,0.0,DUSUK
AKD_2021_03,AKD_2021_03_005853,36.1477,33.30986,0.0,0.0,0.26066506,26.624905,268.45178,0.63120055,0.22600712,0.10892807,0.11707905,dusuk,Otlak/calilik,low_severity,,0.0,DUSUK
AKD_2021_03,AKD_2021_03_005854,36.14769,33.31264,0.0,0.0,0.42905527,19.071482,197.25359,0.55137336,0.3421206,0.14591922,0.19620137,orta-dusuk,Otlak/calilik,low_severity,,0.0,DUSUK
AKD_2021_03,AKD_2021_03_005855,36.14768,33.31542,0.0,0.0,0.40190202,26.65221,216.38724,0.4264695,0.30293012,0.13238956,0.17054056,orta-dusuk,Otlak/calilik,low_severity,,0.0,DUSUK
AKD_2021_03,AKD_2021_03_005856,36.14768,33.3182,0.0,0.0,0.3987793,27.69625,161.85286,0.32250562,0.28704882,0.13080908,0.15623973,orta-dusuk,Otlak/calilik,low_severity,,0.0,DUSUK
AKD_2021_03,AKD_2021_03_005857,36.14767,33.32098,0.16787311,0.0,0.20794502,17.130146,83.10829,0.072753176,0.30118817,0.2316117,0.06957647,dusuk,Otlak/calilik,low_severity,,0.0,DUSUK
AKD_2021_03,AKD_2021_03_005859,36.14765,33.32654,0.047362763,0.0,0.103775576,6.623761,12.19702,0.076690964,0.2110993,0.14228868,0.06881061,dusuk,Yerlesim,low_severity,,0.0,DUSUK
AKD_2021_03,AKD_2021_03_005911,36.14561,33.2376,0.896519,1.0,0.24181081,15.733814,610.6373,0.819578,0.4566816,0.26058114,0.19610047,dusuk,Agaclik,low_severity,,0.0,DUSUK
AKD_2021_03,AKD_2021_03_005912,36.1456,33.24038,0.284688,0.3561214,0.104672536,6.336178,663.6527,0.5739784,0.3267585,0.24873607,0.078022435,dusuk,Otlak/calilik,low_severity,,0.0,DUSUK
AKD_2021_03,AKD_2021_03_005915,36.14559,33.24872,0.68924093,0.74406207,0.17916366,8.336451,610.70294,0.22952285,0.37457323,0.28095832,0.093614906,dusuk,Agaclik,low_severity,,0.0,DUSUK
AKD_2021_03,AKD_2021_03_005916,36.14558,33.2515,0.94213533,0.9740725,0.32510355,15.747179,568.5719,0.45871985,0.52032316,0.2778639,0.24245927,orta-dusuk,Agaclik,predicted,0.3298,0.5673,YUKSEK
AKD_2021_03,AKD_2021_03_005917,36.14558,33.25427,0.33371425,0.5095692,0.18943974,12.996083,561.47217,0.7022586,0.40772852,0.31599656,0.091731966,dusuk,Agaclik,low_severity,,0.0,DUSUK
AKD_2021_03,AKD_2021_03_005918,36.14557,33.25705,0.6494546,0.5430088,0.23091127,8.206202,557.04285,0.9491629,0.39101928,0.27032128,0.120698005,dusuk,Otlak/calilik,low_severity,,0.0,DUSUK
AKD_2021_03,AKD_2021_03_005919,36.14556,33.25983,0.53136814,0.6303811,0.28109503,4.6402965,571.5898,1.1899978,0.3820655,0.22606389,0.15600161,orta-dusuk,Agaclik,low_severity,,0.0,DUSUK
AKD_2021_03,AKD_2021_03_005920,36.14556,33.26261,0.83465147,0.9578098,0.2205472,5.902871,567.9713,0.9639856,0.47608262,0.36874995,0.10733268,dusuk,Agaclik,low_severity,,0.0,DUSUK
AKD_2021_03,AKD_2021_03_005921,36.14555,33.26539,0.7134377,0.61312944,0.1916048,8.302347,550.1238,0.75328743,0.47527063,0.3649381,0.11033252,dusuk,Agaclik,low_severity,,0.0,DUSUK
AKD_2021_03,AKD_2021_03_005922,36.14554,33.26817,0.2238179,0.004460268,0.20020024,8.346401,550.29926,0.57499176,0.38957196,0.27499932,0.114572644,dusuk,Otlak/calilik,low_severity,,0.0,DUSUK
AKD_2021_03,AKD_2021_03_005923,36.14554,33.27095,0.20475477,0.10486408,0.36180323,11.710741,537.3208,0.46774906,0.39937478,0.2133847,0.18599008,orta-dusuk,Otlak/calilik,low_severity,,0.0,DUSUK
AKD_2021_03,AKD_2021_03_005924,36.14553,33.27373,0.24945003,0.41504017,0.3664019,14.326886,508.53397,0.48162514,0.34296477,0.17302772,0.16993704,orta-dusuk,Otlak/calilik,low_severity,,0.0,DUSUK
AKD_2021_03,AKD_2021_03_005925,36.14553,33.27651,0.08542551,0.119591355,0.34344518,20.146893,444.01093,0.60838836,0.29574686,0.14873269,0.14701417,orta-dusuk,Otlak/calilik,low_severity,,0.0,DUSUK
AKD_2021_03,AKD_2021_03_005926,36.14552,33.27929,0.06871757,0.13637112,0.4039793,20.061426,352.42627,0.7958078,0.38628462,0.18906301,0.1972216,orta-dusuk,Otlak/calilik,low_severity,,0.0,DUSUK
AKD_2021_03,AKD_2021_03_005927,36.14551,33.28206,0.4902249,0.0,0.4829023,17.994225,274.322,0.7925279,0.42609876,0.1918496,0.23424916,orta-yuksek,Otlak/calilik,predicted,0.2382,0.4281,ORTA
AKD_2021_03,AKD_2021_03_005928,36.14551,33.28484,0.2790439,0.0,0.48021024,20.855373,236.7883,0.6386686,0.37691793,0.15164892,0.225269,orta-yuksek,Otlak/calilik,predicted,0.2269,0.4487,ORTA
AKD_2021_03,AKD_2021_03_005929,36.1455,33.28762,0.0,0.0,0.32398576,25.364357,283.74106,0.55919105,0.26116946,0.11842716,0.1427423,orta-dusuk,Otlak/calilik,low_severity,,0.0,DUSUK
AKD_2021_03,AKD_2021_03_005930,36.14549,33.2904,0.0,0.0,0.34131196,24.651615,244.71736,0.58522785,0.25567412,0.12093429,0.13473983,orta-dusuk,Otlak/calilik,low_severity,,0.0,DUSUK
AKD_2021_03,AKD_2021_03_005931,36.14549,33.29318,0.032617982,0.0,0.3681488,25.818188,149.68979,0.70518696,0.27621663,0.12076657,0.15545005,orta-dusuk,Otlak/calilik,low_severity,,0.0,DUSUK
AKD_2021_03,AKD_2021_03_005932,36.14548,33.29596,0.18100825,0.0,0.47247425,15.516882,97.22403,0.8815247,0.3840245,0.152065,0.2319595,orta-yuksek,Otlak/calilik,predicted,0.2156,0.3604,ORTA
AKD_2021_03,AKD_2021_03_005933,36.14547,33.29874,0.0,0.0,0.3869304,30.291735,208.18602,0.98560673,0.2805171,0.13045934,0.15005776,orta-dusuk,Otlak/calilik,low_severity,,0.0,DUSUK
AKD_2021_03,AKD_2021_03_005934,36.14547,33.30152,0.0,0.0,0.35100576,15.884388,340.1379,0.84260345,0.27764902,0.12586923,0.15177979,orta-dusuk,Otlak/calilik,low_severity,,0.0,DUSUK
AKD_2021_03,AKD_2021_03_005935,36.14546,33.3043,0.0,0.0,0.39220124,11.61857,337.59558,0.7573245,0.3128752,0.122224145,0.19065106,orta-dusuk,Otlak/calilik,low_severity,,0.0,DUSUK
AKD_2021_03,AKD_2021_03_005936,36.14545,33.30707,0.0,0.0,0.3170522,24.902561,262.11816,0.63755864,0.24738473,0.11393541,0.13344932,orta-dusuk,Otlak/calilik,low_severity,,0.0,DUSUK
AKD_2021_03,AKD_2021_03_005937,36.14544,33.30985,0.0,0.0,0.43242314,20.691053,190.4447,0.43252683,0.30496526,0.1319339,0.17303136,orta-dusuk,Otlak/calilik,low_severity,,0.0,DUSUK
AKD_2021_03,AKD_2021_03_005938,36.14544,33.31263,0.0,0.0,0.37442577,14.31716,136.87448,0.30443045,0.29817316,0.14090452,0.15726864,orta-dusuk,Otlak/calilik,low_severity,,0.0,DUSUK
AKD_2021_03,AKD_2021_03_005939,36.14543,33.31541,0.0,0.0,0.32246035,17.477783,112.484795,0.25097442,0.28234982,0.15688345,0.12546638,orta-dusuk,Otlak/calilik,low_severity,,0.0,DUSUK
AKD_2021_03,AKD_2021_03_005940,36.14542,33.31819,0.35943827,0.0,0.1477891,15.720956,76.71374,0.11568767,0.26418456,0.2122373,0.051947266,dusuk,Yerlesim,low_severity,,0.0,DUSUK
AKD_2021_03,AKD_2021_03_005994,36.14336,33.23482,0.95301634,0.900536,0.16922091,9.421268,657.18726,1.0368402,0.45656285,0.377078,0.07948485,dusuk,Agaclik,low_severity,,0.0,DUSUK
AKD_2021_03,AKD_2021_03_005995,36.14336,33.23759,1.0,1.0,0.2015784,8.103503,636.80554,0.8934377,0.4683549,0.35307157,0.11528334,dusuk,Agaclik,low_severity,,0.0,DUSUK
AKD_2021_03,AKD_2021_03_005996,36.14335,33.24037,0.44493192,0.57773393,0.13731572,5.58657,662.04065,0.6752585,0.3460426,0.2583032,0.08773941,dusuk,Agaclik,low_severity,,0.0,DUSUK
AKD_2021_03,AKD_2021_03_005997,36.14334,33.24315,0.56035745,0.43375513,0.1546669,12.664881,638.02673,0.48858696,0.36726928,0.2740354,0.09323388,dusuk,Otlak/calilik,low_severity,,0.0,DUSUK
AKD_2021_03,AKD_2021_03_005998,36.14334,33.24593,0.5360517,0.60449255,0.19005854,14.829966,596.075,0.38270143,0.38403657,0.27636188,0.10767469,dusuk,Agaclik,low_severity,,0.0,DUSUK
AKD_2021_03,AKD_2021_03_005999,36.14333,33.24871,0.8472095,0.91480297,0.27768478,21.283216,562.3049,0.4233244,0.45634073,0.2693178,0.18702292,orta-dusuk,Agaclik,low_severity,,0.0,DUSUK
AKD_2021_03,AKD_2021_03_006000,36.14333,33.25149,1.0,1.0,0.33159158,21.424587,497.92474,0.58047116,0.53470415,0.29635757,0.23834658,orta-dusuk,Agaclik,predicted,0.4227,0.7721,COK_YUKSEK
AKD_2021_03,AKD_2021_03_006001,36.14332,33.25427,0.81100875,0.9744595,0.23689844,17.45628,497.3076,0.78720385,0.47591943,0.32995206,0.14596736,dusuk,Agaclik,low_severity,,0.0,DUSUK
AKD_2021_03,AKD_2021_03_006002,36.14332,33.25705,0.96832657,0.9238717,0.23642781,11.0432625,554.69,1.0136237,0.48865396,0.37924278,0.10941118,dusuk,Agaclik,low_severity,,0.0,DUSUK
AKD_2021_03,AKD_2021_03_006003,36.14331,33.25983,1.0,1.0,0.23096135,4.1843867,577.783,1.1180255,0.49280939,0.36875054,0.12405884,dusuk,Agaclik,low_severity,,0.0,DUSUK
AKD_2021_03,AKD_2021_03_006004,36.1433,33.2626,0.8378073,0.68703943,0.2631843,8.030965,567.6341,0.87358725,0.44775277,0.30619836,0.14155442,dusuk,Agaclik,low_severity,,0.0,DUSUK
AKD_2021_03,AKD_2021_03_006005,36.1433,33.26538,0.4862943,0.677124,0.24094479,12.004527,523.6017,0.63350475,0.43499148,0.28084555,0.15414593,dusuk,Agaclik,low_severity,,0.0,DUSUK
AKD_2021_03,AKD_2021_03_006006,36.14329,33.26816,0.63311505,0.529059,0.26067927,17.409266,492.41693,0.40558836,0.44856614,0.27842885,0.17013729,dusuk,Agaclik,low_severity,,0.0,DUSUK
AKD_2021_03,AKD_2021_03_006007,36.14328,33.27094,0.41270146,0.18476014,0.33422285,16.805176,480.72165,0.22951148,0.39050487,0.2061547,0.18435016,orta-dusuk,Otlak/calilik,low_severity,,0.0,DUSUK
AKD_2021_03,AKD_2021_03_006008,36.14328,33.27372,0.6257683,0.7281614,0.5118791,9.480698,469.07135,0.25661087,0.44800347,0.19685209,0.25115138,orta-yuksek,Agaclik,predicted,0.2838,0.4354,ORTA
AKD_2021_03,AKD_2021_03_006009,36.14327,33.2765,0.2754667,0.3893623,0.5031721,13.593772,449.32,0.45168877,0.3808203,0.16943279,0.21138752,orta-yuksek,Otlak/calilik,predicted,0.3034,0.5019,YUKSEK
AKD_2021_03,AKD_2021_03_006010,36.14327,33.27928,0.28647882,0.24647251,0.34140694,26.08117,355.61383,0.68351763,0.38840252,0.2245124,0.16389012,orta-dusuk,Otlak/calilik,low_severity,,0.0,DUSUK
AKD_2021_03,AKD_2021_03_006011,36.14326,33.28206,0.22415109,0.0,0.43363187,20.266132,250.43246,0.6425917,0.42820823,0.21367773,0.2145305,orta-dusuk,Otlak/calilik,predicted,0.2368,0.458,ORTA
AKD_2021_03,AKD_2021_03_006012,36.14325,33.28483,0.030092424,0.0,0.2838081,13.30682,180.92445,0.43900022,0.37487915,0.23884538,0.13603377,orta-dusuk,Otlak/calilik,low_severity,,0.0,DUSUK
AKD_2021_03,AKD_2021_03_006013,36.14325,33.28761,0.095787026,0.0,0.21376005,18.591578,172.62234,0.31227908,0.22496831,0.1417963,0.08317201,dusuk,Otlak/calilik,low_severity,,0.0,DUSUK
AKD_2021_03,AKD_2021_03_006016,36.14323,33.29595,0.2121518,0.0,0.49613285,21.935865,102.65657,0.74960613,0.39568073,0.16225317,0.23342755,orta-yuksek,Otlak/calilik,predicted,0.2224,0.4477,ORTA
AKD_2021_03,AKD_2021_03_006017,36.14322,33.29873,0.0,0.0,0.5306586,26.543972,224.88179,0.81397027,0.37823403,0.14138058,0.23685345,orta-yuksek,Otlak/calilik,predicted,0.2693,0.5699,YUKSEK
AKD_2021_03,AKD_2021_03_006018,36.14321,33.30151,0.0,0.0,0.42265388,16.105078,308.48932,0.63333046,0.29254124,0.12875885,0.16378239,orta-dusuk,Otlak/calilik,low_severity,,0.0,DUSUK
AKD_2021_03,AKD_2021_03_006019,36.1432,33.30429,0.0,0.0,0.39394987,19.389362,279.20505,0.5144583,0.28522167,0.1212035,0.16401817,orta-dusuk,Otlak/calilik,low_severity,,0.0,DUSUK
AKD_2021_03,AKD_2021_03_006020,36.1432,33.30707,0.0,0.0,0.33583632,23.569443,210.24867,0.5032169,0.25636905,0.11496507,0.14140399,orta-dusuk,Otlak/calilik,low_severity,,0.0,DUSUK
AKD_2021_03,AKD_2021_03_006021,36.14319,33.30984,0.12143808,0.0,0.28139305,15.272272,136.4151,0.31740317,0.25857812,0.14111096,0.117467165,orta-dusuk,Otlak/calilik,low_severity,,0.0,DUSUK
AKD_2021_03,AKD_2021_03_006077,36.14111,33.23203,0.13288106,0.064303264,0.1366866,21.73392,665.36426,0.7756575,0.28809047,0.24083665,0.047253817,dusuk,Otlak/calilik,low_severity,,0.0,DUSUK
AKD_2021_03,AKD_2021_03_006078,36.14111,33.23481,0.4901547,0.45862633,0.14731269,12.444217,655.99615,0.80732423,0.32870978,0.251835,0.07687479,dusuk,Agaclik,low_severity,,0.0,DUSUK
AKD_2021_03,AKD_2021_03_006079,36.1411,33.23759,0.59570956,0.8026437,0.1567699,5.9823627,661.35596,0.73019725,0.37836924,0.29205117,0.086318076,dusuk,Agaclik,low_severity,,0.0,DUSUK
AKD_2021_03,AKD_2021_03_006080,36.1411,33.24037,0.2080302,0.5585683,0.13160759,10.855817,652.642,0.7345772,0.32414103,0.23225442,0.09188661,dusuk,Agaclik,low_severity,,0.0,DUSUK
AKD_2021_03,AKD_2021_03_006081,36.14109,33.24315,0.26592714,0.71464694,0.21583994,19.700922,592.9278,0.7001714,0.37192523,0.22678798,0.14513725,dusuk,Agaclik,low_severity,,0.0,DUSUK
AKD_2021_03,AKD_2021_03_006082,36.14108,33.24592,0.6046263,0.77164674,0.24976183,17.20572,540.2244,0.63085914,0.39232913,0.24982587,0.14250326,dusuk,Agaclik,low_severity,,0.0,DUSUK
AKD_2021_03,AKD_2021_03_006083,36.14108,33.2487,0.24161588,0.09132014,0.2419627,25.959501,470.93732,0.6562975,0.36273342,0.2140816,0.14865182,dusuk,Otlak/calilik,low_severity,,0.0,DUSUK
AKD_2021_03,AKD_2021_03_006084,36.14107,33.25148,0.6940803,0.829489,0.3323356,14.688871,430.32672,0.7671177,0.45070034,0.24817249,0.20252785,orta-dusuk,Agaclik,predicted,0.2785,0.4581,ORTA
AKD_2021_03,AKD_2021_03_006085,36.14107,33.25426,0.5322727,0.6624271,0.3715918,25.05719,436.18463,0.93338776,0.43334848,0.2239215,0.20942698,orta-dusuk,Agaclik,predicted,0.2898,0.5807,YUKSEK
AKD_2021_03,AKD_2021_03_006086,36.14106,33.25704,0.4319421,0.42860693,0.32399854,29.712904,500.56546,1.1309093,0.41538352,0.22507368,0.19030984,orta-dusuk,Agaclik,low_severity,,0.0,DUSUK
AKD_2021_03,AKD_2021_03_006087,36.14106,33.25982,0.32795048,0.37252548,0.27653503,20.225216,550.0953,1.099485,0.32797974,0.19462107,0.13335867,orta-dusuk,Otlak/calilik,low_severity,,0.0,DUSUK
AKD_2021_03,AKD_2021_03_006088,36.14105,33.2626,0.31628057,0.044647902,0.38822854,23.294012,528.7935,0.84972996,0.37225902,0.17106628,0.20119274,orta-dusuk,Otlak/calilik,predicted,0.2595,0.517,YUKSEK
AKD_2021_03,AKD_2021_03_006089,36.14104,33.26538,0.09191459,0.0,0.2680381,27.450281,468.72565,0.60017884,0.34707963,0.19571544,0.15136419,dusuk,Otlak/calilik,low_severity,,0.0,DUSUK
AKD_2021_03,AKD_2021_03_006090,36.14104,33.26815,0.1333488,0.15292327,0.19241385,26.499577,398.8934,0.35126665,0.34974277,0.2301634,0.119579375,dusuk,Otlak/calilik,low_severity,,0.0,DUSUK
AKD_2021_03,AKD_2021_03_006091,36.14103,33.27093,0.019067828,0.000101236714,0.2376754,28.62691,373.73685,0.10752616,0.3380291,0.20587817,0.13215092,dusuk,Otlak/calilik,low_severity,,0.0,DUSUK
AKD_2021_03,AKD_2021_03_006092,36.14102,33.27371,0.04992783,0.030986816,0.37646374,22.392086,421.30554,0.1572752,0.3471322,0.16564201,0.1814902,orta-dusuk,Otlak/calilik,low_severity,,0.0,DUSUK
AKD_2021_03,AKD_2021_03_006093,36.14102,33.27649,0.55983436,0.54843265,0.5043241,16.690205,411.10895,0.40362,0.42821634,0.18724915,0.24096718,orta-yuksek,Otlak/calilik,predicted,0.2907,0.5175,YUKSEK
AKD_2021_03,AKD_2021_03_006094,36.14101,33.27927,0.5799465,0.6884934,0.5516961,22.120823,330.36002,0.65275013,0.47488606,0.23921646,0.2356696,orta-yuksek,Agaclik,predicted,0.3095,0.5943,YUKSEK
AKD_2021_03,AKD_2021_03_006095,36.14101,33.28205,0.6164866,0.45767176,0.4215973,20.537294,260.09427,0.568109,0.45742747,0.26804918,0.18937829,orta-dusuk,Otlak/calilik,low_severity,,0.0,DUSUK
AKD_2021_03,AKD_2021_03_006096,36.141,33.28483,0.4743373,0.29196095,0.39223826,20.573359,206.4771,0.3202262,0.41424447,0.25043243,0.16381204,orta-dusuk,Otlak/calilik,low_severity,,0.0,DUSUK
AKD_2021_03,AKD_2021_03_006097,36.14099,33.28761,0.23318736,0.0,0.19431634,18.179337,148.76552,0.08568465,0.30067387,0.23375767,0.0669162,dusuk,Yerlesim,low_severity,,0.0,DUSUK
AKD_2021_03,AKD_2021_03_006099,36.14098,33.29316,0.060638424,0.0,0.23978257,10.575867,54.425247,0.43810496,0.22913286,0.13564475,0.09348811,dusuk,Otlak/calilik,low_severity,,0.0,DUSUK
AKD_2021_03,AKD_2021_03_006100,36.14097,33.29594,0.3036027,0.0,0.514766,23.411213,119.580925,0.5481726,0.4006763,0.15763053,0.24304578,orta-yuksek,Otlak/calilik,predicted,0.2292,0.4846,ORTA
AKD_2021_03,AKD_2021_03_006101,36.14096,33.29872,0.0,0.0,0.4781751,18.992403,217.97769,0.6075927,0.35394752,0.14077453,0.21317299,orta-yuksek,Otlak/calilik,predicted,0.2277,0.4312,ORTA
AKD_2021_03,AKD_2021_03_006102,36.14096,33.3015,0.0,0.0,0.38426694,17.478588,247.13858,0.46608406,0.29814774,0.13751812,0.16062962,orta-dusuk,Otlak/calilik,low_severity,,0.0,DUSUK
AKD_2021_03,AKD_2021_03_006103,36.14095,33.30428,0.055437036,0.0,0.38372624,19.434898,212.14601,0.28424332,0.28815788,0.13059664,0.15756124,orta-dusuk,Otlak/calilik,low_severity,,0.0,DUSUK
AKD_2021_03,AKD_2021_03_006104,36.14094,33.30706,0.0,0.0,0.41631156,17.652555,146.83434,0.26335177,0.3201095,0.13087255,0.18923694,orta-dusuk,Otlak/calilik,low_severity,,0.0,DUSUK
AKD_2021_03,AKD_2021_03_006105,36.14094,33.30984,0.16281424,0.0,0.2478407,10.101788,100.514244,0.21672812,0.23195155,0.1280606,0.103890955,dusuk,Otlak/calilik,low_severity,,0.0,DUSUK
AKD_2021_03,AKD_2021_03_006106,36.14093,33.31261,0.7344862,0.0,0.10040547,7.7321534,74.9841,0.06231539,0.21961573,0.19652477,0.023090959,dusuk,Yerlesim,low_severity,,0.0,DUSUK
AKD_2021_03,AKD_2021_03_006161,36.13886,33.23202,0.0,0.20206675,0.19820093,41.9431,441.86932,0.52568036,0.26461393,0.17565194,0.08896199,dusuk,Otlak/calilik,low_severity,,0.0,DUSUK
AKD_2021_03,AKD_2021_03_006162,36.13885,33.2348,0.0,0.13886511,0.26309648,44.117245,491.6113,0.58579737,0.29349416,0.16355686,0.1299373,dusuk,Otlak/calilik,low_severity,,0.0,DUSUK
AKD_2021_03,AKD_2021_03_006163,36.13885,33.23758,0.0,0.0,0.14394575,32.98731,592.81024,0.48468834,0.26845723,0.20685896,0.06159827,dusuk,Otlak/calilik,low_severity,,0.0,DUSUK
AKD_2021_03,AKD_2021_03_006164,36.13884,33.24036,0.0,0.0,0.10835411,24.781044,597.6648,0.49126205,0.21791883,0.1857428,0.032176033,dusuk,Otlak/calilik,low_severity,,0.0,DUSUK
AKD_2021_03,AKD_2021_03_006165,36.13884,33.24314,0.0,0.0,0.1785968,28.473614,521.2155,0.49902332,0.2715702,0.18031827,0.09125194,dusuk,Otlak/calilik,low_severity,,0.0,DUSUK
AKD_2021_03,AKD_2021_03_006166,36.13883,33.24592,0.34398037,0.3612623,0.24577336,25.12619,468.1355,0.4429,0.3236811,0.20266901,0.12101208,dusuk,Otlak/calilik,low_severity,,0.0,DUSUK
AKD_2021_03,AKD_2021_03_006167,36.13883,33.2487,0.31493625,0.0,0.28890413,24.849955,389.43127,0.5179735,0.34512362,0.18888345,0.15624017,orta-dusuk,Otlak/calilik,low_severity,,0.0,DUSUK
AKD_2021_03,AKD_2021_03_006168,36.13882,33.25147,0.24055023,0.1171869,0.3489382,21.185556,371.36697,0.6822263,0.39848104,0.20741132,0.19106972,orta-dusuk,Otlak/calilik,low_severity,,0.0,DUSUK
AKD_2021_03,AKD_2021_03_006169,36.13881,33.25425,0.5817276,0.17415626,0.45645633,26.624146,321.15738,0.88745075,0.4253354,0.17702466,0.24831074,orta-yuksek,Otlak/calilik,predicted,0.2764,0.5785,YUKSEK
AKD_2021_03,AKD_2021_03_006170,36.13881,33.25703,0.64925665,0.66182035,0.3558193,26.202003,367.59018,1.1111728,0.4464029,0.23005286,0.21635005,orta-dusuk,Agaclik,predicted,0.3043,0.6076,YUKSEK
AKD_2021_03,AKD_2021_03_006171,36.1388,33.25981,0.015731059,0.14613056,0.39652637,27.445644,415.15063,1.1369933,0.3551454,0.16145672,0.19368868,orta-dusuk,Otlak/calilik,low_severity,,0.0,DUSUK
AKD_2021_03,AKD_2021_03_006172,36.1388,33.26259,0.21897537,0.0,0.4762028,28.426147,394.35168,0.8977346,0.35653025,0.12560353,0.23092672,orta-yuksek,Otlak/calilik,predicted,0.2307,0.5242,YUKSEK
AKD_2021_03,AKD_2021_03_006173,36.13879,33.26537,0.010694196,0.06986186,0.31312776,25.794537,352.89038,0.666409,0.327666,0.16779388,0.15987213,orta-dusuk,Otlak/calilik,low_severity,,0.0,DUSUK
AKD_2021_03,AKD_2021_03_006174,36.13878,33.26815,0.0,0.037650988,0.20442216,19.02259,314.36435,0.45527422,0.33024776,0.24026155,0.089986205,dusuk,Otlak/calilik,low_severity,,0.0,DUSUK
AKD_2021_03,AKD_2021_03_006175,36.13878,33.27092,0.18216561,0.47362593,0.3348259,18.602016,271.5851,0.30894697,0.40051913,0.22114465,0.17937449,orta-dusuk,Otlak/calilik,low_severity,,0.0,DUSUK
AKD_2021_03,AKD_2021_03_006176,36.13877,33.2737,0.009598144,0.0,0.4041708,25.114588,299.0639,0.32957828,0.3902279,0.18817158,0.20205633,orta-dusuk,Otlak/calilik,predicted,0.2571,0.5588,YUKSEK
AKD_2021_03,AKD_2021_03_006177,36.13876,33.27648,0.7225006,0.547236,0.5937723,24.301243,350.51553,0.4967851,0.46805868,0.1655819,0.30247676,orta-yuksek,Agaclik,predicted,0.3316,0.6613,YUKSEK
AKD_2021_03,AKD_2021_03_006178,36.13876,33.27926,0.6239357,0.72796136,0.6208482,15.788923,348.81326,0.52312195,0.45159858,0.2008353,0.2507633,orta-yuksek,Agaclik,predicted,0.3202,0.5491,YUKSEK
AKD_2021_03,AKD_2021_03_006179,36.13875,33.28204,0.48296502,0.28351334,0.5120454,19.069542,311.88596,0.53171635,0.4272945,0.19235373,0.23494077,orta-yuksek,Otlak/calilik,predicted,0.2777,0.5161,YUKSEK
AKD_2021_03,AKD_2021_03_006180,36.13874,33.28482,0.49245894,0.33475557,0.5863578,20.440907,256.61816,0.3706325,0.4279432,0.17021266,0.25773054,orta-yuksek,Otlak/calilik,predicted,0.3056,0.5838,YUKSEK
AKD_2021_03,AKD_2021_03_006181,36.13874,33.2876,0.0,0.0,0.38322723,22.417557,186.29263,0.20534237,0.3264776,0.16467345,0.16180414,orta-dusuk,Otlak/calilik,low_severity,,0.0,DUSUK
AKD_2021_03,AKD_2021_03_006182,36.13873,33.29038,0.12785923,0.0,0.19977805,16.705667,96.021904,0.26825833,0.20987618,0.129358,0.080518186,dusuk,Yerlesim,low_severity,,0.0,DUSUK
AKD_2021_03,AKD_2021_03_006183,36.13872,33.29315,0.07118153,0.0,0.20237759,10.0691595,41.54768,0.22673583,0.21137553,0.11252616,0.09884937,dusuk,Yerlesim,low_severity,,0.0,DUSUK
AKD_2021_03,AKD_2021_03_006184,36.13872,33.29593,0.0,0.0,0.32287318,26.559856,91.69294,0.32200336,0.32399428,0.18271585,0.14127843,orta-dusuk,Otlak/calilik,low_severity,,0.0,DUSUK
AKD_2021_03,AKD_2021_03_006185,36.13871,33.29871,0.0,0.0,0.38024476,18.19507,179.20331,0.3831898,0.2808509,0.13697684,0.14387405,orta-dusuk,Otlak/calilik,low_severity,,0.0,DUSUK
AKD_2021_03,AKD_2021_03_006186,36.1387,33.30149,0.0,0.0,0.4171079,21.588446,154.1856,0.3111537,0.30258307,0.13865052,0.16393255,orta-dusuk,Otlak/calilik,low_severity,,0.0,DUSUK
AKD_2021_03,AKD_2021_03_006187,36.1387,33.30427,0.06677773,0.0,0.44272897,19.647022,129.22836,0.148058,0.32203692,0.12839454,0.19364238,orta-yuksek,Otlak/calilik,low_severity,,0.0,DUSUK
AKD_2021_03,AKD_2021_03_006188,36.13869,33.30705,0.0,0.0,0.30592796,13.202993,95.38191,0.1023771,0.28778443,0.12941344,0.15837099,orta-dusuk,Otlak/calilik,low_severity,,0.0,DUSUK
AKD_2021_03,AKD_2021_03_006189,36.13868,33.30983,0.28972837,0.0,0.23973364,8.55811,72.79954,0.11525557,0.277283,0.1303846,0.14689842,dusuk,Otlak/calilik,low_severity,,0.0,DUSUK
AKD_2021_03,AKD_2021_03_006190,36.13868,33.31261,0.6809408,0.0,0.14171848,8.768168,47.778225,0.20496751,0.29068306,0.21519355,0.075489506,dusuk,Yerlesim,low_severity,,0.0,DUSUK
AKD_2021_03,AKD_2021_03_006245,36.1366,33.23202,0.0,0.19141036,0.28436112,25.583992,291.6807,0.2757447,0.32636493,0.17963834,0.1467266,orta-dusuk,Otlak/calilik,low_severity,,0.0,DUSUK
AKD_2021_03,AKD_2021_03_006246,36.1366,33.2348,0.045366984,0.11658666,0.32956675,27.790092,327.41052,0.37796015,0.36002284,0.1730564,0.18696645,orta-dusuk,Otlak/calilik,low_severity,,0.0,DUSUK
AKD_2021_03,AKD_2021_03_006247,36.13659,33.23757,0.0,0.0,0.27606112,35.062412,431.17114,0.24830942,0.28533214,0.15065037,0.13468178,orta-dusuk,Otlak/calilik,low_severity,,0.0,DUSUK
AKD_2021_03,AKD_2021_03_006248,36.13659,33.24035,0.01703535,0.0,0.25624692,38.703907,440.53168,0.26090837,0.2369849,0.121226475,0.11575842,dusuk,Otlak/calilik,low_severity,,0.0,DUSUK
AKD_2021_03,AKD_2021_03_006249,36.13658,33.24313,0.09713774,0.0,0.28998938,38.555824,359.7823,0.300473,0.25711036,0.13667217,0.12043819,orta-dusuk,Otlak/calilik,low_severity,,0.0,DUSUK
AKD_2021_03,AKD_2021_03_006250,36.13658,33.24591,0.19675414,0.0,0.24610639,35.960407,304.30356,0.19344293,0.28607205,0.14998679,0.13608526,dusuk,Otlak/calilik,low_severity,,0.0,DUSUK
AKD_2021_03,AKD_2021_03_006251,36.13657,33.24869,0.04080029,0.0,0.36143887,28.769024,292.84753,0.3309929,0.32358235,0.1376276,0.18595475,orta-dusuk,Otlak/calilik,low_severity,,0.0,DUSUK
AKD_2021_03,AKD_2021_03_006252,36.13657,33.25147,0.03660439,0.0,0.37712026,29.83051,258.98746,0.5537982,0.35382003,0.15945937,0.19436066,orta-dusuk,Otlak/calilik,low_severity,,0.0,DUSUK
AKD_2021_03,AKD_2021_03_006253,36.13656,33.25425,0.28896475,0.38170582,0.43744516,28.571173,207.51169,0.7929871,0.39706963,0.14579937,0.25127026,orta-dusuk,Otlak/calilik,predicted,0.2635,0.5836,YUKSEK
AKD_2021_03,AKD_2021_03_006254,36.13655,33.25702,0.29179358,0.15099095,0.37121332,29.148859,271.4457,1.0372872,0.40498185,0.18859032,0.21639153,orta-dusuk,Otlak/calilik,predicted,0.248,0.5529,YUKSEK
AKD_2021_03,AKD_2021_03_006255,36.13655,33.2598,0.0,0.0,0.4360323,24.691498,308.06168,1.1040239,0.37491328,0.15416208,0.2207512,orta-dusuk,Otlak/calilik,predicted,0.2567,0.5151,YUKSEK
AKD_2021_03,AKD_2021_03_006256,36.13654,33.26258,0.66495013,0.56608963,0.5044016,24.773384,275.62317,0.8716053,0.37762445,0.12317957,0.2544449,orta-yuksek,Otlak/calilik,predicted,0.3137,0.6191,YUKSEK
AKD_2021_03,AKD_2021_03_006257,36.13654,33.26536,0.8906446,0.8800383,0.58339393,22.4872,246.601,0.65232104,0.47002512,0.13172907,0.33829606,orta-yuksek,Agaclik,predicted,0.4079,0.7563,COK_YUKSEK
AKD_2021_03,AKD_2021_03_006258,36.13653,33.26814,0.65851986,0.80256164,0.53760016,23.709028,219.54826,0.46513402,0.42553484,0.13491161,0.29062325,orta-yuksek,Agaclik,predicted,0.3029,0.6103,YUKSEK
AKD_2021_03,AKD_2021_03_006259,36.13652,33.27092,0.58294713,0.72075456,0.41323596,18.50539,193.27783,0.363561,0.40621245,0.18690956,0.2193029,orta-dusuk,Agaclik,predicted,0.2729,0.5106,YUKSEK
AKD_2021_03,AKD_2021_03_006260,36.13652,33.2737,0.055626202,0.075649105,0.2846591,16.55963,220.21053,0.41593695,0.30829716,0.18368761,0.124609545,orta-dusuk,Otlak/calilik,low_severity,,0.0,DUSUK
AKD_2021_03,AKD_2021_03_006261,36.13651,33.27647,0.32956383,0.06467422,0.43808568,22.985281,235.44669,0.38385665,0.35162067,0.14274774,0.20887293,orta-dusuk,Otlak/calilik,predicted,0.2523,0.5253,YUKSEK
AKD_2021_03,AKD_2021_03_006262,36.1365,33.27925,0.111252934,0.021525858,0.4172718,26.985247,256.94064,0.2734758,0.31763527,0.13241038,0.18522489,orta-dusuk,Otlak/calilik,low_severity,,0.0,DUSUK
AKD_2021_03,AKD_2021_03_006263,36.1365,33.28203,0.06490164,0.0,0.26168996,25.4116,211.22417,0.3566961,0.2853929,0.18313655,0.10225636,dusuk,Otlak/calilik,low_severity,,0.0,DUSUK
AKD_2021_03,AKD_2021_03_006264,36.13649,33.28481,0.2942634,0.0,0.19774958,23.534452,160.69989,0.18445845,0.20348954,0.12965229,0.07383725,dusuk,Yerlesim,low_severity,,0.0,DUSUK
AKD_2021_03,AKD_2021_03_006268,36.13646,33.29592,0.4637936,0.0,0.22151914,15.787198,26.782604,0.079697646,0.3141188,0.21669076,0.09742804,dusuk,Yerlesim,low_severity,,0.0,DUSUK
AKD_2021_03,AKD_2021_03_006269,36.13646,33.2987,0.08023719,0.0,0.39556766,23.43026,90.706856,0.22248589,0.32775646,0.14597477,0.1817817,orta-dusuk,Otlak/calilik,low_severity,,0.0,DUSUK
AKD_2021_03,AKD_2021_03_006270,36.13645,33.30148,0.041364316,0.0,0.26339,14.890457,84.20314,0.15300243,0.2497356,0.12385873,0.12587687,dusuk,Yerlesim,low_severity,,0.0,DUSUK
AKD_2021_03,AKD_2021_03_006271,36.13644,33.30426,0.26691684,0.0,0.13677919,10.715392,67.30514,0.10094567,0.20921135,0.15601611,0.053195238,dusuk,Yerlesim,low_severity,,0.0,DUSUK
AKD_2021_03,AKD_2021_03_006272,36.13644,33.30704,0.05233298,0.0,0.16463882,8.541978,54.908318,0.18677081,0.22220927,0.12924333,0.092965946,dusuk,Yerlesim,low_severity,,0.0,DUSUK
AKD_2021_03,AKD_2021_03_006273,36.13643,33.30982,0.47416353,0.0,0.15629157,9.505213,42.39908,0.14791544,0.24404722,0.17437446,0.06967276,dusuk,Yerlesim,low_severity,,0.0,DUSUK
AKD_2021_03,AKD_2021_03_006329,36.13435,33.23201,0.010775164,0.0,0.16221717,19.36347,199.20035,0.027026776,0.21758345,0.15392788,0.06365557,dusuk,Otlak/calilik,low_severity,,0.0,DUSUK
AKD_2021_03,AKD_2021_03_006330,36.13435,33.23479,0.18675931,0.14431614,0.36967802,22.018768,273.18335,0.2185104,0.33143002,0.15539944,0.17603058,orta-dusuk,Otlak/calilik,low_severity,,0.0,DUSUK
AKD_2021_03,AKD_2021_03_006331,36.13434,33.23757,0.060724802,0.0,0.38360384,24.135677,299.55728,0.10752711,0.30384701,0.120354146,0.18349287,orta-dusuk,Otlak/calilik,low_severity,,0.0,DUSUK
AKD_2021_03,AKD_2021_03_006332,36.13433,33.24035,0.005177525,0.0,0.40637448,28.988186,273.10944,0.14074075,0.30228627,0.10823552,0.19405074,orta-dusuk,Otlak/calilik,low_severity,,0.0,DUSUK
AKD_2021_03,AKD_2021_03_006333,36.13433,33.24312,0.028548252,0.0,0.4138828,28.126743,226.91219,0.23670885,0.29984272,0.11069226,0.18915045,orta-dusuk,Otlak/calilik,low_severity,,0.0,DUSUK
AKD_2021_03,AKD_2021_03_006334,36.13432,33.2459,0.32136503,0.0832864,0.26627105,22.127943,169.83131,0.05314641,0.25206918,0.112171374,0.1398978,dusuk,Otlak/calilik,low_severity,,0.0,DUSUK
AKD_2021_03,AKD_2021_03_006335,36.13432,33.24868,0.42591906,0.0,0.41676998,27.8479,162.47643,0.27316296,0.3162541,0.1005175,0.21573661,orta-dusuk,Otlak/calilik,predicted,0.2424,0.5677,YUKSEK
AKD_2021_03,AKD_2021_03_006336,36.13431,33.25146,0.7209932,0.1750077,0.55186594,25.873564,118.50633,0.52097166,0.4230239,0.11766338,0.30536053,orta-yuksek,Otlak/calilik,predicted,0.3095,0.6417,YUKSEK
AKD_2021_03,AKD_2021_03_006337,36.13431,33.25424,0.83963275,0.6064244,0.5383548,21.722935,98.722015,0.770198,0.414527,0.13040793,0.28411907,orta-yuksek,Agaclik,predicted,0.331,0.6187,YUKSEK
AKD_2021_03,AKD_2021_03_006338,36.1343,33.25702,0.07606176,0.0205213,0.34947538,30.429514,141.04787,1.0198032,0.32108808,0.13422237,0.1868657,orta-dusuk,Otlak/calilik,low_severity,,0.0,DUSUK
AKD_2021_03,AKD_2021_03_006339,36.13429,33.2598,0.0,0.0,0.30571136,35.937256,155.93552,1.0492307,0.28600526,0.122415364,0.1635899,orta-dusuk,Otlak/calilik,low_severity,,0.0,DUSUK
AKD_2021_03,AKD_2021_03_006340,36.13429,33.26257,0.36935762,0.5018804,0.40363774,31.480997,154.69717,0.8010692,0.31357437,0.109028965,0.20454541,orta-dusuk,Otlak/calilik,predicted,0.2612,0.6112,YUKSEK
AKD_2021_03,AKD_2021_03_006341,36.13428,33.26535,0.58001804,0.7844569,0.48176324,24.82297,146.73811,0.55456185,0.36959565,0.118961304,0.25063434,orta-yuksek,Agaclik,predicted,0.2876,0.5934,YUKSEK
AKD_2021_03,AKD_2021_03_006342,36.13428,33.26813,0.9402819,1.0,0.5954116,16.395247,130.29585,0.3136332,0.4451022,0.13390292,0.3111993,orta-yuksek,Agaclik,predicted,0.3783,0.6594,YUKSEK
AKD_2021_03,AKD_2021_03_006343,36.13427,33.27091,0.7025408,0.995146,0.5481161,15.964108,138.73895,0.11913323,0.44793415,0.1631786,0.28475556,orta-yuksek,Agaclik,predicted,0.3574,0.6308,YUKSEK
AKD_2021_03,AKD_2021_03_006344,36.13426,33.27369,0.67031664,0.46486533,0.49210614,15.893368,150.1824,0.23456271,0.42828292,0.16122279,0.26706013,orta-yuksek,Otlak/calilik,predicted,0.2959,0.5256,YUKSEK
AKD_2021_03,AKD_2021_03_006345,36.13426,33.27647,0.007385115,0.0,0.34276497,17.653786,142.43616,0.27106893,0.3151216,0.14378929,0.1713323,orta-dusuk,Otlak/calilik,low_severity,,0.0,DUSUK
AKD_2021_03,AKD_2021_03_006353,36.1342,33.29869,0.13304737,0.0,0.24830347,9.709994,19.08083,0.11218289,0.2803483,0.20082131,0.07952699,dusuk,Yerlesim,low_severity,,0.0,DUSUK
AKD_2021_03,AKD_2021_03_006354,36.1342,33.30147,0.4516151,0.0,0.15417753,7.6839466,37.73497,0.09250039,0.23074064,0.1516321,0.079108536,dusuk,Yerlesim,low_severity,,0.0,DUSUK
AKD_2021_03,AKD_2021_03_006355,36.13419,33.30425,0.7876959,0.0,0.1306154,5.4631543,33.401123,0.11548971,0.24787492,0.1788823,0.068992615,dusuk,Yerlesim,low_severity,,0.0,DUSUK
AKD_2021_03,AKD_2021_03_006413,36.1321,33.232,0.16396181,0.0,0.2960851,18.900644,146.701,0.20165697,0.23552549,0.1052139,0.13031158,orta-dusuk,Otlak/calilik,low_severity,,0.0,DUSUK
AKD_2021_03,AKD_2021_03_006414,36.13209,33.23478,0.0,0.0,0.3468325,30.834894,188.96414,0.14527948,0.272888,0.111166,0.161722,orta-dusuk,Otlak/calilik,low_severity,,0.0,DUSUK
AKD_2021_03,AKD_2021_03_006415,36.13209,33.23756,0.0,0.0,0.3059206,32.284985,182.59557,0.14294969,0.25716776,0.104217485,0.15295027,orta-dusuk,Otlak/calilik,low_severity,,0.0,DUSUK
AKD_2021_03,AKD_2021_03_006416,36.13208,33.24034,0.13993144,0.0,0.43414482,24.160265,157.93756,0.2915232,0.3111918,0.11281242,0.19837937,orta-dusuk,Otlak/calilik,low_severity,,0.0,DUSUK
AKD_2021_03,AKD_2021_03_006417,36.13207,33.24312,0.3904316,0.12697387,0.4632572,23.364138,121.786064,0.3787165,0.33812284,0.109239094,0.22888374,orta-yuksek,Otlak/calilik,predicted,0.2515,0.5283,YUKSEK
AKD_2021_03,AKD_2021_03_006418,36.13207,33.2459,0.7681592,0.55003905,0.44769016,24.871386,65.261055,0.30036587,0.37988734,0.11250129,0.26738605,orta-yuksek,Agaclik,predicted,0.3058,0.6358,YUKSEK
AKD_2021_03,AKD_2021_03_006420,36.13206,33.25145,0.55142146,0.36310464,0.47654942,14.560595,22.939741,0.5990047,0.32194722,0.10242438,0.21952283,orta-yuksek,Su,predicted,0.2558,0.4286,ORTA
AKD_2021_03,AKD_2021_03_006426,36.13202,33.26812,0.4866595,0.32252625,0.3951532,17.499405,62.700005,0.32462582,0.3173895,0.12656692,0.19082257,orta-dusuk,Otlak/calilik,low_severity,,0.0,DUSUK
AKD_2021_03,AKD_2021_03_006427,36.13202,33.2709,0.74236476,0.43006003,0.53634995,15.055973,72.878265,0.14563261,0.4043698,0.113873586,0.29049623,orta-yuksek,Otlak/calilik,predicted,0.2953,0.5199,YUKSEK
AKD_2021_03,AKD_2021_03_006428,36.13201,33.27368,0.5586991,0.058133785,0.48565775,14.704577,82.784485,0.24906985,0.37874448,0.11834498,0.26039952,orta-yuksek,Otlak/calilik,predicted,0.2427,0.4265,ORTA
AKD_2021_03,AKD_2021_03_006429,36.132,33.27646,0.29768783,0.0,0.44004685,15.187528,76.896484,0.35300255,0.3372196,0.1176802,0.2195394,orta-yuksek,Otlak/calilik,predicted,0.2271,0.4016,ORTA
AKD_2021_03,AKD_2021_03_006437,36.13195,33.29869,0.1850034,0.0,0.22154534,4.230192,12.685276,0.008878405,0.271654,0.1811086,0.090545416,dusuk,Yerlesim,low_severity,,0.0,DUSUK
AKD_2021_03,AKD_2021_03_006497,36.12984,33.232,0.35891286,0.0,0.29859698,20.512388,57.781315,0.45087236,0.24394876,0.11446357,0.12948519,orta-dusuk,Otlak/calilik,low_severity,,0.0,DUSUK
AKD_2021_03,AKD_2021_03_006501,36.12982,33.24311,0.27423573,0.19930933,0.32883233,17.893316,36.246,0.5965076,0.25238308,0.108690314,0.14369276,orta-dusuk,Otlak/calilik,low_severity,,0.0,DUSUK
