fire_id,cell_id,lat,lon,tree_cover,tree_cover_annual,burn_severity_dnbr,slope_deg,elevation_m,road_distance_km,ndvi_before,ndvi_after,ndvi_drop,severity_class,land_cover,prediction_status,recovery_gap_pred,priority_score,priority_class
EGE_2021_03,EGE_2021_03_002251,36.84732,28.21557,0.88035834,0.8520865,0.1771645,12.708771,181.45972,0.050873686,0.52173316,0.36877415,0.15295902,dusuk,Agaclik,low_severity,,0.0,DUSUK
EGE_2021_03,EGE_2021_03_002252,36.84729,28.21838,1.0,0.97722626,0.29242364,12.555955,199.08401,0.12257431,0.56866443,0.37288004,0.19578439,orta-dusuk,Agaclik,low_severity,,0.0,DUSUK
EGE_2021_03,EGE_2021_03_002253,36.84726,28.22118,1.0,1.0,0.72419226,12.210939,203.47241,0.14311734,0.6273307,0.16153586,0.46579486,yuksek,Agaclik,predicted,0.391,0.5405,YUKSEK
EGE_2021_03,EGE_2021_03_002254,36.84724,28.22398,0.7607143,0.48681182,0.20977741,10.769761,242.4794,0.034308698,0.3679713,0.21269247,0.15527883,dusuk,Agaclik,low_severity,,0.0,DUSUK
EGE_2021_03,EGE_2021_03_002349,36.84513,28.20993,0.94017786,1.0,0.13661228,9.0529785,131.84651,0.23284921,0.5694413,0.46316183,0.10627949,dusuk,Agaclik,low_severity,,0.0,DUSUK
EGE_2021_03,EGE_2021_03_002350,36.8451,28.21273,1.0,0.8869137,0.41185015,7.1827707,146.64268,0.11444066,0.56063247,0.2155712,0.34506127,orta-dusuk,Agaclik,predicted,0.2484,0.2896,ORTA
EGE_2021_03,EGE_2021_03_002351,36.84507,28.21554,0.64106464,0.3292022,0.3950254,7.964658,163.54938,0.1375504,0.49889797,0.2448749,0.25402308,orta-dusuk,Otlak/calilik,predicted,0.2239,0.2567,ORTA
EGE_2021_03,EGE_2021_03_002352,36.84504,28.21834,1.0,0.90608627,0.60660535,10.702558,193.31702,0.074529715,0.6574655,0.2943315,0.36313403,orta-yuksek,Agaclik,predicted,0.3781,0.5179,YUKSEK
EGE_2021_03,EGE_2021_03_002353,36.84501,28.22114,1.0,1.0,0.7997373,13.2922,219.27245,0.08000339,0.6531985,0.20066528,0.4525332,yuksek,Agaclik,predicted,0.3936,0.5624,YUKSEK
EGE_2021_03,EGE_2021_03_002354,36.84498,28.22395,1.0,0.8263471,0.35842225,16.568792,270.5841,0.10660234,0.5316505,0.25182873,0.27982175,orta-dusuk,Agaclik,predicted,0.259,0.387,ORTA
EGE_2021_03,EGE_2021_03_002355,36.84495,28.22675,1.0,1.0,0.3324389,11.920177,307.64334,0.053850114,0.59436846,0.29202077,0.3023477,orta-dusuk,Agaclik,predicted,0.3249,0.4523,ORTA
EGE_2021_03,EGE_2021_03_002356,36.84492,28.22955,1.0,1.0,0.4316913,14.94056,274.6268,0.10878918,0.69436425,0.28822422,0.40614003,orta-dusuk,Agaclik,predicted,0.3743,0.544,YUKSEK
EGE_2021_03,EGE_2021_03_002357,36.8449,28.23236,1.0,1.0,0.17275369,18.716394,200.5805,0.10747487,0.7623471,0.57064855,0.19169855,dusuk,Agaclik,low_severity,,0.0,DUSUK
EGE_2021_03,EGE_2021_03_002449,36.84287,28.20989,0.72711617,0.82683533,0.2638981,6.007638,115.828026,0.08805622,0.5671224,0.35105643,0.21606597,dusuk,Agaclik,low_severity,,0.0,DUSUK
EGE_2021_03,EGE_2021_03_002450,36.84284,28.2127,0.9266651,0.80140865,0.4560908,8.645892,141.19162,0.13075511,0.5365376,0.21549535,0.32104224,orta-yuksek,Agaclik,predicted,0.2836,0.3521,ORTA
EGE_2021_03,EGE_2021_03_002451,36.84282,28.2155,1.0,0.8313893,0.49575767,9.16786,167.05069,0.037709966,0.61588603,0.2529952,0.36289084,orta-yuksek,Agaclik,predicted,0.2389,0.3032,ORTA
EGE_2021_03,EGE_2021_03_002452,36.84279,28.2183,0.94017553,0.7544664,0.46799415,11.852805,204.56795,0.21407652,0.6057336,0.26339403,0.34233955,orta-yuksek,Agaclik,predicted,0.2935,0.3828,ORTA
EGE_2021_03,EGE_2021_03_002453,36.84276,28.22111,1.0,1.0,0.44148123,15.119976,261.85422,0.19081642,0.6697695,0.2752567,0.39451283,orta-yuksek,Agaclik,predicted,0.383,0.547,YUKSEK
EGE_2021_03,EGE_2021_03_002454,36.84273,28.22391,1.0,1.0,0.44594595,11.629328,294.55563,0.24418367,0.72066534,0.29715508,0.42351025,orta-yuksek,Agaclik,predicted,0.3655,0.4836,ORTA
EGE_2021_03,EGE_2021_03_002455,36.8427,28.22671,1.0,1.0,0.56540066,16.125332,274.23767,0.07150052,0.71538496,0.22733393,0.48805103,orta-yuksek,Agaclik,predicted,0.3703,0.5534,YUKSEK
EGE_2021_03,EGE_2021_03_002456,36.84267,28.22952,0.9211667,1.0,0.4752496,13.62437,251.76927,0.099215366,0.6080532,0.22235914,0.3856941,orta-yuksek,Agaclik,predicted,0.2565,0.359,ORTA
EGE_2021_03,EGE_2021_03_002457,36.84264,28.23232,0.9401745,0.91840893,0.27167988,18.048033,211.59421,0.22301358,0.655578,0.38062578,0.27495223,orta-dusuk,Agaclik,predicted,0.2908,0.4308,ORTA
EGE_2021_03,EGE_2021_03_002458,36.84261,28.23512,0.9401743,0.68250227,0.15258814,15.112244,161.27783,0.32130203,0.6029136,0.47304362,0.12987,dusuk,Agaclik,low_severity,,0.0,DUSUK
EGE_2021_03,EGE_2021_03_002459,36.84258,28.23793,1.0,0.6648757,0.23700549,15.672654,169.39229,0.3551161,0.6661686,0.5358943,0.1302743,dusuk,Agaclik,low_severity,,0.0,DUSUK
EGE_2021_03,EGE_2021_03_002548,36.84065,28.20706,1.0,1.0,0.19835162,12.482088,132.00266,0.30576605,0.7123529,0.49194032,0.22041255,dusuk,Agaclik,low_severity,,0.0,DUSUK
EGE_2021_03,EGE_2021_03_002549,36.84062,28.20986,0.9452245,0.93299705,0.17621613,14.949905,145.98518,0.08332098,0.7073633,0.5390141,0.1683492,dusuk,Agaclik,low_severity,,0.0,DUSUK
EGE_2021_03,EGE_2021_03_002550,36.84059,28.21266,0.9284557,0.99850297,0.40904033,9.407562,117.400154,0.1181014,0.60331553,0.2971149,0.30620062,orta-dusuk,Agaclik,predicted,0.2639,0.3312,ORTA
EGE_2021_03,EGE_2021_03_002551,36.84056,28.21547,1.0,1.0,0.30647185,13.87803,157.27364,0.17104541,0.6841024,0.38945076,0.29465166,orta-dusuk,Agaclik,predicted,0.2758,0.3799,ORTA
EGE_2021_03,EGE_2021_03_002552,36.84053,28.21827,1.0,1.0,0.2764154,13.929547,218.03651,0.30055553,0.7258065,0.4464486,0.27935788,orta-dusuk,Agaclik,predicted,0.329,0.4414,ORTA
EGE_2021_03,EGE_2021_03_002553,36.84051,28.22107,1.0,1.0,0.5106859,18.216759,236.55046,0.07763999,0.70439684,0.26918754,0.4352093,orta-yuksek,Agaclik,predicted,0.3798,0.5846,YUKSEK
EGE_2021_03,EGE_2021_03_002554,36.84048,28.22387,0.9786882,1.0,0.76293945,21.177994,222.90305,0.10602299,0.69980466,0.16795853,0.53184617,yuksek,Agaclik,predicted,0.4081,0.6481,YUKSEK
EGE_2021_03,EGE_2021_03_002555,36.84045,28.22668,0.77736783,0.784046,0.61319923,13.050714,201.40962,0.118652694,0.5682163,0.16536723,0.40284908,orta-yuksek,Agaclik,predicted,0.3198,0.4454,ORTA
EGE_2021_03,EGE_2021_03_002556,36.84042,28.22948,0.86726815,0.6426703,0.3960505,10.298697,194.78372,0.081149675,0.47552845,0.21114188,0.26438656,orta-dusuk,Agaclik,predicted,0.2242,0.285,ORTA
EGE_2021_03,EGE_2021_03_002557,36.84039,28.23228,1.0,1.0,0.26403227,20.068254,145.28271,0.2609192,0.7023517,0.42730883,0.27504286,dusuk,Agaclik,low_severity,,0.0,DUSUK
EGE_2021_03,EGE_2021_03_002558,36.84036,28.23509,1.0,0.9871282,0.2286875,14.57916,86.18389,0.22946484,0.7292267,0.50049174,0.22873497,dusuk,Agaclik,low_severity,,0.0,DUSUK
EGE_2021_03,EGE_2021_03_002559,36.84033,28.23789,1.0,0.67725325,0.1993446,17.811783,80.73158,0.16129738,0.65638095,0.4787864,0.17759454,dusuk,Agaclik,low_severity,,0.0,DUSUK
EGE_2021_03,EGE_2021_03_002626,36.83901,28.14535,0.8061827,0.7127359,0.10342258,1.9552815,24.12481,0.48805392,0.61536866,0.48113033,0.13423833,dusuk,Agaclik,low_severity,,0.0,DUSUK
EGE_2021_03,EGE_2021_03_002647,36.83842,28.20422,1.0,1.0,0.4144469,5.0061245,91.05847,0.38630468,0.6590848,0.28061306,0.37847173,orta-dusuk,Agaclik,predicted,0.3148,0.3317,ORTA
EGE_2021_03,EGE_2021_03_002648,36.8384,28.20702,1.0,1.0,0.15068057,13.836001,130.98679,0.34925017,0.7360564,0.59408414,0.14197224,dusuk,Agaclik,low_severity,,0.0,DUSUK
EGE_2021_03,EGE_2021_03_002649,36.83837,28.20982,0.9965025,1.0,0.12950504,14.3303995,164.16197,0.18821578,0.6858492,0.5244454,0.16140378,dusuk,Agaclik,low_severity,,0.0,DUSUK
EGE_2021_03,EGE_2021_03_002650,36.83834,28.21263,0.68434876,0.81662005,0.1368868,10.138479,108.2776,0.22489288,0.36664155,0.28104717,0.085594386,dusuk,Agaclik,low_severity,,0.0,DUSUK
EGE_2021_03,EGE_2021_03_002651,36.83831,28.21543,1.0,1.0,0.30644566,12.36803,144.89804,0.36021087,0.6756648,0.37543535,0.30022943,orta-dusuk,Agaclik,predicted,0.2904,0.3623,ORTA
EGE_2021_03,EGE_2021_03_002652,36.83828,28.21823,1.0,1.0,0.47837555,10.2620325,187.01025,0.28179058,0.74604213,0.29249054,0.4535516,orta-yuksek,Agaclik,predicted,0.3325,0.4177,ORTA
EGE_2021_03,EGE_2021_03_002653,36.83825,28.22104,1.0,1.0,0.47168866,13.783682,162.76547,0.078118086,0.6356045,0.27007705,0.36552745,orta-yuksek,Agaclik,predicted,0.2955,0.4213,ORTA
EGE_2021_03,EGE_2021_03_002654,36.83822,28.22384,1.0,0.6843202,0.64605,10.580266,153.52205,0.118694395,0.58338934,0.17796709,0.40542227,orta-yuksek,Agaclik,predicted,0.3717,0.5013,YUKSEK
EGE_2021_03,EGE_2021_03_002655,36.83819,28.22664,0.9139769,0.10259664,0.55534065,8.099357,180.54735,0.1468465,0.5276823,0.20697503,0.32070726,orta-yuksek,Otlak/calilik,predicted,0.3103,0.3849,ORTA
EGE_2021_03,EGE_2021_03_002656,36.83817,28.22945,0.82341623,0.60710657,0.37035272,12.953417,209.73,0.15172736,0.52210975,0.29114574,0.230964,orta-dusuk,Agaclik,predicted,0.2363,0.316,ORTA
EGE_2021_03,EGE_2021_03_002657,36.83814,28.23225,0.709282,0.8505425,0.36987215,20.325274,148.9788,0.0831004,0.70060647,0.39402103,0.30658543,orta-dusuk,Agaclik,predicted,0.2731,0.4435,ORTA
EGE_2021_03,EGE_2021_03_002658,36.83811,28.23505,1.0,1.0,0.39715508,14.510787,102.88563,0.058773343,0.81820345,0.3757226,0.44248086,orta-dusuk,Agaclik,predicted,0.3064,0.4464,ORTA
EGE_2021_03,EGE_2021_03_002659,36.83808,28.23785,1.0,0.9353369,0.26671022,12.3967285,57.895695,0.061586592,0.75757444,0.4391437,0.31843075,dusuk,Agaclik,low_severity,,0.0,DUSUK
EGE_2021_03,EGE_2021_03_002746,36.8362,28.20138,0.9165461,1.0,0.29847127,6.1367188,79.68793,0.34445962,0.61880744,0.4023149,0.21649253,orta-dusuk,Agaclik,predicted,0.2669,0.2761,ORTA
EGE_2021_03,EGE_2021_03_002747,36.83617,28.20418,0.96689725,1.0,0.25929138,11.37625,100.67721,0.49618915,0.6183766,0.46253246,0.15584415,dusuk,Agaclik,low_severity,,0.0,DUSUK
EGE_2021_03,EGE_2021_03_002748,36.83614,28.20698,1.0,1.0,0.15084219,13.970095,156.96265,0.52484137,0.7280786,0.5566992,0.17137939,dusuk,Agaclik,low_severity,,0.0,DUSUK
EGE_2021_03,EGE_2021_03_002749,36.83611,28.20979,0.91533524,1.0,0.21230087,13.626822,148.34679,0.43463546,0.63285214,0.34123042,0.2916217,dusuk,Agaclik,low_severity,,0.0,DUSUK
EGE_2021_03,EGE_2021_03_002750,36.83608,28.21259,0.67165375,0.6923127,0.15138063,10.097976,106.43816,0.46065786,0.38834023,0.27965343,0.108686805,dusuk,Agaclik,low_severity,,0.0,DUSUK
EGE_2021_03,EGE_2021_03_002751,36.83606,28.21539,1.0,1.0,0.33927906,12.558317,155.37744,0.4016386,0.7146622,0.34669355,0.36796865,orta-dusuk,Agaclik,predicted,0.318,0.3992,ORTA
EGE_2021_03,EGE_2021_03_002752,36.83603,28.2182,1.0,1.0,0.43347082,9.424688,164.9739,0.15195225,0.7603598,0.33832347,0.42203635,orta-dusuk,Agaclik,predicted,0.3043,0.3866,ORTA
EGE_2021_03,EGE_2021_03_002753,36.836,28.221,1.0,0.99123764,0.44406378,12.567275,159.15233,0.099324785,0.72148275,0.33282906,0.3886537,orta-yuksek,Agaclik,predicted,0.2746,0.3768,ORTA
EGE_2021_03,EGE_2021_03_002754,36.83597,28.2238,1.0,0.5911064,0.34687963,10.229765,137.0213,0.20974936,0.5714191,0.32291755,0.24850157,orta-dusuk,Agaclik,predicted,0.2309,0.2765,ORTA
EGE_2021_03,EGE_2021_03_002755,36.83594,28.22661,1.0,0.62584907,0.536292,14.084853,195.54074,0.00751247,0.60828614,0.29035127,0.31793487,orta-yuksek,Agaclik,predicted,0.3396,0.4991,ORTA
EGE_2021_03,EGE_2021_03_002756,36.83591,28.22941,0.928892,0.80582106,0.40968275,12.135831,245.45401,0.023147598,0.5853223,0.27058002,0.3147423,orta-dusuk,Agaclik,predicted,0.2575,0.3583,ORTA
EGE_2021_03,EGE_2021_03_002757,36.83588,28.23221,1.0,1.0,0.47248828,19.61416,230.04225,0.084561884,0.7885245,0.3443849,0.4441396,orta-yuksek,Agaclik,predicted,0.3784,0.5936,YUKSEK
EGE_2021_03,EGE_2021_03_002758,36.83585,28.23502,1.0,1.0,0.7597938,21.847134,167.45631,0.05928741,0.8172366,0.2887854,0.5284512,yuksek,Agaclik,predicted,0.4256,0.6863,YUKSEK
EGE_2021_03,EGE_2021_03_002759,36.83582,28.23782,1.0,0.98687214,0.65960354,17.385267,84.87598,0.09425127,0.77576166,0.24553287,0.5302288,orta-yuksek,Agaclik,predicted,0.4348,0.6568,YUKSEK
EGE_2021_03,EGE_2021_03_002760,36.8358,28.24062,0.7991174,0.6501429,0.11461069,12.379582,42.900654,0.1003034,0.48470032,0.35952786,0.12517247,dusuk,Agaclik,low_severity,,0.0,DUSUK
EGE_2021_03,EGE_2021_03_002845,36.83397,28.19854,1.0,1.0,0.3028561,10.818279,77.49691,0.5814409,0.685261,0.41073537,0.27452564,orta-dusuk,Agaclik,predicted,0.2897,0.3173,ORTA
EGE_2021_03,EGE_2021_03_002846,36.83395,28.20134,1.0,1.0,0.32514462,17.204132,120.24667,0.58363074,0.8061348,0.43417963,0.3719552,orta-dusuk,Agaclik,predicted,0.2921,0.3754,ORTA
EGE_2021_03,EGE_2021_03_002847,36.83392,28.20415,1.0,1.0,0.16661376,17.185179,151.54465,0.6842339,0.80122423,0.6122545,0.18896973,dusuk,Agaclik,low_severity,,0.0,DUSUK
EGE_2021_03,EGE_2021_03_002848,36.83389,28.20695,1.0,1.0,0.25802904,9.247923,152.6692,0.7442723,0.77310425,0.41388175,0.3592225,dusuk,Agaclik,low_severity,,0.0,DUSUK
EGE_2021_03,EGE_2021_03_002849,36.83386,28.20975,1.0,1.0,0.39178702,9.220884,148.68243,0.68365985,0.7018292,0.2804122,0.421417,orta-dusuk,Agaclik,predicted,0.3178,0.3311,ORTA
EGE_2021_03,EGE_2021_03_002850,36.83383,28.21256,0.94909793,1.0,0.26427492,9.732368,112.16111,0.5233055,0.5696447,0.30708194,0.26256275,dusuk,Agaclik,low_severity,,0.0,DUSUK
EGE_2021_03,EGE_2021_03_002851,36.8338,28.21536,1.0,1.0,0.4049844,9.72278,113.02161,0.33585456,0.65101445,0.25405285,0.3969616,orta-dusuk,Agaclik,predicted,0.3106,0.373,ORTA
EGE_2021_03,EGE_2021_03_002852,36.83377,28.21816,1.0,1.0,0.503355,10.034902,121.69298,0.15920639,0.66996294,0.23020606,0.43975687,orta-yuksek,Agaclik,predicted,0.2501,0.3104,ORTA
EGE_2021_03,EGE_2021_03_002853,36.83375,28.22096,1.0,1.0,0.3108663,9.0349245,122.74579,0.25078887,0.64278257,0.349644,0.29313856,orta-dusuk,Agaclik,predicted,0.2589,0.3021,ORTA
EGE_2021_03,EGE_2021_03_002854,36.83372,28.22377,1.0,1.0,0.2817834,9.838533,139.9155,0.17919429,0.65867996,0.40738645,0.2512935,orta-dusuk,Agaclik,predicted,0.2934,0.3702,ORTA
EGE_2021_03,EGE_2021_03_002855,36.83369,28.22657,1.0,1.0,0.64611435,10.936549,174.21696,0.103792764,0.65731186,0.26147398,0.39583787,orta-yuksek,Agaclik,predicted,0.3684,0.5015,YUKSEK
EGE_2021_03,EGE_2021_03_002856,36.83366,28.22937,1.0,1.0,0.5292628,15.045977,207.18578,0.041969426,0.62878096,0.229431,0.39934996,orta-yuksek,Agaclik,predicted,0.3709,0.5491,YUKSEK
EGE_2021_03,EGE_2021_03_002857,36.83363,28.23218,0.9091379,0.97979236,0.8173342,21.178982,213.88121,0.2438533,0.7033437,0.17454472,0.52879894,yuksek,Agaclik,predicted,0.3821,0.5904,YUKSEK
EGE_2021_03,EGE_2021_03_002858,36.8336,28.23498,0.9145309,0.89744085,0.86963516,21.29771,165.26822,0.18771504,0.7131909,0.1287826,0.5844083,yuksek,Agaclik,predicted,0.3924,0.6145,YUKSEK
EGE_2021_03,EGE_2021_03_002859,36.83357,28.23778,0.8945604,0.81027377,0.8477997,13.910034,119.908005,0.009040178,0.72633994,0.1558459,0.57049406,yuksek,Agaclik,predicted,0.37,0.5426,YUKSEK
EGE_2021_03,EGE_2021_03_002860,36.83354,28.24059,0.9087988,0.7613224,0.41846985,15.989321,62.57477,0.020398583,0.61279297,0.34715274,0.26564023,orta-dusuk,Agaclik,predicted,0.239,0.3643,ORTA
EGE_2021_03,EGE_2021_03_002944,36.83175,28.1957,0.7510625,0.96029806,0.3183669,12.119653,76.25341,0.7102325,0.44484955,0.24514665,0.1997029,orta-dusuk,Agaclik,low_severity,,0.0,DUSUK
EGE_2021_03,EGE_2021_03_002945,36.83172,28.1985,1.0,1.0,0.29303506,14.434343,113.26847,0.8233109,0.72993314,0.4209406,0.30899253,orta-dusuk,Agaclik,predicted,0.31,0.3449,ORTA
EGE_2021_03,EGE_2021_03_002946,36.83169,28.20131,1.0,1.0,0.286034,19.355953,184.34497,0.8292148,0.7961932,0.45905936,0.33713382,orta-dusuk,Agaclik,predicted,0.3239,0.407,ORTA
EGE_2021_03,EGE_2021_03_002947,36.83166,28.20411,1.0,1.0,0.2036626,17.11734,239.29875,0.90285575,0.75106466,0.48389456,0.2671701,dusuk,Agaclik,low_severity,,0.0,DUSUK
EGE_2021_03,EGE_2021_03_002948,36.83164,28.20691,0.94016767,1.0,0.22053719,18.796045,196.97653,0.919546,0.72965,0.42625022,0.3033998,dusuk,Agaclik,low_severity,,0.0,DUSUK
EGE_2021_03,EGE_2021_03_002949,36.83161,28.20972,1.0,1.0,0.35074577,9.344917,161.89723,0.6704571,0.648477,0.30507895,0.34339806,orta-dusuk,Agaclik,predicted,0.2983,0.305,ORTA
EGE_2021_03,EGE_2021_03_002950,36.83158,28.21252,1.0,1.0,0.45056683,10.321439,122.59901,0.42244595,0.6318724,0.23855379,0.39331862,orta-yuksek,Agaclik,predicted,0.2972,0.3462,ORTA
EGE_2021_03,EGE_2021_03_002951,36.83155,28.21532,1.0,1.0,0.40281475,8.915409,106.74177,0.1800235,0.6579054,0.2920109,0.3658945,orta-dusuk,Agaclik,predicted,0.2561,0.3068,ORTA
EGE_2021_03,EGE_2021_03_002952,36.83152,28.21813,1.0,1.0,0.5263059,13.916337,128.29752,0.03438958,0.67680305,0.28600475,0.3907983,orta-yuksek,Agaclik,predicted,0.3463,0.5039,YUKSEK
EGE_2021_03,EGE_2021_03_002953,36.83149,28.22093,0.81932384,0.98623204,0.37909332,18.352701,167.69415,0.12629406,0.5904045,0.32737672,0.2630278,orta-dusuk,Agaclik,predicted,0.2849,0.4381,ORTA
EGE_2021_03,EGE_2021_03_002954,36.83146,28.22373,0.9360915,0.82086855,0.5545399,21.591805,204.13913,0.37076625,0.58834213,0.19968435,0.38865778,orta-yuksek,Agaclik,predicted,0.3473,0.5246,YUKSEK
EGE_2021_03,EGE_2021_03_002955,36.83143,28.22653,0.9632518,1.0,0.45798033,19.5968,214.40483,0.17654306,0.60805,0.29903987,0.30901012,orta-yuksek,Agaclik,predicted,0.3518,0.5411,YUKSEK
EGE_2021_03,EGE_2021_03_002956,36.83141,28.22934,1.0,1.0,0.5335618,18.11991,183.29778,0.09551762,0.5698534,0.2082023,0.36165112,orta-yuksek,Agaclik,predicted,0.3948,0.6035,YUKSEK
EGE_2021_03,EGE_2021_03_002957,36.83138,28.23214,1.0,1.0,0.8284233,16.442244,124.550476,0.043228835,0.67972326,0.1632615,0.51646173,yuksek,Agaclik,predicted,0.4488,0.6766,YUKSEK
EGE_2021_03,EGE_2021_03_002958,36.83135,28.23494,1.0,1.0,1.0454462,14.2861595,84.98481,0.08131156,0.8334626,0.12320867,0.71025395,yuksek,Agaclik,predicted,0.452,0.6575,YUKSEK
EGE_2021_03,EGE_2021_03_002959,36.83132,28.23775,0.9227846,0.94419265,0.9600547,13.689697,65.483665,0.0518017,0.76223445,0.17994106,0.5822934,yuksek,Agaclik,predicted,0.403,0.5837,YUKSEK
EGE_2021_03,EGE_2021_03_002960,36.83129,28.24055,0.7531176,0.6298064,0.3427719,12.797249,41.91064,0.06594866,0.53765815,0.34689504,0.19076312,orta-dusuk,Agaclik,low_severity,,0.0,DUSUK
EGE_2021_03,EGE_2021_03_003044,36.8295,28.19567,0.9982491,1.0,0.3446623,13.334907,109.16099,0.6100541,0.6787577,0.30894315,0.36981457,orta-dusuk,Agaclik,predicted,0.3127,0.3691,ORTA
EGE_2021_03,EGE_2021_03_003045,36.82947,28.19847,1.0,1.0,0.24995819,15.0637045,155.34166,0.80949074,0.7513038,0.41737476,0.33392903,dusuk,Agaclik,low_severity,,0.0,DUSUK
EGE_2021_03,EGE_2021_03_003046,36.82944,28.20127,1.0,1.0,0.2792229,13.025372,203.09586,0.9951589,0.7426118,0.38214183,0.36047,orta-dusuk,Agaclik,predicted,0.3394,0.3526,ORTA
EGE_2021_03,EGE_2021_03_003047,36.82941,28.20408,1.0,1.0,0.38206694,15.304472,238.1606,0.93976086,0.72293836,0.2864546,0.43648377,orta-dusuk,Agaclik,predicted,0.3721,0.4284,ORTA
EGE_2021_03,EGE_2021_03_003048,36.82938,28.20688,0.9457305,1.0,0.42212898,12.524058,224.7231,0.8383353,0.68271625,0.2957403,0.38697594,orta-dusuk,Agaclik,predicted,0.2983,0.309,ORTA
EGE_2021_03,EGE_2021_03_003049,36.82935,28.20968,0.63443893,0.92829627,0.47076267,18.817585,171.75227,0.62829417,0.54422736,0.21672577,0.3275016,orta-yuksek,Agaclik,predicted,0.29,0.3799,ORTA
EGE_2021_03,EGE_2021_03_003050,36.82933,28.21248,0.7541218,0.90036166,0.44228774,11.144749,106.139175,0.45549634,0.58345103,0.25537097,0.32808006,orta-yuksek,Agaclik,predicted,0.2734,0.3134,ORTA
EGE_2021_03,EGE_2021_03_003051,36.8293,28.21529,0.9663457,1.0,0.4606151,19.613674,158.6706,0.24784024,0.613186,0.2872089,0.3259771,orta-yuksek,Agaclik,predicted,0.3441,0.5199,YUKSEK
EGE_2021_03,EGE_2021_03_003052,36.82927,28.21809,0.78222823,0.67538,0.4915587,21.96149,192.69537,0.19410907,0.5863646,0.27915552,0.3072091,orta-yuksek,Agaclik,predicted,0.2976,0.4785,ORTA
EGE_2021_03,EGE_2021_03_003053,36.82924,28.22089,0.58619183,0.13586774,0.40716386,23.294382,244.82489,0.23662058,0.5067414,0.27728188,0.22945952,orta-dusuk,Otlak/calilik,predicted,0.232,0.3866,ORTA
EGE_2021_03,EGE_2021_03_003054,36.82921,28.2237,0.94220424,0.5835559,0.50144446,17.553486,300.59555,0.3878604,0.586691,0.30875754,0.27793348,orta-yuksek,Agaclik,predicted,0.3045,0.424,ORTA
EGE_2021_03,EGE_2021_03_003055,36.82918,28.2265,0.9618511,0.9336349,0.49627906,14.345817,296.0712,0.15741326,0.61815166,0.28913677,0.3290149,orta-yuksek,Agaclik,predicted,0.2825,0.3958,ORTA
EGE_2021_03,EGE_2021_03_003056,36.82915,28.2293,0.8355806,0.9019637,0.69348145,23.738499,242.03006,0.15531318,0.5627195,0.16232325,0.4003963,yuksek,Agaclik,predicted,0.3668,0.6019,YUKSEK
EGE_2021_03,EGE_2021_03_003057,36.82912,28.2321,1.0,1.0,0.9468186,23.011324,149.56157,0.1106952,0.7086621,0.18109164,0.5275705,yuksek,Agaclik,predicted,0.4334,0.7008,YUKSEK
EGE_2021_03,EGE_2021_03_003058,36.82909,28.23491,1.0,1.0,0.8998803,14.569397,76.65531,0.08092311,0.73621696,0.1524946,0.58372235,yuksek,Agaclik,predicted,0.4467,0.6521,YUKSEK
EGE_2021_03,EGE_2021_03_003059,36.82907,28.23771,0.7456131,0.59980863,0.5069794,8.786406,38.49931,0.056078203,0.61678886,0.26147994,0.35530892,orta-yuksek,Agaclik,predicted,0.2641,0.3348,ORTA
EGE_2021_03,EGE_2021_03_003144,36.82724,28.19563,1.0,1.0,0.24707164,16.229301,121.55776,0.47330418,0.7251018,0.38008076,0.34502107,dusuk,Agaclik,low_severity,,0.0,DUSUK
EGE_2021_03,EGE_2021_03_003145,36.82721,28.19843,1.0,1.0,0.30542177,11.989505,179.63339,0.71212786,0.7432505,0.3486742,0.39457628,orta-dusuk,Agaclik,predicted,0.3104,0.3399,ORTA
EGE_2021_03,EGE_2021_03_003146,36.82719,28.20124,1.0,1.0,0.34483007,10.652994,179.79062,0.76491237,0.7286935,0.32170597,0.40698752,orta-dusuk,Agaclik,predicted,0.3009,0.307,ORTA
EGE_2021_03,EGE_2021_03_003147,36.82716,28.20404,1.0,1.0,0.31858027,18.153584,168.53235,0.69130325,0.724229,0.34087604,0.38335294,orta-dusuk,Agaclik,predicted,0.2802,0.3509,ORTA
EGE_2021_03,EGE_2021_03_003148,36.82713,28.20684,0.9219757,0.96521443,0.3100087,16.061142,222.37915,0.7040664,0.6386751,0.36924186,0.26943323,orta-dusuk,Agaclik,predicted,0.3065,0.3702,ORTA
EGE_2021_03,EGE_2021_03_003149,36.8271,28.20965,0.763715,0.5744904,0.5534167,17.42111,157.20377,0.5111886,0.50404894,0.15711847,0.34693047,orta-yuksek,Agaclik,predicted,0.3004,0.3996,ORTA
EGE_2021_03,EGE_2021_03_003150,36.82707,28.21245,0.64016753,0.51968884,0.32999095,11.670667,108.17036,0.2797523,0.48859403,0.27880415,0.20978987,orta-dusuk,Agaclik,predicted,0.236,0.2867,ORTA
EGE_2021_03,EGE_2021_03_003151,36.82704,28.21525,0.9568566,1.0,0.32290885,24.216307,177.91904,0.1421581,0.6138015,0.32827413,0.28552735,orta-dusuk,Agaclik,predicted,0.3458,0.5767,YUKSEK
EGE_2021_03,EGE_2021_03_003152,36.82701,28.21805,0.957169,1.0,0.45848346,18.025911,268.18692,0.2952228,0.6426015,0.3222019,0.32039958,orta-yuksek,Agaclik,predicted,0.3518,0.5111,YUKSEK
EGE_2021_03,EGE_2021_03_003153,36.82699,28.22086,0.8499391,0.8905326,0.42467144,11.738165,300.96716,0.47013658,0.61513805,0.30386943,0.31126863,orta-dusuk,Agaclik,predicted,0.2792,0.325,ORTA
EGE_2021_03,EGE_2021_03_003154,36.82696,28.22366,0.7589636,0.0,0.5980625,21.539139,282.00372,0.33591825,0.5314088,0.17342421,0.35798457,orta-yuksek,Otlak/calilik,predicted,0.311,0.4751,ORTA
EGE_2021_03,EGE_2021_03_003155,36.82693,28.22646,0.7531861,0.24847062,0.68914455,21.934942,235.6076,0.09425837,0.58253217,0.1503213,0.43221086,yuksek,Otlak/calilik,predicted,0.3497,0.5695,YUKSEK
EGE_2021_03,EGE_2021_03_003156,36.8269,28.22927,0.7110275,0.50175565,0.631479,14.031904,258.36298,0.17299771,0.5080154,0.14058048,0.36743492,orta-yuksek,Agaclik,predicted,0.3242,0.4528,ORTA
EGE_2021_03,EGE_2021_03_003157,36.82687,28.23207,0.9401624,0.9725666,0.79341024,22.930338,221.27547,0.25478932,0.6056256,0.17450976,0.43111587,yuksek,Agaclik,predicted,0.3979,0.6274,YUKSEK
EGE_2021_03,EGE_2021_03_003158,36.82684,28.23487,0.9401622,1.0,0.87631756,23.515093,151.50787,0.25532994,0.67636585,0.20228623,0.4740796,yuksek,Agaclik,predicted,0.4095,0.6495,YUKSEK
EGE_2021_03,EGE_2021_03_003159,36.82681,28.23767,0.94178855,0.9253832,0.5822138,18.892254,81.91952,0.20334233,0.5926829,0.2131456,0.37953728,orta-yuksek,Agaclik,predicted,0.3612,0.5453,YUKSEK
EGE_2021_03,EGE_2021_03_003244,36.82499,28.1956,1.0,1.0,0.18590803,13.9646015,153.44478,0.4481827,0.6525693,0.4132204,0.23934889,dusuk,Agaclik,low_severity,,0.0,DUSUK
EGE_2021_03,EGE_2021_03_003245,36.82496,28.1984,1.0,1.0,0.35551488,17.130074,147.919,0.69568455,0.706337,0.31686243,0.38947454,orta-dusuk,Agaclik,predicted,0.3116,0.3881,ORTA
EGE_2021_03,EGE_2021_03_003246,36.82493,28.2012,0.94016284,1.0,0.35546082,14.0854225,150.507,0.5521237,0.7282013,0.32346684,0.4047345,orta-dusuk,Agaclik,predicted,0.315,0.387,ORTA
EGE_2021_03,EGE_2021_03_003247,36.8249,28.204,1.0,1.0,0.3496975,16.982508,133.63472,0.4445783,0.7117939,0.33871642,0.37307748,orta-dusuk,Agaclik,predicted,0.3337,0.4546,ORTA
EGE_2021_03,EGE_2021_03_003248,36.82488,28.20681,0.61804414,0.51139814,0.380581,14.030725,195.26457,0.46222377,0.5359288,0.24739069,0.2885381,orta-dusuk,Agaclik,predicted,0.2267,0.2679,ORTA
EGE_2021_03,EGE_2021_03_003249,36.82485,28.20961,0.6238749,0.10767127,0.37422556,16.78272,132.94405,0.3970438,0.46284887,0.20997854,0.25287032,orta-dusuk,Otlak/calilik,predicted,0.2295,0.3047,ORTA
EGE_2021_03,EGE_2021_03_003250,36.82482,28.21241,0.7705744,0.3936332,0.27001143,10.158478,97.95655,0.26423776,0.49055922,0.30062652,0.1899327,orta-dusuk,Otlak/calilik,low_severity,,0.0,DUSUK
EGE_2021_03,EGE_2021_03_003251,36.82479,28.21522,0.9757256,0.9184915,0.48506665,19.106201,153.97923,0.10848574,0.6034167,0.27551818,0.3278985,orta-yuksek,Agaclik,predicted,0.2789,0.4381,ORTA
EGE_2021_03,EGE_2021_03_003252,36.82476,28.21802,0.7110234,0.5201203,0.6349965,22.183914,200.14348,0.280565,0.56334853,0.16057973,0.4027688,orta-yuksek,Agaclik,predicted,0.3334,0.5216,YUKSEK
EGE_2021_03,EGE_2021_03_003253,36.82473,28.22082,0.87540627,0.78835064,0.53194654,18.438858,267.70172,0.39882216,0.59532547,0.22001448,0.375311,orta-yuksek,Agaclik,predicted,0.3212,0.4549,ORTA
EGE_2021_03,EGE_2021_03_003254,36.8247,28.22362,0.9401613,0.47497165,0.70772856,24.62734,212.64372,0.2593766,0.5684185,0.14512353,0.42329496,yuksek,Otlak/calilik,predicted,0.3847,0.6217,YUKSEK
EGE_2021_03,EGE_2021_03_003255,36.82468,28.22643,0.68633676,0.5377838,0.6761786,14.04284,179.3552,0.2212862,0.56957483,0.18364593,0.3859289,yuksek,Otlak/calilik,predicted,0.3227,0.444,ORTA
EGE_2021_03,EGE_2021_03_003256,36.82465,28.22923,0.5611765,0.46772835,0.58539206,18.594484,242.8912,0.2189789,0.48870134,0.17037976,0.3183216,orta-yuksek,Agaclik,predicted,0.2944,0.4414,ORTA
EGE_2021_03,EGE_2021_03_003257,36.82462,28.23203,0.8060899,0.8244496,0.7171099,19.181463,281.39005,0.39809096,0.556062,0.1608176,0.3952444,yuksek,Agaclik,predicted,0.3556,0.5124,YUKSEK
EGE_2021_03,EGE_2021_03_003258,36.82459,28.23483,0.9616726,0.78972393,0.7718314,23.879356,203.63808,0.27876747,0.6041213,0.17106271,0.43305862,yuksek,Agaclik,predicted,0.4066,0.6451,YUKSEK
EGE_2021_03,EGE_2021_03_003260,36.82453,28.24044,0.8803202,0.8840892,0.27124462,18.564411,73.553116,0.07332422,0.5791948,0.34664202,0.23255277,orta-dusuk,Agaclik,predicted,0.2731,0.4297,ORTA
EGE_2021_03,EGE_2021_03_003327,36.82321,28.14792,0.9401645,1.0,0.19714366,11.677445,113.71422,0.12178735,0.58858055,0.4752453,0.11333525,dusuk,Agaclik,low_severity,,0.0,DUSUK
EGE_2021_03,EGE_2021_03_003328,36.82318,28.15072,0.60109234,0.65566987,0.3758382,11.794317,142.76373,0.15196212,0.5305966,0.28362685,0.24696976,orta-dusuk,Agaclik,predicted,0.236,0.3056,ORTA
EGE_2021_03,EGE_2021_03_003343,36.82276,28.19276,0.94016165,0.90173626,0.25155896,20.182549,98.32585,0.19878185,0.5599688,0.33999568,0.21997315,dusuk,Agaclik,low_severity,,0.0,DUSUK
EGE_2021_03,EGE_2021_03_003344,36.82274,28.19556,0.9832057,0.9286369,0.40847245,18.693222,79.98509,0.44172975,0.5910716,0.2947456,0.296326,orta-dusuk,Agaclik,predicted,0.2612,0.362,ORTA
EGE_2021_03,EGE_2021_03_003345,36.82271,28.19836,0.9761319,0.9057126,0.3956101,12.035076,65.95571,0.6178843,0.60058737,0.32736975,0.27321762,orta-dusuk,Agaclik,predicted,0.3178,0.3644,ORTA
EGE_2021_03,EGE_2021_03_003346,36.82268,28.20117,1.0,1.0,0.3611625,11.467419,85.69166,0.386769,0.7261702,0.34657705,0.37959313,orta-dusuk,Agaclik,predicted,0.3181,0.392,ORTA
EGE_2021_03,EGE_2021_03_003347,36.82265,28.20397,0.610496,0.75550675,0.31650537,15.041182,114.089035,0.20591147,0.60158855,0.32646886,0.2751197,orta-dusuk,Agaclik,predicted,0.2335,0.3222,ORTA
EGE_2021_03,EGE_2021_03_003348,36.82262,28.20677,0.2136357,0.27991968,0.44157505,15.977693,168.85202,0.22438674,0.40940326,0.16758828,0.24181499,orta-yuksek,Otlak/calilik,predicted,0.2203,0.3081,ORTA
EGE_2021_03,EGE_2021_03_003349,36.82259,28.20957,0.5871294,0.08101516,0.3388011,19.171762,128.47849,0.1524152,0.40683886,0.1953091,0.21152976,orta-dusuk,Otlak/calilik,predicted,0.2105,0.331,ORTA
EGE_2021_03,EGE_2021_03_003350,36.82257,28.21238,0.94016033,0.06478007,0.3560533,7.501369,92.163666,0.24598794,0.5030043,0.2650911,0.23791322,orta-dusuk,Otlak/calilik,predicted,0.2092,0.2158,DUSUK
EGE_2021_03,EGE_2021_03_003351,36.82254,28.21518,0.9835785,0.6895603,0.5950599,10.630321,89.66979,0.20811652,0.5858257,0.19913638,0.3866893,orta-yuksek,Agaclik,predicted,0.3549,0.4643,ORTA
EGE_2021_03,EGE_2021_03_003352,36.82251,28.21798,0.81243104,0.7227145,0.59673285,19.605865,135.01817,0.20263712,0.592017,0.20756234,0.38445467,orta-yuksek,Agaclik,predicted,0.3187,0.4884,ORTA
EGE_2021_03,EGE_2021_03_003353,36.82248,28.22079,0.90203947,0.9250326,0.60700977,22.766169,190.1433,0.2777097,0.62549615,0.19888416,0.426612,orta-yuksek,Agaclik,predicted,0.3658,0.5751,YUKSEK
EGE_2021_03,EGE_2021_03_003354,36.82245,28.22359,1.0,0.97844267,0.8581382,17.214205,150.35039,0.04620477,0.70509136,0.16768917,0.53740215,yuksek,Agaclik,predicted,0.4459,0.6785,YUKSEK
EGE_2021_03,EGE_2021_03_003355,36.82242,28.22639,0.8251533,0.85579133,0.7869292,20.079453,216.4392,0.15761375,0.6346448,0.19174832,0.4428965,yuksek,Agaclik,predicted,0.36,0.5601,YUKSEK
EGE_2021_03,EGE_2021_03_003357,36.82236,28.232,0.97772926,0.99290323,0.81543005,20.038359,360.8678,0.27626282,0.6507782,0.17597479,0.4748034,yuksek,Agaclik,predicted,0.4119,0.6203,YUKSEK
EGE_2021_03,EGE_2021_03_003358,36.82234,28.2348,0.89865905,0.96398205,0.7974458,25.036196,284.9623,0.10113913,0.6484622,0.23212779,0.4163344,yuksek,Agaclik,predicted,0.3663,0.6199,YUKSEK
EGE_2021_03,EGE_2021_03_003359,36.82231,28.2376,0.94015855,1.0,0.65445507,25.351765,217.8988,0.09966992,0.6471452,0.20020784,0.44693738,orta-yuksek,Agaclik,predicted,0.3809,0.6445,YUKSEK
EGE_2021_03,EGE_2021_03_003360,36.82228,28.2404,0.88031673,0.9035136,0.42812034,24.35671,98.916885,0.087124504,0.58782387,0.2231816,0.36464226,orta-dusuk,Agaclik,predicted,0.3075,0.5287,YUKSEK
EGE_2021_03,EGE_2021_03_003426,36.82098,28.14508,0.77189904,1.0,0.12290916,12.474742,56.223423,0.041479524,0.54587793,0.4490192,0.09685874,dusuk,Agaclik,low_severity,,0.0,DUSUK
EGE_2021_03,EGE_2021_03_003427,36.82095,28.14788,0.6185871,0.7695961,0.4987737,16.347765,122.337746,0.014422126,0.5000598,0.19500175,0.30505803,orta-yuksek,Agaclik,predicted,0.2449,0.377,ORTA
EGE_2021_03,EGE_2021_03_003428,36.82093,28.15069,0.6105024,0.48375434,0.518133,12.832043,170.85814,0.12823457,0.5363413,0.1806319,0.3557094,orta-yuksek,Agaclik,predicted,0.2695,0.3675,ORTA
EGE_2021_03,EGE_2021_03_003429,36.8209,28.15349,0.52947444,0.0,0.25461775,19.476877,164.49226,0.2024892,0.5018188,0.35505992,0.14675885,dusuk,Otlak/calilik,low_severity,,0.0,DUSUK
EGE_2021_03,EGE_2021_03_003443,36.82051,28.19272,0.5167737,0.3406397,0.11749615,4.7969446,42.054577,0.21450521,0.24054554,0.1694504,0.07109514,dusuk,Yerlesim,low_severity,,0.0,DUSUK
EGE_2021_03,EGE_2021_03_003444,36.82048,28.19553,0.4289101,0.14748532,0.22141822,2.9038296,41.346565,0.3921993,0.26880652,0.17917106,0.08963546,dusuk,Tarim,low_severity,,0.0,DUSUK
EGE_2021_03,EGE_2021_03_003445,36.82045,28.19833,0.4279116,0.19123854,0.21572496,3.7994707,45.983208,0.5929002,0.25567272,0.1685217,0.08715102,dusuk,Otlak/calilik,low_severity,,0.0,DUSUK
EGE_2021_03,EGE_2021_03_003446,36.82043,28.20113,0.7017486,0.6277203,0.28674647,6.4896116,57.676662,0.34545612,0.41365206,0.23795423,0.17569783,orta-dusuk,Agaclik,low_severity,,0.0,DUSUK
EGE_2021_03,EGE_2021_03_003447,36.8204,28.20393,0.7810163,0.8321338,0.39545518,14.722483,82.48519,0.11022346,0.46805462,0.2233181,0.24473652,orta-dusuk,Agaclik,predicted,0.2632,0.3769,ORTA
EGE_2021_03,EGE_2021_03_003448,36.82037,28.20674,0.96010274,0.9790983,0.65554357,19.298155,111.19299,0.026996601,0.5771856,0.15143065,0.4257549,orta-yuksek,Agaclik,predicted,0.3861,0.6103,YUKSEK
EGE_2021_03,EGE_2021_03_003449,36.82034,28.20954,0.7412419,0.78813726,0.45170122,12.0198765,73.39774,0.09649907,0.49467146,0.19083911,0.30383235,orta-yuksek,Agaclik,predicted,0.2546,0.3428,ORTA
EGE_2021_03,EGE_2021_03_003450,36.82031,28.21234,0.9154576,0.9379719,0.59282017,13.674608,104.97603,0.11925145,0.5970812,0.23504871,0.36203247,orta-yuksek,Agaclik,predicted,0.3439,0.4865,ORTA
EGE_2021_03,EGE_2021_03_003451,36.82028,28.21514,0.88031685,0.8989114,0.6681577,9.184246,88.594154,0.05310512,0.6073658,0.19399378,0.413372,yuksek,Agaclik,predicted,0.3255,0.4298,ORTA
EGE_2021_03,EGE_2021_03_003452,36.82026,28.21795,1.0,1.0,0.6501517,9.417166,90.651474,0.13683087,0.73362243,0.24941307,0.48420936,orta-yuksek,Agaclik,predicted,0.3571,0.4671,ORTA
EGE_2021_03,EGE_2021_03_003453,36.82023,28.22075,1.0,0.9850996,0.48405045,13.2343645,108.884056,0.19009644,0.6494031,0.25932783,0.39007527,orta-yuksek,Agaclik,predicted,0.2855,0.3861,ORTA
EGE_2021_03,EGE_2021_03_003454,36.8202,28.22355,0.7202043,0.38183,0.6363448,15.916973,137.47612,0.21259925,0.5511383,0.19358797,0.35755032,orta-yuksek,Otlak/calilik,predicted,0.3205,0.458,ORTA
EGE_2021_03,EGE_2021_03_003455,36.82017,28.22635,0.7873412,0.65991616,0.6711867,18.382315,206.5994,0.2172633,0.556082,0.21100783,0.34507418,yuksek,Agaclik,predicted,0.3457,0.516,YUKSEK
EGE_2021_03,EGE_2021_03_003457,36.82011,28.23196,1.0,1.0,0.7373917,15.8586,379.40115,0.15070231,0.618909,0.17265669,0.44625232,yuksek,Agaclik,predicted,0.3931,0.5739,YUKSEK
EGE_2021_03,EGE_2021_03_003458,36.82008,28.23476,0.88031405,1.0,0.66992223,25.834297,293.50015,0.10191319,0.60850525,0.1522027,0.45630255,yuksek,Agaclik,predicted,0.3519,0.6052,YUKSEK
EGE_2021_03,EGE_2021_03_003459,36.82005,28.23756,0.9401568,1.0,0.671068,22.835947,192.21107,0.048410412,0.63728714,0.13280003,0.5044871,yuksek,Agaclik,predicted,0.3862,0.6378,YUKSEK
EGE_2021_03,EGE_2021_03_003460,36.82002,28.24037,1.0,1.0,0.45260784,21.960337,101.47252,0.13157038,0.6325623,0.26733157,0.3652307,orta-yuksek,Agaclik,predicted,0.3652,0.5876,YUKSEK
EGE_2021_03,EGE_2021_03_003526,36.81873,28.14505,0.7405855,0.8914536,0.27519518,10.050301,55.49829,0.06356148,0.5860066,0.35386622,0.23214036,orta-dusuk,Agaclik,predicted,0.2629,0.3428,ORTA
EGE_2021_03,EGE_2021_03_003527,36.8187,28.14785,0.7129693,0.61084723,0.41992843,14.784019,88.660385,0.039342627,0.5175957,0.2401545,0.2774412,orta-dusuk,Agaclik,predicted,0.2511,0.3693,ORTA
EGE_2021_03,EGE_2021_03_003528,36.81867,28.15065,0.65225863,0.728612,0.3735531,19.381697,164.66797,0.12376428,0.581167,0.346182,0.234985,orta-dusuk,Agaclik,predicted,0.2501,0.3956,ORTA
EGE_2021_03,EGE_2021_03_003529,36.81865,28.15345,0.493608,0.12554191,0.44578606,14.079381,223.53706,0.22763163,0.4825992,0.20517915,0.27742004,orta-yuksek,Otlak/calilik,predicted,0.2213,0.2928,ORTA
EGE_2021_03,EGE_2021_03_003537,36.81843,28.17587,0.7604148,0.70241666,0.14606433,10.509829,114.71642,0.4067955,0.5353378,0.4733224,0.062015414,dusuk,Agaclik,low_severity,,0.0,DUSUK
EGE_2021_03,EGE_2021_03_003538,36.8184,28.17868,0.8833411,0.99184597,0.36632833,9.364001,76.60865,0.50086534,0.6463188,0.35631418,0.2900046,orta-dusuk,Agaclik,predicted,0.2736,0.292,ORTA
EGE_2021_03,EGE_2021_03_003539,36.81837,28.18148,0.98576695,0.9897699,0.21976736,5.123099,70.803734,0.5656486,0.7005019,0.4745583,0.22594362,dusuk,Agaclik,low_severity,,0.0,DUSUK
EGE_2021_03,EGE_2021_03_003541,36.81831,28.18708,0.93469554,0.7851294,0.13475044,5.4009132,55.60233,0.4131393,0.48783293,0.40690628,0.08092666,dusuk,Agaclik,low_severity,,0.0,DUSUK
EGE_2021_03,EGE_2021_03_003544,36.81823,28.19549,0.87236875,0.80283946,0.24167728,8.529069,58.079254,0.34511957,0.37741983,0.22229126,0.15512857,dusuk,Agaclik,low_severity,,0.0,DUSUK
EGE_2021_03,EGE_2021_03_003545,36.8182,28.19829,0.91565746,0.8783512,0.28804803,7.779321,58.54643,0.5932245,0.4248631,0.21967185,0.20519125,orta-dusuk,Agaclik,predicted,0.2562,0.2398,DUSUK
EGE_2021_03,EGE_2021_03_003546,36.81817,28.2011,0.5288259,0.50432813,0.3207355,8.859373,57.003788,0.45646408,0.3661091,0.23360652,0.13250259,orta-dusuk,Otlak/calilik,low_severity,,0.0,DUSUK
EGE_2021_03,EGE_2021_03_003547,36.81814,28.2039,0.8546003,0.6226025,0.20739976,7.3626842,54.441498,0.28591526,0.39600015,0.27025992,0.12574023,dusuk,Agaclik,low_severity,,0.0,DUSUK
EGE_2021_03,EGE_2021_03_003548,36.81812,28.2067,0.9923765,0.66359925,0.14692976,7.9430504,59.889168,0.17869474,0.43238485,0.3341907,0.09819415,dusuk,Agaclik,low_severity,,0.0,DUSUK
EGE_2021_03,EGE_2021_03_003549,36.81809,28.2095,0.77347744,0.3650664,0.1506197,4.0632586,60.285522,0.07978704,0.35975918,0.25623378,0.1035254,dusuk,Otlak/calilik,low_severity,,0.0,DUSUK
EGE_2021_03,EGE_2021_03_003550,36.81806,28.21231,0.9016455,0.62553006,0.2016942,5.973351,62.711452,0.07031094,0.40230325,0.26231045,0.1399928,dusuk,Agaclik,low_severity,,0.0,DUSUK
EGE_2021_03,EGE_2021_03_003551,36.81803,28.21511,0.9021787,0.67988455,0.4767196,8.652755,75.90027,0.077672765,0.56636596,0.23197944,0.33438653,orta-yuksek,Agaclik,predicted,0.2934,0.3741,ORTA
EGE_2021_03,EGE_2021_03_003552,36.818,28.21791,1.0,0.8684505,0.57862854,13.718749,114.25426,0.06814597,0.62662065,0.29216367,0.33445698,orta-yuksek,Agaclik,predicted,0.3825,0.5513,YUKSEK
EGE_2021_03,EGE_2021_03_003553,36.81797,28.22071,1.0,0.98861337,0.37952986,15.182055,133.4835,0.107448004,0.6017996,0.3357641,0.2660355,orta-dusuk,Agaclik,predicted,0.317,0.4611,ORTA
EGE_2021_03,EGE_2021_03_003554,36.81794,28.22352,0.8829823,0.5428209,0.66018844,19.090551,175.35962,0.17781293,0.5733028,0.23038402,0.34291878,yuksek,Agaclik,predicted,0.3416,0.5215,YUKSEK
EGE_2021_03,EGE_2021_03_003555,36.81792,28.22632,0.7483759,0.7444266,0.7428856,21.12362,246.45123,0.04300519,0.59822,0.19066441,0.40755558,yuksek,Agaclik,predicted,0.3655,0.5931,YUKSEK
EGE_2021_03,EGE_2021_03_003556,36.81789,28.22912,0.9401557,1.0,0.86030513,19.998415,339.54263,0.054800108,0.6837783,0.2126736,0.47110468,yuksek,Agaclik,predicted,0.3865,0.613,YUKSEK
EGE_2021_03,EGE_2021_03_003557,36.81786,28.23192,0.99116355,1.0,0.57397115,18.196344,355.9439,0.05400671,0.5992701,0.20054376,0.39872634,orta-yuksek,Agaclik,predicted,0.3785,0.5858,YUKSEK
EGE_2021_03,EGE_2021_03_003558,36.81783,28.23473,0.622579,0.7314389,0.6463577,23.008553,304.05478,0.11662612,0.58909595,0.17617705,0.4129189,orta-yuksek,Agaclik,predicted,0.3317,0.5489,YUKSEK
EGE_2021_03,EGE_2021_03_003559,36.8178,28.23753,0.5579386,0.57118356,0.6430718,25.490616,195.28276,0.09490008,0.6056567,0.17743275,0.42822394,orta-yuksek,Agaclik,predicted,0.3255,0.564,YUKSEK
EGE_2021_03,EGE_2021_03_003560,36.81777,28.24033,1.0,0.83150786,0.17710796,22.428455,77.644966,0.17915875,0.5957201,0.46208584,0.13363427,dusuk,Agaclik,low_severity,,0.0,DUSUK
EGE_2021_03,EGE_2021_03_003625,36.8165,28.14221,0.9677949,0.94119203,0.15868247,12.416636,37.80352,0.09000227,0.5055561,0.3574079,0.14814821,dusuk,Agaclik,low_severity,,0.0,DUSUK
EGE_2021_03,EGE_2021_03_003626,36.81647,28.14501,0.51531315,0.61220616,0.32806385,14.589453,75.51546,0.16088502,0.5082944,0.2720055,0.2362889,orta-dusuk,Agaclik,predicted,0.2484,0.3467,ORTA
EGE_2021_03,EGE_2021_03_003627,36.81645,28.14782,0.6160543,0.48915946,0.3967799,15.818822,121.043045,0.2741663,0.47997856,0.2469492,0.23302937,orta-dusuk,Otlak/calilik,predicted,0.2365,0.3239,ORTA
EGE_2021_03,EGE_2021_03_003628,36.81642,28.15062,0.73179793,0.39337093,0.39372912,16.97689,167.07336,0.34848237,0.49513853,0.24707289,0.24806564,orta-dusuk,Otlak/calilik,predicted,0.2104,0.2848,ORTA
EGE_2021_03,EGE_2021_03_003629,36.81639,28.15342,0.6034556,0.18607703,0.41312715,14.925508,211.84787,0.4331633,0.440686,0.21267034,0.22801565,orta-dusuk,Otlak/calilik,predicted,0.2307,0.2855,ORTA
EGE_2021_03,EGE_2021_03_003630,36.81636,28.15622,0.46186465,0.0,0.124853864,17.521957,208.20209,0.5806791,0.40008718,0.3297121,0.070375085,dusuk,Otlak/calilik,low_severity,,0.0,DUSUK
EGE_2021_03,EGE_2021_03_003631,36.81634,28.15903,0.22421224,0.058781948,0.19523516,17.899887,171.96725,0.6474532,0.4122117,0.27528632,0.13692537,dusuk,Otlak/calilik,low_severity,,0.0,DUSUK
EGE_2021_03,EGE_2021_03_003632,36.81631,28.16183,0.92675376,0.8767978,0.17712018,23.263319,149.87779,0.44019237,0.6559777,0.5098258,0.1461519,dusuk,Agaclik,low_severity,,0.0,DUSUK
EGE_2021_03,EGE_2021_03_003636,36.8162,28.17304,0.4631406,0.13041627,0.24413905,13.033137,150.99898,0.33317265,0.40242076,0.2946936,0.10772717,dusuk,Otlak/calilik,low_severity,,0.0,DUSUK
EGE_2021_03,EGE_2021_03_003637,36.81617,28.17584,0.99551505,0.87102544,0.45316365,11.031706,96.359314,0.23762596,0.5312474,0.16264632,0.36860105,orta-yuksek,Agaclik,predicted,0.2475,0.3042,ORTA
EGE_2021_03,EGE_2021_03_003638,36.81614,28.17864,1.0,1.0,0.5452484,6.3649063,80.168045,0.25259438,0.63949245,0.23842908,0.40106338,orta-yuksek,Agaclik,predicted,0.3529,0.4185,ORTA
EGE_2021_03,EGE_2021_03_003639,36.81612,28.18144,1.0,1.0,0.43011907,7.1087146,71.54607,0.31567636,0.66180223,0.26470044,0.3971018,orta-dusuk,Agaclik,predicted,0.3034,0.3426,ORTA
EGE_2021_03,EGE_2021_03_003640,36.81609,28.18425,1.0,1.0,0.3298765,4.519375,57.525288,0.39875263,0.5203285,0.26092067,0.25940785,orta-dusuk,Agaclik,predicted,0.2993,0.3028,ORTA
EGE_2021_03,EGE_2021_03_003641,36.81606,28.18705,1.0,1.0,0.44909477,8.764005,73.82739,0.35131693,0.6977005,0.29278943,0.40491107,orta-yuksek,Agaclik,predicted,0.3319,0.3942,ORTA
EGE_2021_03,EGE_2021_03_003642,36.81603,28.18985,1.0,1.0,0.4278722,8.022854,60.37113,0.34464347,0.6768122,0.33915013,0.33766204,orta-dusuk,Agaclik,predicted,0.3286,0.3839,ORTA
EGE_2021_03,EGE_2021_03_003643,36.816,28.19265,1.0,1.0,0.38324383,6.719087,58.56526,0.31872705,0.5348778,0.24865168,0.2862261,orta-dusuk,Agaclik,predicted,0.3049,0.3411,ORTA
EGE_2021_03,EGE_2021_03_003644,36.81598,28.19546,1.0,1.0,0.3228197,11.337603,94.71988,0.4575967,0.6126889,0.3275793,0.2851096,orta-dusuk,Agaclik,predicted,0.2761,0.3187,ORTA
EGE_2021_03,EGE_2021_03_003645,36.81595,28.19826,0.90140826,0.9527449,0.3704117,14.42635,108.4444,0.6649831,0.5601096,0.335851,0.2242586,orta-dusuk,Agaclik,predicted,0.2957,0.3456,ORTA
EGE_2021_03,EGE_2021_03_003646,36.81592,28.20106,0.8443761,0.9858717,0.66619205,18.957767,122.94505,0.6313754,0.59446234,0.21610144,0.3783609,yuksek,Agaclik,predicted,0.3476,0.4662,ORTA
EGE_2021_03,EGE_2021_03_003647,36.81589,28.20386,0.83605254,1.0,0.49432212,19.135431,109.95511,0.47949886,0.5896269,0.2678639,0.321763,orta-yuksek,Agaclik,predicted,0.313,0.4375,ORTA
EGE_2021_03,EGE_2021_03_003648,36.81586,28.20667,0.59789413,0.6665493,0.36853588,12.686143,96.20924,0.28169724,0.514555,0.3187442,0.19581077,orta-dusuk,Agaclik,low_severity,,0.0,DUSUK
EGE_2021_03,EGE_2021_03_003649,36.81583,28.20947,0.9834424,0.99293846,0.56411207,7.3210306,76.55412,0.23192132,0.63678455,0.23894416,0.39784038,orta-yuksek,Agaclik,predicted,0.3393,0.4094,ORTA
EGE_2021_03,EGE_2021_03_003650,36.81581,28.21227,0.9827143,0.99986583,0.54007906,8.526081,71.09667,0.28938255,0.58077914,0.24782714,0.332952,orta-yuksek,Agaclik,predicted,0.3366,0.4078,ORTA
EGE_2021_03,EGE_2021_03_003651,36.81578,28.21507,0.4192834,0.20265041,0.53068817,11.823772,97.17712,0.16028322,0.48082727,0.19467086,0.28615642,orta-yuksek,Otlak/calilik,predicted,0.2619,0.3431,ORTA
EGE_2021_03,EGE_2021_03_003652,36.81575,28.21788,0.76283073,0.23816824,0.5594839,9.840205,122.936874,0.10357028,0.5488827,0.21390197,0.33498076,orta-yuksek,Otlak/calilik,predicted,0.2862,0.37,ORTA
EGE_2021_03,EGE_2021_03_003653,36.81572,28.22068,0.9772039,1.0,0.5093545,14.087759,167.71846,0.047714327,0.61083007,0.2671311,0.34369898,orta-yuksek,Agaclik,predicted,0.2922,0.4232,ORTA
EGE_2021_03,EGE_2021_03_003654,36.81569,28.22348,0.99668986,1.0,0.7415904,18.18213,228.10551,0.17612037,0.6624795,0.24591592,0.4165636,yuksek,Agaclik,predicted,0.3988,0.5988,YUKSEK
EGE_2021_03,EGE_2021_03_003655,36.81566,28.22628,0.9998293,1.0,0.7323335,13.50383,270.08807,0.15497567,0.61262244,0.17409672,0.43852574,yuksek,Agaclik,predicted,0.3872,0.5443,YUKSEK
EGE_2021_03,EGE_2021_03_003656,36.81563,28.22908,0.9904116,1.0,0.590695,26.461956,259.36243,0.081435286,0.6074128,0.1969971,0.4104157,orta-yuksek,Agaclik,predicted,0.3923,0.6735,YUKSEK
EGE_2021_03,EGE_2021_03_003657,36.8156,28.23189,0.9871479,1.0,0.8020626,27.181744,249.29665,0.09040585,0.6891265,0.19801654,0.49110997,yuksek,Agaclik,predicted,0.4188,0.7177,YUKSEK
EGE_2021_03,EGE_2021_03_003658,36.81558,28.23469,0.7606143,0.97688955,0.6403235,20.975998,266.6753,0.13066751,0.6328776,0.19649535,0.43638223,orta-yuksek,Agaclik,predicted,0.3408,0.543,YUKSEK
EGE_2021_03,EGE_2021_03_003659,36.81555,28.23749,1.0,0.93202657,0.47499895,26.737242,157.35138,0.18750033,0.61434245,0.24130201,0.37304044,orta-yuksek,Agaclik,predicted,0.28,0.4943,ORTA
EGE_2021_03,EGE_2021_03_003724,36.81427,28.13937,0.60356486,0.522884,0.109267145,10.266574,19.980453,0.17247821,0.34716612,0.25149834,0.09566778,dusuk,Tarim,low_severity,,0.0,DUSUK
EGE_2021_03,EGE_2021_03_003725,36.81425,28.14218,0.7364141,1.0,0.33024296,17.234776,80.22251,0.10723329,0.533682,0.2836645,0.2500175,orta-dusuk,Agaclik,predicted,0.3076,0.4648,ORTA
EGE_2021_03,EGE_2021_03_003727,36.81419,28.14778,0.40773427,0.19027823,0.39811453,17.140738,144.79579,0.20756866,0.4438859,0.19743636,0.24644953,orta-dusuk,Otlak/calilik,predicted,0.2163,0.3145,ORTA
EGE_2021_03,EGE_2021_03_003728,36.81417,28.15058,0.31220767,0.17998753,0.50416696,21.894718,233.22568,0.38927543,0.42074034,0.17497112,0.24576922,orta-yuksek,Otlak/calilik,predicted,0.2629,0.3993,ORTA
EGE_2021_03,EGE_2021_03_003729,36.81414,28.15339,0.7856094,0.99264336,0.40126178,19.1852,294.0917,0.50732744,0.54295504,0.2835276,0.25942743,orta-dusuk,Agaclik,predicted,0.3045,0.4214,ORTA
EGE_2021_03,EGE_2021_03_003730,36.81411,28.15619,0.3168964,0.0,0.42752624,19.745161,271.82166,0.3876099,0.42242375,0.15929377,0.26312998,orta-dusuk,Otlak/calilik,predicted,0.2248,0.3245,ORTA
EGE_2021_03,EGE_2021_03_003731,36.81408,28.15899,0.6505189,0.55576,0.4113389,16.432316,189.10251,0.4100021,0.51241595,0.20790353,0.3045124,orta-dusuk,Agaclik,predicted,0.2318,0.3033,ORTA
EGE_2021_03,EGE_2021_03_003732,36.81406,28.16179,1.0,1.0,0.31478336,14.891337,202.4906,0.3634444,0.71758807,0.4492836,0.26830447,orta-dusuk,Agaclik,predicted,0.357,0.4825,ORTA
EGE_2021_03,EGE_2021_03_003733,36.81403,28.1646,1.0,1.0,0.2241841,10.828436,218.77727,0.1134526,0.7242515,0.5884255,0.13582599,dusuk,Agaclik,low_severity,,0.0,DUSUK
EGE_2021_03,EGE_2021_03_003734,36.814,28.1674,0.8605738,0.9719417,0.18741477,13.746451,188.00446,0.13656923,0.7293635,0.6491002,0.08026332,dusuk,Agaclik,low_severity,,0.0,DUSUK
EGE_2021_03,EGE_2021_03_003735,36.81397,28.1702,0.4739039,0.31707877,0.21965994,12.423464,174.01628,0.26618847,0.46658906,0.37846822,0.08812085,dusuk,Otlak/calilik,low_severity,,0.0,DUSUK
EGE_2021_03,EGE_2021_03_003736,36.81395,28.173,0.7957067,0.3662363,0.59424067,14.108139,125.51831,0.24555376,0.46487603,0.09027704,0.37459898,orta-yuksek,Otlak/calilik,predicted,0.321,0.4387,ORTA
EGE_2021_03,EGE_2021_03_003737,36.81392,28.17581,0.9921464,1.0,0.57079005,7.652358,97.00347,0.013302744,0.61778015,0.18645583,0.4313243,orta-yuksek,Agaclik,predicted,0.34,0.4437,ORTA
EGE_2021_03,EGE_2021_03_003738,36.81389,28.17861,1.0,1.0,0.4253105,6.1662107,97.19565,0.041733988,0.5863534,0.24171273,0.34464067,orta-dusuk,Agaclik,predicted,0.2509,0.2946,ORTA
EGE_2021_03,EGE_2021_03_003739,36.81386,28.18141,1.0,1.0,0.4173284,5.85028,69.269516,0.06591493,0.6196409,0.26625052,0.35339037,orta-dusuk,Agaclik,predicted,0.278,0.3288,ORTA
EGE_2021_03,EGE_2021_03_003740,36.81384,28.18421,1.0,1.0,0.579839,10.991125,82.16907,0.25238243,0.7225739,0.28533623,0.43723765,orta-yuksek,Agaclik,predicted,0.3838,0.5042,YUKSEK
EGE_2021_03,EGE_2021_03_003742,36.81378,28.18982,1.0,1.0,0.63203096,15.694481,99.61175,0.27519572,0.719873,0.22838354,0.49148947,orta-yuksek,Agaclik,predicted,0.4461,0.6339,YUKSEK
EGE_2021_03,EGE_2021_03_003743,36.81375,28.19262,1.0,1.0,0.45534915,5.2147946,62.244926,0.51592207,0.63552165,0.25286418,0.38265747,orta-yuksek,Agaclik,predicted,0.3217,0.3257,ORTA
EGE_2021_03,EGE_2021_03_003744,36.81372,28.19542,0.9601295,1.0,0.23664208,14.550106,97.76424,0.65167624,0.6596538,0.4392903,0.2203635,dusuk,Agaclik,low_severity,,0.0,DUSUK
EGE_2021_03,EGE_2021_03_003745,36.8137,28.19822,0.98310786,0.9386166,0.3539251,14.610436,157.16167,0.7970254,0.5740324,0.3214966,0.25253582,orta-dusuk,Agaclik,predicted,0.2954,0.3284,ORTA
EGE_2021_03,EGE_2021_03_003746,36.81367,28.20103,0.8277508,1.0,0.73851055,20.332474,203.18948,0.8233508,0.63949835,0.23869354,0.40080482,yuksek,Agaclik,predicted,0.3754,0.4927,ORTA
EGE_2021_03,EGE_2021_03_003747,36.81364,28.20383,0.72198606,0.8528255,0.76044476,20.760208,199.73096,0.63430333,0.6152148,0.2220039,0.39321092,yuksek,Agaclik,predicted,0.3654,0.5077,YUKSEK
EGE_2021_03,EGE_2021_03_003748,36.81361,28.20663,0.8562142,0.7502839,0.5954156,15.826829,150.97845,0.5017717,0.5643411,0.22782028,0.33652085,orta-yuksek,Agaclik,predicted,0.321,0.4178,ORTA
EGE_2021_03,EGE_2021_03_003749,36.81358,28.20943,0.79444087,0.88531333,0.6328476,15.740091,123.02183,0.47561437,0.6118085,0.22547339,0.38633507,orta-yuksek,Agaclik,predicted,0.3346,0.4409,ORTA
EGE_2021_03,EGE_2021_03_003750,36.81355,28.21224,0.76061374,0.50821483,0.64948916,19.128288,136.80989,0.3285411,0.54345274,0.20650423,0.3369485,orta-yuksek,Agaclik,predicted,0.3398,0.4982,ORTA
EGE_2021_03,EGE_2021_03_003751,36.81352,28.21504,0.86318123,0.0037929174,0.67845476,11.539038,146.42284,0.21415661,0.52681506,0.20022842,0.32658663,yuksek,Otlak/calilik,predicted,0.3437,0.4547,ORTA
EGE_2021_03,EGE_2021_03_003752,36.8135,28.21784,0.9900596,0.69994074,0.63337004,9.093476,118.054756,0.04813732,0.5523412,0.1968953,0.35544592,orta-yuksek,Agaclik,predicted,0.3695,0.495,ORTA
EGE_2021_03,EGE_2021_03_003753,36.81347,28.22064,0.99856037,1.0,0.5593021,11.656049,132.2764,0.036364134,0.6186453,0.23994817,0.37869716,orta-yuksek,Agaclik,predicted,0.3543,0.4961,ORTA
EGE_2021_03,EGE_2021_03_003754,36.81344,28.22344,0.82045794,0.9386166,0.5095668,15.410867,180.71687,0.12109248,0.5377023,0.20347148,0.33423084,orta-yuksek,Agaclik,predicted,0.289,0.4196,ORTA
EGE_2021_03,EGE_2021_03_003755,36.81341,28.22625,0.85924965,1.0,0.47200882,16.508179,212.4086,0.14803137,0.5411479,0.20175546,0.33939242,orta-yuksek,Agaclik,predicted,0.2944,0.4333,ORTA
EGE_2021_03,EGE_2021_03_003756,36.81338,28.22905,0.8867615,1.0,0.62467396,24.211891,141.92384,0.1029173,0.6119062,0.17215165,0.43975452,orta-yuksek,Agaclik,predicted,0.3438,0.5791,YUKSEK
EGE_2021_03,EGE_2021_03_003757,36.81335,28.23185,0.67636466,1.0,0.76579297,23.620907,149.84802,0.039211202,0.6167014,0.16383693,0.4528645,yuksek,Agaclik,predicted,0.3657,0.6154,YUKSEK
EGE_2021_03,EGE_2021_03_003758,36.81332,28.23465,0.6878342,0.88653344,0.6520176,23.04467,208.0418,0.11141541,0.6474569,0.2155464,0.43191049,orta-yuksek,Agaclik,predicted,0.3335,0.5526,YUKSEK
EGE_2021_03,EGE_2021_03_003759,36.81329,28.23746,0.8498612,0.92243075,0.34949216,25.841162,104.55936,0.06498265,0.6235489,0.26599663,0.3575523,orta-dusuk,Agaclik,predicted,0.2952,0.5262,YUKSEK
EGE_2021_03,EGE_2021_03_003824,36.81202,28.13934,0.98603773,0.9808224,0.18445757,13.980831,49.91221,0.08160623,0.57982755,0.41518182,0.16464573,dusuk,Agaclik,low_severity,,0.0,DUSUK
EGE_2021_03,EGE_2021_03_003825,36.81199,28.14214,1.0,1.0,0.3295781,16.014275,100.84331,0.18425436,0.65029216,0.37321517,0.277077,orta-dusuk,Agaclik,predicted,0.3354,0.4849,ORTA
EGE_2021_03,EGE_2021_03_003826,36.81197,28.14495,0.92100805,1.0,0.5791998,15.720879,177.83276,0.10047313,0.5708374,0.22373685,0.34710053,orta-yuksek,Agaclik,predicted,0.3475,0.512,YUKSEK
EGE_2021_03,EGE_2021_03_003827,36.81194,28.14775,0.7481079,0.72728276,0.5605814,15.194675,192.28992,0.11427388,0.56577885,0.22110158,0.34467727,orta-yuksek,Agaclik,predicted,0.2761,0.3995,ORTA
EGE_2021_03,EGE_2021_03_003828,36.81191,28.15055,0.28787196,0.15145223,0.5515597,22.707777,272.7753,0.20606048,0.45015746,0.19931042,0.25084704,orta-yuksek,Otlak/calilik,predicted,0.2791,0.4558,ORTA
EGE_2021_03,EGE_2021_03_003829,36.81189,28.15335,0.03135078,0.0544978,0.44907796,13.473976,318.641,0.36233583,0.42978525,0.18637392,0.24341133,orta-yuksek,Otlak/calilik,predicted,0.2741,0.3473,ORTA
EGE_2021_03,EGE_2021_03_003830,36.81186,28.15615,0.09829819,0.1228841,0.49749118,16.65861,266.67145,0.1553948,0.41711035,0.12499564,0.2921147,orta-yuksek,Otlak/calilik,predicted,0.2776,0.4086,ORTA
EGE_2021_03,EGE_2021_03_003831,36.81183,28.15896,0.9472624,0.93028945,0.32714623,8.999458,220.50786,0.20495814,0.58744663,0.3370602,0.25038642,orta-dusuk,Agaclik,predicted,0.2254,0.2584,ORTA
EGE_2021_03,EGE_2021_03_003832,36.8118,28.16176,1.0,1.0,0.4212282,5.9279313,221.94998,0.30502844,0.7425827,0.41879016,0.32379252,orta-dusuk,Agaclik,predicted,0.2857,0.3077,ORTA
EGE_2021_03,EGE_2021_03_003833,36.81178,28.16456,1.0,1.0,0.73160756,7.9673753,245.95192,0.23365758,0.73523456,0.3021017,0.43313286,yuksek,Agaclik,predicted,0.3664,0.455,ORTA
EGE_2021_03,EGE_2021_03_003834,36.81175,28.16736,0.8843556,0.99649745,0.76603734,14.790955,219.77881,0.21890698,0.6583301,0.20791116,0.45041892,yuksek,Agaclik,predicted,0.3639,0.5119,YUKSEK
EGE_2021_03,EGE_2021_03_003835,36.81172,28.17017,1.0,0.94486713,0.5441886,13.413387,160.59428,0.047823276,0.54355943,0.20399894,0.3395605,orta-yuksek,Agaclik,predicted,0.3336,0.4789,ORTA
EGE_2021_03,EGE_2021_03_003836,36.81169,28.17297,1.0,0.9768888,0.62851167,10.094409,118.236084,0.1718313,0.5853816,0.16819695,0.41718468,orta-yuksek,Agaclik,predicted,0.3776,0.4985,ORTA
EGE_2021_03,EGE_2021_03_003837,36.81167,28.17577,1.0,1.0,0.48468113,9.906144,119.42169,0.18026143,0.6844882,0.32311517,0.361373,orta-yuksek,Agaclik,predicted,0.2318,0.2792,ORTA
EGE_2021_03,EGE_2021_03_003838,36.81164,28.17857,1.0,1.0,0.35487688,9.272033,95.82135,0.0050400035,0.6124268,0.2931956,0.3192312,orta-dusuk,Agaclik,predicted,0.2841,0.3757,ORTA
EGE_2021_03,EGE_2021_03_003839,36.81161,28.18138,1.0,1.0,0.48610896,5.4968815,74.05367,0.18449387,0.6240938,0.23398036,0.3901134,orta-yuksek,Agaclik,predicted,0.2923,0.3305,ORTA
EGE_2021_03,EGE_2021_03_003840,36.81158,28.18418,1.0,1.0,0.5189693,13.596556,106.62716,0.23881787,0.72086114,0.26635033,0.4545108,orta-yuksek,Agaclik,predicted,0.3168,0.429,ORTA
EGE_2021_03,EGE_2021_03_003841,36.81155,28.18698,1.0,1.0,0.54823077,11.228614,151.37376,0.14884879,0.64121616,0.28101653,0.36019963,orta-yuksek,Agaclik,predicted,0.3271,0.4364,ORTA
EGE_2021_03,EGE_2021_03_003842,36.81153,28.18978,0.95175415,1.0,0.6348282,14.268846,98.459595,0.29597107,0.59534585,0.19486,0.40048587,orta-yuksek,Agaclik,predicted,0.3575,0.4872,ORTA
EGE_2021_03,EGE_2021_03_003843,36.8115,28.19258,0.9346872,1.0,0.4013985,8.769731,71.53403,0.52729666,0.64257395,0.28153685,0.3610371,orta-dusuk,Agaclik,predicted,0.278,0.2898,ORTA
EGE_2021_03,EGE_2021_03_003844,36.81147,28.19539,0.9401528,1.0,0.24691123,16.551485,131.57794,0.5158353,0.6207079,0.46274424,0.1579637,dusuk,Agaclik,low_severity,,0.0,DUSUK
EGE_2021_03,EGE_2021_03_003845,36.81144,28.19819,0.79397446,1.0,0.5158645,16.875954,190.71892,0.56140935,0.56243557,0.25734842,0.30508715,orta-yuksek,Agaclik,predicted,0.3344,0.4385,ORTA
EGE_2021_03,EGE_2021_03_003847,36.81139,28.20379,0.7115498,0.98824126,0.7865937,19.683002,237.65071,0.50465024,0.63887346,0.21417485,0.4246986,yuksek,Agaclik,predicted,0.3692,0.5221,YUKSEK
EGE_2021_03,EGE_2021_03_003848,36.81136,28.2066,0.7701217,0.81794184,0.67944336,19.082672,214.83131,0.31486684,0.5769105,0.22941712,0.34749338,yuksek,Agaclik,predicted,0.3543,0.5212,YUKSEK
EGE_2021_03,EGE_2021_03_003849,36.81133,28.2094,0.8080789,0.91944784,0.74053884,19.528725,186.52132,0.2619359,0.61265486,0.2173771,0.39527777,yuksek,Agaclik,predicted,0.3739,0.5615,YUKSEK
EGE_2021_03,EGE_2021_03_003850,36.8113,28.2122,0.7472507,0.6433412,0.71294844,11.096287,193.04474,0.212962,0.5512155,0.19276042,0.35845512,yuksek,Agaclik,predicted,0.3286,0.4286,ORTA
EGE_2021_03,EGE_2021_03_003851,36.81127,28.215,0.7903632,0.51250035,0.67859924,15.831388,177.12068,0.03257909,0.5188851,0.18376121,0.33512387,yuksek,Otlak/calilik,predicted,0.3284,0.494,ORTA
EGE_2021_03,EGE_2021_03_003852,36.81124,28.2178,0.92906094,0.9287065,0.71070886,19.67109,174.61366,0.08997776,0.59930986,0.20133804,0.3979718,yuksek,Agaclik,predicted,0.3939,0.6163,YUKSEK
EGE_2021_03,EGE_2021_03_003853,36.81121,28.22061,0.8723521,1.0,0.59991634,13.919968,160.2046,0.1091563,0.58717096,0.1802206,0.40695035,orta-yuksek,Agaclik,predicted,0.325,0.4619,ORTA
EGE_2021_03,EGE_2021_03_003854,36.81119,28.22341,0.8945187,1.0,0.42484224,10.1357765,180.70674,0.08124761,0.4957686,0.20543095,0.29033765,orta-dusuk,Agaclik,predicted,0.2561,0.331,ORTA
EGE_2021_03,EGE_2021_03_003855,36.81116,28.22621,0.83525926,1.0,0.5457774,21.701372,158.00252,0.10516123,0.5820015,0.19333205,0.38866946,orta-yuksek,Agaclik,predicted,0.3174,0.518,YUKSEK
EGE_2021_03,EGE_2021_03_003856,36.81113,28.22901,1.0,1.0,0.6962029,16.926239,73.76762,0.1737351,0.70233464,0.1800186,0.52231604,yuksek,Agaclik,predicted,0.4265,0.6295,YUKSEK
EGE_2021_03,EGE_2021_03_003857,36.8111,28.23182,0.60955745,0.6896365,0.66106725,18.527517,90.94693,0.16255414,0.60479414,0.1756661,0.42912805,yuksek,Agaclik,predicted,0.3307,0.5026,YUKSEK
EGE_2021_03,EGE_2021_03_003858,36.81107,28.23462,0.5686929,0.0951782,0.6066674,23.793072,121.2576,0.02318019,0.5226774,0.15015805,0.37251937,orta-yuksek,Otlak/calilik,predicted,0.2916,0.5091,YUKSEK
EGE_2021_03,EGE_2021_03_003859,36.81104,28.23742,0.79402685,0.63766176,0.20531826,19.48816,46.898922,0.096691966,0.47630385,0.32611808,0.15018576,dusuk,Agaclik,low_severity,,0.0,DUSUK
EGE_2021_03,EGE_2021_03_003924,36.80977,28.13931,0.8990326,0.97128373,0.2989142,13.526855,48.963585,0.073502876,0.5683692,0.30327624,0.26509297,orta-dusuk,Agaclik,predicted,0.2394,0.3364,ORTA
EGE_2021_03,EGE_2021_03_003925,36.80974,28.14211,0.82046354,1.0,0.3030601,15.258469,92.40812,0.14790562,0.61427426,0.3488523,0.26542196,orta-dusuk,Agaclik,predicted,0.2781,0.3984,ORTA
EGE_2021_03,EGE_2021_03_003926,36.80971,28.14491,0.84081995,1.0,0.53128207,18.37861,139.59096,0.15918264,0.5481057,0.22436355,0.32374215,orta-yuksek,Agaclik,predicted,0.308,0.468,ORTA
EGE_2021_03,EGE_2021_03_003927,36.80969,28.14771,0.6382325,1.0,0.675525,23.845125,214.34677,0.14394104,0.56132513,0.19685724,0.3644679,yuksek,Agaclik,predicted,0.3549,0.5868,YUKSEK
EGE_2021_03,EGE_2021_03_003929,36.80963,28.15332,0.6700164,0.0012228494,0.5816588,17.604223,307.72775,0.16380799,0.4519241,0.141437,0.3104871,orta-yuksek,Otlak/calilik,predicted,0.2938,0.4396,ORTA
EGE_2021_03,EGE_2021_03_003930,36.8096,28.15612,0.9900628,0.66167974,0.5102453,11.558688,244.29709,0.15183431,0.51899433,0.19627881,0.32271552,orta-yuksek,Agaclik,predicted,0.2676,0.3505,ORTA
EGE_2021_03,EGE_2021_03_003931,36.80958,28.15892,1.0,1.0,0.50633645,8.147709,217.31891,0.20227197,0.66612494,0.29885185,0.3672731,orta-yuksek,Agaclik,predicted,0.2956,0.3557,ORTA
EGE_2021_03,EGE_2021_03_003932,36.80955,28.16173,1.0,1.0,0.6846504,6.30839,215.44043,0.20301853,0.7609027,0.2695801,0.4913226,yuksek,Agaclik,predicted,0.368,0.4474,ORTA
EGE_2021_03,EGE_2021_03_003933,36.80952,28.16453,1.0,1.0,0.77844936,8.399229,242.7469,0.05263116,0.72120917,0.24224377,0.4789654,yuksek,Agaclik,predicted,0.3789,0.5024,YUKSEK
EGE_2021_03,EGE_2021_03_003934,36.8095,28.16733,1.0,1.0,0.90771013,13.997608,218.37103,0.20766191,0.6692543,0.1580345,0.5112198,yuksek,Agaclik,predicted,0.4365,0.6145,YUKSEK
EGE_2021_03,EGE_2021_03_003935,36.80947,28.17013,1.0,1.0,0.6329113,13.621977,162.51376,0.052306205,0.6273025,0.18927369,0.43802884,orta-yuksek,Agaclik,predicted,0.3965,0.5734,YUKSEK
EGE_2021_03,EGE_2021_03_003936,36.80944,28.17293,1.0,1.0,0.49460202,14.63862,159.74165,0.29554763,0.66995203,0.33069238,0.33925965,orta-yuksek,Agaclik,predicted,0.3518,0.482,ORTA
EGE_2021_03,EGE_2021_03_003937,36.80941,28.17574,1.0,1.0,0.3496205,14.509878,155.2268,0.25213498,0.65564406,0.34499317,0.3106509,orta-dusuk,Agaclik,predicted,0.2986,0.4079,ORTA
EGE_2021_03,EGE_2021_03_003938,36.80938,28.17854,1.0,1.0,0.68823516,14.923079,132.38141,0.12360861,0.6679462,0.25419247,0.41375375,yuksek,Agaclik,predicted,0.4008,0.5811,YUKSEK
EGE_2021_03,EGE_2021_03_003939,36.80936,28.18134,0.9989612,1.0,0.6158546,7.911152,83.87636,0.20070514,0.66609436,0.22135073,0.44474363,orta-yuksek,Agaclik,predicted,0.369,0.4629,ORTA
EGE_2021_03,EGE_2021_03_003940,36.80933,28.18414,0.9699381,1.0,0.44237304,13.814924,125.84744,0.052615505,0.63871944,0.28358176,0.35513768,orta-yuksek,Agaclik,predicted,0.2946,0.4237,ORTA
EGE_2021_03,EGE_2021_03_003941,36.8093,28.18694,0.94015163,0.7244369,0.64000016,13.495146,145.47922,0.3004234,0.5396322,0.18994501,0.3496872,orta-yuksek,Agaclik,predicted,0.3551,0.4764,ORTA
EGE_2021_03,EGE_2021_03_003942,36.80927,28.18975,1.0,1.0,0.6103729,10.364593,85.57148,0.2921957,0.57401764,0.2364649,0.33755273,orta-yuksek,Agaclik,predicted,0.3936,0.5078,YUKSEK
EGE_2021_03,EGE_2021_03_003943,36.80925,28.19255,1.0,1.0,0.2666847,7.1248546,82.30116,0.33935964,0.6923151,0.46273816,0.22957695,dusuk,Agaclik,low_severity,,0.0,DUSUK
EGE_2021_03,EGE_2021_03_003944,36.80922,28.19535,1.0,1.0,0.37785268,17.946665,138.36108,0.26649022,0.65446854,0.37503698,0.27943155,orta-dusuk,Agaclik,predicted,0.3333,0.487,ORTA
EGE_2021_03,EGE_2021_03_003945,36.80919,28.19815,0.980298,1.0,0.62414247,22.367485,224.58968,0.3465709,0.5735599,0.23069757,0.3428623,orta-yuksek,Agaclik,predicted,0.4193,0.6416,YUKSEK
EGE_2021_03,EGE_2021_03_003947,36.80913,28.20376,0.9472902,0.94702226,0.79312533,21.288095,325.67212,0.34462693,0.6412238,0.23567075,0.40555304,yuksek,Agaclik,predicted,0.4072,0.6146,YUKSEK
EGE_2021_03,EGE_2021_03_003948,36.8091,28.20656,0.5551584,0.73402286,0.69680345,21.039797,300.16327,0.18610471,0.55019665,0.19469585,0.35550082,yuksek,Agaclik,predicted,0.3505,0.5503,YUKSEK
EGE_2021_03,EGE_2021_03_003949,36.80908,28.20936,0.88158876,1.0,0.77007115,20.074348,272.8125,0.06406432,0.61330986,0.22119696,0.3921129,yuksek,Agaclik,predicted,0.3653,0.5809,YUKSEK
EGE_2021_03,EGE_2021_03_003950,36.80905,28.21216,0.99532604,0.9879621,0.8087871,15.905094,223.59952,0.3139642,0.62428,0.20224896,0.42203102,yuksek,Agaclik,predicted,0.3982,0.5592,YUKSEK
EGE_2021_03,EGE_2021_03_003951,36.80902,28.21497,0.99957037,1.0,0.85460234,16.674984,245.51688,0.21856508,0.66179276,0.19466048,0.46713227,yuksek,Agaclik,predicted,0.4164,0.6061,YUKSEK
EGE_2021_03,EGE_2021_03_003952,36.80899,28.21777,1.0,1.0,0.82762784,15.522902,263.18936,0.24186046,0.65728855,0.17801824,0.4792703,yuksek,Agaclik,predicted,0.4065,0.5783,YUKSEK
EGE_2021_03,EGE_2021_03_003953,36.80896,28.22057,0.96923995,1.0,0.80724645,15.815748,220.62085,0.19879359,0.6507901,0.19587316,0.45491695,yuksek,Agaclik,predicted,0.3899,0.5621,YUKSEK
EGE_2021_03,EGE_2021_03_003954,36.80893,28.22337,0.9740424,1.0,0.58233666,14.073058,183.69939,0.12450469,0.56595063,0.18567829,0.38027233,orta-yuksek,Agaclik,predicted,0.3543,0.5046,YUKSEK
EGE_2021_03,EGE_2021_03_003955,36.8089,28.22617,1.0,1.0,0.82214034,23.574326,105.20573,0.07353705,0.6664133,0.15703048,0.50938284,yuksek,Agaclik,predicted,0.4339,0.7115,YUKSEK
EGE_2021_03,EGE_2021_03_003956,36.80887,28.22898,1.0,1.0,0.8037371,8.585521,38.497627,0.19133918,0.76958215,0.19608048,0.5735017,yuksek,Agaclik,predicted,0.3989,0.5144,YUKSEK
EGE_2021_03,EGE_2021_03_003957,36.80885,28.23178,0.8947033,0.8758847,0.56865656,11.943226,38.38885,0.06351275,0.58005,0.21576673,0.36428326,orta-yuksek,Agaclik,predicted,0.3169,0.4393,ORTA
EGE_2021_03,EGE_2021_03_003958,36.80882,28.23458,0.90916836,0.3601306,0.32814053,16.399084,31.200392,0.048248027,0.38829556,0.24275732,0.14553824,orta-dusuk,Otlak/calilik,low_severity,,0.0,DUSUK
EGE_2021_03,EGE_2021_03_004022,36.80757,28.13367,0.55830336,0.123361334,0.19084859,4.69569,12.966351,0.25800198,0.28386116,0.1995125,0.08434866,dusuk,Yerlesim,low_severity,,0.0,DUSUK
EGE_2021_03,EGE_2021_03_004024,36.80751,28.13927,0.9104452,0.9525117,0.16725403,7.792515,31.957508,0.09288234,0.5390444,0.333762,0.20528239,dusuk,Agaclik,low_severity,,0.0,DUSUK
EGE_2021_03,EGE_2021_03_004025,36.80749,28.14208,1.0,1.0,0.43276215,12.316578,62.442997,0.117345855,0.66109455,0.32636672,0.33472782,orta-dusuk,Agaclik,predicted,0.3053,0.4178,ORTA
EGE_2021_03,EGE_2021_03_004026,36.80746,28.14488,0.9036083,1.0,0.52476275,23.886278,132.8442,0.1394385,0.6133416,0.32256508,0.29077655,orta-yuksek,Agaclik,predicted,0.3305,0.5515,YUKSEK
EGE_2021_03,EGE_2021_03_004028,36.80741,28.15048,0.22379926,0.16759074,0.56910753,23.661774,275.3264,0.20974281,0.47268438,0.16642706,0.3062573,orta-yuksek,Otlak/calilik,predicted,0.2906,0.4806,ORTA
EGE_2021_03,EGE_2021_03_004029,36.80738,28.15328,0.90979767,0.2426021,0.60201114,19.135893,238.14493,0.18423933,0.51867217,0.15775779,0.36091438,orta-yuksek,Otlak/calilik,predicted,0.3489,0.5318,YUKSEK
EGE_2021_03,EGE_2021_03_004030,36.80735,28.15609,1.0,1.0,0.5308044,13.471917,228.71422,0.052428357,0.6769408,0.2872712,0.3896696,orta-yuksek,Agaclik,predicted,0.3601,0.5181,YUKSEK
EGE_2021_03,EGE_2021_03_004031,36.80732,28.15889,1.0,1.0,0.8441694,14.017632,225.34805,0.072876826,0.7309791,0.17778075,0.55319834,yuksek,Agaclik,predicted,0.4155,0.6022,YUKSEK
EGE_2021_03,EGE_2021_03_004032,36.8073,28.16169,1.0,1.0,0.8149653,8.814217,210.01814,0.18735053,0.7621108,0.22025695,0.5418539,yuksek,Agaclik,predicted,0.3997,0.5181,YUKSEK
EGE_2021_03,EGE_2021_03_004033,36.80727,28.16449,1.0,1.0,0.7633096,9.809602,206.74435,0.26763684,0.7048279,0.2221006,0.4827273,yuksek,Agaclik,predicted,0.3928,0.5053,YUKSEK
EGE_2021_03,EGE_2021_03_004034,36.80724,28.1673,1.0,1.0,0.715181,9.050587,200.60712,0.33334112,0.61014956,0.1906381,0.41951147,yuksek,Agaclik,predicted,0.4203,0.5305,YUKSEK
EGE_2021_03,EGE_2021_03_004035,36.80721,28.1701,1.0,1.0,0.33885905,17.088205,203.1178,0.28142676,0.73171234,0.42040548,0.31130686,orta-dusuk,Agaclik,predicted,0.3677,0.5286,YUKSEK
EGE_2021_03,EGE_2021_03_004036,36.80719,28.1729,0.8577961,0.9290836,0.35536796,17.160683,238.02145,0.40473878,0.65409094,0.36695474,0.2871362,orta-dusuk,Agaclik,predicted,0.2863,0.3912,ORTA
EGE_2021_03,EGE_2021_03_004037,36.80716,28.1757,0.64746684,0.5539246,0.49441788,17.276802,206.63696,0.25675434,0.578212,0.2674812,0.31073081,orta-yuksek,Agaclik,predicted,0.2664,0.3832,ORTA
EGE_2021_03,EGE_2021_03_004038,36.80713,28.1785,1.0,1.0,0.63972867,16.124142,136.85587,0.13277741,0.6421952,0.19939795,0.44279727,orta-yuksek,Agaclik,predicted,0.4077,0.6004,YUKSEK
EGE_2021_03,EGE_2021_03_004039,36.8071,28.18131,1.0,1.0,0.5168601,6.631749,90.32654,0.3071431,0.6136985,0.24505177,0.3686467,orta-yuksek,Agaclik,predicted,0.2857,0.3135,ORTA
EGE_2021_03,EGE_2021_03_004040,36.80708,28.18411,0.83371764,0.6167254,0.5090841,15.129524,125.949814,0.27111402,0.5578004,0.24269968,0.31510073,orta-yuksek,Agaclik,predicted,0.2822,0.3863,ORTA
EGE_2021_03,EGE_2021_03_004041,36.80705,28.18691,0.7262306,0.2913431,0.6540954,11.964582,159.35185,0.2430114,0.50018895,0.16882563,0.33136332,orta-yuksek,Otlak/calilik,predicted,0.316,0.4132,ORTA
EGE_2021_03,EGE_2021_03_004042,36.80702,28.18971,0.7636076,0.9055302,0.5958207,14.618386,125.8176,0.043329876,0.5172607,0.19832548,0.3189352,orta-yuksek,Agaclik,predicted,0.3008,0.4411,ORTA
EGE_2021_03,EGE_2021_03_004043,36.80699,28.19251,0.9129278,0.9805677,0.30312502,7.551763,89.19912,0.1155376,0.6491232,0.39414915,0.25497404,orta-dusuk,Agaclik,predicted,0.2353,0.2731,ORTA
EGE_2021_03,EGE_2021_03_004044,36.80696,28.19532,0.5310395,0.7600676,0.27690828,18.147102,143.90434,0.030789694,0.50778294,0.29839125,0.20939168,orta-dusuk,Agaclik,predicted,0.2444,0.3894,ORTA
EGE_2021_03,EGE_2021_03_004045,36.80694,28.19812,0.06282588,0.13765502,0.23338403,23.007328,224.68614,0.22370152,0.36092702,0.2126269,0.14830011,dusuk,Otlak/calilik,low_severity,,0.0,DUSUK
EGE_2021_03,EGE_2021_03_004046,36.80691,28.20092,0.15421382,0.15379214,0.2644341,24.684252,336.27496,0.4643261,0.37481612,0.1988369,0.17597923,dusuk,Otlak/calilik,low_severity,,0.0,DUSUK
EGE_2021_03,EGE_2021_03_004047,36.80688,28.20372,0.3417977,0.29068726,0.29986817,13.367981,389.47528,0.21483944,0.3838673,0.221057,0.1628103,orta-dusuk,Otlak/calilik,low_severity,,0.0,DUSUK
EGE_2021_03,EGE_2021_03_004048,36.80685,28.20652,0.5022111,0.45568478,0.61342543,14.097305,374.11887,0.041391388,0.5190848,0.19038126,0.32870355,orta-yuksek,Agaclik,predicted,0.3234,0.4705,ORTA
EGE_2021_03,EGE_2021_03_004049,36.80682,28.20933,0.8096417,0.93307227,0.6896306,17.105736,338.6698,0.2541615,0.5487376,0.17773384,0.37100375,yuksek,Agaclik,predicted,0.3449,0.4987,ORTA
EGE_2021_03,EGE_2021_03_004050,36.80679,28.21213,0.6265488,0.7899252,0.68146986,16.539106,291.6106,0.37139708,0.5341829,0.16718975,0.36699316,yuksek,Agaclik,predicted,0.3272,0.4513,ORTA
EGE_2021_03,EGE_2021_03_004051,36.80677,28.21493,1.0,1.0,0.7790749,14.118361,276.796,0.14194715,0.64055043,0.18201661,0.45853382,yuksek,Agaclik,predicted,0.3874,0.5517,YUKSEK
EGE_2021_03,EGE_2021_03_004052,36.80674,28.21773,0.9401479,1.0,0.7625362,24.924917,222.09456,0.16541527,0.6102557,0.1517275,0.45852822,yuksek,Agaclik,predicted,0.3975,0.6563,YUKSEK
EGE_2021_03,EGE_2021_03_004053,36.80671,28.22053,1.0,1.0,0.79279584,21.259176,191.3561,0.09388302,0.6301999,0.16134286,0.46885705,yuksek,Agaclik,predicted,0.4195,0.6674,YUKSEK
EGE_2021_03,EGE_2021_03_004054,36.80668,28.22334,0.9202723,1.0,0.7831837,22.193726,139.70346,0.09870564,0.5938406,0.16485843,0.42898217,yuksek,Agaclik,predicted,0.373,0.6057,YUKSEK
EGE_2021_03,EGE_2021_03_004055,36.80665,28.22614,1.0,1.0,0.80897284,17.566559,57.40638,0.18979608,0.6768681,0.15271088,0.52415717,yuksek,Agaclik,predicted,0.4482,0.665,YUKSEK
EGE_2021_03,EGE_2021_03_004056,36.80662,28.22894,0.6540378,0.46864668,0.35069978,6.418796,15.787627,0.055694405,0.4893432,0.29454476,0.19479844,orta-dusuk,Agaclik,low_severity,,0.0,DUSUK
EGE_2021_03,EGE_2021_03_004122,36.80531,28.13364,1.0,0.6922617,0.43882436,5.592604,31.890503,0.070891894,0.44266158,0.19771208,0.2449495,orta-dusuk,Otlak/calilik,predicted,0.257,0.2947,ORTA
EGE_2021_03,EGE_2021_03_004123,36.80529,28.13644,0.86508757,0.87478477,0.36219296,6.834469,25.703844,0.007866295,0.4930871,0.20297956,0.29010755,orta-dusuk,Agaclik,predicted,0.2186,0.2571,ORTA
EGE_2021_03,EGE_2021_03_004124,36.80526,28.13924,1.0,0.98203933,0.38841665,14.373115,55.620026,0.025222497,0.70738226,0.3590642,0.34831807,orta-dusuk,Agaclik,predicted,0.2698,0.3955,ORTA
EGE_2021_03,EGE_2021_03_004125,36.80523,28.14204,0.9727151,1.0,0.52811354,13.566726,104.376526,0.08908226,0.62694275,0.24005677,0.386886,orta-yuksek,Agaclik,predicted,0.3526,0.5027,YUKSEK
EGE_2021_03,EGE_2021_03_004126,36.80521,28.14484,0.6711291,1.0,0.49467856,18.31416,165.99979,0.19882372,0.5442401,0.24804723,0.29619288,orta-yuksek,Agaclik,predicted,0.3152,0.4727,ORTA
EGE_2021_03,EGE_2021_03_004127,36.80518,28.14765,0.5187447,0.45932308,0.5369341,17.897867,218.11964,0.21609196,0.5180379,0.1997887,0.31824923,orta-yuksek,Agaclik,predicted,0.266,0.3936,ORTA
EGE_2021_03,EGE_2021_03_004128,36.80515,28.15045,0.4080449,0.278939,0.54701996,21.821426,161.6928,0.25880495,0.43040007,0.13645667,0.2939434,orta-yuksek,Otlak/calilik,predicted,0.2683,0.4248,ORTA
EGE_2021_03,EGE_2021_03_004129,36.80513,28.15325,0.88247824,0.7248968,0.4692775,17.236038,164.11366,0.01982832,0.5656043,0.24569035,0.31991398,orta-yuksek,Agaclik,predicted,0.3022,0.469,ORTA
EGE_2021_03,EGE_2021_03_004130,36.8051,28.15605,1.0,1.0,0.702804,18.991718,160.84172,0.070578575,0.71512324,0.24530593,0.4698173,yuksek,Agaclik,predicted,0.3933,0.6123,YUKSEK
EGE_2021_03,EGE_2021_03_004131,36.80507,28.15886,1.0,1.0,0.72589886,21.240406,147.28134,0.1976522,0.673843,0.19769016,0.47615287,yuksek,Agaclik,predicted,0.4193,0.6526,YUKSEK
EGE_2021_03,EGE_2021_03_004132,36.80504,28.16166,1.0,1.0,0.7335768,13.964749,158.60887,0.088227265,0.69797325,0.22127458,0.47669867,yuksek,Agaclik,predicted,0.4061,0.5856,YUKSEK
EGE_2021_03,EGE_2021_03_004133,36.80502,28.16446,1.0,1.0,0.69176316,10.971933,176.34602,0.022871753,0.6846246,0.23994938,0.44467524,yuksek,Agaclik,predicted,0.3713,0.5173,YUKSEK
EGE_2021_03,EGE_2021_03_004134,36.80499,28.16726,1.0,1.0,0.51335865,14.900156,231.31305,0.083657786,0.68635094,0.33612654,0.3502244,orta-yuksek,Agaclik,predicted,0.373,0.5452,YUKSEK
EGE_2021_03,EGE_2021_03_004135,36.80496,28.17006,0.9022176,0.8921797,0.28411588,14.822084,272.661,0.25553924,0.6668581,0.38628286,0.28057522,orta-dusuk,Agaclik,predicted,0.2886,0.3953,ORTA
EGE_2021_03,EGE_2021_03_004136,36.80493,28.17287,0.7437063,0.12802699,0.5694489,17.328959,248.05608,0.3359115,0.5409473,0.22635461,0.31459272,orta-yuksek,Otlak/calilik,predicted,0.3017,0.4251,ORTA
EGE_2021_03,EGE_2021_03_004137,36.80491,28.17567,0.87425816,0.6989518,0.6890453,16.85222,173.57109,0.43962887,0.5532627,0.16936967,0.38389304,yuksek,Agaclik,predicted,0.345,0.4709,ORTA
EGE_2021_03,EGE_2021_03_004138,36.80488,28.17847,0.85513854,0.7791826,0.477318,13.775535,142.00482,0.38076317,0.53816205,0.21676247,0.32139957,orta-yuksek,Agaclik,predicted,0.2923,0.3744,ORTA
EGE_2021_03,EGE_2021_03_004139,36.80485,28.18127,0.99271774,0.7047574,0.3644702,9.2858925,109.413536,0.47083718,0.5635276,0.2793246,0.284203,orta-dusuk,Agaclik,predicted,0.2584,0.273,ORTA
EGE_2021_03,EGE_2021_03_004140,36.80482,28.18407,0.7034034,0.488603,0.5917494,16.963604,141.73839,0.3086088,0.5512787,0.24017507,0.31110364,orta-yuksek,Agaclik,predicted,0.2978,0.42,ORTA
EGE_2021_03,EGE_2021_03_004141,36.80479,28.18688,0.7511425,0.111229345,0.62660444,13.600915,197.26442,0.18334334,0.5018131,0.20541078,0.29640234,orta-yuksek,Otlak/calilik,predicted,0.3104,0.4272,ORTA
EGE_2021_03,EGE_2021_03_004142,36.80477,28.18968,0.3131614,0.29821196,0.5503386,19.085243,128.65709,0.20827055,0.4621805,0.18152377,0.28065673,orta-yuksek,Otlak/calilik,predicted,0.2625,0.3997,ORTA
EGE_2021_03,EGE_2021_03_004143,36.80474,28.19248,0.8557823,0.8682305,0.36626306,6.7960362,91.01814,0.09482465,0.5400368,0.27480358,0.26523322,orta-dusuk,Agaclik,predicted,0.2108,0.2331,DUSUK
EGE_2021_03,EGE_2021_03_004148,36.8046,28.20649,0.42850217,0.11974218,0.34065717,10.837133,403.9665,0.1377872,0.39117742,0.19344205,0.19773537,orta-dusuk,Otlak/calilik,low_severity,,0.0,DUSUK
EGE_2021_03,EGE_2021_03_004149,36.80457,28.20929,0.9248185,0.92818534,0.68587923,16.949997,353.6625,0.14313848,0.5411454,0.14187995,0.39926544,yuksek,Agaclik,predicted,0.374,0.556,YUKSEK
EGE_2021_03,EGE_2021_03_004150,36.80454,28.21209,0.63995785,0.54195714,0.57673347,24.956938,271.47913,0.23256196,0.486158,0.13964468,0.34651333,orta-yuksek,Agaclik,predicted,0.3159,0.5261,YUKSEK
EGE_2021_03,EGE_2021_03_004151,36.80451,28.2149,0.8465296,0.938795,0.78266346,26.033882,194.79355,0.09860008,0.6073843,0.16571178,0.44167256,yuksek,Agaclik,predicted,0.3655,0.6276,YUKSEK
EGE_2021_03,EGE_2021_03_004152,36.80448,28.2177,1.0,1.0,0.80474377,23.99492,127.30117,0.08915333,0.6675422,0.14734712,0.5201951,yuksek,Agaclik,predicted,0.4323,0.7106,YUKSEK
EGE_2021_03,EGE_2021_03_004153,36.80445,28.2205,1.0,1.0,0.74087167,19.274202,85.11704,0.14829455,0.6475355,0.15627751,0.491258,yuksek,Agaclik,predicted,0.4329,0.6627,YUKSEK
EGE_2021_03,EGE_2021_03_004154,36.80443,28.2233,0.9204424,0.98975456,0.70798093,20.110153,60.15925,0.054402776,0.60271215,0.13264,0.47007215,yuksek,Agaclik,predicted,0.381,0.6059,YUKSEK
EGE_2021_03,EGE_2021_03_004155,36.8044,28.2261,0.57561356,0.43068483,0.31406462,8.708299,17.429125,0.10927154,0.42610198,0.2600868,0.16601518,orta-dusuk,Yerlesim,low_severity,,0.0,DUSUK
EGE_2021_03,EGE_2021_03_004222,36.80306,28.1336,0.948748,0.6194141,0.42356902,7.526266,20.575102,0.11301516,0.55985874,0.28449845,0.2753603,orta-dusuk,Agaclik,predicted,0.2451,0.2878,ORTA
EGE_2021_03,EGE_2021_03_004223,36.80303,28.13641,1.0,1.0,0.68199193,11.911785,51.618305,0.090611614,0.6597568,0.23777843,0.42197835,yuksek,Agaclik,predicted,0.3902,0.5441,YUKSEK
EGE_2021_03,EGE_2021_03_004224,36.80301,28.13921,1.0,1.0,0.5130753,10.800809,87.79454,0.16271067,0.65984696,0.2760762,0.38377076,orta-yuksek,Agaclik,predicted,0.269,0.3445,ORTA
EGE_2021_03,EGE_2021_03_004225,36.80298,28.14201,1.0,1.0,0.6135831,10.630281,85.55118,0.0926893,0.6073942,0.1854432,0.42195103,orta-yuksek,Agaclik,predicted,0.3834,0.5227,YUKSEK
EGE_2021_03,EGE_2021_03_004226,36.80295,28.14481,1.0,1.0,0.45265833,19.457928,121.80988,0.051868994,0.63193303,0.27265832,0.35927472,orta-yuksek,Agaclik,predicted,0.3575,0.5657,YUKSEK
EGE_2021_03,EGE_2021_03_004227,36.80293,28.14761,0.8215334,0.8266159,0.42726132,23.372995,144.20486,0.2926725,0.51734495,0.24309558,0.27424937,orta-dusuk,Agaclik,predicted,0.2806,0.4517,ORTA
EGE_2021_03,EGE_2021_03_004228,36.8029,28.15042,0.94019926,0.46060935,0.28706893,17.761646,101.306145,0.21984558,0.4567445,0.28703988,0.16970462,orta-dusuk,Agaclik,low_severity,,0.0,DUSUK
EGE_2021_03,EGE_2021_03_004229,36.80287,28.15322,0.97525245,0.65181935,0.32541448,17.37802,84.90179,0.10193122,0.52780354,0.33505267,0.19275087,orta-dusuk,Agaclik,low_severity,,0.0,DUSUK
EGE_2021_03,EGE_2021_03_004230,36.80285,28.15602,0.9815532,1.0,0.68913364,14.513243,76.16245,0.08306554,0.6165534,0.17921379,0.43733963,yuksek,Agaclik,predicted,0.3967,0.5771,YUKSEK
EGE_2021_03,EGE_2021_03_004231,36.80282,28.15882,1.0,1.0,0.6552557,10.936377,88.76485,0.11196473,0.6576669,0.26429018,0.39337674,orta-yuksek,Agaclik,predicted,0.3745,0.5094,YUKSEK
EGE_2021_03,EGE_2021_03_004232,36.80279,28.16162,1.0,1.0,0.67226446,10.984222,128.284,0.13831286,0.6561661,0.27177233,0.38439375,yuksek,Agaclik,predicted,0.3646,0.4915,ORTA
EGE_2021_03,EGE_2021_03_004233,36.80276,28.16443,1.0,1.0,0.71051323,16.10806,174.00648,0.07026763,0.63233364,0.23436059,0.39797306,yuksek,Agaclik,predicted,0.3851,0.5754,YUKSEK
EGE_2021_03,EGE_2021_03_004234,36.80274,28.16723,0.9406946,0.9541219,0.4276318,18.434135,224.70996,0.16697592,0.56487644,0.24914435,0.3157321,orta-dusuk,Agaclik,predicted,0.3183,0.4827,ORTA
EGE_2021_03,EGE_2021_03_004235,36.80271,28.17003,0.62253726,0.2012833,0.42277116,13.716763,273.8999,0.1693082,0.53031707,0.22510166,0.30521542,orta-dusuk,Otlak/calilik,predicted,0.2354,0.3188,ORTA
EGE_2021_03,EGE_2021_03_004236,36.80268,28.17283,0.8055538,0.54506093,0.49902678,16.487457,244.49706,0.12033297,0.59656584,0.25336725,0.3431986,orta-yuksek,Agaclik,predicted,0.288,0.4275,ORTA
EGE_2021_03,EGE_2021_03_004237,36.80265,28.17563,0.9753,0.83172643,0.5671074,18.734236,216.09627,0.35397002,0.60540056,0.3011642,0.30423635,orta-yuksek,Agaclik,predicted,0.356,0.5153,YUKSEK
EGE_2021_03,EGE_2021_03_004238,36.80263,28.17843,0.64934677,0.48885822,0.5485065,17.394037,201.79945,0.59055513,0.47931075,0.18593532,0.29337543,orta-yuksek,Agaclik,predicted,0.2794,0.3572,ORTA
EGE_2021_03,EGE_2021_03_004239,36.8026,28.18124,0.73995847,0.5845556,0.53362924,12.741071,130.8244,0.50268924,0.5200187,0.19444497,0.32557374,orta-yuksek,Agaclik,predicted,0.2791,0.329,ORTA
EGE_2021_03,EGE_2021_03_004240,36.80257,28.18404,0.95450175,0.9047289,0.70442307,20.42438,166.63437,0.25704452,0.60689604,0.23458175,0.37231427,yuksek,Agaclik,predicted,0.3994,0.6077,YUKSEK
EGE_2021_03,EGE_2021_03_004241,36.80254,28.18684,0.6691649,0.5920117,0.6747955,16.548878,206.42433,0.06668801,0.55202454,0.19501959,0.35700494,yuksek,Agaclik,predicted,0.3292,0.4966,ORTA
EGE_2021_03,EGE_2021_03_004242,36.80251,28.18964,0.8682715,0.8157756,0.60795414,15.898856,119.65506,0.16396812,0.5345861,0.2166437,0.31794238,orta-yuksek,Agaclik,predicted,0.3367,0.4887,ORTA
EGE_2021_03,EGE_2021_03_004243,36.80249,28.19244,0.76058435,1.0,0.48999915,6.709596,101.995445,0.08687909,0.56636477,0.23884478,0.32751998,orta-yuksek,Agaclik,predicted,0.3068,0.376,ORTA
EGE_2021_03,EGE_2021_03_004244,36.80246,28.19525,0.65713567,0.80574137,0.38245672,14.740519,144.80527,0.011244835,0.4700374,0.22127846,0.24875894,orta-dusuk,Agaclik,predicted,0.2517,0.3737,ORTA
EGE_2021_03,EGE_2021_03_004245,36.80243,28.19805,0.32295117,0.38210952,0.30974424,17.782795,199.93257,0.06678247,0.40614313,0.22564444,0.18049869,orta-dusuk,Otlak/calilik,low_severity,,0.0,DUSUK
EGE_2021_03,EGE_2021_03_004246,36.8024,28.20085,0.530496,0.068510175,0.22198595,22.803293,289.71237,0.29476392,0.4059024,0.2785396,0.12736279,dusuk,Otlak/calilik,low_severity,,0.0,DUSUK
EGE_2021_03,EGE_2021_03_004247,36.80237,28.20365,0.61367637,0.014556252,0.2143886,17.537392,389.74478,0.102858126,0.40674305,0.30682027,0.099922776,dusuk,Otlak/calilik,low_severity,,0.0,DUSUK
EGE_2021_03,EGE_2021_03_004248,36.80234,28.20645,0.6130898,0.0613834,0.5372348,20.599726,381.55905,0.17409772,0.47845262,0.18197075,0.29648188,orta-yuksek,Otlak/calilik,predicted,0.2796,0.4429,ORTA
EGE_2021_03,EGE_2021_03_004249,36.80232,28.20926,0.7311162,0.26083624,0.7353476,26.981731,279.3012,0.15513082,0.57783186,0.15374114,0.42409074,yuksek,Otlak/calilik,predicted,0.3447,0.597,YUKSEK
EGE_2021_03,EGE_2021_03_004250,36.80229,28.21206,1.0,0.9900389,0.82923853,26.138628,192.88588,0.05605341,0.6572534,0.13988572,0.51736766,yuksek,Agaclik,predicted,0.429,0.7287,YUKSEK
EGE_2021_03,EGE_2021_03_004251,36.80226,28.21486,1.0,1.0,0.8799062,18.620216,112.79898,0.056941465,0.7313944,0.18017305,0.5512214,yuksek,Agaclik,predicted,0.4389,0.6787,YUKSEK
EGE_2021_03,EGE_2021_03_004252,36.80223,28.21766,0.979477,0.44746816,0.46720642,12.155758,61.94545,0.041429378,0.54287124,0.2080707,0.33480054,orta-yuksek,Agaclik,predicted,0.2846,0.3962,ORTA
EGE_2021_03,EGE_2021_03_004253,36.8022,28.22046,0.5649893,0.2778467,0.17124379,7.807605,33.962738,0.036062934,0.31370455,0.17730913,0.13639542,dusuk,Yerlesim,low_severity,,0.0,DUSUK
EGE_2021_03,EGE_2021_03_004322,36.80081,28.13357,0.8115758,0.66665876,0.25262895,10.068824,21.751322,0.14181441,0.48789585,0.33199564,0.15590021,dusuk,Agaclik,low_severity,,0.0,DUSUK
EGE_2021_03,EGE_2021_03_004323,36.80078,28.13637,0.94014794,0.9386166,0.6125467,13.392496,66.683075,0.1142775,0.57269704,0.24000119,0.33269584,orta-yuksek,Agaclik,predicted,0.3452,0.4867,ORTA
EGE_2021_03,EGE_2021_03_004324,36.80075,28.13917,1.0,0.89741784,0.47503585,13.779461,64.24622,0.07245072,0.55328935,0.26593494,0.2873544,orta-yuksek,Agaclik,predicted,0.2743,0.3905,ORTA
EGE_2021_03,EGE_2021_03_004325,36.80073,28.14198,1.0,0.76997787,0.41743195,7.5817986,47.126152,0.11418172,0.49397585,0.2301945,0.26378137,orta-dusuk,Agaclik,predicted,0.2674,0.3212,ORTA
EGE_2021_03,EGE_2021_03_004326,36.8007,28.14478,0.86223656,0.22712478,0.11659182,13.604123,45.57869,0.22195081,0.39479578,0.30366454,0.09113124,dusuk,Yerlesim,low_severity,,0.0,DUSUK
EGE_2021_03,EGE_2021_03_004330,36.80059,28.15599,0.560387,0.45991173,0.30994087,5.910151,52.258556,0.07146904,0.35501498,0.21747674,0.13753824,orta-dusuk,Agaclik,low_severity,,0.0,DUSUK
EGE_2021_03,EGE_2021_03_004331,36.80056,28.15879,0.9401465,0.65239483,0.40808132,7.7156606,69.43697,0.13143402,0.48571914,0.2417036,0.24401554,orta-dusuk,Agaclik,predicted,0.2373,0.2753,ORTA
EGE_2021_03,EGE_2021_03_004332,36.80054,28.16159,0.91368425,1.0,0.49393928,10.981751,93.39137,0.13270167,0.6040865,0.3012192,0.30286732,orta-yuksek,Agaclik,predicted,0.2894,0.3805,ORTA
EGE_2021_03,EGE_2021_03_004333,36.80051,28.16439,1.0,1.0,0.6437477,12.8154125,124.24571,0.19549693,0.66915727,0.28151244,0.38764483,orta-yuksek,Agaclik,predicted,0.4226,0.5854,YUKSEK
EGE_2021_03,EGE_2021_03_004334,36.80048,28.16719,0.89477324,0.5149965,0.549716,17.072943,159.73425,0.19366993,0.5300267,0.19025478,0.3397719,orta-yuksek,Agaclik,predicted,0.3202,0.4701,ORTA
EGE_2021_03,EGE_2021_03_004335,36.80046,28.16999,0.8245735,0.3404355,0.46290278,17.139904,223.34743,0.1718327,0.5155056,0.20754513,0.30796048,orta-yuksek,Otlak/calilik,predicted,0.2762,0.4084,ORTA
EGE_2021_03,EGE_2021_03_004336,36.80043,28.1728,0.8896341,0.8019105,0.45147756,11.661016,260.9752,0.096402265,0.5618307,0.24020255,0.32162815,orta-yuksek,Agaclik,predicted,0.2743,0.369,ORTA
EGE_2021_03,EGE_2021_03_004337,36.8004,28.1756,0.58254516,0.15622485,0.50750035,14.796878,264.39627,0.25310874,0.48781675,0.17838767,0.30942908,orta-yuksek,Otlak/calilik,predicted,0.2639,0.3587,ORTA
EGE_2021_03,EGE_2021_03_004338,36.80037,28.1784,0.7007803,0.3224111,0.5422562,18.825516,191.869,0.3913185,0.41668275,0.11910796,0.2975748,orta-yuksek,Otlak/calilik,predicted,0.2689,0.3816,ORTA
EGE_2021_03,EGE_2021_03_004339,36.80034,28.1812,0.8097067,0.37021023,0.5095896,13.122887,141.15242,0.45411476,0.5237076,0.2170774,0.30663022,orta-yuksek,Agaclik,predicted,0.2806,0.3412,ORTA
EGE_2021_03,EGE_2021_03_004340,36.80032,28.184,0.806843,0.13753042,0.5073616,25.236355,220.22935,0.2352798,0.47966307,0.19005781,0.28960526,orta-yuksek,Otlak/calilik,predicted,0.2888,0.4879,ORTA
EGE_2021_03,EGE_2021_03_004341,36.80029,28.18681,0.7573135,0.2685651,0.6371747,21.084217,255.12878,0.17173512,0.5810959,0.2086801,0.37241578,orta-yuksek,Otlak/calilik,predicted,0.3298,0.5219,YUKSEK
EGE_2021_03,EGE_2021_03_004342,36.80026,28.18961,0.37651595,0.29789653,0.50160253,19.996813,149.11516,0.290666,0.43952775,0.18565357,0.25387418,orta-yuksek,Otlak/calilik,predicted,0.2578,0.3891,ORTA
EGE_2021_03,EGE_2021_03_004343,36.80023,28.19241,0.7321235,0.62986916,0.45983776,9.502523,116.72639,0.2108879,0.5148823,0.21951436,0.29536796,orta-yuksek,Agaclik,predicted,0.2394,0.2827,ORTA
EGE_2021_03,EGE_2021_03_004344,36.8002,28.19521,0.4334179,0.6102309,0.566563,15.64773,172.73807,0.1322733,0.502252,0.18944025,0.31281173,orta-yuksek,Agaclik,predicted,0.2616,0.3794,ORTA
EGE_2021_03,EGE_2021_03_004345,36.80018,28.19801,0.4729541,0.7900804,0.675398,17.785622,236.853,0.12255603,0.5812964,0.2151037,0.3661927,yuksek,Agaclik,predicted,0.3352,0.5084,YUKSEK
EGE_2021_03,EGE_2021_03_004346,36.80015,28.20081,0.9165276,0.98397005,0.6200497,21.882364,305.09018,0.35013068,0.6084167,0.26653212,0.34188455,orta-yuksek,Agaclik,predicted,0.3752,0.5714,YUKSEK
EGE_2021_03,EGE_2021_03_004347,36.80012,28.20362,0.9616373,0.9239908,0.47812176,18.271572,397.30072,0.1421915,0.5824597,0.26052988,0.3219298,orta-yuksek,Agaclik,predicted,0.291,0.4442,ORTA
EGE_2021_03,EGE_2021_03_004348,36.80009,28.20642,0.7809565,0.72857356,0.7722747,25.717867,361.6252,0.12927882,0.61043954,0.16790374,0.44253582,yuksek,Agaclik,predicted,0.3586,0.6104,YUKSEK
EGE_2021_03,EGE_2021_03_004349,36.80006,28.20922,0.83652526,0.85410017,0.76869017,24.190557,255.5308,0.11984634,0.5953069,0.18546018,0.4098467,yuksek,Agaclik,predicted,0.3624,0.6042,YUKSEK
EGE_2021_03,EGE_2021_03_004350,36.80003,28.21202,0.81659824,0.8772332,0.82450527,21.111023,171.76837,0.16349941,0.66015327,0.16118197,0.49897128,yuksek,Agaclik,predicted,0.3685,0.5807,YUKSEK
EGE_2021_03,EGE_2021_03_004351,36.80001,28.21482,0.97516084,1.0,0.91621137,21.476423,142.06506,0.09172124,0.731062,0.2152384,0.5158236,yuksek,Agaclik,predicted,0.426,0.6792,YUKSEK
EGE_2021_03,EGE_2021_03_004352,36.79998,28.21763,0.94366366,0.98237824,0.6630479,17.889208,95.00266,0.06656075,0.6335194,0.2107019,0.42281753,yuksek,Agaclik,predicted,0.3829,0.5879,YUKSEK
EGE_2021_03,EGE_2021_03_004353,36.79995,28.22043,0.7987504,0.4555429,0.24933282,12.663644,40.947002,0.07421056,0.39501435,0.2428627,0.15215164,dusuk,Yerlesim,low_severity,,0.0,DUSUK
EGE_2021_03,EGE_2021_03_004423,36.79853,28.13634,0.8594714,0.37207872,0.1735169,7.652644,15.925878,0.1755118,0.43919435,0.37713546,0.062058896,dusuk,Yerlesim,low_severity,,0.0,DUSUK
EGE_2021_03,EGE_2021_03_004424,36.7985,28.13914,0.39795727,0.22479808,0.19689526,6.595625,18.126728,0.08595991,0.30394047,0.20972934,0.09421113,dusuk,Yerlesim,low_severity,,0.0,DUSUK
EGE_2021_03,EGE_2021_03_004425,36.79847,28.14194,0.7152996,0.008209929,0.20162538,5.685251,23.86249,0.048865125,0.3166011,0.23783296,0.078768134,dusuk,Yerlesim,low_severity,,0.0,DUSUK
EGE_2021_03,EGE_2021_03_004430,36.79834,28.15595,0.59834164,0.3760911,0.22294009,14.461165,66.16946,0.1798361,0.39799786,0.2897231,0.10827476,dusuk,Yerlesim,low_severity,,0.0,DUSUK
EGE_2021_03,EGE_2021_03_004431,36.79831,28.15875,0.9739108,0.8695433,0.42167056,16.109003,100.82029,0.12082681,0.54011655,0.27340636,0.2667102,orta-dusuk,Agaclik,predicted,0.2781,0.4095,ORTA
EGE_2021_03,EGE_2021_03_004432,36.79828,28.16156,0.96332383,1.0,0.4781423,15.26134,123.117516,0.05508115,0.6711172,0.3096996,0.3614176,orta-yuksek,Agaclik,predicted,0.3159,0.4674,ORTA
EGE_2021_03,EGE_2021_03_004433,36.79826,28.16436,1.0,1.0,0.3926747,17.196236,161.53966,0.047022294,0.75882185,0.3491968,0.40962505,orta-dusuk,Agaclik,predicted,0.3585,0.5484,YUKSEK
EGE_2021_03,EGE_2021_03_004434,36.79823,28.16716,1.0,0.99073476,0.3863253,15.734567,162.87248,0.033448298,0.6913959,0.36623055,0.32516533,orta-dusuk,Agaclik,predicted,0.3192,0.4794,ORTA
EGE_2021_03,EGE_2021_03_004435,36.7982,28.16996,0.8121505,0.89746165,0.5484835,17.33309,190.18593,0.13649671,0.6202711,0.2819429,0.33832818,orta-yuksek,Agaclik,predicted,0.3058,0.4589,ORTA
EGE_2021_03,EGE_2021_03_004436,36.79817,28.17276,0.8056298,0.6876759,0.53243697,14.170974,259.4969,0.17027138,0.490303,0.19131246,0.29899055,orta-yuksek,Agaclik,predicted,0.3011,0.4201,ORTA
EGE_2021_03,EGE_2021_03_004437,36.79815,28.17556,0.77224284,0.37748626,0.64680576,17.291159,210.74205,0.079448126,0.5071974,0.14294183,0.36425555,orta-yuksek,Otlak/calilik,predicted,0.3332,0.5072,YUKSEK
EGE_2021_03,EGE_2021_03_004438,36.79812,28.17837,0.5577431,0.23655292,0.47363883,12.092118,157.07559,0.16638593,0.4468974,0.1561031,0.29079428,orta-yuksek,Otlak/calilik,predicted,0.2336,0.3025,ORTA
EGE_2021_03,EGE_2021_03_004439,36.79809,28.18117,0.8522963,0.71602017,0.5728053,14.97221,158.01762,0.32015544,0.50157464,0.20124781,0.30032682,orta-yuksek,Agaclik,predicted,0.306,0.4134,ORTA
EGE_2021_03,EGE_2021_03_004440,36.79806,28.18397,0.4681144,0.03338922,0.53199494,21.63578,248.8598,0.20049185,0.4591158,0.16805266,0.29106313,orta-yuksek,Otlak/calilik,predicted,0.2524,0.4077,ORTA
EGE_2021_03,EGE_2021_03_004441,36.79804,28.18677,0.4610462,0.1841502,0.6009343,18.96822,267.69998,0.11972195,0.50043607,0.16379668,0.3366394,orta-yuksek,Otlak/calilik,predicted,0.2908,0.453,ORTA
EGE_2021_03,EGE_2021_03_004442,36.79801,28.18957,0.44719866,0.3373157,0.54343915,20.341684,164.82669,0.22052258,0.47363925,0.1801709,0.29346836,orta-yuksek,Otlak/calilik,predicted,0.2609,0.4064,ORTA
EGE_2021_03,EGE_2021_03_004443,36.79798,28.19237,0.79966706,0.65394247,0.5126489,12.12873,129.3027,0.030375645,0.52462,0.20842826,0.31619173,orta-yuksek,Agaclik,predicted,0.2871,0.4012,ORTA
EGE_2021_03,EGE_2021_03_004444,36.79795,28.19518,0.80248433,0.85592216,0.565411,17.787642,177.89949,0.26011834,0.5353805,0.22429785,0.31108263,orta-yuksek,Agaclik,predicted,0.3187,0.4648,ORTA
EGE_2021_03,EGE_2021_03_004445,36.79792,28.19798,0.6993728,0.99179006,0.6599799,21.357075,242.39787,0.25531414,0.54358095,0.19978824,0.3437927,orta-yuksek,Agaclik,predicted,0.3455,0.536,YUKSEK
EGE_2021_03,EGE_2021_03_004446,36.79789,28.20078,0.6835343,1.0,0.50392896,24.816803,342.59387,0.24680361,0.64833724,0.34443885,0.3038984,orta-yuksek,Agaclik,predicted,0.3037,0.5048,YUKSEK
EGE_2021_03,EGE_2021_03_004447,36.79787,28.20358,0.97664684,1.0,0.46756348,16.276821,442.5448,0.13197747,0.6444499,0.29794985,0.34650004,orta-yuksek,Agaclik,predicted,0.3294,0.4855,ORTA
EGE_2021_03,EGE_2021_03_004448,36.79784,28.20638,0.8301386,1.0,0.8607486,23.298414,411.08273,0.04381555,0.69187677,0.16577259,0.5261042,yuksek,Agaclik,predicted,0.3735,0.6236,YUKSEK
EGE_2021_03,EGE_2021_03_004449,36.79781,28.20918,0.83686715,1.0,0.8715921,24.874462,311.06378,0.06602631,0.6914462,0.18330115,0.50814503,yuksek,Agaclik,predicted,0.3801,0.6438,YUKSEK
EGE_2021_03,EGE_2021_03_004451,36.79775,28.21479,0.5411569,0.50480336,0.8194275,21.896238,223.31525,0.18547834,0.61787164,0.15726328,0.46060836,yuksek,Otlak/calilik,predicted,0.3942,0.6226,YUKSEK
EGE_2021_03,EGE_2021_03_004452,36.79772,28.21759,0.38552046,0.15118001,0.72511077,21.025112,136.46748,0.16458118,0.52995175,0.14642471,0.38352704,yuksek,Otlak/calilik,predicted,0.3502,0.5527,YUKSEK
EGE_2021_03,EGE_2021_03_004453,36.7977,28.22039,0.7698808,0.5500505,0.31915942,16.81536,47.861725,0.06879732,0.4717157,0.2548333,0.21688238,orta-dusuk,Yerlesim,predicted,0.2424,0.3697,ORTA
EGE_2021_03,EGE_2021_03_004459,36.79752,28.2372,0.98579097,0.99179006,0.15239418,25.839495,73.92164,0.23102106,0.69699895,0.5344235,0.16257548,dusuk,Agaclik,low_severity,,0.0,DUSUK
EGE_2021_03,EGE_2021_03_004460,36.79749,28.24,1.0,0.9980746,0.17340928,24.179369,114.42608,0.31187254,0.7479429,0.6319794,0.11596352,dusuk,Agaclik,low_severity,,0.0,DUSUK
EGE_2021_03,EGE_2021_03_004461,36.79746,28.24281,0.9945765,0.9620625,0.5105505,26.519472,141.99472,0.26756477,0.6763259,0.36954442,0.3067815,orta-yuksek,Agaclik,predicted,0.3219,0.5436,YUKSEK
EGE_2021_03,EGE_2021_03_004462,36.79743,28.24561,0.7477166,0.6410843,0.24073023,27.253302,69.37707,0.19449463,0.50942945,0.34233338,0.16709608,dusuk,Agaclik,low_severity,,0.0,DUSUK
EGE_2021_03,EGE_2021_03_004522,36.7963,28.1335,0.5575739,0.43288684,0.14356688,10.85108,20.402323,0.14838183,0.45882773,0.37347317,0.08535457,dusuk,Yerlesim,low_severity,,0.0,DUSUK
EGE_2021_03,EGE_2021_03_004523,36.79627,28.13631,0.8207299,0.63434154,0.3991093,11.130299,29.70704,0.24436705,0.5337558,0.34879887,0.18495691,orta-dusuk,Yerlesim,low_severity,,0.0,DUSUK
EGE_2021_03,EGE_2021_03_004524,36.79625,28.13911,0.85440135,0.27668378,0.4378527,5.9955964,25.126137,0.13228434,0.448429,0.2507521,0.1976769,orta-dusuk,Yerlesim,low_severity,,0.0,DUSUK
EGE_2021_03,EGE_2021_03_004525,36.79622,28.14191,0.026132846,0.0,0.11888302,1.9581501,13.398628,0.044501692,0.26298502,0.24084115,0.02214387,dusuk,Yerlesim,low_severity,,0.0,DUSUK
EGE_2021_03,EGE_2021_03_004530,36.79609,28.15592,1.0,0.99502367,0.38730213,12.485578,106.20207,0.13757636,0.6201556,0.37573665,0.24441892,orta-dusuk,Agaclik,predicted,0.2565,0.3439,ORTA
EGE_2021_03,EGE_2021_03_004531,36.79606,28.15872,0.86230177,0.870146,0.5583968,9.083466,137.93748,0.09256986,0.56733125,0.19025853,0.37707272,orta-yuksek,Agaclik,predicted,0.2992,0.3844,ORTA
EGE_2021_03,EGE_2021_03_004532,36.79603,28.16152,0.83623356,0.9466356,0.4146764,14.847261,165.85274,0.18828262,0.5403811,0.24886812,0.29151297,orta-dusuk,Agaclik,predicted,0.2535,0.3527,ORTA
EGE_2021_03,EGE_2021_03_004533,36.796,28.16432,1.0,1.0,0.2426433,17.361008,232.81432,0.2361745,0.66567636,0.41483718,0.25083917,dusuk,Agaclik,low_severity,,0.0,DUSUK
EGE_2021_03,EGE_2021_03_004534,36.79598,28.16712,1.0,1.0,0.25133333,17.51648,248.70961,0.2110116,0.79639065,0.54274285,0.2536478,dusuk,Agaclik,low_severity,,0.0,DUSUK
EGE_2021_03,EGE_2021_03_004535,36.79595,28.16993,0.95310366,0.9967168,0.18468896,18.994696,222.97935,0.30040672,0.749848,0.59056973,0.15927827,dusuk,Agaclik,low_severity,,0.0,DUSUK
EGE_2021_03,EGE_2021_03_004536,36.79592,28.17273,0.8495027,0.99824643,0.3979519,12.254354,238.39983,0.07299769,0.44612724,0.2249161,0.22121114,orta-dusuk,Agaclik,predicted,0.2278,0.3083,ORTA
EGE_2021_03,EGE_2021_03_004537,36.79589,28.17553,0.72305244,0.9990004,0.32951927,13.912077,204.5085,0.04166098,0.28095675,0.07807423,0.20288251,orta-dusuk,Agaclik,predicted,0.2661,0.3838,ORTA
EGE_2021_03,EGE_2021_03_004538,36.79587,28.17833,1.0,0.99596286,0.5275795,10.759109,166.01303,0.07751101,0.59081244,0.20289564,0.3879168,orta-yuksek,Agaclik,predicted,0.3046,0.4089,ORTA
EGE_2021_03,EGE_2021_03_004539,36.79584,28.18113,0.56239116,0.35446715,0.4713702,18.631336,201.12302,0.18656601,0.42165345,0.14998373,0.27166972,orta-yuksek,Otlak/calilik,predicted,0.2453,0.3733,ORTA
EGE_2021_03,EGE_2021_03_004540,36.79581,28.18393,0.5729912,0.24462429,0.50746214,18.139545,287.65234,0.38734657,0.45662004,0.16428508,0.29233497,orta-yuksek,Otlak/calilik,predicted,0.2686,0.3758,ORTA
EGE_2021_03,EGE_2021_03_004541,36.79578,28.18674,0.5942401,0.6231608,0.53115314,20.346268,259.9779,0.2826816,0.48326102,0.2082374,0.27502364,orta-yuksek,Otlak/calilik,predicted,0.2782,0.4235,ORTA
EGE_2021_03,EGE_2021_03_004542,36.79575,28.18954,0.9369173,0.906957,0.6355658,19.632412,174.20047,0.3384863,0.55727744,0.19779831,0.35947913,orta-yuksek,Agaclik,predicted,0.375,0.5534,YUKSEK
EGE_2021_03,EGE_2021_03_004543,36.79573,28.19234,0.8440584,0.52522504,0.5793127,16.15823,146.20023,0.25858358,0.53885484,0.2077554,0.33109945,orta-yuksek,Agaclik,predicted,0.3086,0.436,ORTA
EGE_2021_03,EGE_2021_03_004544,36.7957,28.19514,0.41682628,0.38809136,0.6276784,22.836765,242.93666,0.37968135,0.5113779,0.19533804,0.31603983,orta-yuksek,Agaclik,predicted,0.3168,0.4888,ORTA
EGE_2021_03,EGE_2021_03_004545,36.79567,28.19794,0.87697643,0.86236507,0.5545816,22.040766,314.5329,0.28472415,0.65173936,0.34954834,0.30219102,orta-yuksek,Agaclik,predicted,0.3317,0.5172,YUKSEK
EGE_2021_03,EGE_2021_03_004546,36.79564,28.20074,0.96484303,0.9506444,0.41334286,18.661068,395.04712,0.12236541,0.6918801,0.3887166,0.3031635,orta-dusuk,Agaclik,predicted,0.3044,0.4702,ORTA
EGE_2021_03,EGE_2021_03_004547,36.79561,28.20355,0.41775668,0.40388662,0.4843826,24.426899,409.22208,0.078395896,0.5365428,0.23050284,0.30603993,orta-yuksek,Agaclik,predicted,0.2937,0.51,YUKSEK
EGE_2021_03,EGE_2021_03_004548,36.79558,28.20635,0.6838876,0.49303082,0.7076847,21.845953,378.3573,0.18016085,0.56897706,0.1494168,0.41956025,yuksek,Agaclik,predicted,0.3621,0.5752,YUKSEK
EGE_2021_03,EGE_2021_03_004549,36.79556,28.20915,0.9133799,0.87538785,0.8916175,19.448357,351.54068,0.27222,0.69542587,0.16889459,0.5265313,yuksek,Agaclik,predicted,0.4124,0.6166,YUKSEK
EGE_2021_03,EGE_2021_03_004550,36.79553,28.21195,0.47838122,0.32191396,0.7995868,26.315866,245.50423,0.24479511,0.62675285,0.14534812,0.48140472,yuksek,Agaclik,predicted,0.411,0.6773,YUKSEK
EGE_2021_03,EGE_2021_03_004551,36.7955,28.21475,0.7432598,0.55370295,0.78985703,25.093128,164.09879,0.09632785,0.6137626,0.14426921,0.4694934,yuksek,Otlak/calilik,predicted,0.3583,0.6091,YUKSEK
EGE_2021_03,EGE_2021_03_004552,36.79547,28.21755,0.74995285,0.43569687,0.6895901,19.914612,85.86049,0.077222824,0.55928695,0.16740772,0.39187923,yuksek,Otlak/calilik,predicted,0.3498,0.5547,YUKSEK
EGE_2021_03,EGE_2021_03_004558,36.7953,28.23436,1.0,1.0,0.17795858,25.939861,107.894775,0.27883026,0.7615855,0.6315815,0.13000399,dusuk,Agaclik,low_severity,,0.0,DUSUK
EGE_2021_03,EGE_2021_03_004560,36.79524,28.23997,1.0,1.0,0.25526935,29.066307,255.15324,0.5315644,0.81612456,0.49894112,0.31718343,dusuk,Agaclik,low_severity,,0.0,DUSUK
EGE_2021_03,EGE_2021_03_004561,36.79521,28.24277,0.88027483,1.0,0.45333013,29.32921,256.8188,0.44104192,0.7218987,0.36729497,0.3546037,orta-yuksek,Agaclik,predicted,0.3587,0.5982,YUKSEK
EGE_2021_03,EGE_2021_03_004562,36.79518,28.24557,0.9401372,0.9654857,0.34135592,30.990715,115.58259,0.22194426,0.61199677,0.30260745,0.30938932,orta-dusuk,Agaclik,predicted,0.3484,0.6277,YUKSEK
EGE_2021_03,EGE_2021_03_004622,36.79405,28.13347,0.9812504,0.87134856,0.48423082,10.671636,30.564228,0.10297303,0.6250832,0.35861075,0.26647246,orta-yuksek,Agaclik,predicted,0.298,0.3948,ORTA
EGE_2021_03,EGE_2021_03_004623,36.79402,28.13627,0.94010174,0.7646496,0.44760984,11.139879,30.604595,0.18561058,0.546384,0.28925586,0.25712812,orta-yuksek,Agaclik,predicted,0.2815,0.3628,ORTA
EGE_2021_03,EGE_2021_03_004624,36.79399,28.13907,0.5601133,0.03162666,0.12287551,2.1809897,13.727343,0.066974565,0.3699394,0.35223886,0.017700523,dusuk,Yerlesim,low_severity,,0.0,DUSUK
EGE_2021_03,EGE_2021_03_004627,36.79391,28.14748,1.0,0.92773575,0.2971072,19.884111,88.792206,0.09438633,0.7057976,0.38874716,0.31705046,orta-dusuk,Agaclik,predicted,0.2749,0.4408,ORTA
EGE_2021_03,EGE_2021_03_004628,36.79389,28.15028,0.979239,0.8134667,0.24457912,17.466986,87.82943,0.018223135,0.662409,0.42192554,0.24048346,dusuk,Agaclik,low_severity,,0.0,DUSUK
EGE_2021_03,EGE_2021_03_004629,36.79386,28.15308,0.98442256,0.7493306,0.17832276,18.867445,94.847275,0.010515077,0.63536096,0.47197354,0.16338742,dusuk,Agaclik,low_severity,,0.0,DUSUK
EGE_2021_03,EGE_2021_03_004630,36.79383,28.15588,1.0,1.0,0.4561091,15.544492,109.92456,0.014787825,0.7544104,0.37044755,0.38396284,orta-yuksek,Agaclik,predicted,0.3547,0.5331,YUKSEK
EGE_2021_03,EGE_2021_03_004631,36.79381,28.15869,1.0,0.99989074,0.88306135,12.011052,122.38435,0.045217253,0.71755815,0.2150355,0.50252265,yuksek,Agaclik,predicted,0.4303,0.6108,YUKSEK
EGE_2021_03,EGE_2021_03_004632,36.79378,28.16149,0.9720664,0.99917746,0.69350994,15.276698,166.00307,0.03788133,0.59578305,0.23255318,0.36322987,yuksek,Agaclik,predicted,0.3841,0.5712,YUKSEK
EGE_2021_03,EGE_2021_03_004633,36.79375,28.16429,1.0,1.0,0.4227535,14.056837,236.32848,0.10035629,0.6484699,0.35111955,0.29735038,orta-dusuk,Agaclik,predicted,0.3408,0.4878,ORTA
EGE_2021_03,EGE_2021_03_004634,36.79372,28.16709,1.0,0.99934524,0.3032499,10.567873,275.38586,0.20562011,0.6760813,0.4705734,0.2055079,orta-dusuk,Agaclik,predicted,0.3249,0.4196,ORTA
EGE_2021_03,EGE_2021_03_004635,36.7937,28.16989,0.7889728,1.0,0.120872885,13.573032,302.23492,0.27619502,0.65335244,0.54793763,0.10541481,dusuk,Agaclik,low_severity,,0.0,DUSUK
EGE_2021_03,EGE_2021_03_004638,36.79361,28.1783,0.8802802,0.9997096,0.49043027,11.508689,197.42073,0.14820273,0.5017611,0.16553502,0.33622605,orta-yuksek,Agaclik,predicted,0.2776,0.3654,ORTA
EGE_2021_03,EGE_2021_03_004639,36.79358,28.1811,0.25414667,0.38379377,0.42450953,23.801664,236.11662,0.18616006,0.44127688,0.17952852,0.26174837,orta-dusuk,Otlak/calilik,predicted,0.2356,0.4034,ORTA
EGE_2021_03,EGE_2021_03_004640,36.79356,28.1839,0.50300306,0.5005605,0.6142896,17.225977,333.72925,0.29788378,0.53124833,0.20956388,0.32168445,orta-yuksek,Otlak/calilik,predicted,0.3325,0.4752,ORTA
EGE_2021_03,EGE_2021_03_004641,36.79353,28.1867,0.561614,0.5111786,0.6463392,23.96948,298.14023,0.05470121,0.5261492,0.17390786,0.35224134,orta-yuksek,Agaclik,predicted,0.3275,0.5595,YUKSEK
EGE_2021_03,EGE_2021_03_004642,36.7935,28.1895,0.9964843,1.0,0.73362416,20.602413,178.00674,0.14201474,0.6049079,0.1963277,0.40858018,yuksek,Agaclik,predicted,0.4061,0.6352,YUKSEK
EGE_2021_03,EGE_2021_03_004643,36.79347,28.1923,0.9342151,0.5022009,0.5601892,10.537917,147.61574,0.25877666,0.510218,0.18960018,0.32061785,orta-yuksek,Agaclik,predicted,0.3199,0.4045,ORTA
EGE_2021_03,EGE_2021_03_004644,36.79344,28.19511,0.6984754,0.37116173,0.50295985,17.863806,210.56079,0.4099629,0.46403503,0.17814973,0.2858853,orta-yuksek,Otlak/calilik,predicted,0.266,0.3664,ORTA
EGE_2021_03,EGE_2021_03_004645,36.79342,28.19791,0.9125595,0.40593764,0.46126345,23.803543,297.017,0.27384058,0.53855133,0.23411354,0.3044378,orta-yuksek,Agaclik,predicted,0.2935,0.4772,ORTA
EGE_2021_03,EGE_2021_03_004646,36.79339,28.20071,0.67853814,0.29092842,0.5050589,23.546045,359.67038,0.12804793,0.5092901,0.20718783,0.30210227,orta-yuksek,Otlak/calilik,predicted,0.2965,0.4997,ORTA
EGE_2021_03,EGE_2021_03_004647,36.79336,28.20351,0.08490196,0.0,0.55519855,29.792397,286.39468,0.22691531,0.44223642,0.1363396,0.30589682,orta-yuksek,Otlak/calilik,predicted,0.267,0.4958,ORTA
EGE_2021_03,EGE_2021_03_004648,36.79333,28.20631,0.75118995,0.0,0.64704835,23.989553,273.20764,0.2485957,0.49903953,0.14803883,0.3510007,orta-yuksek,Otlak/calilik,predicted,0.3197,0.5212,YUKSEK
EGE_2021_03,EGE_2021_03_004649,36.7933,28.20911,0.9875496,0.42298746,0.77885,25.191347,284.4439,0.3362249,0.60253906,0.13842838,0.46411067,yuksek,Otlak/calilik,predicted,0.4207,0.6693,YUKSEK
EGE_2021_03,EGE_2021_03_004650,36.79327,28.21192,1.0,1.0,0.83366126,25.354984,203.8735,0.10852978,0.66840696,0.1500022,0.5184048,yuksek,Agaclik,predicted,0.4268,0.7114,YUKSEK
EGE_2021_03,EGE_2021_03_004651,36.79325,28.21472,1.0,0.9999676,0.7873879,20.29875,104.37125,0.057690084,0.687136,0.20101203,0.48612398,yuksek,Agaclik,predicted,0.4375,0.6909,YUKSEK
EGE_2021_03,EGE_2021_03_004652,36.79322,28.21752,0.9563669,0.66580796,0.3084944,12.874311,45.944527,0.07496803,0.5430487,0.3161437,0.22690499,orta-dusuk,Agaclik,predicted,0.2684,0.3736,ORTA
EGE_2021_03,EGE_2021_03_004658,36.79304,28.23433,1.0,1.0,0.110031456,24.388458,205.36646,0.3928733,0.73962545,0.6475101,0.09211534,dusuk,Agaclik,low_severity,,0.0,DUSUK
EGE_2021_03,EGE_2021_03_004659,36.79301,28.23713,1.0,1.0,0.28847146,26.507133,267.86505,0.5962796,0.78245294,0.48676372,0.29568923,orta-dusuk,Agaclik,predicted,0.4279,0.6552,YUKSEK
EGE_2021_03,EGE_2021_03_004660,36.79299,28.23993,1.0,1.0,0.21852523,18.371635,341.33472,0.6736209,0.7772845,0.49719867,0.28008583,dusuk,Agaclik,low_severity,,0.0,DUSUK
EGE_2021_03,EGE_2021_03_004661,36.79296,28.24273,1.0,1.0,0.275176,30.278227,264.65253,0.42532188,0.6985049,0.38935733,0.3091476,orta-dusuk,Agaclik,predicted,0.4355,0.7226,YUKSEK
EGE_2021_03,EGE_2021_03_004662,36.79293,28.24553,1.0,1.0,0.32899353,26.781704,118.83908,0.18174802,0.5936279,0.25398672,0.3396412,orta-dusuk,Agaclik,predicted,0.3682,0.6265,YUKSEK
EGE_2021_03,EGE_2021_03_004663,36.7929,28.24834,0.8845422,0.7616218,0.1037031,22.117245,53.936714,0.10082648,0.29040426,0.15789479,0.13250947,dusuk,Agaclik,low_severity,,0.0,DUSUK
EGE_2021_03,EGE_2021_03_004722,36.79179,28.13344,0.9970183,0.10333392,0.1483402,4.2262087,10.5784855,0.05681957,0.48486137,0.4139459,0.07091546,dusuk,Yerlesim,low_severity,,0.0,DUSUK
EGE_2021_03,EGE_2021_03_004726,36.79169,28.14464,1.0,0.9801633,0.315668,22.065649,92.78697,0.070991054,0.6670315,0.4300777,0.23695382,orta-dusuk,Agaclik,predicted,0.3331,0.5492,YUKSEK
EGE_2021_03,EGE_2021_03_004727,36.79166,28.14745,1.0,1.0,0.47953907,14.777947,146.24074,0.053916108,0.7663915,0.30951113,0.4568804,orta-yuksek,Agaclik,predicted,0.3492,0.5129,YUKSEK
EGE_2021_03,EGE_2021_03_004728,36.79163,28.15025,1.0,1.0,0.37549627,16.347546,168.4073,0.10292116,0.8054576,0.3935853,0.4118723,orta-dusuk,Agaclik,predicted,0.355,0.5282,YUKSEK
EGE_2021_03,EGE_2021_03_004730,36.79158,28.15585,1.0,1.0,0.73335636,16.565166,193.68123,0.081639275,0.8000233,0.30765355,0.49236977,yuksek,Agaclik,predicted,0.3953,0.5929,YUKSEK
EGE_2021_03,EGE_2021_03_004731,36.79155,28.15865,1.0,1.0,1.0347311,19.640852,198.42377,0.033057682,0.7692627,0.21831493,0.5509477,yuksek,Agaclik,predicted,0.4351,0.6851,YUKSEK
EGE_2021_03,EGE_2021_03_004732,36.79152,28.16145,1.0,1.0,0.90165293,19.40543,215.82332,0.159883,0.7357375,0.29137507,0.44436243,yuksek,Agaclik,predicted,0.4317,0.6604,YUKSEK
EGE_2021_03,EGE_2021_03_004733,36.7915,28.16425,1.0,1.0,0.76168424,15.599743,248.88779,0.1650077,0.7102618,0.26319957,0.44706225,yuksek,Agaclik,predicted,0.4081,0.592,YUKSEK
EGE_2021_03,EGE_2021_03_004734,36.79147,28.16706,0.94013906,0.9392714,0.57919407,13.6389265,271.33804,0.13147709,0.61957073,0.28526187,0.33430886,orta-yuksek,Agaclik,predicted,0.3117,0.4367,ORTA
EGE_2021_03,EGE_2021_03_004735,36.79144,28.16986,0.98182243,1.0,0.2710988,12.566849,305.24286,0.21999508,0.65679693,0.43916434,0.21763259,orta-dusuk,Agaclik,predicted,0.2684,0.3509,ORTA
EGE_2021_03,EGE_2021_03_004736,36.79141,28.17266,0.95080954,1.0,0.4287833,10.561013,324.88092,0.08055094,0.4859476,0.19395067,0.29199696,orta-dusuk,Agaclik,predicted,0.2827,0.3742,ORTA
EGE_2021_03,EGE_2021_03_004737,36.79139,28.17546,0.9664294,1.0,0.71813196,17.858189,290.25677,0.22553204,0.6007771,0.19239137,0.40838572,yuksek,Agaclik,predicted,0.3873,0.5721,YUKSEK
EGE_2021_03,EGE_2021_03_004738,36.79136,28.17826,0.94013834,0.97306466,0.6139101,16.372131,226.50607,0.17204481,0.5667143,0.17394462,0.39276966,orta-yuksek,Agaclik,predicted,0.3323,0.4851,ORTA
EGE_2021_03,EGE_2021_03_004739,36.79133,28.18106,0.7028915,0.3514951,0.28894842,17.957375,244.53925,0.2056476,0.42857414,0.2342518,0.19432235,orta-dusuk,Otlak/calilik,low_severity,,0.0,DUSUK
EGE_2021_03,EGE_2021_03_004740,36.7913,28.18387,0.36801988,0.038634226,0.47710177,19.883894,277.97412,0.20358066,0.4411415,0.1797967,0.2613448,orta-yuksek,Otlak/calilik,predicted,0.2393,0.3728,ORTA
EGE_2021_03,EGE_2021_03_004741,36.79128,28.18667,0.79423374,0.574236,0.75008523,21.804613,220.6131,0.12513903,0.5807406,0.1473228,0.43341777,yuksek,Agaclik,predicted,0.3645,0.5861,YUKSEK
EGE_2021_03,EGE_2021_03_004742,36.79125,28.18947,0.9335069,0.91304296,0.6631243,14.120352,158.99841,0.09181966,0.60891396,0.18796404,0.42094994,yuksek,Agaclik,predicted,0.3762,0.5421,YUKSEK
EGE_2021_03,EGE_2021_03_004743,36.79122,28.19227,0.8802749,0.42827532,0.43605912,10.824373,153.0914,0.20104733,0.50362253,0.19990212,0.3037204,orta-dusuk,Agaclik,predicted,0.2388,0.2946,ORTA
EGE_2021_03,EGE_2021_03_004744,36.79119,28.19507,0.76246977,0.38309297,0.39511064,15.057425,194.58733,0.31162167,0.48541778,0.20874876,0.27666903,orta-dusuk,Otlak/calilik,predicted,0.2074,0.2689,ORTA
EGE_2021_03,EGE_2021_03_004745,36.79116,28.19787,0.6974926,0.16581601,0.3881839,19.108522,255.05144,0.06345988,0.45414495,0.1962266,0.25791836,orta-dusuk,Otlak/calilik,predicted,0.2193,0.3559,ORTA
EGE_2021_03,EGE_2021_03_004746,36.79114,28.20067,0.5360293,0.18195313,0.5415541,25.663776,237.79575,0.18959495,0.4427883,0.14850152,0.2942868,orta-yuksek,Otlak/calilik,predicted,0.2784,0.4824,ORTA
EGE_2021_03,EGE_2021_03_004747,36.79111,28.20348,0.7227025,0.24065354,0.58253753,21.23099,174.75294,0.115106344,0.479725,0.15468559,0.32503942,orta-yuksek,Otlak/calilik,predicted,0.3013,0.4887,ORTA
EGE_2021_03,EGE_2021_03_004748,36.79108,28.20628,0.8850057,0.27982047,0.6034645,23.6936,171.1919,0.15348856,0.5129242,0.17935276,0.33357143,orta-yuksek,Otlak/calilik,predicted,0.3336,0.5525,YUKSEK
EGE_2021_03,EGE_2021_03_004749,36.79105,28.20908,1.0,0.73365784,0.69318974,24.619572,164.30637,0.18627153,0.54312277,0.15019321,0.39292955,yuksek,Agaclik,predicted,0.3947,0.6466,YUKSEK
EGE_2021_03,EGE_2021_03_004750,36.79102,28.21188,1.0,1.0,0.7508652,25.424572,122.37539,0.073620215,0.582284,0.14121227,0.4410717,yuksek,Agaclik,predicted,0.4312,0.7234,YUKSEK
EGE_2021_03,EGE_2021_03_004751,36.79099,28.21468,0.8724741,0.61273825,0.38142946,15.908987,54.117634,0.07578977,0.49332565,0.24863926,0.2446864,orta-dusuk,Agaclik,predicted,0.2364,0.3521,ORTA
EGE_2021_03,EGE_2021_03_004755,36.79088,28.22589,0.9442362,0.7788993,0.1011498,26.443573,89.320656,0.11600019,0.57265866,0.4657404,0.106918246,dusuk,Agaclik,low_severity,,0.0,DUSUK
EGE_2021_03,EGE_2021_03_004756,36.79085,28.22869,1.0,0.9392714,0.11762923,23.9651,152.38109,0.25989276,0.6462488,0.45127764,0.19497117,dusuk,Agaclik,low_severity,,0.0,DUSUK
EGE_2021_03,EGE_2021_03_004757,36.79082,28.23149,1.0,1.0,0.111083716,19.61919,194.82655,0.37338644,0.6876571,0.6129468,0.07471031,dusuk,Agaclik,low_severity,,0.0,DUSUK
EGE_2021_03,EGE_2021_03_004758,36.79079,28.23429,1.0,1.0,0.36847657,20.935585,270.10754,0.55504584,0.7448578,0.4827546,0.2621032,orta-dusuk,Agaclik,predicted,0.4037,0.5771,YUKSEK
EGE_2021_03,EGE_2021_03_004759,36.79076,28.23709,1.0,1.0,0.3230887,18.534252,353.97244,0.74642646,0.8139605,0.50643176,0.30752873,orta-dusuk,Agaclik,predicted,0.3649,0.4723,ORTA
EGE_2021_03,EGE_2021_03_004760,36.79073,28.23989,0.9505555,1.0,0.33751795,23.78204,397.2054,0.7398788,0.8299079,0.5206596,0.30924827,orta-dusuk,Agaclik,predicted,0.3766,0.5357,YUKSEK
EGE_2021_03,EGE_2021_03_004761,36.7907,28.2427,0.8730306,1.0,0.28118944,32.100567,282.31177,0.52397925,0.7558862,0.4219833,0.3339029,orta-dusuk,Agaclik,predicted,0.3392,0.5816,YUKSEK
EGE_2021_03,EGE_2021_03_004762,36.79067,28.2455,1.0,1.0,0.2719563,19.406416,191.29854,0.35593244,0.74844885,0.43885332,0.30959553,orta-dusuk,Agaclik,predicted,0.3259,0.4761,ORTA
EGE_2021_03,EGE_2021_03_004763,36.79064,28.2483,0.9208164,0.8275431,0.22504418,22.67398,178.86191,0.32131955,0.5913391,0.36197186,0.22936726,dusuk,Agaclik,low_severity,,0.0,DUSUK
EGE_2021_03,EGE_2021_03_004764,36.79062,28.2511,0.6949446,0.7041152,0.30024388,26.377066,113.052826,0.18155234,0.49341258,0.278274,0.21513858,orta-dusuk,Agaclik,predicted,0.2646,0.4692,ORTA
EGE_2021_03,EGE_2021_03_004822,36.78954,28.1334,0.9875023,0.53369105,0.24309905,19.928574,40.93643,0.04850733,0.56176865,0.39251736,0.1692513,dusuk,Agaclik,low_severity,,0.0,DUSUK
EGE_2021_03,EGE_2021_03_004823,36.78951,28.13621,1.0,0.9381011,0.2511404,26.109514,85.98447,0.06445178,0.6782317,0.45887077,0.21936095,dusuk,Agaclik,low_severity,,0.0,DUSUK
EGE_2021_03,EGE_2021_03_004824,36.78949,28.13901,0.9573043,0.80745274,0.17484944,18.7718,50.753883,0.05449951,0.5839427,0.47288424,0.11105847,dusuk,Agaclik,low_severity,,0.0,DUSUK
EGE_2021_03,EGE_2021_03_004825,36.78946,28.14181,1.0,1.0,0.34935918,15.017236,72.87199,0.0533716,0.71591866,0.46817726,0.2477414,orta-dusuk,Agaclik,predicted,0.3429,0.5057,YUKSEK
EGE_2021_03,EGE_2021_03_004826,36.78943,28.14461,1.0,1.0,0.38769272,17.26919,85.075516,0.10088639,0.7147149,0.42609242,0.28862247,orta-dusuk,Agaclik,predicted,0.3537,0.5345,YUKSEK
EGE_2021_03,EGE_2021_03_004827,36.78941,28.14741,1.0,1.0,0.37053677,15.992672,100.07477,0.073541015,0.7056524,0.35141128,0.35424113,orta-dusuk,Agaclik,predicted,0.3444,0.5135,YUKSEK
EGE_2021_03,EGE_2021_03_004828,36.78938,28.15021,1.0,1.0,0.27761987,16.124058,148.00052,0.10624586,0.76311255,0.46719623,0.29591632,orta-dusuk,Agaclik,predicted,0.3204,0.4744,ORTA
EGE_2021_03,EGE_2021_03_004829,36.78935,28.15301,1.0,1.0,0.24115229,14.977442,204.1493,0.21376628,0.7691597,0.5813269,0.18783277,dusuk,Agaclik,low_severity,,0.0,DUSUK
EGE_2021_03,EGE_2021_03_004830,36.78933,28.15582,0.95829284,1.0,0.7043979,14.680418,234.35994,0.038854033,0.69617116,0.25282463,0.44334653,yuksek,Agaclik,predicted,0.3734,0.5501,YUKSEK
EGE_2021_03,EGE_2021_03_004831,36.7893,28.15862,1.0,1.0,0.9972642,14.140424,274.5718,0.14046128,0.79977804,0.164664,0.6351141,yuksek,Agaclik,predicted,0.4345,0.6221,YUKSEK
EGE_2021_03,EGE_2021_03_004832,36.78927,28.16142,1.0,1.0,0.8981588,11.658458,287.37427,0.189384,0.74878305,0.19835615,0.5504269,yuksek,Agaclik,predicted,0.428,0.5843,YUKSEK
EGE_2021_03,EGE_2021_03_004833,36.78924,28.16422,1.0,1.0,0.63851273,14.306732,322.03778,0.16507773,0.7580447,0.32405272,0.433992,orta-yuksek,Agaclik,predicted,0.3782,0.5365,YUKSEK
EGE_2021_03,EGE_2021_03_004834,36.78922,28.16702,1.0,1.0,0.4975919,17.268148,345.20438,0.1838611,0.818734,0.44474292,0.37399107,orta-yuksek,Agaclik,predicted,0.3732,0.5519,YUKSEK
EGE_2021_03,EGE_2021_03_004835,36.78919,28.16982,1.0,1.0,0.4078979,17.863607,361.84882,0.37701166,0.8141328,0.47340223,0.34073058,orta-dusuk,Agaclik,predicted,0.3837,0.5458,YUKSEK
EGE_2021_03,EGE_2021_03_004836,36.78916,28.17262,1.0,1.0,0.9489178,13.041505,377.23544,0.13702263,0.79942846,0.24081048,0.55861795,yuksek,Agaclik,predicted,0.4264,0.6011,YUKSEK
EGE_2021_03,EGE_2021_03_004837,36.78913,28.17543,1.0,1.0,0.98507303,14.536312,343.25858,0.14287275,0.7312789,0.21013501,0.5211439,yuksek,Agaclik,predicted,0.4334,0.6235,YUKSEK
EGE_2021_03,EGE_2021_03_004838,36.78911,28.17823,1.0,1.0,0.96130085,19.27198,295.03516,0.10226548,0.7683985,0.25600654,0.512392,yuksek,Agaclik,predicted,0.421,0.6514,YUKSEK
EGE_2021_03,EGE_2021_03_004839,36.78908,28.18103,0.6423595,0.63849014,0.24126542,13.949266,259.25504,0.14955151,0.47652397,0.30722347,0.1693005,dusuk,Agaclik,low_severity,,0.0,DUSUK
EGE_2021_03,EGE_2021_03_004840,36.78905,28.18383,1.0,0.8180247,0.4285268,12.0325985,226.70334,0.08183195,0.5698688,0.2681164,0.3017524,orta-dusuk,Agaclik,predicted,0.2505,0.3389,ORTA
EGE_2021_03,EGE_2021_03_004841,36.78902,28.18663,1.0,1.0,0.7144723,13.003359,192.55652,0.14443116,0.7250187,0.22068837,0.5043303,yuksek,Agaclik,predicted,0.3764,0.5255,YUKSEK
EGE_2021_03,EGE_2021_03_004842,36.78899,28.18943,1.0,1.0,0.39529508,18.75501,197.76237,0.23863837,0.7679088,0.41973507,0.34817374,orta-dusuk,Agaclik,predicted,0.3673,0.5483,YUKSEK
EGE_2021_03,EGE_2021_03_004843,36.78897,28.19223,1.0,1.0,0.41738474,23.70365,226.43867,0.24183124,0.78467715,0.42419037,0.36048678,orta-dusuk,Agaclik,predicted,0.4029,0.6432,YUKSEK
EGE_2021_03,EGE_2021_03_004844,36.78894,28.19504,1.0,1.0,0.6629385,22.423437,237.05638,0.32939002,0.8012349,0.34952408,0.45171082,yuksek,Agaclik,predicted,0.4503,0.6905,YUKSEK
EGE_2021_03,EGE_2021_03_004845,36.78891,28.19784,1.0,1.0,0.54828286,17.057983,248.10478,0.24096817,0.7023221,0.27861586,0.42370626,orta-yuksek,Agaclik,predicted,0.3839,0.558,YUKSEK
EGE_2021_03,EGE_2021_03_004846,36.78888,28.20064,1.0,1.0,0.8625785,19.927956,209.66434,0.08232858,0.7388445,0.22968079,0.50916374,yuksek,Agaclik,predicted,0.4226,0.6622,YUKSEK
EGE_2021_03,EGE_2021_03_004847,36.78885,28.20344,1.0,1.0,0.9236316,23.383455,164.95981,0.074459486,0.76592255,0.23968154,0.526241,yuksek,Agaclik,predicted,0.4321,0.7071,YUKSEK
EGE_2021_03,EGE_2021_03_004848,36.78883,28.20624,1.0,1.0,0.83642113,18.502743,97.56829,0.32362467,0.7351708,0.24597563,0.48919517,yuksek,Agaclik,predicted,0.4495,0.6564,YUKSEK
EGE_2021_03,EGE_2021_03_004849,36.7888,28.20904,0.86513084,0.98485553,0.5504198,15.514963,68.261284,0.14639354,0.5088675,0.19954255,0.30932495,orta-yuksek,Agaclik,predicted,0.2935,0.4237,ORTA
EGE_2021_03,EGE_2021_03_004850,36.78877,28.21184,0.90279216,0.5005746,0.34359708,11.375427,45.204723,0.07050622,0.43430766,0.235419,0.19888866,orta-dusuk,Agaclik,low_severity,,0.0,DUSUK
EGE_2021_03,EGE_2021_03_004851,36.78874,28.21465,0.65457547,0.32607335,0.10730862,10.8042555,34.56961,0.025710417,0.35783422,0.29834318,0.05949104,dusuk,Yerlesim,low_severity,,0.0,DUSUK
EGE_2021_03,EGE_2021_03_004855,36.78862,28.22585,1.0,1.0,0.24396437,27.742224,179.16928,0.32236993,0.7363242,0.49934626,0.23697793,dusuk,Agaclik,low_severity,,0.0,DUSUK
EGE_2021_03,EGE_2021_03_004856,36.7886,28.22865,0.9996478,1.0,0.15062845,23.086128,244.56284,0.46608448,0.6950536,0.49525023,0.19980335,dusuk,Agaclik,low_severity,,0.0,DUSUK
EGE_2021_03,EGE_2021_03_004857,36.78857,28.23145,1.0,1.0,0.19809055,17.181988,225.58015,0.5962304,0.7599714,0.53878915,0.22118223,dusuk,Agaclik,low_severity,,0.0,DUSUK
EGE_2021_03,EGE_2021_03_004858,36.78854,28.23426,1.0,1.0,0.44330043,25.89621,290.39563,0.72398144,0.77756274,0.4140494,0.36351335,orta-yuksek,Agaclik,predicted,0.4382,0.6475,YUKSEK
EGE_2021_03,EGE_2021_03_004859,36.78851,28.23706,1.0,1.0,0.71849793,24.003487,396.46277,0.90432715,0.8752254,0.39413446,0.48109096,yuksek,Agaclik,predicted,0.4763,0.6628,YUKSEK
EGE_2021_03,EGE_2021_03_004860,36.78848,28.23986,0.95374256,1.0,0.39127594,19.554264,466.01855,0.8752578,0.828931,0.47372174,0.35520923,orta-dusuk,Agaclik,predicted,0.3807,0.4866,ORTA
EGE_2021_03,EGE_2021_03_004861,36.78845,28.24266,0.98957354,1.0,0.24190241,34.207058,348.72488,0.702289,0.8070214,0.505293,0.30172837,dusuk,Agaclik,low_severity,,0.0,DUSUK
EGE_2021_03,EGE_2021_03_004862,36.78842,28.24546,1.0,1.0,0.20439991,18.255196,259.90134,0.5876593,0.787321,0.53640014,0.25092083,dusuk,Agaclik,low_severity,,0.0,DUSUK
EGE_2021_03,EGE_2021_03_004863,36.78839,28.24826,0.9311973,0.9252487,0.22821566,12.9273,238.18901,0.5061502,0.7439878,0.4643911,0.2795967,dusuk,Agaclik,low_severity,,0.0,DUSUK
EGE_2021_03,EGE_2021_03_004864,36.78836,28.25106,0.8305572,0.78999656,0.39897364,18.963455,189.98677,0.43116468,0.5698247,0.2703813,0.2994434,orta-dusuk,Agaclik,predicted,0.263,0.3685,ORTA
EGE_2021_03,EGE_2021_03_004921,36.78732,28.13057,0.980611,0.83401877,0.15840587,24.401966,63.45689,0.15185173,0.61838496,0.5097002,0.10868478,dusuk,Agaclik,low_severity,,0.0,DUSUK
EGE_2021_03,EGE_2021_03_004922,36.78729,28.13337,1.0,1.0,0.5135648,23.281174,143.78638,0.015900161,0.74555004,0.36521968,0.38033035,orta-yuksek,Agaclik,predicted,0.3687,0.6202,YUKSEK
EGE_2021_03,EGE_2021_03_004923,36.78726,28.13617,1.0,1.0,0.33948815,17.060873,193.80753,0.12770562,0.737567,0.3955123,0.3420547,orta-dusuk,Agaclik,predicted,0.375,0.5606,YUKSEK
EGE_2021_03,EGE_2021_03_004924,36.78723,28.13897,1.0,1.0,0.52761316,18.834831,150.31714,0.05944924,0.7778373,0.300942,0.47689527,orta-yuksek,Agaclik,predicted,0.3914,0.6097,YUKSEK
EGE_2021_03,EGE_2021_03_004925,36.78721,28.14178,1.0,1.0,0.4489497,10.918922,126.473694,0.07598449,0.735739,0.34470734,0.39103165,orta-yuksek,Agaclik,predicted,0.2438,0.3202,ORTA
EGE_2021_03,EGE_2021_03_004926,36.78718,28.14458,1.0,1.0,0.58478874,10.865511,156.39626,0.022874307,0.7537877,0.2877376,0.4660501,orta-yuksek,Agaclik,predicted,0.3475,0.4811,ORTA
EGE_2021_03,EGE_2021_03_004927,36.78715,28.14738,1.0,1.0,0.3534913,9.852963,157.82764,0.033126637,0.7070953,0.36503163,0.3420637,orta-dusuk,Agaclik,predicted,0.2924,0.3891,ORTA
EGE_2021_03,EGE_2021_03_004928,36.78713,28.15018,1.0,1.0,0.33200756,14.397284,180.37363,0.1477539,0.7312087,0.3659913,0.3652174,orta-dusuk,Agaclik,predicted,0.3267,0.4632,ORTA
EGE_2021_03,EGE_2021_03_004929,36.7871,28.15298,1.0,1.0,0.3023236,13.688704,199.53096,0.16917971,0.7704542,0.5228244,0.24762982,orta-dusuk,Agaclik,predicted,0.3165,0.439,ORTA
EGE_2021_03,EGE_2021_03_004930,36.78707,28.15578,0.8380306,1.0,0.31228843,14.98539,221.57379,0.09791096,0.61946404,0.37317944,0.2462846,orta-dusuk,Agaclik,predicted,0.257,0.3717,ORTA
EGE_2021_03,EGE_2021_03_004931,36.78705,28.15858,0.9781978,1.0,0.548268,12.263505,261.87512,0.09546186,0.66039264,0.29409796,0.36629468,orta-yuksek,Agaclik,predicted,0.342,0.4748,ORTA
EGE_2021_03,EGE_2021_03_004932,36.78702,28.16139,0.6013459,0.41030312,0.43516624,13.448648,262.4365,0.0746648,0.4946789,0.2257277,0.2689512,orta-dusuk,Otlak/calilik,predicted,0.2327,0.3256,ORTA
EGE_2021_03,EGE_2021_03_004933,36.78699,28.16419,0.99073076,0.89282143,0.4058259,24.66976,335.96045,0.29961368,0.67993855,0.3638924,0.31604615,orta-dusuk,Agaclik,predicted,0.2947,0.4828,ORTA
EGE_2021_03,EGE_2021_03_004934,36.78696,28.16699,1.0,0.91061515,0.43965232,16.496645,417.5596,0.4187166,0.8080764,0.4294399,0.37863648,orta-dusuk,Agaclik,predicted,0.2995,0.4032,ORTA
EGE_2021_03,EGE_2021_03_004935,36.78694,28.16979,1.0,0.9503745,0.5768192,14.480099,442.51355,0.38718796,0.83700335,0.42045397,0.41654938,orta-yuksek,Agaclik,predicted,0.385,0.5172,YUKSEK
EGE_2021_03,EGE_2021_03_004936,36.78691,28.17259,1.0,1.0,1.0907197,14.059786,414.4335,0.15444721,0.8427762,0.20771483,0.6350614,yuksek,Agaclik,predicted,0.4436,0.633,YUKSEK
EGE_2021_03,EGE_2021_03_004937,36.78688,28.17539,1.0,1.0,1.042244,10.639288,377.45465,0.05939779,0.7998623,0.22121221,0.5786501,yuksek,Agaclik,predicted,0.4469,0.6217,YUKSEK
EGE_2021_03,EGE_2021_03_004938,36.78685,28.17819,1.0,1.0,0.8151422,11.818093,350.50162,0.20979601,0.7427848,0.24570644,0.49707836,yuksek,Agaclik,predicted,0.3878,0.5231,YUKSEK
EGE_2021_03,EGE_2021_03_004939,36.78683,28.18099,1.0,1.0,0.35208082,15.390758,298.19446,0.15519674,0.677997,0.34461272,0.33338428,orta-dusuk,Agaclik,predicted,0.344,0.4964,ORTA
EGE_2021_03,EGE_2021_03_004940,36.7868,28.1838,1.0,1.0,0.6203505,17.933575,283.69205,0.1308334,0.7736492,0.3128721,0.4607771,orta-yuksek,Agaclik,predicted,0.3926,0.5938,YUKSEK
EGE_2021_03,EGE_2021_03_004941,36.78677,28.1866,1.0,1.0,0.4603231,20.918219,273.26764,0.22655581,0.7859391,0.44045788,0.34548122,orta-yuksek,Agaclik,predicted,0.4047,0.6241,YUKSEK
EGE_2021_03,EGE_2021_03_004943,36.78671,28.1922,1.0,1.0,0.4950073,18.369967,326.51892,0.02670154,0.7521013,0.38230515,0.36979616,orta-yuksek,Agaclik,predicted,0.3655,0.5717,YUKSEK
EGE_2021_03,EGE_2021_03_004944,36.78669,28.195,1.0,1.0,0.74111164,18.720676,346.82104,0.22522968,0.80012465,0.34407368,0.45605096,yuksek,Agaclik,predicted,0.4055,0.6066,YUKSEK
EGE_2021_03,EGE_2021_03_004945,36.78666,28.1978,1.0,1.0,0.6497407,17.459497,333.51334,0.12053072,0.8179437,0.35545892,0.46248478,orta-yuksek,Agaclik,predicted,0.3868,0.5825,YUKSEK
EGE_2021_03,EGE_2021_03_004946,36.78663,28.2006,1.0,1.0,0.9645,22.102571,314.07315,0.05790107,0.7688644,0.25660416,0.5122602,yuksek,Agaclik,predicted,0.4241,0.6865,YUKSEK
EGE_2021_03,EGE_2021_03_004947,36.7866,28.20341,0.7849652,1.0,0.8477317,30.5007,286.95007,0.14446358,0.6830734,0.17815638,0.504917,yuksek,Agaclik,predicted,0.3715,0.6685,YUKSEK
EGE_2021_03,EGE_2021_03_004948,36.78657,28.20621,1.0,1.0,0.8774757,28.750015,131.82713,0.25180745,0.737624,0.18864106,0.5489829,yuksek,Agaclik,predicted,0.4399,0.7401,YUKSEK
EGE_2021_03,EGE_2021_03_004949,36.78654,28.20901,0.90806335,0.7722938,0.5851292,15.629001,72.62032,0.02719542,0.58356047,0.23064041,0.35292006,orta-yuksek,Agaclik,predicted,0.3459,0.519,YUKSEK
EGE_2021_03,EGE_2021_03_004950,36.78652,28.21181,0.9690736,0.8823734,0.64739305,18.25438,76.27763,0.122889556,0.5735426,0.27656308,0.29697952,orta-yuksek,Agaclik,predicted,0.3781,0.5761,YUKSEK
EGE_2021_03,EGE_2021_03_004951,36.78649,28.21461,1.0,1.0,0.4822737,20.707216,103.70232,0.060936913,0.68886316,0.34819996,0.3406632,orta-yuksek,Agaclik,predicted,0.358,0.5759,YUKSEK
EGE_2021_03,EGE_2021_03_004952,36.78646,28.21741,1.0,1.0,0.3477773,22.4675,125.36395,0.037825305,0.7372583,0.38925207,0.34800625,orta-dusuk,Agaclik,predicted,0.3666,0.607,YUKSEK
EGE_2021_03,EGE_2021_03_004953,36.78643,28.22021,1.0,1.0,0.33233947,26.115084,149.05005,0.16095556,0.7330301,0.4353667,0.2976634,orta-dusuk,Agaclik,predicted,0.3669,0.6217,YUKSEK
EGE_2021_03,EGE_2021_03_004954,36.7864,28.22301,1.0,1.0,0.43657613,25.85373,262.33124,0.38314432,0.7392799,0.40275353,0.3365264,orta-dusuk,Agaclik,predicted,0.4168,0.6627,YUKSEK
EGE_2021_03,EGE_2021_03_004955,36.78637,28.22582,1.0,1.0,0.38160914,22.578133,303.11084,0.36183402,0.73292196,0.48287168,0.25005028,orta-dusuk,Agaclik,predicted,0.424,0.6482,YUKSEK
EGE_2021_03,EGE_2021_03_004956,36.78634,28.22862,0.88026303,1.0,0.1684807,13.80563,286.03152,0.46616986,0.6848629,0.53724957,0.14761335,dusuk,Agaclik,low_severity,,0.0,DUSUK
EGE_2021_03,EGE_2021_03_004957,36.78631,28.23142,1.0,1.0,0.25049102,16.445343,279.01532,0.65475553,0.8084882,0.5238857,0.28460246,dusuk,Agaclik,low_severity,,0.0,DUSUK
EGE_2021_03,EGE_2021_03_004958,36.78628,28.23422,1.0,1.0,0.31341454,19.885317,325.7991,0.87469727,0.84877735,0.5249291,0.32384825,orta-dusuk,Agaclik,predicted,0.3896,0.5028,YUKSEK
EGE_2021_03,EGE_2021_03_004959,36.78626,28.23702,1.0,1.0,0.7743971,22.026247,415.4553,0.86816216,0.8854274,0.39572543,0.489702,yuksek,Agaclik,predicted,0.4737,0.647,YUKSEK
EGE_2021_03,EGE_2021_03_004960,36.78623,28.23982,0.97003615,0.99458545,0.6074581,16.946909,498.36996,0.7000994,0.83547723,0.39551157,0.43996567,orta-yuksek,Agaclik,predicted,0.4081,0.5293,YUKSEK
EGE_2021_03,EGE_2021_03_004961,36.7862,28.24262,0.9147373,0.9386166,0.2581484,28.1175,447.7296,0.5813658,0.71838415,0.43483564,0.2835485,dusuk,Agaclik,low_severity,,0.0,DUSUK
EGE_2021_03,EGE_2021_03_004962,36.78617,28.24542,1.0,1.0,0.26343292,24.590837,338.13516,0.5575242,0.8134265,0.49528956,0.31813693,dusuk,Agaclik,low_severity,,0.0,DUSUK
EGE_2021_03,EGE_2021_03_004963,36.78614,28.24823,1.0,1.0,0.17820573,13.009869,275.96173,0.63928103,0.79337823,0.4897122,0.30366603,dusuk,Agaclik,low_severity,,0.0,DUSUK
EGE_2021_03,EGE_2021_03_004964,36.78611,28.25103,0.6578477,0.520266,0.11618751,36.522285,165.34242,0.68106145,0.47728878,0.3678827,0.109406084,dusuk,Agaclik,low_severity,,0.0,DUSUK
EGE_2021_03,EGE_2021_03_005021,36.78506,28.13054,1.0,1.0,0.2506799,16.433384,128.56013,0.049934983,0.7654972,0.50369203,0.26180518,dusuk,Agaclik,low_severity,,0.0,DUSUK
EGE_2021_03,EGE_2021_03_005022,36.78504,28.13334,0.9401361,1.0,0.3733665,10.675489,186.84976,0.11289628,0.6737897,0.35489184,0.31889784,orta-dusuk,Agaclik,predicted,0.2617,0.3395,ORTA
EGE_2021_03,EGE_2021_03_005023,36.78501,28.13614,1.0,1.0,0.27928665,5.6372385,208.15547,0.03895796,0.6887052,0.40813702,0.28056818,orta-dusuk,Agaclik,predicted,0.3044,0.3699,ORTA
EGE_2021_03,EGE_2021_03_005024,36.78498,28.13894,1.0,1.0,0.6870775,12.589992,163.04066,0.04427662,0.69056016,0.184161,0.50639915,yuksek,Agaclik,predicted,0.4081,0.5829,YUKSEK
EGE_2021_03,EGE_2021_03_005025,36.78495,28.14174,1.0,1.0,0.47019222,6.8213663,134.61148,0.08113601,0.6738031,0.28884038,0.3849627,orta-yuksek,Agaclik,predicted,0.24,0.2786,ORTA
EGE_2021_03,EGE_2021_03_005026,36.78493,28.14454,1.0,1.0,0.52838904,11.174802,159.65355,0.10038794,0.69023216,0.27306294,0.4171692,orta-yuksek,Agaclik,predicted,0.3047,0.4094,ORTA
EGE_2021_03,EGE_2021_03_005027,36.7849,28.14734,1.0,1.0,0.37575108,13.879172,190.35709,0.10491399,0.678818,0.33045518,0.3483628,orta-dusuk,Agaclik,predicted,0.324,0.4607,ORTA
EGE_2021_03,EGE_2021_03_005028,36.78487,28.15015,1.0,1.0,0.52522504,15.103663,232.99037,0.124502845,0.7190133,0.30204237,0.4169709,orta-yuksek,Agaclik,predicted,0.3791,0.5503,YUKSEK
EGE_2021_03,EGE_2021_03_005029,36.78485,28.15295,0.9527725,1.0,0.5692776,13.568557,267.18628,0.083817676,0.7364808,0.3631412,0.37333956,orta-yuksek,Agaclik,predicted,0.3093,0.4391,ORTA
EGE_2021_03,EGE_2021_03_005030,36.78482,28.15575,0.9831115,1.0,0.4378196,13.594783,284.74503,0.080465786,0.74640524,0.3764623,0.36994293,orta-dusuk,Agaclik,predicted,0.3083,0.4383,ORTA
EGE_2021_03,EGE_2021_03_005031,36.78479,28.15855,0.96163183,0.9856071,0.714087,6.6964707,279.16556,0.13151489,0.6904884,0.23866065,0.45182776,yuksek,Agaclik,predicted,0.3627,0.4527,ORTA
EGE_2021_03,EGE_2021_03_005032,36.78476,28.16135,0.37958258,0.20947945,0.39433074,11.924064,272.4583,0.101419374,0.45452687,0.26058555,0.19394132,orta-dusuk,Otlak/calilik,low_severity,,0.0,DUSUK
EGE_2021_03,EGE_2021_03_005033,36.78474,28.16415,1.0,0.9532017,0.43611965,16.287685,329.8324,0.18524349,0.7197207,0.40364185,0.31607887,orta-dusuk,Agaclik,predicted,0.2939,0.4255,ORTA
EGE_2021_03,EGE_2021_03_005034,36.78471,28.16695,0.8830094,0.8736738,0.5250619,16.972677,381.0989,0.33031514,0.7108172,0.32139772,0.3894195,orta-yuksek,Agaclik,predicted,0.3313,0.4668,ORTA
EGE_2021_03,EGE_2021_03_005035,36.78468,28.16975,1.0,0.9584196,0.43976358,20.29422,439.6953,0.50295115,0.78095555,0.45323998,0.32771558,orta-dusuk,Agaclik,predicted,0.3653,0.5218,YUKSEK
EGE_2021_03,EGE_2021_03_005036,36.78465,28.17256,1.0,1.0,1.0354211,24.060879,482.08328,0.26308966,0.8676243,0.22960362,0.63802063,yuksek,Agaclik,predicted,0.5054,0.7956,COK_YUKSEK
EGE_2021_03,EGE_2021_03_005037,36.78463,28.17536,1.0,1.0,1.0691534,23.908175,436.2889,0.046290044,0.8662022,0.27527127,0.59093094,yuksek,Agaclik,predicted,0.4729,0.7761,COK_YUKSEK
EGE_2021_03,EGE_2021_03_005038,36.7846,28.17816,1.0,1.0,0.4426773,16.262144,368.1966,0.050471295,0.7507323,0.39694196,0.35379034,orta-yuksek,Agaclik,predicted,0.3829,0.5762,YUKSEK
EGE_2021_03,EGE_2021_03_005039,36.78457,28.18096,1.0,1.0,0.47671774,12.629854,345.6054,0.040196907,0.7272838,0.37787935,0.34940442,orta-yuksek,Agaclik,predicted,0.3381,0.4799,ORTA
EGE_2021_03,EGE_2021_03_005040,36.78454,28.18376,1.0,1.0,0.35241705,9.104357,336.80508,0.05625481,0.78217816,0.44811088,0.33406729,orta-dusuk,Agaclik,predicted,0.3177,0.4171,ORTA
EGE_2021_03,EGE_2021_03_005041,36.78452,28.18656,1.0,1.0,0.34459114,9.839676,338.39142,0.11633727,0.70704496,0.38370395,0.323341,orta-dusuk,Agaclik,predicted,0.3258,0.4271,ORTA
EGE_2021_03,EGE_2021_03_005042,36.78449,28.18936,1.0,1.0,0.4573581,12.3186,347.59622,0.036021035,0.72409546,0.37592477,0.3481707,orta-yuksek,Agaclik,predicted,0.3324,0.4693,ORTA
EGE_2021_03,EGE_2021_03_005043,36.78446,28.19216,1.0,1.0,0.54096884,9.005448,378.1237,0.21006079,0.7709798,0.31796074,0.45301908,orta-yuksek,Agaclik,predicted,0.3459,0.4367,ORTA
EGE_2021_03,EGE_2021_03_005044,36.78443,28.19497,1.0,1.0,0.71659976,9.784927,400.99045,0.27127045,0.8227762,0.33623242,0.48654377,yuksek,Agaclik,predicted,0.3894,0.4995,ORTA
EGE_2021_03,EGE_2021_03_005045,36.7844,28.19777,1.0,1.0,0.7213699,11.931786,394.692,0.065316044,0.8170612,0.32814807,0.48891312,yuksek,Agaclik,predicted,0.3998,0.562,YUKSEK
EGE_2021_03,EGE_2021_03_005046,36.78438,28.20057,1.0,1.0,0.90865827,8.211491,368.8383,0.019376984,0.78375113,0.21765557,0.5660956,yuksek,Agaclik,predicted,0.4282,0.5786,YUKSEK
EGE_2021_03,EGE_2021_03_005047,36.78435,28.20337,0.97250193,1.0,0.9270822,27.799015,304.85764,0.23076856,0.74382836,0.17344233,0.57038605,yuksek,Agaclik,predicted,0.4291,0.7188,YUKSEK
EGE_2021_03,EGE_2021_03_005048,36.78432,28.20617,0.94013137,1.0,0.8455492,24.682974,149.92776,0.2719411,0.7621746,0.20449694,0.5576777,yuksek,Agaclik,predicted,0.4096,0.6574,YUKSEK
EGE_2021_03,EGE_2021_03_005049,36.78429,28.20897,1.0,1.0,0.93579143,16.374794,139.4937,0.14753966,0.765128,0.25043654,0.5146915,yuksek,Agaclik,predicted,0.4427,0.6525,YUKSEK
EGE_2021_03,EGE_2021_03_005050,36.78426,28.21177,1.0,1.0,0.9908194,19.584011,158.75394,0.06628299,0.7475666,0.2462763,0.50129026,yuksek,Agaclik,predicted,0.4357,0.6809,YUKSEK
EGE_2021_03,EGE_2021_03_005051,36.78423,28.21457,1.0,1.0,0.956862,26.730576,189.27129,0.19191217,0.74147713,0.29335356,0.44812357,yuksek,Agaclik,predicted,0.43,0.7164,YUKSEK
EGE_2021_03,EGE_2021_03_005052,36.7842,28.21738,1.0,1.0,0.69991165,28.327118,245.60928,0.13742512,0.752671,0.29398048,0.45869052,yuksek,Agaclik,predicted,0.387,0.6738,YUKSEK
EGE_2021_03,EGE_2021_03_005053,36.78418,28.22018,1.0,1.0,0.6578083,26.957361,241.81725,0.17249896,0.76810306,0.33166003,0.43644303,orta-yuksek,Agaclik,predicted,0.407,0.6869,YUKSEK
EGE_2021_03,EGE_2021_03_005054,36.78415,28.22298,1.0,1.0,0.6151817,24.274849,331.84235,0.22749661,0.76433516,0.38272265,0.3816125,orta-yuksek,Agaclik,predicted,0.4154,0.6687,YUKSEK
EGE_2021_03,EGE_2021_03_005055,36.78412,28.22578,1.0,1.0,0.5536657,20.33309,377.4456,0.11870628,0.82213354,0.40381196,0.41832158,orta-yuksek,Agaclik,predicted,0.3866,0.6072,YUKSEK
EGE_2021_03,EGE_2021_03_005056,36.78409,28.22858,1.0,1.0,0.23227784,16.400106,345.14935,0.3169884,0.85469085,0.6216037,0.23308712,dusuk,Agaclik,low_severity,,0.0,DUSUK
EGE_2021_03,EGE_2021_03_005057,36.78406,28.23138,1.0,1.0,0.50443053,21.897835,359.40265,0.5584551,0.88458294,0.47353792,0.411045,orta-yuksek,Agaclik,predicted,0.4407,0.6399,YUKSEK
EGE_2021_03,EGE_2021_03_005058,36.78403,28.23418,1.0,1.0,0.4616615,20.721607,380.32962,0.8051476,0.8754697,0.45643213,0.41903755,orta-yuksek,Agaclik,predicted,0.4267,0.5747,YUKSEK
EGE_2021_03,EGE_2021_03_005059,36.784,28.23698,1.0,1.0,0.6156205,18.950317,442.87054,0.67318624,0.8136536,0.33334813,0.48030546,orta-yuksek,Agaclik,predicted,0.4545,0.6191,YUKSEK
EGE_2021_03,EGE_2021_03_005060,36.78397,28.23979,0.9240201,0.9440311,0.6807665,21.036482,470.8339,0.5146499,0.69236904,0.22565559,0.46671346,yuksek,Agaclik,predicted,0.396,0.5722,YUKSEK
EGE_2021_03,EGE_2021_03_005061,36.78394,28.24259,0.94576675,1.0,0.25679463,29.699282,364.95563,0.3520997,0.64992714,0.40159523,0.2483319,dusuk,Agaclik,low_severity,,0.0,DUSUK
EGE_2021_03,EGE_2021_03_005062,36.78391,28.24539,1.0,1.0,0.19478935,26.383541,302.97144,0.31116107,0.6594869,0.4303502,0.22913668,dusuk,Agaclik,low_severity,,0.0,DUSUK
EGE_2021_03,EGE_2021_03_005063,36.78389,28.24819,1.0,1.0,0.16833863,21.342072,242.84941,0.44121224,0.6905054,0.46406543,0.22643995,dusuk,Agaclik,low_severity,,0.0,DUSUK
EGE_2021_03,EGE_2021_03_005120,36.78284,28.1277,1.0,1.0,0.22252956,15.927773,93.283966,0.28460678,0.6937687,0.4532661,0.24050257,dusuk,Agaclik,low_severity,,0.0,DUSUK
EGE_2021_03,EGE_2021_03_005121,36.78281,28.1305,1.0,1.0,0.4055196,10.178189,142.83151,0.034705456,0.7370133,0.39036572,0.34664756,orta-dusuk,Agaclik,predicted,0.2837,0.3788,ORTA
EGE_2021_03,EGE_2021_03_005122,36.78278,28.1333,1.0,1.0,0.32900035,9.649637,189.09196,0.15058671,0.7043252,0.36862904,0.33569616,orta-dusuk,Agaclik,predicted,0.339,0.4403,ORTA
EGE_2021_03,EGE_2021_03_005123,36.78276,28.13611,1.0,1.0,0.29244554,6.2640867,211.91861,0.07463173,0.73181796,0.40844697,0.323371,orta-dusuk,Agaclik,predicted,0.3148,0.3858,ORTA
EGE_2021_03,EGE_2021_03_005124,36.78273,28.13891,1.0,1.0,0.6814649,15.640455,165.37692,0.05172622,0.6658906,0.17154706,0.49434352,yuksek,Agaclik,predicted,0.4008,0.5972,YUKSEK
EGE_2021_03,EGE_2021_03_005125,36.7827,28.14171,0.96156,0.9842197,0.5885222,10.233616,139.55893,0.09411873,0.65127844,0.2244682,0.42681023,orta-yuksek,Agaclik,predicted,0.3358,0.4484,ORTA
EGE_2021_03,EGE_2021_03_005126,36.78267,28.14451,0.9578842,0.92863387,0.5726092,13.62237,185.12184,0.082970746,0.6486465,0.25324845,0.39539802,orta-yuksek,Agaclik,predicted,0.3422,0.4885,ORTA
EGE_2021_03,EGE_2021_03_005127,36.78265,28.14731,1.0,1.0,0.398838,11.426276,206.78647,0.15730956,0.6892041,0.34032285,0.34888124,orta-dusuk,Agaclik,predicted,0.3452,0.4638,ORTA
EGE_2021_03,EGE_2021_03_005128,36.78262,28.15011,1.0,1.0,0.4618178,11.239467,252.15874,0.16351017,0.69305944,0.33589664,0.3571628,orta-yuksek,Agaclik,predicted,0.3391,0.4523,ORTA
EGE_2021_03,EGE_2021_03_005129,36.78259,28.15291,0.98442537,1.0,0.36916286,20.008295,294.5839,0.14958388,0.6289242,0.36750764,0.26141655,orta-dusuk,Agaclik,predicted,0.362,0.5636,YUKSEK
EGE_2021_03,EGE_2021_03_005130,36.78257,28.15571,1.0,1.0,0.40993077,24.020382,356.45706,0.1853504,0.7063689,0.38308778,0.32328114,orta-dusuk,Agaclik,predicted,0.4279,0.6909,YUKSEK
EGE_2021_03,EGE_2021_03_005131,36.78254,28.15852,1.0,1.0,0.7092011,18.392044,317.6459,0.04516225,0.70275295,0.23567957,0.46707338,yuksek,Agaclik,predicted,0.3696,0.5755,YUKSEK
EGE_2021_03,EGE_2021_03_005132,36.78251,28.16132,0.98623455,0.8912354,0.66134036,15.895209,309.95557,0.033004127,0.65873516,0.23420882,0.42452633,yuksek,Agaclik,predicted,0.369,0.5548,YUKSEK
EGE_2021_03,EGE_2021_03_005133,36.78248,28.16412,1.0,1.0,0.46134663,16.126713,365.28305,0.07080115,0.7893443,0.4096644,0.37967992,orta-yuksek,Agaclik,predicted,0.3722,0.5563,YUKSEK
EGE_2021_03,EGE_2021_03_005134,36.78246,28.16692,1.0,1.0,0.5324693,19.9999,405.40393,0.2824991,0.82297117,0.4113316,0.41163957,orta-yuksek,Agaclik,predicted,0.4145,0.623,YUKSEK
EGE_2021_03,EGE_2021_03_005135,36.78243,28.16972,1.0,1.0,0.49814382,27.479637,500.12766,0.5142278,0.797735,0.4428197,0.35491526,orta-yuksek,Agaclik,predicted,0.4417,0.6954,YUKSEK
EGE_2021_03,EGE_2021_03_005136,36.7824,28.17252,1.0,1.0,0.78115237,20.877428,582.20703,0.28405386,0.8345687,0.34097862,0.49359006,yuksek,Agaclik,predicted,0.4572,0.6937,YUKSEK
EGE_2021_03,EGE_2021_03_005137,36.78237,28.17532,1.0,1.0,0.8134568,29.233894,543.0275,0.11515112,0.814557,0.28209794,0.5324591,yuksek,Agaclik,predicted,0.4653,0.801,COK_YUKSEK
EGE_2021_03,EGE_2021_03_005138,36.78235,28.17812,1.0,1.0,0.502746,21.298006,434.05283,0.07951273,0.7385063,0.31401443,0.42449188,orta-yuksek,Agaclik,predicted,0.3718,0.5989,YUKSEK
EGE_2021_03,EGE_2021_03_005139,36.78232,28.18093,1.0,1.0,0.35840824,12.089118,394.46613,0.060184013,0.66354525,0.36057872,0.30296654,orta-dusuk,Agaclik,predicted,0.3355,0.4686,ORTA
EGE_2021_03,EGE_2021_03_005140,36.78229,28.18373,1.0,1.0,0.24187517,13.164815,380.25714,0.12885824,0.6649035,0.43595213,0.2289514,dusuk,Agaclik,low_severity,,0.0,DUSUK
EGE_2021_03,EGE_2021_03_005141,36.78226,28.18653,1.0,1.0,0.32795525,15.577942,388.17712,0.061636217,0.6175461,0.3762521,0.24129397,orta-dusuk,Agaclik,predicted,0.3643,0.5411,YUKSEK
EGE_2021_03,EGE_2021_03_005142,36.78223,28.18933,1.0,1.0,0.62986517,13.967571,396.12244,0.118964635,0.6987924,0.28418303,0.41460937,orta-yuksek,Agaclik,predicted,0.3841,0.5487,YUKSEK
EGE_2021_03,EGE_2021_03_005143,36.78221,28.19213,1.0,1.0,0.4468063,13.643505,409.24487,0.1883565,0.7398788,0.3683042,0.37157458,orta-yuksek,Agaclik,predicted,0.3733,0.5203,YUKSEK
EGE_2021_03,EGE_2021_03_005144,36.78218,28.19493,1.0,1.0,0.87086046,16.31243,447.32053,0.4007919,0.7944145,0.26301336,0.53140116,yuksek,Agaclik,predicted,0.4509,0.6289,YUKSEK
EGE_2021_03,EGE_2021_03_005145,36.78215,28.19773,1.0,1.0,0.78175366,14.644035,423.34064,0.26792735,0.8009442,0.29705882,0.5038854,yuksek,Agaclik,predicted,0.4068,0.5676,YUKSEK
EGE_2021_03,EGE_2021_03_005146,36.78212,28.20053,1.0,1.0,0.8741987,9.691397,388.9074,0.24024104,0.7641865,0.25493467,0.50925183,yuksek,Agaclik,predicted,0.404,0.5247,YUKSEK
EGE_2021_03,EGE_2021_03_005147,36.78209,28.20333,1.0,1.0,0.95521224,24.338057,326.66934,0.0952266,0.7478208,0.16142783,0.586393,yuksek,Agaclik,predicted,0.4251,0.702,YUKSEK
EGE_2021_03,EGE_2021_03_005148,36.78207,28.20614,0.9829586,1.0,1.0525706,23.089052,221.39168,0.030709775,0.8088256,0.22704723,0.5817784,yuksek,Agaclik,predicted,0.433,0.712,YUKSEK
EGE_2021_03,EGE_2021_03_005149,36.78204,28.20894,0.86120325,1.0,0.6968552,19.537426,188.60097,0.23356734,0.6958256,0.23478119,0.46104437,yuksek,Agaclik,predicted,0.3659,0.5536,YUKSEK
EGE_2021_03,EGE_2021_03_005153,36.78192,28.22014,1.0,1.0,1.0850098,23.261501,344.8241,0.03623606,0.81953406,0.26102546,0.55850863,yuksek,Agaclik,predicted,0.4385,0.7208,YUKSEK
EGE_2021_03,EGE_2021_03_005155,36.78187,28.22574,1.0,1.0,0.40066552,17.346003,451.54166,0.10579367,0.8327853,0.46379542,0.36898988,orta-dusuk,Agaclik,predicted,0.3429,0.5184,YUKSEK
EGE_2021_03,EGE_2021_03_005156,36.78184,28.22854,1.0,1.0,0.27360058,25.45749,425.43292,0.32961944,0.89196193,0.59914726,0.29281467,orta-dusuk,Agaclik,predicted,0.4157,0.6651,YUKSEK
EGE_2021_03,EGE_2021_03_005157,36.78181,28.23135,1.0,1.0,0.48235095,26.131542,474.47028,0.5657203,0.88295925,0.47749415,0.4054651,orta-yuksek,Agaclik,predicted,0.4358,0.6679,YUKSEK
EGE_2021_03,EGE_2021_03_005158,36.78178,28.23415,0.9757595,1.0,0.71985865,20.182205,481.82047,0.7328644,0.8311034,0.3401336,0.49096978,yuksek,Agaclik,predicted,0.4336,0.5904,YUKSEK
EGE_2021_03,EGE_2021_03_005159,36.78175,28.23695,0.8771945,0.9349889,0.44915426,12.521235,487.61987,0.52344006,0.65272284,0.2942683,0.35845453,orta-yuksek,Agaclik,predicted,0.3012,0.357,ORTA
EGE_2021_03,EGE_2021_03_005160,36.78172,28.23975,0.947935,0.84248215,0.23236693,33.58369,408.66617,0.3197234,0.5713787,0.39654475,0.17483395,dusuk,Agaclik,low_severity,,0.0,DUSUK
EGE_2021_03,EGE_2021_03_005220,36.78058,28.12767,1.0,1.0,0.21880078,17.456757,95.21028,0.16714433,0.688483,0.44100946,0.24747354,dusuk,Agaclik,low_severity,,0.0,DUSUK
EGE_2021_03,EGE_2021_03_005221,36.78056,28.13047,1.0,1.0,0.36658257,12.686855,156.94865,0.13284053,0.6850296,0.38285083,0.3021788,orta-dusuk,Agaclik,predicted,0.2841,0.3873,ORTA
EGE_2021_03,EGE_2021_03_005222,36.78053,28.13327,0.90480787,0.9929013,0.34142733,6.9979315,181.10866,0.050863203,0.6926873,0.33356646,0.35912082,orta-dusuk,Agaclik,predicted,0.2182,0.252,ORTA
EGE_2021_03,EGE_2021_03_005223,36.7805,28.13607,1.0,0.9969244,0.2502605,7.2437077,206.4417,0.17947465,0.7457286,0.48883122,0.2568974,dusuk,Agaclik,low_severity,,0.0,DUSUK
EGE_2021_03,EGE_2021_03_005224,36.78048,28.13887,0.94013226,1.0,0.60604805,15.806602,187.4317,0.10938004,0.6408278,0.17422721,0.46660057,orta-yuksek,Agaclik,predicted,0.3449,0.5076,YUKSEK
EGE_2021_03,EGE_2021_03_005225,36.78045,28.14168,0.9191032,0.72880644,0.5326063,8.33159,138.17285,0.1084023,0.5454858,0.21151379,0.333972,orta-yuksek,Agaclik,predicted,0.3116,0.3941,ORTA
EGE_2021_03,EGE_2021_03_005226,36.78042,28.14448,0.9792493,0.86727285,0.6208414,11.373346,158.8353,0.056976277,0.6225262,0.24081309,0.38171315,orta-yuksek,Agaclik,predicted,0.3738,0.5198,YUKSEK
EGE_2021_03,EGE_2021_03_005227,36.78039,28.14728,0.9401317,1.0,0.6091721,19.553387,212.51149,0.08964351,0.6616493,0.24820533,0.41344395,orta-yuksek,Agaclik,predicted,0.3635,0.5702,YUKSEK
EGE_2021_03,EGE_2021_03_005228,36.78037,28.15008,0.94013155,1.0,0.43574184,19.406282,288.5787,0.03948786,0.6744794,0.32176518,0.35271424,orta-dusuk,Agaclik,predicted,0.3494,0.555,YUKSEK
EGE_2021_03,EGE_2021_03_005229,36.78034,28.15288,0.88447744,0.99975574,0.32262784,32.25478,385.0868,0.21610834,0.6467177,0.41778922,0.2289285,orta-dusuk,Agaclik,predicted,0.3349,0.6193,YUKSEK
EGE_2021_03,EGE_2021_03_005230,36.78031,28.15568,1.0,0.99007,0.5185889,28.664932,482.07043,0.3075706,0.6793356,0.39113468,0.2882009,orta-yuksek,Agaclik,predicted,0.3899,0.6574,YUKSEK
EGE_2021_03,EGE_2021_03_005231,36.78029,28.15848,0.87866855,0.9898257,0.6482527,29.747389,406.93018,0.13774572,0.66116107,0.2525416,0.40861946,orta-yuksek,Agaclik,predicted,0.3467,0.6261,YUKSEK
EGE_2021_03,EGE_2021_03_005232,36.78026,28.16128,1.0,1.0,0.8801448,18.344614,371.9928,0.13178907,0.80016965,0.23976997,0.56039965,yuksek,Agaclik,predicted,0.4069,0.6184,YUKSEK
EGE_2021_03,EGE_2021_03_005233,36.78023,28.16408,1.0,1.0,0.53616095,21.071318,435.35327,0.25205082,0.8054167,0.38161469,0.42380202,orta-yuksek,Agaclik,predicted,0.4157,0.6382,YUKSEK
EGE_2021_03,EGE_2021_03_005234,36.7802,28.16689,1.0,1.0,0.4194227,18.38016,461.93555,0.41893125,0.80979955,0.46003133,0.34976822,orta-dusuk,Agaclik,predicted,0.4217,0.6008,YUKSEK
EGE_2021_03,EGE_2021_03_005235,36.78018,28.16969,0.8071809,1.0,0.5231964,28.896544,552.9597,0.4921771,0.7680263,0.39664772,0.37137857,orta-yuksek,Agaclik,predicted,0.3499,0.5744,YUKSEK
EGE_2021_03,EGE_2021_03_005236,36.78015,28.17249,1.0,1.0,0.63967115,22.280926,664.2088,0.43412548,0.73621583,0.33708146,0.39913437,orta-yuksek,Agaclik,predicted,0.4256,0.638,YUKSEK
EGE_2021_03,EGE_2021_03_005237,36.78012,28.17529,1.0,1.0,0.720232,29.138906,624.7337,0.2940405,0.707176,0.23932359,0.46785244,yuksek,Agaclik,predicted,0.4349,0.7302,YUKSEK
EGE_2021_03,EGE_2021_03_005238,36.78009,28.17809,1.0,1.0,0.65460277,25.825506,495.30978,0.082855426,0.8059881,0.36206606,0.443922,orta-yuksek,Agaclik,predicted,0.357,0.6154,YUKSEK
EGE_2021_03,EGE_2021_03_005239,36.78007,28.18089,1.0,1.0,0.3991147,15.594732,448.7697,0.0148681775,0.7276631,0.389355,0.3383081,orta-dusuk,Agaclik,predicted,0.3134,0.4722,ORTA
EGE_2021_03,EGE_2021_03_005240,36.78004,28.18369,1.0,1.0,0.17593396,13.725799,444.589,0.05073699,0.6898626,0.47278935,0.21707326,dusuk,Agaclik,low_severity,,0.0,DUSUK
EGE_2021_03,EGE_2021_03_005241,36.78001,28.18649,1.0,1.0,0.46309796,13.283116,458.5663,0.0911035,0.6945392,0.3387822,0.355757,orta-yuksek,Agaclik,predicted,0.3444,0.4878,ORTA
EGE_2021_03,EGE_2021_03_005242,36.77998,28.18929,1.0,1.0,0.37581396,12.744958,451.4582,0.11373889,0.6004811,0.35872218,0.24175891,orta-dusuk,Agaclik,predicted,0.3593,0.5021,YUKSEK
EGE_2021_03,EGE_2021_03_005243,36.77995,28.1921,1.0,1.0,0.50921845,14.177214,450.11725,0.31745672,0.6741561,0.33118448,0.34297165,orta-yuksek,Agaclik,predicted,0.411,0.5629,YUKSEK
EGE_2021_03,EGE_2021_03_005244,36.77993,28.1949,0.8819559,0.89422286,0.8838001,15.36403,493.65353,0.21001852,0.6974063,0.1764427,0.5209636,yuksek,Agaclik,predicted,0.3978,0.5684,YUKSEK
EGE_2021_03,EGE_2021_03_005245,36.7799,28.1977,1.0,0.98301035,0.7551186,18.306099,451.73904,0.054205414,0.7041136,0.22596565,0.47814795,yuksek,Agaclik,predicted,0.4111,0.6351,YUKSEK
EGE_2021_03,EGE_2021_03_005246,36.77987,28.2005,1.0,1.0,0.81691575,19.91379,386.19907,0.11750029,0.7029183,0.19361907,0.5092992,yuksek,Agaclik,predicted,0.4071,0.6342,YUKSEK
EGE_2021_03,EGE_2021_03_005247,36.77984,28.2033,1.0,1.0,0.94925773,16.867342,317.57065,0.010123166,0.75545913,0.15376146,0.6016977,yuksek,Agaclik,predicted,0.418,0.6391,YUKSEK
EGE_2021_03,EGE_2021_03_005248,36.77981,28.2061,0.73673,1.0,0.7885072,13.839088,252.19519,0.14875759,0.7186812,0.19834626,0.52033496,yuksek,Agaclik,predicted,0.3557,0.5013,YUKSEK
EGE_2021_03,EGE_2021_03_005249,36.77978,28.2089,0.9405005,1.0,0.6581826,18.738365,228.6665,0.29798213,0.68494344,0.24769916,0.4372443,orta-yuksek,Agaclik,predicted,0.3734,0.549,YUKSEK
EGE_2021_03,EGE_2021_03_005250,36.77976,28.2117,1.0,1.0,0.9280637,22.30314,304.11963,0.13667321,0.7371733,0.18905842,0.5481149,yuksek,Agaclik,predicted,0.4263,0.6805,YUKSEK
EGE_2021_03,EGE_2021_03_005251,36.77973,28.2145,1.0,1.0,1.0311524,19.890947,389.86075,0.054814555,0.73048943,0.24885738,0.48163205,yuksek,Agaclik,predicted,0.4269,0.6721,YUKSEK
EGE_2021_03,EGE_2021_03_005252,36.7797,28.2173,1.0,1.0,0.7047699,14.426035,417.67868,0.0364613,0.7987671,0.32859084,0.47017625,yuksek,Agaclik,predicted,0.3789,0.5564,YUKSEK
EGE_2021_03,EGE_2021_03_005253,36.77967,28.22011,1.0,1.0,0.8130927,14.520797,416.08163,0.14477731,0.8238627,0.30035782,0.52350485,yuksek,Agaclik,predicted,0.3983,0.571,YUKSEK
EGE_2021_03,EGE_2021_03_005254,36.77964,28.22291,1.0,1.0,0.6792643,14.998124,471.49838,0.024620075,0.80738866,0.36349076,0.4438979,yuksek,Agaclik,predicted,0.3368,0.5004,YUKSEK
EGE_2021_03,EGE_2021_03_005255,36.77961,28.22571,1.0,1.0,0.29696846,11.512132,502.5303,0.24523816,0.848349,0.5269686,0.32138038,orta-dusuk,Agaclik,predicted,0.4001,0.5339,YUKSEK
EGE_2021_03,EGE_2021_03_005256,36.77958,28.22851,0.99755114,1.0,0.19699872,16.930805,513.50085,0.45918205,0.8216884,0.5867977,0.2348907,dusuk,Agaclik,low_severity,,0.0,DUSUK
EGE_2021_03,EGE_2021_03_005257,36.77955,28.23131,0.9238523,1.0,0.2574865,21.176752,535.55035,0.66185784,0.6914977,0.39864194,0.29285574,dusuk,Agaclik,low_severity,,0.0,DUSUK
EGE_2021_03,EGE_2021_03_005258,36.77953,28.23411,0.9917239,0.81709725,0.18976787,22.99699,483.0759,0.5532426,0.5743048,0.41270632,0.1615985,dusuk,Agaclik,low_severity,,0.0,DUSUK
EGE_2021_03,EGE_2021_03_005259,36.7795,28.23691,0.8311274,0.47518927,0.12809984,31.456987,448.97293,0.38526213,0.44984567,0.3205385,0.12930718,dusuk,Otlak/calilik,low_severity,,0.0,DUSUK
EGE_2021_03,EGE_2021_03_005320,36.77833,28.12764,0.94013125,1.0,0.1606518,20.085518,121.554794,0.1203623,0.6074301,0.41441318,0.19301692,dusuk,Agaclik,low_severity,,0.0,DUSUK
EGE_2021_03,EGE_2021_03_005321,36.7783,28.13044,1.0,1.0,0.26750544,9.708063,177.52614,0.08789517,0.7061169,0.44677585,0.25934106,dusuk,Agaclik,low_severity,,0.0,DUSUK
EGE_2021_03,EGE_2021_03_005322,36.77828,28.13324,0.9061172,0.87861514,0.27492744,13.385132,173.37138,0.047358897,0.63315916,0.40971887,0.22344029,orta-dusuk,Agaclik,predicted,0.2536,0.3599,ORTA
EGE_2021_03,EGE_2021_03_005323,36.77825,28.13604,0.7623866,0.6287311,0.12239869,18.108135,162.81813,0.15092103,0.5283864,0.43842697,0.08995944,dusuk,Agaclik,low_severity,,0.0,DUSUK
EGE_2021_03,EGE_2021_03_005324,36.77822,28.13884,0.92688215,1.0,0.49401772,14.186582,174.16357,0.099594966,0.59637594,0.23901632,0.35735962,orta-yuksek,Agaclik,predicted,0.2922,0.4168,ORTA
EGE_2021_03,EGE_2021_03_005325,36.7782,28.14164,1.0,1.0,0.6089942,7.828706,167.86867,0.07191436,0.6734772,0.2302981,0.44317907,orta-yuksek,Agaclik,predicted,0.3696,0.481,ORTA
EGE_2021_03,EGE_2021_03_005326,36.77817,28.14444,1.0,1.0,0.5611776,16.542173,209.1288,0.0515691,0.6823981,0.28300023,0.39939785,orta-yuksek,Agaclik,predicted,0.3742,0.5655,YUKSEK
EGE_2021_03,EGE_2021_03_005327,36.77814,28.14724,1.0,1.0,0.7759607,19.444778,244.80934,0.038427584,0.7532604,0.27853653,0.47472385,yuksek,Agaclik,predicted,0.3996,0.63,YUKSEK
EGE_2021_03,EGE_2021_03_005328,36.77811,28.15004,1.0,1.0,0.7332314,17.92167,319.6106,0.05338444,0.7418054,0.2452819,0.49652347,yuksek,Agaclik,predicted,0.3912,0.6024,YUKSEK
EGE_2021_03,EGE_2021_03_005329,36.77809,28.15285,0.9160054,0.99729675,0.5749619,26.904427,398.47165,0.13871314,0.63182026,0.25607133,0.37574893,orta-yuksek,Agaclik,predicted,0.3748,0.6433,YUKSEK
EGE_2021_03,EGE_2021_03_005330,36.77806,28.15565,0.7572528,0.76300883,0.37843597,22.669842,517.0047,0.26414573,0.5330587,0.27627212,0.25678658,orta-dusuk,Agaclik,predicted,0.2774,0.4449,ORTA
EGE_2021_03,EGE_2021_03_005331,36.77803,28.15845,0.7853377,0.8917426,0.6754971,22.74099,459.5624,0.13871829,0.61640596,0.17867616,0.4377298,yuksek,Agaclik,predicted,0.3606,0.5865,YUKSEK
EGE_2021_03,EGE_2021_03_005332,36.77801,28.16125,1.0,1.0,0.80320704,22.771479,451.6403,0.16468145,0.8152698,0.32043213,0.4948377,yuksek,Agaclik,predicted,0.4487,0.7139,YUKSEK
EGE_2021_03,EGE_2021_03_005333,36.77798,28.16405,1.0,1.0,0.38288355,20.988316,506.2618,0.3999965,0.80949473,0.47847855,0.33101618,orta-dusuk,Agaclik,predicted,0.4073,0.6045,YUKSEK
EGE_2021_03,EGE_2021_03_005334,36.77795,28.16685,1.0,1.0,0.35211813,18.457228,527.4931,0.472242,0.80626655,0.48556772,0.32069883,orta-dusuk,Agaclik,predicted,0.42,0.5915,YUKSEK
EGE_2021_03,EGE_2021_03_005335,36.77792,28.16965,0.8960002,1.0,0.38134262,26.515003,570.0747,0.29639676,0.80037093,0.47839147,0.32197946,orta-dusuk,Agaclik,predicted,0.3281,0.5487,YUKSEK
EGE_2021_03,EGE_2021_03_005336,36.7779,28.17245,0.93762755,1.0,0.39092872,20.277836,683.0697,0.18460141,0.61562073,0.33259058,0.28303015,orta-dusuk,Agaclik,predicted,0.3227,0.5026,YUKSEK
EGE_2021_03,EGE_2021_03_005337,36.77787,28.17525,1.0,1.0,0.43852037,15.7709875,660.2312,0.18027703,0.739724,0.38367653,0.35604745,orta-dusuk,Agaclik,predicted,0.3136,0.451,ORTA
EGE_2021_03,EGE_2021_03_005338,36.77784,28.17806,0.9942466,1.0,0.32947534,24.922577,599.6218,0.17209738,0.74003065,0.44306532,0.29696533,orta-dusuk,Agaclik,predicted,0.3776,0.6258,YUKSEK
EGE_2021_03,EGE_2021_03_005339,36.77781,28.18086,0.9497895,1.0,0.22705105,19.372972,514.75775,0.21228068,0.70345783,0.51217026,0.19128758,dusuk,Agaclik,low_severity,,0.0,DUSUK
EGE_2021_03,EGE_2021_03_005340,36.77778,28.18366,1.0,1.0,0.34268266,9.923719,478.3176,0.066379994,0.7193585,0.46425477,0.25510374,orta-dusuk,Agaclik,predicted,0.3369,0.4512,ORTA
EGE_2021_03,EGE_2021_03_005341,36.77776,28.18646,1.0,1.0,0.5822845,11.576578,461.328,0.037950587,0.692255,0.25321764,0.43903738,orta-yuksek,Agaclik,predicted,0.3392,0.4728,ORTA
EGE_2021_03,EGE_2021_03_005342,36.77773,28.18926,1.0,1.0,0.17685089,11.27849,419.36856,0.14418596,0.6365573,0.38943097,0.24712631,dusuk,Agaclik,low_severity,,0.0,DUSUK
EGE_2021_03,EGE_2021_03_005343,36.7777,28.19206,1.0,1.0,0.25447366,10.831066,410.1952,0.101457894,0.65205276,0.3784683,0.27358446,dusuk,Agaclik,low_severity,,0.0,DUSUK
EGE_2021_03,EGE_2021_03_005344,36.77767,28.19486,0.92929816,1.0,0.44801348,17.464622,407.46033,0.041957434,0.6128073,0.25359553,0.35921174,orta-yuksek,Agaclik,predicted,0.2852,0.4426,ORTA
EGE_2021_03,EGE_2021_03_005345,36.77764,28.19766,1.0,1.0,0.5559633,13.989952,381.28598,0.19820909,0.6749054,0.26577657,0.40912884,orta-yuksek,Agaclik,predicted,0.3743,0.5234,YUKSEK
EGE_2021_03,EGE_2021_03_005346,36.77762,28.20046,1.0,1.0,0.7405337,14.154627,336.9258,0.11092639,0.7088732,0.23577815,0.47309506,yuksek,Agaclik,predicted,0.3876,0.5567,YUKSEK
EGE_2021_03,EGE_2021_03_005347,36.77759,28.20326,1.0,1.0,0.70363593,13.956593,303.55383,0.14464922,0.73335814,0.28434694,0.4490112,yuksek,Agaclik,predicted,0.3745,0.5308,YUKSEK
EGE_2021_03,EGE_2021_03_005348,36.77756,28.20607,1.0,1.0,0.8187493,20.812754,296.29773,0.32994282,0.7376153,0.27478698,0.4628283,yuksek,Agaclik,predicted,0.4369,0.6566,YUKSEK
EGE_2021_03,EGE_2021_03_005349,36.77753,28.20887,1.0,1.0,0.87483513,22.50894,327.66187,0.38138813,0.7355355,0.22710186,0.50843364,yuksek,Agaclik,predicted,0.4357,0.6623,YUKSEK
EGE_2021_03,EGE_2021_03_005350,36.7775,28.21167,1.0,1.0,0.78244865,19.153896,334.3895,0.24309956,0.7012117,0.23823762,0.46297407,yuksek,Agaclik,predicted,0.4214,0.6314,YUKSEK
EGE_2021_03,EGE_2021_03_005351,36.77747,28.21447,1.0,1.0,0.8320158,15.901939,397.30252,0.11420148,0.70002806,0.18635763,0.51367044,yuksek,Agaclik,predicted,0.4127,0.6085,YUKSEK
EGE_2021_03,EGE_2021_03_005352,36.77745,28.21727,1.0,1.0,0.48255488,14.5350895,431.98032,0.06305035,0.7482168,0.37683725,0.37137955,orta-yuksek,Agaclik,predicted,0.3538,0.5164,YUKSEK
EGE_2021_03,EGE_2021_03_005353,36.77742,28.22007,1.0,1.0,0.46651378,10.468474,437.2618,0.12840253,0.7795596,0.29400498,0.48555464,orta-yuksek,Agaclik,predicted,0.3499,0.4666,ORTA
EGE_2021_03,EGE_2021_03_005354,36.77739,28.22287,1.0,1.0,0.3304191,19.743618,474.05823,0.03950303,0.76482415,0.31820875,0.4466154,orta-dusuk,Agaclik,predicted,0.3253,0.5221,YUKSEK
EGE_2021_03,EGE_2021_03_005355,36.77736,28.22567,1.0,1.0,0.124427974,12.760891,522.42816,0.24296553,0.72359204,0.5247563,0.19883573,dusuk,Agaclik,low_severity,,0.0,DUSUK
EGE_2021_03,EGE_2021_03_005421,36.77605,28.1304,1.0,1.0,0.1648494,11.515697,186.2911,0.26967162,0.7414577,0.52564704,0.21581066,dusuk,Agaclik,low_severity,,0.0,DUSUK
EGE_2021_03,EGE_2021_03_005422,36.77602,28.13321,1.0,1.0,0.2551569,11.356839,191.71704,0.24586914,0.7300569,0.43271467,0.2973422,dusuk,Agaclik,low_severity,,0.0,DUSUK
EGE_2021_03,EGE_2021_03_005424,36.77597,28.13881,0.95323485,1.0,0.3199419,16.063658,128.50325,0.07279441,0.6189045,0.3593733,0.25953117,orta-dusuk,Agaclik,predicted,0.2805,0.4193,ORTA
EGE_2021_03,EGE_2021_03_005425,36.77594,28.14161,0.9475339,1.0,0.496528,16.708586,162.8081,0.083960325,0.6333536,0.24143308,0.3919205,orta-yuksek,Agaclik,predicted,0.3376,0.5081,YUKSEK
EGE_2021_03,EGE_2021_03_005426,36.77591,28.14441,0.88926005,1.0,0.34722862,25.493368,247.0406,0.115618475,0.5643381,0.28631312,0.27802497,orta-dusuk,Agaclik,predicted,0.3084,0.5358,YUKSEK
EGE_2021_03,EGE_2021_03_005427,36.77589,28.14721,0.94172615,0.9475342,0.57551455,22.546513,330.64346,0.13011304,0.65038806,0.28610992,0.36427814,orta-yuksek,Agaclik,predicted,0.3751,0.6075,YUKSEK
EGE_2021_03,EGE_2021_03_005428,36.77586,28.15001,0.9987926,0.9990761,0.714674,21.991337,354.41565,0.14094044,0.7553949,0.2946424,0.4607525,yuksek,Agaclik,predicted,0.3778,0.6053,YUKSEK
EGE_2021_03,EGE_2021_03_005429,36.77583,28.15281,1.0,1.0,0.55447596,20.14394,363.35278,0.014783807,0.77923334,0.41156027,0.36767307,orta-yuksek,Agaclik,predicted,0.3869,0.6204,YUKSEK
EGE_2021_03,EGE_2021_03_005430,36.77581,28.15561,1.0,1.0,0.3994946,22.843859,473.9205,0.16825265,0.73667854,0.4561514,0.28052714,orta-dusuk,Agaclik,predicted,0.3467,0.5626,YUKSEK
EGE_2021_03,EGE_2021_03_005431,36.77578,28.15841,1.0,1.0,0.68134826,15.385448,485.92148,0.3528267,0.7930877,0.34859437,0.44449335,yuksek,Agaclik,predicted,0.401,0.5535,YUKSEK
EGE_2021_03,EGE_2021_03_005432,36.77575,28.16122,1.0,1.0,0.53475064,21.309502,533.57104,0.3638185,0.79094875,0.39538884,0.3955599,orta-yuksek,Agaclik,predicted,0.4143,0.6226,YUKSEK
EGE_2021_03,EGE_2021_03_005433,36.77572,28.16402,1.0,1.0,0.2601822,23.009941,597.4566,0.51501566,0.8305414,0.5653803,0.2651611,dusuk,Agaclik,low_severity,,0.0,DUSUK
EGE_2021_03,EGE_2021_03_005434,36.7757,28.16682,1.0,1.0,0.23845553,26.690775,628.236,0.32700127,0.8341025,0.58986557,0.24423695,dusuk,Agaclik,low_severity,,0.0,DUSUK
EGE_2021_03,EGE_2021_03_005435,36.77567,28.16962,1.0,1.0,0.47306895,20.528702,651.0489,0.12230546,0.7891302,0.42791638,0.36121383,orta-yuksek,Agaclik,predicted,0.3287,0.5224,YUKSEK
EGE_2021_03,EGE_2021_03_005436,36.77564,28.17242,1.0,1.0,0.78033245,12.437745,629.48663,0.06848675,0.7557838,0.26291773,0.49286607,yuksek,Agaclik,predicted,0.4585,0.6531,YUKSEK
EGE_2021_03,EGE_2021_03_005437,36.77561,28.17522,1.0,1.0,0.46545914,13.098457,603.5375,0.07897387,0.7450235,0.3397947,0.4052288,orta-yuksek,Agaclik,predicted,0.3606,0.5119,YUKSEK
EGE_2021_03,EGE_2021_03_005438,36.77559,28.17802,0.9237431,1.0,0.5956464,21.677809,574.6682,0.08575552,0.66947865,0.25714126,0.4123374,orta-yuksek,Agaclik,predicted,0.3742,0.6049,YUKSEK
EGE_2021_03,EGE_2021_03_005439,36.77556,28.18082,0.83320564,1.0,0.5722003,19.0999,493.99036,0.17249204,0.6274364,0.25820816,0.36922824,orta-yuksek,Agaclik,predicted,0.3395,0.5192,YUKSEK
EGE_2021_03,EGE_2021_03_005440,36.77553,28.18362,0.83157367,0.6876587,0.35099956,10.114667,450.6113,0.12994324,0.5143311,0.28811657,0.22621453,orta-dusuk,Agaclik,predicted,0.2538,0.3206,ORTA
EGE_2021_03,EGE_2021_03_005441,36.7755,28.18642,0.9434508,0.9520346,0.3394842,8.669294,449.13242,0.06052036,0.57903063,0.30092978,0.27810085,orta-dusuk,Agaclik,predicted,0.2566,0.322,ORTA
EGE_2021_03,EGE_2021_03_005442,36.77548,28.18922,1.0,1.0,0.38298985,16.611395,454.3399,0.10434245,0.7051094,0.3580005,0.34710893,orta-dusuk,Agaclik,predicted,0.3511,0.5245,YUKSEK
EGE_2021_03,EGE_2021_03_005443,36.77545,28.19203,1.0,1.0,0.72863543,22.751522,459.75455,0.07796421,0.7195144,0.29860416,0.42091027,yuksek,Agaclik,predicted,0.3793,0.6228,YUKSEK
EGE_2021_03,EGE_2021_03_005444,36.77542,28.19483,1.0,1.0,0.6594044,22.39029,447.0714,0.113689706,0.6959348,0.3006875,0.39524728,orta-yuksek,Agaclik,predicted,0.366,0.5949,YUKSEK
EGE_2021_03,EGE_2021_03_005445,36.77539,28.19763,1.0,1.0,0.56285685,20.2216,423.8836,0.052193895,0.64619535,0.28689528,0.35930008,orta-yuksek,Agaclik,predicted,0.3747,0.5978,YUKSEK
EGE_2021_03,EGE_2021_03_005446,36.77536,28.20043,1.0,1.0,0.6128968,16.51127,347.76196,0.1029374,0.6063329,0.22432521,0.3820077,orta-yuksek,Agaclik,predicted,0.3788,0.5649,YUKSEK
EGE_2021_03,EGE_2021_03_005447,36.77533,28.20323,1.0,1.0,0.7549484,22.58985,379.62125,0.20594911,0.675979,0.2590932,0.41688582,yuksek,Agaclik,predicted,0.4327,0.6829,YUKSEK
EGE_2021_03,EGE_2021_03_005448,36.77531,28.20603,1.0,1.0,0.923006,21.589273,378.5156,0.19537349,0.69850826,0.2590624,0.43944585,yuksek,Agaclik,predicted,0.4283,0.6692,YUKSEK
EGE_2021_03,EGE_2021_03_005449,36.77528,28.20883,0.99919033,1.0,0.7352356,13.346987,357.11426,0.1452525,0.6720194,0.19177958,0.48023984,yuksek,Agaclik,predicted,0.3857,0.5421,YUKSEK
EGE_2021_03,EGE_2021_03_005450,36.77525,28.21163,0.9962846,1.0,0.7777127,17.568237,373.44843,0.049115777,0.69918114,0.21190447,0.48727667,yuksek,Agaclik,predicted,0.4002,0.6133,YUKSEK
EGE_2021_03,EGE_2021_03_005451,36.77522,28.21443,0.9089734,0.9355769,0.6250495,10.91681,380.5899,0.09439226,0.64618737,0.23094718,0.41524017,orta-yuksek,Agaclik,predicted,0.349,0.4738,ORTA
EGE_2021_03,EGE_2021_03_005452,36.77519,28.21723,0.7373156,0.7983579,0.31610823,9.128708,368.54645,0.09872369,0.5264572,0.32817027,0.19828692,orta-dusuk,Agaclik,low_severity,,0.0,DUSUK
EGE_2021_03,EGE_2021_03_005453,36.77516,28.22003,0.5857037,0.52869576,0.26710957,11.884848,375.77277,0.017836628,0.4332028,0.3126772,0.1205256,dusuk,Otlak/calilik,low_severity,,0.0,DUSUK
EGE_2021_03,EGE_2021_03_005456,36.77508,28.22844,0.8733171,0.9039239,0.14164904,26.951063,482.3146,0.17580386,0.5700639,0.3921364,0.1779275,dusuk,Agaclik,low_severity,,0.0,DUSUK
EGE_2021_03,EGE_2021_03_005521,36.7738,28.13037,1.0,1.0,0.12988928,23.75651,176.76202,0.18948156,0.62074506,0.44067025,0.18007481,dusuk,Agaclik,low_severity,,0.0,DUSUK
EGE_2021_03,EGE_2021_03_005522,36.77377,28.13317,0.8921575,0.970132,0.2565275,11.835161,220.39362,0.2880154,0.623206,0.33983392,0.2833721,dusuk,Agaclik,low_severity,,0.0,DUSUK
EGE_2021_03,EGE_2021_03_005523,36.77374,28.13597,1.0,1.0,0.18256041,17.385653,207.55411,0.21101078,0.7323252,0.4869612,0.24536401,dusuk,Agaclik,low_severity,,0.0,DUSUK
EGE_2021_03,EGE_2021_03_005524,36.77372,28.13877,1.0,1.0,0.11288342,23.266014,113.563576,0.14186938,0.62295914,0.5303112,0.09264791,dusuk,Agaclik,low_severity,,0.0,DUSUK
EGE_2021_03,EGE_2021_03_005525,36.77369,28.14157,0.9896871,1.0,0.17214996,17.533224,79.4122,0.040540304,0.6042758,0.4706257,0.13365012,dusuk,Agaclik,low_severity,,0.0,DUSUK
EGE_2021_03,EGE_2021_03_005526,36.77366,28.14438,0.76117057,0.81513625,0.29694724,29.447754,144.75563,0.20966211,0.5191293,0.28122258,0.2379067,orta-dusuk,Agaclik,predicted,0.2971,0.5399,YUKSEK
EGE_2021_03,EGE_2021_03_005527,36.77363,28.14718,0.45284545,0.13448992,0.19508313,37.580284,264.42288,0.34177434,0.45190483,0.30605453,0.1458503,dusuk,Otlak/calilik,low_severity,,0.0,DUSUK
EGE_2021_03,EGE_2021_03_005528,36.77361,28.14998,0.37391824,0.31208345,0.17983447,30.810972,391.45465,0.2438976,0.4108991,0.2973098,0.11358932,dusuk,Otlak/calilik,low_severity,,0.0,DUSUK
EGE_2021_03,EGE_2021_03_005529,36.77358,28.15278,0.8800788,0.90702343,0.18208867,18.428923,410.12637,0.115497425,0.6465557,0.45125985,0.19529587,dusuk,Agaclik,low_severity,,0.0,DUSUK
EGE_2021_03,EGE_2021_03_005530,36.77355,28.15558,0.96602213,0.970132,0.17594871,28.552786,506.1009,0.29550537,0.6361994,0.4767376,0.15946183,dusuk,Agaclik,low_severity,,0.0,DUSUK
EGE_2021_03,EGE_2021_03_005531,36.77353,28.15838,1.0,1.0,0.29086834,16.86618,558.31226,0.48360884,0.7479727,0.4749127,0.27306002,orta-dusuk,Agaclik,predicted,0.4254,0.5843,YUKSEK
EGE_2021_03,EGE_2021_03_005532,36.7735,28.16118,1.0,1.0,0.39091778,16.635891,576.61786,0.6021693,0.7318113,0.4610666,0.27074468,orta-dusuk,Agaclik,predicted,0.4311,0.5743,YUKSEK
EGE_2021_03,EGE_2021_03_005533,36.77347,28.16398,1.0,1.0,0.4513359,21.551083,660.4321,0.5769041,0.7335134,0.39285034,0.34066308,orta-yuksek,Agaclik,predicted,0.4226,0.6074,YUKSEK
EGE_2021_03,EGE_2021_03_005534,36.77344,28.16678,1.0,1.0,0.3702497,21.314058,740.08105,0.34036323,0.78963816,0.48039797,0.3092402,orta-dusuk,Agaclik,predicted,0.3712,0.5619,YUKSEK
EGE_2021_03,EGE_2021_03_005535,36.77342,28.16958,1.0,1.0,0.96534586,23.316305,737.0327,0.1545184,0.8224474,0.25548062,0.5669668,yuksek,Agaclik,predicted,0.5334,0.8458,COK_YUKSEK
EGE_2021_03,EGE_2021_03_005536,36.77339,28.17238,1.0,1.0,0.9094903,20.640415,669.41003,0.049690396,0.8134026,0.23194513,0.5814575,yuksek,Agaclik,predicted,0.4964,0.7824,COK_YUKSEK
EGE_2021_03,EGE_2021_03_005537,36.77336,28.17519,1.0,1.0,0.5456339,21.69983,616.1149,0.15477557,0.7034757,0.28909868,0.41437703,orta-yuksek,Agaclik,predicted,0.3571,0.5701,YUKSEK
EGE_2021_03,EGE_2021_03_005538,36.77333,28.17799,0.9654443,0.9784422,0.6148894,18.784512,505.31097,0.17962496,0.58942634,0.19598484,0.3934415,orta-yuksek,Agaclik,predicted,0.3563,0.5404,YUKSEK
EGE_2021_03,EGE_2021_03_005539,36.77331,28.18079,1.0,0.99168974,0.6259732,12.36372,512.5253,0.25619614,0.65039515,0.23210856,0.4182866,orta-yuksek,Agaclik,predicted,0.3936,0.53,YUKSEK
EGE_2021_03,EGE_2021_03_005540,36.77328,28.18359,0.8647309,0.6894804,0.20542344,17.560436,484.7698,0.12500083,0.5126181,0.34594196,0.16667616,dusuk,Agaclik,low_severity,,0.0,DUSUK
EGE_2021_03,EGE_2021_03_005541,36.77325,28.18639,0.72704977,0.43015176,0.18720184,8.916558,459.35806,0.11099442,0.41928518,0.32948375,0.08980143,dusuk,Agaclik,low_severity,,0.0,DUSUK
EGE_2021_03,EGE_2021_03_005542,36.77322,28.18919,0.891741,0.96820456,0.3861723,17.79433,511.62473,0.06525023,0.61678016,0.3557156,0.26106456,orta-dusuk,Agaclik,predicted,0.2588,0.403,ORTA
EGE_2021_03,EGE_2021_03_005543,36.77319,28.19199,0.7941112,0.8970842,0.6770543,18.16416,554.6206,0.07852119,0.6013125,0.23499304,0.36631948,yuksek,Agaclik,predicted,0.3667,0.5646,YUKSEK
EGE_2021_03,EGE_2021_03_005544,36.77317,28.19479,0.79073185,0.85738224,0.6651602,24.423344,511.65768,0.17113969,0.5479076,0.17062704,0.37728053,yuksek,Agaclik,predicted,0.3593,0.5945,YUKSEK
EGE_2021_03,EGE_2021_03_005545,36.77314,28.19759,0.94012326,1.0,0.6672344,20.136377,416.63815,0.09747328,0.587455,0.190479,0.396976,yuksek,Agaclik,predicted,0.3838,0.6043,YUKSEK
EGE_2021_03,EGE_2021_03_005546,36.77311,28.20039,1.0,1.0,0.7046916,20.577538,409.582,0.10885668,0.6311482,0.22745636,0.40369186,yuksek,Agaclik,predicted,0.3635,0.5763,YUKSEK
EGE_2021_03,EGE_2021_03_005547,36.77308,28.20319,1.0,1.0,0.87151194,17.919832,455.61612,0.045486342,0.7156679,0.25921264,0.45645526,yuksek,Agaclik,predicted,0.4545,0.6974,YUKSEK
EGE_2021_03,EGE_2021_03_005548,36.77305,28.20599,1.0,1.0,0.8846959,15.843255,456.32922,0.050135605,0.7022988,0.196681,0.50561786,yuksek,Agaclik,predicted,0.4733,0.7069,YUKSEK
EGE_2021_03,EGE_2021_03_005549,36.77302,28.2088,0.93570876,1.0,0.6708196,23.354902,372.87878,0.08203436,0.642746,0.21089745,0.43184853,yuksek,Agaclik,predicted,0.3992,0.6569,YUKSEK
EGE_2021_03,EGE_2021_03_005550,36.773,28.2116,0.68513876,0.75589204,0.33162123,11.918915,324.46277,0.05884968,0.46003777,0.25054106,0.2094967,orta-dusuk,Agaclik,predicted,0.2289,0.309,ORTA
EGE_2021_03,EGE_2021_03_005551,36.77297,28.2144,0.95728713,0.9239043,0.6458534,17.918032,368.82468,0.15338056,0.72218585,0.30056518,0.42162067,orta-yuksek,Agaclik,predicted,0.3709,0.5583,YUKSEK
EGE_2021_03,EGE_2021_03_005552,36.77294,28.2172,0.8520011,0.81277734,0.26408964,11.330087,387.8779,0.10980022,0.5745175,0.3981418,0.17637569,dusuk,Agaclik,low_severity,,0.0,DUSUK
EGE_2021_03,EGE_2021_03_005553,36.77291,28.22,0.29505593,0.37248242,0.19785216,5.627945,365.42175,0.246004,0.3447001,0.3168368,0.027863294,dusuk,Otlak/calilik,low_severity,,0.0,DUSUK
EGE_2021_03,EGE_2021_03_005555,36.77285,28.2256,1.0,1.0,0.15163365,14.673829,406.50113,0.021056319,0.63984907,0.4924838,0.14736527,dusuk,Agaclik,low_severity,,0.0,DUSUK
EGE_2021_03,EGE_2021_03_005556,36.77282,28.2284,1.0,1.0,0.42922306,24.919966,353.16547,0.020285564,0.61037827,0.24355721,0.36682105,orta-dusuk,Agaclik,predicted,0.4256,0.7182,YUKSEK
EGE_2021_03,EGE_2021_03_005557,36.77279,28.2312,1.0,1.0,0.27008674,22.936226,278.4499,0.019788655,0.5335742,0.27955735,0.25401688,orta-dusuk,Agaclik,predicted,0.4056,0.6715,YUKSEK
EGE_2021_03,EGE_2021_03_005558,36.77277,28.234,1.0,0.8378393,0.12115103,15.296374,208.14615,0.06193915,0.5271282,0.4250807,0.10204753,dusuk,Agaclik,low_severity,,0.0,DUSUK
EGE_2021_03,EGE_2021_03_005559,36.77274,28.2368,1.0,0.92198086,0.102440685,22.579918,141.90361,0.20318969,0.6555033,0.56223416,0.09326911,dusuk,Agaclik,low_severity,,0.0,DUSUK
EGE_2021_03,EGE_2021_03_005622,36.77152,28.13314,0.47896588,0.42713287,0.28069723,28.930328,142.04338,0.22799213,0.47069088,0.29441622,0.17627466,orta-dusuk,Otlak/calilik,low_severity,,0.0,DUSUK
EGE_2021_03,EGE_2021_03_005623,36.77149,28.13594,0.40654218,0.31072956,0.24289842,22.620584,205.81245,0.21723792,0.39631695,0.22886586,0.16745108,dusuk,Otlak/calilik,low_severity,,0.0,DUSUK
EGE_2021_03,EGE_2021_03_005627,36.77138,28.14714,0.92392933,0.9260374,0.1897476,25.256819,141.25432,0.1454297,0.55297005,0.37539726,0.17757279,dusuk,Agaclik,low_severity,,0.0,DUSUK
EGE_2021_03,EGE_2021_03_005628,36.77135,28.14994,0.7690666,0.81410885,0.25269467,35.569935,219.47508,0.095804945,0.47671694,0.28148997,0.19522697,dusuk,Agaclik,low_severity,,0.0,DUSUK
EGE_2021_03,EGE_2021_03_005630,36.7713,28.15555,0.6971842,0.7756642,0.12574981,35.517506,397.0493,0.36021447,0.50097734,0.36605576,0.13492158,dusuk,Agaclik,low_severity,,0.0,DUSUK
EGE_2021_03,EGE_2021_03_005632,36.77125,28.16115,0.757266,0.98994225,0.14212698,33.73705,534.364,0.47828013,0.52867305,0.40889397,0.11977908,dusuk,Agaclik,low_severity,,0.0,DUSUK
EGE_2021_03,EGE_2021_03_005633,36.77122,28.16395,0.45863825,0.73868597,0.2471964,32.318367,648.82416,0.44999528,0.49330467,0.32020307,0.1731016,dusuk,Agaclik,low_severity,,0.0,DUSUK
EGE_2021_03,EGE_2021_03_005634,36.77119,28.16675,0.4316423,0.4651817,0.19873352,34.480537,728.37524,0.45083243,0.4422945,0.3177471,0.12454742,dusuk,Otlak/calilik,low_severity,,0.0,DUSUK
EGE_2021_03,EGE_2021_03_005635,36.77116,28.16955,0.57260287,0.769795,0.5126411,24.539387,789.0915,0.36435175,0.5293654,0.23580733,0.2935581,orta-yuksek,Agaclik,predicted,0.327,0.5207,YUKSEK
EGE_2021_03,EGE_2021_03_005636,36.77114,28.17235,0.8591814,1.0,0.6548811,31.513008,698.8893,0.13421819,0.60777146,0.17323579,0.43453568,orta-yuksek,Agaclik,predicted,0.3592,0.6604,YUKSEK
EGE_2021_03,EGE_2021_03_005637,36.77111,28.17515,0.9369309,0.9690782,0.5356252,29.926529,570.7153,0.16815725,0.58101946,0.24094892,0.34007055,orta-yuksek,Agaclik,predicted,0.3629,0.6475,YUKSEK
EGE_2021_03,EGE_2021_03_005638,36.77108,28.17795,0.66736877,0.28018078,0.22284801,9.053828,485.1234,0.2889876,0.35932028,0.25950098,0.0998193,dusuk,Yerlesim,low_severity,,0.0,DUSUK
EGE_2021_03,EGE_2021_03_005639,36.77105,28.18075,0.8089951,0.87167966,0.24175137,14.81951,510.66284,0.19748329,0.46791852,0.30759922,0.1603193,dusuk,Agaclik,low_severity,,0.0,DUSUK
EGE_2021_03,EGE_2021_03_005641,36.771,28.18635,0.9867836,0.88000363,0.16586599,23.856476,515.7398,0.08746617,0.6097127,0.44658455,0.16312817,dusuk,Agaclik,low_severity,,0.0,DUSUK
EGE_2021_03,EGE_2021_03_005642,36.77097,28.18915,0.9832658,0.98064816,0.27893704,20.56133,522.3012,0.09106944,0.6892141,0.4467771,0.242437,orta-dusuk,Agaclik,predicted,0.3389,0.5421,YUKSEK
EGE_2021_03,EGE_2021_03_005643,36.77094,28.19196,0.96420246,1.0,0.4377414,22.682678,489.93982,0.045647047,0.68886757,0.26474035,0.42412722,orta-dusuk,Agaclik,predicted,0.3159,0.5325,YUKSEK
EGE_2021_03,EGE_2021_03_005644,36.77091,28.19476,0.9033414,0.9556062,0.39414862,18.445738,419.05878,0.01996999,0.5375478,0.26456988,0.27297795,orta-dusuk,Agaclik,predicted,0.2703,0.432,ORTA
EGE_2021_03,EGE_2021_03_005645,36.77088,28.19756,0.70217776,0.86024356,0.45944095,12.740914,404.5668,0.13796084,0.5201374,0.27063426,0.24950317,orta-yuksek,Agaclik,predicted,0.2605,0.352,ORTA
EGE_2021_03,EGE_2021_03_005646,36.77086,28.20036,1.0,1.0,0.83630496,20.04741,481.3497,0.08052682,0.67935705,0.25454587,0.42481118,yuksek,Agaclik,predicted,0.4482,0.7015,YUKSEK
EGE_2021_03,EGE_2021_03_005647,36.77083,28.20316,1.0,1.0,0.94439197,12.483466,518.21906,0.074986085,0.7245547,0.27426496,0.45028976,yuksek,Agaclik,predicted,0.4791,0.6832,YUKSEK
EGE_2021_03,EGE_2021_03_005648,36.7708,28.20596,1.0,1.0,0.8437541,17.16639,477.48898,0.07289831,0.67149496,0.1789068,0.49258816,yuksek,Agaclik,predicted,0.4387,0.6637,YUKSEK
EGE_2021_03,EGE_2021_03_005649,36.77077,28.20876,0.98825485,1.0,0.72276556,23.520857,379.38528,0.076915525,0.6665878,0.19778055,0.46880728,yuksek,Agaclik,predicted,0.3892,0.6442,YUKSEK
EGE_2021_03,EGE_2021_03_005650,36.77074,28.21156,0.7048394,0.1953082,0.14511739,6.667066,317.5831,0.038672842,0.40503907,0.33934796,0.06569111,dusuk,Yerlesim,low_severity,,0.0,DUSUK
EGE_2021_03,EGE_2021_03_005652,36.77069,28.21716,0.85945576,0.9677769,0.17706084,13.0653515,402.06744,0.19833466,0.60332423,0.42778802,0.17553622,dusuk,Agaclik,low_severity,,0.0,DUSUK
EGE_2021_03,EGE_2021_03_005655,36.7706,28.22556,1.0,1.0,0.21581766,22.136621,459.1616,0.16167928,0.68290186,0.43654412,0.24635774,dusuk,Agaclik,low_severity,,0.0,DUSUK
EGE_2021_03,EGE_2021_03_005656,36.77057,28.22837,1.0,1.0,0.41497117,23.478098,340.7441,0.05229701,0.64940035,0.2928092,0.35659117,orta-dusuk,Agaclik,predicted,0.4294,0.707,YUKSEK
EGE_2021_03,EGE_2021_03_005658,36.77051,28.23397,1.0,1.0,0.26023299,15.074291,235.73076,0.27974215,0.7698335,0.4439702,0.3258633,dusuk,Agaclik,low_severity,,0.0,DUSUK
EGE_2021_03,EGE_2021_03_005659,36.77048,28.23677,1.0,1.0,0.35158738,26.963669,163.12967,0.23610365,0.7293766,0.36696738,0.36240923,orta-dusuk,Agaclik,predicted,0.3729,0.6275,YUKSEK
EGE_2021_03,EGE_2021_03_005660,36.77045,28.23957,0.9126749,0.7625475,0.14889622,17.881985,50.839508,0.11888106,0.55667275,0.40012965,0.1565431,dusuk,Agaclik,low_severity,,0.0,DUSUK
EGE_2021_03,EGE_2021_03_005729,36.76907,28.15271,1.0,0.96337634,0.14625162,24.807693,167.03125,0.1085753,0.62539476,0.513358,0.112036765,dusuk,Agaclik,low_severity,,0.0,DUSUK
EGE_2021_03,EGE_2021_03_005730,36.76905,28.15551,0.94012254,1.0,0.25847542,32.144516,247.26868,0.3301473,0.61603093,0.3676973,0.24833363,dusuk,Agaclik,low_severity,,0.0,DUSUK
EGE_2021_03,EGE_2021_03_005731,36.76902,28.15831,0.95468915,1.0,0.1385,25.1604,325.7658,0.4695197,0.66960657,0.52002406,0.1495825,dusuk,Agaclik,low_severity,,0.0,DUSUK
EGE_2021_03,EGE_2021_03_005732,36.76899,28.16111,0.9744412,1.0,0.15430492,25.594902,418.40936,0.2630449,0.6689415,0.50495625,0.16398525,dusuk,Agaclik,low_severity,,0.0,DUSUK
EGE_2021_03,EGE_2021_03_005733,36.76896,28.16391,0.86493194,1.0,0.110336155,31.006933,481.18112,0.20721118,0.5561866,0.46815795,0.08802867,dusuk,Agaclik,low_severity,,0.0,DUSUK
EGE_2021_03,EGE_2021_03_005736,36.76888,28.17232,0.9442022,1.0,0.53606427,27.148798,616.4459,0.19592209,0.59222245,0.20981221,0.38241023,orta-yuksek,Agaclik,predicted,0.3723,0.6338,YUKSEK
EGE_2021_03,EGE_2021_03_005737,36.76885,28.17512,0.67201394,0.5587812,0.14805749,15.074572,510.92444,0.22056247,0.41986805,0.34018087,0.07968718,dusuk,Agaclik,low_severity,,0.0,DUSUK
EGE_2021_03,EGE_2021_03_005739,36.7688,28.18072,0.9590257,1.0,0.34472814,18.381279,550.1542,0.0805062,0.66943026,0.40722293,0.26220733,orta-dusuk,Agaclik,predicted,0.3175,0.4931,ORTA
EGE_2021_03,EGE_2021_03_005740,36.76877,28.18352,1.0,1.0,0.31873894,13.587006,606.7972,0.03589223,0.7568739,0.32665396,0.43021995,orta-dusuk,Agaclik,predicted,0.3366,0.4865,ORTA
EGE_2021_03,EGE_2021_03_005742,36.76872,28.18912,1.0,1.0,0.4863539,23.021557,624.5043,0.07193698,0.68481314,0.2795511,0.40526205,orta-yuksek,Agaclik,predicted,0.3069,0.5184,YUKSEK
EGE_2021_03,EGE_2021_03_005743,36.76869,28.19192,1.0,1.0,0.45650885,27.275553,545.676,0.107248284,0.70499516,0.2717744,0.43322074,orta-yuksek,Agaclik,predicted,0.3207,0.5705,YUKSEK
EGE_2021_03,EGE_2021_03_005744,36.76866,28.19472,0.9395991,1.0,0.42508832,20.31274,433.1953,0.047284223,0.6278274,0.30685157,0.32097584,orta-dusuk,Agaclik,predicted,0.34,0.5477,YUKSEK
EGE_2021_03,EGE_2021_03_005745,36.76863,28.19752,0.99233025,1.0,0.40192154,24.57645,454.25977,0.026880693,0.5956253,0.32740116,0.26822412,orta-dusuk,Agaclik,predicted,0.3129,0.5469,YUKSEK
EGE_2021_03,EGE_2021_03_005747,36.76857,28.20312,1.0,1.0,0.84792244,14.714492,522.04144,0.06720404,0.71744466,0.23259413,0.48485053,yuksek,Agaclik,predicted,0.4618,0.6777,YUKSEK
EGE_2021_03,EGE_2021_03_005748,36.76855,28.20592,1.0,1.0,0.830433,22.1401,475.97687,0.124146126,0.64274895,0.18344237,0.4593066,yuksek,Agaclik,predicted,0.4505,0.7168,YUKSEK
EGE_2021_03,EGE_2021_03_005749,36.76852,28.20872,1.0,1.0,0.767297,19.47343,379.51056,0.03692475,0.695666,0.20808028,0.48758572,yuksek,Agaclik,predicted,0.4002,0.6313,YUKSEK
EGE_2021_03,EGE_2021_03_005750,36.76849,28.21153,1.0,0.3720398,0.19629118,11.845028,341.58807,0.06453139,0.4559216,0.34632063,0.10960096,dusuk,Yerlesim,low_severity,,0.0,DUSUK
EGE_2021_03,EGE_2021_03_005753,36.7684,28.21993,1.0,1.0,0.21448338,15.977162,437.28537,0.13968448,0.6924919,0.47669935,0.21579254,dusuk,Agaclik,low_severity,,0.0,DUSUK
EGE_2021_03,EGE_2021_03_005755,36.76835,28.22553,0.95346737,1.0,0.24419206,24.685316,520.0189,0.3107612,0.6844106,0.4593083,0.22510228,dusuk,Agaclik,low_severity,,0.0,DUSUK
EGE_2021_03,EGE_2021_03_005756,36.76832,28.22833,0.9897941,1.0,0.28309187,29.238703,414.003,0.21184792,0.74138355,0.44171986,0.2996637,orta-dusuk,Agaclik,predicted,0.395,0.6832,YUKSEK
EGE_2021_03,EGE_2021_03_005757,36.76829,28.23113,1.0,1.0,0.2755956,22.376862,345.85764,0.30160588,0.79603326,0.4602067,0.33582658,orta-dusuk,Agaclik,predicted,0.4354,0.6718,YUKSEK
EGE_2021_03,EGE_2021_03_005758,36.76826,28.23393,1.0,0.9386166,0.17573506,23.715734,267.4638,0.46290216,0.6849227,0.4525475,0.2323752,dusuk,Agaclik,low_severity,,0.0,DUSUK
EGE_2021_03,EGE_2021_03_005759,36.76823,28.23673,0.988605,1.0,0.21156397,24.551897,156.22331,0.23073283,0.68101096,0.43582898,0.24518198,dusuk,Agaclik,low_severity,,0.0,DUSUK
EGE_2021_03,EGE_2021_03_005829,36.76682,28.15268,0.9992409,0.78922963,0.17023277,12.277848,118.097,0.3333832,0.5991646,0.51863945,0.08052516,dusuk,Agaclik,low_severity,,0.0,DUSUK
EGE_2021_03,EGE_2021_03_005830,36.76679,28.15548,0.97808474,0.9807791,0.22178154,20.73451,167.7595,0.19210069,0.60275066,0.43340147,0.1693492,dusuk,Agaclik,low_severity,,0.0,DUSUK
EGE_2021_03,EGE_2021_03_005831,36.76677,28.15828,0.91965395,1.0,0.12912366,26.753632,270.17093,0.28164357,0.604988,0.4823299,0.122658074,dusuk,Agaclik,low_severity,,0.0,DUSUK
EGE_2021_03,EGE_2021_03_005832,36.76674,28.16108,0.96272314,1.0,0.1387581,24.106005,319.60596,0.18101773,0.5732345,0.47451976,0.09871474,dusuk,Agaclik,low_severity,,0.0,DUSUK
EGE_2021_03,EGE_2021_03_005833,36.76671,28.16388,1.0,1.0,0.2168165,23.467745,364.88455,0.091527075,0.5971203,0.42424467,0.17287561,dusuk,Agaclik,low_severity,,0.0,DUSUK
EGE_2021_03,EGE_2021_03_005836,36.76663,28.17228,1.0,1.0,0.26037598,24.108566,575.69464,0.32054862,0.6488427,0.38311428,0.2657284,dusuk,Agaclik,low_severity,,0.0,DUSUK
EGE_2021_03,EGE_2021_03_005838,36.76657,28.17788,0.952808,0.8509673,0.28571975,17.701569,539.41504,0.24958305,0.6144327,0.3966415,0.2177912,orta-dusuk,Agaclik,predicted,0.2666,0.3882,ORTA
EGE_2021_03,EGE_2021_03_005839,36.76655,28.18068,0.8125745,0.9097387,0.49898344,8.887669,588.7021,0.083913565,0.65989804,0.28313294,0.3767651,orta-yuksek,Agaclik,predicted,0.2894,0.3693,ORTA
EGE_2021_03,EGE_2021_03_005840,36.76652,28.18348,0.9008394,0.78334427,0.23999701,8.765318,596.14996,0.071347296,0.4689713,0.27534652,0.1936248,dusuk,Agaclik,low_severity,,0.0,DUSUK
EGE_2021_03,EGE_2021_03_005841,36.76649,28.18628,0.98337,0.96419024,0.41680828,15.646251,600.3979,0.053658642,0.63778996,0.26788092,0.36990905,orta-dusuk,Agaclik,predicted,0.2789,0.416,ORTA
EGE_2021_03,EGE_2021_03_005842,36.76646,28.18909,0.6375708,0.5674549,0.4482996,21.671732,555.09094,0.05242945,0.4392935,0.1762681,0.2630254,orta-yuksek,Agaclik,predicted,0.3157,0.5226,YUKSEK
EGE_2021_03,EGE_2021_03_005843,36.76643,28.19189,0.8771033,0.9772877,0.42324075,22.053774,511.43887,0.07113563,0.53649414,0.23282827,0.30366588,orta-dusuk,Agaclik,predicted,0.2957,0.4936,ORTA
EGE_2021_03,EGE_2021_03_005844,36.76641,28.19469,0.8499257,1.0,0.744557,15.549348,470.9603,0.0129063595,0.64834374,0.24512154,0.4032222,yuksek,Agaclik,predicted,0.3575,0.5375,YUKSEK
EGE_2021_03,EGE_2021_03_005845,36.76638,28.19749,1.0,1.0,0.88859105,26.428583,550.2607,0.06417763,0.7319278,0.29328328,0.43864453,yuksek,Agaclik,predicted,0.4985,0.8333,COK_YUKSEK
EGE_2021_03,EGE_2021_03_005848,36.76629,28.20589,1.0,1.0,0.80423653,25.888964,518.0986,0.071888626,0.6336988,0.20046026,0.43323857,yuksek,Agaclik,predicted,0.4664,0.7799,COK_YUKSEK
EGE_2021_03,EGE_2021_03_005849,36.76626,28.20869,1.0,1.0,0.8154603,16.855774,439.16693,0.049220733,0.66835415,0.22553718,0.44281697,yuksek,Agaclik,predicted,0.4189,0.6349,YUKSEK
EGE_2021_03,EGE_2021_03_005850,36.76624,28.21149,1.0,0.9564197,0.25229773,15.607297,377.59857,0.19207741,0.5574337,0.37544236,0.18199137,dusuk,Agaclik,low_severity,,0.0,DUSUK
EGE_2021_03,EGE_2021_03_005852,36.76618,28.21709,1.0,1.0,0.1928412,21.332254,408.3156,0.046875194,0.7230371,0.46513045,0.25790668,dusuk,Agaclik,low_severity,,0.0,DUSUK
EGE_2021_03,EGE_2021_03_005854,36.76612,28.22269,1.0,1.0,0.34504336,15.58071,514.559,0.19953315,0.62364066,0.29895824,0.3246824,orta-dusuk,Agaclik,predicted,0.3584,0.5132,YUKSEK
EGE_2021_03,EGE_2021_03_005855,36.76609,28.22549,1.0,1.0,0.47608262,12.115016,565.9237,0.07709015,0.67431045,0.28859115,0.3857193,orta-yuksek,Agaclik,predicted,0.3583,0.5003,YUKSEK
EGE_2021_03,EGE_2021_03_005856,36.76606,28.22829,0.92279726,0.974741,0.2289775,24.279337,508.7092,0.2485148,0.6888454,0.4543161,0.23452929,dusuk,Agaclik,low_severity,,0.0,DUSUK
EGE_2021_03,EGE_2021_03_005857,36.76604,28.23109,0.93466794,0.84289706,0.19190228,32.136993,394.28073,0.45729223,0.66422236,0.45637804,0.20784432,dusuk,Agaclik,low_severity,,0.0,DUSUK
EGE_2021_03,EGE_2021_03_005865,36.7658,28.2535,1.0,1.0,0.23809761,19.868084,113.23166,0.060507637,0.77938133,0.5232062,0.25617516,dusuk,Agaclik,low_severity,,0.0,DUSUK
EGE_2021_03,EGE_2021_03_005866,36.76577,28.2563,1.0,1.0,0.18287534,25.275791,201.49486,0.26684868,0.71445966,0.50614464,0.20831501,dusuk,Agaclik,low_severity,,0.0,DUSUK
EGE_2021_03,EGE_2021_03_005929,36.76457,28.15264,1.0,0.99899906,0.14123115,24.517809,201.09583,0.29673925,0.71612024,0.63376325,0.08235699,dusuk,Agaclik,low_severity,,0.0,DUSUK
EGE_2021_03,EGE_2021_03_005931,36.76451,28.15824,1.0,1.0,0.17677742,14.552743,212.66487,0.15000263,0.63573956,0.4665225,0.16921705,dusuk,Agaclik,low_severity,,0.0,DUSUK
EGE_2021_03,EGE_2021_03_005932,36.76449,28.16105,1.0,1.0,0.36931658,15.664497,267.10703,0.19571903,0.74098647,0.41346806,0.3275184,orta-dusuk,Agaclik,predicted,0.3464,0.4967,ORTA
EGE_2021_03,EGE_2021_03_005933,36.76446,28.16385,1.0,1.0,0.49409622,20.25095,338.12915,0.16567764,0.76281464,0.37469757,0.38811707,orta-yuksek,Agaclik,predicted,0.3944,0.6115,YUKSEK
EGE_2021_03,EGE_2021_03_005934,36.76443,28.16665,0.9401184,0.8688715,0.3416419,26.423252,449.42545,0.04406732,0.6427109,0.36741877,0.27529216,orta-dusuk,Agaclik,predicted,0.282,0.5145,YUKSEK
EGE_2021_03,EGE_2021_03_005938,36.76432,28.17785,0.91627914,0.77805316,0.23024163,19.348679,551.54395,0.073618464,0.5513072,0.36774576,0.18356144,dusuk,Agaclik,low_severity,,0.0,DUSUK
EGE_2021_03,EGE_2021_03_005939,36.76429,28.18065,0.99853957,1.0,0.41325945,10.699431,608.9222,0.059989907,0.72917247,0.30924368,0.4199288,orta-dusuk,Agaclik,predicted,0.3342,0.4547,ORTA
EGE_2021_03,EGE_2021_03_005940,36.76427,28.18345,0.93516535,1.0,0.33407876,4.8198915,588.107,0.012739575,0.57186085,0.28773087,0.28412998,orta-dusuk,Agaclik,predicted,0.2891,0.3438,ORTA
EGE_2021_03,EGE_2021_03_005941,36.76424,28.18625,1.0,1.0,0.6073146,7.218061,592.7535,0.06860171,0.66981345,0.23769504,0.43211842,orta-yuksek,Agaclik,predicted,0.3514,0.4492,ORTA
EGE_2021_03,EGE_2021_03_005942,36.76421,28.18905,1.0,1.0,0.5984481,19.970184,558.6402,0.0236283,0.6691331,0.26470944,0.40442368,orta-yuksek,Agaclik,predicted,0.3214,0.5204,YUKSEK
EGE_2021_03,EGE_2021_03_005943,36.76418,28.19185,0.8790258,0.6555738,0.115954176,13.565488,472.89328,0.11054992,0.43310222,0.3294146,0.103687614,dusuk,Agaclik,low_severity,,0.0,DUSUK
EGE_2021_03,EGE_2021_03_005944,36.76415,28.19465,1.0,0.93356514,0.4487504,14.6626,486.17004,0.048917595,0.5357187,0.29379347,0.24192521,orta-yuksek,Agaclik,predicted,0.2902,0.425,ORTA
EGE_2021_03,EGE_2021_03_005945,36.76412,28.19745,0.9924172,1.0,0.82452464,19.805819,565.1256,0.029712893,0.6797317,0.24898517,0.43074656,yuksek,Agaclik,predicted,0.4565,0.7188,YUKSEK
EGE_2021_03,EGE_2021_03_005946,36.7641,28.20025,0.9954538,1.0,0.73062456,16.2635,620.2418,0.030112123,0.65872765,0.2363753,0.42235234,yuksek,Agaclik,predicted,0.3818,0.5774,YUKSEK
EGE_2021_03,EGE_2021_03_005947,36.76407,28.20305,1.0,1.0,0.786793,17.898914,600.88947,0.056077726,0.70615077,0.23509634,0.47105443,yuksek,Agaclik,predicted,0.4588,0.7022,YUKSEK
EGE_2021_03,EGE_2021_03_005948,36.76404,28.20585,1.0,1.0,0.91373855,22.146624,518.36816,0.053817205,0.71560615,0.17010322,0.5455029,yuksek,Agaclik,predicted,0.4901,0.7855,COK_YUKSEK
EGE_2021_03,EGE_2021_03_005949,36.76401,28.20865,1.0,1.0,0.6760778,18.940948,480.97568,0.07065917,0.7012838,0.2884611,0.41282272,yuksek,Agaclik,predicted,0.3381,0.5299,YUKSEK
EGE_2021_03,EGE_2021_03_005950,36.76398,28.21145,1.0,1.0,0.3086614,21.198736,439.9042,0.07611782,0.7579266,0.39108688,0.3668397,orta-dusuk,Agaclik,predicted,0.3516,0.5685,YUKSEK
EGE_2021_03,EGE_2021_03_005952,36.76393,28.21706,0.9665893,1.0,0.2594757,22.628279,512.5896,0.14053212,0.67461854,0.45798331,0.21663523,dusuk,Agaclik,low_severity,,0.0,DUSUK
EGE_2021_03,EGE_2021_03_005953,36.7639,28.21986,1.0,1.0,0.4322279,15.294185,488.99515,0.043063052,0.7053079,0.36439115,0.34091675,orta-dusuk,Agaclik,predicted,0.3054,0.4538,ORTA
EGE_2021_03,EGE_2021_03_005954,36.76387,28.22266,1.0,1.0,0.5479979,19.113667,534.3312,0.092011265,0.69650877,0.2891959,0.40731287,orta-yuksek,Agaclik,predicted,0.3382,0.5285,YUKSEK
EGE_2021_03,EGE_2021_03_005955,36.76384,28.22546,1.0,1.0,0.5220797,11.537222,578.53467,0.105511345,0.659148,0.2640917,0.39505628,orta-yuksek,Agaclik,predicted,0.3747,0.5158,YUKSEK
EGE_2021_03,EGE_2021_03_005957,36.76378,28.23106,0.9285206,0.6999467,0.11929989,30.93865,331.82278,0.42525968,0.56008196,0.4284231,0.13165885,dusuk,Agaclik,low_severity,,0.0,DUSUK
EGE_2021_03,EGE_2021_03_005964,36.76358,28.25066,1.0,1.0,0.13500643,15.016328,106.10082,0.0816263,0.7881987,0.61811525,0.17008346,dusuk,Agaclik,low_severity,,0.0,DUSUK
EGE_2021_03,EGE_2021_03_005966,36.76352,28.25626,1.0,1.0,0.32645196,14.79679,244.42366,0.047280967,0.8186244,0.42137104,0.39725333,orta-dusuk,Agaclik,predicted,0.3534,0.5202,YUKSEK
EGE_2021_03,EGE_2021_03_005967,36.76349,28.25906,1.0,1.0,0.32655436,19.507666,263.51035,0.24359527,0.69849885,0.36903673,0.3294621,orta-dusuk,Agaclik,predicted,0.3638,0.5489,YUKSEK
EGE_2021_03,EGE_2021_03_005968,36.76346,28.26186,0.9401119,0.964899,0.22486754,27.557281,143.38043,0.06969207,0.6003419,0.3850852,0.21525672,dusuk,Agaclik,low_severity,,0.0,DUSUK
EGE_2021_03,EGE_2021_03_006029,36.76231,28.15261,0.6304883,0.5826738,0.29192308,21.169178,255.54137,0.30648884,0.53614247,0.34228736,0.1938551,orta-dusuk,Agaclik,low_severity,,0.0,DUSUK
EGE_2021_03,EGE_2021_03_006030,36.76229,28.15541,0.99919754,1.0,0.49702257,14.606268,233.20406,0.10711082,0.6937576,0.32222706,0.37153053,orta-yuksek,Agaclik,predicted,0.366,0.529,YUKSEK
EGE_2021_03,EGE_2021_03_006031,36.76226,28.15821,1.0,1.0,0.5649062,16.518795,267.8753,0.0948562,0.814976,0.34720755,0.46776843,orta-yuksek,Agaclik,predicted,0.3725,0.5568,YUKSEK
EGE_2021_03,EGE_2021_03_006032,36.76223,28.16101,1.0,1.0,0.5965045,22.657354,316.12677,0.020868218,0.84590906,0.41123152,0.43467754,orta-yuksek,Agaclik,predicted,0.3947,0.6527,YUKSEK
EGE_2021_03,EGE_2021_03_006033,36.76221,28.16381,1.0,1.0,0.5549093,25.220047,390.4921,0.19226389,0.87393713,0.4237676,0.45016953,orta-yuksek,Agaclik,predicted,0.3973,0.6548,YUKSEK
EGE_2021_03,EGE_2021_03_006034,36.76218,28.16661,1.0,0.9896903,0.4053313,26.411156,487.2792,0.0062933755,0.74877286,0.39385945,0.3549134,orta-dusuk,Agaclik,predicted,0.2973,0.5424,YUKSEK
EGE_2021_03,EGE_2021_03_006037,36.7621,28.17501,0.9042163,0.8937392,0.22264057,11.78549,546.92206,0.11212926,0.5216005,0.29123238,0.23036811,dusuk,Agaclik,low_severity,,0.0,DUSUK
EGE_2021_03,EGE_2021_03_006038,36.76207,28.17781,1.0,1.0,0.441818,14.263414,599.14716,0.048342574,0.7332585,0.32334396,0.40991452,orta-yuksek,Agaclik,predicted,0.3094,0.4502,ORTA
EGE_2021_03,EGE_2021_03_006039,36.76204,28.18061,1.0,1.0,0.4558099,6.8689747,613.1963,0.031189734,0.72062165,0.29549786,0.42512378,orta-yuksek,Agaclik,predicted,0.3322,0.4229,ORTA
EGE_2021_03,EGE_2021_03_006040,36.76201,28.18341,0.9413242,0.9771331,0.57482284,5.5277925,586.07214,0.11558737,0.63869965,0.2608569,0.37784275,orta-yuksek,Agaclik,predicted,0.3439,0.417,ORTA
EGE_2021_03,EGE_2021_03_006041,36.76198,28.18622,1.0,1.0,0.57490396,9.382594,586.14465,0.08190436,0.63191485,0.23756972,0.39434513,orta-yuksek,Agaclik,predicted,0.3674,0.4897,ORTA
EGE_2021_03,EGE_2021_03_006042,36.76196,28.18902,0.99265444,1.0,0.48063126,14.362782,550.5036,0.09682252,0.63965744,0.27431664,0.3653408,orta-yuksek,Agaclik,predicted,0.3215,0.4622,ORTA
EGE_2021_03,EGE_2021_03_006043,36.76193,28.19182,1.0,0.8298471,0.24667934,16.99388,496.8192,0.077250354,0.5076322,0.31771192,0.18992028,dusuk,Agaclik,low_severity,,0.0,DUSUK
EGE_2021_03,EGE_2021_03_006044,36.7619,28.19462,1.0,0.96717995,0.3328578,11.950393,495.0369,0.045862786,0.5499037,0.28956628,0.2603374,orta-dusuk,Agaclik,predicted,0.3111,0.4332,ORTA
EGE_2021_03,EGE_2021_03_006045,36.76187,28.19742,0.9100315,0.89136153,0.44061518,11.892617,528.9285,0.07071059,0.5440581,0.23822488,0.30583322,orta-yuksek,Agaclik,predicted,0.2971,0.4084,ORTA
EGE_2021_03,EGE_2021_03_006046,36.76184,28.20022,0.6602356,0.66433465,0.40960762,16.094898,533.3898,0.04523251,0.45036638,0.21323773,0.23712865,orta-dusuk,Agaclik,predicted,0.3017,0.4549,ORTA
EGE_2021_03,EGE_2021_03_006047,36.76182,28.20302,0.8276693,0.79316825,0.5128831,20.366034,558.0696,0.053795427,0.51011324,0.20251992,0.30759332,orta-yuksek,Agaclik,predicted,0.3261,0.5266,YUKSEK
EGE_2021_03,EGE_2021_03_006048,36.76179,28.20582,0.97523624,1.0,0.7369305,18.579092,592.5814,0.082738675,0.62313026,0.18713921,0.43599105,yuksek,Agaclik,predicted,0.4181,0.6439,YUKSEK
EGE_2021_03,EGE_2021_03_006049,36.76176,28.20862,1.0,1.0,0.49750495,20.978378,587.0859,0.11854662,0.6697194,0.30127478,0.36844462,orta-yuksek,Agaclik,predicted,0.3376,0.54,YUKSEK
EGE_2021_03,EGE_2021_03_006050,36.76173,28.21142,1.0,1.0,0.2112732,21.485191,524.4775,0.12717083,0.6728784,0.42668334,0.24619505,dusuk,Agaclik,low_severity,,0.0,DUSUK
EGE_2021_03,EGE_2021_03_006051,36.7617,28.21422,1.0,1.0,0.13654158,29.037699,541.07513,0.198996,0.62310946,0.5193437,0.103765786,dusuk,Agaclik,low_severity,,0.0,DUSUK
EGE_2021_03,EGE_2021_03_006052,36.76167,28.21702,0.97042567,1.0,0.23457856,27.678938,599.6259,0.13655274,0.6447185,0.44600344,0.19871509,dusuk,Agaclik,low_severity,,0.0,DUSUK
EGE_2021_03,EGE_2021_03_006054,36.76162,28.22262,0.9117214,1.0,0.6396131,22.303648,593.9259,0.17543516,0.70123315,0.3102119,0.39102125,orta-yuksek,Agaclik,predicted,0.3767,0.6015,YUKSEK
EGE_2021_03,EGE_2021_03_006055,36.76159,28.22542,1.0,1.0,0.28132617,22.5344,523.9393,0.14208172,0.579351,0.34028864,0.23906237,orta-dusuk,Agaclik,predicted,0.3763,0.6075,YUKSEK
EGE_2021_03,EGE_2021_03_006057,36.76153,28.23102,0.9970027,0.9712297,0.19215101,22.838383,374.1885,0.25334772,0.7045021,0.49456015,0.20994195,dusuk,Agaclik,low_severity,,0.0,DUSUK
EGE_2021_03,EGE_2021_03_006058,36.7615,28.23382,1.0,0.9386166,0.1469684,30.818016,401.33282,0.18995756,0.70888746,0.5753338,0.13355368,dusuk,Agaclik,low_severity,,0.0,DUSUK
EGE_2021_03,EGE_2021_03_006064,36.76132,28.25062,1.0,1.0,0.2113421,19.480118,156.66948,0.13049258,0.80396944,0.5904113,0.21355814,dusuk,Agaclik,low_severity,,0.0,DUSUK
EGE_2021_03,EGE_2021_03_006065,36.76129,28.25342,0.94011074,1.0,0.15837786,25.35628,236.20209,0.14614542,0.64884603,0.48966795,0.15917808,dusuk,Agaclik,low_severity,,0.0,DUSUK
EGE_2021_03,EGE_2021_03_006066,36.76127,28.25622,1.0,1.0,0.2589781,12.789942,276.65436,0.20425294,0.75417554,0.41299364,0.3411819,dusuk,Agaclik,low_severity,,0.0,DUSUK
EGE_2021_03,EGE_2021_03_006067,36.76124,28.25903,0.948817,1.0,0.42027074,17.642572,237.43575,0.30044544,0.69944715,0.3039136,0.39553356,orta-dusuk,Agaclik,predicted,0.3374,0.4857,ORTA
EGE_2021_03,EGE_2021_03_006068,36.76121,28.26183,0.90475076,0.84481436,0.1900213,28.152426,131.52658,0.14208016,0.5183656,0.35285035,0.16551527,dusuk,Agaclik,low_severity,,0.0,DUSUK
EGE_2021_03,EGE_2021_03_006130,36.76003,28.15538,0.72474706,0.54127437,0.40859947,26.505554,218.7005,0.0841965,0.535516,0.2479099,0.28760612,orta-dusuk,Otlak/calilik,predicted,0.2646,0.4838,ORTA
EGE_2021_03,EGE_2021_03_006131,36.76001,28.15818,0.8651056,0.89577174,0.66703326,18.854334,313.76596,0.15662213,0.7247577,0.25834438,0.4664133,yuksek,Agaclik,predicted,0.348,0.5319,YUKSEK
EGE_2021_03,EGE_2021_03_006132,36.75998,28.16098,1.0,0.99599326,0.84128374,25.483406,406.15512,0.26176926,0.8452794,0.25787318,0.5874062,yuksek,Agaclik,predicted,0.4331,0.7006,YUKSEK
EGE_2021_03,EGE_2021_03_006133,36.75995,28.16378,0.94108427,0.888127,0.42691508,20.731516,473.55502,0.346203,0.72454596,0.3398096,0.38473636,orta-dusuk,Agaclik,predicted,0.2952,0.4433,ORTA
EGE_2021_03,EGE_2021_03_006134,36.75992,28.16658,0.8605564,0.54566485,0.26459247,16.001759,539.1531,0.13276193,0.61364186,0.374761,0.23888087,dusuk,Agaclik,low_severity,,0.0,DUSUK
EGE_2021_03,EGE_2021_03_006135,36.7599,28.16938,0.94887745,0.7929231,0.2633084,12.425448,583.02014,0.049392488,0.5464933,0.33265197,0.21384132,dusuk,Agaclik,low_severity,,0.0,DUSUK
EGE_2021_03,EGE_2021_03_006136,36.75987,28.17218,1.0,1.0,0.21328086,7.2710805,557.433,0.1215227,0.5821794,0.36518052,0.2169989,dusuk,Agaclik,low_severity,,0.0,DUSUK
EGE_2021_03,EGE_2021_03_006137,36.75984,28.17498,1.0,1.0,0.28587118,6.646719,557.8878,0.060643744,0.6226647,0.30644864,0.31621605,orta-dusuk,Agaclik,predicted,0.3369,0.4239,ORTA
EGE_2021_03,EGE_2021_03_006138,36.75981,28.17778,1.0,1.0,0.40282235,13.084917,583.5355,0.10834463,0.68882227,0.31199485,0.37682742,orta-dusuk,Agaclik,predicted,0.364,0.5128,YUKSEK
EGE_2021_03,EGE_2021_03_006139,36.75979,28.18058,1.0,1.0,0.69408125,9.833942,609.1771,0.10382179,0.71608186,0.25002086,0.466061,yuksek,Agaclik,predicted,0.3851,0.5168,YUKSEK
EGE_2021_03,EGE_2021_03_006140,36.75976,28.18338,0.74604344,0.6738572,0.45859045,8.59468,595.0626,0.1317771,0.5011935,0.23914818,0.26204532,orta-yuksek,Agaclik,predicted,0.2781,0.3434,ORTA
EGE_2021_03,EGE_2021_03_006141,36.75973,28.18618,0.92779225,0.76012856,0.47015035,8.365475,594.3858,0.109433204,0.53850996,0.24992007,0.2885899,orta-yuksek,Agaclik,predicted,0.3086,0.3898,ORTA
EGE_2021_03,EGE_2021_03_006142,36.7597,28.18898,0.84987473,0.97554654,0.57097155,9.634717,556.59033,0.07497085,0.5745883,0.21119362,0.36339468,orta-yuksek,Agaclik,predicted,0.3048,0.3999,ORTA
EGE_2021_03,EGE_2021_03_006143,36.75967,28.19178,1.0,1.0,0.42918485,8.325114,552.236,0.06545798,0.5731902,0.24632564,0.32686457,orta-dusuk,Agaclik,predicted,0.3336,0.4327,ORTA
EGE_2021_03,EGE_2021_03_006144,36.75965,28.19458,1.0,1.0,0.48317298,14.500172,542.6493,0.080129966,0.60866475,0.23370615,0.3749586,orta-yuksek,Agaclik,predicted,0.3219,0.4663,ORTA
EGE_2021_03,EGE_2021_03_006145,36.75962,28.19738,1.0,1.0,0.4776278,9.015432,533.6792,0.06588332,0.59841394,0.23876485,0.3596491,orta-yuksek,Agaclik,predicted,0.3333,0.4381,ORTA
EGE_2021_03,EGE_2021_03_006146,36.75959,28.20018,1.0,0.8028874,0.40985638,8.226657,526.4887,0.1374755,0.5014209,0.24294648,0.25847444,orta-dusuk,Agaclik,predicted,0.2721,0.3305,ORTA
EGE_2021_03,EGE_2021_03_006147,36.75956,28.20298,0.80142134,0.3671816,0.29168367,3.6751897,522.00684,0.114817165,0.41572684,0.26260656,0.15312028,orta-dusuk,Agaclik,low_severity,,0.0,DUSUK
EGE_2021_03,EGE_2021_03_006148,36.75953,28.20578,0.78539187,0.2583987,0.21290159,11.884963,527.244,0.055953313,0.37796384,0.24425274,0.1337111,dusuk,Yerlesim,low_severity,,0.0,DUSUK
EGE_2021_03,EGE_2021_03_006149,36.75951,28.20858,0.9340349,0.69447076,0.17239809,15.320047,541.5863,0.10277075,0.4194773,0.30737638,0.11210093,dusuk,Agaclik,low_severity,,0.0,DUSUK
EGE_2021_03,EGE_2021_03_006150,36.75948,28.21138,1.0,0.9386166,0.28186598,21.293512,576.859,0.07778985,0.5497773,0.3237911,0.22598624,orta-dusuk,Agaclik,predicted,0.2702,0.4482,ORTA
EGE_2021_03,EGE_2021_03_006151,36.75945,28.21418,1.0,1.0,0.23666325,32.609303,671.2562,0.22788376,0.6865016,0.36776832,0.3187333,dusuk,Agaclik,low_severity,,0.0,DUSUK
EGE_2021_03,EGE_2021_03_006154,36.75936,28.22258,0.842499,1.0,0.62419283,29.556938,608.85065,0.06360714,0.6714813,0.2630076,0.4084737,orta-yuksek,Agaclik,predicted,0.3596,0.654,YUKSEK
EGE_2021_03,EGE_2021_03_006155,36.75933,28.22539,1.0,1.0,0.4121224,19.279501,490.12213,0.06359194,0.6657871,0.34361997,0.32216713,orta-dusuk,Agaclik,predicted,0.3156,0.5003,YUKSEK
EGE_2021_03,EGE_2021_03_006156,36.7593,28.22819,1.0,1.0,0.20415151,15.529482,429.76367,0.08231382,0.73829186,0.57193303,0.16635883,dusuk,Agaclik,low_severity,,0.0,DUSUK
EGE_2021_03,EGE_2021_03_006157,36.75928,28.23099,1.0,1.0,0.325673,18.531565,455.10883,0.03866196,0.8012236,0.4925729,0.30865067,orta-dusuk,Agaclik,predicted,0.3188,0.5021,YUKSEK
EGE_2021_03,EGE_2021_03_006158,36.75925,28.23379,1.0,1.0,0.3228869,17.642319,494.9299,0.06111,0.7973498,0.4697765,0.3275733,orta-dusuk,Agaclik,predicted,0.3219,0.496,ORTA
EGE_2021_03,EGE_2021_03_006159,36.75922,28.23659,0.94142765,0.80910194,0.18193133,23.685287,572.2532,0.15061982,0.6472548,0.42612106,0.22113377,dusuk,Agaclik,low_severity,,0.0,DUSUK
EGE_2021_03,EGE_2021_03_006163,36.7591,28.24779,1.0,1.0,0.17459938,29.16556,307.27917,0.29415154,0.65546864,0.529152,0.12631667,dusuk,Agaclik,low_severity,,0.0,DUSUK
EGE_2021_03,EGE_2021_03_006164,36.75907,28.25059,1.0,1.0,0.24202809,25.757267,260.87576,0.110385336,0.8259678,0.574537,0.2514308,dusuk,Agaclik,low_severity,,0.0,DUSUK
EGE_2021_03,EGE_2021_03_006165,36.75904,28.25339,1.0,1.0,0.19123241,20.224045,292.40793,0.10767094,0.7459065,0.529364,0.21654248,dusuk,Agaclik,low_severity,,0.0,DUSUK
EGE_2021_03,EGE_2021_03_006166,36.75901,28.25619,1.0,1.0,0.28114703,17.000614,311.6237,0.304266,0.72259116,0.45106706,0.2715241,orta-dusuk,Agaclik,predicted,0.354,0.5044,YUKSEK
EGE_2021_03,EGE_2021_03_006167,36.75898,28.25899,0.95205104,1.0,0.27855685,24.229246,216.34048,0.35740674,0.6960949,0.38582462,0.31027025,orta-dusuk,Agaclik,predicted,0.3596,0.5674,YUKSEK
EGE_2021_03,EGE_2021_03_006168,36.75895,28.26179,0.8981812,0.8773719,0.13798785,23.288311,96.26995,0.14108174,0.5922236,0.44539762,0.14682597,dusuk,Agaclik,low_severity,,0.0,DUSUK
EGE_2021_03,EGE_2021_03_006231,36.75775,28.15814,0.9531388,0.70927763,0.36104214,26.220285,315.91925,0.22968659,0.5561125,0.30857244,0.24754009,orta-dusuk,Agaclik,predicted,0.2743,0.4756,ORTA
EGE_2021_03,EGE_2021_03_006232,36.75773,28.16094,0.6338977,0.49010113,0.5082463,27.382969,390.85605,0.2763466,0.56677014,0.20897251,0.35779762,orta-yuksek,Agaclik,predicted,0.3078,0.5288,YUKSEK
EGE_2021_03,EGE_2021_03_006233,36.7577,28.16374,0.20091058,0.0,0.28528604,32.634132,397.3544,0.29164883,0.4496832,0.24454609,0.2051371,orta-dusuk,Otlak/calilik,predicted,0.2148,0.4337,ORTA
EGE_2021_03,EGE_2021_03_006234,36.75767,28.16654,0.52052635,0.0,0.2919509,28.701899,478.77023,0.28738016,0.44226015,0.23910052,0.20315963,orta-dusuk,Otlak/calilik,predicted,0.2271,0.4188,ORTA
EGE_2021_03,EGE_2021_03_006235,36.75764,28.16934,0.2939938,0.12712905,0.20797947,25.754105,535.5409,0.18165705,0.37122786,0.23624474,0.13498312,dusuk,Otlak/calilik,low_severity,,0.0,DUSUK
EGE_2021_03,EGE_2021_03_006236,36.75762,28.17214,1.0,1.0,0.28068283,15.465882,520.32117,0.16749913,0.5911213,0.3394248,0.25169653,orta-dusuk,Agaclik,predicted,0.3768,0.544,YUKSEK
EGE_2021_03,EGE_2021_03_006237,36.75759,28.17494,0.9603475,0.9756356,0.3453319,8.028013,526.34045,0.09032603,0.5886735,0.32301384,0.26565963,orta-dusuk,Agaclik,predicted,0.2876,0.3584,ORTA
EGE_2021_03,EGE_2021_03_006238,36.75756,28.17775,0.9229016,0.96298105,0.33253264,8.55619,540.591,0.06078973,0.58688736,0.3162705,0.27061686,orta-dusuk,Agaclik,predicted,0.2777,0.3523,ORTA
EGE_2021_03,EGE_2021_03_006239,36.75753,28.18055,1.0,1.0,0.6552352,9.344755,565.42645,0.027394054,0.7264309,0.22847724,0.49795365,orta-yuksek,Agaclik,predicted,0.3542,0.4773,ORTA
EGE_2021_03,EGE_2021_03_006240,36.75751,28.18335,0.8291948,0.78301877,0.34599784,5.3923345,585.2045,0.08367364,0.5532939,0.28486574,0.26842815,orta-dusuk,Agaclik,predicted,0.2702,0.3108,ORTA
EGE_2021_03,EGE_2021_03_006241,36.75748,28.18615,0.71433437,0.39404422,0.39368248,4.818989,579.2382,0.043849256,0.45317397,0.22825357,0.22492039,orta-dusuk,Agaclik,predicted,0.2482,0.2788,ORTA
EGE_2021_03,EGE_2021_03_006242,36.75745,28.18895,0.344793,0.41027123,0.312843,7.626267,543.59814,0.0795363,0.39218444,0.21758978,0.17459466,orta-dusuk,Agaclik,low_severity,,0.0,DUSUK
EGE_2021_03,EGE_2021_03_006243,36.75742,28.19175,0.51014084,0.6859977,0.355258,12.56046,559.9561,0.11953789,0.46461177,0.22972459,0.23488718,orta-dusuk,Agaclik,predicted,0.2593,0.3512,ORTA
EGE_2021_03,EGE_2021_03_006244,36.75739,28.19455,1.0,1.0,0.84428394,14.681483,602.02527,0.036112383,0.72541595,0.25110552,0.47431043,yuksek,Agaclik,predicted,0.4675,0.6902,YUKSEK
EGE_2021_03,EGE_2021_03_006245,36.75737,28.19735,1.0,1.0,0.7550012,12.402172,580.76166,0.08390153,0.7341789,0.24470347,0.48947543,yuksek,Agaclik,predicted,0.4415,0.6254,YUKSEK
EGE_2021_03,EGE_2021_03_006246,36.75734,28.20015,0.8506592,0.9787396,0.46849793,10.336669,547.9803,0.026276536,0.6548632,0.26906073,0.38580245,orta-yuksek,Agaclik,predicted,0.2753,0.3688,ORTA
EGE_2021_03,EGE_2021_03_006247,36.75731,28.20295,0.45799303,0.08909377,0.24348676,5.7731204,523.55707,0.11256659,0.3398636,0.21306866,0.12679493,dusuk,Otlak/calilik,low_severity,,0.0,DUSUK
EGE_2021_03,EGE_2021_03_006248,36.75728,28.20575,0.99129295,0.71171594,0.4116138,15.857762,556.0068,0.050049037,0.52653205,0.23425135,0.2922807,orta-dusuk,Agaclik,predicted,0.2536,0.3807,ORTA
EGE_2021_03,EGE_2021_03_006250,36.75722,28.21135,1.0,1.0,0.59124947,31.440819,671.311,0.15084457,0.74646616,0.3654349,0.38103124,orta-yuksek,Agaclik,predicted,0.356,0.6527,YUKSEK
EGE_2021_03,EGE_2021_03_006251,36.7572,28.21415,0.9572194,1.0,0.3560883,22.058237,767.30664,0.24651138,0.6942891,0.42561898,0.2686701,orta-dusuk,Agaclik,predicted,0.3692,0.5784,YUKSEK
EGE_2021_03,EGE_2021_03_006252,36.75717,28.21695,0.82982105,0.8865365,0.21704355,15.4661045,819.1264,0.18552499,0.64621305,0.47109556,0.1751175,dusuk,Agaclik,low_severity,,0.0,DUSUK
EGE_2021_03,EGE_2021_03_006253,36.75714,28.21975,0.9867156,1.0,0.60334057,21.441042,749.61456,0.07205621,0.7554726,0.28228462,0.47318798,orta-yuksek,Agaclik,predicted,0.276,0.4589,ORTA
EGE_2021_03,EGE_2021_03_006254,36.75711,28.22255,1.0,1.0,0.8764033,26.374624,630.8064,0.16184476,0.72888696,0.16905464,0.55983233,yuksek,Agaclik,predicted,0.4971,0.8172,COK_YUKSEK
EGE_2021_03,EGE_2021_03_006255,36.75708,28.22535,1.0,1.0,0.48248643,21.266745,525.35046,0.21708554,0.6734549,0.32652318,0.3469317,orta-yuksek,Agaclik,predicted,0.3182,0.4999,ORTA
EGE_2021_03,EGE_2021_03_006256,36.75705,28.22815,1.0,1.0,0.19674277,16.344986,494.36337,0.20572796,0.75517046,0.6089415,0.14622897,dusuk,Agaclik,low_severity,,0.0,DUSUK
EGE_2021_03,EGE_2021_03_006257,36.75702,28.23095,1.0,1.0,0.29173237,15.711686,527.0398,0.18935634,0.7494402,0.46112847,0.28831172,orta-dusuk,Agaclik,predicted,0.3558,0.5119,YUKSEK
EGE_2021_03,EGE_2021_03_006258,36.75699,28.23375,1.0,0.68228835,0.18443839,20.608948,554.3443,0.20800248,0.5963369,0.39731073,0.19902617,dusuk,Agaclik,low_severity,,0.0,DUSUK
EGE_2021_03,EGE_2021_03_006259,36.75696,28.23655,0.99103636,0.9233712,0.14991802,16.622023,633.0636,0.20997815,0.5810821,0.4336669,0.14741519,dusuk,Agaclik,low_severity,,0.0,DUSUK
EGE_2021_03,EGE_2021_03_006260,36.75694,28.23935,0.90343976,0.8295331,0.14922734,21.557165,619.6666,0.28678197,0.5317772,0.3671444,0.1646328,dusuk,Agaclik,low_severity,,0.0,DUSUK
EGE_2021_03,EGE_2021_03_006261,36.75691,28.24215,0.99798185,0.9478002,0.15568066,23.211937,547.57104,0.3080987,0.60268545,0.42294663,0.17973882,dusuk,Agaclik,low_severity,,0.0,DUSUK
EGE_2021_03,EGE_2021_03_006262,36.75688,28.24495,0.6480757,0.8387167,0.12435582,23.795517,467.93097,0.48229215,0.58422846,0.44292715,0.1413013,dusuk,Agaclik,low_severity,,0.0,DUSUK
EGE_2021_03,EGE_2021_03_006263,36.75685,28.24775,1.0,1.0,0.2264998,23.760199,416.20627,0.38673097,0.7508358,0.53188515,0.21895063,dusuk,Agaclik,low_severity,,0.0,DUSUK
EGE_2021_03,EGE_2021_03_006264,36.75682,28.25055,1.0,1.0,0.47522104,27.065344,367.68076,0.17106211,0.768831,0.4081735,0.3606575,orta-yuksek,Agaclik,predicted,0.4079,0.6894,YUKSEK
EGE_2021_03,EGE_2021_03_006265,36.75679,28.25335,1.0,1.0,0.5276239,13.757008,325.7368,0.007927424,0.80461794,0.32325616,0.48136178,orta-yuksek,Agaclik,predicted,0.3553,0.5196,YUKSEK
EGE_2021_03,EGE_2021_03_006266,36.75676,28.25615,1.0,1.0,0.35309294,18.490135,308.76895,0.08597863,0.66878355,0.32515144,0.3436321,orta-dusuk,Agaclik,predicted,0.3698,0.5709,YUKSEK
EGE_2021_03,EGE_2021_03_006267,36.75673,28.25895,0.8948861,0.94791985,0.26909637,23.16603,221.93648,0.2952174,0.63731694,0.39926845,0.2380485,dusuk,Agaclik,low_severity,,0.0,DUSUK
EGE_2021_03,EGE_2021_03_006268,36.7567,28.26175,0.9674745,1.0,0.16453701,20.755209,126.928085,0.2699463,0.6290443,0.4377134,0.19133088,dusuk,Agaclik,low_severity,,0.0,DUSUK
EGE_2021_03,EGE_2021_03_006331,36.7555,28.15811,0.6413345,0.35240385,0.30675665,25.275991,282.6676,0.12251439,0.50725335,0.25653112,0.25072223,orta-dusuk,Otlak/calilik,predicted,0.245,0.4388,ORTA
EGE_2021_03,EGE_2021_03_006332,36.75547,28.16091,0.7259053,0.31606016,0.3493448,30.061666,251.12975,0.060225334,0.48987234,0.21177447,0.27809787,orta-dusuk,Otlak/calilik,predicted,0.2482,0.4933,ORTA
EGE_2021_03,EGE_2021_03_006333,36.75545,28.16371,0.8881801,0.53428173,0.32528743,27.427713,243.02315,0.11183664,0.53983593,0.2890787,0.25075722,orta-dusuk,Agaclik,predicted,0.2722,0.4992,ORTA
EGE_2021_03,EGE_2021_03_006334,36.75542,28.16651,0.5034037,0.1602587,0.30189312,30.67058,348.77914,0.34275407,0.47556728,0.2807426,0.1948247,orta-dusuk,Otlak/calilik,low_severity,,0.0,DUSUK
EGE_2021_03,EGE_2021_03_006335,36.75539,28.16931,0.78316313,0.74020714,0.5137737,22.905035,428.66708,0.115987465,0.5652181,0.2131232,0.3520949,orta-yuksek,Agaclik,predicted,0.3178,0.5275,YUKSEK
EGE_2021_03,EGE_2021_03_006336,36.75536,28.17211,1.0,1.0,0.66211206,18.660172,512.6104,0.17206606,0.7120216,0.3109725,0.40104908,yuksek,Agaclik,predicted,0.3674,0.5569,YUKSEK
EGE_2021_03,EGE_2021_03_006337,36.75534,28.17491,1.0,1.0,0.7713182,11.661035,548.32465,0.20465274,0.74080306,0.29098594,0.44981712,yuksek,Agaclik,predicted,0.4348,0.5923,YUKSEK
EGE_2021_03,EGE_2021_03_006338,36.75531,28.17771,1.0,1.0,0.7054014,8.89865,564.8983,0.13654633,0.7207006,0.25102866,0.46967196,yuksek,Agaclik,predicted,0.3821,0.4998,ORTA
EGE_2021_03,EGE_2021_03_006339,36.75528,28.18051,1.0,1.0,0.7821951,13.278245,585.95074,0.13175365,0.77682316,0.2527607,0.52406245,yuksek,Agaclik,predicted,0.4502,0.6392,YUKSEK
EGE_2021_03,EGE_2021_03_006340,36.75525,28.18331,1.0,1.0,0.68902963,11.524896,614.3802,0.016515398,0.7430377,0.3154488,0.4275889,yuksek,Agaclik,predicted,0.3563,0.5007,YUKSEK
EGE_2021_03,EGE_2021_03_006341,36.75522,28.18611,1.0,1.0,0.7038241,9.931489,598.59717,0.08090525,0.73493135,0.22120893,0.5137224,yuksek,Agaclik,predicted,0.3814,0.5153,YUKSEK
EGE_2021_03,EGE_2021_03_006342,36.7552,28.18891,0.7851692,0.8069928,0.2791282,9.617698,564.24536,0.059080042,0.5235989,0.31947196,0.20412695,orta-dusuk,Agaclik,predicted,0.2968,0.39,ORTA
EGE_2021_03,EGE_2021_03_006343,36.75517,28.19171,0.82580274,0.8321403,0.30329233,11.718288,561.61536,0.10380055,0.513381,0.30002168,0.21335933,orta-dusuk,Agaclik,predicted,0.2853,0.3848,ORTA
EGE_2021_03,EGE_2021_03_006344,36.75514,28.19451,1.0,1.0,0.607783,17.118984,630.54584,0.06106041,0.7181107,0.28563246,0.43247822,orta-yuksek,Agaclik,predicted,0.3244,0.4952,ORTA
EGE_2021_03,EGE_2021_03_006345,36.75511,28.19731,1.0,1.0,0.6528448,13.339381,621.3759,0.04492329,0.718171,0.25034317,0.46782783,orta-yuksek,Agaclik,predicted,0.3527,0.507,YUKSEK
EGE_2021_03,EGE_2021_03_006346,36.75508,28.20011,0.85322803,0.92102754,0.44098726,12.617949,567.7415,0.016468039,0.64842737,0.25926667,0.3891607,orta-yuksek,Agaclik,predicted,0.2898,0.4113,ORTA
EGE_2021_03,EGE_2021_03_006347,36.75506,28.20291,0.804069,0.8501757,0.35640922,10.143876,545.9832,0.099511184,0.4863726,0.22045338,0.2659192,orta-dusuk,Agaclik,predicted,0.2827,0.368,ORTA
EGE_2021_03,EGE_2021_03_006348,36.75503,28.20571,0.92520857,1.0,0.50722396,18.337933,600.3089,0.18955897,0.63646924,0.27728024,0.359189,orta-yuksek,Agaclik,predicted,0.317,0.4768,ORTA
EGE_2021_03,EGE_2021_03_006349,36.755,28.20851,1.0,1.0,0.3794879,17.589529,653.54645,0.15357289,0.7208297,0.33348462,0.3873451,orta-dusuk,Agaclik,predicted,0.3527,0.5284,YUKSEK
EGE_2021_03,EGE_2021_03_006350,36.75497,28.21131,0.8802171,1.0,0.34845045,20.842672,709.28986,0.3691025,0.6539623,0.36678204,0.28718027,orta-dusuk,Agaclik,predicted,0.3183,0.4753,ORTA
EGE_2021_03,EGE_2021_03_006351,36.75494,28.21411,0.97979844,1.0,0.18674353,23.359406,749.6359,0.3333139,0.7127955,0.54590905,0.16688645,dusuk,Agaclik,low_severity,,0.0,DUSUK
EGE_2021_03,EGE_2021_03_006352,36.75491,28.21691,0.86326677,0.80654657,0.2993675,15.101348,804.49243,0.08439005,0.59838617,0.34965956,0.2487266,orta-dusuk,Agaclik,predicted,0.2595,0.3782,ORTA
EGE_2021_03,EGE_2021_03_006353,36.75488,28.21971,1.0,1.0,0.5633593,20.83432,738.9335,0.09553542,0.75103176,0.30424452,0.44678724,orta-yuksek,Agaclik,predicted,0.2955,0.4794,ORTA
EGE_2021_03,EGE_2021_03_006354,36.75486,28.22251,1.0,1.0,0.4933215,18.764204,644.51135,0.069016725,0.77799547,0.36209577,0.4158997,orta-yuksek,Agaclik,predicted,0.2993,0.4709,ORTA
EGE_2021_03,EGE_2021_03_006355,36.75483,28.22531,1.0,1.0,0.47999457,18.64523,574.19476,0.023638122,0.679697,0.3342401,0.34545687,orta-yuksek,Agaclik,predicted,0.294,0.4684,ORTA
EGE_2021_03,EGE_2021_03_006356,36.7548,28.22811,1.0,1.0,0.16111654,11.768945,545.84985,0.09948938,0.6936007,0.5149847,0.17861599,dusuk,Agaclik,low_severity,,0.0,DUSUK
EGE_2021_03,EGE_2021_03_006357,36.75477,28.23091,0.95563215,1.0,0.17266533,7.5076594,573.4163,0.069617994,0.6498097,0.50079787,0.14901185,dusuk,Agaclik,low_severity,,0.0,DUSUK
EGE_2021_03,EGE_2021_03_006358,36.75474,28.23371,0.98041534,0.96465665,0.26920065,9.344843,581.5426,0.039719004,0.6299813,0.3453558,0.28462547,dusuk,Agaclik,low_severity,,0.0,DUSUK
EGE_2021_03,EGE_2021_03_006359,36.75471,28.23651,0.8860286,1.0,0.24636146,19.204315,604.37067,0.026237512,0.5879012,0.32162994,0.26627123,dusuk,Agaclik,low_severity,,0.0,DUSUK
EGE_2021_03,EGE_2021_03_006360,36.75468,28.23931,0.6968219,0.8964452,0.12666321,23.615568,563.37103,0.10141796,0.54019994,0.40276024,0.1374397,dusuk,Agaclik,low_severity,,0.0,DUSUK
EGE_2021_03,EGE_2021_03_006361,36.75465,28.24211,0.5398937,0.6172123,0.16291551,14.349065,566.4958,0.15154707,0.42934477,0.27031535,0.15902942,dusuk,Agaclik,low_severity,,0.0,DUSUK
EGE_2021_03,EGE_2021_03_006362,36.75462,28.24491,0.9614522,0.87546545,0.19628328,19.036257,533.51215,0.2902499,0.56697166,0.37194222,0.19502944,dusuk,Agaclik,low_severity,,0.0,DUSUK
EGE_2021_03,EGE_2021_03_006363,36.75459,28.24771,0.8108927,1.0,0.2294604,18.688604,477.23456,0.48996916,0.61969185,0.41038367,0.20930818,dusuk,Agaclik,low_severity,,0.0,DUSUK
EGE_2021_03,EGE_2021_03_006364,36.75456,28.25051,0.5713802,0.5914626,0.30206826,27.990797,409.50012,0.2906407,0.52657175,0.2907161,0.23585564,orta-dusuk,Agaclik,predicted,0.27,0.4759,ORTA
EGE_2021_03,EGE_2021_03_006365,36.75454,28.25331,0.9073797,0.82734805,0.24537024,27.559969,302.77124,0.13028207,0.60192513,0.38326,0.21866512,dusuk,Agaclik,low_severity,,0.0,DUSUK
EGE_2021_03,EGE_2021_03_006431,36.75325,28.15808,0.83302534,0.21205562,0.12222007,29.368986,167.11533,0.2827424,0.4771098,0.38296467,0.09414512,dusuk,Otlak/calilik,low_severity,,0.0,DUSUK
EGE_2021_03,EGE_2021_03_006432,36.75322,28.16088,0.9398079,0.94581306,0.18359563,20.726076,142.17923,0.19237098,0.55952054,0.40254515,0.15697539,dusuk,Agaclik,low_severity,,0.0,DUSUK
EGE_2021_03,EGE_2021_03_006433,36.75319,28.16368,0.99863154,1.0,0.2362277,26.366213,205.13043,0.25486434,0.64594734,0.43424678,0.21170056,dusuk,Agaclik,low_severity,,0.0,DUSUK
EGE_2021_03,EGE_2021_03_006434,36.75316,28.16648,0.99503356,1.0,0.32786632,28.164242,340.61978,0.42715725,0.6891727,0.37178832,0.31738436,orta-dusuk,Agaclik,predicted,0.4263,0.6905,YUKSEK
EGE_2021_03,EGE_2021_03_006435,36.75314,28.16928,0.9928095,1.0,0.35784593,27.494843,445.1072,0.3412253,0.7401113,0.47660053,0.26351076,orta-dusuk,Agaclik,predicted,0.4063,0.667,YUKSEK
EGE_2021_03,EGE_2021_03_006436,36.75311,28.17208,1.0,1.0,0.5748967,17.753847,532.15985,0.16178076,0.7331317,0.33050662,0.40262508,orta-yuksek,Agaclik,predicted,0.3563,0.534,YUKSEK
EGE_2021_03,EGE_2021_03_006437,36.75308,28.17488,1.0,1.0,0.57605994,5.2685266,558.71545,0.060394615,0.75198764,0.28215954,0.4698281,orta-yuksek,Agaclik,predicted,0.3411,0.4183,ORTA
EGE_2021_03,EGE_2021_03_006438,36.75305,28.17768,1.0,1.0,0.5377729,10.847916,573.779,0.094268836,0.6970892,0.255908,0.44118118,orta-yuksek,Agaclik,predicted,0.3642,0.4958,ORTA
EGE_2021_03,EGE_2021_03_006439,36.75303,28.18048,1.0,1.0,0.69641083,10.065406,625.0447,0.03259588,0.7517198,0.2514537,0.5002661,yuksek,Agaclik,predicted,0.3527,0.4806,ORTA
EGE_2021_03,EGE_2021_03_006440,36.753,28.18328,1.0,1.0,0.87678105,6.5808268,626.3666,0.062402822,0.76977074,0.19713785,0.5726329,yuksek,Agaclik,predicted,0.481,0.637,YUKSEK
EGE_2021_03,EGE_2021_03_006441,36.75297,28.18608,1.0,1.0,0.8935201,8.334623,604.75085,0.051892184,0.7739993,0.20175019,0.57224905,yuksek,Agaclik,predicted,0.4853,0.6599,YUKSEK
EGE_2021_03,EGE_2021_03_006442,36.75294,28.18888,1.0,1.0,0.8256366,13.284646,595.3956,0.04809292,0.7534953,0.24847712,0.5050182,yuksek,Agaclik,predicted,0.469,0.6788,YUKSEK
EGE_2021_03,EGE_2021_03_006443,36.75292,28.19168,1.0,1.0,0.7232007,15.661766,605.9903,0.07497232,0.7196784,0.2731413,0.4465371,yuksek,Agaclik,predicted,0.3615,0.5358,YUKSEK
EGE_2021_03,EGE_2021_03_006444,36.75289,28.19448,1.0,1.0,0.58209133,8.720348,594.37085,0.10297586,0.6938989,0.2510612,0.44283772,orta-yuksek,Agaclik,predicted,0.3734,0.49,ORTA
EGE_2021_03,EGE_2021_03_006445,36.75286,28.19728,1.0,1.0,0.39850408,8.434272,608.05597,0.065519504,0.70093405,0.27555603,0.42537802,orta-dusuk,Agaclik,predicted,0.3326,0.4321,ORTA
EGE_2021_03,EGE_2021_03_006446,36.75283,28.20008,0.97088766,1.0,0.46920076,12.645666,594.9598,0.08369192,0.6783596,0.2753808,0.40297884,orta-yuksek,Agaclik,predicted,0.3557,0.5001,YUKSEK
EGE_2021_03,EGE_2021_03_006447,36.7528,28.20288,0.7573665,0.7950422,0.28577468,9.034305,564.9475,0.079859056,0.49848086,0.25593373,0.24254712,orta-dusuk,Agaclik,predicted,0.2876,0.3685,ORTA
EGE_2021_03,EGE_2021_03_006448,36.75277,28.20568,0.80755466,0.8688275,0.26699466,17.095655,582.25244,0.10844554,0.5573864,0.350916,0.2064704,dusuk,Agaclik,low_severity,,0.0,DUSUK
EGE_2021_03,EGE_2021_03_006449,36.75275,28.20848,1.0,1.0,0.27791435,18.485792,617.32355,0.13355018,0.7608501,0.4639837,0.29686636,orta-dusuk,Agaclik,predicted,0.3651,0.5573,YUKSEK
EGE_2021_03,EGE_2021_03_006450,36.75272,28.21128,1.0,1.0,0.29457575,17.080053,672.30945,0.23456392,0.8128738,0.5090014,0.3038724,orta-dusuk,Agaclik,predicted,0.3995,0.5823,YUKSEK
EGE_2021_03,EGE_2021_03_006451,36.75269,28.21408,1.0,1.0,0.1798076,21.864971,729.01404,0.087334625,0.813547,0.60604924,0.20749778,dusuk,Agaclik,low_severity,,0.0,DUSUK
EGE_2021_03,EGE_2021_03_006452,36.75266,28.21688,1.0,1.0,0.27419227,10.009157,777.9686,0.2695988,0.7482225,0.49140504,0.25681743,orta-dusuk,Agaclik,predicted,0.3982,0.5147,YUKSEK
EGE_2021_03,EGE_2021_03_006453,36.75263,28.21968,1.0,1.0,0.33269423,16.967842,748.99023,0.15623519,0.6415887,0.32130915,0.32027954,orta-dusuk,Agaclik,predicted,0.2845,0.4214,ORTA
EGE_2021_03,EGE_2021_03_006454,36.7526,28.22248,0.99966747,1.0,0.37129515,25.048437,714.39325,0.1517417,0.68769294,0.36814865,0.3195443,orta-dusuk,Agaclik,predicted,0.266,0.464,ORTA
EGE_2021_03,EGE_2021_03_006455,36.75257,28.22528,0.9972151,1.0,0.34800833,27.137424,648.96606,0.21309718,0.65353537,0.34747934,0.30605602,orta-dusuk,Agaclik,predicted,0.37,0.6279,YUKSEK
EGE_2021_03,EGE_2021_03_006456,36.75254,28.22808,1.0,1.0,0.2393884,17.714506,605.0822,0.062534794,0.67218196,0.4127186,0.25946337,dusuk,Agaclik,low_severity,,0.0,DUSUK
EGE_2021_03,EGE_2021_03_006457,36.75252,28.23088,0.8687249,1.0,0.20608035,7.9179935,592.2295,0.25019246,0.5534528,0.3898527,0.16360009,dusuk,Agaclik,low_severity,,0.0,DUSUK
EGE_2021_03,EGE_2021_03_006458,36.75249,28.23368,0.96232265,1.0,0.32356346,10.061085,567.814,0.14133258,0.6101339,0.30668825,0.30344564,orta-dusuk,Agaclik,predicted,0.3347,0.4387,ORTA
EGE_2021_03,EGE_2021_03_006459,36.75246,28.23648,0.91619694,0.9325158,0.21431878,16.680077,528.79376,0.18425088,0.58099335,0.34021252,0.24078083,dusuk,Agaclik,low_severity,,0.0,DUSUK
EGE_2021_03,EGE_2021_03_006460,36.75243,28.23928,0.8238406,0.7415605,0.21307334,9.157776,501.00967,0.106657036,0.47868264,0.30006158,0.17862105,dusuk,Agaclik,low_severity,,0.0,DUSUK
EGE_2021_03,EGE_2021_03_006461,36.7524,28.24208,0.8502216,0.94832,0.3329763,14.990151,515.98157,0.06915097,0.54773974,0.25797987,0.28975987,orta-dusuk,Agaclik,predicted,0.2721,0.3981,ORTA
EGE_2021_03,EGE_2021_03_006462,36.75237,28.24488,0.8173632,0.90410227,0.33205283,29.701677,472.19855,0.18869722,0.5869465,0.3013305,0.28561598,orta-dusuk,Agaclik,predicted,0.3234,0.5841,YUKSEK
EGE_2021_03,EGE_2021_03_006463,36.75234,28.24768,0.8172353,0.97313094,0.29438308,28.08109,381.83862,0.27303416,0.63872004,0.37577575,0.26294428,orta-dusuk,Agaclik,predicted,0.32,0.5534,YUKSEK
EGE_2021_03,EGE_2021_03_006464,36.75231,28.25048,0.9663873,1.0,0.41980398,23.61508,302.7345,0.21740635,0.7522038,0.38415995,0.36804387,orta-dusuk,Agaclik,predicted,0.3873,0.6227,YUKSEK
EGE_2021_03,EGE_2021_03_006465,36.75228,28.25328,0.92765045,0.9425421,0.3135278,22.75259,223.76263,0.17371817,0.7604848,0.46964705,0.29083776,orta-dusuk,Agaclik,predicted,0.3001,0.4919,ORTA
EGE_2021_03,EGE_2021_03_006533,36.75094,28.16364,1.0,1.0,0.1964072,21.898392,207.61086,0.49234563,0.67082274,0.51920223,0.1516205,dusuk,Agaclik,low_severity,,0.0,DUSUK
EGE_2021_03,EGE_2021_03_006534,36.75091,28.16644,1.0,1.0,0.41861114,30.90806,331.75922,0.5826228,0.66762763,0.3411746,0.32645303,orta-dusuk,Agaclik,predicted,0.4495,0.727,YUKSEK
EGE_2021_03,EGE_2021_03_006535,36.75088,28.16924,0.9410065,1.0,0.2439492,30.240232,478.0674,0.35975116,0.6449351,0.41275197,0.2321831,dusuk,Agaclik,low_severity,,0.0,DUSUK
EGE_2021_03,EGE_2021_03_006536,36.75086,28.17204,1.0,1.0,0.5925317,18.11859,590.58746,0.19846636,0.7553419,0.33250046,0.42284143,orta-yuksek,Agaclik,predicted,0.3704,0.553,YUKSEK
EGE_2021_03,EGE_2021_03_006537,36.75083,28.17484,0.76042986,1.0,0.76334304,12.363507,579.3133,0.041905683,0.6833075,0.19927199,0.48403555,yuksek,Agaclik,predicted,0.3575,0.5062,YUKSEK
EGE_2021_03,EGE_2021_03_006538,36.7508,28.17764,1.0,1.0,0.6606988,7.791096,563.39923,0.14526606,0.66665256,0.24082543,0.42582715,yuksek,Agaclik,predicted,0.3823,0.4893,ORTA
EGE_2021_03,EGE_2021_03_006539,36.75077,28.18044,1.0,1.0,0.5182119,14.320276,604.6463,0.05931851,0.7191653,0.25525522,0.4639101,orta-yuksek,Agaclik,predicted,0.3176,0.4613,ORTA
EGE_2021_03,EGE_2021_03_006540,36.75075,28.18324,1.0,1.0,0.6594989,11.122991,629.79016,0.064848386,0.7220067,0.23457655,0.48743013,orta-yuksek,Agaclik,predicted,0.3597,0.4956,ORTA
EGE_2021_03,EGE_2021_03_006541,36.75072,28.18604,1.0,1.0,0.8045985,13.960616,642.0262,0.052714493,0.71685666,0.20346563,0.513391,yuksek,Agaclik,predicted,0.4701,0.6856,YUKSEK
EGE_2021_03,EGE_2021_03_006542,36.75069,28.18884,1.0,1.0,0.7201406,11.985252,630.64813,0.017915998,0.72481734,0.23551625,0.4893011,yuksek,Agaclik,predicted,0.3722,0.5281,YUKSEK
EGE_2021_03,EGE_2021_03_006543,36.75066,28.19164,1.0,1.0,0.6903372,14.173069,628.2008,0.093172416,0.6760955,0.22529477,0.45080072,yuksek,Agaclik,predicted,0.3641,0.5244,YUKSEK
EGE_2021_03,EGE_2021_03_006544,36.75063,28.19444,1.0,1.0,0.54742587,12.878012,577.8991,0.075350106,0.6331421,0.22879988,0.40434223,orta-yuksek,Agaclik,predicted,0.3463,0.4893,ORTA
EGE_2021_03,EGE_2021_03_006545,36.75061,28.19724,1.0,1.0,0.66090876,14.38914,555.7002,0.10101933,0.6230384,0.20058577,0.42245263,yuksek,Agaclik,predicted,0.3626,0.5229,YUKSEK
EGE_2021_03,EGE_2021_03_006546,36.75058,28.20004,1.0,1.0,0.66052973,14.030638,552.54956,0.19021875,0.6348573,0.204377,0.4304803,yuksek,Agaclik,predicted,0.3798,0.533,YUKSEK
EGE_2021_03,EGE_2021_03_006547,36.75055,28.20284,0.8802113,0.9678298,0.5359269,27.800888,616.92523,0.08757594,0.6665268,0.26038542,0.40614137,orta-yuksek,Agaclik,predicted,0.3278,0.5883,YUKSEK
EGE_2021_03,EGE_2021_03_006548,36.75052,28.20564,1.0,1.0,0.39369833,24.378227,698.21185,0.09605084,0.76552486,0.41099596,0.3545289,orta-dusuk,Agaclik,predicted,0.2741,0.478,ORTA
EGE_2021_03,EGE_2021_03_006549,36.75049,28.20844,1.0,1.0,0.53449845,24.777618,714.13226,0.086528935,0.81816053,0.42646492,0.39169562,orta-yuksek,Agaclik,predicted,0.2953,0.5142,YUKSEK
EGE_2021_03,EGE_2021_03_006550,36.75046,28.21124,1.0,1.0,0.35512793,15.705896,738.0335,0.2766756,0.846419,0.48405966,0.36235932,orta-dusuk,Agaclik,predicted,0.3671,0.5165,YUKSEK
EGE_2021_03,EGE_2021_03_006551,36.75044,28.21404,1.0,1.0,0.3273588,20.071377,775.7372,0.17075275,0.73911196,0.4434697,0.29564226,orta-dusuk,Agaclik,predicted,0.2468,0.3901,ORTA
EGE_2021_03,EGE_2021_03_006552,36.75041,28.21684,0.82031405,1.0,0.26006675,17.835386,782.20435,0.2238237,0.65010166,0.42795965,0.22214201,dusuk,Agaclik,low_severity,,0.0,DUSUK
EGE_2021_03,EGE_2021_03_006553,36.75038,28.21964,0.9380692,1.0,0.3506567,15.39062,799.37823,0.11547137,0.63157547,0.33914235,0.2924331,orta-dusuk,Agaclik,predicted,0.295,0.4291,ORTA
EGE_2021_03,EGE_2021_03_006554,36.75035,28.22244,0.97284853,1.0,0.2865016,17.853704,789.99805,0.028504152,0.6688479,0.383628,0.2852199,orta-dusuk,Agaclik,predicted,0.2565,0.4052,ORTA
EGE_2021_03,EGE_2021_03_006555,36.75032,28.22524,0.9277161,1.0,0.43715665,22.525658,733.81714,0.16987836,0.66833204,0.28849128,0.37984076,orta-dusuk,Agaclik,predicted,0.3136,0.5105,YUKSEK
EGE_2021_03,EGE_2021_03_006556,36.75029,28.22804,1.0,1.0,0.32010326,19.324457,673.48486,0.06960038,0.652181,0.32686585,0.32531518,orta-dusuk,Agaclik,predicted,0.3192,0.5052,YUKSEK
EGE_2021_03,EGE_2021_03_006557,36.75026,28.23084,1.0,1.0,0.18611722,12.324765,623.16943,0.2523307,0.6379732,0.4539624,0.1840108,dusuk,Agaclik,low_severity,,0.0,DUSUK
EGE_2021_03,EGE_2021_03_006558,36.75023,28.23364,1.0,1.0,0.32028323,14.581766,572.4606,0.010155196,0.61769557,0.33231503,0.28538054,orta-dusuk,Agaclik,predicted,0.3168,0.4692,ORTA
EGE_2021_03,EGE_2021_03_006559,36.7502,28.23644,0.90866876,0.8314733,0.16465136,17.925869,526.6516,0.1122404,0.5591335,0.3994249,0.15970862,dusuk,Agaclik,low_severity,,0.0,DUSUK
EGE_2021_03,EGE_2021_03_006560,36.75018,28.23924,0.9631781,0.98141956,0.2575401,14.949962,495.5056,0.058290716,0.59995365,0.34664547,0.25330818,dusuk,Agaclik,low_severity,,0.0,DUSUK
EGE_2021_03,EGE_2021_03_006561,36.75015,28.24204,0.99691534,1.0,0.25234196,23.346006,439.20023,0.16837949,0.702996,0.4567685,0.2462275,dusuk,Agaclik,low_severity,,0.0,DUSUK
EGE_2021_03,EGE_2021_03_006562,36.75012,28.24484,1.0,1.0,0.2635329,22.377611,360.60648,0.13387886,0.7508931,0.49204722,0.2588459,dusuk,Agaclik,low_severity,,0.0,DUSUK
EGE_2021_03,EGE_2021_03_006563,36.75009,28.24764,1.0,1.0,0.28211802,16.442827,300.55222,0.123532504,0.8031318,0.52010256,0.28302926,orta-dusuk,Agaclik,predicted,0.3432,0.5086,YUKSEK
EGE_2021_03,EGE_2021_03_006564,36.75006,28.25044,1.0,1.0,0.3175996,13.87076,252.53857,0.028866429,0.7766775,0.44972023,0.32695726,orta-dusuk,Agaclik,predicted,0.3207,0.4663,ORTA
EGE_2021_03,EGE_2021_03_006565,36.75003,28.25324,0.99006414,1.0,0.51692575,15.989295,195.92828,0.21062809,0.81183946,0.41481376,0.3970257,orta-yuksek,Agaclik,predicted,0.3363,0.4824,ORTA
EGE_2021_03,EGE_2021_03_006566,36.75,28.25604,0.7474348,0.5689935,0.3085064,17.159992,145.97847,0.030882627,0.50669587,0.29012337,0.2165725,orta-dusuk,Agaclik,predicted,0.2494,0.3884,ORTA
EGE_2021_03,EGE_2021_03_006567,36.74997,28.25884,1.0,0.6134145,0.16772547,16.604876,93.283966,0.26908073,0.5714066,0.48756337,0.08384323,dusuk,Agaclik,low_severity,,0.0,DUSUK
EGE_2021_03,EGE_2021_03_006622,36.74898,28.13281,1.0,1.0,0.32770965,26.858292,156.60217,0.3607531,0.82271373,0.50925,0.31346375,orta-dusuk,Agaclik,predicted,0.3563,0.5846,YUKSEK
EGE_2021_03,EGE_2021_03_006623,36.74896,28.13561,1.0,1.0,0.44210127,29.074543,150.80292,0.33924702,0.81870353,0.45476398,0.36393955,orta-yuksek,Agaclik,predicted,0.366,0.621,YUKSEK
EGE_2021_03,EGE_2021_03_006624,36.74893,28.13841,1.0,1.0,0.34343913,23.363853,141.28168,0.36782596,0.7847315,0.4834596,0.30127192,orta-dusuk,Agaclik,predicted,0.3562,0.5535,YUKSEK
EGE_2021_03,EGE_2021_03_006625,36.7489,28.14121,1.0,1.0,0.24132514,31.815596,175.11473,0.36596873,0.7241404,0.4248179,0.29932252,dusuk,Agaclik,low_severity,,0.0,DUSUK
EGE_2021_03,EGE_2021_03_006626,36.74888,28.14401,1.0,1.0,0.23746255,27.468979,157.08714,0.29661912,0.7368326,0.44918197,0.28765064,dusuk,Agaclik,low_severity,,0.0,DUSUK
EGE_2021_03,EGE_2021_03_006627,36.74885,28.14681,0.95101994,1.0,0.190398,25.126202,133.50415,0.3524397,0.67334354,0.5213244,0.15201914,dusuk,Agaclik,low_severity,,0.0,DUSUK
EGE_2021_03,EGE_2021_03_006629,36.74879,28.15241,1.0,0.87624,0.10296291,22.519453,86.385445,0.22519606,0.58677506,0.49065605,0.09611902,dusuk,Agaclik,low_severity,,0.0,DUSUK
EGE_2021_03,EGE_2021_03_006630,36.74877,28.15521,1.0,0.87624,0.10659081,17.13673,80.95509,0.12815301,0.5615995,0.4938786,0.06772089,dusuk,Agaclik,low_severity,,0.0,DUSUK
EGE_2021_03,EGE_2021_03_006633,36.74869,28.16361,1.0,1.0,0.3230393,21.094576,240.30063,0.55454046,0.6800227,0.46461868,0.21540403,orta-dusuk,Agaclik,predicted,0.3904,0.5588,YUKSEK
EGE_2021_03,EGE_2021_03_006634,36.74866,28.16641,1.0,1.0,0.3436951,25.402798,340.4874,0.54684436,0.73099685,0.4707299,0.26026696,orta-dusuk,Agaclik,predicted,0.4568,0.6955,YUKSEK
EGE_2021_03,EGE_2021_03_006635,36.74863,28.16921,1.0,1.0,0.2742935,29.897463,463.51544,0.29834598,0.7745744,0.50089145,0.27368295,orta-dusuk,Agaclik,predicted,0.4438,0.7493,YUKSEK
EGE_2021_03,EGE_2021_03_006636,36.7486,28.17201,1.0,1.0,0.6777328,16.068909,580.4441,0.06310222,0.744902,0.30165738,0.44324464,yuksek,Agaclik,predicted,0.3414,0.5111,YUKSEK
EGE_2021_03,EGE_2021_03_006637,36.74858,28.17481,1.0,1.0,0.8539611,9.948504,599.26306,0.1601847,0.69140553,0.2202267,0.47117883,yuksek,Agaclik,predicted,0.484,0.6568,YUKSEK
EGE_2021_03,EGE_2021_03_006638,36.74855,28.17761,1.0,1.0,0.49525937,7.736464,569.97455,0.15198258,0.647318,0.25674182,0.39057618,orta-yuksek,Agaclik,predicted,0.362,0.4578,ORTA
EGE_2021_03,EGE_2021_03_006639,36.74852,28.18041,1.0,1.0,0.4910998,10.790307,556.81757,0.15964785,0.65658236,0.2570174,0.39956495,orta-yuksek,Agaclik,predicted,0.3615,0.4822,ORTA
EGE_2021_03,EGE_2021_03_006640,36.74849,28.18321,0.9401052,1.0,0.4996424,17.491385,558.00214,0.061447702,0.58666146,0.23000816,0.3566533,orta-yuksek,Agaclik,predicted,0.3095,0.4762,ORTA
EGE_2021_03,EGE_2021_03_006641,36.74846,28.18601,0.9147,0.9163337,0.6158523,22.755684,580.71826,0.031957347,0.58758146,0.1976733,0.38990813,orta-yuksek,Agaclik,predicted,0.3768,0.6255,YUKSEK
EGE_2021_03,EGE_2021_03_006642,36.74844,28.18881,0.71990204,0.889348,0.45583308,21.175001,556.78094,0.18114474,0.48762786,0.20733023,0.28029764,orta-yuksek,Agaclik,predicted,0.2983,0.4746,ORTA
EGE_2021_03,EGE_2021_03_006643,36.74841,28.19161,1.0,1.0,0.5260809,16.184301,552.6179,0.16999777,0.56679606,0.22653477,0.34026128,orta-yuksek,Agaclik,predicted,0.3526,0.5139,YUKSEK
EGE_2021_03,EGE_2021_03_006644,36.74838,28.19441,1.0,1.0,0.55061644,9.583773,537.0996,0.09093737,0.6010436,0.21289474,0.38814884,orta-yuksek,Agaclik,predicted,0.357,0.4747,ORTA
EGE_2021_03,EGE_2021_03_006645,36.74835,28.19721,1.0,1.0,0.53689516,9.216346,536.6364,0.042411447,0.6469004,0.24548623,0.4014142,orta-yuksek,Agaclik,predicted,0.3345,0.4449,ORTA
EGE_2021_03,EGE_2021_03_006646,36.74832,28.20001,1.0,1.0,0.7533952,14.605042,575.2976,0.08125258,0.7018062,0.26103327,0.44077292,yuksek,Agaclik,predicted,0.4417,0.645,YUKSEK
EGE_2021_03,EGE_2021_03_006647,36.7483,28.20281,0.88020784,1.0,0.5073408,22.587852,646.79913,0.09109011,0.64303184,0.2502865,0.39274535,orta-yuksek,Agaclik,predicted,0.3092,0.5154,YUKSEK
EGE_2021_03,EGE_2021_03_006648,36.74827,28.20561,1.0,1.0,0.5494911,22.415182,715.6738,0.017289873,0.71334743,0.28091437,0.43243307,orta-yuksek,Agaclik,predicted,0.2725,0.4697,ORTA
EGE_2021_03,EGE_2021_03_006649,36.74824,28.20841,1.0,1.0,0.43720233,22.177986,762.43024,0.09790553,0.7139961,0.32868737,0.38530874,orta-dusuk,Agaclik,predicted,0.2268,0.3886,ORTA
EGE_2021_03,EGE_2021_03_006650,36.74821,28.21121,1.0,1.0,0.30082417,22.020102,746.1765,0.2611294,0.76649714,0.44788867,0.31860846,orta-dusuk,Agaclik,predicted,0.403,0.6262,YUKSEK
EGE_2021_03,EGE_2021_03_006651,36.74818,28.21401,1.0,1.0,0.20130196,29.614006,673.88293,0.18286046,0.6994888,0.44715706,0.25233176,dusuk,Agaclik,low_severity,,0.0,DUSUK
EGE_2021_03,EGE_2021_03_006652,36.74815,28.21681,1.0,1.0,0.45181972,27.855038,656.0595,0.029690191,0.7050895,0.35483468,0.35025483,orta-yuksek,Agaclik,predicted,0.3033,0.5604,YUKSEK
EGE_2021_03,EGE_2021_03_006653,36.74813,28.21961,0.86722463,0.98247534,0.667987,31.71278,695.3145,0.06587191,0.6059667,0.18157423,0.42439246,yuksek,Agaclik,predicted,0.3653,0.6806,YUKSEK
EGE_2021_03,EGE_2021_03_006654,36.7481,28.22241,0.39033142,0.5554545,0.34091786,35.475853,670.6792,0.27177227,0.45425713,0.21712236,0.23713477,orta-dusuk,Agaclik,predicted,0.2694,0.5419,YUKSEK
EGE_2021_03,EGE_2021_03_006655,36.74807,28.22521,0.67862904,0.9275848,0.48964733,27.799715,619.37305,0.1454399,0.54479015,0.20937467,0.33541548,orta-yuksek,Agaclik,predicted,0.3099,0.5537,YUKSEK
EGE_2021_03,EGE_2021_03_006656,36.74804,28.22801,1.0,0.975256,0.32025987,20.242435,608.3908,0.18034416,0.5880959,0.31037962,0.27771628,orta-dusuk,Agaclik,predicted,0.3084,0.4817,ORTA
EGE_2021_03,EGE_2021_03_006657,36.74801,28.23081,1.0,1.0,0.2089237,12.791493,605.92535,0.23104268,0.6059588,0.41230172,0.1936571,dusuk,Agaclik,low_severity,,0.0,DUSUK
EGE_2021_03,EGE_2021_03_006658,36.74798,28.23361,1.0,1.0,0.19514383,21.079102,631.81134,0.047293358,0.6314746,0.39695403,0.23452058,dusuk,Agaclik,low_severity,,0.0,DUSUK
EGE_2021_03,EGE_2021_03_006659,36.74795,28.23641,1.0,1.0,0.2776513,28.382471,632.36896,0.09876151,0.65216035,0.37338498,0.27877536,orta-dusuk,Agaclik,predicted,0.3823,0.6727,YUKSEK
EGE_2021_03,EGE_2021_03_006660,36.74792,28.23921,1.0,1.0,0.1362105,29.561747,586.5828,0.09330331,0.68902516,0.48580864,0.20321652,dusuk,Agaclik,low_severity,,0.0,DUSUK
EGE_2021_03,EGE_2021_03_006661,36.74789,28.24201,1.0,1.0,0.2269308,31.568483,512.0764,0.042273767,0.71469796,0.4394847,0.27521327,dusuk,Agaclik,low_severity,,0.0,DUSUK
EGE_2021_03,EGE_2021_03_006662,36.74786,28.24481,1.0,1.0,0.27055806,27.831728,414.54117,0.083719134,0.7131404,0.42693508,0.28620535,orta-dusuk,Agaclik,predicted,0.4093,0.7101,YUKSEK
EGE_2021_03,EGE_2021_03_006663,36.74783,28.2476,1.0,1.0,0.3126276,24.892517,337.41116,0.2110134,0.77735925,0.44021484,0.3371444,orta-dusuk,Agaclik,predicted,0.4319,0.7008,YUKSEK
EGE_2021_03,EGE_2021_03_006664,36.74781,28.2504,1.0,1.0,0.5501289,20.222527,255.99536,0.06475449,0.76749265,0.35818604,0.40930662,orta-yuksek,Agaclik,predicted,0.3867,0.6139,YUKSEK
EGE_2021_03,EGE_2021_03_006665,36.74778,28.2532,1.0,0.95690167,0.5763045,18.262636,218.65923,0.18655144,0.7870673,0.32091,0.4661573,orta-yuksek,Agaclik,predicted,0.3832,0.5749,YUKSEK
EGE_2021_03,EGE_2021_03_006666,36.74775,28.256,1.0,0.9817149,0.5013702,16.098602,191.17694,0.09817755,0.6490985,0.27022123,0.37887728,orta-yuksek,Agaclik,predicted,0.3165,0.4695,ORTA
EGE_2021_03,EGE_2021_03_006667,36.74772,28.2588,0.9364368,1.0,0.45114,18.933886,135.83081,0.061377984,0.63296264,0.270747,0.36221564,orta-yuksek,Agaclik,predicted,0.3264,0.5137,YUKSEK
EGE_2021_03,EGE_2021_03_006668,36.74769,28.2616,0.8395343,0.78356963,0.1831104,15.953438,100.28864,0.13200477,0.5209832,0.34769076,0.17329246,dusuk,Agaclik,low_severity,,0.0,DUSUK
EGE_2021_03,EGE_2021_03_006679,36.74736,28.2924,0.6803171,0.55389786,0.12488204,15.772113,29.119432,0.17082196,0.51593107,0.41308272,0.10284835,dusuk,Su,low_severity,,0.0,DUSUK
EGE_2021_03,EGE_2021_03_006721,36.74676,28.12997,1.0,1.0,0.2958802,15.50257,249.01976,0.6829801,0.75522447,0.42823422,0.32699025,orta-dusuk,Agaclik,predicted,0.3143,0.3799,ORTA
EGE_2021_03,EGE_2021_03_006722,36.74673,28.13277,1.0,1.0,0.35927832,21.221016,275.11835,0.6080658,0.78983724,0.40343148,0.38640577,orta-dusuk,Agaclik,predicted,0.4106,0.5825,YUKSEK
EGE_2021_03,EGE_2021_03_006723,36.7467,28.13557,1.0,1.0,0.5521289,20.917124,279.9265,0.58468366,0.78081226,0.32122058,0.4595917,orta-yuksek,Agaclik,predicted,0.4258,0.6057,YUKSEK
EGE_2021_03,EGE_2021_03_006724,36.74668,28.13837,1.0,1.0,0.24348748,28.183552,275.2897,0.6017162,0.71015406,0.5204537,0.18970037,dusuk,Agaclik,low_severity,,0.0,DUSUK
EGE_2021_03,EGE_2021_03_006725,36.74665,28.14117,0.85848373,1.0,0.31930548,23.291355,311.28793,0.61353296,0.72460055,0.4732056,0.25139496,orta-dusuk,Agaclik,predicted,0.3441,0.5007,YUKSEK
EGE_2021_03,EGE_2021_03_006726,36.74662,28.14397,0.90780574,1.0,0.4107994,27.566313,294.22867,0.5444699,0.6722733,0.35365233,0.31862095,orta-dusuk,Agaclik,predicted,0.3591,0.5693,YUKSEK
EGE_2021_03,EGE_2021_03_006727,36.7466,28.14677,0.98616743,1.0,0.45412746,27.830303,250.08315,0.5767827,0.6638875,0.3027866,0.3611009,orta-yuksek,Agaclik,predicted,0.4012,0.6296,YUKSEK
EGE_2021_03,EGE_2021_03_006728,36.74657,28.14957,1.0,1.0,0.3604197,26.990398,180.9854,0.56016517,0.6234901,0.38036793,0.24312216,orta-dusuk,Agaclik,predicted,0.3716,0.5808,YUKSEK
EGE_2021_03,EGE_2021_03_006729,36.74654,28.15237,1.0,1.0,0.2557472,22.739475,201.5648,0.41321406,0.6876987,0.42433727,0.26336145,dusuk,Agaclik,low_severity,,0.0,DUSUK
EGE_2021_03,EGE_2021_03_006730,36.74651,28.15517,1.0,1.0,0.19294536,21.147451,156.4509,0.36939922,0.72661006,0.5316634,0.19494665,dusuk,Agaclik,low_severity,,0.0,DUSUK
EGE_2021_03,EGE_2021_03_006733,36.74643,28.16357,1.0,1.0,0.33934322,28.026602,258.97018,0.64725655,0.7953788,0.43760306,0.35777575,orta-dusuk,Agaclik,predicted,0.4315,0.6665,YUKSEK
EGE_2021_03,EGE_2021_03_006734,36.74641,28.16637,1.0,1.0,0.2511764,31.740412,369.98376,0.61937726,0.8139664,0.5917643,0.22220212,dusuk,Agaclik,low_severity,,0.0,DUSUK
EGE_2021_03,EGE_2021_03_006735,36.74638,28.16917,1.0,1.0,0.2463938,31.361645,505.48315,0.3982996,0.75497925,0.5157665,0.23921275,dusuk,Agaclik,low_severity,,0.0,DUSUK
EGE_2021_03,EGE_2021_03_006736,36.74635,28.17197,1.0,1.0,0.60016084,14.435131,616.1718,0.16110942,0.69858676,0.29245198,0.40613478,orta-yuksek,Agaclik,predicted,0.3646,0.5179,YUKSEK
EGE_2021_03,EGE_2021_03_006737,36.74632,28.17477,1.0,1.0,0.80587304,11.737385,598.5914,0.096996166,0.67637455,0.2170424,0.45933217,yuksek,Agaclik,predicted,0.4733,0.6651,YUKSEK
EGE_2021_03,EGE_2021_03_006738,36.74629,28.17757,1.0,1.0,0.64841783,6.0957704,565.93994,0.10072601,0.6859264,0.24336107,0.44256532,orta-yuksek,Agaclik,predicted,0.388,0.4894,ORTA
EGE_2021_03,EGE_2021_03_006739,36.74627,28.18037,1.0,1.0,0.53498554,8.741638,554.4868,0.120765835,0.6688054,0.27818912,0.3906163,orta-yuksek,Agaclik,predicted,0.3675,0.4789,ORTA
EGE_2021_03,EGE_2021_03_006740,36.74624,28.18317,0.8727276,0.9148431,0.46519977,10.367098,542.79736,0.19698633,0.55980694,0.26890427,0.29090267,orta-yuksek,Agaclik,predicted,0.3005,0.3828,ORTA
EGE_2021_03,EGE_2021_03_006741,36.74621,28.18597,0.18846737,0.2220662,0.15709876,7.728542,511.16776,0.057507675,0.32579333,0.24162859,0.08416474,dusuk,Yerlesim,low_severity,,0.0,DUSUK
EGE_2021_03,EGE_2021_03_006742,36.74618,28.18877,0.23226099,0.11832239,0.29555836,5.049838,504.78018,0.069377646,0.36019117,0.21074939,0.14944178,orta-dusuk,Otlak/calilik,low_severity,,0.0,DUSUK
EGE_2021_03,EGE_2021_03_006743,36.74616,28.19157,0.8987632,0.94200516,0.5975523,8.25734,528.3309,0.06243804,0.5611892,0.20380071,0.35738847,orta-yuksek,Agaclik,predicted,0.3253,0.4202,ORTA
EGE_2021_03,EGE_2021_03_006744,36.74613,28.19437,1.0,1.0,0.67222285,12.66873,507.3971,0.078836896,0.7121489,0.22642162,0.48572728,yuksek,Agaclik,predicted,0.38,0.5371,YUKSEK
EGE_2021_03,EGE_2021_03_006745,36.7461,28.19717,0.89848644,1.0,0.31400675,15.293562,497.17578,0.12073532,0.57862294,0.27641353,0.3022094,orta-dusuk,Agaclik,predicted,0.2769,0.4007,ORTA
EGE_2021_03,EGE_2021_03_006746,36.74607,28.19997,0.96515924,0.966027,0.43188775,18.107615,512.27826,0.07820304,0.65392345,0.24764957,0.4062739,orta-dusuk,Agaclik,predicted,0.2702,0.4208,ORTA
EGE_2021_03,EGE_2021_03_006747,36.74604,28.20277,1.0,1.0,0.5220404,21.824492,562.079,0.16263731,0.6737725,0.21289043,0.46088207,orta-yuksek,Agaclik,predicted,0.3595,0.5736,YUKSEK
EGE_2021_03,EGE_2021_03_006748,36.74601,28.20557,1.0,1.0,0.42368037,22.104183,596.81683,0.13324839,0.6905638,0.25882483,0.43173897,orta-dusuk,Agaclik,predicted,0.343,0.5556,YUKSEK
EGE_2021_03,EGE_2021_03_006749,36.74599,28.20837,1.0,1.0,0.24688125,25.187141,626.03125,0.066082,0.73422813,0.3873077,0.34692043,dusuk,Agaclik,low_severity,,0.0,DUSUK
EGE_2021_03,EGE_2021_03_006750,36.74596,28.21117,1.0,1.0,0.15961134,25.842138,624.2149,0.21717104,0.7480168,0.5144861,0.2335307,dusuk,Agaclik,low_severity,,0.0,DUSUK
EGE_2021_03,EGE_2021_03_006751,36.74593,28.21397,1.0,1.0,0.27875555,21.964397,574.49835,0.009441731,0.66229653,0.39792508,0.26437145,orta-dusuk,Agaclik,predicted,0.3455,0.5753,YUKSEK
EGE_2021_03,EGE_2021_03_006752,36.7459,28.21677,0.9150052,0.9287881,0.54864097,21.948826,540.1724,0.117018335,0.5741703,0.21330966,0.36086065,orta-yuksek,Agaclik,predicted,0.3217,0.5249,YUKSEK
EGE_2021_03,EGE_2021_03_006753,36.74587,28.21957,0.6161761,0.6520873,0.39274704,25.865166,540.5456,0.14375338,0.44930226,0.19658849,0.25271377,orta-dusuk,Agaclik,predicted,0.2951,0.5153,YUKSEK
EGE_2021_03,EGE_2021_03_006754,36.74584,28.22237,0.4686714,0.16134976,0.3474658,19.255123,532.5414,0.24703833,0.41474575,0.18661451,0.22813123,orta-dusuk,Otlak/calilik,predicted,0.2397,0.3619,ORTA
EGE_2021_03,EGE_2021_03_006755,36.74581,28.22517,0.47378942,0.21511802,0.342327,15.660067,526.3802,0.36791834,0.35672283,0.1561797,0.20054314,orta-dusuk,Otlak/calilik,predicted,0.2497,0.3291,ORTA
EGE_2021_03,EGE_2021_03_006756,36.74579,28.22797,0.7850463,0.9778456,0.41815913,15.5966835,545.0688,0.38306025,0.5591726,0.26820338,0.2909692,orta-dusuk,Agaclik,predicted,0.2965,0.396,ORTA
EGE_2021_03,EGE_2021_03_006757,36.74576,28.23077,0.84304535,0.91840893,0.31160292,17.227163,613.36017,0.36962438,0.61275667,0.33045197,0.2823047,orta-dusuk,Agaclik,predicted,0.3085,0.4297,ORTA
EGE_2021_03,EGE_2021_03_006758,36.74573,28.23357,0.8375899,0.9588243,0.20564035,13.5441,686.94293,0.29236642,0.6056649,0.38227084,0.22339407,dusuk,Agaclik,low_severity,,0.0,DUSUK
EGE_2021_03,EGE_2021_03_006759,36.7457,28.23637,0.6813612,0.7026057,0.16835842,15.228162,731.5181,0.34875047,0.5003313,0.3382869,0.16204438,dusuk,Agaclik,low_severity,,0.0,DUSUK
EGE_2021_03,EGE_2021_03_006761,36.74564,28.24197,0.8609384,0.27175948,0.13902816,35.662666,653.8446,0.22281285,0.49609762,0.34892017,0.14717746,dusuk,Otlak/calilik,low_severity,,0.0,DUSUK
EGE_2021_03,EGE_2021_03_006762,36.74561,28.24477,0.9171442,0.80306363,0.14868361,37.08156,554.0008,0.13113552,0.5398865,0.35321072,0.18667576,dusuk,Agaclik,low_severity,,0.0,DUSUK
EGE_2021_03,EGE_2021_03_006763,36.74558,28.24757,0.85402185,0.9171832,0.25025558,34.303818,441.98563,0.2082411,0.6451621,0.38646308,0.25869903,dusuk,Agaclik,low_severity,,0.0,DUSUK
EGE_2021_03,EGE_2021_03_006764,36.74555,28.25037,1.0,0.97773063,0.55287576,31.936361,361.97766,0.21846764,0.7218063,0.3042509,0.4175554,orta-yuksek,Agaclik,predicted,0.4076,0.7242,YUKSEK
EGE_2021_03,EGE_2021_03_006765,36.74552,28.25317,0.9008887,0.88637745,0.5323259,29.876787,333.35498,0.045102756,0.6921585,0.29579931,0.3963592,orta-yuksek,Agaclik,predicted,0.3424,0.6337,YUKSEK
EGE_2021_03,EGE_2021_03_006766,36.74549,28.25597,1.0,1.0,0.5880806,24.844292,264.22586,0.023769405,0.7257056,0.2547797,0.47092593,orta-yuksek,Agaclik,predicted,0.3909,0.6655,YUKSEK
EGE_2021_03,EGE_2021_03_006767,36.74546,28.25877,1.0,1.0,0.63732094,24.651577,224.85098,0.018659888,0.72559386,0.2761344,0.44945946,orta-yuksek,Agaclik,predicted,0.3929,0.6675,YUKSEK
EGE_2021_03,EGE_2021_03_006769,36.7454,28.26437,0.9982603,0.89069337,0.19454181,19.658472,93.89507,0.11509851,0.67556,0.43123776,0.24432224,dusuk,Agaclik,low_severity,,0.0,DUSUK
EGE_2021_03,EGE_2021_03_006779,36.7451,28.29236,0.9354091,0.94616723,0.4790762,23.806915,84.67723,0.082470976,0.7276137,0.27059537,0.45701832,orta-yuksek,Agaclik,predicted,0.3351,0.5656,YUKSEK
EGE_2021_03,EGE_2021_03_006821,36.7445,28.12994,1.0,1.0,0.19648448,29.199728,189.74202,0.4787193,0.6132239,0.431138,0.1820859,dusuk,Agaclik,low_severity,,0.0,DUSUK
EGE_2021_03,EGE_2021_03_006822,36.74448,28.13274,1.0,1.0,0.34068775,30.158735,196.48093,0.6121654,0.61020494,0.263032,0.34717295,orta-dusuk,Agaclik,predicted,0.3708,0.5996,YUKSEK
EGE_2021_03,EGE_2021_03_006823,36.74445,28.13554,1.0,0.86645955,0.23063596,29.050701,239.31203,0.606979,0.5596941,0.33651936,0.22317475,dusuk,Agaclik,low_severity,,0.0,DUSUK
EGE_2021_03,EGE_2021_03_006824,36.74442,28.13834,0.7228955,0.6077093,0.11805916,26.1951,326.7811,0.61818254,0.49037454,0.37337345,0.11700109,dusuk,Agaclik,low_severity,,0.0,DUSUK
EGE_2021_03,EGE_2021_03_006825,36.7444,28.14114,0.82859796,0.6889041,0.15656772,25.591482,317.07217,0.72171724,0.5372754,0.4118486,0.12542677,dusuk,Agaclik,low_severity,,0.0,DUSUK
EGE_2021_03,EGE_2021_03_006826,36.74437,28.14394,0.8802085,0.53213114,0.215825,25.906506,318.03537,0.7021158,0.5338724,0.339859,0.19401342,dusuk,Agaclik,low_severity,,0.0,DUSUK
EGE_2021_03,EGE_2021_03_006827,36.74434,28.14674,1.0,0.9315064,0.32357946,23.843117,287.001,0.6613846,0.6250397,0.3326456,0.2923941,orta-dusuk,Agaclik,predicted,0.3415,0.495,ORTA
EGE_2021_03,EGE_2021_03_006828,36.74432,28.14954,1.0,1.0,0.4111112,17.694443,276.26453,0.7119639,0.6835637,0.37285042,0.3107133,orta-dusuk,Agaclik,predicted,0.3554,0.4558,ORTA
EGE_2021_03,EGE_2021_03_006829,36.74429,28.15234,1.0,1.0,0.26051944,18.04249,286.11868,0.6448088,0.7930211,0.49228498,0.3007361,dusuk,Agaclik,low_severity,,0.0,DUSUK
EGE_2021_03,EGE_2021_03_006830,36.74426,28.15514,1.0,1.0,0.42467922,28.63838,248.84517,0.61764747,0.83157897,0.4599938,0.37158516,orta-dusuk,Agaclik,predicted,0.4238,0.6645,YUKSEK
EGE_2021_03,EGE_2021_03_006831,36.74423,28.15794,1.0,1.0,0.1889888,34.31468,242.26945,0.5996066,0.7336539,0.5464784,0.18717551,dusuk,Agaclik,low_severity,,0.0,DUSUK
EGE_2021_03,EGE_2021_03_006832,36.74421,28.16074,1.0,1.0,0.21978167,26.346342,249.04547,0.66704386,0.8057233,0.5472267,0.25849658,dusuk,Agaclik,low_severity,,0.0,DUSUK
EGE_2021_03,EGE_2021_03_006833,36.74418,28.16354,0.88316286,1.0,0.28884718,32.88034,338.84586,0.7481964,0.6927419,0.43901002,0.25373185,orta-dusuk,Agaclik,predicted,0.3653,0.5959,YUKSEK
EGE_2021_03,EGE_2021_03_006834,36.74415,28.16634,0.9401384,1.0,0.16999507,29.585285,486.77515,0.62077385,0.662358,0.5329861,0.12937188,dusuk,Agaclik,low_severity,,0.0,DUSUK
EGE_2021_03,EGE_2021_03_006835,36.74412,28.16914,1.0,1.0,0.3440609,20.360748,556.28094,0.38518867,0.79782265,0.3965299,0.40129274,orta-dusuk,Agaclik,predicted,0.4052,0.598,YUKSEK
EGE_2021_03,EGE_2021_03_006836,36.7441,28.17194,1.0,1.0,0.6843887,11.350216,631.0591,0.19073658,0.7507895,0.28340316,0.46738636,yuksek,Agaclik,predicted,0.4137,0.5602,YUKSEK
EGE_2021_03,EGE_2021_03_006837,36.74407,28.17474,0.9734647,1.0,0.7871268,17.406193,601.29193,0.14856674,0.6718148,0.19562444,0.47619036,yuksek,Agaclik,predicted,0.4519,0.6748,YUKSEK
EGE_2021_03,EGE_2021_03_006838,36.74404,28.17754,1.0,1.0,0.61833215,17.398577,521.0414,0.10990321,0.6710411,0.21118405,0.45985702,orta-yuksek,Agaclik,predicted,0.3618,0.5463,YUKSEK
EGE_2021_03,EGE_2021_03_006839,36.74401,28.18034,1.0,1.0,0.5676252,13.7868805,517.67334,0.021631533,0.6598294,0.24623744,0.41359192,orta-yuksek,Agaclik,predicted,0.3288,0.4786,ORTA
EGE_2021_03,EGE_2021_03_006840,36.74399,28.18314,0.8151593,0.64644617,0.25342178,11.710906,526.9738,0.13083017,0.45794737,0.2864557,0.17149168,dusuk,Agaclik,low_severity,,0.0,DUSUK
EGE_2021_03,EGE_2021_03_006841,36.74396,28.18594,0.5661359,0.4281005,0.18372118,5.7251577,505.71164,0.2038999,0.3559001,0.26034188,0.095558226,dusuk,Yerlesim,low_severity,,0.0,DUSUK
EGE_2021_03,EGE_2021_03_006842,36.74393,28.18874,0.91701734,0.7407402,0.45342994,6.151673,491.27188,0.12571707,0.52758586,0.24896,0.27862585,orta-yuksek,Agaclik,predicted,0.2873,0.3369,ORTA
EGE_2021_03,EGE_2021_03_006843,36.7439,28.19154,0.9768014,0.9898579,0.54426044,9.076389,493.92926,0.14019035,0.6260998,0.25852823,0.3675716,orta-yuksek,Agaclik,predicted,0.3494,0.4522,ORTA
EGE_2021_03,EGE_2021_03_006844,36.74387,28.19434,1.0,1.0,0.5434009,11.243778,468.95383,0.26089868,0.65846014,0.23799211,0.42046803,orta-yuksek,Agaclik,predicted,0.4039,0.535,YUKSEK
EGE_2021_03,EGE_2021_03_006845,36.74385,28.19714,0.9620846,0.9527449,0.46171778,6.886055,466.89453,0.18254572,0.59708154,0.24824104,0.3488405,orta-yuksek,Agaclik,predicted,0.2919,0.3421,ORTA
EGE_2021_03,EGE_2021_03_006846,36.74382,28.19994,0.988815,0.89707786,0.5750258,9.776726,486.3853,0.08494438,0.6555153,0.2254318,0.4300835,orta-yuksek,Agaclik,predicted,0.3418,0.4546,ORTA
EGE_2021_03,EGE_2021_03_006847,36.74379,28.20274,1.0,1.0,0.5834021,12.797029,525.5204,0.027780604,0.742563,0.25103977,0.49152324,orta-yuksek,Agaclik,predicted,0.3385,0.4836,ORTA
EGE_2021_03,EGE_2021_03_006848,36.74376,28.20554,1.0,1.0,0.3381369,9.553702,566.46094,0.10909072,0.7177782,0.3415712,0.376207,orta-dusuk,Agaclik,predicted,0.3772,0.5019,YUKSEK
EGE_2021_03,EGE_2021_03_006849,36.74373,28.20834,1.0,1.0,0.18229154,12.365635,557.15375,0.22257869,0.70674574,0.51660454,0.1901412,dusuk,Agaclik,low_severity,,0.0,DUSUK
EGE_2021_03,EGE_2021_03_006850,36.7437,28.21114,1.0,0.99954,0.14256904,17.459404,530.46765,0.21103893,0.6075946,0.48502076,0.12257385,dusuk,Agaclik,low_severity,,0.0,DUSUK
EGE_2021_03,EGE_2021_03_006851,36.74368,28.21394,0.5024361,0.35627466,0.28003117,15.226102,506.63425,0.106164575,0.3714999,0.2283179,0.143182,orta-dusuk,Otlak/calilik,low_severity,,0.0,DUSUK
EGE_2021_03,EGE_2021_03_006852,36.74365,28.21674,0.15881711,0.053463496,0.42359862,9.673519,478.7169,0.14287439,0.35155365,0.16480526,0.18674839,orta-dusuk,Otlak/calilik,low_severity,,0.0,DUSUK
EGE_2021_03,EGE_2021_03_006853,36.74362,28.21953,0.22400968,0.0,0.20619768,9.638907,467.51407,0.022732705,0.31875688,0.23252717,0.08622971,dusuk,Otlak/calilik,low_severity,,0.0,DUSUK
EGE_2021_03,EGE_2021_03_006855,36.74356,28.22513,0.08229531,0.0438294,0.27388006,8.411889,478.2163,0.24897069,0.33945057,0.17809,0.16136056,orta-dusuk,Otlak/calilik,low_severity,,0.0,DUSUK
EGE_2021_03,EGE_2021_03_006856,36.74353,28.22793,0.8836133,0.9531016,0.5272127,16.22701,525.5274,0.48872867,0.6139709,0.21146166,0.4025092,orta-yuksek,Agaclik,predicted,0.3346,0.4433,ORTA
EGE_2021_03,EGE_2021_03_006857,36.7435,28.23073,0.9445258,1.0,0.33821473,19.645412,602.2973,0.5872509,0.67747504,0.3813944,0.29608065,orta-dusuk,Agaclik,predicted,0.3743,0.5179,YUKSEK
EGE_2021_03,EGE_2021_03_006858,36.74347,28.23353,0.7406283,1.0,0.1265858,13.145322,689.3591,0.541959,0.58639157,0.45839453,0.12799704,dusuk,Agaclik,low_severity,,0.0,DUSUK
EGE_2021_03,EGE_2021_03_006859,36.74345,28.23633,0.90655315,0.95904815,0.16410589,10.389176,702.6122,0.5987486,0.62398183,0.45019233,0.1737895,dusuk,Agaclik,low_severity,,0.0,DUSUK
EGE_2021_03,EGE_2021_03_006860,36.74342,28.23913,0.58533967,0.48700273,0.12738833,19.506958,735.7472,0.5053023,0.522389,0.3957027,0.1266863,dusuk,Otlak/calilik,low_severity,,0.0,DUSUK
EGE_2021_03,EGE_2021_03_006861,36.74339,28.24193,0.30487698,0.03259174,0.1100689,21.876122,740.9316,0.43919685,0.33191258,0.22528628,0.1066263,dusuk,Otlak/calilik,low_severity,,0.0,DUSUK
EGE_2021_03,EGE_2021_03_006862,36.74336,28.24473,0.11552668,0.0,0.12694633,33.905594,656.1136,0.37593848,0.30675155,0.1919668,0.11478475,dusuk,Otlak/calilik,low_severity,,0.0,DUSUK
EGE_2021_03,EGE_2021_03_006864,36.7433,28.25033,0.77456206,0.23972635,0.24567011,30.158731,540.8968,0.38831586,0.46780193,0.2302977,0.23750423,dusuk,Otlak/calilik,low_severity,,0.0,DUSUK
EGE_2021_03,EGE_2021_03_006865,36.74327,28.25313,0.659389,0.2704502,0.5434716,31.535927,460.97357,0.28645495,0.5857505,0.22956318,0.35618734,orta-yuksek,Otlak/calilik,predicted,0.3048,0.5586,YUKSEK
EGE_2021_03,EGE_2021_03_006866,36.74324,28.25593,1.0,1.0,0.6975317,32.850403,375.97748,0.15900141,0.71098506,0.25649866,0.4544864,yuksek,Agaclik,predicted,0.3867,0.7092,YUKSEK
EGE_2021_03,EGE_2021_03_006867,36.74321,28.25873,0.9743068,0.729011,0.32080656,37.375126,363.68384,0.21113747,0.52386326,0.26426464,0.2595986,orta-dusuk,Agaclik,predicted,0.3037,0.6176,YUKSEK
EGE_2021_03,EGE_2021_03_006868,36.74318,28.26153,0.8488363,0.88321716,0.44194254,34.458996,280.55164,0.2444436,0.629496,0.2897852,0.33971077,orta-yuksek,Agaclik,predicted,0.3336,0.6323,YUKSEK
EGE_2021_03,EGE_2021_03_006869,36.74315,28.26433,1.0,1.0,0.46231467,31.462708,179.34976,0.19485195,0.80955255,0.379234,0.43031856,orta-yuksek,Agaclik,predicted,0.382,0.6854,YUKSEK
EGE_2021_03,EGE_2021_03_006870,36.74312,28.26713,1.0,0.9743661,0.41767675,23.928644,103.57516,0.03131564,0.7494464,0.3935907,0.3558557,orta-dusuk,Agaclik,predicted,0.3339,0.5719,YUKSEK
EGE_2021_03,EGE_2021_03_006875,36.74297,28.28113,1.0,1.0,0.15964565,24.490608,138.00073,0.1812236,0.7658945,0.583783,0.1821115,dusuk,Agaclik,low_severity,,0.0,DUSUK
EGE_2021_03,EGE_2021_03_006876,36.74294,28.28393,1.0,1.0,0.3018146,21.49171,150.8417,0.10560167,0.7848372,0.4140803,0.3707569,orta-dusuk,Agaclik,predicted,0.3535,0.5698,YUKSEK
EGE_2021_03,EGE_2021_03_006877,36.74291,28.28673,1.0,1.0,0.18296951,21.306322,153.18549,0.08312079,0.7627639,0.535821,0.2269429,dusuk,Agaclik,low_severity,,0.0,DUSUK
EGE_2021_03,EGE_2021_03_006878,36.74288,28.28953,0.9400943,1.0,0.28832972,13.180575,200.66447,0.19610535,0.69540405,0.38398266,0.3114214,orta-dusuk,Agaclik,predicted,0.2812,0.3785,ORTA
EGE_2021_03,EGE_2021_03_006879,36.74285,28.29233,1.0,0.96561295,0.64844155,23.491312,156.87108,0.2945314,0.7200198,0.2165483,0.5034715,orta-yuksek,Agaclik,predicted,0.442,0.6921,YUKSEK
EGE_2021_03,EGE_2021_03_006880,36.74282,28.29513,0.42343804,0.3440274,0.3539995,21.657547,40.734505,0.40299132,0.4290853,0.18578446,0.24330086,orta-dusuk,Su,predicted,0.2124,0.3204,ORTA
EGE_2021_03,EGE_2021_03_006922,36.74222,28.13271,1.0,0.9284766,0.1234687,20.008472,75.594734,0.36626598,0.6169999,0.48847324,0.12852669,dusuk,Agaclik,low_severity,,0.0,DUSUK
EGE_2021_03,EGE_2021_03_006923,36.7422,28.13551,0.94733864,0.91939527,0.1471659,26.56996,120.868004,0.36246222,0.6001022,0.43917608,0.1609261,dusuk,Agaclik,low_severity,,0.0,DUSUK
EGE_2021_03,EGE_2021_03_006924,36.74217,28.13831,0.66914356,0.50431573,0.12549403,34.266003,148.29901,0.38092652,0.51106954,0.3901887,0.12088084,dusuk,Otlak/calilik,low_severity,,0.0,DUSUK
EGE_2021_03,EGE_2021_03_006925,36.74214,28.14111,0.91890895,0.4360384,0.19549333,31.173716,160.067,0.53275806,0.48803598,0.3387395,0.14929646,dusuk,Otlak/calilik,low_severity,,0.0,DUSUK
EGE_2021_03,EGE_2021_03_006926,36.74212,28.14391,0.8361754,0.70123214,0.28688547,31.586086,153.66786,0.47418094,0.5311233,0.31167328,0.21945,orta-dusuk,Agaclik,predicted,0.2691,0.48,ORTA
EGE_2021_03,EGE_2021_03_006927,36.74209,28.14671,1.0,1.0,0.31676334,26.510012,149.1364,0.4114737,0.6758833,0.37848866,0.29739463,orta-dusuk,Agaclik,predicted,0.354,0.5712,YUKSEK
EGE_2021_03,EGE_2021_03_006928,36.74206,28.14951,0.9103002,1.0,0.28233808,27.106382,237.54318,0.48864466,0.69534504,0.40869105,0.286654,orta-dusuk,Agaclik,predicted,0.3326,0.5338,YUKSEK
EGE_2021_03,EGE_2021_03_006929,36.74204,28.15231,0.9621886,1.0,0.22406864,10.359462,321.50732,0.6512289,0.7193731,0.4767803,0.24259281,dusuk,Agaclik,low_severity,,0.0,DUSUK
EGE_2021_03,EGE_2021_03_006930,36.74201,28.15511,1.0,1.0,0.2599896,12.428762,342.02063,0.84127027,0.77473485,0.49521452,0.27952033,dusuk,Agaclik,low_severity,,0.0,DUSUK
EGE_2021_03,EGE_2021_03_006931,36.74198,28.15791,0.9267612,1.0,0.37015694,22.291868,389.20947,0.6933022,0.7384503,0.43485194,0.30359834,orta-dusuk,Agaclik,predicted,0.3646,0.5115,YUKSEK
EGE_2021_03,EGE_2021_03_006932,36.74195,28.16071,1.0,1.0,0.2620079,27.924171,380.9897,0.5495323,0.7593404,0.5732646,0.1860758,dusuk,Agaclik,low_severity,,0.0,DUSUK
EGE_2021_03,EGE_2021_03_006933,36.74193,28.16351,1.0,1.0,0.35895446,23.703161,418.33145,0.4983007,0.79512566,0.4916926,0.30343306,orta-dusuk,Agaclik,predicted,0.4161,0.6272,YUKSEK
EGE_2021_03,EGE_2021_03_006934,36.7419,28.16631,1.0,1.0,0.5413004,20.685883,501.9283,0.4873759,0.7372577,0.3569277,0.38033003,orta-yuksek,Agaclik,predicted,0.4293,0.6224,YUKSEK
EGE_2021_03,EGE_2021_03_006935,36.74187,28.1691,1.0,1.0,0.50631255,17.549896,559.446,0.33172312,0.70884377,0.2939,0.41494375,orta-yuksek,Agaclik,predicted,0.4056,0.5819,YUKSEK
EGE_2021_03,EGE_2021_03_006936,36.74184,28.1719,1.0,1.0,0.67932916,22.473541,594.62854,0.12303767,0.65645474,0.1956141,0.46084064,yuksek,Agaclik,predicted,0.3684,0.5979,YUKSEK
EGE_2021_03,EGE_2021_03_006937,36.74182,28.1747,0.9636458,1.0,0.60711265,27.567959,531.0234,0.09516787,0.623133,0.18555015,0.43758285,orta-yuksek,Agaclik,predicted,0.366,0.642,YUKSEK
EGE_2021_03,EGE_2021_03_006938,36.74179,28.1775,1.0,1.0,0.35537493,14.691336,464.99814,0.17358683,0.54118365,0.24972484,0.29145882,orta-dusuk,Agaclik,predicted,0.3487,0.4948,ORTA
EGE_2021_03,EGE_2021_03_006939,36.74176,28.1803,1.0,1.0,0.4866819,9.997417,485.17752,0.07108422,0.6438359,0.23321745,0.41061845,orta-yuksek,Agaclik,predicted,0.3323,0.4444,ORTA
EGE_2021_03,EGE_2021_03_006940,36.74173,28.1831,1.0,1.0,0.38711166,8.450935,501.01935,0.037095964,0.6586934,0.28925085,0.36944252,orta-dusuk,Agaclik,predicted,0.3247,0.4245,ORTA
EGE_2021_03,EGE_2021_03_006941,36.74171,28.1859,1.0,1.0,0.4801855,12.094758,483.9797,0.049370773,0.6844115,0.26671225,0.41769928,orta-yuksek,Agaclik,predicted,0.3336,0.4673,ORTA
EGE_2021_03,EGE_2021_03_006942,36.74168,28.1887,1.0,1.0,0.5800358,7.0880084,488.5348,0.23599783,0.744295,0.28295514,0.46133986,orta-yuksek,Agaclik,predicted,0.4095,0.5111,YUKSEK
EGE_2021_03,EGE_2021_03_006943,36.74165,28.1915,1.0,1.0,0.665119,7.7647953,483.17404,0.24401543,0.6696017,0.22336578,0.4462359,yuksek,Agaclik,predicted,0.4094,0.5156,YUKSEK
EGE_2021_03,EGE_2021_03_006944,36.74162,28.1943,1.0,1.0,0.6160815,7.265905,458.51566,0.4326578,0.68997943,0.21970735,0.47027206,orta-yuksek,Agaclik,predicted,0.4162,0.4953,ORTA
EGE_2021_03,EGE_2021_03_006945,36.74159,28.1971,1.0,1.0,0.6258016,9.925935,472.39255,0.32351547,0.6846663,0.2427071,0.44195917,orta-yuksek,Agaclik,predicted,0.4119,0.5269,YUKSEK
EGE_2021_03,EGE_2021_03_006946,36.74156,28.1999,1.0,1.0,0.5223672,12.126583,481.198,0.1943232,0.66784173,0.24423137,0.42361036,orta-yuksek,Agaclik,predicted,0.401,0.5475,YUKSEK
EGE_2021_03,EGE_2021_03_006947,36.74154,28.2027,1.0,1.0,0.31925496,15.917688,518.1039,0.1567986,0.6637521,0.32491195,0.33884013,orta-dusuk,Agaclik,predicted,0.3576,0.5209,YUKSEK
EGE_2021_03,EGE_2021_03_006948,36.74151,28.2055,1.0,1.0,0.20437172,14.828462,561.91956,0.20565888,0.6298535,0.41728348,0.21257001,dusuk,Agaclik,low_severity,,0.0,DUSUK
EGE_2021_03,EGE_2021_03_006953,36.74137,28.2195,0.0,0.0,0.19277611,4.3608856,442.18243,0.005199299,0.26523042,0.19528316,0.06994726,dusuk,Otlak/calilik,low_severity,,0.0,DUSUK
EGE_2021_03,EGE_2021_03_006954,36.74134,28.2223,0.045249015,0.0070340587,0.17628361,6.8384795,449.71646,0.091603175,0.31589156,0.21286568,0.10302588,dusuk,Otlak/calilik,low_severity,,0.0,DUSUK
EGE_2021_03,EGE_2021_03_006955,36.74131,28.2251,0.18511331,0.14350101,0.34595498,7.684438,484.10205,0.27446482,0.4414317,0.19454789,0.24688381,orta-dusuk,Otlak/calilik,predicted,0.1967,0.1949,DUSUK
EGE_2021_03,EGE_2021_03_006956,36.74128,28.2279,0.8654072,0.7979214,0.22119473,11.99365,518.50214,0.5021954,0.60702485,0.4458425,0.16118234,dusuk,Agaclik,low_severity,,0.0,DUSUK
EGE_2021_03,EGE_2021_03_006957,36.74125,28.2307,0.979035,1.0,0.26934728,14.568254,577.6089,0.7443585,0.70625556,0.4433933,0.26286227,dusuk,Agaclik,low_severity,,0.0,DUSUK
EGE_2021_03,EGE_2021_03_006958,36.74122,28.2335,0.82311237,0.953862,0.16625446,16.834034,632.1989,0.7918087,0.6540496,0.502847,0.15120256,dusuk,Agaclik,low_severity,,0.0,DUSUK
EGE_2021_03,EGE_2021_03_006959,36.74119,28.2363,0.6553989,0.78969556,0.16484171,17.50776,646.79297,0.8217445,0.5999838,0.4222221,0.1777617,dusuk,Agaclik,low_severity,,0.0,DUSUK
EGE_2021_03,EGE_2021_03_006961,36.74113,28.2419,0.11039573,0.21000642,0.48341036,33.71285,612.56036,0.66675544,0.4486526,0.13891494,0.30973765,orta-yuksek,Otlak/calilik,predicted,0.2822,0.4909,ORTA
EGE_2021_03,EGE_2021_03_006962,36.7411,28.2447,0.6483885,0.46009442,0.554506,37.42113,498.84674,0.62264377,0.5145618,0.13518178,0.37938,orta-yuksek,Otlak/calilik,predicted,0.3218,0.5877,YUKSEK
EGE_2021_03,EGE_2021_03_006963,36.74108,28.2475,0.810859,0.7803793,0.6445199,32.269222,423.73584,0.6411516,0.61681134,0.16301322,0.45379812,orta-yuksek,Agaclik,predicted,0.3467,0.5779,YUKSEK
EGE_2021_03,EGE_2021_03_006964,36.74105,28.2503,0.6989939,0.32075673,0.4559425,37.480988,445.0444,0.60067177,0.4651428,0.1467706,0.3183722,orta-yuksek,Otlak/calilik,predicted,0.3004,0.5595,YUKSEK
EGE_2021_03,EGE_2021_03_006965,36.74102,28.25309,0.4755016,0.087053515,0.5403681,23.42223,484.96832,0.4807817,0.5213527,0.15490407,0.36644864,orta-yuksek,Otlak/calilik,predicted,0.2696,0.4097,ORTA
EGE_2021_03,EGE_2021_03_006966,36.74099,28.25589,0.86023164,0.23012726,0.21060923,24.99434,538.2285,0.40875036,0.506207,0.3326283,0.17357868,dusuk,Otlak/calilik,low_severity,,0.0,DUSUK
EGE_2021_03,EGE_2021_03_006969,36.7409,28.26429,0.97779983,0.5563718,0.39237767,34.072525,329.03143,0.3520223,0.60867727,0.3389654,0.26971188,orta-dusuk,Agaclik,predicted,0.2914,0.5514,YUKSEK
EGE_2021_03,EGE_2021_03_006970,36.74087,28.26709,0.9400942,0.96285385,0.7087496,31.79234,203.4379,0.20233595,0.7751881,0.26351514,0.511673,yuksek,Agaclik,predicted,0.4061,0.7229,YUKSEK
EGE_2021_03,EGE_2021_03_006971,36.74084,28.26989,1.0,0.94882226,0.22804973,24.010126,123.75145,0.062042862,0.7242238,0.45690927,0.26731452,dusuk,Agaclik,low_severity,,0.0,DUSUK
EGE_2021_03,EGE_2021_03_006973,36.74078,28.27549,1.0,1.0,0.10982156,18.49245,124.508934,0.026188318,0.74239135,0.596617,0.14577436,dusuk,Agaclik,low_severity,,0.0,DUSUK
EGE_2021_03,EGE_2021_03_006975,36.74072,28.28109,1.0,1.0,0.18816012,23.493084,240.10146,0.1411661,0.69793457,0.42594224,0.27199233,dusuk,Agaclik,low_severity,,0.0,DUSUK
EGE_2021_03,EGE_2021_03_006976,36.74069,28.28389,0.89650744,0.9014705,0.11526206,24.019077,276.4578,0.27974647,0.6450202,0.5334021,0.1116181,dusuk,Agaclik,low_severity,,0.0,DUSUK
EGE_2021_03,EGE_2021_03_006977,36.74066,28.28669,0.9754891,1.0,0.17282012,17.071985,240.29034,0.23626885,0.6580394,0.4547735,0.2032659,dusuk,Agaclik,low_severity,,0.0,DUSUK
EGE_2021_03,EGE_2021_03_006978,36.74063,28.28949,1.0,1.0,0.22376058,6.5019045,226.6615,0.37256405,0.6954528,0.42909873,0.26635408,dusuk,Agaclik,low_severity,,0.0,DUSUK
EGE_2021_03,EGE_2021_03_006979,36.7406,28.29229,1.0,0.9908399,0.4686625,22.079525,179.36885,0.53844756,0.6516856,0.2845602,0.3671254,orta-yuksek,Agaclik,predicted,0.3526,0.5134,YUKSEK
EGE_2021_03,EGE_2021_03_006980,36.74057,28.29509,0.6884812,0.38991958,0.15063447,22.474838,50.111546,0.62451845,0.5792346,0.4748276,0.10440701,dusuk,Otlak/calilik,low_severity,,0.0,DUSUK
EGE_2021_03,EGE_2021_03_007026,36.73986,28.14387,1.0,0.9415165,0.11936802,13.454589,62.023617,0.26428056,0.60115016,0.5039267,0.09722346,dusuk,Agaclik,low_severity,,0.0,DUSUK
EGE_2021_03,EGE_2021_03_007027,36.73984,28.14667,1.0,0.79528123,0.17887157,18.640694,79.3696,0.16183823,0.59892297,0.46634853,0.13257444,dusuk,Agaclik,low_severity,,0.0,DUSUK
EGE_2021_03,EGE_2021_03_007028,36.73981,28.14947,0.92198634,1.0,0.20178014,28.092857,186.56406,0.29993406,0.700184,0.5086224,0.19156158,dusuk,Agaclik,low_severity,,0.0,DUSUK
EGE_2021_03,EGE_2021_03_007029,36.73978,28.15227,0.9662693,1.0,0.22341615,17.504087,295.83582,0.5240662,0.70932513,0.49170533,0.2176198,dusuk,Agaclik,low_severity,,0.0,DUSUK
EGE_2021_03,EGE_2021_03_007030,36.73975,28.15507,1.0,1.0,0.28183946,16.24401,355.62155,0.63514006,0.7363931,0.48428655,0.25210655,orta-dusuk,Agaclik,predicted,0.3164,0.3961,ORTA
EGE_2021_03,EGE_2021_03_007031,36.73973,28.15787,0.95049286,1.0,0.32847732,14.292238,420.03024,0.5099695,0.6075985,0.3418146,0.26578388,orta-dusuk,Agaclik,predicted,0.3139,0.393,ORTA
EGE_2021_03,EGE_2021_03_007032,36.7397,28.16067,0.9400997,1.0,0.38878196,20.645264,425.55457,0.3398404,0.58354914,0.30715585,0.2763933,orta-dusuk,Agaclik,predicted,0.362,0.5426,YUKSEK
EGE_2021_03,EGE_2021_03_007033,36.73967,28.16347,1.0,1.0,0.5492562,18.174284,415.48926,0.24861482,0.65925723,0.2536767,0.40558052,orta-yuksek,Agaclik,predicted,0.4073,0.6013,YUKSEK
EGE_2021_03,EGE_2021_03_007034,36.73965,28.16627,0.94009936,1.0,0.6372901,21.526968,428.5397,0.24087107,0.6158561,0.17571849,0.44013762,orta-yuksek,Agaclik,predicted,0.3875,0.6018,YUKSEK
EGE_2021_03,EGE_2021_03_007035,36.73962,28.16907,0.9983988,0.9495044,0.69112647,23.185892,464.8276,0.18341139,0.65456563,0.17897719,0.47558844,yuksek,Agaclik,predicted,0.3569,0.5786,YUKSEK
EGE_2021_03,EGE_2021_03_007036,36.73959,28.17187,0.9713068,0.93429744,0.74428,19.498594,494.03723,0.08827707,0.6432718,0.16034408,0.48292774,yuksek,Agaclik,predicted,0.3708,0.5808,YUKSEK
EGE_2021_03,EGE_2021_03_007037,36.73956,28.17467,1.0,1.0,0.86014897,13.856302,462.91782,0.035739876,0.7266206,0.13781998,0.58880067,yuksek,Agaclik,predicted,0.4457,0.6508,YUKSEK
EGE_2021_03,EGE_2021_03_007038,36.73954,28.17747,1.0,1.0,0.6627179,10.704399,453.1318,0.059997424,0.650489,0.23479778,0.4156912,yuksek,Agaclik,predicted,0.3531,0.4829,ORTA
EGE_2021_03,EGE_2021_03_007039,36.73951,28.18027,1.0,1.0,0.68052304,9.446118,498.32736,0.04591638,0.72390187,0.24825083,0.47565103,yuksek,Agaclik,predicted,0.3485,0.4672,ORTA
EGE_2021_03,EGE_2021_03_007040,36.73948,28.18307,1.0,1.0,0.52708584,18.21824,470.06897,0.0776474,0.7063633,0.24808872,0.4582746,orta-yuksek,Agaclik,predicted,0.3462,0.5347,YUKSEK
EGE_2021_03,EGE_2021_03_007041,36.73945,28.18587,0.9534291,0.9612673,0.4661944,18.26995,423.7243,0.20079058,0.6382889,0.2546314,0.38365752,orta-yuksek,Agaclik,predicted,0.3293,0.4929,ORTA
EGE_2021_03,EGE_2021_03_007042,36.73942,28.18867,1.0,1.0,0.6170341,15.918371,455.83734,0.22428258,0.7166934,0.2266534,0.49004,orta-yuksek,Agaclik,predicted,0.3777,0.5414,YUKSEK
EGE_2021_03,EGE_2021_03_007043,36.7394,28.19147,1.0,1.0,0.697208,14.721606,475.3432,0.24692227,0.72236633,0.23284256,0.48952377,yuksek,Agaclik,predicted,0.405,0.5685,YUKSEK
EGE_2021_03,EGE_2021_03_007044,36.73937,28.19427,0.9417022,1.0,0.615098,12.884631,442.3958,0.27351546,0.6701138,0.20901212,0.46110168,orta-yuksek,Agaclik,predicted,0.3413,0.4544,ORTA
EGE_2021_03,EGE_2021_03_007045,36.73934,28.19707,1.0,1.0,0.5119226,10.679175,434.727,0.08154452,0.62961024,0.2419456,0.38766465,orta-yuksek,Agaclik,predicted,0.3469,0.4704,ORTA
EGE_2021_03,EGE_2021_03_007046,36.73931,28.19987,1.0,1.0,0.24183941,9.879722,458.6489,0.050053213,0.6426867,0.36913025,0.27355647,dusuk,Agaclik,low_severity,,0.0,DUSUK
EGE_2021_03,EGE_2021_03_007047,36.73928,28.20267,0.9233653,1.0,0.19942772,11.80144,483.7121,0.29872242,0.5648491,0.33966303,0.22518605,dusuk,Agaclik,low_severity,,0.0,DUSUK
EGE_2021_03,EGE_2021_03_007051,36.73917,28.21386,0.15158145,0.0,0.24587263,9.0241165,448.5195,0.18134962,0.30159408,0.18243966,0.11915442,dusuk,Otlak/calilik,low_severity,,0.0,DUSUK
EGE_2021_03,EGE_2021_03_007052,36.73914,28.21666,0.47742325,0.0,0.31951416,7.0171175,442.43646,0.10785162,0.34314772,0.17448685,0.16866088,orta-dusuk,Otlak/calilik,low_severity,,0.0,DUSUK
EGE_2021_03,EGE_2021_03_007053,36.73911,28.21946,0.1125986,0.082994446,0.3153842,5.187594,432.28625,0.040135704,0.34789035,0.1703901,0.17750025,orta-dusuk,Otlak/calilik,low_severity,,0.0,DUSUK
EGE_2021_03,EGE_2021_03_007054,36.73908,28.22226,0.665911,0.55287373,0.4330619,8.280635,454.2695,0.25202027,0.47931606,0.19144054,0.28787553,orta-dusuk,Agaclik,predicted,0.2482,0.2796,ORTA
EGE_2021_03,EGE_2021_03_007055,36.73905,28.22506,0.76994807,0.778999,0.46387145,10.725513,485.57123,0.44010985,0.6012343,0.24626768,0.35496664,orta-yuksek,Agaclik,predicted,0.2901,0.3367,ORTA
EGE_2021_03,EGE_2021_03_007056,36.73903,28.22786,1.0,1.0,0.24724588,13.952552,528.54126,0.58134687,0.6939132,0.47222623,0.22168699,dusuk,Agaclik,low_severity,,0.0,DUSUK
EGE_2021_03,EGE_2021_03_007058,36.73897,28.23346,0.9744013,0.9740183,0.20873222,6.3278756,604.24084,0.7461327,0.696345,0.4709077,0.22543728,dusuk,Agaclik,low_severity,,0.0,DUSUK
EGE_2021_03,EGE_2021_03_007059,36.73894,28.23626,0.88018936,1.0,0.22665405,12.491987,597.0519,0.9238987,0.66690385,0.46520936,0.20169449,dusuk,Agaclik,low_severity,,0.0,DUSUK
EGE_2021_03,EGE_2021_03_007060,36.73891,28.23906,1.0,1.0,0.38343436,26.789967,531.1636,0.99762726,0.7159842,0.39882234,0.3171619,orta-dusuk,Agaclik,predicted,0.4304,0.6056,YUKSEK
EGE_2021_03,EGE_2021_03_007061,36.73888,28.24186,0.83117086,0.9757627,0.75392044,25.801212,478.1591,0.90621835,0.6916698,0.17642209,0.5152477,yuksek,Agaclik,predicted,0.3778,0.5317,YUKSEK
EGE_2021_03,EGE_2021_03_007062,36.73885,28.24466,0.9364848,1.0,0.6021699,20.913887,421.2131,0.87122947,0.73139995,0.24669066,0.4847093,orta-yuksek,Agaclik,predicted,0.3949,0.52,YUKSEK
EGE_2021_03,EGE_2021_03_007063,36.73882,28.24746,1.0,1.0,0.7514127,21.832115,329.077,0.8845512,0.78041875,0.22826481,0.55215394,yuksek,Agaclik,predicted,0.4834,0.6574,YUKSEK
EGE_2021_03,EGE_2021_03_007064,36.73879,28.25026,1.0,0.9841124,0.6703948,25.757198,296.90915,0.8257306,0.69698983,0.19337827,0.50361156,yuksek,Agaclik,predicted,0.4621,0.6677,YUKSEK
EGE_2021_03,EGE_2021_03_007065,36.73876,28.25306,0.6749462,0.26093274,0.36387655,35.852913,391.4959,0.7085773,0.5073242,0.25365555,0.25366867,orta-dusuk,Otlak/calilik,predicted,0.266,0.4795,ORTA
EGE_2021_03,EGE_2021_03_007069,36.73864,28.26426,0.32697538,0.09468616,0.15838303,33.325436,327.48444,0.51109165,0.35928637,0.24810022,0.11118615,dusuk,Otlak/calilik,low_severity,,0.0,DUSUK
EGE_2021_03,EGE_2021_03_007070,36.73861,28.26706,0.81743574,0.6186728,0.59828657,22.790197,298.58063,0.29555023,0.6318298,0.21538132,0.41644847,orta-yuksek,Agaclik,predicted,0.3265,0.5145,YUKSEK
EGE_2021_03,EGE_2021_03_007071,36.73859,28.26986,1.0,0.9587569,0.370147,23.887297,221.28188,0.089937486,0.7507194,0.38143897,0.36928046,orta-dusuk,Agaclik,predicted,0.3582,0.5995,YUKSEK
EGE_2021_03,EGE_2021_03_007072,36.73856,28.27265,1.0,1.0,0.22104305,17.770859,163.07677,0.19908173,0.7083786,0.40292376,0.30545485,dusuk,Agaclik,low_severity,,0.0,DUSUK
EGE_2021_03,EGE_2021_03_007073,36.73853,28.27545,1.0,1.0,0.2459473,18.297571,122.94223,0.16776648,0.6927167,0.35446957,0.33824715,dusuk,Agaclik,low_severity,,0.0,DUSUK
EGE_2021_03,EGE_2021_03_007074,36.7385,28.27825,1.0,1.0,0.26658714,23.421572,105.404274,0.35344264,0.677676,0.3691194,0.30855662,dusuk,Agaclik,low_severity,,0.0,DUSUK
EGE_2021_03,EGE_2021_03_007075,36.73847,28.28105,0.9400915,1.0,0.22690314,31.829014,195.10895,0.35496983,0.6199435,0.34406486,0.27587864,dusuk,Agaclik,low_severity,,0.0,DUSUK
EGE_2021_03,EGE_2021_03_007076,36.73843,28.28385,0.8814967,0.9757627,0.19919217,20.211498,287.54254,0.4939934,0.5588006,0.34518993,0.21361065,dusuk,Agaclik,low_severity,,0.0,DUSUK
EGE_2021_03,EGE_2021_03_007077,36.7384,28.28665,0.90903836,1.0,0.2575984,20.286142,209.19844,0.47930875,0.62530035,0.3494559,0.27584445,dusuk,Agaclik,low_severity,,0.0,DUSUK
EGE_2021_03,EGE_2021_03_007078,36.73837,28.28945,1.0,0.96915424,0.18193969,13.2095375,193.1497,0.5757724,0.686862,0.5003263,0.18653572,dusuk,Agaclik,low_severity,,0.0,DUSUK
EGE_2021_03,EGE_2021_03_007120,36.73777,28.12704,0.9307974,1.0,0.15697211,26.175089,172.588,0.37849298,0.73243904,0.53203875,0.2004003,dusuk,Agaclik,low_severity,,0.0,DUSUK
EGE_2021_03,EGE_2021_03_007122,36.73772,28.13264,1.0,1.0,0.3576143,23.519257,99.15588,0.036214255,0.7683022,0.4741464,0.2941558,orta-dusuk,Agaclik,predicted,0.3642,0.6127,YUKSEK
EGE_2021_03,EGE_2021_03_007123,36.73769,28.13544,1.0,1.0,0.38256437,27.289074,131.3167,0.089329675,0.73537135,0.48488683,0.25048453,orta-dusuk,Agaclik,predicted,0.3737,0.6518,YUKSEK
EGE_2021_03,EGE_2021_03_007124,36.73766,28.13824,1.0,1.0,0.14065742,25.510023,135.49278,0.19412601,0.7470566,0.6327516,0.11430502,dusuk,Agaclik,low_severity,,0.0,DUSUK
EGE_2021_03,EGE_2021_03_007125,36.73764,28.14104,1.0,1.0,0.32214335,22.027617,169.41852,0.16291174,0.746806,0.481871,0.26493502,orta-dusuk,Agaclik,predicted,0.3604,0.5767,YUKSEK
EGE_2021_03,EGE_2021_03_007126,36.73761,28.14384,1.0,0.92569983,0.27153054,21.080023,106.982735,0.048698395,0.728415,0.41406345,0.31435156,orta-dusuk,Agaclik,predicted,0.2819,0.4678,ORTA
EGE_2021_03,EGE_2021_03_007128,36.73756,28.14944,0.9543948,0.9343677,0.19633117,27.115114,204.54062,0.25594285,0.63145816,0.48477858,0.14667958,dusuk,Agaclik,low_severity,,0.0,DUSUK
EGE_2021_03,EGE_2021_03_007129,36.73753,28.15224,0.69730616,0.6916092,0.38509384,23.541739,280.84772,0.5001917,0.57546294,0.29581994,0.279643,orta-dusuk,Agaclik,predicted,0.267,0.4041,ORTA
EGE_2021_03,EGE_2021_03_007130,36.7375,28.15504,0.813435,0.94009036,0.2675477,27.969217,306.36752,0.4568409,0.59641755,0.34691006,0.24950749,dusuk,Agaclik,low_severity,,0.0,DUSUK
EGE_2021_03,EGE_2021_03_007131,36.73747,28.15784,1.0,1.0,0.4156863,23.935713,357.64294,0.28414103,0.61210954,0.27088112,0.34122843,orta-dusuk,Agaclik,predicted,0.4349,0.6869,YUKSEK
EGE_2021_03,EGE_2021_03_007132,36.73745,28.16064,1.0,1.0,0.6827185,20.366661,328.96426,0.23237307,0.6679058,0.17558086,0.49232495,yuksek,Agaclik,predicted,0.3894,0.5958,YUKSEK
EGE_2021_03,EGE_2021_03_007133,36.73742,28.16344,1.0,1.0,0.69446236,15.916011,340.52267,0.017749975,0.70683694,0.18349898,0.52333796,yuksek,Agaclik,predicted,0.3713,0.5605,YUKSEK
EGE_2021_03,EGE_2021_03_007134,36.73739,28.16624,1.0,1.0,0.58636653,10.564124,390.0531,0.05918172,0.6811733,0.2569577,0.4242156,orta-yuksek,Agaclik,predicted,0.364,0.4979,ORTA
EGE_2021_03,EGE_2021_03_007135,36.73736,28.16904,0.8201312,0.60762817,0.50937486,6.1218395,412.34348,0.09623302,0.547904,0.25126067,0.29664335,orta-yuksek,Agaclik,predicted,0.2646,0.307,ORTA
EGE_2021_03,EGE_2021_03_007136,36.73734,28.17184,0.9708725,0.6492024,0.47613758,12.084926,435.27567,0.11139157,0.53541803,0.23476832,0.3006497,orta-yuksek,Agaclik,predicted,0.2846,0.3859,ORTA
EGE_2021_03,EGE_2021_03_007137,36.73731,28.17464,1.0,1.0,0.7211507,11.71526,430.55682,0.1473165,0.65584224,0.17520697,0.4806353,yuksek,Agaclik,predicted,0.3891,0.5329,YUKSEK
EGE_2021_03,EGE_2021_03_007138,36.73728,28.17744,1.0,1.0,0.57692856,11.860368,426.1254,0.0931821,0.59253263,0.20985577,0.38267687,orta-yuksek,Agaclik,predicted,0.3727,0.5173,YUKSEK
EGE_2021_03,EGE_2021_03_007139,36.73725,28.18023,1.0,1.0,0.7396675,12.006485,471.49954,0.026083345,0.7345358,0.19966604,0.5348698,yuksek,Agaclik,predicted,0.4118,0.5859,YUKSEK
EGE_2021_03,EGE_2021_03_007140,36.73723,28.18303,0.97537076,1.0,0.5098468,19.287495,441.9452,0.19854079,0.67344487,0.22941537,0.4440295,orta-yuksek,Agaclik,predicted,0.348,0.5298,YUKSEK
EGE_2021_03,EGE_2021_03_007141,36.7372,28.18583,0.72195196,0.9159659,0.38995266,12.572351,397.26297,0.09499907,0.56224847,0.25610226,0.3061462,orta-dusuk,Agaclik,predicted,0.2626,0.3596,ORTA
EGE_2021_03,EGE_2021_03_007142,36.73717,28.18863,1.0,1.0,0.6106039,11.733115,440.3626,0.10807714,0.7134341,0.26058134,0.45285276,orta-yuksek,Agaclik,predicted,0.3759,0.5189,YUKSEK
EGE_2021_03,EGE_2021_03_007143,36.73714,28.19143,1.0,1.0,0.83379054,10.064229,438.11856,0.057147667,0.7495327,0.203163,0.5463697,yuksek,Agaclik,predicted,0.4099,0.5621,YUKSEK
EGE_2021_03,EGE_2021_03_007144,36.73711,28.19423,1.0,1.0,0.80266166,11.634803,445.30627,0.15441257,0.74416137,0.22717392,0.51698744,yuksek,Agaclik,predicted,0.4205,0.5778,YUKSEK
EGE_2021_03,EGE_2021_03_007145,36.73709,28.19703,1.0,1.0,0.49711612,16.512293,475.58926,0.12090504,0.754978,0.32167947,0.43329853,orta-yuksek,Agaclik,predicted,0.3342,0.4962,ORTA
EGE_2021_03,EGE_2021_03_007146,36.73706,28.19983,1.0,1.0,0.33336526,14.242246,506.41425,0.12735385,0.7465,0.3559311,0.3905689,orta-dusuk,Agaclik,predicted,0.3552,0.507,YUKSEK
EGE_2021_03,EGE_2021_03_007147,36.73703,28.20263,1.0,1.0,0.2796379,12.108284,523.2257,0.14448702,0.6705592,0.34328085,0.32727838,orta-dusuk,Agaclik,predicted,0.3822,0.5264,YUKSEK
EGE_2021_03,EGE_2021_03_007151,36.73692,28.21383,0.6607373,0.10474237,0.32866037,9.280207,432.13452,0.27790526,0.47221994,0.2645954,0.20762455,orta-dusuk,Otlak/calilik,predicted,0.2148,0.235,DUSUK
EGE_2021_03,EGE_2021_03_007152,36.73689,28.21663,0.7887093,0.50779766,0.31009173,8.734596,450.07498,0.16238391,0.51207465,0.28433955,0.2277351,orta-dusuk,Otlak/calilik,predicted,0.2358,0.2775,ORTA
EGE_2021_03,EGE_2021_03_007154,36.73683,28.22223,1.0,1.0,0.31360033,9.716142,498.75748,0.38320935,0.6906052,0.4233023,0.26730293,orta-dusuk,Agaclik,predicted,0.3917,0.4868,ORTA
EGE_2021_03,EGE_2021_03_007155,36.7368,28.22503,1.0,1.0,0.49286535,7.181376,513.2232,0.43397707,0.7329898,0.3371811,0.3958087,orta-yuksek,Agaclik,predicted,0.4136,0.4905,ORTA
EGE_2021_03,EGE_2021_03_007156,36.73677,28.22783,1.0,1.0,0.27664724,8.384948,532.549,0.33198044,0.7710941,0.5062984,0.26479566,orta-dusuk,Agaclik,predicted,0.4051,0.5024,YUKSEK
EGE_2021_03,EGE_2021_03_007157,36.73674,28.23063,0.67189914,0.97233564,0.21226156,14.44122,566.77295,0.39634064,0.6257947,0.42245477,0.20333993,dusuk,Agaclik,low_severity,,0.0,DUSUK
EGE_2021_03,EGE_2021_03_007158,36.73671,28.23343,0.73550594,0.9436303,0.15999743,13.627897,588.5434,0.57355106,0.5851532,0.47098723,0.11416599,dusuk,Agaclik,low_severity,,0.0,DUSUK
EGE_2021_03,EGE_2021_03_007159,36.73669,28.23622,0.8044891,1.0,0.44550425,23.10922,546.0768,0.79109776,0.6628974,0.29363182,0.3692656,orta-yuksek,Agaclik,predicted,0.3303,0.454,ORTA
EGE_2021_03,EGE_2021_03_007160,36.73666,28.23902,0.97008336,1.0,0.54599196,31.775854,415.79254,1.0235773,0.64884317,0.2241185,0.42472467,orta-yuksek,Agaclik,predicted,0.4268,0.6395,YUKSEK
EGE_2021_03,EGE_2021_03_007161,36.73663,28.24182,1.0,1.0,0.53279936,20.902693,383.4136,1.1501741,0.74187267,0.2906657,0.45120698,orta-yuksek,Agaclik,predicted,0.4584,0.5754,YUKSEK
EGE_2021_03,EGE_2021_03_007162,36.7366,28.24462,1.0,1.0,0.4932508,22.507149,377.38736,1.1204447,0.7113549,0.24939594,0.46195897,orta-yuksek,Agaclik,predicted,0.4607,0.5967,YUKSEK
EGE_2021_03,EGE_2021_03_007163,36.73657,28.24742,1.0,1.0,0.39153767,24.631096,286.07178,1.1308343,0.61962736,0.2429708,0.37665656,orta-dusuk,Agaclik,predicted,0.4713,0.6293,YUKSEK
EGE_2021_03,EGE_2021_03_007164,36.73654,28.25022,0.9997021,1.0,0.35856932,20.267632,207.94263,1.0396757,0.65649056,0.30535442,0.35113615,orta-dusuk,Agaclik,predicted,0.3928,0.4879,ORTA
EGE_2021_03,EGE_2021_03_007165,36.73651,28.25302,0.49731278,0.32885692,0.25840268,31.604328,271.2134,0.9454508,0.46609887,0.24761465,0.21848422,dusuk,Otlak/calilik,low_severity,,0.0,DUSUK
EGE_2021_03,EGE_2021_03_007169,36.73639,28.26422,0.9242703,0.9414178,0.23805673,31.515148,146.99295,0.6442962,0.6315904,0.38854402,0.2430464,dusuk,Agaclik,low_severity,,0.0,DUSUK
EGE_2021_03,EGE_2021_03_007170,36.73636,28.26702,0.8509507,0.5505218,0.24955724,32.899845,212.37036,0.44346637,0.53977716,0.3005055,0.23927167,dusuk,Agaclik,low_severity,,0.0,DUSUK
EGE_2021_03,EGE_2021_03_007171,36.73633,28.26982,1.0,0.8451576,0.2101852,27.81975,168.26947,0.32125875,0.5816263,0.35508555,0.22654074,dusuk,Agaclik,low_severity,,0.0,DUSUK
EGE_2021_03,EGE_2021_03_007172,36.7363,28.27262,0.977483,0.93398243,0.1828286,21.844242,95.07402,0.36708578,0.60975355,0.36738145,0.2423721,dusuk,Agaclik,low_severity,,0.0,DUSUK
EGE_2021_03,EGE_2021_03_007173,36.73627,28.27542,0.5920205,0.2740645,0.102372706,18.937696,38.19655,0.39758906,0.48014125,0.36045834,0.11968291,dusuk,Agaclik,low_severity,,0.0,DUSUK
EGE_2021_03,EGE_2021_03_007174,36.73624,28.27822,0.7218332,0.61003107,0.2263526,15.2223835,30.042984,0.52006817,0.5558889,0.29599357,0.25989532,dusuk,Agaclik,low_severity,,0.0,DUSUK
EGE_2021_03,EGE_2021_03_007175,36.73621,28.28102,1.0,1.0,0.33252567,29.594383,109.17289,0.5975611,0.64227617,0.2770604,0.36521578,orta-dusuk,Agaclik,predicted,0.3564,0.5754,YUKSEK
EGE_2021_03,EGE_2021_03_007176,36.73618,28.28382,0.93569463,1.0,0.28676546,22.739105,213.92061,0.6892787,0.62211514,0.30333814,0.318777,orta-dusuk,Agaclik,predicted,0.3583,0.5066,YUKSEK
EGE_2021_03,EGE_2021_03_007177,36.73615,28.28661,0.9832117,1.0,0.18950856,18.976343,156.40468,0.72708374,0.7155626,0.4709381,0.2446245,dusuk,Agaclik,low_severity,,0.0,DUSUK
EGE_2021_03,EGE_2021_03_007219,36.73554,28.12421,0.95661813,0.79480916,0.32671925,29.984686,106.132545,0.47599354,0.6244033,0.32053065,0.30387264,orta-dusuk,Agaclik,predicted,0.2941,0.5031,YUKSEK
EGE_2021_03,EGE_2021_03_007220,36.73552,28.12701,0.9400984,1.0,0.40522787,23.47254,195.87082,0.5229356,0.6312323,0.3295465,0.3016858,orta-dusuk,Agaclik,predicted,0.3573,0.5345,YUKSEK
EGE_2021_03,EGE_2021_03_007221,36.73549,28.12981,1.0,1.0,0.567943,18.32042,200.31972,0.31848267,0.7343985,0.31834325,0.41605523,orta-yuksek,Agaclik,predicted,0.4446,0.6483,YUKSEK
EGE_2021_03,EGE_2021_03_007222,36.73546,28.13261,1.0,1.0,0.6251538,17.093985,190.46024,0.23323959,0.78242266,0.27123916,0.5111835,orta-yuksek,Agaclik,predicted,0.4201,0.6132,YUKSEK
EGE_2021_03,EGE_2021_03_007223,36.73544,28.13541,1.0,1.0,0.39338475,16.35132,203.1488,0.18016672,0.69873416,0.34491885,0.35381532,orta-dusuk,Agaclik,predicted,0.3676,0.5362,YUKSEK
EGE_2021_03,EGE_2021_03_007224,36.73541,28.13821,0.8688326,0.91618824,0.38624638,10.63119,173.97246,0.07636231,0.6187687,0.30439,0.31437868,orta-dusuk,Agaclik,predicted,0.2346,0.304,ORTA
EGE_2021_03,EGE_2021_03_007225,36.73538,28.14101,1.0,1.0,0.42177272,11.035784,182.24376,0.11746987,0.7571502,0.31927437,0.4378758,orta-dusuk,Agaclik,predicted,0.3485,0.4709,ORTA
EGE_2021_03,EGE_2021_03_007226,36.73536,28.14381,1.0,1.0,0.30537742,23.839466,175.40561,0.10271418,0.70074344,0.36703086,0.33371258,orta-dusuk,Agaclik,predicted,0.3573,0.596,YUKSEK
EGE_2021_03,EGE_2021_03_007228,36.7353,28.14941,1.0,1.0,0.23612007,24.808527,129.27043,0.18479776,0.6635669,0.44791746,0.21564943,dusuk,Agaclik,low_severity,,0.0,DUSUK
EGE_2021_03,EGE_2021_03_007229,36.73528,28.15221,0.9531338,1.0,0.23961729,18.089497,167.21515,0.29552272,0.7234881,0.48484144,0.23864666,dusuk,Agaclik,low_severity,,0.0,DUSUK
EGE_2021_03,EGE_2021_03_007230,36.73525,28.155,1.0,1.0,0.25390643,17.010742,193.66983,0.26825488,0.7556782,0.4820362,0.27364197,dusuk,Agaclik,low_severity,,0.0,DUSUK
EGE_2021_03,EGE_2021_03_007231,36.73522,28.1578,0.96720386,1.0,0.31805527,24.996447,249.76904,0.15084763,0.66891265,0.37930027,0.28961238,orta-dusuk,Agaclik,predicted,0.3741,0.6242,YUKSEK
EGE_2021_03,EGE_2021_03_007232,36.73519,28.1606,0.9159652,1.0,0.58025944,20.965794,262.11066,0.08982955,0.61043406,0.19368787,0.4167462,orta-yuksek,Agaclik,predicted,0.3644,0.5836,YUKSEK
EGE_2021_03,EGE_2021_03_007233,36.73517,28.1634,1.0,1.0,0.6896164,21.683092,293.8476,0.24652988,0.65475005,0.18233143,0.4724186,yuksek,Agaclik,predicted,0.392,0.609,YUKSEK
EGE_2021_03,EGE_2021_03_007234,36.73514,28.1662,1.0,1.0,0.62466747,22.156242,326.694,0.029978339,0.74326944,0.2536918,0.48957765,orta-yuksek,Agaclik,predicted,0.3933,0.6451,YUKSEK
EGE_2021_03,EGE_2021_03_007235,36.73511,28.169,1.0,1.0,0.61088693,16.494974,380.4666,0.04631962,0.70405424,0.2500251,0.45402914,orta-yuksek,Agaclik,predicted,0.3799,0.5743,YUKSEK
EGE_2021_03,EGE_2021_03_007236,36.73508,28.1718,1.0,1.0,0.48873895,6.7984605,409.67267,0.021214742,0.6017002,0.25138563,0.35031456,orta-yuksek,Agaclik,predicted,0.3067,0.3858,ORTA
EGE_2021_03,EGE_2021_03_007237,36.73506,28.1746,1.0,1.0,0.48971856,6.2523694,405.5602,0.07094663,0.599048,0.23492724,0.36412078,orta-yuksek,Agaclik,predicted,0.3051,0.3718,ORTA
EGE_2021_03,EGE_2021_03_007238,36.73503,28.1774,1.0,1.0,0.5600067,8.351444,410.01324,0.08686325,0.610912,0.2213912,0.38952082,orta-yuksek,Agaclik,predicted,0.3545,0.461,ORTA
EGE_2021_03,EGE_2021_03_007239,36.735,28.1802,1.0,1.0,0.6314352,16.399536,415.7387,0.035790384,0.6401088,0.19600154,0.4441073,orta-yuksek,Agaclik,predicted,0.3809,0.5764,YUKSEK
EGE_2021_03,EGE_2021_03_007240,36.73497,28.183,0.993031,1.0,0.67371976,16.237862,390.4778,0.081681505,0.7073631,0.23316611,0.47419703,yuksek,Agaclik,predicted,0.3718,0.5551,YUKSEK
EGE_2021_03,EGE_2021_03_007241,36.73495,28.1858,0.9941067,1.0,0.7373806,16.063492,442.8914,0.117393605,0.73921525,0.24882694,0.49038833,yuksek,Agaclik,predicted,0.4023,0.594,YUKSEK
EGE_2021_03,EGE_2021_03_007242,36.73492,28.1886,1.0,1.0,0.5848301,13.70743,447.67078,0.15379116,0.68925035,0.227326,0.46192434,orta-yuksek,Agaclik,predicted,0.3577,0.5025,YUKSEK
EGE_2021_03,EGE_2021_03_007243,36.73489,28.1914,1.0,1.0,0.8855815,13.148523,486.77588,0.050582472,0.7323599,0.20681868,0.5255412,yuksek,Agaclik,predicted,0.471,0.6802,YUKSEK
EGE_2021_03,EGE_2021_03_007244,36.73486,28.1942,1.0,1.0,0.79215384,16.71134,512.3882,0.1370411,0.7761525,0.26946557,0.5066869,yuksek,Agaclik,predicted,0.4374,0.6489,YUKSEK
EGE_2021_03,EGE_2021_03_007245,36.73483,28.197,1.0,1.0,0.6206462,18.404175,552.92664,0.09390141,0.75995684,0.33332703,0.4266298,orta-yuksek,Agaclik,predicted,0.3531,0.5443,YUKSEK
EGE_2021_03,EGE_2021_03_007246,36.73481,28.1998,1.0,1.0,0.33170277,12.607347,572.64496,0.14148128,0.7378864,0.32140577,0.41648066,orta-dusuk,Agaclik,predicted,0.3849,0.5351,YUKSEK
EGE_2021_03,EGE_2021_03_007247,36.73478,28.2026,0.98749787,0.9580941,0.29772013,18.162676,561.766,0.18315342,0.6045484,0.30084175,0.30370665,orta-dusuk,Agaclik,predicted,0.2822,0.4245,ORTA
EGE_2021_03,EGE_2021_03_007248,36.73475,28.2054,0.20503765,0.28096005,0.128691,15.125311,462.34796,0.074138574,0.37743047,0.2639367,0.11349377,dusuk,Otlak/calilik,low_severity,,0.0,DUSUK
EGE_2021_03,EGE_2021_03_007250,36.73469,28.21099,0.22294585,0.0,0.2702289,7.0611,431.53696,0.23199871,0.36794668,0.24612555,0.121821135,orta-dusuk,Otlak/calilik,low_severity,,0.0,DUSUK
EGE_2021_03,EGE_2021_03_007251,36.73466,28.21379,0.83160156,0.5876597,0.2564202,9.19041,441.321,0.42707714,0.5374893,0.36831582,0.16917348,dusuk,Agaclik,low_severity,,0.0,DUSUK
EGE_2021_03,EGE_2021_03_007252,36.73463,28.21659,0.9467965,0.979979,0.19874597,7.8297997,470.0164,0.40755993,0.6691663,0.4612222,0.20794412,dusuk,Agaclik,low_severity,,0.0,DUSUK
EGE_2021_03,EGE_2021_03_007253,36.73461,28.21939,0.9642861,1.0,0.2250619,7.064843,496.91187,0.45118973,0.70396274,0.46770543,0.23625731,dusuk,Agaclik,low_severity,,0.0,DUSUK
EGE_2021_03,EGE_2021_03_007254,36.73458,28.22219,1.0,1.0,0.18391475,7.75973,493.82803,0.5267828,0.7362045,0.5320054,0.20419908,dusuk,Agaclik,low_severity,,0.0,DUSUK
EGE_2021_03,EGE_2021_03_007255,36.73455,28.22499,1.0,1.0,0.2135821,8.954603,494.68936,0.29254562,0.770069,0.5582218,0.21184719,dusuk,Agaclik,low_severity,,0.0,DUSUK
EGE_2021_03,EGE_2021_03_007256,36.73452,28.22779,1.0,1.0,0.298855,12.982147,494.8618,0.0863588,0.7877843,0.48616165,0.30162263,orta-dusuk,Agaclik,predicted,0.3665,0.5187,YUKSEK
EGE_2021_03,EGE_2021_03_007257,36.73449,28.23059,0.97728795,1.0,0.6244048,16.584272,505.19852,0.23309384,0.7466112,0.29698226,0.44962892,orta-yuksek,Agaclik,predicted,0.3962,0.5733,YUKSEK
EGE_2021_03,EGE_2021_03_007258,36.73446,28.23339,0.87600076,1.0,0.6573677,18.133192,505.8035,0.4756129,0.66602445,0.21056929,0.45545515,orta-yuksek,Agaclik,predicted,0.3561,0.4934,ORTA
EGE_2021_03,EGE_2021_03_007259,36.73443,28.23619,0.94076467,1.0,0.55343485,26.725586,472.87848,0.7232444,0.6385664,0.20883414,0.42973223,orta-yuksek,Agaclik,predicted,0.4065,0.6077,YUKSEK
EGE_2021_03,EGE_2021_03_007260,36.7344,28.23899,1.0,1.0,0.42330223,25.405565,351.88138,0.97208923,0.6550844,0.2430684,0.41201597,orta-dusuk,Agaclik,predicted,0.4719,0.6589,YUKSEK
EGE_2021_03,EGE_2021_03_007261,36.73437,28.24179,1.0,1.0,0.2988151,23.064972,286.6403,1.1637489,0.65216285,0.30777073,0.34439212,orta-dusuk,Agaclik,predicted,0.4659,0.6032,YUKSEK
EGE_2021_03,EGE_2021_03_007262,36.73435,28.24459,0.93821037,0.69343865,0.19547144,34.10684,261.44907,1.3533322,0.5420144,0.33685446,0.20515996,dusuk,Agaclik,low_severity,,0.0,DUSUK
EGE_2021_03,EGE_2021_03_007263,36.73432,28.24739,0.8228255,0.85149837,0.2570382,31.328987,204.4558,1.3784564,0.5288873,0.29945424,0.22943303,dusuk,Agaclik,low_severity,,0.0,DUSUK
EGE_2021_03,EGE_2021_03_007264,36.73429,28.25019,0.9912678,0.959763,0.116137594,11.735079,151.08267,1.2664447,0.62284946,0.51701117,0.1058383,dusuk,Agaclik,low_severity,,0.0,DUSUK
EGE_2021_03,EGE_2021_03_007265,36.73426,28.25298,0.9431711,0.8595824,0.17901388,24.7268,147.99428,1.1877174,0.6351898,0.4422809,0.19290888,dusuk,Agaclik,low_severity,,0.0,DUSUK
EGE_2021_03,EGE_2021_03_007266,36.73423,28.25578,0.83734655,0.66636676,0.2663309,29.438198,145.68422,1.1586471,0.6139704,0.3619972,0.2519732,dusuk,Agaclik,low_severity,,0.0,DUSUK
EGE_2021_03,EGE_2021_03_007267,36.7342,28.25858,0.95785403,0.8590187,0.34673825,25.342663,105.465515,1.1829005,0.66940147,0.3712056,0.29819587,orta-dusuk,Agaclik,predicted,0.3194,0.4026,ORTA
EGE_2021_03,EGE_2021_03_007269,36.73414,28.26418,0.96115226,0.80808425,0.14849523,17.418766,47.131958,0.797017,0.62310266,0.4675032,0.15559947,dusuk,Agaclik,low_severity,,0.0,DUSUK
EGE_2021_03,EGE_2021_03_007270,36.73411,28.26698,1.0,0.46323976,0.1544654,17.995964,95.52962,0.64558566,0.5580723,0.41013786,0.14793447,dusuk,Agaclik,low_severity,,0.0,DUSUK
EGE_2021_03,EGE_2021_03_007275,36.73396,28.28098,0.44391838,0.49157438,0.15874192,20.24239,28.183563,0.84448504,0.55735123,0.33639008,0.22096115,dusuk,Agaclik,low_severity,,0.0,DUSUK
EGE_2021_03,EGE_2021_03_007276,36.73393,28.28378,0.953475,1.0,0.43752182,26.415913,153.21884,0.91169125,0.66313267,0.27195445,0.39117822,orta-dusuk,Agaclik,predicted,0.3677,0.5212,YUKSEK
EGE_2021_03,EGE_2021_03_007319,36.73329,28.12418,0.8894034,0.57698953,0.20456798,17.650005,48.88467,0.68279344,0.63389325,0.4672508,0.16664246,dusuk,Agaclik,low_severity,,0.0,DUSUK
EGE_2021_03,EGE_2021_03_007320,36.73326,28.12698,1.0,0.8666462,0.30830985,25.78331,66.64956,0.6719754,0.61700857,0.36201152,0.25499704,orta-dusuk,Agaclik,predicted,0.3058,0.4572,ORTA
EGE_2021_03,EGE_2021_03_007321,36.73324,28.12978,1.0,1.0,0.49912027,22.19179,108.36241,0.49175745,0.73522687,0.32426473,0.41096213,orta-yuksek,Agaclik,predicted,0.3573,0.5278,YUKSEK
EGE_2021_03,EGE_2021_03_007322,36.73321,28.13258,1.0,1.0,0.5365205,10.377011,147.88997,0.245394,0.7571349,0.28314343,0.47399148,orta-yuksek,Agaclik,predicted,0.3315,0.4222,ORTA
EGE_2021_03,EGE_2021_03_007323,36.73318,28.13538,0.7792873,0.48015046,0.1896554,11.012627,137.56258,0.06009187,0.47858697,0.3441053,0.13448167,dusuk,Agaclik,low_severity,,0.0,DUSUK
EGE_2021_03,EGE_2021_03_007324,36.73316,28.13817,0.74996555,0.6138163,0.25833523,13.927721,155.50023,0.05960764,0.5106267,0.3097596,0.20086709,dusuk,Agaclik,low_severity,,0.0,DUSUK
EGE_2021_03,EGE_2021_03_007328,36.73305,28.14937,1.0,0.77874,0.15717602,16.017168,92.26408,0.053520262,0.5983279,0.46378148,0.1345464,dusuk,Agaclik,low_severity,,0.0,DUSUK
EGE_2021_03,EGE_2021_03_007329,36.73302,28.15217,1.0,1.0,0.36251092,17.460894,159.44223,0.098962426,0.77055144,0.40911537,0.36143607,orta-dusuk,Agaclik,predicted,0.359,0.5442,YUKSEK
EGE_2021_03,EGE_2021_03_007330,36.73299,28.15497,1.0,1.0,0.30859017,15.575793,191.66212,0.18677275,0.7796388,0.46200562,0.3176332,orta-dusuk,Agaclik,predicted,0.3421,0.4908,ORTA
EGE_2021_03,EGE_2021_03_007331,36.73297,28.15777,1.0,1.0,0.3066999,13.639236,175.71872,0.058661852,0.68433636,0.3779999,0.30633646,orta-dusuk,Agaclik,predicted,0.3039,0.4352,ORTA
EGE_2021_03,EGE_2021_03_007332,36.73294,28.16057,1.0,1.0,0.4126728,13.3715,178.70288,0.13987778,0.6735569,0.34491658,0.32864034,orta-dusuk,Agaclik,predicted,0.3301,0.4605,ORTA
EGE_2021_03,EGE_2021_03_007333,36.73291,28.16337,1.0,1.0,0.5279406,15.970615,217.2899,0.21041164,0.71176505,0.3046927,0.40707237,orta-yuksek,Agaclik,predicted,0.3719,0.5351,YUKSEK
EGE_2021_03,EGE_2021_03_007334,36.73289,28.16617,1.0,1.0,0.62199235,11.654366,282.91666,0.18683484,0.6626144,0.23849037,0.42412403,orta-yuksek,Agaclik,predicted,0.3893,0.5272,YUKSEK
EGE_2021_03,EGE_2021_03_007335,36.73286,28.16897,1.0,1.0,0.6502684,15.011559,325.439,0.032573245,0.69623077,0.2260475,0.47018325,orta-yuksek,Agaclik,predicted,0.3787,0.5617,YUKSEK
EGE_2021_03,EGE_2021_03_007336,36.73283,28.17177,0.8191644,0.9569938,0.4432029,11.823077,369.57663,0.1448865,0.573568,0.26549238,0.3080756,orta-yuksek,Agaclik,predicted,0.2703,0.3577,ORTA
EGE_2021_03,EGE_2021_03_007337,36.7328,28.17457,0.8304392,0.9202394,0.336624,5.4705005,391.4359,0.0788501,0.4863412,0.24572185,0.24061936,orta-dusuk,Agaclik,predicted,0.2246,0.2445,DUSUK
EGE_2021_03,EGE_2021_03_007338,36.73278,28.17737,1.0,1.0,0.60729915,11.664678,379.01202,0.042290702,0.6564077,0.2384764,0.41793132,orta-yuksek,Agaclik,predicted,0.3856,0.5418,YUKSEK
EGE_2021_03,EGE_2021_03_007339,36.73275,28.18017,0.9400933,1.0,0.54526097,17.943916,351.06375,0.10019652,0.6383256,0.25048575,0.38783982,orta-yuksek,Agaclik,predicted,0.3428,0.5242,YUKSEK
EGE_2021_03,EGE_2021_03_007340,36.73272,28.18297,1.0,1.0,0.7227916,16.378874,375.56708,0.077369995,0.7007022,0.2187087,0.4819935,yuksek,Agaclik,predicted,0.3807,0.5702,YUKSEK
EGE_2021_03,EGE_2021_03_007341,36.73269,28.18576,1.0,1.0,0.7712688,20.256575,441.65982,0.084538236,0.7340916,0.22009695,0.51399463,yuksek,Agaclik,predicted,0.4252,0.6686,YUKSEK
EGE_2021_03,EGE_2021_03_007342,36.73266,28.18856,1.0,1.0,0.61901474,13.405052,477.10526,0.04929222,0.71981263,0.22886921,0.49094343,orta-yuksek,Agaclik,predicted,0.3451,0.4957,ORTA
EGE_2021_03,EGE_2021_03_007343,36.73264,28.19136,1.0,1.0,0.47438842,9.621085,473.16937,0.086485706,0.70409966,0.26295966,0.44114,orta-yuksek,Agaclik,predicted,0.3509,0.4666,ORTA
EGE_2021_03,EGE_2021_03_007344,36.73261,28.19416,1.0,1.0,0.3539163,16.163092,516.4747,0.21376976,0.6483005,0.34656408,0.30173644,orta-dusuk,Agaclik,predicted,0.3549,0.5111,YUKSEK
EGE_2021_03,EGE_2021_03_007345,36.73258,28.19696,1.0,1.0,0.2681436,13.760182,556.0364,0.12691605,0.63853765,0.3990451,0.23949254,dusuk,Agaclik,low_severity,,0.0,DUSUK
EGE_2021_03,EGE_2021_03_007346,36.73255,28.19976,1.0,1.0,0.25401402,12.251945,573.0663,0.08890511,0.6975051,0.3474303,0.35007483,dusuk,Agaclik,low_severity,,0.0,DUSUK
EGE_2021_03,EGE_2021_03_007350,36.73244,28.21096,0.16499491,0.04539346,0.20346224,8.100084,415.63483,0.2078045,0.33783585,0.22375609,0.11407976,dusuk,Otlak/calilik,low_severity,,0.0,DUSUK
EGE_2021_03,EGE_2021_03_007351,36.73241,28.21376,0.7823864,0.48246267,0.24583171,12.689384,442.6696,0.44028288,0.5057333,0.3105676,0.19516572,dusuk,Agaclik,low_severity,,0.0,DUSUK
EGE_2021_03,EGE_2021_03_007352,36.73238,28.21656,0.9539836,1.0,0.14573376,12.6027775,460.07593,0.5413899,0.6489792,0.500201,0.1487782,dusuk,Agaclik,low_severity,,0.0,DUSUK
EGE_2021_03,EGE_2021_03_007353,36.73235,28.21936,0.9400907,1.0,0.17881724,8.889109,485.92325,0.35018763,0.7050212,0.4843232,0.220698,dusuk,Agaclik,low_severity,,0.0,DUSUK
EGE_2021_03,EGE_2021_03_007354,36.73232,28.22216,1.0,1.0,0.32226914,7.757302,466.00723,0.27777642,0.7970782,0.44344908,0.3536291,orta-dusuk,Agaclik,predicted,0.3856,0.4756,ORTA
EGE_2021_03,EGE_2021_03_007355,36.7323,28.22496,1.0,1.0,0.19017828,6.9499273,451.0971,0.32837445,0.8066331,0.57153904,0.23509407,dusuk,Agaclik,low_severity,,0.0,DUSUK
EGE_2021_03,EGE_2021_03_007356,36.73227,28.22775,1.0,1.0,0.11527002,5.1364923,447.03177,0.17235047,0.81258786,0.68252975,0.13005811,dusuk,Agaclik,low_severity,,0.0,DUSUK
EGE_2021_03,EGE_2021_03_007357,36.73224,28.23055,1.0,1.0,0.40256587,9.700007,438.34973,0.27673015,0.70643425,0.33995992,0.36647433,orta-dusuk,Agaclik,predicted,0.3618,0.457,ORTA
EGE_2021_03,EGE_2021_03_007358,36.73221,28.23335,1.0,1.0,0.53544635,11.976458,455.92252,0.4984521,0.7240572,0.27266002,0.45139718,orta-yuksek,Agaclik,predicted,0.4399,0.5618,YUKSEK
EGE_2021_03,EGE_2021_03_007359,36.73218,28.23615,0.9400895,1.0,0.40086994,27.977905,405.79852,0.6551687,0.6209718,0.2541199,0.3668519,orta-dusuk,Agaclik,predicted,0.3987,0.6163,YUKSEK
EGE_2021_03,EGE_2021_03_007360,36.73215,28.23895,1.0,1.0,0.29513243,23.56775,279.92566,0.8102114,0.65436935,0.35523695,0.2991324,orta-dusuk,Agaclik,predicted,0.4534,0.6381,YUKSEK
EGE_2021_03,EGE_2021_03_007361,36.73212,28.24175,0.7820389,0.90504104,0.22978193,23.490295,209.86816,1.0043103,0.5703825,0.37711176,0.19327071,dusuk,Agaclik,low_severity,,0.0,DUSUK
EGE_2021_03,EGE_2021_03_007362,36.73209,28.24455,0.8750378,0.7455268,0.19519217,22.98404,118.70954,1.2189486,0.6326982,0.4523853,0.18031287,dusuk,Agaclik,low_severity,,0.0,DUSUK
EGE_2021_03,EGE_2021_03_007363,36.73206,28.24735,0.8644538,0.8837442,0.3973335,16.804377,84.6367,1.4450026,0.7229748,0.3746733,0.34830147,orta-dusuk,Agaclik,predicted,0.3119,0.2817,ORTA
EGE_2021_03,EGE_2021_03_007366,36.73197,28.25575,0.62409,0.65527636,0.32066745,16.858105,30.415268,1.4086372,0.6028155,0.31852114,0.28429437,orta-dusuk,Agaclik,predicted,0.2852,0.2476,DUSUK
EGE_2021_03,EGE_2021_03_007376,36.73168,28.28374,0.6726409,0.3782681,0.24196477,32.74301,103.00025,1.1455377,0.54405594,0.33643764,0.2076183,dusuk,Otlak/calilik,low_severity,,0.0,DUSUK
EGE_2021_03,EGE_2021_03_007421,36.73098,28.12974,1.0,0.9370914,0.39410174,26.379427,121.41294,0.45476812,0.647629,0.3453313,0.3022977,orta-dusuk,Agaclik,predicted,0.2742,0.4455,ORTA
EGE_2021_03,EGE_2021_03_007422,36.73096,28.13254,1.0,1.0,0.46029985,9.080761,172.90804,0.21307494,0.763458,0.31301475,0.45044327,orta-yuksek,Agaclik,predicted,0.2898,0.3536,ORTA
EGE_2021_03,EGE_2021_03_007423,36.73093,28.13534,1.0,0.9687924,0.39660656,10.449531,154.18155,0.094804056,0.7084944,0.31623453,0.3922599,orta-dusuk,Agaclik,predicted,0.256,0.3316,ORTA
EGE_2021_03,EGE_2021_03_007424,36.7309,28.13814,1.0,0.47995007,0.25089526,11.065272,141.91219,0.20152564,0.52445704,0.35449454,0.1699625,dusuk,Agaclik,low_severity,,0.0,DUSUK
EGE_2021_03,EGE_2021_03_007425,36.73088,28.14094,1.0,0.97774285,0.3679124,17.282835,191.48273,0.052920397,0.58604324,0.23806745,0.3479758,orta-dusuk,Agaclik,predicted,0.3166,0.4861,ORTA
EGE_2021_03,EGE_2021_03_007426,36.73085,28.14374,1.0,1.0,0.18067163,21.931356,150.66159,0.045680456,0.55450356,0.3861265,0.16837707,dusuk,Agaclik,low_severity,,0.0,DUSUK
EGE_2021_03,EGE_2021_03_007427,36.73082,28.14654,0.7879514,0.65768725,0.12026779,10.768532,73.01843,0.103466645,0.50749385,0.4157169,0.09177697,dusuk,Agaclik,low_severity,,0.0,DUSUK
EGE_2021_03,EGE_2021_03_007429,36.73077,28.15214,1.0,1.0,0.16676474,15.18843,107.423546,0.09632538,0.6977333,0.55827117,0.13946211,dusuk,Agaclik,low_severity,,0.0,DUSUK
EGE_2021_03,EGE_2021_03_007430,36.73074,28.15494,1.0,1.0,0.1978057,13.31947,136.62523,0.063425325,0.78448784,0.55389184,0.230596,dusuk,Agaclik,low_severity,,0.0,DUSUK
EGE_2021_03,EGE_2021_03_007431,36.73071,28.15774,1.0,1.0,0.20862657,15.525173,152.53836,0.1177788,0.7727134,0.58156633,0.19114709,dusuk,Agaclik,low_severity,,0.0,DUSUK
EGE_2021_03,EGE_2021_03_007432,36.73069,28.16054,1.0,1.0,0.5096666,14.663598,186.53679,0.053272486,0.80646014,0.38091776,0.42554238,orta-yuksek,Agaclik,predicted,0.3617,0.5306,YUKSEK
EGE_2021_03,EGE_2021_03_007433,36.73066,28.16334,1.0,1.0,0.50953376,15.084039,224.55162,0.034540426,0.803509,0.36251375,0.44099525,orta-yuksek,Agaclik,predicted,0.3656,0.5426,YUKSEK
EGE_2021_03,EGE_2021_03_007434,36.73063,28.16613,1.0,1.0,0.5573518,18.647009,268.88245,0.12028487,0.74997395,0.3835767,0.36639726,orta-yuksek,Agaclik,predicted,0.3857,0.5911,YUKSEK
EGE_2021_03,EGE_2021_03_007435,36.73061,28.16893,1.0,1.0,0.68968165,12.613827,311.1092,0.10996041,0.62112284,0.210327,0.41079584,yuksek,Agaclik,predicted,0.3978,0.5587,YUKSEK
EGE_2021_03,EGE_2021_03_007436,36.73058,28.17173,1.0,1.0,0.6394346,11.372649,337.887,0.04234888,0.6464688,0.21938378,0.42708504,orta-yuksek,Agaclik,predicted,0.3806,0.5319,YUKSEK
EGE_2021_03,EGE_2021_03_007437,36.73055,28.17453,0.8928973,0.95492095,0.29648507,14.607535,365.87402,0.06834617,0.4980957,0.2750659,0.22302979,orta-dusuk,Agaclik,predicted,0.2283,0.3299,ORTA
EGE_2021_03,EGE_2021_03_007438,36.73052,28.17733,0.9465598,1.0,0.6294019,19.895685,350.53592,0.05359664,0.59444404,0.187577,0.40686703,orta-yuksek,Agaclik,predicted,0.3711,0.5894,YUKSEK
EGE_2021_03,EGE_2021_03_007439,36.73049,28.18013,1.0,1.0,0.71011543,14.02488,285.1445,0.078056805,0.7169782,0.22104707,0.49593112,yuksek,Agaclik,predicted,0.3784,0.5464,YUKSEK
EGE_2021_03,EGE_2021_03_007440,36.73047,28.18293,1.0,1.0,0.7467953,16.325064,315.9505,0.032467715,0.7411363,0.23838213,0.5027542,yuksek,Agaclik,predicted,0.3893,0.5887,YUKSEK
EGE_2021_03,EGE_2021_03_007441,36.73044,28.18573,1.0,1.0,0.715498,17.500113,358.75363,0.030251026,0.6777135,0.19910161,0.4786119,yuksek,Agaclik,predicted,0.3686,0.5684,YUKSEK
EGE_2021_03,EGE_2021_03_007442,36.73041,28.18853,1.0,1.0,0.8045668,22.673412,412.12604,0.13566431,0.7563541,0.19583808,0.560516,yuksek,Agaclik,predicted,0.4333,0.6943,YUKSEK
EGE_2021_03,EGE_2021_03_007443,36.73038,28.19133,1.0,1.0,0.74988925,18.102121,486.88083,0.14007917,0.7860595,0.2766046,0.5094549,yuksek,Agaclik,predicted,0.4378,0.6611,YUKSEK
EGE_2021_03,EGE_2021_03_007445,36.73033,28.19693,0.9478802,0.9054898,0.29698646,9.92019,538.4942,0.076638095,0.6589085,0.39015824,0.26875025,orta-dusuk,Agaclik,predicted,0.2699,0.3503,ORTA
EGE_2021_03,EGE_2021_03_007446,36.7303,28.19973,0.75565255,0.6360517,0.16022608,11.019281,521.1322,0.1404916,0.51925594,0.34989834,0.1693576,dusuk,Agaclik,low_severity,,0.0,DUSUK
EGE_2021_03,EGE_2021_03_007447,36.73027,28.20253,1.0,0.984559,0.35675526,16.111715,529.356,0.039535154,0.679562,0.33771008,0.3418519,orta-dusuk,Agaclik,predicted,0.3082,0.4655,ORTA
EGE_2021_03,EGE_2021_03_007448,36.73024,28.20532,1.0,0.9617682,0.46072933,23.368021,500.41864,0.09407962,0.7191526,0.3026509,0.41650173,orta-yuksek,Agaclik,predicted,0.2895,0.4925,ORTA
EGE_2021_03,EGE_2021_03_007449,36.73021,28.20812,0.8997961,1.0,0.27463818,19.355453,436.7546,0.057778317,0.65494597,0.31894886,0.3359971,orta-dusuk,Agaclik,predicted,0.2815,0.4512,ORTA
EGE_2021_03,EGE_2021_03_007450,36.73019,28.21092,1.0,0.9462752,0.20387003,16.23753,375.82645,0.22518112,0.56471384,0.33663237,0.22808146,dusuk,Agaclik,low_severity,,0.0,DUSUK
EGE_2021_03,EGE_2021_03_007451,36.73016,28.21372,0.8614499,0.9463792,0.15131733,19.276308,360.5062,0.30575866,0.5238558,0.40079546,0.123060346,dusuk,Agaclik,low_severity,,0.0,DUSUK
EGE_2021_03,EGE_2021_03_007452,36.73013,28.21652,0.80716515,1.0,0.16653906,23.286219,379.61362,0.44414422,0.52741504,0.3679853,0.15942973,dusuk,Agaclik,low_severity,,0.0,DUSUK
EGE_2021_03,EGE_2021_03_007453,36.7301,28.21932,0.960067,1.0,0.1823391,23.493996,423.73734,0.21746492,0.59499526,0.37439787,0.22059739,dusuk,Agaclik,low_severity,,0.0,DUSUK
EGE_2021_03,EGE_2021_03_007454,36.73007,28.22212,1.0,1.0,0.1869924,20.336737,428.68246,0.042653978,0.6541057,0.43434876,0.21975696,dusuk,Agaclik,low_severity,,0.0,DUSUK
EGE_2021_03,EGE_2021_03_007455,36.73004,28.22492,1.0,1.0,0.22608173,15.539589,421.13254,0.28521523,0.63459265,0.3720556,0.26253706,dusuk,Agaclik,low_severity,,0.0,DUSUK
EGE_2021_03,EGE_2021_03_007456,36.73001,28.22772,0.90134007,1.0,0.20218089,11.13923,429.7646,0.42065606,0.6560403,0.38691598,0.26912433,dusuk,Agaclik,low_severity,,0.0,DUSUK
EGE_2021_03,EGE_2021_03_007458,36.72996,28.23332,1.0,1.0,0.2566525,11.484791,417.49957,0.32615513,0.65976745,0.41703424,0.24273321,dusuk,Agaclik,low_severity,,0.0,DUSUK
EGE_2021_03,EGE_2021_03_007459,36.72993,28.23612,1.0,1.0,0.3640968,21.975973,383.51263,0.45669872,0.7034341,0.36165088,0.34178323,orta-dusuk,Agaclik,predicted,0.4426,0.6575,YUKSEK
EGE_2021_03,EGE_2021_03_007460,36.7299,28.23892,1.0,1.0,0.35051838,25.373783,265.03943,0.660129,0.713856,0.32756203,0.38629395,orta-dusuk,Agaclik,predicted,0.4325,0.6434,YUKSEK
EGE_2021_03,EGE_2021_03_007461,36.72987,28.24171,0.8163866,1.0,0.26014817,26.222006,174.72923,0.887675,0.70509744,0.44633257,0.25876486,dusuk,Agaclik,low_severity,,0.0,DUSUK
EGE_2021_03,EGE_2021_03_007462,36.72984,28.24451,1.0,1.0,0.31469327,21.159521,102.93998,1.1247948,0.8108304,0.48074776,0.33008265,orta-dusuk,Agaclik,predicted,0.3689,0.4482,ORTA
EGE_2021_03,EGE_2021_03_007463,36.72981,28.24731,1.0,1.0,0.3628645,14.308508,61.685204,1.280742,0.8537589,0.46200925,0.39174962,orta-dusuk,Agaclik,predicted,0.3483,0.3371,ORTA
EGE_2021_03,EGE_2021_03_007464,36.72978,28.25011,0.9047313,0.8201211,0.22734237,14.587345,33.271767,1.3972669,0.7005874,0.47400028,0.22658712,dusuk,Agaclik,low_severity,,0.0,DUSUK
EGE_2021_03,EGE_2021_03_007476,36.72942,28.2837,0.9909513,0.40125096,0.15546036,29.294836,74.45567,1.3850387,0.59670854,0.46264863,0.1340599,dusuk,Otlak/calilik,low_severity,,0.0,DUSUK
EGE_2021_03,EGE_2021_03_007477,36.72939,28.2865,0.9821998,0.9680624,0.10712069,14.837135,187.21317,1.4701558,0.6123113,0.48118025,0.13113105,dusuk,Agaclik,low_severity,,0.0,DUSUK
EGE_2021_03,EGE_2021_03_007522,36.7287,28.13251,0.8801858,1.0,0.21680251,26.874716,138.86867,0.26138633,0.5794821,0.39373875,0.18574333,dusuk,Agaclik,low_severity,,0.0,DUSUK
EGE_2021_03,EGE_2021_03_007523,36.72868,28.13531,1.0,1.0,0.41764018,18.772,136.36754,0.17863286,0.7023167,0.28114563,0.42117107,orta-dusuk,Agaclik,predicted,0.3555,0.5392,YUKSEK
EGE_2021_03,EGE_2021_03_007524,36.72865,28.13811,1.0,0.97079986,0.45015302,10.817875,133.74455,0.027224302,0.7351556,0.32844216,0.40671343,orta-yuksek,Agaclik,predicted,0.232,0.3085,ORTA
EGE_2021_03,EGE_2021_03_007525,36.72862,28.14091,0.9188561,0.9965914,0.23577762,13.660772,184.38927,0.12440393,0.66697717,0.41127986,0.2556973,dusuk,Agaclik,low_severity,,0.0,DUSUK
EGE_2021_03,EGE_2021_03_007526,36.7286,28.14371,0.91595536,1.0,0.2181929,22.274328,148.49959,0.09935431,0.58506525,0.36806574,0.2169995,dusuk,Agaclik,low_severity,,0.0,DUSUK
EGE_2021_03,EGE_2021_03_007527,36.72857,28.14651,0.39386684,0.35734817,0.27386352,10.937233,71.85735,0.017363513,0.4016536,0.26537567,0.13627791,orta-dusuk,Otlak/calilik,low_severity,,0.0,DUSUK
EGE_2021_03,EGE_2021_03_007528,36.72854,28.14931,0.77040416,0.71648026,0.25935417,15.13625,93.52622,0.102075145,0.5795065,0.3573107,0.2221958,dusuk,Agaclik,low_severity,,0.0,DUSUK
EGE_2021_03,EGE_2021_03_007529,36.72852,28.1521,1.0,1.0,0.31765658,15.386722,154.34947,0.0842654,0.77447486,0.4262253,0.34824955,orta-dusuk,Agaclik,predicted,0.3282,0.4827,ORTA
EGE_2021_03,EGE_2021_03_007530,36.72849,28.1549,1.0,1.0,0.26854444,13.590334,183.51776,0.31330734,0.7967771,0.4954979,0.30127922,dusuk,Agaclik,low_severity,,0.0,DUSUK
EGE_2021_03,EGE_2021_03_007531,36.72846,28.1577,1.0,1.0,0.26750404,16.012985,220.43633,0.258934,0.75531846,0.49432415,0.26099432,dusuk,Agaclik,low_severity,,0.0,DUSUK
EGE_2021_03,EGE_2021_03_007532,36.72843,28.1605,1.0,1.0,0.5954557,19.53688,262.37994,0.1929322,0.705165,0.36556247,0.33960256,orta-yuksek,Agaclik,predicted,0.3912,0.5968,YUKSEK
EGE_2021_03,EGE_2021_03_007533,36.72841,28.1633,1.0,1.0,0.8793907,21.019352,301.50674,0.09286571,0.7409843,0.26502684,0.47595748,yuksek,Agaclik,predicted,0.4051,0.6441,YUKSEK
EGE_2021_03,EGE_2021_03_007534,36.72838,28.1661,1.0,1.0,0.8731944,25.85913,364.91135,0.16799289,0.69687706,0.22410317,0.4727739,yuksek,Agaclik,predicted,0.4194,0.6965,YUKSEK
EGE_2021_03,EGE_2021_03_007535,36.72835,28.1689,1.0,1.0,0.95250475,18.1769,380.83585,0.026136734,0.7209194,0.18565297,0.5352664,yuksek,Agaclik,predicted,0.4163,0.6456,YUKSEK
EGE_2021_03,EGE_2021_03_007536,36.72832,28.1717,0.5494351,0.8741073,0.42358994,11.670726,342.02594,0.17390822,0.4527057,0.21349356,0.23921216,orta-dusuk,Agaclik,predicted,0.2425,0.3111,ORTA
EGE_2021_03,EGE_2021_03_007537,36.7283,28.1745,0.66794926,0.5571377,0.16177925,6.0274677,331.43134,0.09059743,0.3477633,0.26448733,0.083275974,dusuk,Agaclik,low_severity,,0.0,DUSUK
EGE_2021_03,EGE_2021_03_007538,36.72827,28.1773,1.0,1.0,0.73833144,12.43484,311.66586,0.016457714,0.6178243,0.14390755,0.47391677,yuksek,Agaclik,predicted,0.4016,0.5758,YUKSEK
EGE_2021_03,EGE_2021_03_007539,36.72824,28.1801,1.0,1.0,0.7342518,10.99008,271.2433,0.13219045,0.69717133,0.20281434,0.494357,yuksek,Agaclik,predicted,0.3856,0.5235,YUKSEK
EGE_2021_03,EGE_2021_03_007541,36.72819,28.1857,1.0,1.0,0.7713425,17.167946,355.64627,0.25490156,0.7613921,0.27163416,0.48975796,yuksek,Agaclik,predicted,0.4176,0.6071,YUKSEK
EGE_2021_03,EGE_2021_03_007543,36.72813,28.19129,1.0,1.0,0.7519447,17.276424,541.66437,0.36617538,0.77675664,0.2636941,0.51306254,yuksek,Agaclik,predicted,0.4432,0.6306,YUKSEK
EGE_2021_03,EGE_2021_03_007544,36.7281,28.19409,0.8637386,1.0,0.35294205,8.100877,571.1456,0.38681003,0.73527527,0.4061689,0.32910636,orta-dusuk,Agaclik,predicted,0.2786,0.3045,ORTA
EGE_2021_03,EGE_2021_03_007545,36.72807,28.19689,1.0,1.0,0.5965264,16.596584,574.47174,0.32610944,0.80863625,0.39791286,0.4107234,orta-yuksek,Agaclik,predicted,0.405,0.5736,YUKSEK
EGE_2021_03,EGE_2021_03_007546,36.72805,28.19969,1.0,0.9673913,0.5668397,29.396646,602.81903,0.27376804,0.76837945,0.361158,0.40722144,orta-yuksek,Agaclik,predicted,0.3851,0.6613,YUKSEK
EGE_2021_03,EGE_2021_03_007547,36.72802,28.20249,0.99945843,1.0,0.62933666,17.994059,591.06934,0.13422698,0.7761895,0.2709597,0.50522983,orta-yuksek,Agaclik,predicted,0.366,0.5543,YUKSEK
EGE_2021_03,EGE_2021_03_007548,36.72799,28.20529,0.6467881,0.7469956,0.4420333,18.054089,570.53467,0.15220167,0.57827777,0.22031032,0.35796744,orta-yuksek,Agaclik,predicted,0.3064,0.4638,ORTA
EGE_2021_03,EGE_2021_03_007549,36.72796,28.20809,0.91208136,0.85024387,0.3773085,21.768084,515.374,0.20352301,0.60041755,0.24890444,0.35151312,orta-dusuk,Agaclik,predicted,0.2359,0.3839,ORTA
EGE_2021_03,EGE_2021_03_007550,36.72793,28.21089,1.0,1.0,0.30458778,26.391008,436.79834,0.173236,0.66337013,0.32629904,0.3370711,orta-dusuk,Agaclik,predicted,0.3793,0.6408,YUKSEK
EGE_2021_03,EGE_2021_03_007551,36.7279,28.21369,0.8801753,1.0,0.13801289,17.04849,341.7933,0.09373604,0.46767837,0.35614932,0.11152905,dusuk,Agaclik,low_severity,,0.0,DUSUK
EGE_2021_03,EGE_2021_03_007554,36.72782,28.22208,0.34128165,0.4302649,0.19222158,12.551936,335.23438,0.22688982,0.42052332,0.29441732,0.126106,dusuk,Otlak/calilik,low_severity,,0.0,DUSUK
EGE_2021_03,EGE_2021_03_007555,36.72779,28.22488,0.8430545,0.95024025,0.24811922,8.740178,356.20526,0.36194938,0.5509586,0.35603532,0.19492325,dusuk,Agaclik,low_severity,,0.0,DUSUK
EGE_2021_03,EGE_2021_03_007556,36.72776,28.22768,0.97423726,1.0,0.30004877,8.713105,377.4971,0.42580715,0.64408755,0.3368887,0.30719885,orta-dusuk,Agaclik,predicted,0.3128,0.3551,ORTA
EGE_2021_03,EGE_2021_03_007557,36.72773,28.23048,0.99984694,1.0,0.24984735,10.011463,376.1645,0.18305273,0.6640172,0.37033173,0.29368547,dusuk,Agaclik,low_severity,,0.0,DUSUK
EGE_2021_03,EGE_2021_03_007558,36.7277,28.23328,1.0,1.0,0.3445933,13.63909,347.8877,0.10346435,0.6818993,0.33115634,0.35074297,orta-dusuk,Agaclik,predicted,0.324,0.4588,ORTA
EGE_2021_03,EGE_2021_03_007559,36.72767,28.23608,1.0,1.0,0.3847491,14.503501,349.50842,0.3360081,0.6144751,0.2750352,0.33943987,orta-dusuk,Agaclik,predicted,0.347,0.4681,ORTA
EGE_2021_03,EGE_2021_03_007560,36.72764,28.23888,1.0,1.0,0.24753538,14.478285,316.67795,0.58317924,0.6754515,0.40548065,0.26997086,dusuk,Agaclik,low_severity,,0.0,DUSUK
EGE_2021_03,EGE_2021_03_007561,36.72761,28.24168,1.0,0.8753106,0.145352,19.518934,287.9137,0.8320424,0.6206597,0.47493443,0.14572528,dusuk,Agaclik,low_severity,,0.0,DUSUK
EGE_2021_03,EGE_2021_03_007562,36.72759,28.24448,0.97915155,0.40343654,0.1191078,25.360937,239.11195,0.9622899,0.58883846,0.4979621,0.09087637,dusuk,Agaclik,low_severity,,0.0,DUSUK
EGE_2021_03,EGE_2021_03_007563,36.72756,28.24728,0.9763502,0.5013839,0.18424207,30.401854,188.22095,1.055015,0.61612207,0.47545058,0.14067149,dusuk,Agaclik,low_severity,,0.0,DUSUK
EGE_2021_03,EGE_2021_03_007622,36.72645,28.13248,1.0,0.8957828,0.14624354,16.020628,36.638996,0.3440128,0.56011605,0.43247503,0.12764102,dusuk,Agaclik,low_severity,,0.0,DUSUK
EGE_2021_03,EGE_2021_03_007623,36.72642,28.13528,1.0,1.0,0.23570305,15.199328,59.785145,0.34991986,0.7325765,0.44047594,0.29210055,dusuk,Agaclik,low_severity,,0.0,DUSUK
EGE_2021_03,EGE_2021_03_007624,36.7264,28.13807,0.8801816,1.0,0.17544687,15.697653,113.10876,0.22607636,0.6159761,0.4266761,0.1893,dusuk,Agaclik,low_severity,,0.0,DUSUK
EGE_2021_03,EGE_2021_03_007625,36.72637,28.14087,0.9584234,1.0,0.21069814,17.77993,149.23494,0.24636084,0.6104702,0.40804636,0.20242381,dusuk,Agaclik,low_severity,,0.0,DUSUK
EGE_2021_03,EGE_2021_03_007626,36.72634,28.14367,0.7721173,0.9457268,0.37515685,18.703934,150.51936,0.29401788,0.5052899,0.24969669,0.25559324,orta-dusuk,Agaclik,predicted,0.2908,0.4266,ORTA
EGE_2021_03,EGE_2021_03_007627,36.72632,28.14647,0.74021626,0.8685364,0.3209653,14.886413,92.741,0.15562642,0.5284524,0.26643205,0.26202035,orta-dusuk,Agaclik,predicted,0.2656,0.3756,ORTA
EGE_2021_03,EGE_2021_03_007628,36.72629,28.14927,1.0,1.0,0.2770379,11.108925,137.98338,0.07294128,0.7684872,0.43519163,0.33329558,orta-dusuk,Agaclik,predicted,0.2761,0.3702,ORTA
EGE_2021_03,EGE_2021_03_007629,36.72626,28.15207,1.0,1.0,0.2679706,14.516802,173.52484,0.15818183,0.8256152,0.5177047,0.3079105,dusuk,Agaclik,low_severity,,0.0,DUSUK
EGE_2021_03,EGE_2021_03_007630,36.72624,28.15487,1.0,1.0,0.26306468,16.065065,230.76443,0.3514771,0.7917552,0.536638,0.25511718,dusuk,Agaclik,low_severity,,0.0,DUSUK
EGE_2021_03,EGE_2021_03_007631,36.72621,28.15767,1.0,1.0,0.31361273,17.448673,271.4662,0.19027479,0.67828417,0.42546862,0.25281554,orta-dusuk,Agaclik,predicted,0.352,0.5211,YUKSEK
EGE_2021_03,EGE_2021_03_007632,36.72618,28.16047,1.0,1.0,0.41353738,17.15811,287.5857,0.19845183,0.7119429,0.3653772,0.34656572,orta-dusuk,Agaclik,predicted,0.3869,0.5693,YUKSEK
EGE_2021_03,EGE_2021_03_007634,36.72613,28.16607,0.92789453,1.0,0.8068958,19.772776,432.8164,0.07927931,0.64193594,0.25350362,0.38843232,yuksek,Agaclik,predicted,0.367,0.5787,YUKSEK
EGE_2021_03,EGE_2021_03_007635,36.7261,28.16887,1.0,1.0,0.83601093,18.667562,419.34546,0.10937872,0.6627959,0.17412016,0.48867574,yuksek,Agaclik,predicted,0.4108,0.6301,YUKSEK
EGE_2021_03,EGE_2021_03_007637,36.72604,28.17446,0.7648782,0.8285043,0.54054546,15.67596,337.12476,0.21530162,0.5689521,0.26281178,0.3061403,orta-yuksek,Agaclik,predicted,0.2984,0.4228,ORTA
EGE_2021_03,EGE_2021_03_007638,36.72602,28.17726,0.8810477,0.9259621,0.7400427,15.447422,277.44733,0.14614093,0.57832086,0.15176013,0.42656073,yuksek,Agaclik,predicted,0.3496,0.5064,YUKSEK
EGE_2021_03,EGE_2021_03_007639,36.72599,28.18006,0.85216886,0.9216607,0.6734934,16.639967,275.50555,0.2179,0.62290037,0.18504034,0.43786,yuksek,Agaclik,predicted,0.3322,0.4809,ORTA
EGE_2021_03,EGE_2021_03_007640,36.72596,28.18286,0.8927664,0.9687037,0.53286606,25.897486,385.90106,0.3140281,0.6387044,0.22985306,0.40885136,orta-yuksek,Agaclik,predicted,0.3622,0.5916,YUKSEK
EGE_2021_03,EGE_2021_03_007642,36.7259,28.18846,0.9912821,1.0,0.8559474,20.132288,516.5368,0.54168004,0.7765595,0.2207599,0.5557996,yuksek,Agaclik,predicted,0.4731,0.6751,YUKSEK
EGE_2021_03,EGE_2021_03_007643,36.72588,28.19126,1.0,1.0,0.44274768,10.621259,560.06525,0.61118466,0.8013886,0.4253229,0.37606573,orta-yuksek,Agaclik,predicted,0.4388,0.5328,YUKSEK
EGE_2021_03,EGE_2021_03_007644,36.72585,28.19406,0.95348734,1.0,0.4057455,19.675499,601.2756,0.62182224,0.79769194,0.47859675,0.3190952,orta-dusuk,Agaclik,predicted,0.3788,0.5201,YUKSEK
EGE_2021_03,EGE_2021_03_007645,36.72582,28.19686,1.0,1.0,0.8671196,23.962723,656.6673,0.57595706,0.81700075,0.26449835,0.5525024,yuksek,Agaclik,predicted,0.4934,0.7334,YUKSEK
EGE_2021_03,EGE_2021_03_007646,36.72579,28.19966,0.8906512,1.0,0.6093379,21.56779,722.05774,0.45202994,0.7108314,0.31329352,0.3975379,orta-yuksek,Agaclik,predicted,0.3675,0.5431,YUKSEK
EGE_2021_03,EGE_2021_03_007647,36.72576,28.20246,0.43447468,0.47051525,0.2864836,35.12307,642.5059,0.3839258,0.48252702,0.28026807,0.20225894,orta-dusuk,Agaclik,predicted,0.284,0.545,YUKSEK
EGE_2021_03,EGE_2021_03_007648,36.72574,28.20525,0.13489836,0.016733183,0.27575517,30.11142,486.36066,0.38416567,0.4246243,0.26574135,0.15888295,orta-dusuk,Otlak/calilik,low_severity,,0.0,DUSUK
EGE_2021_03,EGE_2021_03_007649,36.72571,28.20805,0.2075783,0.014074482,0.11532229,25.161076,460.61636,0.407234,0.38006312,0.31442404,0.06563908,dusuk,Otlak/calilik,low_severity,,0.0,DUSUK
EGE_2021_03,EGE_2021_03_007650,36.72568,28.21085,0.9535145,0.989842,0.20139559,28.474976,402.8167,0.25466713,0.5869106,0.41934714,0.16756347,dusuk,Agaclik,low_severity,,0.0,DUSUK
EGE_2021_03,EGE_2021_03_007654,36.72556,28.22205,0.9072556,0.8151957,0.10127948,12.2996645,308.4381,0.3834523,0.52462375,0.46207702,0.06254673,dusuk,Agaclik,low_severity,,0.0,DUSUK
EGE_2021_03,EGE_2021_03_007655,36.72554,28.22485,0.99665827,1.0,0.28085762,11.33545,362.15262,0.5528716,0.6515379,0.3637048,0.2878331,orta-dusuk,Agaclik,predicted,0.3083,0.3533,ORTA
EGE_2021_03,EGE_2021_03_007656,36.72551,28.22765,0.9488645,0.9863644,0.22171034,11.304839,393.97678,0.45895475,0.6977562,0.44396222,0.25379395,dusuk,Agaclik,low_severity,,0.0,DUSUK
EGE_2021_03,EGE_2021_03_007657,36.72548,28.23045,0.75323516,0.75924337,0.16523457,22.763794,365.02097,0.25067115,0.5638331,0.38730362,0.1765295,dusuk,Agaclik,low_severity,,0.0,DUSUK
EGE_2021_03,EGE_2021_03_007658,36.72545,28.23325,0.80751264,0.9336137,0.13570663,18.23821,304.84857,0.20008145,0.5923017,0.5105542,0.08174753,dusuk,Agaclik,low_severity,,0.0,DUSUK
EGE_2021_03,EGE_2021_03_007659,36.72542,28.23604,0.87333274,0.8251252,0.31547526,17.305351,311.55673,0.3771328,0.5985154,0.30059844,0.29791695,orta-dusuk,Agaclik,predicted,0.2835,0.3922,ORTA
EGE_2021_03,EGE_2021_03_007660,36.72539,28.23884,1.0,1.0,0.24141014,26.803276,235.28418,0.607804,0.6586833,0.3658291,0.2928542,dusuk,Agaclik,low_severity,,0.0,DUSUK
EGE_2021_03,EGE_2021_03_007661,36.72536,28.24164,1.0,1.0,0.3339322,19.233704,232.1968,0.67948776,0.6780968,0.3072554,0.37084138,orta-dusuk,Agaclik,predicted,0.3194,0.42,ORTA
EGE_2021_03,EGE_2021_03_007662,36.72533,28.24444,0.89728254,0.61393046,0.35018677,20.526915,221.30466,0.7237115,0.5693046,0.27167693,0.29762766,orta-dusuk,Agaclik,predicted,0.2728,0.3558,ORTA
EGE_2021_03,EGE_2021_03_007725,36.72412,28.14084,1.0,1.0,0.10083717,13.057498,118.94965,0.04833641,0.5813616,0.47230345,0.10905814,dusuk,Agaclik,low_severity,,0.0,DUSUK
EGE_2021_03,EGE_2021_03_007726,36.72409,28.14364,0.88542753,0.90032244,0.26632708,12.489802,133.77034,0.063823625,0.42920643,0.27540556,0.15380087,dusuk,Agaclik,low_severity,,0.0,DUSUK
EGE_2021_03,EGE_2021_03_007727,36.72406,28.14644,0.9589853,0.9868688,0.42970458,9.992161,92.45614,0.10333266,0.5238822,0.1991331,0.3247491,orta-dusuk,Agaclik,predicted,0.2714,0.3494,ORTA
EGE_2021_03,EGE_2021_03_007728,36.72404,28.14924,1.0,1.0,0.26180232,14.32655,122.05293,0.13122076,0.7075767,0.4305106,0.27706608,dusuk,Agaclik,low_severity,,0.0,DUSUK
EGE_2021_03,EGE_2021_03_007729,36.72401,28.15204,1.0,1.0,0.14909804,18.750647,185.90033,0.24507855,0.718529,0.5356853,0.18284369,dusuk,Agaclik,low_severity,,0.0,DUSUK
EGE_2021_03,EGE_2021_03_007730,36.72398,28.15484,1.0,1.0,0.23716575,17.98601,261.57043,0.30691454,0.76177627,0.4998076,0.26196867,dusuk,Agaclik,low_severity,,0.0,DUSUK
EGE_2021_03,EGE_2021_03_007731,36.72395,28.15764,0.90584815,0.9501612,0.4062558,17.533703,296.37677,0.08285463,0.6652261,0.36060727,0.30461884,orta-dusuk,Agaclik,predicted,0.2744,0.4215,ORTA
EGE_2021_03,EGE_2021_03_007732,36.72393,28.16043,0.7921398,0.90032244,0.44816762,19.776066,245.01982,0.030355278,0.53189033,0.20696753,0.3249228,orta-yuksek,Agaclik,predicted,0.2928,0.4754,ORTA
EGE_2021_03,EGE_2021_03_007734,36.72387,28.16603,0.9836048,1.0,0.53646857,25.595226,328.90634,0.035924353,0.6211667,0.22153461,0.3996321,orta-yuksek,Agaclik,predicted,0.3999,0.6836,YUKSEK
EGE_2021_03,EGE_2021_03_007735,36.72385,28.16883,1.0,1.0,0.5326671,15.663054,345.6913,0.15715037,0.5504594,0.1896463,0.36081308,orta-yuksek,Agaclik,predicted,0.3648,0.5293,YUKSEK
EGE_2021_03,EGE_2021_03_007736,36.72382,28.17163,1.0,1.0,0.61449116,14.196522,332.20667,0.060381085,0.62569207,0.20057017,0.4251219,orta-yuksek,Agaclik,predicted,0.3843,0.5591,YUKSEK
EGE_2021_03,EGE_2021_03_007737,36.72379,28.17443,1.0,1.0,0.78926927,18.493044,310.31064,0.10816614,0.6673902,0.16173056,0.5056597,yuksek,Agaclik,predicted,0.4011,0.6144,YUKSEK
EGE_2021_03,EGE_2021_03_007738,36.72376,28.17723,0.9994801,1.0,0.8079034,10.247965,235.70123,0.05970981,0.70880497,0.2061077,0.5026972,yuksek,Agaclik,predicted,0.3824,0.5225,YUKSEK
EGE_2021_03,EGE_2021_03_007739,36.72373,28.18003,0.49163318,0.77129227,0.41724074,20.43664,251.06737,0.21588956,0.52090585,0.22789472,0.29301113,orta-dusuk,Agaclik,predicted,0.2466,0.3867,ORTA
EGE_2021_03,EGE_2021_03_007740,36.72371,28.18283,0.9156703,0.83207124,0.3051107,27.98194,391.0589,0.44467014,0.6253525,0.36347473,0.26187778,orta-dusuk,Agaclik,predicted,0.3205,0.5294,YUKSEK
EGE_2021_03,EGE_2021_03_007741,36.72368,28.18563,0.96547866,1.0,0.57286686,19.071953,489.94882,0.6306928,0.72506523,0.28375864,0.4413066,orta-yuksek,Agaclik,predicted,0.4043,0.5515,YUKSEK
EGE_2021_03,EGE_2021_03_007742,36.72365,28.18842,0.93111837,1.0,0.5943209,12.821467,558.22485,0.76434827,0.7260184,0.25302836,0.47299007,orta-yuksek,Agaclik,predicted,0.3364,0.3784,ORTA
EGE_2021_03,EGE_2021_03_007743,36.72362,28.19122,1.0,1.0,0.34098464,19.292189,611.7774,0.8590745,0.76846457,0.41037744,0.35808712,orta-dusuk,Agaclik,predicted,0.4244,0.5515,YUKSEK
EGE_2021_03,EGE_2021_03_007744,36.7236,28.19402,1.0,1.0,0.19075865,15.551173,680.6694,0.84529245,0.7243762,0.52075547,0.20362073,dusuk,Agaclik,low_severity,,0.0,DUSUK
EGE_2021_03,EGE_2021_03_007745,36.72357,28.19682,0.8971815,1.0,0.30285448,11.95536,720.79767,0.6498307,0.69614017,0.40988213,0.28625804,orta-dusuk,Agaclik,predicted,0.3696,0.4362,ORTA
EGE_2021_03,EGE_2021_03_007746,36.72354,28.19962,0.3868364,0.5251322,0.30168098,23.952015,726.10913,0.50501543,0.4712243,0.24686874,0.22435556,orta-dusuk,Agaclik,predicted,0.2778,0.423,ORTA
EGE_2021_03,EGE_2021_03_007747,36.72351,28.20242,0.69432545,0.14510183,0.42244935,37.455566,559.4165,0.4596448,0.46532863,0.15929483,0.3060338,orta-dusuk,Otlak/calilik,predicted,0.274,0.5397,YUKSEK
EGE_2021_03,EGE_2021_03_007748,36.72348,28.20522,1.0,0.10650234,0.60965353,28.064804,411.9916,0.36508453,0.58815897,0.16609684,0.42206213,orta-yuksek,Otlak/calilik,predicted,0.4103,0.6746,YUKSEK
EGE_2021_03,EGE_2021_03_007749,36.72345,28.20802,0.67736316,0.09749918,0.36361587,22.47488,340.3119,0.250809,0.53445333,0.28500158,0.24945176,orta-dusuk,Otlak/calilik,predicted,0.2363,0.384,ORTA
EGE_2021_03,EGE_2021_03_007750,36.72343,28.21082,1.0,0.9913771,0.3060851,15.113334,321.63873,0.2645947,0.63981754,0.37722555,0.262592,orta-dusuk,Agaclik,predicted,0.311,0.4298,ORTA
EGE_2021_03,EGE_2021_03_007760,36.72314,28.23881,0.95102835,0.59257233,0.122702,25.196743,158.09154,0.4233385,0.599896,0.46975216,0.13014385,dusuk,Agaclik,low_severity,,0.0,DUSUK
EGE_2021_03,EGE_2021_03_007762,36.72308,28.2444,0.97408414,0.7531757,0.12078801,17.792664,133.26393,0.49650246,0.63630104,0.51255715,0.12374389,dusuk,Agaclik,low_severity,,0.0,DUSUK
EGE_2021_03,EGE_2021_03_007826,36.72184,28.14361,0.9697511,0.97691077,0.11154702,24.085367,177.22804,0.086355954,0.5670757,0.45540494,0.11167079,dusuk,Agaclik,low_severity,,0.0,DUSUK
EGE_2021_03,EGE_2021_03_007827,36.72181,28.14641,1.0,1.0,0.38357908,21.7159,141.61798,0.25208837,0.5830808,0.27541566,0.30766517,orta-dusuk,Agaclik,predicted,0.3656,0.5693,YUKSEK
EGE_2021_03,EGE_2021_03_007828,36.72178,28.1492,1.0,1.0,0.5882425,14.375727,110.28959,0.059170794,0.62549853,0.20897636,0.41652218,orta-yuksek,Agaclik,predicted,0.4019,0.587,YUKSEK
EGE_2021_03,EGE_2021_03_007829,36.72176,28.152,0.8174082,0.75151885,0.53294444,17.169111,130.31592,0.036266565,0.5603131,0.23097655,0.32933655,orta-yuksek,Agaclik,predicted,0.307,0.4732,ORTA
EGE_2021_03,EGE_2021_03_007830,36.72173,28.1548,0.6884285,0.68736035,0.4079078,24.054018,182.79622,0.1571018,0.47616273,0.22692795,0.24923478,orta-dusuk,Agaclik,predicted,0.2568,0.441,ORTA
EGE_2021_03,EGE_2021_03_007832,36.72167,28.1604,0.97421986,0.97691077,0.34287673,12.130385,172.3828,0.077210814,0.5211158,0.27706105,0.24405473,orta-dusuk,Agaclik,predicted,0.2885,0.3968,ORTA
EGE_2021_03,EGE_2021_03_007833,36.72165,28.1632,1.0,1.0,0.5658098,16.459072,201.11403,0.15436873,0.62595177,0.21285173,0.41310003,orta-yuksek,Agaclik,predicted,0.3697,0.5438,YUKSEK
EGE_2021_03,EGE_2021_03_007834,36.72162,28.166,1.0,1.0,0.8321323,17.47881,256.22327,0.023490272,0.74406123,0.19761062,0.5464506,yuksek,Agaclik,predicted,0.4029,0.6201,YUKSEK
EGE_2021_03,EGE_2021_03_007835,36.72159,28.1688,0.99805033,1.0,0.6587179,16.674395,296.08957,0.12220283,0.70006514,0.23431778,0.46574736,orta-yuksek,Agaclik,predicted,0.372,0.5536,YUKSEK
EGE_2021_03,EGE_2021_03_007836,36.72156,28.1716,0.9982603,1.0,0.63114995,18.99069,264.00797,0.18946074,0.6469979,0.21055195,0.43644598,orta-yuksek,Agaclik,predicted,0.3945,0.5975,YUKSEK
EGE_2021_03,EGE_2021_03_007837,36.72154,28.1744,1.0,1.0,0.6193294,15.758436,281.0237,0.111739874,0.5912552,0.18209365,0.40916154,orta-yuksek,Agaclik,predicted,0.3794,0.5581,YUKSEK
EGE_2021_03,EGE_2021_03_007838,36.72151,28.17719,1.0,1.0,0.74327445,13.280252,247.13068,0.050521746,0.6518352,0.24449047,0.40734473,yuksek,Agaclik,predicted,0.39,0.5611,YUKSEK
EGE_2021_03,EGE_2021_03_007839,36.72148,28.17999,0.39847782,0.3232502,0.40239924,16.315456,218.6034,0.14883114,0.43929547,0.20605665,0.23323882,orta-dusuk,Yerlesim,predicted,0.2298,0.3356,ORTA
EGE_2021_03,EGE_2021_03_007840,36.72145,28.18279,0.84617823,0.1236178,0.23955786,33.57984,330.01172,0.2812608,0.5898409,0.4167877,0.17305318,dusuk,Otlak/calilik,low_severity,,0.0,DUSUK
EGE_2021_03,EGE_2021_03_007842,36.7214,28.18839,0.7140031,0.53191787,0.15838927,24.192244,532.0502,0.753672,0.58061534,0.46912768,0.11148766,dusuk,Agaclik,low_severity,,0.0,DUSUK
EGE_2021_03,EGE_2021_03_007843,36.72137,28.19119,0.2075332,0.19219571,0.14891404,27.214245,602.0747,0.6757046,0.48992932,0.36670148,0.123227835,dusuk,Otlak/calilik,low_severity,,0.0,DUSUK
EGE_2021_03,EGE_2021_03_007844,36.72134,28.19399,0.24149734,0.091110356,0.2741916,23.74724,664.1906,0.67870694,0.52987933,0.31104863,0.2188307,orta-dusuk,Otlak/calilik,predicted,0.2476,0.3523,ORTA
EGE_2021_03,EGE_2021_03_007845,36.72131,28.19679,0.32227585,0.35649493,0.13324621,18.988401,714.48785,0.5049947,0.5099814,0.38673222,0.12324917,dusuk,Otlak/calilik,low_severity,,0.0,DUSUK
EGE_2021_03,EGE_2021_03_007846,36.72129,28.19959,0.3605653,0.17054912,0.16892974,39.457863,636.57697,0.29627734,0.35106894,0.2451368,0.10593215,dusuk,Otlak/calilik,low_severity,,0.0,DUSUK
EGE_2021_03,EGE_2021_03_007847,36.72126,28.20238,0.87479675,0.7993248,0.38989496,30.705317,476.32803,0.21340314,0.55543864,0.23216008,0.32327855,orta-dusuk,Agaclik,predicted,0.2989,0.5529,YUKSEK
EGE_2021_03,EGE_2021_03_007848,36.72123,28.20518,1.0,0.96954787,0.35078657,26.513918,354.50284,0.26278147,0.65785974,0.29801655,0.3598432,orta-dusuk,Agaclik,predicted,0.3927,0.6493,YUKSEK
EGE_2021_03,EGE_2021_03_007849,36.7212,28.20798,1.0,0.97586805,0.3084976,17.87381,272.83682,0.01576622,0.651976,0.41431165,0.23766434,orta-dusuk,Agaclik,predicted,0.3166,0.4964,ORTA
EGE_2021_03,EGE_2021_03_007850,36.72117,28.21078,1.0,1.0,0.19265127,15.2565,262.41766,0.094007716,0.6763116,0.4753035,0.20100811,dusuk,Agaclik,low_severity,,0.0,DUSUK
EGE_2021_03,EGE_2021_03_007927,36.71956,28.14637,1.0,1.0,0.418635,32.57789,264.41025,0.3442254,0.76402074,0.3489923,0.41502845,orta-dusuk,Agaclik,predicted,0.4201,0.7308,YUKSEK
EGE_2021_03,EGE_2021_03_007929,36.7195,28.15197,1.0,1.0,0.4105926,32.696114,209.74692,0.2599366,0.75009257,0.4650256,0.28506696,orta-dusuk,Agaclik,predicted,0.3941,0.7049,YUKSEK
EGE_2021_03,EGE_2021_03_007930,36.71948,28.15477,1.0,1.0,0.48838946,28.307411,200.24231,0.22522004,0.746725,0.3585585,0.38816652,orta-yuksek,Agaclik,predicted,0.3805,0.6518,YUKSEK
EGE_2021_03,EGE_2021_03_007931,36.71945,28.15757,1.0,1.0,0.5677454,23.387749,197.03743,0.20891574,0.7206879,0.28847906,0.43220887,orta-yuksek,Agaclik,predicted,0.4051,0.6483,YUKSEK
EGE_2021_03,EGE_2021_03_007932,36.71942,28.16037,1.0,1.0,0.4725385,16.665218,191.70068,0.13480823,0.6707293,0.30609363,0.36463565,orta-yuksek,Agaclik,predicted,0.3908,0.5797,YUKSEK
EGE_2021_03,EGE_2021_03_007933,36.71939,28.16317,0.891906,0.86152834,0.52906615,12.202854,175.61504,0.042339876,0.5745757,0.19424485,0.38033086,orta-yuksek,Agaclik,predicted,0.3146,0.441,ORTA
EGE_2021_03,EGE_2021_03_007934,36.71937,28.16596,0.92573035,0.90968096,0.49823207,19.5653,203.3948,0.16201666,0.6036193,0.25267464,0.35094464,orta-yuksek,Agaclik,predicted,0.3202,0.4959,ORTA
EGE_2021_03,EGE_2021_03_007935,36.71934,28.16876,0.83678657,0.94698805,0.4644636,20.466349,209.26915,0.1479468,0.5252436,0.23267913,0.29256445,orta-yuksek,Agaclik,predicted,0.2993,0.4746,ORTA
EGE_2021_03,EGE_2021_03_007936,36.71931,28.17156,0.9132437,0.95992637,0.36352277,11.50631,195.8912,0.18950558,0.46564496,0.25132868,0.21431628,orta-dusuk,Agaclik,predicted,0.2461,0.3129,ORTA
EGE_2021_03,EGE_2021_03_007937,36.71928,28.17436,0.6710311,0.4269739,0.2448187,12.332794,215.37141,0.15955448,0.42535812,0.27148515,0.15387297,dusuk,Yerlesim,low_severity,,0.0,DUSUK
EGE_2021_03,EGE_2021_03_007938,36.71926,28.17716,0.7001949,0.46304825,0.26224893,10.745873,203.37164,0.18394253,0.39134598,0.21423498,0.177111,dusuk,Agaclik,low_severity,,0.0,DUSUK
EGE_2021_03,EGE_2021_03_007939,36.71923,28.17996,0.34497267,0.63626516,0.18187821,5.8945465,204.70549,0.10218547,0.3444631,0.25547785,0.088985264,dusuk,Agaclik,low_severity,,0.0,DUSUK
EGE_2021_03,EGE_2021_03_007944,36.71909,28.19395,0.39915785,0.0,0.25224867,32.243458,533.96576,0.43632832,0.48068157,0.28094926,0.1997323,dusuk,Otlak/calilik,low_severity,,0.0,DUSUK
EGE_2021_03,EGE_2021_03_007945,36.71906,28.19675,0.0,0.0,0.2315805,34.282925,570.3737,0.37694338,0.36521778,0.201251,0.16396677,dusuk,Otlak/calilik,low_severity,,0.0,DUSUK
EGE_2021_03,EGE_2021_03_007946,36.71903,28.19955,0.46247095,0.3691683,0.20676321,36.26156,487.1867,0.21335395,0.3469306,0.18724568,0.15968491,dusuk,Otlak/calilik,low_severity,,0.0,DUSUK
EGE_2021_03,EGE_2021_03_007947,36.719,28.20235,1.0,1.0,0.29962766,23.098612,409.6442,0.05727607,0.6440629,0.30126625,0.34279662,orta-dusuk,Agaclik,predicted,0.3924,0.6481,YUKSEK
EGE_2021_03,EGE_2021_03_007948,36.71898,28.20515,1.0,0.95177627,0.25935346,25.211472,301.62378,0.13325107,0.69371223,0.36726347,0.32644877,dusuk,Agaclik,low_severity,,0.0,DUSUK
EGE_2021_03,EGE_2021_03_008026,36.71733,28.14354,0.94008356,0.7587288,0.23441212,23.470644,496.95154,0.5708125,0.6011209,0.4010494,0.20007148,dusuk,Agaclik,low_severity,,0.0,DUSUK
EGE_2021_03,EGE_2021_03_008027,36.7173,28.14634,0.88016677,0.740246,0.36325395,30.922142,415.99472,0.5297864,0.6505818,0.33665574,0.31392604,orta-dusuk,Agaclik,predicted,0.2961,0.5066,YUKSEK
EGE_2021_03,EGE_2021_03_008028,36.71728,28.14914,1.0,0.88663983,0.222464,39.974167,404.0422,0.45040664,0.6621635,0.49476126,0.16740224,dusuk,Agaclik,low_severity,,0.0,DUSUK
EGE_2021_03,EGE_2021_03_008029,36.71725,28.15194,1.0,0.64133674,0.13529105,44.312107,425.51184,0.50005865,0.5383438,0.50517553,0.033168256,dusuk,Agaclik,low_severity,,0.0,DUSUK
EGE_2021_03,EGE_2021_03_008030,36.71722,28.15473,1.0,0.9467124,0.56775784,38.847908,368.0878,0.449185,0.7192682,0.3343634,0.3849048,orta-yuksek,Agaclik,predicted,0.4291,0.7834,COK_YUKSEK
EGE_2021_03,EGE_2021_03_008031,36.7172,28.15753,1.0,1.0,0.79950976,30.897879,324.66113,0.30167824,0.80991817,0.30120522,0.50871295,yuksek,Agaclik,predicted,0.4636,0.7869,COK_YUKSEK
EGE_2021_03,EGE_2021_03_008032,36.71717,28.16033,1.0,1.0,0.76901853,17.818584,252.45688,0.07629532,0.7629285,0.20292437,0.5600041,yuksek,Agaclik,predicted,0.4009,0.6127,YUKSEK
EGE_2021_03,EGE_2021_03_008033,36.71714,28.16313,1.0,0.9898666,0.6232428,13.982404,203.70334,0.116248176,0.68955654,0.20473696,0.4848196,orta-yuksek,Agaclik,predicted,0.3809,0.5445,YUKSEK
EGE_2021_03,EGE_2021_03_008034,36.71711,28.16593,0.48765686,0.3317487,0.25859517,10.07213,163.76111,0.09869002,0.41248637,0.23884858,0.17363779,dusuk,Yerlesim,low_severity,,0.0,DUSUK
EGE_2021_03,EGE_2021_03_008035,36.71709,28.16873,0.504097,0.02550459,0.10281676,5.201301,157.5964,0.030816402,0.29942858,0.24029317,0.059135407,dusuk,Yerlesim,low_severity,,0.0,DUSUK
EGE_2021_03,EGE_2021_03_008037,36.71703,28.17433,0.39276063,0.0,0.20194457,5.741804,185.9965,0.06642483,0.42303994,0.34337318,0.07966676,dusuk,Yerlesim,low_severity,,0.0,DUSUK
EGE_2021_03,EGE_2021_03_008038,36.717,28.17713,0.47090742,0.0,0.11047463,4.1725845,194.98854,0.06608993,0.32357258,0.27047974,0.053092837,dusuk,Yerlesim,low_severity,,0.0,DUSUK
EGE_2021_03,EGE_2021_03_008044,36.71684,28.19392,0.68407595,0.0613834,0.10157496,21.611149,419.394,0.19294992,0.46496695,0.3874715,0.077495456,dusuk,Otlak/calilik,low_severity,,0.0,DUSUK
EGE_2021_03,EGE_2021_03_008045,36.71681,28.19672,0.50821,0.1227668,0.2971339,23.456705,430.75974,0.21604325,0.4478638,0.22949642,0.21836737,orta-dusuk,Otlak/calilik,predicted,0.2409,0.4041,ORTA
EGE_2021_03,EGE_2021_03_008046,36.71678,28.19952,0.6688316,0.3079608,0.29673952,19.087067,370.86285,0.06736933,0.40115,0.18108141,0.22006857,orta-dusuk,Otlak/calilik,predicted,0.2329,0.3753,ORTA
EGE_2021_03,EGE_2021_03_008047,36.71675,28.20231,0.9234947,0.64502704,0.34970236,12.411278,346.3069,0.18420732,0.49059016,0.21309654,0.2774936,orta-dusuk,Agaclik,predicted,0.2413,0.3142,ORTA
EGE_2021_03,EGE_2021_03_008048,36.71672,28.20511,0.79938024,0.5971434,0.20854288,20.795704,282.14157,0.07318923,0.5332469,0.3430191,0.19022778,dusuk,Agaclik,low_severity,,0.0,DUSUK
EGE_2021_03,EGE_2021_03_008126,36.71508,28.14351,0.7330964,0.53361666,0.118121594,13.1142845,532.6338,0.8200681,0.5622177,0.4442615,0.11795622,dusuk,Agaclik,low_severity,,0.0,DUSUK
EGE_2021_03,EGE_2021_03_008127,36.71505,28.1463,1.0,1.0,0.21961397,12.054237,491.886,0.7535623,0.7780689,0.5596194,0.21844947,dusuk,Agaclik,low_severity,,0.0,DUSUK
EGE_2021_03,EGE_2021_03_008128,36.71502,28.1491,0.9042748,0.9333727,0.21379797,16.432518,529.175,0.70003474,0.69523823,0.4819097,0.21332854,dusuk,Agaclik,low_severity,,0.0,DUSUK
EGE_2021_03,EGE_2021_03_008129,36.715,28.1519,0.46570882,0.26462227,0.14557958,15.587843,572.37286,0.7329674,0.5210552,0.38102862,0.1400266,dusuk,Otlak/calilik,low_severity,,0.0,DUSUK
EGE_2021_03,EGE_2021_03_008130,36.71497,28.1547,0.26830304,0.20784532,0.1630786,17.147667,523.2529,0.60566837,0.5546678,0.4370225,0.11764526,dusuk,Otlak/calilik,low_severity,,0.0,DUSUK
EGE_2021_03,EGE_2021_03_008131,36.71494,28.1575,0.44611967,0.358214,0.32730842,32.520233,468.75833,0.35788667,0.5165471,0.31139004,0.20515704,orta-dusuk,Agaclik,predicted,0.2737,0.511,YUKSEK
EGE_2021_03,EGE_2021_03_008132,36.71491,28.1603,0.89231825,1.0,0.9646145,28.142014,329.68774,0.11971449,0.78686416,0.12889029,0.6579739,yuksek,Agaclik,predicted,0.4041,0.7001,YUKSEK
EGE_2021_03,EGE_2021_03_008133,36.71489,28.1631,1.0,1.0,0.8297396,20.888763,267.71106,0.04976529,0.77637076,0.19267404,0.5836967,yuksek,Agaclik,predicted,0.4081,0.6534,YUKSEK
EGE_2021_03,EGE_2021_03_008134,36.71486,28.1659,0.80163527,0.6918111,0.38604346,16.39305,203.7307,0.16180362,0.51969045,0.27418077,0.24550968,orta-dusuk,Agaclik,predicted,0.22,0.3199,ORTA
EGE_2021_03,EGE_2021_03_008135,36.71483,28.16869,0.65636015,0.21029638,0.13034265,12.641356,180.44856,0.028216943,0.341533,0.27419388,0.06733912,dusuk,Yerlesim,low_severity,,0.0,DUSUK
EGE_2021_03,EGE_2021_03_008136,36.7148,28.17149,0.35628113,0.0,0.11093111,5.191389,166.7806,0.062938936,0.3071615,0.27112943,0.03603208,dusuk,Yerlesim,low_severity,,0.0,DUSUK
EGE_2021_03,EGE_2021_03_008138,36.71475,28.17709,0.42809767,0.0,0.16390601,6.8363137,197.42818,0.15813446,0.46264315,0.38446775,0.078175396,dusuk,Yerlesim,low_severity,,0.0,DUSUK
EGE_2021_03,EGE_2021_03_008146,36.71453,28.19948,0.52821,0.0,0.10026628,10.301107,331.0732,0.15686639,0.36416447,0.3030516,0.06111288,dusuk,Otlak/calilik,low_severity,,0.0,DUSUK
EGE_2021_03,EGE_2021_03_008147,36.7145,28.20228,0.8867931,0.3514891,0.37505147,10.29073,323.3271,0.076635055,0.48607516,0.24331331,0.24276185,orta-dusuk,Otlak/calilik,predicted,0.228,0.2912,ORTA
EGE_2021_03,EGE_2021_03_008227,36.7128,28.14627,0.69730836,0.38794833,0.12122458,15.528755,472.19772,0.98996896,0.5933238,0.47973698,0.11358684,dusuk,Agaclik,low_severity,,0.0,DUSUK
EGE_2021_03,EGE_2021_03_008231,36.71269,28.15747,0.3999444,0.015002319,0.14027733,15.930619,470.9523,0.3995754,0.5204847,0.44354594,0.07693875,dusuk,Otlak/calilik,low_severity,,0.0,DUSUK
EGE_2021_03,EGE_2021_03_008232,36.71266,28.16026,0.88978684,0.8370427,0.65495205,20.102037,416.0807,0.21426433,0.6645937,0.24177393,0.42281976,orta-yuksek,Agaclik,predicted,0.3567,0.5475,YUKSEK
EGE_2021_03,EGE_2021_03_008233,36.71263,28.16306,1.0,1.0,0.9387577,25.434034,329.16544,0.19665582,0.8247552,0.15389454,0.67086065,yuksek,Agaclik,predicted,0.431,0.7061,YUKSEK
EGE_2021_03,EGE_2021_03_008234,36.71261,28.16586,1.0,1.0,0.78357357,17.861927,247.72653,0.05647416,0.798952,0.21899101,0.57996094,yuksek,Agaclik,predicted,0.3984,0.6121,YUKSEK
EGE_2021_03,EGE_2021_03_008235,36.71258,28.16866,0.9041014,0.9611378,0.5756154,21.216469,250.17102,0.053906456,0.6802717,0.26318812,0.41708356,orta-yuksek,Agaclik,predicted,0.3581,0.5814,YUKSEK
EGE_2021_03,EGE_2021_03_008236,36.71255,28.17146,0.4674195,0.1407401,0.1016185,12.4537325,192.7063,0.1027106,0.39100063,0.31822968,0.07277095,dusuk,Yerlesim,low_severity,,0.0,DUSUK
EGE_2021_03,EGE_2021_03_008331,36.71044,28.15743,1.0,0.83406967,0.31523123,10.519943,447.85977,0.39357564,0.65192115,0.47930515,0.172616,orta-dusuk,Agaclik,low_severity,,0.0,DUSUK
EGE_2021_03,EGE_2021_03_008332,36.71041,28.16023,0.98463136,0.6554731,0.5060151,7.929749,440.16885,0.3772532,0.57187665,0.25075847,0.32111818,orta-yuksek,Agaclik,predicted,0.3153,0.3588,ORTA
EGE_2021_03,EGE_2021_03_008333,36.71038,28.16303,1.0,1.0,1.0139618,25.054735,385.25418,0.19054891,0.82122386,0.12811293,0.69311094,yuksek,Agaclik,predicted,0.4326,0.7061,YUKSEK
EGE_2021_03,EGE_2021_03_008334,36.71035,28.16583,0.98183113,1.0,1.0122542,20.44307,334.06137,0.078131475,0.8193636,0.17298287,0.6463807,yuksek,Agaclik,predicted,0.4251,0.6709,YUKSEK
EGE_2021_03,EGE_2021_03_008335,36.71033,28.16863,0.90131867,0.9446897,0.31388775,20.19799,305.48236,0.19743086,0.57249016,0.33231577,0.24017438,orta-dusuk,Agaclik,predicted,0.3033,0.4714,ORTA
EGE_2021_03,EGE_2021_03_008430,36.70821,28.1546,0.5513088,0.68098575,0.20623107,15.751752,525.06726,0.37574962,0.6605109,0.5171133,0.14339757,dusuk,Agaclik,low_severity,,0.0,DUSUK
EGE_2021_03,EGE_2021_03_008431,36.70818,28.1574,0.55384994,0.37911922,0.42414588,16.9568,439.41727,0.16556492,0.54372317,0.3074035,0.23631966,orta-dusuk,Otlak/calilik,predicted,0.2438,0.3596,ORTA
EGE_2021_03,EGE_2021_03_008432,36.70815,28.1602,0.8688016,0.5103935,0.21466832,10.061525,426.57474,0.1965597,0.51898783,0.40772521,0.11126262,dusuk,Agaclik,low_severity,,0.0,DUSUK
EGE_2021_03,EGE_2021_03_008433,36.70813,28.163,0.641348,0.5921141,0.66584754,10.545558,437.82254,0.11123978,0.6166071,0.16336647,0.45324066,yuksek,Agaclik,predicted,0.3413,0.4568,ORTA
EGE_2021_03,EGE_2021_03_008530,36.70596,28.15457,0.24953954,0.0008665692,0.20504072,19.674267,492.5757,0.37242144,0.5245744,0.41374952,0.11082488,dusuk,Otlak/calilik,low_severity,,0.0,DUSUK
EGE_2021_03,EGE_2021_03_008531,36.70593,28.15736,0.6847801,0.08425535,0.45177472,14.785739,403.6094,0.1578661,0.4737572,0.19678938,0.27696782,orta-yuksek,Otlak/calilik,predicted,0.2533,0.3561,ORTA
EGE_2021_03,EGE_2021_03_008532,36.7059,28.16016,0.8888671,0.8212716,0.5311413,6.9853997,394.07803,0.09075885,0.5248975,0.18925618,0.33564132,orta-yuksek,Agaclik,predicted,0.3022,0.371,ORTA
EGE_2021_03,EGE_2021_03_008533,36.70587,28.16296,0.88092816,0.87555087,0.6525078,6.524684,419.74765,0.1222826,0.5610795,0.12891619,0.4321633,orta-yuksek,Agaclik,predicted,0.3259,0.3979,ORTA
EGE_2021_03,EGE_2021_03_008534,36.70585,28.16576,1.0,1.0,0.5063762,3.9255729,434.3956,0.1544065,0.63190496,0.25963905,0.3722659,orta-yuksek,Agaclik,predicted,0.2932,0.3226,ORTA
EGE_2021_03,EGE_2021_03_008535,36.70582,28.16856,1.0,1.0,0.23523894,16.971918,416.13712,0.16562644,0.65871286,0.4786195,0.18009338,dusuk,Agaclik,low_severity,,0.0,DUSUK
EGE_2021_03,EGE_2021_03_008629,36.70373,28.15173,0.5856466,0.18484281,0.2580753,12.770691,515.6594,0.50471056,0.509043,0.3375673,0.17147568,dusuk,Otlak/calilik,low_severity,,0.0,DUSUK
EGE_2021_03,EGE_2021_03_008630,36.7037,28.15453,0.39660114,0.0,0.19003594,21.50303,470.58807,0.26907453,0.50279635,0.38711733,0.115679026,dusuk,Otlak/calilik,low_severity,,0.0,DUSUK
EGE_2021_03,EGE_2021_03_008631,36.70368,28.15733,0.5400674,0.33715475,0.3349185,14.563601,387.69156,0.122757666,0.54487133,0.34309793,0.2017734,orta-dusuk,Otlak/calilik,predicted,0.235,0.3319,ORTA
EGE_2021_03,EGE_2021_03_008632,36.70365,28.16013,0.914508,0.8973774,0.4114186,9.790712,398.44885,0.16980976,0.600898,0.4002756,0.20062244,orta-dusuk,Agaclik,predicted,0.2872,0.3619,ORTA
EGE_2021_03,EGE_2021_03_008633,36.70362,28.16293,0.6698742,0.65958637,0.3994747,5.996662,426.0022,0.093149215,0.45699692,0.2086288,0.24836811,orta-dusuk,Agaclik,predicted,0.2374,0.266,ORTA
EGE_2021_03,EGE_2021_03_008634,36.70359,28.16573,0.9661765,1.0,0.23789094,5.742555,435.47714,0.1436791,0.660524,0.5268699,0.13365412,dusuk,Agaclik,low_severity,,0.0,DUSUK
EGE_2021_03,EGE_2021_03_008729,36.70148,28.1517,0.4614072,0.13151294,0.17216542,17.086018,445.89026,0.43460372,0.5216447,0.42638707,0.09525764,dusuk,Otlak/calilik,low_severity,,0.0,DUSUK
EGE_2021_03,EGE_2021_03_008730,36.70145,28.1545,0.5227207,0.18836765,0.19841644,9.423353,415.89896,0.19584885,0.4710341,0.38370085,0.08733326,dusuk,Otlak/calilik,low_severity,,0.0,DUSUK
EGE_2021_03,EGE_2021_03_008731,36.70142,28.1573,0.5477456,0.058648787,0.20957962,12.870119,367.50198,0.11328346,0.49065197,0.36171183,0.12894014,dusuk,Otlak/calilik,low_severity,,0.0,DUSUK
EGE_2021_03,EGE_2021_03_008732,36.70139,28.1601,0.5146946,0.21935275,0.25237215,15.191151,376.708,0.28996024,0.44351298,0.29673284,0.14678013,dusuk,Otlak/calilik,low_severity,,0.0,DUSUK
EGE_2021_03,EGE_2021_03_008733,36.70137,28.16289,0.9609346,0.94573027,0.22776562,12.195806,439.26636,0.30096138,0.629789,0.5102725,0.11951649,dusuk,Agaclik,low_severity,,0.0,DUSUK
EGE_2021_03,EGE_2021_03_008830,36.6992,28.15447,0.5546297,0.35818782,0.15681055,15.115703,403.1311,0.24072702,0.5700136,0.48885858,0.081155,dusuk,Otlak/calilik,low_severity,,0.0,DUSUK
