cell_id,hukum,ek_kosullar,toparlanma_orani,tur_onerisi,tetikleyen,ozet,ayrinti,zamanlama_notu_var
EGE_2021_05_000093,KAPSAM_DISI,,,,land_cover=Tarim,"Ağaçlandırma kapsamı dışı. Bu kare tarım alanı olarak sınıflanmış, orman rehabilitasyonu hedefi değil.",Öncelik sıralamasına dahil edilmiyor.,False
EGE_2021_05_000095,KAPSAM_DISI,,,,land_cover=Tarim,"Ağaçlandırma kapsamı dışı. Bu kare tarım alanı olarak sınıflanmış, orman rehabilitasyonu hedefi değil.",Öncelik sıralamasına dahil edilmiyor.,False
EGE_2021_05_000099,KAPSAM_DISI,,,,land_cover=Tarim,"Ağaçlandırma kapsamı dışı. Bu kare tarım alanı olarak sınıflanmış, orman rehabilitasyonu hedefi değil.",Öncelik sıralamasına dahil edilmiyor.,False
EGE_2021_05_000100,KAPSAM_DISI,,,,land_cover=Tarim,"Ağaçlandırma kapsamı dışı. Bu kare tarım alanı olarak sınıflanmış, orman rehabilitasyonu hedefi değil.",Öncelik sıralamasına dahil edilmiyor.,False
EGE_2021_05_000155,KAPSAM_DISI,,,,land_cover=Tarim,"Ağaçlandırma kapsamı dışı. Bu kare tarım alanı olarak sınıflanmış, orman rehabilitasyonu hedefi değil.",Öncelik sıralamasına dahil edilmiyor.,False
EGE_2021_05_000157,KAPSAM_DISI,,,,land_cover=Tarim,"Ağaçlandırma kapsamı dışı. Bu kare tarım alanı olarak sınıflanmış, orman rehabilitasyonu hedefi değil.",Öncelik sıralamasına dahil edilmiyor.,False
EGE_2021_05_000158,KAPSAM_DISI,,,,land_cover=Tarim,"Ağaçlandırma kapsamı dışı. Bu kare tarım alanı olarak sınıflanmış, orman rehabilitasyonu hedefi değil.",Öncelik sıralamasına dahil edilmiyor.,False
EGE_2021_05_000159,KAPSAM_DISI,,,,land_cover=Tarim,"Ağaçlandırma kapsamı dışı. Bu kare tarım alanı olarak sınıflanmış, orman rehabilitasyonu hedefi değil.",Öncelik sıralamasına dahil edilmiyor.,False
EGE_2021_05_000161,KAPSAM_DISI,,,,land_cover=Tarim,"Ağaçlandırma kapsamı dışı. Bu kare tarım alanı olarak sınıflanmış, orman rehabilitasyonu hedefi değil.",Öncelik sıralamasına dahil edilmiyor.,False
EGE_2021_05_000221,KAPSAM_DISI,,,,land_cover=Tarim,"Ağaçlandırma kapsamı dışı. Bu kare tarım alanı olarak sınıflanmış, orman rehabilitasyonu hedefi değil.",Öncelik sıralamasına dahil edilmiyor.,False
EGE_2021_05_000280,KAPSAM_DISI,,,,land_cover=Tarim,"Ağaçlandırma kapsamı dışı. Bu kare tarım alanı olarak sınıflanmış, orman rehabilitasyonu hedefi değil.",Öncelik sıralamasına dahil edilmiyor.,False
EGE_2021_05_000311,IZLE,ESKIDEN_ORMAN_DEGIL,,,prediction_status=low_severity,"İzle, müdahale etme. Yangın bu kareyi ağır yakmamış (düşük şiddet, dNBR 0,14).","Model bu rejimde tahmin üretmiyor. Kendi toparlanması bekleniyor, müdahale listesine alınmıyor. Yangın öncesi örtü otlak ve çalılık idi; orman kurma değil, mevcut örtünün onarımı düşünülmeli.",True
EGE_2021_05_000312,IZLE,ESKIDEN_ORMAN_DEGIL,,,prediction_status=low_severity,"İzle, müdahale etme. Yangın bu kareyi ağır yakmamış (düşük şiddet, dNBR 0,11).","Model bu rejimde tahmin üretmiyor. Kendi toparlanması bekleniyor, müdahale listesine alınmıyor. Yangın öncesi örtü otlak ve çalılık idi; orman kurma değil, mevcut örtünün onarımı düşünülmeli.",True
EGE_2021_05_000344,IZLE,,,,prediction_status=low_severity,"İzle, müdahale etme. Yangın bu kareyi ağır yakmamış (düşük şiddet, dNBR 0,24).","Model bu rejimde tahmin üretmiyor. Kendi toparlanması bekleniyor, müdahale listesine alınmıyor.",True
EGE_2021_05_000410,IZLE,ESKIDEN_ORMAN_DEGIL,,,prediction_status=low_severity,"İzle, müdahale etme. Yangın bu kareyi ağır yakmamış (düşük şiddet, dNBR 0,11).","Model bu rejimde tahmin üretmiyor. Kendi toparlanması bekleniyor, müdahale listesine alınmıyor. Yangın öncesi örtü otlak ve çalılık idi; orman kurma değil, mevcut örtünün onarımı düşünülmeli.",True
EGE_2021_05_000469,IZLE,ESKIDEN_ORMAN_DEGIL,,,prediction_status=low_severity,"İzle, müdahale etme. Yangın bu kareyi ağır yakmamış (düşük şiddet, dNBR 0,12).","Model bu rejimde tahmin üretmiyor. Kendi toparlanması bekleniyor, müdahale listesine alınmıyor. Yangın öncesi örtü otlak ve çalılık idi; orman kurma değil, mevcut örtünün onarımı düşünülmeli.",True
EGE_2021_05_000554,IZLE,ESKIDEN_ORMAN_DEGIL,,,prediction_status=low_severity,"İzle, müdahale etme. Yangın bu kareyi ağır yakmamış (düşük şiddet, dNBR 0,10).","Model bu rejimde tahmin üretmiyor. Kendi toparlanması bekleniyor, müdahale listesine alınmıyor. Yangın öncesi örtü otlak ve çalılık idi; orman kurma değil, mevcut örtünün onarımı düşünülmeli.",True
EGE_2021_05_001001,IZLE,ESKIDEN_ORMAN_DEGIL,,,prediction_status=low_severity,"İzle, müdahale etme. Yangın bu kareyi ağır yakmamış (düşük şiddet, dNBR 0,20).","Model bu rejimde tahmin üretmiyor. Kendi toparlanması bekleniyor, müdahale listesine alınmıyor. Yangın öncesi örtü otlak ve çalılık idi; orman kurma değil, mevcut örtünün onarımı düşünülmeli.",True
EGE_2021_05_001002,IZLE,ESKIDEN_ORMAN_DEGIL,,,prediction_status=low_severity,"İzle, müdahale etme. Yangın bu kareyi ağır yakmamış (düşük şiddet, dNBR 0,13).","Model bu rejimde tahmin üretmiyor. Kendi toparlanması bekleniyor, müdahale listesine alınmıyor. Yangın öncesi örtü otlak ve çalılık idi; orman kurma değil, mevcut örtünün onarımı düşünülmeli.",True
EGE_2021_05_001060,IZLE,ESKIDEN_ORMAN_DEGIL,,,prediction_status=low_severity,"İzle, müdahale etme. Yangın bu kareyi ağır yakmamış (düşük şiddet, dNBR 0,15).","Model bu rejimde tahmin üretmiyor. Kendi toparlanması bekleniyor, müdahale listesine alınmıyor. Yangın öncesi örtü otlak ve çalılık idi; orman kurma değil, mevcut örtünün onarımı düşünülmeli.",True
EGE_2021_05_001061,IZLE,ESKIDEN_ORMAN_DEGIL,,,prediction_status=low_severity,"İzle, müdahale etme. Yangın bu kareyi ağır yakmamış (düşük şiddet, dNBR 0,14).","Model bu rejimde tahmin üretmiyor. Kendi toparlanması bekleniyor, müdahale listesine alınmıyor. Yangın öncesi örtü otlak ve çalılık idi; orman kurma değil, mevcut örtünün onarımı düşünülmeli.",True
EGE_2021_05_001234,IZLE,,,,prediction_status=low_severity,"İzle, müdahale etme. Yangın bu kareyi ağır yakmamış (düşük şiddet, dNBR 0,26).","Model bu rejimde tahmin üretmiyor. Kendi toparlanması bekleniyor, müdahale listesine alınmıyor.",True
EGE_2021_05_001235,IZLE,,,,prediction_status=low_severity,"İzle, müdahale etme. Yangın bu kareyi ağır yakmamış (düşük şiddet, dNBR 0,24).","Model bu rejimde tahmin üretmiyor. Kendi toparlanması bekleniyor, müdahale listesine alınmıyor.",True
EGE_2021_05_001236,IZLE,,,,prediction_status=low_severity,"İzle, müdahale etme. Yangın bu kareyi ağır yakmamış (düşük şiddet, dNBR 0,19).","Model bu rejimde tahmin üretmiyor. Kendi toparlanması bekleniyor, müdahale listesine alınmıyor.",True
EGE_2021_05_001240,IZLE,ESKIDEN_ORMAN_DEGIL,,,prediction_status=low_severity,"İzle, müdahale etme. Yangın bu kareyi ağır yakmamış (düşük şiddet, dNBR 0,12).","Model bu rejimde tahmin üretmiyor. Kendi toparlanması bekleniyor, müdahale listesine alınmıyor. Yangın öncesi örtü otlak ve çalılık idi; orman kurma değil, mevcut örtünün onarımı düşünülmeli.",True
EGE_2021_05_001291,IZLE,,,,prediction_status=low_severity,"İzle, müdahale etme. Yangın bu kareyi ağır yakmamış (düşük şiddet, dNBR 0,16).","Model bu rejimde tahmin üretmiyor. Kendi toparlanması bekleniyor, müdahale listesine alınmıyor.",True
EGE_2021_05_001292,ONCELIGE_GORE,,0.4044,,toparlanma=0.40 0.35..0.50,Öncelik sırasına göre değerlendir. Kısmi toparlanma bekleniyor; müdahale kararı bütçeye ve sıraya bağlı.,Modelin tahminine göre yangın öncesi örtünün %40 kadarı iki yılda geri gelecek. Ne kendi kapanacak kadar iyi ne de acil müdahale gerektirecek kadar kötü — öncelik skoru bu kareyi sıranın neresine koyduğuna bakın.,True
EGE_2021_05_001293,ONCELIGE_GORE,,0.4061,,toparlanma=0.41 0.35..0.50,Öncelik sırasına göre değerlendir. Kısmi toparlanma bekleniyor; müdahale kararı bütçeye ve sıraya bağlı.,Modelin tahminine göre yangın öncesi örtünün %41 kadarı iki yılda geri gelecek. Ne kendi kapanacak kadar iyi ne de acil müdahale gerektirecek kadar kötü — öncelik skoru bu kareyi sıranın neresine koyduğuna bakın.,True
EGE_2021_05_001294,DIKIM_ADAYI,AGIR_YANMIS,0.3212,"kızılçam, fıstıkçamı",toparlanma=0.32 <0.35,"Aktif dikim adayı. Doğal toparlanma zayıf kalıyor, eğim (16,6°) dikime elverişli.","Modelin tahminine göre yangın öncesi örtünün ancak %32 kadarı iki yılda geri gelecek — kendi başına kapanmayacak bir açık var. Yangın orta-yüksek şiddet sınıfında (dNBR 0,59); toprak yüzeyi büyük olasılıkla açıkta. Yetişme ortamı: Ege kuşağı, 371 m, orta eğimli (10–25°). Bu koşullar için önerilen türler: kızılçam, fıstıkçamı. Tür önerisi sistemin çıkarımı değil, dışarıdan verilen tablodan okunmuştur. Tablo: ÖRNEK TABLO — OGM tür-yetişme ortamı rehberi ile değiştirilecek",True
EGE_2021_05_001295,ONCELIGE_GORE,AGIR_YANMIS,0.4156,,toparlanma=0.42 0.35..0.50,Öncelik sırasına göre değerlendir. Kısmi toparlanma bekleniyor; müdahale kararı bütçeye ve sıraya bağlı.,"Modelin tahminine göre yangın öncesi örtünün %42 kadarı iki yılda geri gelecek. Ne kendi kapanacak kadar iyi ne de acil müdahale gerektirecek kadar kötü — öncelik skoru bu kareyi sıranın neresine koyduğuna bakın. Yangın yüksek şiddet sınıfında (dNBR 0,70); toprak yüzeyi büyük olasılıkla açıkta.",True
EGE_2021_05_001296,ONCELIGE_GORE,AGIR_YANMIS,0.3688,,toparlanma=0.37 0.35..0.50,Öncelik sırasına göre değerlendir. Kısmi toparlanma bekleniyor; müdahale kararı bütçeye ve sıraya bağlı.,"Modelin tahminine göre yangın öncesi örtünün %37 kadarı iki yılda geri gelecek. Ne kendi kapanacak kadar iyi ne de acil müdahale gerektirecek kadar kötü — öncelik skoru bu kareyi sıranın neresine koyduğuna bakın. Yangın yüksek şiddet sınıfında (dNBR 0,75); toprak yüzeyi büyük olasılıkla açıkta.",True
EGE_2021_05_001297,ONCELIGE_GORE,AGIR_YANMIS,0.4732,,toparlanma=0.47 0.35..0.50,Öncelik sırasına göre değerlendir. Kısmi toparlanma bekleniyor; müdahale kararı bütçeye ve sıraya bağlı.,"Modelin tahminine göre yangın öncesi örtünün %47 kadarı iki yılda geri gelecek. Ne kendi kapanacak kadar iyi ne de acil müdahale gerektirecek kadar kötü — öncelik skoru bu kareyi sıranın neresine koyduğuna bakın. Yangın orta-yüksek şiddet sınıfında (dNBR 0,53); toprak yüzeyi büyük olasılıkla açıkta.",True
EGE_2021_05_001298,IZLE,,,,prediction_status=low_severity,"İzle, müdahale etme. Yangın bu kareyi ağır yakmamış (orta-düşük şiddet, dNBR 0,30).","Model bu rejimde tahmin üretmiyor. Kendi toparlanması bekleniyor, müdahale listesine alınmıyor.",True
EGE_2021_05_001299,IZLE,ESKIDEN_ORMAN_DEGIL,,,prediction_status=low_severity,"İzle, müdahale etme. Yangın bu kareyi ağır yakmamış (düşük şiddet, dNBR 0,11).","Model bu rejimde tahmin üretmiyor. Kendi toparlanması bekleniyor, müdahale listesine alınmıyor. Yangın öncesi örtü otlak ve çalılık idi; orman kurma değil, mevcut örtünün onarımı düşünülmeli.",True
EGE_2021_05_001347,IZLE,DIK_YAMAC,,,prediction_status=low_severity,"İzle, müdahale etme. Yangın bu kareyi ağır yakmamış (düşük şiddet, dNBR 0,26).","Model bu rejimde tahmin üretmiyor. Kendi toparlanması bekleniyor, müdahale listesine alınmıyor. Eğim 27,2° ile yüksek; makineli çalışma sınırlı olabilir.",True
EGE_2021_05_001348,IZLE,DIK_YAMAC,,,prediction_status=low_severity,"İzle, müdahale etme. Yangın bu kareyi ağır yakmamış (düşük şiddet, dNBR 0,16).","Model bu rejimde tahmin üretmiyor. Kendi toparlanması bekleniyor, müdahale listesine alınmıyor. Eğim 26,5° ile yüksek; makineli çalışma sınırlı olabilir.",True
EGE_2021_05_001350,IZLE,DIK_YAMAC,,,prediction_status=low_severity,"İzle, müdahale etme. Yangın bu kareyi ağır yakmamış (düşük şiddet, dNBR 0,14).","Model bu rejimde tahmin üretmiyor. Kendi toparlanması bekleniyor, müdahale listesine alınmıyor. Eğim 27,3° ile yüksek; makineli çalışma sınırlı olabilir.",True
EGE_2021_05_001351,ONCELIGE_GORE,AGIR_YANMIS,0.4238,,toparlanma=0.42 0.35..0.50,Öncelik sırasına göre değerlendir. Kısmi toparlanma bekleniyor; müdahale kararı bütçeye ve sıraya bağlı.,"Modelin tahminine göre yangın öncesi örtünün %42 kadarı iki yılda geri gelecek. Ne kendi kapanacak kadar iyi ne de acil müdahale gerektirecek kadar kötü — öncelik skoru bu kareyi sıranın neresine koyduğuna bakın. Yangın orta-yüksek şiddet sınıfında (dNBR 0,65); toprak yüzeyi büyük olasılıkla açıkta.",True
EGE_2021_05_001354,DIKIM_ADAYI,AGIR_YANMIS,0.2806,"kızılçam, fıstıkçamı",toparlanma=0.28 <0.35,"Aktif dikim adayı. Doğal toparlanma zayıf kalıyor, eğim (20,2°) dikime elverişli.","Modelin tahminine göre yangın öncesi örtünün ancak %28 kadarı iki yılda geri gelecek — kendi başına kapanmayacak bir açık var. Yangın yüksek şiddet sınıfında (dNBR 0,68); toprak yüzeyi büyük olasılıkla açıkta. Yetişme ortamı: Ege kuşağı, 448 m, orta eğimli (10–25°). Bu koşullar için önerilen türler: kızılçam, fıstıkçamı. Tür önerisi sistemin çıkarımı değil, dışarıdan verilen tablodan okunmuştur. Tablo: ÖRNEK TABLO — OGM tür-yetişme ortamı rehberi ile değiştirilecek",True
EGE_2021_05_001355,DIKIM_ADAYI,AGIR_YANMIS,0.2903,"kızılçam, fıstıkçamı",toparlanma=0.29 <0.35,"Aktif dikim adayı. Doğal toparlanma zayıf kalıyor, eğim (14,7°) dikime elverişli.","Modelin tahminine göre yangın öncesi örtünün ancak %29 kadarı iki yılda geri gelecek — kendi başına kapanmayacak bir açık var. Yangın yüksek şiddet sınıfında (dNBR 0,67); toprak yüzeyi büyük olasılıkla açıkta. Yetişme ortamı: Ege kuşağı, 439 m, orta eğimli (10–25°). Bu koşullar için önerilen türler: kızılçam, fıstıkçamı. Tür önerisi sistemin çıkarımı değil, dışarıdan verilen tablodan okunmuştur. Tablo: ÖRNEK TABLO — OGM tür-yetişme ortamı rehberi ile değiştirilecek",True
EGE_2021_05_001356,DIKIM_ADAYI,AGIR_YANMIS,0.3165,"kızılçam, fıstıkçamı",toparlanma=0.32 <0.35,"Aktif dikim adayı. Doğal toparlanma zayıf kalıyor, eğim (12,4°) dikime elverişli.","Modelin tahminine göre yangın öncesi örtünün ancak %32 kadarı iki yılda geri gelecek — kendi başına kapanmayacak bir açık var. Yangın yüksek şiddet sınıfında (dNBR 0,86); toprak yüzeyi büyük olasılıkla açıkta. Yetişme ortamı: Ege kuşağı, 433 m, orta eğimli (10–25°). Bu koşullar için önerilen türler: kızılçam, fıstıkçamı. Tür önerisi sistemin çıkarımı değil, dışarıdan verilen tablodan okunmuştur. Tablo: ÖRNEK TABLO — OGM tür-yetişme ortamı rehberi ile değiştirilecek",True
EGE_2021_05_001357,DIKIM_ADAYI,AGIR_YANMIS,0.3329,"kızılçam, fıstıkçamı",toparlanma=0.33 <0.35,"Aktif dikim adayı. Doğal toparlanma zayıf kalıyor, eğim (13,1°) dikime elverişli.","Modelin tahminine göre yangın öncesi örtünün ancak %33 kadarı iki yılda geri gelecek — kendi başına kapanmayacak bir açık var. Yangın yüksek şiddet sınıfında (dNBR 0,84); toprak yüzeyi büyük olasılıkla açıkta. Yetişme ortamı: Ege kuşağı, 418 m, orta eğimli (10–25°). Bu koşullar için önerilen türler: kızılçam, fıstıkçamı. Tür önerisi sistemin çıkarımı değil, dışarıdan verilen tablodan okunmuştur. Tablo: ÖRNEK TABLO — OGM tür-yetişme ortamı rehberi ile değiştirilecek",True
EGE_2021_05_001358,ONCELIGE_GORE,AGIR_YANMIS,0.4225,,toparlanma=0.42 0.35..0.50,Öncelik sırasına göre değerlendir. Kısmi toparlanma bekleniyor; müdahale kararı bütçeye ve sıraya bağlı.,"Modelin tahminine göre yangın öncesi örtünün %42 kadarı iki yılda geri gelecek. Ne kendi kapanacak kadar iyi ne de acil müdahale gerektirecek kadar kötü — öncelik skoru bu kareyi sıranın neresine koyduğuna bakın. Yangın orta-yüksek şiddet sınıfında (dNBR 0,64); toprak yüzeyi büyük olasılıkla açıkta.",True
EGE_2021_05_001359,IZLE,ESKIDEN_ORMAN_DEGIL,,,prediction_status=low_severity,"İzle, müdahale etme. Yangın bu kareyi ağır yakmamış (düşük şiddet, dNBR 0,18).","Model bu rejimde tahmin üretmiyor. Kendi toparlanması bekleniyor, müdahale listesine alınmıyor. Yangın öncesi örtü otlak ve çalılık idi; orman kurma değil, mevcut örtünün onarımı düşünülmeli.",True
EGE_2021_05_001405,IZLE,DIK_YAMAC,,,prediction_status=low_severity,"İzle, müdahale etme. Yangın bu kareyi ağır yakmamış (düşük şiddet, dNBR 0,10).","Model bu rejimde tahmin üretmiyor. Kendi toparlanması bekleniyor, müdahale listesine alınmıyor. Eğim 29,4° ile yüksek; makineli çalışma sınırlı olabilir.",True
EGE_2021_05_001406,ONCELIGE_GORE,DIK_YAMAC,0.4508,,toparlanma=0.45 0.35..0.50,Öncelik sırasına göre değerlendir. Kısmi toparlanma bekleniyor; müdahale kararı bütçeye ve sıraya bağlı.,"Modelin tahminine göre yangın öncesi örtünün %45 kadarı iki yılda geri gelecek. Ne kendi kapanacak kadar iyi ne de acil müdahale gerektirecek kadar kötü — öncelik skoru bu kareyi sıranın neresine koyduğuna bakın. Eğim 28,7° ile yüksek; makineli çalışma sınırlı olabilir.",True
EGE_2021_05_001407,IZLE,DIK_YAMAC,,,prediction_status=low_severity,"İzle, müdahale etme. Yangın bu kareyi ağır yakmamış (düşük şiddet, dNBR 0,23).","Model bu rejimde tahmin üretmiyor. Kendi toparlanması bekleniyor, müdahale listesine alınmıyor. Eğim 30,4° ile yüksek; makineli çalışma sınırlı olabilir.",True
EGE_2021_05_001408,IZLE,DIK_YAMAC,,,prediction_status=low_severity,"İzle, müdahale etme. Yangın bu kareyi ağır yakmamış (düşük şiddet, dNBR 0,16).","Model bu rejimde tahmin üretmiyor. Kendi toparlanması bekleniyor, müdahale listesine alınmıyor. Eğim 30,3° ile yüksek; makineli çalışma sınırlı olabilir.",True
EGE_2021_05_001409,GENCLESME_IZLE,DIK_YAMAC,0.507,,toparlanma=0.51 >=0.50,Doğal gençleşmeyi izle. Doğal toparlanma yeterli görünüyor.,"Modelin tahminine göre yangın öncesi örtünün %51 kadarı iki yılda geri geliyor — bu yangınlarda ölçtüğümüz tipik toparlanmanın üstünde. Müdahale yerine izleme öneriliyor; kaynak daha zayıf karelere ayrılmalı. Eğim 29,5° ile yüksek; makineli çalışma sınırlı olabilir.",True
EGE_2021_05_001411,DIKIM_ADAYI,AGIR_YANMIS,0.2676,"kızılçam, fıstıkçamı",toparlanma=0.27 <0.35,"Aktif dikim adayı. Doğal toparlanma zayıf kalıyor, eğim (23,0°) dikime elverişli.","Modelin tahminine göre yangın öncesi örtünün ancak %27 kadarı iki yılda geri gelecek — kendi başına kapanmayacak bir açık var. Yangın yüksek şiddet sınıfında (dNBR 0,93); toprak yüzeyi büyük olasılıkla açıkta. Yetişme ortamı: Ege kuşağı, 629 m, orta eğimli (10–25°). Bu koşullar için önerilen türler: kızılçam, fıstıkçamı. Tür önerisi sistemin çıkarımı değil, dışarıdan verilen tablodan okunmuştur. Tablo: ÖRNEK TABLO — OGM tür-yetişme ortamı rehberi ile değiştirilecek",True
EGE_2021_05_001413,EROZYON_ONCE,AGIR_YANMIS,0.2388,"kızılçam, fıstıkçamı",toparlanma=0.24 egim=27.8>=25 <0.35,"Önce erozyon kontrolü. Ağır etkilenmiş ve eğim 27,8° — dikimden önce toprak tutma önlemi gerekiyor.","Modelin tahminine göre yangın öncesi örtünün ancak %24 kadarı iki yılda geri gelecek. Dik yamaçta çıplak toprak ilk sağanakta taşınır; stabilizasyon yapılmadan yapılan dikim de birlikte gider. Yangın yüksek şiddet sınıfında (dNBR 0,96); toprak yüzeyi büyük olasılıkla açıkta. Yetişme ortamı: Ege kuşağı, 600 m, dik yamaç (25°+). Bu koşullar için önerilen türler: kızılçam, fıstıkçamı. Tür önerisi sistemin çıkarımı değil, dışarıdan verilen tablodan okunmuştur. Tablo: ÖRNEK TABLO — OGM tür-yetişme ortamı rehberi ile değiştirilecek",True
EGE_2021_05_001414,EROZYON_ONCE,AGIR_YANMIS,0.2703,"kızılçam, fıstıkçamı",toparlanma=0.27 egim=28.3>=25 <0.35,"Önce erozyon kontrolü. Ağır etkilenmiş ve eğim 28,3° — dikimden önce toprak tutma önlemi gerekiyor.","Modelin tahminine göre yangın öncesi örtünün ancak %27 kadarı iki yılda geri gelecek. Dik yamaçta çıplak toprak ilk sağanakta taşınır; stabilizasyon yapılmadan yapılan dikim de birlikte gider. Yangın yüksek şiddet sınıfında (dNBR 0,86); toprak yüzeyi büyük olasılıkla açıkta. Yetişme ortamı: Ege kuşağı, 561 m, dik yamaç (25°+). Bu koşullar için önerilen türler: kızılçam, fıstıkçamı. Tür önerisi sistemin çıkarımı değil, dışarıdan verilen tablodan okunmuştur. Tablo: ÖRNEK TABLO — OGM tür-yetişme ortamı rehberi ile değiştirilecek",True
EGE_2021_05_001415,DIKIM_ADAYI,AGIR_YANMIS,0.2734,"kızılçam, fıstıkçamı",toparlanma=0.27 <0.35,"Aktif dikim adayı. Doğal toparlanma zayıf kalıyor, eğim (20,3°) dikime elverişli.","Modelin tahminine göre yangın öncesi örtünün ancak %27 kadarı iki yılda geri gelecek — kendi başına kapanmayacak bir açık var. Yangın yüksek şiddet sınıfında (dNBR 0,82); toprak yüzeyi büyük olasılıkla açıkta. Yetişme ortamı: Ege kuşağı, 509 m, orta eğimli (10–25°). Bu koşullar için önerilen türler: kızılçam, fıstıkçamı. Tür önerisi sistemin çıkarımı değil, dışarıdan verilen tablodan okunmuştur. Tablo: ÖRNEK TABLO — OGM tür-yetişme ortamı rehberi ile değiştirilecek",True
EGE_2021_05_001416,DIKIM_ADAYI,,0.1739,"kızılçam, fıstıkçamı",toparlanma=0.17 <0.35,"Aktif dikim adayı. Doğal toparlanma zayıf kalıyor, eğim (13,6°) dikime elverişli.","Modelin tahminine göre yangın öncesi örtünün ancak %17 kadarı iki yılda geri gelecek — kendi başına kapanmayacak bir açık var. Yetişme ortamı: Ege kuşağı, 482 m, orta eğimli (10–25°). Bu koşullar için önerilen türler: kızılçam, fıstıkçamı. Tür önerisi sistemin çıkarımı değil, dışarıdan verilen tablodan okunmuştur. Tablo: ÖRNEK TABLO — OGM tür-yetişme ortamı rehberi ile değiştirilecek",True
EGE_2021_05_001417,IZLE,,,,prediction_status=low_severity,"İzle, müdahale etme. Yangın bu kareyi ağır yakmamış (düşük şiddet, dNBR 0,27).","Model bu rejimde tahmin üretmiyor. Kendi toparlanması bekleniyor, müdahale listesine alınmıyor.",True
EGE_2021_05_001418,ONCELIGE_GORE,AGIR_YANMIS,0.4083,,toparlanma=0.41 0.35..0.50,Öncelik sırasına göre değerlendir. Kısmi toparlanma bekleniyor; müdahale kararı bütçeye ve sıraya bağlı.,"Modelin tahminine göre yangın öncesi örtünün %41 kadarı iki yılda geri gelecek. Ne kendi kapanacak kadar iyi ne de acil müdahale gerektirecek kadar kötü — öncelik skoru bu kareyi sıranın neresine koyduğuna bakın. Yangın orta-yüksek şiddet sınıfında (dNBR 0,58); toprak yüzeyi büyük olasılıkla açıkta.",True
EGE_2021_05_001419,GENCLESME_IZLE,,0.5661,,toparlanma=0.57 >=0.50,Doğal gençleşmeyi izle. Doğal toparlanma yeterli görünüyor.,Modelin tahminine göre yangın öncesi örtünün %57 kadarı iki yılda geri geliyor — bu yangınlarda ölçtüğümüz tipik toparlanmanın üstünde. Müdahale yerine izleme öneriliyor; kaynak daha zayıf karelere ayrılmalı.,True
EGE_2021_05_001420,IZLE,,,,prediction_status=low_severity,"İzle, müdahale etme. Yangın bu kareyi ağır yakmamış (düşük şiddet, dNBR 0,21).","Model bu rejimde tahmin üretmiyor. Kendi toparlanması bekleniyor, müdahale listesine alınmıyor.",True
EGE_2021_05_001464,IZLE,,,,prediction_status=low_severity,"İzle, müdahale etme. Yangın bu kareyi ağır yakmamış (düşük şiddet, dNBR 0,21).","Model bu rejimde tahmin üretmiyor. Kendi toparlanması bekleniyor, müdahale listesine alınmıyor.",True
EGE_2021_05_001465,ONCELIGE_GORE,,0.463,,toparlanma=0.46 0.35..0.50,Öncelik sırasına göre değerlendir. Kısmi toparlanma bekleniyor; müdahale kararı bütçeye ve sıraya bağlı.,Modelin tahminine göre yangın öncesi örtünün %46 kadarı iki yılda geri gelecek. Ne kendi kapanacak kadar iyi ne de acil müdahale gerektirecek kadar kötü — öncelik skoru bu kareyi sıranın neresine koyduğuna bakın.,True
EGE_2021_05_001466,EROZYON_ONCE,AGIR_YANMIS,0.3285,"karaçam, sedir",toparlanma=0.33 egim=26.3>=25 <0.35,"Önce erozyon kontrolü. Ağır etkilenmiş ve eğim 26,3° — dikimden önce toprak tutma önlemi gerekiyor.","Modelin tahminine göre yangın öncesi örtünün ancak %33 kadarı iki yılda geri gelecek. Dik yamaçta çıplak toprak ilk sağanakta taşınır; stabilizasyon yapılmadan yapılan dikim de birlikte gider. Yangın yüksek şiddet sınıfında (dNBR 0,69); toprak yüzeyi büyük olasılıkla açıkta. Yetişme ortamı: Ege kuşağı, 961 m, dik yamaç (25°+). Bu koşullar için önerilen türler: karaçam, sedir. Tür önerisi sistemin çıkarımı değil, dışarıdan verilen tablodan okunmuştur. Tablo: ÖRNEK TABLO — OGM tür-yetişme ortamı rehberi ile değiştirilecek",True
EGE_2021_05_001467,ONCELIGE_GORE,DIK_YAMAC,0.4403,,toparlanma=0.44 0.35..0.50,Öncelik sırasına göre değerlendir. Kısmi toparlanma bekleniyor; müdahale kararı bütçeye ve sıraya bağlı.,"Modelin tahminine göre yangın öncesi örtünün %44 kadarı iki yılda geri gelecek. Ne kendi kapanacak kadar iyi ne de acil müdahale gerektirecek kadar kötü — öncelik skoru bu kareyi sıranın neresine koyduğuna bakın. Eğim 25,9° ile yüksek; makineli çalışma sınırlı olabilir.",True
EGE_2021_05_001469,IZLE,SEYREK_ORTU,,,prediction_status=low_severity,"İzle, müdahale etme. Yangın bu kareyi ağır yakmamış (düşük şiddet, dNBR 0,23).","Model bu rejimde tahmin üretmiyor. Kendi toparlanması bekleniyor, müdahale listesine alınmıyor. Yangın öncesi ağaç örtüsü zaten seyrekti (%26) — buradaki açığın tamamı yangından kaynaklanmıyor olabilir.",True
EGE_2021_05_001470,EROZYON_ONCE,AGIR_YANMIS,0.2946,"kızılçam, fıstıkçamı",toparlanma=0.29 egim=26.8>=25 <0.35,"Önce erozyon kontrolü. Ağır etkilenmiş ve eğim 26,8° — dikimden önce toprak tutma önlemi gerekiyor.","Modelin tahminine göre yangın öncesi örtünün ancak %29 kadarı iki yılda geri gelecek. Dik yamaçta çıplak toprak ilk sağanakta taşınır; stabilizasyon yapılmadan yapılan dikim de birlikte gider. Yangın orta-yüksek şiddet sınıfında (dNBR 0,44); toprak yüzeyi büyük olasılıkla açıkta. Yetişme ortamı: Ege kuşağı, 793 m, dik yamaç (25°+). Bu koşullar için önerilen türler: kızılçam, fıstıkçamı. Tür önerisi sistemin çıkarımı değil, dışarıdan verilen tablodan okunmuştur. Tablo: ÖRNEK TABLO — OGM tür-yetişme ortamı rehberi ile değiştirilecek",True
EGE_2021_05_001471,EROZYON_ONCE,AGIR_YANMIS,0.3251,"kızılçam, fıstıkçamı",toparlanma=0.33 egim=29.8>=25 <0.35,"Önce erozyon kontrolü. Ağır etkilenmiş ve eğim 29,8° — dikimden önce toprak tutma önlemi gerekiyor.","Modelin tahminine göre yangın öncesi örtünün ancak %33 kadarı iki yılda geri gelecek. Dik yamaçta çıplak toprak ilk sağanakta taşınır; stabilizasyon yapılmadan yapılan dikim de birlikte gider. Yangın yüksek şiddet sınıfında (dNBR 0,72); toprak yüzeyi büyük olasılıkla açıkta. Yetişme ortamı: Ege kuşağı, 729 m, dik yamaç (25°+). Bu koşullar için önerilen türler: kızılçam, fıstıkçamı. Tür önerisi sistemin çıkarımı değil, dışarıdan verilen tablodan okunmuştur. Tablo: ÖRNEK TABLO — OGM tür-yetişme ortamı rehberi ile değiştirilecek",True
EGE_2021_05_001472,DIKIM_ADAYI,AGIR_YANMIS,0.3205,"kızılçam, fıstıkçamı",toparlanma=0.32 <0.35,"Aktif dikim adayı. Doğal toparlanma zayıf kalıyor, eğim (23,0°) dikime elverişli.","Modelin tahminine göre yangın öncesi örtünün ancak %32 kadarı iki yılda geri gelecek — kendi başına kapanmayacak bir açık var. Yangın yüksek şiddet sınıfında (dNBR 0,78); toprak yüzeyi büyük olasılıkla açıkta. Yetişme ortamı: Ege kuşağı, 716 m, orta eğimli (10–25°). Bu koşullar için önerilen türler: kızılçam, fıstıkçamı. Tür önerisi sistemin çıkarımı değil, dışarıdan verilen tablodan okunmuştur. Tablo: ÖRNEK TABLO — OGM tür-yetişme ortamı rehberi ile değiştirilecek",True
EGE_2021_05_001473,EROZYON_ONCE,AGIR_YANMIS,0.3031,"kızılçam, fıstıkçamı",toparlanma=0.30 egim=28.6>=25 <0.35,"Önce erozyon kontrolü. Ağır etkilenmiş ve eğim 28,6° — dikimden önce toprak tutma önlemi gerekiyor.","Modelin tahminine göre yangın öncesi örtünün ancak %30 kadarı iki yılda geri gelecek. Dik yamaçta çıplak toprak ilk sağanakta taşınır; stabilizasyon yapılmadan yapılan dikim de birlikte gider. Yangın yüksek şiddet sınıfında (dNBR 0,81); toprak yüzeyi büyük olasılıkla açıkta. Yetişme ortamı: Ege kuşağı, 723 m, dik yamaç (25°+). Bu koşullar için önerilen türler: kızılçam, fıstıkçamı. Tür önerisi sistemin çıkarımı değil, dışarıdan verilen tablodan okunmuştur. Tablo: ÖRNEK TABLO — OGM tür-yetişme ortamı rehberi ile değiştirilecek",True
EGE_2021_05_001474,EROZYON_ONCE,AGIR_YANMIS,0.2302,"kızılçam, fıstıkçamı",toparlanma=0.23 egim=29.6>=25 <0.35,"Önce erozyon kontrolü. Ağır etkilenmiş ve eğim 29,6° — dikimden önce toprak tutma önlemi gerekiyor.","Modelin tahminine göre yangın öncesi örtünün ancak %23 kadarı iki yılda geri gelecek. Dik yamaçta çıplak toprak ilk sağanakta taşınır; stabilizasyon yapılmadan yapılan dikim de birlikte gider. Yangın yüksek şiddet sınıfında (dNBR 0,81); toprak yüzeyi büyük olasılıkla açıkta. Yetişme ortamı: Ege kuşağı, 674 m, dik yamaç (25°+). Bu koşullar için önerilen türler: kızılçam, fıstıkçamı. Tür önerisi sistemin çıkarımı değil, dışarıdan verilen tablodan okunmuştur. Tablo: ÖRNEK TABLO — OGM tür-yetişme ortamı rehberi ile değiştirilecek",True
EGE_2021_05_001475,EROZYON_ONCE,AGIR_YANMIS,0.251,"kızılçam, fıstıkçamı",toparlanma=0.25 egim=25.9>=25 <0.35,"Önce erozyon kontrolü. Ağır etkilenmiş ve eğim 25,9° — dikimden önce toprak tutma önlemi gerekiyor.","Modelin tahminine göre yangın öncesi örtünün ancak %25 kadarı iki yılda geri gelecek. Dik yamaçta çıplak toprak ilk sağanakta taşınır; stabilizasyon yapılmadan yapılan dikim de birlikte gider. Yangın orta-yüksek şiddet sınıfında (dNBR 0,64); toprak yüzeyi büyük olasılıkla açıkta. Yetişme ortamı: Ege kuşağı, 607 m, dik yamaç (25°+). Bu koşullar için önerilen türler: kızılçam, fıstıkçamı. Tür önerisi sistemin çıkarımı değil, dışarıdan verilen tablodan okunmuştur. Tablo: ÖRNEK TABLO — OGM tür-yetişme ortamı rehberi ile değiştirilecek",True
EGE_2021_05_001476,IZLE,,,,prediction_status=low_severity,"İzle, müdahale etme. Yangın bu kareyi ağır yakmamış (düşük şiddet, dNBR 0,24).","Model bu rejimde tahmin üretmiyor. Kendi toparlanması bekleniyor, müdahale listesine alınmıyor.",True
EGE_2021_05_001478,IZLE,,,,prediction_status=low_severity,"İzle, müdahale etme. Yangın bu kareyi ağır yakmamış (orta-düşük şiddet, dNBR 0,28).","Model bu rejimde tahmin üretmiyor. Kendi toparlanması bekleniyor, müdahale listesine alınmıyor.",True
EGE_2021_05_001479,ONCELIGE_GORE,AGIR_YANMIS,0.4149,,toparlanma=0.41 0.35..0.50,Öncelik sırasına göre değerlendir. Kısmi toparlanma bekleniyor; müdahale kararı bütçeye ve sıraya bağlı.,"Modelin tahminine göre yangın öncesi örtünün %41 kadarı iki yılda geri gelecek. Ne kendi kapanacak kadar iyi ne de acil müdahale gerektirecek kadar kötü — öncelik skoru bu kareyi sıranın neresine koyduğuna bakın. Yangın yüksek şiddet sınıfında (dNBR 0,68); toprak yüzeyi büyük olasılıkla açıkta.",True
EGE_2021_05_001480,ONCELIGE_GORE,AGIR_YANMIS,0.3888,,toparlanma=0.39 0.35..0.50,Öncelik sırasına göre değerlendir. Kısmi toparlanma bekleniyor; müdahale kararı bütçeye ve sıraya bağlı.,"Modelin tahminine göre yangın öncesi örtünün %39 kadarı iki yılda geri gelecek. Ne kendi kapanacak kadar iyi ne de acil müdahale gerektirecek kadar kötü — öncelik skoru bu kareyi sıranın neresine koyduğuna bakın. Yangın orta-yüksek şiddet sınıfında (dNBR 0,59); toprak yüzeyi büyük olasılıkla açıkta.",True
EGE_2021_05_001524,IZLE,,,,prediction_status=low_severity,"İzle, müdahale etme. Yangın bu kareyi ağır yakmamış (düşük şiddet, dNBR 0,23).","Model bu rejimde tahmin üretmiyor. Kendi toparlanması bekleniyor, müdahale listesine alınmıyor.",True
EGE_2021_05_001525,ONCELIGE_GORE,,0.4003,,toparlanma=0.40 0.35..0.50,Öncelik sırasına göre değerlendir. Kısmi toparlanma bekleniyor; müdahale kararı bütçeye ve sıraya bağlı.,Modelin tahminine göre yangın öncesi örtünün %40 kadarı iki yılda geri gelecek. Ne kendi kapanacak kadar iyi ne de acil müdahale gerektirecek kadar kötü — öncelik skoru bu kareyi sıranın neresine koyduğuna bakın.,True
EGE_2021_05_001526,DIKIM_ADAYI,AGIR_YANMIS,0.1924,"karaçam, sedir",toparlanma=0.19 <0.35,"Aktif dikim adayı. Doğal toparlanma zayıf kalıyor, eğim (17,1°) dikime elverişli.","Modelin tahminine göre yangın öncesi örtünün ancak %19 kadarı iki yılda geri gelecek — kendi başına kapanmayacak bir açık var. Yangın yüksek şiddet sınıfında (dNBR 0,73); toprak yüzeyi büyük olasılıkla açıkta. Yetişme ortamı: Ege kuşağı, 1033 m, orta eğimli (10–25°). Bu koşullar için önerilen türler: karaçam, sedir. Tür önerisi sistemin çıkarımı değil, dışarıdan verilen tablodan okunmuştur. Tablo: ÖRNEK TABLO — OGM tür-yetişme ortamı rehberi ile değiştirilecek",True
EGE_2021_05_001527,DIKIM_ADAYI,AGIR_YANMIS,0.2258,"karaçam, sedir",toparlanma=0.23 <0.35,"Aktif dikim adayı. Doğal toparlanma zayıf kalıyor, eğim (16,8°) dikime elverişli.","Modelin tahminine göre yangın öncesi örtünün ancak %23 kadarı iki yılda geri gelecek — kendi başına kapanmayacak bir açık var. Yangın orta-yüksek şiddet sınıfında (dNBR 0,60); toprak yüzeyi büyük olasılıkla açıkta. Yetişme ortamı: Ege kuşağı, 1014 m, orta eğimli (10–25°). Bu koşullar için önerilen türler: karaçam, sedir. Tür önerisi sistemin çıkarımı değil, dışarıdan verilen tablodan okunmuştur. Tablo: ÖRNEK TABLO — OGM tür-yetişme ortamı rehberi ile değiştirilecek",True
EGE_2021_05_001528,IZLE,SEYREK_ORTU,,,prediction_status=low_severity,"İzle, müdahale etme. Yangın bu kareyi ağır yakmamış (orta-düşük şiddet, dNBR 0,30).","Model bu rejimde tahmin üretmiyor. Kendi toparlanması bekleniyor, müdahale listesine alınmıyor. Yangın öncesi ağaç örtüsü zaten seyrekti (%28) — buradaki açığın tamamı yangından kaynaklanmıyor olabilir.",True
EGE_2021_05_001530,EROZYON_ONCE,AGIR_YANMIS,0.3438,"karaçam, sedir",toparlanma=0.34 egim=27.4>=25 <0.35,"Önce erozyon kontrolü. Ağır etkilenmiş ve eğim 27,4° — dikimden önce toprak tutma önlemi gerekiyor.","Modelin tahminine göre yangın öncesi örtünün ancak %34 kadarı iki yılda geri gelecek. Dik yamaçta çıplak toprak ilk sağanakta taşınır; stabilizasyon yapılmadan yapılan dikim de birlikte gider. Yangın orta-yüksek şiddet sınıfında (dNBR 0,46); toprak yüzeyi büyük olasılıkla açıkta. Yetişme ortamı: Ege kuşağı, 918 m, dik yamaç (25°+). Bu koşullar için önerilen türler: karaçam, sedir. Tür önerisi sistemin çıkarımı değil, dışarıdan verilen tablodan okunmuştur. Tablo: ÖRNEK TABLO — OGM tür-yetişme ortamı rehberi ile değiştirilecek",True
EGE_2021_05_001531,EROZYON_ONCE,AGIR_YANMIS,0.3246,"karaçam, sedir",toparlanma=0.32 egim=30.3>=25 <0.35,"Önce erozyon kontrolü. Ağır etkilenmiş ve eğim 30,3° — dikimden önce toprak tutma önlemi gerekiyor.","Modelin tahminine göre yangın öncesi örtünün ancak %32 kadarı iki yılda geri gelecek. Dik yamaçta çıplak toprak ilk sağanakta taşınır; stabilizasyon yapılmadan yapılan dikim de birlikte gider. Yangın yüksek şiddet sınıfında (dNBR 0,87); toprak yüzeyi büyük olasılıkla açıkta. Yetişme ortamı: Ege kuşağı, 865 m, dik yamaç (25°+). Bu koşullar için önerilen türler: karaçam, sedir. Tür önerisi sistemin çıkarımı değil, dışarıdan verilen tablodan okunmuştur. Tablo: ÖRNEK TABLO — OGM tür-yetişme ortamı rehberi ile değiştirilecek",True
EGE_2021_05_001533,EROZYON_ONCE,AGIR_YANMIS,0.3109,"karaçam, sedir",toparlanma=0.31 egim=28.3>=25 <0.35,"Önce erozyon kontrolü. Ağır etkilenmiş ve eğim 28,3° — dikimden önce toprak tutma önlemi gerekiyor.","Modelin tahminine göre yangın öncesi örtünün ancak %31 kadarı iki yılda geri gelecek. Dik yamaçta çıplak toprak ilk sağanakta taşınır; stabilizasyon yapılmadan yapılan dikim de birlikte gider. Yangın yüksek şiddet sınıfında (dNBR 0,76); toprak yüzeyi büyük olasılıkla açıkta. Yetişme ortamı: Ege kuşağı, 867 m, dik yamaç (25°+). Bu koşullar için önerilen türler: karaçam, sedir. Tür önerisi sistemin çıkarımı değil, dışarıdan verilen tablodan okunmuştur. Tablo: ÖRNEK TABLO — OGM tür-yetişme ortamı rehberi ile değiştirilecek",True
EGE_2021_05_001534,EROZYON_ONCE,AGIR_YANMIS,0.299,"kızılçam, fıstıkçamı",toparlanma=0.30 egim=26.7>=25 <0.35,"Önce erozyon kontrolü. Ağır etkilenmiş ve eğim 26,7° — dikimden önce toprak tutma önlemi gerekiyor.","Modelin tahminine göre yangın öncesi örtünün ancak %30 kadarı iki yılda geri gelecek. Dik yamaçta çıplak toprak ilk sağanakta taşınır; stabilizasyon yapılmadan yapılan dikim de birlikte gider. Yangın yüksek şiddet sınıfında (dNBR 0,73); toprak yüzeyi büyük olasılıkla açıkta. Yetişme ortamı: Ege kuşağı, 791 m, dik yamaç (25°+). Bu koşullar için önerilen türler: kızılçam, fıstıkçamı. Tür önerisi sistemin çıkarımı değil, dışarıdan verilen tablodan okunmuştur. Tablo: ÖRNEK TABLO — OGM tür-yetişme ortamı rehberi ile değiştirilecek",True
EGE_2021_05_001535,EROZYON_ONCE,AGIR_YANMIS,0.3262,"kızılçam, fıstıkçamı",toparlanma=0.33 egim=26.3>=25 <0.35,"Önce erozyon kontrolü. Ağır etkilenmiş ve eğim 26,3° — dikimden önce toprak tutma önlemi gerekiyor.","Modelin tahminine göre yangın öncesi örtünün ancak %33 kadarı iki yılda geri gelecek. Dik yamaçta çıplak toprak ilk sağanakta taşınır; stabilizasyon yapılmadan yapılan dikim de birlikte gider. Yangın orta-yüksek şiddet sınıfında (dNBR 0,52); toprak yüzeyi büyük olasılıkla açıkta. Yetişme ortamı: Ege kuşağı, 722 m, dik yamaç (25°+). Bu koşullar için önerilen türler: kızılçam, fıstıkçamı. Tür önerisi sistemin çıkarımı değil, dışarıdan verilen tablodan okunmuştur. Tablo: ÖRNEK TABLO — OGM tür-yetişme ortamı rehberi ile değiştirilecek",True
EGE_2021_05_001536,IZLE,,,,prediction_status=low_severity,"İzle, müdahale etme. Yangın bu kareyi ağır yakmamış (düşük şiddet, dNBR 0,26).","Model bu rejimde tahmin üretmiyor. Kendi toparlanması bekleniyor, müdahale listesine alınmıyor.",True
EGE_2021_05_001538,IZLE,,,,prediction_status=low_severity,"İzle, müdahale etme. Yangın bu kareyi ağır yakmamış (düşük şiddet, dNBR 0,13).","Model bu rejimde tahmin üretmiyor. Kendi toparlanması bekleniyor, müdahale listesine alınmıyor.",True
EGE_2021_05_001539,GENCLESME_IZLE,AGIR_YANMIS,0.5144,,toparlanma=0.51 >=0.50,Doğal gençleşmeyi izle. Doğal toparlanma yeterli görünüyor.,"Modelin tahminine göre yangın öncesi örtünün %51 kadarı iki yılda geri geliyor — bu yangınlarda ölçtüğümüz tipik toparlanmanın üstünde. Müdahale yerine izleme öneriliyor; kaynak daha zayıf karelere ayrılmalı. Yangın orta-yüksek şiddet sınıfında (dNBR 0,53); toprak yüzeyi büyük olasılıkla açıkta.",True
EGE_2021_05_001540,ONCELIGE_GORE,AGIR_YANMIS,0.4808,,toparlanma=0.48 0.35..0.50,Öncelik sırasına göre değerlendir. Kısmi toparlanma bekleniyor; müdahale kararı bütçeye ve sıraya bağlı.,"Modelin tahminine göre yangın öncesi örtünün %48 kadarı iki yılda geri gelecek. Ne kendi kapanacak kadar iyi ne de acil müdahale gerektirecek kadar kötü — öncelik skoru bu kareyi sıranın neresine koyduğuna bakın. Yangın orta-yüksek şiddet sınıfında (dNBR 0,53); toprak yüzeyi büyük olasılıkla açıkta.",True
EGE_2021_05_001541,IZLE,,,,prediction_status=low_severity,"İzle, müdahale etme. Yangın bu kareyi ağır yakmamış (düşük şiddet, dNBR 0,26).","Model bu rejimde tahmin üretmiyor. Kendi toparlanması bekleniyor, müdahale listesine alınmıyor.",True
EGE_2021_05_001584,IZLE,,,,prediction_status=low_severity,"İzle, müdahale etme. Yangın bu kareyi ağır yakmamış (düşük şiddet, dNBR 0,14).","Model bu rejimde tahmin üretmiyor. Kendi toparlanması bekleniyor, müdahale listesine alınmıyor.",True
EGE_2021_05_001585,DIKIM_ADAYI,,0.2856,"karaçam, sedir",toparlanma=0.29 <0.35,"Aktif dikim adayı. Doğal toparlanma zayıf kalıyor, eğim (13,9°) dikime elverişli.","Modelin tahminine göre yangın öncesi örtünün ancak %29 kadarı iki yılda geri gelecek — kendi başına kapanmayacak bir açık var. Yetişme ortamı: Ege kuşağı, 1132 m, orta eğimli (10–25°). Bu koşullar için önerilen türler: karaçam, sedir. Tür önerisi sistemin çıkarımı değil, dışarıdan verilen tablodan okunmuştur. Tablo: ÖRNEK TABLO — OGM tür-yetişme ortamı rehberi ile değiştirilecek",True
EGE_2021_05_001586,DIKIM_ADAYI,AGIR_YANMIS,0.2225,"karaçam, sedir",toparlanma=0.22 <0.35,"Aktif dikim adayı. Doğal toparlanma zayıf kalıyor, eğim (21,2°) dikime elverişli.","Modelin tahminine göre yangın öncesi örtünün ancak %22 kadarı iki yılda geri gelecek — kendi başına kapanmayacak bir açık var. Yangın yüksek şiddet sınıfında (dNBR 0,67); toprak yüzeyi büyük olasılıkla açıkta. Yetişme ortamı: Ege kuşağı, 1093 m, orta eğimli (10–25°). Bu koşullar için önerilen türler: karaçam, sedir. Tür önerisi sistemin çıkarımı değil, dışarıdan verilen tablodan okunmuştur. Tablo: ÖRNEK TABLO — OGM tür-yetişme ortamı rehberi ile değiştirilecek",True
EGE_2021_05_001587,DIKIM_ADAYI,AGIR_YANMIS,0.2683,"karaçam, sedir",toparlanma=0.27 <0.35,"Aktif dikim adayı. Doğal toparlanma zayıf kalıyor, eğim (18,3°) dikime elverişli.","Modelin tahminine göre yangın öncesi örtünün ancak %27 kadarı iki yılda geri gelecek — kendi başına kapanmayacak bir açık var. Yangın orta-yüksek şiddet sınıfında (dNBR 0,60); toprak yüzeyi büyük olasılıkla açıkta. Yetişme ortamı: Ege kuşağı, 1078 m, orta eğimli (10–25°). Bu koşullar için önerilen türler: karaçam, sedir. Tür önerisi sistemin çıkarımı değil, dışarıdan verilen tablodan okunmuştur. Tablo: ÖRNEK TABLO — OGM tür-yetişme ortamı rehberi ile değiştirilecek",True
EGE_2021_05_001588,IZLE,SEYREK_ORTU,,,prediction_status=low_severity,"İzle, müdahale etme. Yangın bu kareyi ağır yakmamış (düşük şiddet, dNBR 0,11).","Model bu rejimde tahmin üretmiyor. Kendi toparlanması bekleniyor, müdahale listesine alınmıyor. Yangın öncesi ağaç örtüsü zaten seyrekti (%8) — buradaki açığın tamamı yangından kaynaklanmıyor olabilir.",True
EGE_2021_05_001590,IZLE,,,,prediction_status=low_severity,"İzle, müdahale etme. Yangın bu kareyi ağır yakmamış (orta-düşük şiddet, dNBR 0,31).","Model bu rejimde tahmin üretmiyor. Kendi toparlanması bekleniyor, müdahale listesine alınmıyor.",True
EGE_2021_05_001591,EROZYON_ONCE,AGIR_YANMIS,0.3466,"karaçam, sedir",toparlanma=0.35 egim=27.1>=25 <0.35,"Önce erozyon kontrolü. Ağır etkilenmiş ve eğim 27,1° — dikimden önce toprak tutma önlemi gerekiyor.","Modelin tahminine göre yangın öncesi örtünün ancak %35 kadarı iki yılda geri gelecek. Dik yamaçta çıplak toprak ilk sağanakta taşınır; stabilizasyon yapılmadan yapılan dikim de birlikte gider. Yangın orta-yüksek şiddet sınıfında (dNBR 0,46); toprak yüzeyi büyük olasılıkla açıkta. Yetişme ortamı: Ege kuşağı, 1005 m, dik yamaç (25°+). Bu koşullar için önerilen türler: karaçam, sedir. Tür önerisi sistemin çıkarımı değil, dışarıdan verilen tablodan okunmuştur. Tablo: ÖRNEK TABLO — OGM tür-yetişme ortamı rehberi ile değiştirilecek",True
EGE_2021_05_001592,ONCELIGE_GORE,AGIR_YANMIS,0.4102,,toparlanma=0.41 0.35..0.50,Öncelik sırasına göre değerlendir. Kısmi toparlanma bekleniyor; müdahale kararı bütçeye ve sıraya bağlı.,"Modelin tahminine göre yangın öncesi örtünün %41 kadarı iki yılda geri gelecek. Ne kendi kapanacak kadar iyi ne de acil müdahale gerektirecek kadar kötü — öncelik skoru bu kareyi sıranın neresine koyduğuna bakın. Yangın yüksek şiddet sınıfında (dNBR 0,71); toprak yüzeyi büyük olasılıkla açıkta.",True
EGE_2021_05_001593,DIKIM_ADAYI,AGIR_YANMIS,0.3412,"karaçam, sedir",toparlanma=0.34 <0.35,"Aktif dikim adayı. Doğal toparlanma zayıf kalıyor, eğim (20,5°) dikime elverişli.","Modelin tahminine göre yangın öncesi örtünün ancak %34 kadarı iki yılda geri gelecek — kendi başına kapanmayacak bir açık var. Yangın yüksek şiddet sınıfında (dNBR 0,73); toprak yüzeyi büyük olasılıkla açıkta. Yetişme ortamı: Ege kuşağı, 953 m, orta eğimli (10–25°). Bu koşullar için önerilen türler: karaçam, sedir. Tür önerisi sistemin çıkarımı değil, dışarıdan verilen tablodan okunmuştur. Tablo: ÖRNEK TABLO — OGM tür-yetişme ortamı rehberi ile değiştirilecek",True
EGE_2021_05_001594,ONCELIGE_GORE,,0.4087,,toparlanma=0.41 0.35..0.50,Öncelik sırasına göre değerlendir. Kısmi toparlanma bekleniyor; müdahale kararı bütçeye ve sıraya bağlı.,Modelin tahminine göre yangın öncesi örtünün %41 kadarı iki yılda geri gelecek. Ne kendi kapanacak kadar iyi ne de acil müdahale gerektirecek kadar kötü — öncelik skoru bu kareyi sıranın neresine koyduğuna bakın.,True
EGE_2021_05_001595,ONCELIGE_GORE,,0.4266,,toparlanma=0.43 0.35..0.50,Öncelik sırasına göre değerlendir. Kısmi toparlanma bekleniyor; müdahale kararı bütçeye ve sıraya bağlı.,Modelin tahminine göre yangın öncesi örtünün %43 kadarı iki yılda geri gelecek. Ne kendi kapanacak kadar iyi ne de acil müdahale gerektirecek kadar kötü — öncelik skoru bu kareyi sıranın neresine koyduğuna bakın.,True
EGE_2021_05_001596,IZLE,,,,prediction_status=low_severity,"İzle, müdahale etme. Yangın bu kareyi ağır yakmamış (düşük şiddet, dNBR 0,22).","Model bu rejimde tahmin üretmiyor. Kendi toparlanması bekleniyor, müdahale listesine alınmıyor.",True
EGE_2021_05_001597,IZLE,,,,prediction_status=low_severity,"İzle, müdahale etme. Yangın bu kareyi ağır yakmamış (düşük şiddet, dNBR 0,11).","Model bu rejimde tahmin üretmiyor. Kendi toparlanması bekleniyor, müdahale listesine alınmıyor.",True
EGE_2021_05_001598,IZLE,,,,prediction_status=low_severity,"İzle, müdahale etme. Yangın bu kareyi ağır yakmamış (düşük şiddet, dNBR 0,18).","Model bu rejimde tahmin üretmiyor. Kendi toparlanması bekleniyor, müdahale listesine alınmıyor.",True
EGE_2021_05_001599,GENCLESME_IZLE,,0.5174,,toparlanma=0.52 >=0.50,Doğal gençleşmeyi izle. Doğal toparlanma yeterli görünüyor.,Modelin tahminine göre yangın öncesi örtünün %52 kadarı iki yılda geri geliyor — bu yangınlarda ölçtüğümüz tipik toparlanmanın üstünde. Müdahale yerine izleme öneriliyor; kaynak daha zayıf karelere ayrılmalı.,True
EGE_2021_05_001600,GENCLESME_IZLE,,0.5201,,toparlanma=0.52 >=0.50,Doğal gençleşmeyi izle. Doğal toparlanma yeterli görünüyor.,Modelin tahminine göre yangın öncesi örtünün %52 kadarı iki yılda geri geliyor — bu yangınlarda ölçtüğümüz tipik toparlanmanın üstünde. Müdahale yerine izleme öneriliyor; kaynak daha zayıf karelere ayrılmalı.,True
EGE_2021_05_001601,ONCELIGE_GORE,AGIR_YANMIS,0.473,,toparlanma=0.47 0.35..0.50,Öncelik sırasına göre değerlendir. Kısmi toparlanma bekleniyor; müdahale kararı bütçeye ve sıraya bağlı.,"Modelin tahminine göre yangın öncesi örtünün %47 kadarı iki yılda geri gelecek. Ne kendi kapanacak kadar iyi ne de acil müdahale gerektirecek kadar kötü — öncelik skoru bu kareyi sıranın neresine koyduğuna bakın. Yangın orta-yüksek şiddet sınıfında (dNBR 0,54); toprak yüzeyi büyük olasılıkla açıkta.",True
EGE_2021_05_001602,IZLE,,,,prediction_status=low_severity,"İzle, müdahale etme. Yangın bu kareyi ağır yakmamış (düşük şiddet, dNBR 0,17).","Model bu rejimde tahmin üretmiyor. Kendi toparlanması bekleniyor, müdahale listesine alınmıyor.",True
EGE_2021_05_001643,IZLE,,,,prediction_status=low_severity,"İzle, müdahale etme. Yangın bu kareyi ağır yakmamış (düşük şiddet, dNBR 0,13).","Model bu rejimde tahmin üretmiyor. Kendi toparlanması bekleniyor, müdahale listesine alınmıyor.",True
EGE_2021_05_001645,DIKIM_ADAYI,AGIR_YANMIS,0.2845,"karaçam, sedir",toparlanma=0.28 <0.35,"Aktif dikim adayı. Doğal toparlanma zayıf kalıyor, eğim (15,5°) dikime elverişli.","Modelin tahminine göre yangın öncesi örtünün ancak %28 kadarı iki yılda geri gelecek — kendi başına kapanmayacak bir açık var. Yangın yüksek şiddet sınıfında (dNBR 0,85); toprak yüzeyi büyük olasılıkla açıkta. Yetişme ortamı: Ege kuşağı, 1193 m, orta eğimli (10–25°). Bu koşullar için önerilen türler: karaçam, sedir. Tür önerisi sistemin çıkarımı değil, dışarıdan verilen tablodan okunmuştur. Tablo: ÖRNEK TABLO — OGM tür-yetişme ortamı rehberi ile değiştirilecek",True
EGE_2021_05_001646,ONCELIGE_GORE,AGIR_YANMIS,0.3682,,toparlanma=0.37 0.35..0.50,Öncelik sırasına göre değerlendir. Kısmi toparlanma bekleniyor; müdahale kararı bütçeye ve sıraya bağlı.,"Modelin tahminine göre yangın öncesi örtünün %37 kadarı iki yılda geri gelecek. Ne kendi kapanacak kadar iyi ne de acil müdahale gerektirecek kadar kötü — öncelik skoru bu kareyi sıranın neresine koyduğuna bakın. Yangın orta-yüksek şiddet sınıfında (dNBR 0,64); toprak yüzeyi büyük olasılıkla açıkta.",True
EGE_2021_05_001647,IZLE,,,,prediction_status=low_severity,"İzle, müdahale etme. Yangın bu kareyi ağır yakmamış (düşük şiddet, dNBR 0,18).","Model bu rejimde tahmin üretmiyor. Kendi toparlanması bekleniyor, müdahale listesine alınmıyor.",True
EGE_2021_05_001651,ONCELIGE_GORE,,0.3702,,toparlanma=0.37 0.35..0.50,Öncelik sırasına göre değerlendir. Kısmi toparlanma bekleniyor; müdahale kararı bütçeye ve sıraya bağlı.,Modelin tahminine göre yangın öncesi örtünün %37 kadarı iki yılda geri gelecek. Ne kendi kapanacak kadar iyi ne de acil müdahale gerektirecek kadar kötü — öncelik skoru bu kareyi sıranın neresine koyduğuna bakın.,True
EGE_2021_05_001652,ONCELIGE_GORE,AGIR_YANMIS,0.3523,,toparlanma=0.35 0.35..0.50,Öncelik sırasına göre değerlendir. Kısmi toparlanma bekleniyor; müdahale kararı bütçeye ve sıraya bağlı.,"Modelin tahminine göre yangın öncesi örtünün %35 kadarı iki yılda geri gelecek. Ne kendi kapanacak kadar iyi ne de acil müdahale gerektirecek kadar kötü — öncelik skoru bu kareyi sıranın neresine koyduğuna bakın. Yangın yüksek şiddet sınıfında (dNBR 0,79); toprak yüzeyi büyük olasılıkla açıkta.",True
EGE_2021_05_001653,ONCELIGE_GORE,AGIR_YANMIS,0.4052,,toparlanma=0.41 0.35..0.50,Öncelik sırasına göre değerlendir. Kısmi toparlanma bekleniyor; müdahale kararı bütçeye ve sıraya bağlı.,"Modelin tahminine göre yangın öncesi örtünün %41 kadarı iki yılda geri gelecek. Ne kendi kapanacak kadar iyi ne de acil müdahale gerektirecek kadar kötü — öncelik skoru bu kareyi sıranın neresine koyduğuna bakın. Yangın orta-yüksek şiddet sınıfında (dNBR 0,54); toprak yüzeyi büyük olasılıkla açıkta.",True
EGE_2021_05_001654,ONCELIGE_GORE,,0.3876,,toparlanma=0.39 0.35..0.50,Öncelik sırasına göre değerlendir. Kısmi toparlanma bekleniyor; müdahale kararı bütçeye ve sıraya bağlı.,Modelin tahminine göre yangın öncesi örtünün %39 kadarı iki yılda geri gelecek. Ne kendi kapanacak kadar iyi ne de acil müdahale gerektirecek kadar kötü — öncelik skoru bu kareyi sıranın neresine koyduğuna bakın.,True
EGE_2021_05_001655,ONCELIGE_GORE,,0.3926,,toparlanma=0.39 0.35..0.50,Öncelik sırasına göre değerlendir. Kısmi toparlanma bekleniyor; müdahale kararı bütçeye ve sıraya bağlı.,Modelin tahminine göre yangın öncesi örtünün %39 kadarı iki yılda geri gelecek. Ne kendi kapanacak kadar iyi ne de acil müdahale gerektirecek kadar kötü — öncelik skoru bu kareyi sıranın neresine koyduğuna bakın.,True
EGE_2021_05_001656,IZLE,,,,prediction_status=low_severity,"İzle, müdahale etme. Yangın bu kareyi ağır yakmamış (düşük şiddet, dNBR 0,24).","Model bu rejimde tahmin üretmiyor. Kendi toparlanması bekleniyor, müdahale listesine alınmıyor.",True
EGE_2021_05_001657,IZLE,,,,prediction_status=low_severity,"İzle, müdahale etme. Yangın bu kareyi ağır yakmamış (düşük şiddet, dNBR 0,16).","Model bu rejimde tahmin üretmiyor. Kendi toparlanması bekleniyor, müdahale listesine alınmıyor.",True
EGE_2021_05_001658,ONCELIGE_GORE,,0.4862,,toparlanma=0.49 0.35..0.50,Öncelik sırasına göre değerlendir. Kısmi toparlanma bekleniyor; müdahale kararı bütçeye ve sıraya bağlı.,Modelin tahminine göre yangın öncesi örtünün %49 kadarı iki yılda geri gelecek. Ne kendi kapanacak kadar iyi ne de acil müdahale gerektirecek kadar kötü — öncelik skoru bu kareyi sıranın neresine koyduğuna bakın.,True
EGE_2021_05_001659,IZLE,,,,prediction_status=low_severity,"İzle, müdahale etme. Yangın bu kareyi ağır yakmamış (düşük şiddet, dNBR 0,23).","Model bu rejimde tahmin üretmiyor. Kendi toparlanması bekleniyor, müdahale listesine alınmıyor.",True
EGE_2021_05_001661,ONCELIGE_GORE,,0.4504,,toparlanma=0.45 0.35..0.50,Öncelik sırasına göre değerlendir. Kısmi toparlanma bekleniyor; müdahale kararı bütçeye ve sıraya bağlı.,Modelin tahminine göre yangın öncesi örtünün %45 kadarı iki yılda geri gelecek. Ne kendi kapanacak kadar iyi ne de acil müdahale gerektirecek kadar kötü — öncelik skoru bu kareyi sıranın neresine koyduğuna bakın.,True
EGE_2021_05_001662,ONCELIGE_GORE,,0.4312,,toparlanma=0.43 0.35..0.50,Öncelik sırasına göre değerlendir. Kısmi toparlanma bekleniyor; müdahale kararı bütçeye ve sıraya bağlı.,Modelin tahminine göre yangın öncesi örtünün %43 kadarı iki yılda geri gelecek. Ne kendi kapanacak kadar iyi ne de acil müdahale gerektirecek kadar kötü — öncelik skoru bu kareyi sıranın neresine koyduğuna bakın.,True
EGE_2021_05_001702,IZLE,,,,prediction_status=low_severity,"İzle, müdahale etme. Yangın bu kareyi ağır yakmamış (düşük şiddet, dNBR 0,11).","Model bu rejimde tahmin üretmiyor. Kendi toparlanması bekleniyor, müdahale listesine alınmıyor.",True
EGE_2021_05_001704,DIKIM_ADAYI,AGIR_YANMIS,0.2902,"karaçam, sedir",toparlanma=0.29 <0.35,"Aktif dikim adayı. Doğal toparlanma zayıf kalıyor, eğim (12,7°) dikime elverişli.","Modelin tahminine göre yangın öncesi örtünün ancak %29 kadarı iki yılda geri gelecek — kendi başına kapanmayacak bir açık var. Yangın yüksek şiddet sınıfında (dNBR 0,75); toprak yüzeyi büyük olasılıkla açıkta. Yetişme ortamı: Ege kuşağı, 1273 m, orta eğimli (10–25°). Bu koşullar için önerilen türler: karaçam, sedir. Tür önerisi sistemin çıkarımı değil, dışarıdan verilen tablodan okunmuştur. Tablo: ÖRNEK TABLO — OGM tür-yetişme ortamı rehberi ile değiştirilecek",True
EGE_2021_05_001706,DIKIM_ADAYI,AGIR_YANMIS,0.3448,"karaçam, sedir",toparlanma=0.34 <0.35,"Aktif dikim adayı. Doğal toparlanma zayıf kalıyor, eğim (13,8°) dikime elverişli.","Modelin tahminine göre yangın öncesi örtünün ancak %34 kadarı iki yılda geri gelecek — kendi başına kapanmayacak bir açık var. Yangın orta-yüksek şiddet sınıfında (dNBR 0,61); toprak yüzeyi büyük olasılıkla açıkta. Yetişme ortamı: Ege kuşağı, 1254 m, orta eğimli (10–25°). Bu koşullar için önerilen türler: karaçam, sedir. Tür önerisi sistemin çıkarımı değil, dışarıdan verilen tablodan okunmuştur. Tablo: ÖRNEK TABLO — OGM tür-yetişme ortamı rehberi ile değiştirilecek",True
EGE_2021_05_001707,DIKIM_ADAYI,,0.3293,"karaçam, sedir",toparlanma=0.33 <0.35,"Aktif dikim adayı. Doğal toparlanma zayıf kalıyor, eğim (11,7°) dikime elverişli.","Modelin tahminine göre yangın öncesi örtünün ancak %33 kadarı iki yılda geri gelecek — kendi başına kapanmayacak bir açık var. Yetişme ortamı: Ege kuşağı, 1238 m, orta eğimli (10–25°). Bu koşullar için önerilen türler: karaçam, sedir. Tür önerisi sistemin çıkarımı değil, dışarıdan verilen tablodan okunmuştur. Tablo: ÖRNEK TABLO — OGM tür-yetişme ortamı rehberi ile değiştirilecek",True
EGE_2021_05_001711,IZLE,,,,prediction_status=low_severity,"İzle, müdahale etme. Yangın bu kareyi ağır yakmamış (düşük şiddet, dNBR 0,16).","Model bu rejimde tahmin üretmiyor. Kendi toparlanması bekleniyor, müdahale listesine alınmıyor.",True
EGE_2021_05_001712,ONCELIGE_GORE,AGIR_YANMIS,0.3978,,toparlanma=0.40 0.35..0.50,Öncelik sırasına göre değerlendir. Kısmi toparlanma bekleniyor; müdahale kararı bütçeye ve sıraya bağlı.,"Modelin tahminine göre yangın öncesi örtünün %40 kadarı iki yılda geri gelecek. Ne kendi kapanacak kadar iyi ne de acil müdahale gerektirecek kadar kötü — öncelik skoru bu kareyi sıranın neresine koyduğuna bakın. Yangın orta-yüksek şiddet sınıfında (dNBR 0,51); toprak yüzeyi büyük olasılıkla açıkta.",True
EGE_2021_05_001713,ONCELIGE_GORE,AGIR_YANMIS,0.4386,,toparlanma=0.44 0.35..0.50,Öncelik sırasına göre değerlendir. Kısmi toparlanma bekleniyor; müdahale kararı bütçeye ve sıraya bağlı.,"Modelin tahminine göre yangın öncesi örtünün %44 kadarı iki yılda geri gelecek. Ne kendi kapanacak kadar iyi ne de acil müdahale gerektirecek kadar kötü — öncelik skoru bu kareyi sıranın neresine koyduğuna bakın. Yangın orta-yüksek şiddet sınıfında (dNBR 0,49); toprak yüzeyi büyük olasılıkla açıkta.",True
EGE_2021_05_001714,ONCELIGE_GORE,AGIR_YANMIS,0.4038,,toparlanma=0.40 0.35..0.50,Öncelik sırasına göre değerlendir. Kısmi toparlanma bekleniyor; müdahale kararı bütçeye ve sıraya bağlı.,"Modelin tahminine göre yangın öncesi örtünün %40 kadarı iki yılda geri gelecek. Ne kendi kapanacak kadar iyi ne de acil müdahale gerektirecek kadar kötü — öncelik skoru bu kareyi sıranın neresine koyduğuna bakın. Yangın orta-yüksek şiddet sınıfında (dNBR 0,52); toprak yüzeyi büyük olasılıkla açıkta.",True
EGE_2021_05_001715,ONCELIGE_GORE,AGIR_YANMIS,0.3761,,toparlanma=0.38 0.35..0.50,Öncelik sırasına göre değerlendir. Kısmi toparlanma bekleniyor; müdahale kararı bütçeye ve sıraya bağlı.,"Modelin tahminine göre yangın öncesi örtünün %38 kadarı iki yılda geri gelecek. Ne kendi kapanacak kadar iyi ne de acil müdahale gerektirecek kadar kötü — öncelik skoru bu kareyi sıranın neresine koyduğuna bakın. Yangın orta-yüksek şiddet sınıfında (dNBR 0,53); toprak yüzeyi büyük olasılıkla açıkta.",True
EGE_2021_05_001716,ONCELIGE_GORE,,0.3944,,toparlanma=0.39 0.35..0.50,Öncelik sırasına göre değerlendir. Kısmi toparlanma bekleniyor; müdahale kararı bütçeye ve sıraya bağlı.,Modelin tahminine göre yangın öncesi örtünün %39 kadarı iki yılda geri gelecek. Ne kendi kapanacak kadar iyi ne de acil müdahale gerektirecek kadar kötü — öncelik skoru bu kareyi sıranın neresine koyduğuna bakın.,True
EGE_2021_05_001717,ONCELIGE_GORE,,0.4707,,toparlanma=0.47 0.35..0.50,Öncelik sırasına göre değerlendir. Kısmi toparlanma bekleniyor; müdahale kararı bütçeye ve sıraya bağlı.,Modelin tahminine göre yangın öncesi örtünün %47 kadarı iki yılda geri gelecek. Ne kendi kapanacak kadar iyi ne de acil müdahale gerektirecek kadar kötü — öncelik skoru bu kareyi sıranın neresine koyduğuna bakın.,True
EGE_2021_05_001718,ONCELIGE_GORE,,0.4084,,toparlanma=0.41 0.35..0.50,Öncelik sırasına göre değerlendir. Kısmi toparlanma bekleniyor; müdahale kararı bütçeye ve sıraya bağlı.,Modelin tahminine göre yangın öncesi örtünün %41 kadarı iki yılda geri gelecek. Ne kendi kapanacak kadar iyi ne de acil müdahale gerektirecek kadar kötü — öncelik skoru bu kareyi sıranın neresine koyduğuna bakın.,True
EGE_2021_05_001719,IZLE,,,,prediction_status=low_severity,"İzle, müdahale etme. Yangın bu kareyi ağır yakmamış (düşük şiddet, dNBR 0,22).","Model bu rejimde tahmin üretmiyor. Kendi toparlanması bekleniyor, müdahale listesine alınmıyor.",True
EGE_2021_05_001720,IZLE,,,,prediction_status=low_severity,"İzle, müdahale etme. Yangın bu kareyi ağır yakmamış (düşük şiddet, dNBR 0,26).","Model bu rejimde tahmin üretmiyor. Kendi toparlanması bekleniyor, müdahale listesine alınmıyor.",True
EGE_2021_05_001721,ONCELIGE_GORE,,0.3996,,toparlanma=0.40 0.35..0.50,Öncelik sırasına göre değerlendir. Kısmi toparlanma bekleniyor; müdahale kararı bütçeye ve sıraya bağlı.,Modelin tahminine göre yangın öncesi örtünün %40 kadarı iki yılda geri gelecek. Ne kendi kapanacak kadar iyi ne de acil müdahale gerektirecek kadar kötü — öncelik skoru bu kareyi sıranın neresine koyduğuna bakın.,True
EGE_2021_05_001722,IZLE,,,,prediction_status=low_severity,"İzle, müdahale etme. Yangın bu kareyi ağır yakmamış (düşük şiddet, dNBR 0,20).","Model bu rejimde tahmin üretmiyor. Kendi toparlanması bekleniyor, müdahale listesine alınmıyor.",True
EGE_2021_05_001761,IZLE,,,,prediction_status=low_severity,"İzle, müdahale etme. Yangın bu kareyi ağır yakmamış (düşük şiddet, dNBR 0,18).","Model bu rejimde tahmin üretmiyor. Kendi toparlanması bekleniyor, müdahale listesine alınmıyor.",True
EGE_2021_05_001762,ONCELIGE_GORE,,0.4968,,toparlanma=0.50 0.35..0.50,Öncelik sırasına göre değerlendir. Kısmi toparlanma bekleniyor; müdahale kararı bütçeye ve sıraya bağlı.,Modelin tahminine göre yangın öncesi örtünün %50 kadarı iki yılda geri gelecek. Ne kendi kapanacak kadar iyi ne de acil müdahale gerektirecek kadar kötü — öncelik skoru bu kareyi sıranın neresine koyduğuna bakın.,True
EGE_2021_05_001763,DIKIM_ADAYI,AGIR_YANMIS,0.2999,"karaçam, sedir",toparlanma=0.30 <0.35,"Aktif dikim adayı. Doğal toparlanma zayıf kalıyor, eğim (5,6°) dikime elverişli.","Modelin tahminine göre yangın öncesi örtünün ancak %30 kadarı iki yılda geri gelecek — kendi başına kapanmayacak bir açık var. Yangın orta-yüksek şiddet sınıfında (dNBR 0,55); toprak yüzeyi büyük olasılıkla açıkta. Yetişme ortamı: Ege kuşağı, 1326 m, düz-hafif eğimli (0–10°). Bu koşullar için önerilen türler: karaçam, sedir. Tür önerisi sistemin çıkarımı değil, dışarıdan verilen tablodan okunmuştur. Tablo: ÖRNEK TABLO — OGM tür-yetişme ortamı rehberi ile değiştirilecek",True
EGE_2021_05_001764,DIKIM_ADAYI,AGIR_YANMIS,0.2757,"karaçam, sedir",toparlanma=0.28 <0.35,"Aktif dikim adayı. Doğal toparlanma zayıf kalıyor, eğim (8,0°) dikime elverişli.","Modelin tahminine göre yangın öncesi örtünün ancak %28 kadarı iki yılda geri gelecek — kendi başına kapanmayacak bir açık var. Yangın orta-yüksek şiddet sınıfında (dNBR 0,55); toprak yüzeyi büyük olasılıkla açıkta. Yetişme ortamı: Ege kuşağı, 1312 m, düz-hafif eğimli (0–10°). Bu koşullar için önerilen türler: karaçam, sedir. Tür önerisi sistemin çıkarımı değil, dışarıdan verilen tablodan okunmuştur. Tablo: ÖRNEK TABLO — OGM tür-yetişme ortamı rehberi ile değiştirilecek",True
EGE_2021_05_001765,DIKIM_ADAYI,AGIR_YANMIS,0.3277,"karaçam, sedir",toparlanma=0.33 <0.35,"Aktif dikim adayı. Doğal toparlanma zayıf kalıyor, eğim (10,1°) dikime elverişli.","Modelin tahminine göre yangın öncesi örtünün ancak %33 kadarı iki yılda geri gelecek — kendi başına kapanmayacak bir açık var. Yangın yüksek şiddet sınıfında (dNBR 0,66); toprak yüzeyi büyük olasılıkla açıkta. Yetişme ortamı: Ege kuşağı, 1288 m, orta eğimli (10–25°). Bu koşullar için önerilen türler: karaçam, sedir. Tür önerisi sistemin çıkarımı değil, dışarıdan verilen tablodan okunmuştur. Tablo: ÖRNEK TABLO — OGM tür-yetişme ortamı rehberi ile değiştirilecek",True
EGE_2021_05_001766,DIKIM_ADAYI,AGIR_YANMIS,0.3351,"karaçam, sedir",toparlanma=0.34 <0.35,"Aktif dikim adayı. Doğal toparlanma zayıf kalıyor, eğim (11,0°) dikime elverişli.","Modelin tahminine göre yangın öncesi örtünün ancak %34 kadarı iki yılda geri gelecek — kendi başına kapanmayacak bir açık var. Yangın yüksek şiddet sınıfında (dNBR 0,71); toprak yüzeyi büyük olasılıkla açıkta. Yetişme ortamı: Ege kuşağı, 1254 m, orta eğimli (10–25°). Bu koşullar için önerilen türler: karaçam, sedir. Tür önerisi sistemin çıkarımı değil, dışarıdan verilen tablodan okunmuştur. Tablo: ÖRNEK TABLO — OGM tür-yetişme ortamı rehberi ile değiştirilecek",True
EGE_2021_05_001767,IZLE,,,,prediction_status=low_severity,"İzle, müdahale etme. Yangın bu kareyi ağır yakmamış (orta-düşük şiddet, dNBR 0,36).","Model bu rejimde tahmin üretmiyor. Kendi toparlanması bekleniyor, müdahale listesine alınmıyor.",True
EGE_2021_05_001772,ONCELIGE_GORE,,0.3774,,toparlanma=0.38 0.35..0.50,Öncelik sırasına göre değerlendir. Kısmi toparlanma bekleniyor; müdahale kararı bütçeye ve sıraya bağlı.,Modelin tahminine göre yangın öncesi örtünün %38 kadarı iki yılda geri gelecek. Ne kendi kapanacak kadar iyi ne de acil müdahale gerektirecek kadar kötü — öncelik skoru bu kareyi sıranın neresine koyduğuna bakın.,True
EGE_2021_05_001773,ONCELIGE_GORE,,0.4765,,toparlanma=0.48 0.35..0.50,Öncelik sırasına göre değerlendir. Kısmi toparlanma bekleniyor; müdahale kararı bütçeye ve sıraya bağlı.,Modelin tahminine göre yangın öncesi örtünün %48 kadarı iki yılda geri gelecek. Ne kendi kapanacak kadar iyi ne de acil müdahale gerektirecek kadar kötü — öncelik skoru bu kareyi sıranın neresine koyduğuna bakın.,True
EGE_2021_05_001774,IZLE,ESKIDEN_ORMAN_DEGIL,,,prediction_status=low_severity,"İzle, müdahale etme. Yangın bu kareyi ağır yakmamış (düşük şiddet, dNBR 0,18).","Model bu rejimde tahmin üretmiyor. Kendi toparlanması bekleniyor, müdahale listesine alınmıyor. Yangın öncesi örtü otlak ve çalılık idi; orman kurma değil, mevcut örtünün onarımı düşünülmeli.",True
EGE_2021_05_001775,IZLE,,,,prediction_status=low_severity,"İzle, müdahale etme. Yangın bu kareyi ağır yakmamış (düşük şiddet, dNBR 0,18).","Model bu rejimde tahmin üretmiyor. Kendi toparlanması bekleniyor, müdahale listesine alınmıyor.",True
EGE_2021_05_001776,ONCELIGE_GORE,,0.3528,,toparlanma=0.35 0.35..0.50,Öncelik sırasına göre değerlendir. Kısmi toparlanma bekleniyor; müdahale kararı bütçeye ve sıraya bağlı.,Modelin tahminine göre yangın öncesi örtünün %35 kadarı iki yılda geri gelecek. Ne kendi kapanacak kadar iyi ne de acil müdahale gerektirecek kadar kötü — öncelik skoru bu kareyi sıranın neresine koyduğuna bakın.,True
EGE_2021_05_001777,IZLE,,,,prediction_status=low_severity,"İzle, müdahale etme. Yangın bu kareyi ağır yakmamış (düşük şiddet, dNBR 0,15).","Model bu rejimde tahmin üretmiyor. Kendi toparlanması bekleniyor, müdahale listesine alınmıyor.",True
EGE_2021_05_001778,IZLE,,,,prediction_status=low_severity,"İzle, müdahale etme. Yangın bu kareyi ağır yakmamış (düşük şiddet, dNBR 0,19).","Model bu rejimde tahmin üretmiyor. Kendi toparlanması bekleniyor, müdahale listesine alınmıyor.",True
EGE_2021_05_001779,IZLE,,,,prediction_status=low_severity,"İzle, müdahale etme. Yangın bu kareyi ağır yakmamış (düşük şiddet, dNBR 0,14).","Model bu rejimde tahmin üretmiyor. Kendi toparlanması bekleniyor, müdahale listesine alınmıyor.",True
EGE_2021_05_001780,IZLE,,,,prediction_status=low_severity,"İzle, müdahale etme. Yangın bu kareyi ağır yakmamış (düşük şiddet, dNBR 0,14).","Model bu rejimde tahmin üretmiyor. Kendi toparlanması bekleniyor, müdahale listesine alınmıyor.",True
EGE_2021_05_001781,ONCELIGE_GORE,,0.4061,,toparlanma=0.41 0.35..0.50,Öncelik sırasına göre değerlendir. Kısmi toparlanma bekleniyor; müdahale kararı bütçeye ve sıraya bağlı.,Modelin tahminine göre yangın öncesi örtünün %41 kadarı iki yılda geri gelecek. Ne kendi kapanacak kadar iyi ne de acil müdahale gerektirecek kadar kötü — öncelik skoru bu kareyi sıranın neresine koyduğuna bakın.,True
EGE_2021_05_001782,ONCELIGE_GORE,,0.4197,,toparlanma=0.42 0.35..0.50,Öncelik sırasına göre değerlendir. Kısmi toparlanma bekleniyor; müdahale kararı bütçeye ve sıraya bağlı.,Modelin tahminine göre yangın öncesi örtünün %42 kadarı iki yılda geri gelecek. Ne kendi kapanacak kadar iyi ne de acil müdahale gerektirecek kadar kötü — öncelik skoru bu kareyi sıranın neresine koyduğuna bakın.,True
EGE_2021_05_001822,ONCELIGE_GORE,,0.4821,,toparlanma=0.48 0.35..0.50,Öncelik sırasına göre değerlendir. Kısmi toparlanma bekleniyor; müdahale kararı bütçeye ve sıraya bağlı.,Modelin tahminine göre yangın öncesi örtünün %48 kadarı iki yılda geri gelecek. Ne kendi kapanacak kadar iyi ne de acil müdahale gerektirecek kadar kötü — öncelik skoru bu kareyi sıranın neresine koyduğuna bakın.,True
EGE_2021_05_001823,DIKIM_ADAYI,AGIR_YANMIS,0.3379,"karaçam, sedir",toparlanma=0.34 <0.35,"Aktif dikim adayı. Doğal toparlanma zayıf kalıyor, eğim (9,9°) dikime elverişli.","Modelin tahminine göre yangın öncesi örtünün ancak %34 kadarı iki yılda geri gelecek — kendi başına kapanmayacak bir açık var. Yangın orta-yüksek şiddet sınıfında (dNBR 0,65); toprak yüzeyi büyük olasılıkla açıkta. Yetişme ortamı: Ege kuşağı, 1306 m, düz-hafif eğimli (0–10°). Bu koşullar için önerilen türler: karaçam, sedir. Tür önerisi sistemin çıkarımı değil, dışarıdan verilen tablodan okunmuştur. Tablo: ÖRNEK TABLO — OGM tür-yetişme ortamı rehberi ile değiştirilecek",True
EGE_2021_05_001824,ONCELIGE_GORE,AGIR_YANMIS,0.3686,,toparlanma=0.37 0.35..0.50,Öncelik sırasına göre değerlendir. Kısmi toparlanma bekleniyor; müdahale kararı bütçeye ve sıraya bağlı.,"Modelin tahminine göre yangın öncesi örtünün %37 kadarı iki yılda geri gelecek. Ne kendi kapanacak kadar iyi ne de acil müdahale gerektirecek kadar kötü — öncelik skoru bu kareyi sıranın neresine koyduğuna bakın. Yangın orta-yüksek şiddet sınıfında (dNBR 0,52); toprak yüzeyi büyük olasılıkla açıkta.",True
EGE_2021_05_001825,ONCELIGE_GORE,AGIR_YANMIS,0.3662,,toparlanma=0.37 0.35..0.50,Öncelik sırasına göre değerlendir. Kısmi toparlanma bekleniyor; müdahale kararı bütçeye ve sıraya bağlı.,"Modelin tahminine göre yangın öncesi örtünün %37 kadarı iki yılda geri gelecek. Ne kendi kapanacak kadar iyi ne de acil müdahale gerektirecek kadar kötü — öncelik skoru bu kareyi sıranın neresine koyduğuna bakın. Yangın orta-yüksek şiddet sınıfında (dNBR 0,45); toprak yüzeyi büyük olasılıkla açıkta.",True
EGE_2021_05_001826,DIKIM_ADAYI,AGIR_YANMIS,0.3147,"karaçam, sedir",toparlanma=0.31 <0.35,"Aktif dikim adayı. Doğal toparlanma zayıf kalıyor, eğim (12,9°) dikime elverişli.","Modelin tahminine göre yangın öncesi örtünün ancak %31 kadarı iki yılda geri gelecek — kendi başına kapanmayacak bir açık var. Yangın orta-yüksek şiddet sınıfında (dNBR 0,57); toprak yüzeyi büyük olasılıkla açıkta. Yetişme ortamı: Ege kuşağı, 1205 m, orta eğimli (10–25°). Bu koşullar için önerilen türler: karaçam, sedir. Tür önerisi sistemin çıkarımı değil, dışarıdan verilen tablodan okunmuştur. Tablo: ÖRNEK TABLO — OGM tür-yetişme ortamı rehberi ile değiştirilecek",True
EGE_2021_05_001827,DIKIM_ADAYI,AGIR_YANMIS,0.2903,"karaçam, sedir",toparlanma=0.29 <0.35,"Aktif dikim adayı. Doğal toparlanma zayıf kalıyor, eğim (14,7°) dikime elverişli.","Modelin tahminine göre yangın öncesi örtünün ancak %29 kadarı iki yılda geri gelecek — kendi başına kapanmayacak bir açık var. Yangın orta-yüksek şiddet sınıfında (dNBR 0,51); toprak yüzeyi büyük olasılıkla açıkta. Yetişme ortamı: Ege kuşağı, 1202 m, orta eğimli (10–25°). Bu koşullar için önerilen türler: karaçam, sedir. Tür önerisi sistemin çıkarımı değil, dışarıdan verilen tablodan okunmuştur. Tablo: ÖRNEK TABLO — OGM tür-yetişme ortamı rehberi ile değiştirilecek",True
EGE_2021_05_001832,IZLE,,,,prediction_status=low_severity,"İzle, müdahale etme. Yangın bu kareyi ağır yakmamış (düşük şiddet, dNBR 0,20).","Model bu rejimde tahmin üretmiyor. Kendi toparlanması bekleniyor, müdahale listesine alınmıyor.",True
EGE_2021_05_001833,IZLE,,,,prediction_status=low_severity,"İzle, müdahale etme. Yangın bu kareyi ağır yakmamış (düşük şiddet, dNBR 0,15).","Model bu rejimde tahmin üretmiyor. Kendi toparlanması bekleniyor, müdahale listesine alınmıyor.",True
EGE_2021_05_001836,IZLE,SEYREK_ORTU,,,prediction_status=low_severity,"İzle, müdahale etme. Yangın bu kareyi ağır yakmamış (düşük şiddet, dNBR 0,10).","Model bu rejimde tahmin üretmiyor. Kendi toparlanması bekleniyor, müdahale listesine alınmıyor. Yangın öncesi ağaç örtüsü zaten seyrekti (%22) — buradaki açığın tamamı yangından kaynaklanmıyor olabilir.",True
EGE_2021_05_001839,IZLE,,,,prediction_status=low_severity,"İzle, müdahale etme. Yangın bu kareyi ağır yakmamış (düşük şiddet, dNBR 0,24).","Model bu rejimde tahmin üretmiyor. Kendi toparlanması bekleniyor, müdahale listesine alınmıyor.",True
EGE_2021_05_001840,IZLE,,,,prediction_status=low_severity,"İzle, müdahale etme. Yangın bu kareyi ağır yakmamış (düşük şiddet, dNBR 0,26).","Model bu rejimde tahmin üretmiyor. Kendi toparlanması bekleniyor, müdahale listesine alınmıyor.",True
EGE_2021_05_001841,IZLE,,,,prediction_status=low_severity,"İzle, müdahale etme. Yangın bu kareyi ağır yakmamış (düşük şiddet, dNBR 0,25).","Model bu rejimde tahmin üretmiyor. Kendi toparlanması bekleniyor, müdahale listesine alınmıyor.",True
EGE_2021_05_001842,IZLE,,,,prediction_status=low_severity,"İzle, müdahale etme. Yangın bu kareyi ağır yakmamış (düşük şiddet, dNBR 0,26).","Model bu rejimde tahmin üretmiyor. Kendi toparlanması bekleniyor, müdahale listesine alınmıyor.",True
EGE_2021_05_001843,IZLE,,,,prediction_status=low_severity,"İzle, müdahale etme. Yangın bu kareyi ağır yakmamış (düşük şiddet, dNBR 0,10).","Model bu rejimde tahmin üretmiyor. Kendi toparlanması bekleniyor, müdahale listesine alınmıyor.",True
EGE_2021_05_001881,IZLE,,,,prediction_status=low_severity,"İzle, müdahale etme. Yangın bu kareyi ağır yakmamış (düşük şiddet, dNBR 0,10).","Model bu rejimde tahmin üretmiyor. Kendi toparlanması bekleniyor, müdahale listesine alınmıyor.",True
EGE_2021_05_001882,GENCLESME_IZLE,,0.5023,,toparlanma=0.50 >=0.50,Doğal gençleşmeyi izle. Doğal toparlanma yeterli görünüyor.,Modelin tahminine göre yangın öncesi örtünün %50 kadarı iki yılda geri geliyor — bu yangınlarda ölçtüğümüz tipik toparlanmanın üstünde. Müdahale yerine izleme öneriliyor; kaynak daha zayıf karelere ayrılmalı.,True
EGE_2021_05_001883,ONCELIGE_GORE,,0.3865,,toparlanma=0.39 0.35..0.50,Öncelik sırasına göre değerlendir. Kısmi toparlanma bekleniyor; müdahale kararı bütçeye ve sıraya bağlı.,Modelin tahminine göre yangın öncesi örtünün %39 kadarı iki yılda geri gelecek. Ne kendi kapanacak kadar iyi ne de acil müdahale gerektirecek kadar kötü — öncelik skoru bu kareyi sıranın neresine koyduğuna bakın.,True
EGE_2021_05_001884,ONCELIGE_GORE,AGIR_YANMIS,0.3672,,toparlanma=0.37 0.35..0.50,Öncelik sırasına göre değerlendir. Kısmi toparlanma bekleniyor; müdahale kararı bütçeye ve sıraya bağlı.,"Modelin tahminine göre yangın öncesi örtünün %37 kadarı iki yılda geri gelecek. Ne kendi kapanacak kadar iyi ne de acil müdahale gerektirecek kadar kötü — öncelik skoru bu kareyi sıranın neresine koyduğuna bakın. Yangın orta-yüksek şiddet sınıfında (dNBR 0,46); toprak yüzeyi büyük olasılıkla açıkta.",True
EGE_2021_05_001885,DIKIM_ADAYI,AGIR_YANMIS,0.3258,"karaçam, sedir",toparlanma=0.33 <0.35,"Aktif dikim adayı. Doğal toparlanma zayıf kalıyor, eğim (14,5°) dikime elverişli.","Modelin tahminine göre yangın öncesi örtünün ancak %33 kadarı iki yılda geri gelecek — kendi başına kapanmayacak bir açık var. Yangın yüksek şiddet sınıfında (dNBR 0,86); toprak yüzeyi büyük olasılıkla açıkta. Yetişme ortamı: Ege kuşağı, 1211 m, orta eğimli (10–25°). Bu koşullar için önerilen türler: karaçam, sedir. Tür önerisi sistemin çıkarımı değil, dışarıdan verilen tablodan okunmuştur. Tablo: ÖRNEK TABLO — OGM tür-yetişme ortamı rehberi ile değiştirilecek",True
EGE_2021_05_001886,DIKIM_ADAYI,AGIR_YANMIS,0.2654,"karaçam, sedir",toparlanma=0.27 <0.35,"Aktif dikim adayı. Doğal toparlanma zayıf kalıyor, eğim (15,6°) dikime elverişli.","Modelin tahminine göre yangın öncesi örtünün ancak %27 kadarı iki yılda geri gelecek — kendi başına kapanmayacak bir açık var. Yangın yüksek şiddet sınıfında (dNBR 0,75); toprak yüzeyi büyük olasılıkla açıkta. Yetişme ortamı: Ege kuşağı, 1154 m, orta eğimli (10–25°). Bu koşullar için önerilen türler: karaçam, sedir. Tür önerisi sistemin çıkarımı değil, dışarıdan verilen tablodan okunmuştur. Tablo: ÖRNEK TABLO — OGM tür-yetişme ortamı rehberi ile değiştirilecek",True
EGE_2021_05_001887,DIKIM_ADAYI,AGIR_YANMIS,0.2505,"karaçam, sedir",toparlanma=0.25 <0.35,"Aktif dikim adayı. Doğal toparlanma zayıf kalıyor, eğim (13,9°) dikime elverişli.","Modelin tahminine göre yangın öncesi örtünün ancak %25 kadarı iki yılda geri gelecek — kendi başına kapanmayacak bir açık var. Yangın orta-yüksek şiddet sınıfında (dNBR 0,65); toprak yüzeyi büyük olasılıkla açıkta. Yetişme ortamı: Ege kuşağı, 1140 m, orta eğimli (10–25°). Bu koşullar için önerilen türler: karaçam, sedir. Tür önerisi sistemin çıkarımı değil, dışarıdan verilen tablodan okunmuştur. Tablo: ÖRNEK TABLO — OGM tür-yetişme ortamı rehberi ile değiştirilecek",True
EGE_2021_05_001888,IZLE,SEYREK_ORTU,,,prediction_status=low_severity,"İzle, müdahale etme. Yangın bu kareyi ağır yakmamış (orta-düşük şiddet, dNBR 0,33).","Model bu rejimde tahmin üretmiyor. Kendi toparlanması bekleniyor, müdahale listesine alınmıyor. Yangın öncesi ağaç örtüsü zaten seyrekti (%6) — buradaki açığın tamamı yangından kaynaklanmıyor olabilir.",True
EGE_2021_05_001892,IZLE,,,,prediction_status=low_severity,"İzle, müdahale etme. Yangın bu kareyi ağır yakmamış (düşük şiddet, dNBR 0,19).","Model bu rejimde tahmin üretmiyor. Kendi toparlanması bekleniyor, müdahale listesine alınmıyor.",True
EGE_2021_05_001893,IZLE,,,,prediction_status=low_severity,"İzle, müdahale etme. Yangın bu kareyi ağır yakmamış (düşük şiddet, dNBR 0,17).","Model bu rejimde tahmin üretmiyor. Kendi toparlanması bekleniyor, müdahale listesine alınmıyor.",True
EGE_2021_05_001894,IZLE,,,,prediction_status=low_severity,"İzle, müdahale etme. Yangın bu kareyi ağır yakmamış (düşük şiddet, dNBR 0,17).","Model bu rejimde tahmin üretmiyor. Kendi toparlanması bekleniyor, müdahale listesine alınmıyor.",True
EGE_2021_05_001895,IZLE,ESKIDEN_ORMAN_DEGIL,,,prediction_status=low_severity,"İzle, müdahale etme. Yangın bu kareyi ağır yakmamış (düşük şiddet, dNBR 0,25).","Model bu rejimde tahmin üretmiyor. Kendi toparlanması bekleniyor, müdahale listesine alınmıyor. Yangın öncesi örtü otlak ve çalılık idi; orman kurma değil, mevcut örtünün onarımı düşünülmeli.",True
EGE_2021_05_001896,IZLE,ESKIDEN_ORMAN_DEGIL,,,prediction_status=low_severity,"İzle, müdahale etme. Yangın bu kareyi ağır yakmamış (düşük şiddet, dNBR 0,23).","Model bu rejimde tahmin üretmiyor. Kendi toparlanması bekleniyor, müdahale listesine alınmıyor. Yangın öncesi örtü otlak ve çalılık idi; orman kurma değil, mevcut örtünün onarımı düşünülmeli.",True
EGE_2021_05_001898,ONCELIGE_GORE,,0.4249,,toparlanma=0.42 0.35..0.50,Öncelik sırasına göre değerlendir. Kısmi toparlanma bekleniyor; müdahale kararı bütçeye ve sıraya bağlı.,Modelin tahminine göre yangın öncesi örtünün %42 kadarı iki yılda geri gelecek. Ne kendi kapanacak kadar iyi ne de acil müdahale gerektirecek kadar kötü — öncelik skoru bu kareyi sıranın neresine koyduğuna bakın.,True
EGE_2021_05_001899,IZLE,,,,prediction_status=low_severity,"İzle, müdahale etme. Yangın bu kareyi ağır yakmamış (düşük şiddet, dNBR 0,25).","Model bu rejimde tahmin üretmiyor. Kendi toparlanması bekleniyor, müdahale listesine alınmıyor.",True
EGE_2021_05_001900,DIKIM_ADAYI,,0.3163,"kızılçam, fıstıkçamı",toparlanma=0.32 <0.35,"Aktif dikim adayı. Doğal toparlanma zayıf kalıyor, eğim (8,4°) dikime elverişli.","Modelin tahminine göre yangın öncesi örtünün ancak %32 kadarı iki yılda geri gelecek — kendi başına kapanmayacak bir açık var. Yetişme ortamı: Ege kuşağı, 760 m, düz-hafif eğimli (0–10°). Bu koşullar için önerilen türler: kızılçam, fıstıkçamı. Tür önerisi sistemin çıkarımı değil, dışarıdan verilen tablodan okunmuştur. Tablo: ÖRNEK TABLO — OGM tür-yetişme ortamı rehberi ile değiştirilecek",True
EGE_2021_05_001901,DIKIM_ADAYI,,0.3265,"kızılçam, fıstıkçamı",toparlanma=0.33 <0.35,"Aktif dikim adayı. Doğal toparlanma zayıf kalıyor, eğim (6,3°) dikime elverişli.","Modelin tahminine göre yangın öncesi örtünün ancak %33 kadarı iki yılda geri gelecek — kendi başına kapanmayacak bir açık var. Yetişme ortamı: Ege kuşağı, 748 m, düz-hafif eğimli (0–10°). Bu koşullar için önerilen türler: kızılçam, fıstıkçamı. Tür önerisi sistemin çıkarımı değil, dışarıdan verilen tablodan okunmuştur. Tablo: ÖRNEK TABLO — OGM tür-yetişme ortamı rehberi ile değiştirilecek",True
EGE_2021_05_001902,ONCELIGE_GORE,,0.3669,,toparlanma=0.37 0.35..0.50,Öncelik sırasına göre değerlendir. Kısmi toparlanma bekleniyor; müdahale kararı bütçeye ve sıraya bağlı.,Modelin tahminine göre yangın öncesi örtünün %37 kadarı iki yılda geri gelecek. Ne kendi kapanacak kadar iyi ne de acil müdahale gerektirecek kadar kötü — öncelik skoru bu kareyi sıranın neresine koyduğuna bakın.,True
EGE_2021_05_001942,IZLE,,,,prediction_status=low_severity,"İzle, müdahale etme. Yangın bu kareyi ağır yakmamış (düşük şiddet, dNBR 0,23).","Model bu rejimde tahmin üretmiyor. Kendi toparlanması bekleniyor, müdahale listesine alınmıyor.",True
EGE_2021_05_001943,ONCELIGE_GORE,,0.3676,,toparlanma=0.37 0.35..0.50,Öncelik sırasına göre değerlendir. Kısmi toparlanma bekleniyor; müdahale kararı bütçeye ve sıraya bağlı.,Modelin tahminine göre yangın öncesi örtünün %37 kadarı iki yılda geri gelecek. Ne kendi kapanacak kadar iyi ne de acil müdahale gerektirecek kadar kötü — öncelik skoru bu kareyi sıranın neresine koyduğuna bakın.,True
EGE_2021_05_001944,DIKIM_ADAYI,AGIR_YANMIS,0.2891,"karaçam, sedir",toparlanma=0.29 <0.35,"Aktif dikim adayı. Doğal toparlanma zayıf kalıyor, eğim (13,9°) dikime elverişli.","Modelin tahminine göre yangın öncesi örtünün ancak %29 kadarı iki yılda geri gelecek — kendi başına kapanmayacak bir açık var. Yangın orta-yüksek şiddet sınıfında (dNBR 0,50); toprak yüzeyi büyük olasılıkla açıkta. Yetişme ortamı: Ege kuşağı, 1193 m, orta eğimli (10–25°). Bu koşullar için önerilen türler: karaçam, sedir. Tür önerisi sistemin çıkarımı değil, dışarıdan verilen tablodan okunmuştur. Tablo: ÖRNEK TABLO — OGM tür-yetişme ortamı rehberi ile değiştirilecek",True
EGE_2021_05_001945,DIKIM_ADAYI,AGIR_YANMIS,0.2677,"karaçam, sedir",toparlanma=0.27 <0.35,"Aktif dikim adayı. Doğal toparlanma zayıf kalıyor, eğim (13,7°) dikime elverişli.","Modelin tahminine göre yangın öncesi örtünün ancak %27 kadarı iki yılda geri gelecek — kendi başına kapanmayacak bir açık var. Yangın yüksek şiddet sınıfında (dNBR 0,67); toprak yüzeyi büyük olasılıkla açıkta. Yetişme ortamı: Ege kuşağı, 1171 m, orta eğimli (10–25°). Bu koşullar için önerilen türler: karaçam, sedir. Tür önerisi sistemin çıkarımı değil, dışarıdan verilen tablodan okunmuştur. Tablo: ÖRNEK TABLO — OGM tür-yetişme ortamı rehberi ile değiştirilecek",True
EGE_2021_05_001946,DIKIM_ADAYI,AGIR_YANMIS,0.2593,"karaçam, sedir",toparlanma=0.26 <0.35,"Aktif dikim adayı. Doğal toparlanma zayıf kalıyor, eğim (17,7°) dikime elverişli.","Modelin tahminine göre yangın öncesi örtünün ancak %26 kadarı iki yılda geri gelecek — kendi başına kapanmayacak bir açık var. Yangın yüksek şiddet sınıfında (dNBR 0,68); toprak yüzeyi büyük olasılıkla açıkta. Yetişme ortamı: Ege kuşağı, 1106 m, orta eğimli (10–25°). Bu koşullar için önerilen türler: karaçam, sedir. Tür önerisi sistemin çıkarımı değil, dışarıdan verilen tablodan okunmuştur. Tablo: ÖRNEK TABLO — OGM tür-yetişme ortamı rehberi ile değiştirilecek",True
EGE_2021_05_001947,DIKIM_ADAYI,AGIR_YANMIS,0.3061,"karaçam, sedir",toparlanma=0.31 <0.35,"Aktif dikim adayı. Doğal toparlanma zayıf kalıyor, eğim (14,2°) dikime elverişli.","Modelin tahminine göre yangın öncesi örtünün ancak %31 kadarı iki yılda geri gelecek — kendi başına kapanmayacak bir açık var. Yangın orta-yüksek şiddet sınıfında (dNBR 0,58); toprak yüzeyi büyük olasılıkla açıkta. Yetişme ortamı: Ege kuşağı, 1087 m, orta eğimli (10–25°). Bu koşullar için önerilen türler: karaçam, sedir. Tür önerisi sistemin çıkarımı değil, dışarıdan verilen tablodan okunmuştur. Tablo: ÖRNEK TABLO — OGM tür-yetişme ortamı rehberi ile değiştirilecek",True
EGE_2021_05_001948,IZLE,,,,prediction_status=low_severity,"İzle, müdahale etme. Yangın bu kareyi ağır yakmamış (orta-düşük şiddet, dNBR 0,28).","Model bu rejimde tahmin üretmiyor. Kendi toparlanması bekleniyor, müdahale listesine alınmıyor.",True
EGE_2021_05_001953,IZLE,,,,prediction_status=low_severity,"İzle, müdahale etme. Yangın bu kareyi ağır yakmamış (düşük şiddet, dNBR 0,17).","Model bu rejimde tahmin üretmiyor. Kendi toparlanması bekleniyor, müdahale listesine alınmıyor.",True
EGE_2021_05_001954,ONCELIGE_GORE,,0.3505,,toparlanma=0.35 0.35..0.50,Öncelik sırasına göre değerlendir. Kısmi toparlanma bekleniyor; müdahale kararı bütçeye ve sıraya bağlı.,Modelin tahminine göre yangın öncesi örtünün %35 kadarı iki yılda geri gelecek. Ne kendi kapanacak kadar iyi ne de acil müdahale gerektirecek kadar kötü — öncelik skoru bu kareyi sıranın neresine koyduğuna bakın.,True
EGE_2021_05_001955,DIKIM_ADAYI,,0.3476,"kızılçam, fıstıkçamı",toparlanma=0.35 <0.35,"Aktif dikim adayı. Doğal toparlanma zayıf kalıyor, eğim (14,9°) dikime elverişli.","Modelin tahminine göre yangın öncesi örtünün ancak %35 kadarı iki yılda geri gelecek — kendi başına kapanmayacak bir açık var. Yetişme ortamı: Ege kuşağı, 799 m, orta eğimli (10–25°). Bu koşullar için önerilen türler: kızılçam, fıstıkçamı. Tür önerisi sistemin çıkarımı değil, dışarıdan verilen tablodan okunmuştur. Tablo: ÖRNEK TABLO — OGM tür-yetişme ortamı rehberi ile değiştirilecek",True
EGE_2021_05_001956,IZLE,ESKIDEN_ORMAN_DEGIL,,,prediction_status=low_severity,"İzle, müdahale etme. Yangın bu kareyi ağır yakmamış (düşük şiddet, dNBR 0,25).","Model bu rejimde tahmin üretmiyor. Kendi toparlanması bekleniyor, müdahale listesine alınmıyor. Yangın öncesi örtü otlak ve çalılık idi; orman kurma değil, mevcut örtünün onarımı düşünülmeli.",True
EGE_2021_05_001960,IZLE,SEYREK_ORTU,,,prediction_status=low_severity,"İzle, müdahale etme. Yangın bu kareyi ağır yakmamış (düşük şiddet, dNBR 0,16).","Model bu rejimde tahmin üretmiyor. Kendi toparlanması bekleniyor, müdahale listesine alınmıyor. Yangın öncesi ağaç örtüsü zaten seyrekti (%3) — buradaki açığın tamamı yangından kaynaklanmıyor olabilir.",True
EGE_2021_05_001961,DIKIM_ADAYI,,0.3334,"kızılçam, fıstıkçamı",toparlanma=0.33 <0.35,"Aktif dikim adayı. Doğal toparlanma zayıf kalıyor, eğim (7,5°) dikime elverişli.","Modelin tahminine göre yangın öncesi örtünün ancak %33 kadarı iki yılda geri gelecek — kendi başına kapanmayacak bir açık var. Yetişme ortamı: Ege kuşağı, 734 m, düz-hafif eğimli (0–10°). Bu koşullar için önerilen türler: kızılçam, fıstıkçamı. Tür önerisi sistemin çıkarımı değil, dışarıdan verilen tablodan okunmuştur. Tablo: ÖRNEK TABLO — OGM tür-yetişme ortamı rehberi ile değiştirilecek",True
EGE_2021_05_001962,IZLE,,,,prediction_status=low_severity,"İzle, müdahale etme. Yangın bu kareyi ağır yakmamış (düşük şiddet, dNBR 0,20).","Model bu rejimde tahmin üretmiyor. Kendi toparlanması bekleniyor, müdahale listesine alınmıyor.",True
EGE_2021_05_002001,IZLE,,,,prediction_status=low_severity,"İzle, müdahale etme. Yangın bu kareyi ağır yakmamış (düşük şiddet, dNBR 0,11).","Model bu rejimde tahmin üretmiyor. Kendi toparlanması bekleniyor, müdahale listesine alınmıyor.",True
EGE_2021_05_002002,ONCELIGE_GORE,,0.3639,,toparlanma=0.36 0.35..0.50,Öncelik sırasına göre değerlendir. Kısmi toparlanma bekleniyor; müdahale kararı bütçeye ve sıraya bağlı.,Modelin tahminine göre yangın öncesi örtünün %36 kadarı iki yılda geri gelecek. Ne kendi kapanacak kadar iyi ne de acil müdahale gerektirecek kadar kötü — öncelik skoru bu kareyi sıranın neresine koyduğuna bakın.,True
EGE_2021_05_002003,DIKIM_ADAYI,AGIR_YANMIS,0.2478,"karaçam, sedir",toparlanma=0.25 <0.35,"Aktif dikim adayı. Doğal toparlanma zayıf kalıyor, eğim (16,0°) dikime elverişli.","Modelin tahminine göre yangın öncesi örtünün ancak %25 kadarı iki yılda geri gelecek — kendi başına kapanmayacak bir açık var. Yangın orta-yüksek şiddet sınıfında (dNBR 0,51); toprak yüzeyi büyük olasılıkla açıkta. Yetişme ortamı: Ege kuşağı, 1163 m, orta eğimli (10–25°). Bu koşullar için önerilen türler: karaçam, sedir. Tür önerisi sistemin çıkarımı değil, dışarıdan verilen tablodan okunmuştur. Tablo: ÖRNEK TABLO — OGM tür-yetişme ortamı rehberi ile değiştirilecek",True
EGE_2021_05_002004,DIKIM_ADAYI,AGIR_YANMIS,0.2638,"karaçam, sedir",toparlanma=0.26 <0.35,"Aktif dikim adayı. Doğal toparlanma zayıf kalıyor, eğim (18,3°) dikime elverişli.","Modelin tahminine göre yangın öncesi örtünün ancak %26 kadarı iki yılda geri gelecek — kendi başına kapanmayacak bir açık var. Yangın orta-yüksek şiddet sınıfında (dNBR 0,53); toprak yüzeyi büyük olasılıkla açıkta. Yetişme ortamı: Ege kuşağı, 1127 m, orta eğimli (10–25°). Bu koşullar için önerilen türler: karaçam, sedir. Tür önerisi sistemin çıkarımı değil, dışarıdan verilen tablodan okunmuştur. Tablo: ÖRNEK TABLO — OGM tür-yetişme ortamı rehberi ile değiştirilecek",True
EGE_2021_05_002005,DIKIM_ADAYI,AGIR_YANMIS,0.2919,"karaçam, sedir",toparlanma=0.29 <0.35,"Aktif dikim adayı. Doğal toparlanma zayıf kalıyor, eğim (15,4°) dikime elverişli.","Modelin tahminine göre yangın öncesi örtünün ancak %29 kadarı iki yılda geri gelecek — kendi başına kapanmayacak bir açık var. Yangın yüksek şiddet sınıfında (dNBR 0,67); toprak yüzeyi büyük olasılıkla açıkta. Yetişme ortamı: Ege kuşağı, 1113 m, orta eğimli (10–25°). Bu koşullar için önerilen türler: karaçam, sedir. Tür önerisi sistemin çıkarımı değil, dışarıdan verilen tablodan okunmuştur. Tablo: ÖRNEK TABLO — OGM tür-yetişme ortamı rehberi ile değiştirilecek",True
EGE_2021_05_002006,DIKIM_ADAYI,AGIR_YANMIS,0.2643,"karaçam, sedir",toparlanma=0.26 <0.35,"Aktif dikim adayı. Doğal toparlanma zayıf kalıyor, eğim (21,5°) dikime elverişli.","Modelin tahminine göre yangın öncesi örtünün ancak %26 kadarı iki yılda geri gelecek — kendi başına kapanmayacak bir açık var. Yangın yüksek şiddet sınıfında (dNBR 0,75); toprak yüzeyi büyük olasılıkla açıkta. Yetişme ortamı: Ege kuşağı, 1054 m, orta eğimli (10–25°). Bu koşullar için önerilen türler: karaçam, sedir. Tür önerisi sistemin çıkarımı değil, dışarıdan verilen tablodan okunmuştur. Tablo: ÖRNEK TABLO — OGM tür-yetişme ortamı rehberi ile değiştirilecek",True
EGE_2021_05_002007,ONCELIGE_GORE,,0.3541,,toparlanma=0.35 0.35..0.50,Öncelik sırasına göre değerlendir. Kısmi toparlanma bekleniyor; müdahale kararı bütçeye ve sıraya bağlı.,Modelin tahminine göre yangın öncesi örtünün %35 kadarı iki yılda geri gelecek. Ne kendi kapanacak kadar iyi ne de acil müdahale gerektirecek kadar kötü — öncelik skoru bu kareyi sıranın neresine koyduğuna bakın.,True
EGE_2021_05_002008,IZLE,,,,prediction_status=low_severity,"İzle, müdahale etme. Yangın bu kareyi ağır yakmamış (düşük şiddet, dNBR 0,23).","Model bu rejimde tahmin üretmiyor. Kendi toparlanması bekleniyor, müdahale listesine alınmıyor.",True
EGE_2021_05_002009,IZLE,SEYREK_ORTU,,,prediction_status=low_severity,"İzle, müdahale etme. Yangın bu kareyi ağır yakmamış (düşük şiddet, dNBR 0,22).","Model bu rejimde tahmin üretmiyor. Kendi toparlanması bekleniyor, müdahale listesine alınmıyor. Yangın öncesi ağaç örtüsü zaten seyrekti (%16) — buradaki açığın tamamı yangından kaynaklanmıyor olabilir.",True
EGE_2021_05_002011,IZLE,SEYREK_ORTU,,,prediction_status=low_severity,"İzle, müdahale etme. Yangın bu kareyi ağır yakmamış (düşük şiddet, dNBR 0,10).","Model bu rejimde tahmin üretmiyor. Kendi toparlanması bekleniyor, müdahale listesine alınmıyor. Yangın öncesi ağaç örtüsü zaten seyrekti (%3) — buradaki açığın tamamı yangından kaynaklanmıyor olabilir.",True
EGE_2021_05_002013,ONCELIGE_GORE,,0.379,,toparlanma=0.38 0.35..0.50,Öncelik sırasına göre değerlendir. Kısmi toparlanma bekleniyor; müdahale kararı bütçeye ve sıraya bağlı.,Modelin tahminine göre yangın öncesi örtünün %38 kadarı iki yılda geri gelecek. Ne kendi kapanacak kadar iyi ne de acil müdahale gerektirecek kadar kötü — öncelik skoru bu kareyi sıranın neresine koyduğuna bakın.,True
EGE_2021_05_002014,DIKIM_ADAYI,AGIR_YANMIS,0.3342,"karaçam, sedir",toparlanma=0.33 <0.35,"Aktif dikim adayı. Doğal toparlanma zayıf kalıyor, eğim (13,6°) dikime elverişli.","Modelin tahminine göre yangın öncesi örtünün ancak %33 kadarı iki yılda geri gelecek — kendi başına kapanmayacak bir açık var. Yangın orta-yüksek şiddet sınıfında (dNBR 0,57); toprak yüzeyi büyük olasılıkla açıkta. Yetişme ortamı: Ege kuşağı, 844 m, orta eğimli (10–25°). Bu koşullar için önerilen türler: karaçam, sedir. Tür önerisi sistemin çıkarımı değil, dışarıdan verilen tablodan okunmuştur. Tablo: ÖRNEK TABLO — OGM tür-yetişme ortamı rehberi ile değiştirilecek",True
EGE_2021_05_002015,ONCELIGE_GORE,,0.4712,,toparlanma=0.47 0.35..0.50,Öncelik sırasına göre değerlendir. Kısmi toparlanma bekleniyor; müdahale kararı bütçeye ve sıraya bağlı.,Modelin tahminine göre yangın öncesi örtünün %47 kadarı iki yılda geri gelecek. Ne kendi kapanacak kadar iyi ne de acil müdahale gerektirecek kadar kötü — öncelik skoru bu kareyi sıranın neresine koyduğuna bakın.,True
EGE_2021_05_002016,IZLE,ESKIDEN_ORMAN_DEGIL,,,prediction_status=low_severity,"İzle, müdahale etme. Yangın bu kareyi ağır yakmamış (düşük şiddet, dNBR 0,15).","Model bu rejimde tahmin üretmiyor. Kendi toparlanması bekleniyor, müdahale listesine alınmıyor. Yangın öncesi örtü otlak ve çalılık idi; orman kurma değil, mevcut örtünün onarımı düşünülmeli.",True
EGE_2021_05_002021,IZLE,ESKIDEN_ORMAN_DEGIL,,,prediction_status=low_severity,"İzle, müdahale etme. Yangın bu kareyi ağır yakmamış (düşük şiddet, dNBR 0,14).","Model bu rejimde tahmin üretmiyor. Kendi toparlanması bekleniyor, müdahale listesine alınmıyor. Yangın öncesi örtü otlak ve çalılık idi; orman kurma değil, mevcut örtünün onarımı düşünülmeli.",True
EGE_2021_05_002061,IZLE,,,,prediction_status=low_severity,"İzle, müdahale etme. Yangın bu kareyi ağır yakmamış (düşük şiddet, dNBR 0,23).","Model bu rejimde tahmin üretmiyor. Kendi toparlanması bekleniyor, müdahale listesine alınmıyor.",True
EGE_2021_05_002062,DIKIM_ADAYI,,0.327,"karaçam, sedir",toparlanma=0.33 <0.35,"Aktif dikim adayı. Doğal toparlanma zayıf kalıyor, eğim (15,4°) dikime elverişli.","Modelin tahminine göre yangın öncesi örtünün ancak %33 kadarı iki yılda geri gelecek — kendi başına kapanmayacak bir açık var. Yetişme ortamı: Ege kuşağı, 1135 m, orta eğimli (10–25°). Bu koşullar için önerilen türler: karaçam, sedir. Tür önerisi sistemin çıkarımı değil, dışarıdan verilen tablodan okunmuştur. Tablo: ÖRNEK TABLO — OGM tür-yetişme ortamı rehberi ile değiştirilecek",True
EGE_2021_05_002063,DIKIM_ADAYI,AGIR_YANMIS,0.2803,"karaçam, sedir",toparlanma=0.28 <0.35,"Aktif dikim adayı. Doğal toparlanma zayıf kalıyor, eğim (20,1°) dikime elverişli.","Modelin tahminine göre yangın öncesi örtünün ancak %28 kadarı iki yılda geri gelecek — kendi başına kapanmayacak bir açık var. Yangın orta-yüksek şiddet sınıfında (dNBR 0,59); toprak yüzeyi büyük olasılıkla açıkta. Yetişme ortamı: Ege kuşağı, 1094 m, orta eğimli (10–25°). Bu koşullar için önerilen türler: karaçam, sedir. Tür önerisi sistemin çıkarımı değil, dışarıdan verilen tablodan okunmuştur. Tablo: ÖRNEK TABLO — OGM tür-yetişme ortamı rehberi ile değiştirilecek",True
EGE_2021_05_002064,DIKIM_ADAYI,,0.2473,"karaçam, sedir",toparlanma=0.25 <0.35,"Aktif dikim adayı. Doğal toparlanma zayıf kalıyor, eğim (16,1°) dikime elverişli.","Modelin tahminine göre yangın öncesi örtünün ancak %25 kadarı iki yılda geri gelecek — kendi başına kapanmayacak bir açık var. Yetişme ortamı: Ege kuşağı, 1056 m, orta eğimli (10–25°). Bu koşullar için önerilen türler: karaçam, sedir. Tür önerisi sistemin çıkarımı değil, dışarıdan verilen tablodan okunmuştur. Tablo: ÖRNEK TABLO — OGM tür-yetişme ortamı rehberi ile değiştirilecek",True
EGE_2021_05_002065,DIKIM_ADAYI,AGIR_YANMIS,0.2713,"karaçam, sedir",toparlanma=0.27 <0.35,"Aktif dikim adayı. Doğal toparlanma zayıf kalıyor, eğim (17,7°) dikime elverişli.","Modelin tahminine göre yangın öncesi örtünün ancak %27 kadarı iki yılda geri gelecek — kendi başına kapanmayacak bir açık var. Yangın orta-yüksek şiddet sınıfında (dNBR 0,61); toprak yüzeyi büyük olasılıkla açıkta. Yetişme ortamı: Ege kuşağı, 1050 m, orta eğimli (10–25°). Bu koşullar için önerilen türler: karaçam, sedir. Tür önerisi sistemin çıkarımı değil, dışarıdan verilen tablodan okunmuştur. Tablo: ÖRNEK TABLO — OGM tür-yetişme ortamı rehberi ile değiştirilecek",True
EGE_2021_05_002066,DIKIM_ADAYI,AGIR_YANMIS,0.2937,"karaçam, sedir",toparlanma=0.29 <0.35,"Aktif dikim adayı. Doğal toparlanma zayıf kalıyor, eğim (20,4°) dikime elverişli.","Modelin tahminine göre yangın öncesi örtünün ancak %29 kadarı iki yılda geri gelecek — kendi başına kapanmayacak bir açık var. Yangın orta-yüksek şiddet sınıfında (dNBR 0,51); toprak yüzeyi büyük olasılıkla açıkta. Yetişme ortamı: Ege kuşağı, 986 m, orta eğimli (10–25°). Bu koşullar için önerilen türler: karaçam, sedir. Tür önerisi sistemin çıkarımı değil, dışarıdan verilen tablodan okunmuştur. Tablo: ÖRNEK TABLO — OGM tür-yetişme ortamı rehberi ile değiştirilecek",True
EGE_2021_05_002067,IZLE,,,,prediction_status=low_severity,"İzle, müdahale etme. Yangın bu kareyi ağır yakmamış (düşük şiddet, dNBR 0,11).","Model bu rejimde tahmin üretmiyor. Kendi toparlanması bekleniyor, müdahale listesine alınmıyor.",True
EGE_2021_05_002068,IZLE,,,,prediction_status=low_severity,"İzle, müdahale etme. Yangın bu kareyi ağır yakmamış (düşük şiddet, dNBR 0,21).","Model bu rejimde tahmin üretmiyor. Kendi toparlanması bekleniyor, müdahale listesine alınmıyor.",True
EGE_2021_05_002073,DIKIM_ADAYI,AGIR_YANMIS,0.3008,"karaçam, sedir",toparlanma=0.30 <0.35,"Aktif dikim adayı. Doğal toparlanma zayıf kalıyor, eğim (14,5°) dikime elverişli.","Modelin tahminine göre yangın öncesi örtünün ancak %30 kadarı iki yılda geri gelecek — kendi başına kapanmayacak bir açık var. Yangın orta-yüksek şiddet sınıfında (dNBR 0,45); toprak yüzeyi büyük olasılıkla açıkta. Yetişme ortamı: Ege kuşağı, 873 m, orta eğimli (10–25°). Bu koşullar için önerilen türler: karaçam, sedir. Tür önerisi sistemin çıkarımı değil, dışarıdan verilen tablodan okunmuştur. Tablo: ÖRNEK TABLO — OGM tür-yetişme ortamı rehberi ile değiştirilecek",True
EGE_2021_05_002074,DIKIM_ADAYI,AGIR_YANMIS,0.3352,"karaçam, sedir",toparlanma=0.34 <0.35,"Aktif dikim adayı. Doğal toparlanma zayıf kalıyor, eğim (11,7°) dikime elverişli.","Modelin tahminine göre yangın öncesi örtünün ancak %34 kadarı iki yılda geri gelecek — kendi başına kapanmayacak bir açık var. Yangın orta-yüksek şiddet sınıfında (dNBR 0,45); toprak yüzeyi büyük olasılıkla açıkta. Yetişme ortamı: Ege kuşağı, 814 m, orta eğimli (10–25°). Bu koşullar için önerilen türler: karaçam, sedir. Tür önerisi sistemin çıkarımı değil, dışarıdan verilen tablodan okunmuştur. Tablo: ÖRNEK TABLO — OGM tür-yetişme ortamı rehberi ile değiştirilecek",True
EGE_2021_05_002075,IZLE,,,,prediction_status=low_severity,"İzle, müdahale etme. Yangın bu kareyi ağır yakmamış (düşük şiddet, dNBR 0,27).","Model bu rejimde tahmin üretmiyor. Kendi toparlanması bekleniyor, müdahale listesine alınmıyor.",True
EGE_2021_05_002080,IZLE,ESKIDEN_ORMAN_DEGIL,,,prediction_status=low_severity,"İzle, müdahale etme. Yangın bu kareyi ağır yakmamış (düşük şiddet, dNBR 0,13).","Model bu rejimde tahmin üretmiyor. Kendi toparlanması bekleniyor, müdahale listesine alınmıyor. Yangın öncesi örtü otlak ve çalılık idi; orman kurma değil, mevcut örtünün onarımı düşünülmeli.",True
EGE_2021_05_002119,ONCELIGE_GORE,,0.3931,,toparlanma=0.39 0.35..0.50,Öncelik sırasına göre değerlendir. Kısmi toparlanma bekleniyor; müdahale kararı bütçeye ve sıraya bağlı.,Modelin tahminine göre yangın öncesi örtünün %39 kadarı iki yılda geri gelecek. Ne kendi kapanacak kadar iyi ne de acil müdahale gerektirecek kadar kötü — öncelik skoru bu kareyi sıranın neresine koyduğuna bakın.,True
EGE_2021_05_002120,IZLE,,,,prediction_status=low_severity,"İzle, müdahale etme. Yangın bu kareyi ağır yakmamış (düşük şiddet, dNBR 0,17).","Model bu rejimde tahmin üretmiyor. Kendi toparlanması bekleniyor, müdahale listesine alınmıyor.",True
EGE_2021_05_002121,IZLE,,,,prediction_status=low_severity,"İzle, müdahale etme. Yangın bu kareyi ağır yakmamış (düşük şiddet, dNBR 0,21).","Model bu rejimde tahmin üretmiyor. Kendi toparlanması bekleniyor, müdahale listesine alınmıyor.",True
EGE_2021_05_002122,DIKIM_ADAYI,,0.3306,"karaçam, sedir",toparlanma=0.33 <0.35,"Aktif dikim adayı. Doğal toparlanma zayıf kalıyor, eğim (17,8°) dikime elverişli.","Modelin tahminine göre yangın öncesi örtünün ancak %33 kadarı iki yılda geri gelecek — kendi başına kapanmayacak bir açık var. Yetişme ortamı: Ege kuşağı, 1072 m, orta eğimli (10–25°). Bu koşullar için önerilen türler: karaçam, sedir. Tür önerisi sistemin çıkarımı değil, dışarıdan verilen tablodan okunmuştur. Tablo: ÖRNEK TABLO — OGM tür-yetişme ortamı rehberi ile değiştirilecek",True
EGE_2021_05_002123,DIKIM_ADAYI,AGIR_YANMIS,0.2929,"karaçam, sedir",toparlanma=0.29 <0.35,"Aktif dikim adayı. Doğal toparlanma zayıf kalıyor, eğim (17,7°) dikime elverişli.","Modelin tahminine göre yangın öncesi örtünün ancak %29 kadarı iki yılda geri gelecek — kendi başına kapanmayacak bir açık var. Yangın orta-yüksek şiddet sınıfında (dNBR 0,53); toprak yüzeyi büyük olasılıkla açıkta. Yetişme ortamı: Ege kuşağı, 1019 m, orta eğimli (10–25°). Bu koşullar için önerilen türler: karaçam, sedir. Tür önerisi sistemin çıkarımı değil, dışarıdan verilen tablodan okunmuştur. Tablo: ÖRNEK TABLO — OGM tür-yetişme ortamı rehberi ile değiştirilecek",True
EGE_2021_05_002124,DIKIM_ADAYI,AGIR_YANMIS,0.3188,"karaçam, sedir",toparlanma=0.32 <0.35,"Aktif dikim adayı. Doğal toparlanma zayıf kalıyor, eğim (17,9°) dikime elverişli.","Modelin tahminine göre yangın öncesi örtünün ancak %32 kadarı iki yılda geri gelecek — kendi başına kapanmayacak bir açık var. Yangın orta-yüksek şiddet sınıfında (dNBR 0,52); toprak yüzeyi büyük olasılıkla açıkta. Yetişme ortamı: Ege kuşağı, 986 m, orta eğimli (10–25°). Bu koşullar için önerilen türler: karaçam, sedir. Tür önerisi sistemin çıkarımı değil, dışarıdan verilen tablodan okunmuştur. Tablo: ÖRNEK TABLO — OGM tür-yetişme ortamı rehberi ile değiştirilecek",True
EGE_2021_05_002125,DIKIM_ADAYI,AGIR_YANMIS,0.219,"karaçam, sedir",toparlanma=0.22 <0.35,"Aktif dikim adayı. Doğal toparlanma zayıf kalıyor, eğim (24,2°) dikime elverişli.","Modelin tahminine göre yangın öncesi örtünün ancak %22 kadarı iki yılda geri gelecek — kendi başına kapanmayacak bir açık var. Yangın orta-yüksek şiddet sınıfında (dNBR 0,49); toprak yüzeyi büyük olasılıkla açıkta. Yetişme ortamı: Ege kuşağı, 959 m, orta eğimli (10–25°). Bu koşullar için önerilen türler: karaçam, sedir. Tür önerisi sistemin çıkarımı değil, dışarıdan verilen tablodan okunmuştur. Tablo: ÖRNEK TABLO — OGM tür-yetişme ortamı rehberi ile değiştirilecek",True
EGE_2021_05_002128,IZLE,,,,prediction_status=low_severity,"İzle, müdahale etme. Yangın bu kareyi ağır yakmamış (düşük şiddet, dNBR 0,13).","Model bu rejimde tahmin üretmiyor. Kendi toparlanması bekleniyor, müdahale listesine alınmıyor.",True
EGE_2021_05_002129,IZLE,SEYREK_ORTU,,,prediction_status=low_severity,"İzle, müdahale etme. Yangın bu kareyi ağır yakmamış (düşük şiddet, dNBR 0,23).","Model bu rejimde tahmin üretmiyor. Kendi toparlanması bekleniyor, müdahale listesine alınmıyor. Yangın öncesi ağaç örtüsü zaten seyrekti (%0) — buradaki açığın tamamı yangından kaynaklanmıyor olabilir.",True
EGE_2021_05_002131,IZLE,SEYREK_ORTU,,,prediction_status=low_severity,"İzle, müdahale etme. Yangın bu kareyi ağır yakmamış (düşük şiddet, dNBR 0,11).","Model bu rejimde tahmin üretmiyor. Kendi toparlanması bekleniyor, müdahale listesine alınmıyor. Yangın öncesi ağaç örtüsü zaten seyrekti (%16) — buradaki açığın tamamı yangından kaynaklanmıyor olabilir.",True
EGE_2021_05_002132,IZLE,,,,prediction_status=low_severity,"İzle, müdahale etme. Yangın bu kareyi ağır yakmamış (düşük şiddet, dNBR 0,20).","Model bu rejimde tahmin üretmiyor. Kendi toparlanması bekleniyor, müdahale listesine alınmıyor.",True
EGE_2021_05_002133,IZLE,,,,prediction_status=low_severity,"İzle, müdahale etme. Yangın bu kareyi ağır yakmamış (orta-düşük şiddet, dNBR 0,27).","Model bu rejimde tahmin üretmiyor. Kendi toparlanması bekleniyor, müdahale listesine alınmıyor.",True
EGE_2021_05_002134,DIKIM_ADAYI,SEYREK_ORTU,0.282,"karaçam, sedir",toparlanma=0.28 <0.35,"Aktif dikim adayı. Doğal toparlanma zayıf kalıyor, eğim (11,7°) dikime elverişli.","Modelin tahminine göre yangın öncesi örtünün ancak %28 kadarı iki yılda geri gelecek — kendi başına kapanmayacak bir açık var. Yangın öncesi ağaç örtüsü zaten seyrekti (%18) — buradaki açığın tamamı yangından kaynaklanmıyor olabilir. Yetişme ortamı: Ege kuşağı, 802 m, orta eğimli (10–25°). Bu koşullar için önerilen türler: karaçam, sedir. Tür önerisi sistemin çıkarımı değil, dışarıdan verilen tablodan okunmuştur. Tablo: ÖRNEK TABLO — OGM tür-yetişme ortamı rehberi ile değiştirilecek",True
EGE_2021_05_002135,DIKIM_ADAYI,,0.3094,"kızılçam, fıstıkçamı",toparlanma=0.31 <0.35,"Aktif dikim adayı. Doğal toparlanma zayıf kalıyor, eğim (10,5°) dikime elverişli.","Modelin tahminine göre yangın öncesi örtünün ancak %31 kadarı iki yılda geri gelecek — kendi başına kapanmayacak bir açık var. Yetişme ortamı: Ege kuşağı, 766 m, orta eğimli (10–25°). Bu koşullar için önerilen türler: kızılçam, fıstıkçamı. Tür önerisi sistemin çıkarımı değil, dışarıdan verilen tablodan okunmuştur. Tablo: ÖRNEK TABLO — OGM tür-yetişme ortamı rehberi ile değiştirilecek",True
EGE_2021_05_002178,IZLE,ESKIDEN_ORMAN_DEGIL,,,prediction_status=low_severity,"İzle, müdahale etme. Yangın bu kareyi ağır yakmamış (düşük şiddet, dNBR 0,24).","Model bu rejimde tahmin üretmiyor. Kendi toparlanması bekleniyor, müdahale listesine alınmıyor. Yangın öncesi örtü otlak ve çalılık idi; orman kurma değil, mevcut örtünün onarımı düşünülmeli.",True
EGE_2021_05_002179,IZLE,ESKIDEN_ORMAN_DEGIL,,,prediction_status=low_severity,"İzle, müdahale etme. Yangın bu kareyi ağır yakmamış (düşük şiddet, dNBR 0,26).","Model bu rejimde tahmin üretmiyor. Kendi toparlanması bekleniyor, müdahale listesine alınmıyor. Yangın öncesi örtü otlak ve çalılık idi; orman kurma değil, mevcut örtünün onarımı düşünülmeli.",True
EGE_2021_05_002180,IZLE,ESKIDEN_ORMAN_DEGIL,,,prediction_status=low_severity,"İzle, müdahale etme. Yangın bu kareyi ağır yakmamış (düşük şiddet, dNBR 0,24).","Model bu rejimde tahmin üretmiyor. Kendi toparlanması bekleniyor, müdahale listesine alınmıyor. Yangın öncesi örtü otlak ve çalılık idi; orman kurma değil, mevcut örtünün onarımı düşünülmeli.",True
EGE_2021_05_002181,IZLE,SEYREK_ORTU,,,prediction_status=low_severity,"İzle, müdahale etme. Yangın bu kareyi ağır yakmamış (düşük şiddet, dNBR 0,25).","Model bu rejimde tahmin üretmiyor. Kendi toparlanması bekleniyor, müdahale listesine alınmıyor. Yangın öncesi ağaç örtüsü zaten seyrekti (%21) — buradaki açığın tamamı yangından kaynaklanmıyor olabilir.",True
EGE_2021_05_002182,DIKIM_ADAYI,,0.3295,"karaçam, sedir",toparlanma=0.33 <0.35,"Aktif dikim adayı. Doğal toparlanma zayıf kalıyor, eğim (19,2°) dikime elverişli.","Modelin tahminine göre yangın öncesi örtünün ancak %33 kadarı iki yılda geri gelecek — kendi başına kapanmayacak bir açık var. Yetişme ortamı: Ege kuşağı, 999 m, orta eğimli (10–25°). Bu koşullar için önerilen türler: karaçam, sedir. Tür önerisi sistemin çıkarımı değil, dışarıdan verilen tablodan okunmuştur. Tablo: ÖRNEK TABLO — OGM tür-yetişme ortamı rehberi ile değiştirilecek",True
EGE_2021_05_002183,DIKIM_ADAYI,AGIR_YANMIS,0.2674,"karaçam, sedir",toparlanma=0.27 <0.35,"Aktif dikim adayı. Doğal toparlanma zayıf kalıyor, eğim (15,1°) dikime elverişli.","Modelin tahminine göre yangın öncesi örtünün ancak %27 kadarı iki yılda geri gelecek — kendi başına kapanmayacak bir açık var. Yangın orta-yüksek şiddet sınıfında (dNBR 0,49); toprak yüzeyi büyük olasılıkla açıkta. Yetişme ortamı: Ege kuşağı, 964 m, orta eğimli (10–25°). Bu koşullar için önerilen türler: karaçam, sedir. Tür önerisi sistemin çıkarımı değil, dışarıdan verilen tablodan okunmuştur. Tablo: ÖRNEK TABLO — OGM tür-yetişme ortamı rehberi ile değiştirilecek",True
EGE_2021_05_002184,DIKIM_ADAYI,AGIR_YANMIS,0.2697,"karaçam, sedir",toparlanma=0.27 <0.35,"Aktif dikim adayı. Doğal toparlanma zayıf kalıyor, eğim (18,6°) dikime elverişli.","Modelin tahminine göre yangın öncesi örtünün ancak %27 kadarı iki yılda geri gelecek — kendi başına kapanmayacak bir açık var. Yangın orta-yüksek şiddet sınıfında (dNBR 0,51); toprak yüzeyi büyük olasılıkla açıkta. Yetişme ortamı: Ege kuşağı, 910 m, orta eğimli (10–25°). Bu koşullar için önerilen türler: karaçam, sedir. Tür önerisi sistemin çıkarımı değil, dışarıdan verilen tablodan okunmuştur. Tablo: ÖRNEK TABLO — OGM tür-yetişme ortamı rehberi ile değiştirilecek",True
EGE_2021_05_002185,DIKIM_ADAYI,,0.2464,"karaçam, sedir",toparlanma=0.25 <0.35,"Aktif dikim adayı. Doğal toparlanma zayıf kalıyor, eğim (16,9°) dikime elverişli.","Modelin tahminine göre yangın öncesi örtünün ancak %25 kadarı iki yılda geri gelecek — kendi başına kapanmayacak bir açık var. Yetişme ortamı: Ege kuşağı, 873 m, orta eğimli (10–25°). Bu koşullar için önerilen türler: karaçam, sedir. Tür önerisi sistemin çıkarımı değil, dışarıdan verilen tablodan okunmuştur. Tablo: ÖRNEK TABLO — OGM tür-yetişme ortamı rehberi ile değiştirilecek",True
EGE_2021_05_002188,IZLE,,,,prediction_status=low_severity,"İzle, müdahale etme. Yangın bu kareyi ağır yakmamış (düşük şiddet, dNBR 0,14).","Model bu rejimde tahmin üretmiyor. Kendi toparlanması bekleniyor, müdahale listesine alınmıyor.",True
EGE_2021_05_002189,IZLE,SEYREK_ORTU,,,prediction_status=low_severity,"İzle, müdahale etme. Yangın bu kareyi ağır yakmamış (düşük şiddet, dNBR 0,18).","Model bu rejimde tahmin üretmiyor. Kendi toparlanması bekleniyor, müdahale listesine alınmıyor. Yangın öncesi ağaç örtüsü zaten seyrekti (%0) — buradaki açığın tamamı yangından kaynaklanmıyor olabilir.",True
EGE_2021_05_002191,IZLE,SEYREK_ORTU,,,prediction_status=low_severity,"İzle, müdahale etme. Yangın bu kareyi ağır yakmamış (düşük şiddet, dNBR 0,17).","Model bu rejimde tahmin üretmiyor. Kendi toparlanması bekleniyor, müdahale listesine alınmıyor. Yangın öncesi ağaç örtüsü zaten seyrekti (%16) — buradaki açığın tamamı yangından kaynaklanmıyor olabilir.",True
EGE_2021_05_002192,IZLE,SEYREK_ORTU,,,prediction_status=low_severity,"İzle, müdahale etme. Yangın bu kareyi ağır yakmamış (düşük şiddet, dNBR 0,23).","Model bu rejimde tahmin üretmiyor. Kendi toparlanması bekleniyor, müdahale listesine alınmıyor. Yangın öncesi ağaç örtüsü zaten seyrekti (%28) — buradaki açığın tamamı yangından kaynaklanmıyor olabilir.",True
EGE_2021_05_002193,DIKIM_ADAYI,SEYREK_ORTU,0.288,"karaçam, sedir",toparlanma=0.29 <0.35,"Aktif dikim adayı. Doğal toparlanma zayıf kalıyor, eğim (19,2°) dikime elverişli.","Modelin tahminine göre yangın öncesi örtünün ancak %29 kadarı iki yılda geri gelecek — kendi başına kapanmayacak bir açık var. Yangın öncesi ağaç örtüsü zaten seyrekti (%19) — buradaki açığın tamamı yangından kaynaklanmıyor olabilir. Yetişme ortamı: Ege kuşağı, 856 m, orta eğimli (10–25°). Bu koşullar için önerilen türler: karaçam, sedir. Tür önerisi sistemin çıkarımı değil, dışarıdan verilen tablodan okunmuştur. Tablo: ÖRNEK TABLO — OGM tür-yetişme ortamı rehberi ile değiştirilecek",True
EGE_2021_05_002194,IZLE,SEYREK_ORTU,,,prediction_status=low_severity,"İzle, müdahale etme. Yangın bu kareyi ağır yakmamış (orta-düşük şiddet, dNBR 0,35).","Model bu rejimde tahmin üretmiyor. Kendi toparlanması bekleniyor, müdahale listesine alınmıyor. Yangın öncesi ağaç örtüsü zaten seyrekti (%15) — buradaki açığın tamamı yangından kaynaklanmıyor olabilir.",True
EGE_2021_05_002195,IZLE,,,,prediction_status=low_severity,"İzle, müdahale etme. Yangın bu kareyi ağır yakmamış (orta-düşük şiddet, dNBR 0,29).","Model bu rejimde tahmin üretmiyor. Kendi toparlanması bekleniyor, müdahale listesine alınmıyor.",True
EGE_2021_05_002238,IZLE,,,,prediction_status=low_severity,"İzle, müdahale etme. Yangın bu kareyi ağır yakmamış (düşük şiddet, dNBR 0,22).","Model bu rejimde tahmin üretmiyor. Kendi toparlanması bekleniyor, müdahale listesine alınmıyor.",True
EGE_2021_05_002239,IZLE,ESKIDEN_ORMAN_DEGIL,,,prediction_status=low_severity,"İzle, müdahale etme. Yangın bu kareyi ağır yakmamış (düşük şiddet, dNBR 0,18).","Model bu rejimde tahmin üretmiyor. Kendi toparlanması bekleniyor, müdahale listesine alınmıyor. Yangın öncesi örtü otlak ve çalılık idi; orman kurma değil, mevcut örtünün onarımı düşünülmeli.",True
EGE_2021_05_002240,IZLE,ESKIDEN_ORMAN_DEGIL,,,prediction_status=low_severity,"İzle, müdahale etme. Yangın bu kareyi ağır yakmamış (düşük şiddet, dNBR 0,21).","Model bu rejimde tahmin üretmiyor. Kendi toparlanması bekleniyor, müdahale listesine alınmıyor. Yangın öncesi örtü otlak ve çalılık idi; orman kurma değil, mevcut örtünün onarımı düşünülmeli.",True
EGE_2021_05_002241,IZLE,ESKIDEN_ORMAN_DEGIL,,,prediction_status=low_severity,"İzle, müdahale etme. Yangın bu kareyi ağır yakmamış (düşük şiddet, dNBR 0,14).","Model bu rejimde tahmin üretmiyor. Kendi toparlanması bekleniyor, müdahale listesine alınmıyor. Yangın öncesi örtü otlak ve çalılık idi; orman kurma değil, mevcut örtünün onarımı düşünülmeli.",True
EGE_2021_05_002242,ONCELIGE_GORE,,0.3642,,toparlanma=0.36 0.35..0.50,Öncelik sırasına göre değerlendir. Kısmi toparlanma bekleniyor; müdahale kararı bütçeye ve sıraya bağlı.,Modelin tahminine göre yangın öncesi örtünün %36 kadarı iki yılda geri gelecek. Ne kendi kapanacak kadar iyi ne de acil müdahale gerektirecek kadar kötü — öncelik skoru bu kareyi sıranın neresine koyduğuna bakın.,True
EGE_2021_05_002243,DIKIM_ADAYI,AGIR_YANMIS,0.3233,"karaçam, sedir",toparlanma=0.32 <0.35,"Aktif dikim adayı. Doğal toparlanma zayıf kalıyor, eğim (9,4°) dikime elverişli.","Modelin tahminine göre yangın öncesi örtünün ancak %32 kadarı iki yılda geri gelecek — kendi başına kapanmayacak bir açık var. Yangın orta-yüksek şiddet sınıfında (dNBR 0,49); toprak yüzeyi büyük olasılıkla açıkta. Yetişme ortamı: Ege kuşağı, 922 m, düz-hafif eğimli (0–10°). Bu koşullar için önerilen türler: karaçam, sedir. Tür önerisi sistemin çıkarımı değil, dışarıdan verilen tablodan okunmuştur. Tablo: ÖRNEK TABLO — OGM tür-yetişme ortamı rehberi ile değiştirilecek",True
EGE_2021_05_002244,DIKIM_ADAYI,AGIR_YANMIS,0.2861,"karaçam, sedir",toparlanma=0.29 <0.35,"Aktif dikim adayı. Doğal toparlanma zayıf kalıyor, eğim (14,6°) dikime elverişli.","Modelin tahminine göre yangın öncesi örtünün ancak %29 kadarı iki yılda geri gelecek — kendi başına kapanmayacak bir açık var. Yangın orta-yüksek şiddet sınıfında (dNBR 0,48); toprak yüzeyi büyük olasılıkla açıkta. Yetişme ortamı: Ege kuşağı, 874 m, orta eğimli (10–25°). Bu koşullar için önerilen türler: karaçam, sedir. Tür önerisi sistemin çıkarımı değil, dışarıdan verilen tablodan okunmuştur. Tablo: ÖRNEK TABLO — OGM tür-yetişme ortamı rehberi ile değiştirilecek",True
EGE_2021_05_002245,DIKIM_ADAYI,,0.3219,"karaçam, sedir",toparlanma=0.32 <0.35,"Aktif dikim adayı. Doğal toparlanma zayıf kalıyor, eğim (12,4°) dikime elverişli.","Modelin tahminine göre yangın öncesi örtünün ancak %32 kadarı iki yılda geri gelecek — kendi başına kapanmayacak bir açık var. Yetişme ortamı: Ege kuşağı, 826 m, orta eğimli (10–25°). Bu koşullar için önerilen türler: karaçam, sedir. Tür önerisi sistemin çıkarımı değil, dışarıdan verilen tablodan okunmuştur. Tablo: ÖRNEK TABLO — OGM tür-yetişme ortamı rehberi ile değiştirilecek",True
EGE_2021_05_002246,ONCELIGE_GORE,ERISIM_ZOR,0.3715,,toparlanma=0.37 0.35..0.50,Öncelik sırasına göre değerlendir. Kısmi toparlanma bekleniyor; müdahale kararı bütçeye ve sıraya bağlı.,"Modelin tahminine göre yangın öncesi örtünün %37 kadarı iki yılda geri gelecek. Ne kendi kapanacak kadar iyi ne de acil müdahale gerektirecek kadar kötü — öncelik skoru bu kareyi sıranın neresine koyduğuna bakın. En yakın yol 2,11 km — erişim ve lojistik bu karede belirleyici olacak.",True
EGE_2021_05_002252,IZLE,SEYREK_ORTU,,,prediction_status=low_severity,"İzle, müdahale etme. Yangın bu kareyi ağır yakmamış (düşük şiddet, dNBR 0,18).","Model bu rejimde tahmin üretmiyor. Kendi toparlanması bekleniyor, müdahale listesine alınmıyor. Yangın öncesi ağaç örtüsü zaten seyrekti (%26) — buradaki açığın tamamı yangından kaynaklanmıyor olabilir.",True
EGE_2021_05_002253,ONCELIGE_GORE,SEYREK_ORTU,0.3791,,toparlanma=0.38 0.35..0.50,Öncelik sırasına göre değerlendir. Kısmi toparlanma bekleniyor; müdahale kararı bütçeye ve sıraya bağlı.,Modelin tahminine göre yangın öncesi örtünün %38 kadarı iki yılda geri gelecek. Ne kendi kapanacak kadar iyi ne de acil müdahale gerektirecek kadar kötü — öncelik skoru bu kareyi sıranın neresine koyduğuna bakın. Yangın öncesi ağaç örtüsü zaten seyrekti (%4) — buradaki açığın tamamı yangından kaynaklanmıyor olabilir.,True
EGE_2021_05_002254,IZLE,,,,prediction_status=low_severity,"İzle, müdahale etme. Yangın bu kareyi ağır yakmamış (orta-düşük şiddet, dNBR 0,29).","Model bu rejimde tahmin üretmiyor. Kendi toparlanması bekleniyor, müdahale listesine alınmıyor.",True
EGE_2021_05_002255,IZLE,,,,prediction_status=low_severity,"İzle, müdahale etme. Yangın bu kareyi ağır yakmamış (düşük şiddet, dNBR 0,17).","Model bu rejimde tahmin üretmiyor. Kendi toparlanması bekleniyor, müdahale listesine alınmıyor.",True
EGE_2021_05_002297,IZLE,,,,prediction_status=low_severity,"İzle, müdahale etme. Yangın bu kareyi ağır yakmamış (düşük şiddet, dNBR 0,12).","Model bu rejimde tahmin üretmiyor. Kendi toparlanması bekleniyor, müdahale listesine alınmıyor.",True
EGE_2021_05_002298,DIKIM_ADAYI,,0.3108,"karaçam, sedir",toparlanma=0.31 <0.35,"Aktif dikim adayı. Doğal toparlanma zayıf kalıyor, eğim (18,3°) dikime elverişli.","Modelin tahminine göre yangın öncesi örtünün ancak %31 kadarı iki yılda geri gelecek — kendi başına kapanmayacak bir açık var. Yetişme ortamı: Ege kuşağı, 1070 m, orta eğimli (10–25°). Bu koşullar için önerilen türler: karaçam, sedir. Tür önerisi sistemin çıkarımı değil, dışarıdan verilen tablodan okunmuştur. Tablo: ÖRNEK TABLO — OGM tür-yetişme ortamı rehberi ile değiştirilecek",True
EGE_2021_05_002299,ONCELIGE_GORE,,0.3983,,toparlanma=0.40 0.35..0.50,Öncelik sırasına göre değerlendir. Kısmi toparlanma bekleniyor; müdahale kararı bütçeye ve sıraya bağlı.,Modelin tahminine göre yangın öncesi örtünün %40 kadarı iki yılda geri gelecek. Ne kendi kapanacak kadar iyi ne de acil müdahale gerektirecek kadar kötü — öncelik skoru bu kareyi sıranın neresine koyduğuna bakın.,True
EGE_2021_05_002301,IZLE,,,,prediction_status=low_severity,"İzle, müdahale etme. Yangın bu kareyi ağır yakmamış (düşük şiddet, dNBR 0,18).","Model bu rejimde tahmin üretmiyor. Kendi toparlanması bekleniyor, müdahale listesine alınmıyor.",True
EGE_2021_05_002302,DIKIM_ADAYI,,0.3219,"karaçam, sedir",toparlanma=0.32 <0.35,"Aktif dikim adayı. Doğal toparlanma zayıf kalıyor, eğim (15,6°) dikime elverişli.","Modelin tahminine göre yangın öncesi örtünün ancak %32 kadarı iki yılda geri gelecek — kendi başına kapanmayacak bir açık var. Yetişme ortamı: Ege kuşağı, 900 m, orta eğimli (10–25°). Bu koşullar için önerilen türler: karaçam, sedir. Tür önerisi sistemin çıkarımı değil, dışarıdan verilen tablodan okunmuştur. Tablo: ÖRNEK TABLO — OGM tür-yetişme ortamı rehberi ile değiştirilecek",True
EGE_2021_05_002303,DIKIM_ADAYI,AGIR_YANMIS,0.3061,"karaçam, sedir",toparlanma=0.31 <0.35,"Aktif dikim adayı. Doğal toparlanma zayıf kalıyor, eğim (14,1°) dikime elverişli.","Modelin tahminine göre yangın öncesi örtünün ancak %31 kadarı iki yılda geri gelecek — kendi başına kapanmayacak bir açık var. Yangın orta-yüksek şiddet sınıfında (dNBR 0,53); toprak yüzeyi büyük olasılıkla açıkta. Yetişme ortamı: Ege kuşağı, 880 m, orta eğimli (10–25°). Bu koşullar için önerilen türler: karaçam, sedir. Tür önerisi sistemin çıkarımı değil, dışarıdan verilen tablodan okunmuştur. Tablo: ÖRNEK TABLO — OGM tür-yetişme ortamı rehberi ile değiştirilecek",True
EGE_2021_05_002304,DIKIM_ADAYI,,0.3122,"karaçam, sedir",toparlanma=0.31 <0.35,"Aktif dikim adayı. Doğal toparlanma zayıf kalıyor, eğim (12,4°) dikime elverişli.","Modelin tahminine göre yangın öncesi örtünün ancak %31 kadarı iki yılda geri gelecek — kendi başına kapanmayacak bir açık var. Yetişme ortamı: Ege kuşağı, 846 m, orta eğimli (10–25°). Bu koşullar için önerilen türler: karaçam, sedir. Tür önerisi sistemin çıkarımı değil, dışarıdan verilen tablodan okunmuştur. Tablo: ÖRNEK TABLO — OGM tür-yetişme ortamı rehberi ile değiştirilecek",True
EGE_2021_05_002305,ONCELIGE_GORE,,0.3838,,toparlanma=0.38 0.35..0.50,Öncelik sırasına göre değerlendir. Kısmi toparlanma bekleniyor; müdahale kararı bütçeye ve sıraya bağlı.,Modelin tahminine göre yangın öncesi örtünün %38 kadarı iki yılda geri gelecek. Ne kendi kapanacak kadar iyi ne de acil müdahale gerektirecek kadar kötü — öncelik skoru bu kareyi sıranın neresine koyduğuna bakın.,True
EGE_2021_05_002306,IZLE,,,,prediction_status=low_severity,"İzle, müdahale etme. Yangın bu kareyi ağır yakmamış (düşük şiddet, dNBR 0,23).","Model bu rejimde tahmin üretmiyor. Kendi toparlanması bekleniyor, müdahale listesine alınmıyor.",True
EGE_2021_05_002309,IZLE,SEYREK_ORTU,,,prediction_status=low_severity,"İzle, müdahale etme. Yangın bu kareyi ağır yakmamış (düşük şiddet, dNBR 0,18).","Model bu rejimde tahmin üretmiyor. Kendi toparlanması bekleniyor, müdahale listesine alınmıyor. Yangın öncesi ağaç örtüsü zaten seyrekti (%24) — buradaki açığın tamamı yangından kaynaklanmıyor olabilir.",True
EGE_2021_05_002312,IZLE,SEYREK_ORTU,,,prediction_status=low_severity,"İzle, müdahale etme. Yangın bu kareyi ağır yakmamış (düşük şiddet, dNBR 0,26).","Model bu rejimde tahmin üretmiyor. Kendi toparlanması bekleniyor, müdahale listesine alınmıyor. Yangın öncesi ağaç örtüsü zaten seyrekti (%22) — buradaki açığın tamamı yangından kaynaklanmıyor olabilir.",True
EGE_2021_05_002313,ONCELIGE_GORE,SEYREK_ORTU|AGIR_YANMIS,0.4227,,toparlanma=0.42 0.35..0.50,Öncelik sırasına göre değerlendir. Kısmi toparlanma bekleniyor; müdahale kararı bütçeye ve sıraya bağlı.,"Modelin tahminine göre yangın öncesi örtünün %42 kadarı iki yılda geri gelecek. Ne kendi kapanacak kadar iyi ne de acil müdahale gerektirecek kadar kötü — öncelik skoru bu kareyi sıranın neresine koyduğuna bakın. Yangın öncesi ağaç örtüsü zaten seyrekti (%17) — buradaki açığın tamamı yangından kaynaklanmıyor olabilir. Yangın orta-yüksek şiddet sınıfında (dNBR 0,46); toprak yüzeyi büyük olasılıkla açıkta.",True
EGE_2021_05_002357,IZLE,,,,prediction_status=low_severity,"İzle, müdahale etme. Yangın bu kareyi ağır yakmamış (düşük şiddet, dNBR 0,21).","Model bu rejimde tahmin üretmiyor. Kendi toparlanması bekleniyor, müdahale listesine alınmıyor.",True
EGE_2021_05_002358,DIKIM_ADAYI,,0.2951,"karaçam, sedir",toparlanma=0.30 <0.35,"Aktif dikim adayı. Doğal toparlanma zayıf kalıyor, eğim (23,2°) dikime elverişli.","Modelin tahminine göre yangın öncesi örtünün ancak %30 kadarı iki yılda geri gelecek — kendi başına kapanmayacak bir açık var. Yetişme ortamı: Ege kuşağı, 989 m, orta eğimli (10–25°). Bu koşullar için önerilen türler: karaçam, sedir. Tür önerisi sistemin çıkarımı değil, dışarıdan verilen tablodan okunmuştur. Tablo: ÖRNEK TABLO — OGM tür-yetişme ortamı rehberi ile değiştirilecek",True
EGE_2021_05_002359,ONCELIGE_GORE,,0.3595,,toparlanma=0.36 0.35..0.50,Öncelik sırasına göre değerlendir. Kısmi toparlanma bekleniyor; müdahale kararı bütçeye ve sıraya bağlı.,Modelin tahminine göre yangın öncesi örtünün %36 kadarı iki yılda geri gelecek. Ne kendi kapanacak kadar iyi ne de acil müdahale gerektirecek kadar kötü — öncelik skoru bu kareyi sıranın neresine koyduğuna bakın.,True
EGE_2021_05_002360,IZLE,,,,prediction_status=low_severity,"İzle, müdahale etme. Yangın bu kareyi ağır yakmamış (düşük şiddet, dNBR 0,26).","Model bu rejimde tahmin üretmiyor. Kendi toparlanması bekleniyor, müdahale listesine alınmıyor.",True
EGE_2021_05_002361,ONCELIGE_GORE,,0.3772,,toparlanma=0.38 0.35..0.50,Öncelik sırasına göre değerlendir. Kısmi toparlanma bekleniyor; müdahale kararı bütçeye ve sıraya bağlı.,Modelin tahminine göre yangın öncesi örtünün %38 kadarı iki yılda geri gelecek. Ne kendi kapanacak kadar iyi ne de acil müdahale gerektirecek kadar kötü — öncelik skoru bu kareyi sıranın neresine koyduğuna bakın.,True
EGE_2021_05_002362,DIKIM_ADAYI,AGIR_YANMIS,0.312,"karaçam, sedir",toparlanma=0.31 <0.35,"Aktif dikim adayı. Doğal toparlanma zayıf kalıyor, eğim (12,9°) dikime elverişli.","Modelin tahminine göre yangın öncesi örtünün ancak %31 kadarı iki yılda geri gelecek — kendi başına kapanmayacak bir açık var. Yangın orta-yüksek şiddet sınıfında (dNBR 0,49); toprak yüzeyi büyük olasılıkla açıkta. Yetişme ortamı: Ege kuşağı, 879 m, orta eğimli (10–25°). Bu koşullar için önerilen türler: karaçam, sedir. Tür önerisi sistemin çıkarımı değil, dışarıdan verilen tablodan okunmuştur. Tablo: ÖRNEK TABLO — OGM tür-yetişme ortamı rehberi ile değiştirilecek",True
EGE_2021_05_002363,ONCELIGE_GORE,,0.3847,,toparlanma=0.38 0.35..0.50,Öncelik sırasına göre değerlendir. Kısmi toparlanma bekleniyor; müdahale kararı bütçeye ve sıraya bağlı.,Modelin tahminine göre yangın öncesi örtünün %38 kadarı iki yılda geri gelecek. Ne kendi kapanacak kadar iyi ne de acil müdahale gerektirecek kadar kötü — öncelik skoru bu kareyi sıranın neresine koyduğuna bakın.,True
EGE_2021_05_002364,IZLE,SEYREK_ORTU,,,prediction_status=low_severity,"İzle, müdahale etme. Yangın bu kareyi ağır yakmamış (düşük şiddet, dNBR 0,18).","Model bu rejimde tahmin üretmiyor. Kendi toparlanması bekleniyor, müdahale listesine alınmıyor. Yangın öncesi ağaç örtüsü zaten seyrekti (%18) — buradaki açığın tamamı yangından kaynaklanmıyor olabilir.",True
EGE_2021_05_002365,IZLE,,,,prediction_status=low_severity,"İzle, müdahale etme. Yangın bu kareyi ağır yakmamış (düşük şiddet, dNBR 0,20).","Model bu rejimde tahmin üretmiyor. Kendi toparlanması bekleniyor, müdahale listesine alınmıyor.",True
EGE_2021_05_002366,IZLE,,,,prediction_status=low_severity,"İzle, müdahale etme. Yangın bu kareyi ağır yakmamış (düşük şiddet, dNBR 0,13).","Model bu rejimde tahmin üretmiyor. Kendi toparlanması bekleniyor, müdahale listesine alınmıyor.",True
EGE_2021_05_002367,IZLE,,,,prediction_status=low_severity,"İzle, müdahale etme. Yangın bu kareyi ağır yakmamış (düşük şiddet, dNBR 0,11).","Model bu rejimde tahmin üretmiyor. Kendi toparlanması bekleniyor, müdahale listesine alınmıyor.",True
EGE_2021_05_002368,IZLE,,,,prediction_status=low_severity,"İzle, müdahale etme. Yangın bu kareyi ağır yakmamış (düşük şiddet, dNBR 0,15).","Model bu rejimde tahmin üretmiyor. Kendi toparlanması bekleniyor, müdahale listesine alınmıyor.",True
EGE_2021_05_002369,IZLE,,,,prediction_status=low_severity,"İzle, müdahale etme. Yangın bu kareyi ağır yakmamış (orta-düşük şiddet, dNBR 0,28).","Model bu rejimde tahmin üretmiyor. Kendi toparlanması bekleniyor, müdahale listesine alınmıyor.",True
EGE_2021_05_002370,IZLE,,,,prediction_status=low_severity,"İzle, müdahale etme. Yangın bu kareyi ağır yakmamış (düşük şiddet, dNBR 0,11).","Model bu rejimde tahmin üretmiyor. Kendi toparlanması bekleniyor, müdahale listesine alınmıyor.",True
EGE_2021_05_002372,IZLE,ESKIDEN_ORMAN_DEGIL,,,prediction_status=low_severity,"İzle, müdahale etme. Yangın bu kareyi ağır yakmamış (düşük şiddet, dNBR 0,19).","Model bu rejimde tahmin üretmiyor. Kendi toparlanması bekleniyor, müdahale listesine alınmıyor. Yangın öncesi örtü otlak ve çalılık idi; orman kurma değil, mevcut örtünün onarımı düşünülmeli.",True
EGE_2021_05_002373,GENCLESME_IZLE,ESKIDEN_ORMAN_DEGIL,0.5433,,toparlanma=0.54 >=0.50,Doğal gençleşmeyi izle. Doğal toparlanma yeterli görünüyor.,"Modelin tahminine göre yangın öncesi örtünün %54 kadarı iki yılda geri geliyor — bu yangınlarda ölçtüğümüz tipik toparlanmanın üstünde. Müdahale yerine izleme öneriliyor; kaynak daha zayıf karelere ayrılmalı. Yangın öncesi örtü otlak ve çalılık idi; orman kurma değil, mevcut örtünün onarımı düşünülmeli.",True
EGE_2021_05_002417,IZLE,DIK_YAMAC,,,prediction_status=low_severity,"İzle, müdahale etme. Yangın bu kareyi ağır yakmamış (düşük şiddet, dNBR 0,19).","Model bu rejimde tahmin üretmiyor. Kendi toparlanması bekleniyor, müdahale listesine alınmıyor. Eğim 25,5° ile yüksek; makineli çalışma sınırlı olabilir.",True
EGE_2021_05_002418,ONCELIGE_GORE,,0.4567,,toparlanma=0.46 0.35..0.50,Öncelik sırasına göre değerlendir. Kısmi toparlanma bekleniyor; müdahale kararı bütçeye ve sıraya bağlı.,Modelin tahminine göre yangın öncesi örtünün %46 kadarı iki yılda geri gelecek. Ne kendi kapanacak kadar iyi ne de acil müdahale gerektirecek kadar kötü — öncelik skoru bu kareyi sıranın neresine koyduğuna bakın.,True
EGE_2021_05_002419,ONCELIGE_GORE,AGIR_YANMIS,0.3707,,toparlanma=0.37 0.35..0.50,Öncelik sırasına göre değerlendir. Kısmi toparlanma bekleniyor; müdahale kararı bütçeye ve sıraya bağlı.,"Modelin tahminine göre yangın öncesi örtünün %37 kadarı iki yılda geri gelecek. Ne kendi kapanacak kadar iyi ne de acil müdahale gerektirecek kadar kötü — öncelik skoru bu kareyi sıranın neresine koyduğuna bakın. Yangın orta-yüksek şiddet sınıfında (dNBR 0,52); toprak yüzeyi büyük olasılıkla açıkta.",True
EGE_2021_05_002420,ONCELIGE_GORE,,0.4227,,toparlanma=0.42 0.35..0.50,Öncelik sırasına göre değerlendir. Kısmi toparlanma bekleniyor; müdahale kararı bütçeye ve sıraya bağlı.,Modelin tahminine göre yangın öncesi örtünün %42 kadarı iki yılda geri gelecek. Ne kendi kapanacak kadar iyi ne de acil müdahale gerektirecek kadar kötü — öncelik skoru bu kareyi sıranın neresine koyduğuna bakın.,True
EGE_2021_05_002421,ONCELIGE_GORE,,0.3667,,toparlanma=0.37 0.35..0.50,Öncelik sırasına göre değerlendir. Kısmi toparlanma bekleniyor; müdahale kararı bütçeye ve sıraya bağlı.,Modelin tahminine göre yangın öncesi örtünün %37 kadarı iki yılda geri gelecek. Ne kendi kapanacak kadar iyi ne de acil müdahale gerektirecek kadar kötü — öncelik skoru bu kareyi sıranın neresine koyduğuna bakın.,True
EGE_2021_05_002422,IZLE,,,,prediction_status=low_severity,"İzle, müdahale etme. Yangın bu kareyi ağır yakmamış (düşük şiddet, dNBR 0,24).","Model bu rejimde tahmin üretmiyor. Kendi toparlanması bekleniyor, müdahale listesine alınmıyor.",True
EGE_2021_05_002423,ONCELIGE_GORE,,0.3898,,toparlanma=0.39 0.35..0.50,Öncelik sırasına göre değerlendir. Kısmi toparlanma bekleniyor; müdahale kararı bütçeye ve sıraya bağlı.,Modelin tahminine göre yangın öncesi örtünün %39 kadarı iki yılda geri gelecek. Ne kendi kapanacak kadar iyi ne de acil müdahale gerektirecek kadar kötü — öncelik skoru bu kareyi sıranın neresine koyduğuna bakın.,True
EGE_2021_05_002429,IZLE,ESKIDEN_ORMAN_DEGIL,,,prediction_status=low_severity,"İzle, müdahale etme. Yangın bu kareyi ağır yakmamış (düşük şiddet, dNBR 0,15).","Model bu rejimde tahmin üretmiyor. Kendi toparlanması bekleniyor, müdahale listesine alınmıyor. Yangın öncesi örtü otlak ve çalılık idi; orman kurma değil, mevcut örtünün onarımı düşünülmeli.",True
EGE_2021_05_002433,IZLE,ESKIDEN_ORMAN_DEGIL,,,prediction_status=low_severity,"İzle, müdahale etme. Yangın bu kareyi ağır yakmamış (düşük şiddet, dNBR 0,17).","Model bu rejimde tahmin üretmiyor. Kendi toparlanması bekleniyor, müdahale listesine alınmıyor. Yangın öncesi örtü otlak ve çalılık idi; orman kurma değil, mevcut örtünün onarımı düşünülmeli.",True
EGE_2021_05_002477,IZLE,SEYREK_ORTU,,,prediction_status=low_severity,"İzle, müdahale etme. Yangın bu kareyi ağır yakmamış (düşük şiddet, dNBR 0,12).","Model bu rejimde tahmin üretmiyor. Kendi toparlanması bekleniyor, müdahale listesine alınmıyor. Yangın öncesi ağaç örtüsü zaten seyrekti (%6) — buradaki açığın tamamı yangından kaynaklanmıyor olabilir.",True
EGE_2021_05_002478,DIKIM_ADAYI,AGIR_YANMIS,0.3151,"karaçam, sedir",toparlanma=0.32 <0.35,"Aktif dikim adayı. Doğal toparlanma zayıf kalıyor, eğim (16,7°) dikime elverişli.","Modelin tahminine göre yangın öncesi örtünün ancak %32 kadarı iki yılda geri gelecek — kendi başına kapanmayacak bir açık var. Yangın orta-yüksek şiddet sınıfında (dNBR 0,56); toprak yüzeyi büyük olasılıkla açıkta. Yetişme ortamı: Ege kuşağı, 873 m, orta eğimli (10–25°). Bu koşullar için önerilen türler: karaçam, sedir. Tür önerisi sistemin çıkarımı değil, dışarıdan verilen tablodan okunmuştur. Tablo: ÖRNEK TABLO — OGM tür-yetişme ortamı rehberi ile değiştirilecek",True
EGE_2021_05_002479,ONCELIGE_GORE,,0.3775,,toparlanma=0.38 0.35..0.50,Öncelik sırasına göre değerlendir. Kısmi toparlanma bekleniyor; müdahale kararı bütçeye ve sıraya bağlı.,Modelin tahminine göre yangın öncesi örtünün %38 kadarı iki yılda geri gelecek. Ne kendi kapanacak kadar iyi ne de acil müdahale gerektirecek kadar kötü — öncelik skoru bu kareyi sıranın neresine koyduğuna bakın.,True
EGE_2021_05_002493,IZLE,ESKIDEN_ORMAN_DEGIL,,,prediction_status=low_severity,"İzle, müdahale etme. Yangın bu kareyi ağır yakmamış (düşük şiddet, dNBR 0,15).","Model bu rejimde tahmin üretmiyor. Kendi toparlanması bekleniyor, müdahale listesine alınmıyor. Yangın öncesi örtü otlak ve çalılık idi; orman kurma değil, mevcut örtünün onarımı düşünülmeli.",True
EGE_2021_05_002538,IZLE,ESKIDEN_ORMAN_DEGIL,,,prediction_status=low_severity,"İzle, müdahale etme. Yangın bu kareyi ağır yakmamış (düşük şiddet, dNBR 0,24).","Model bu rejimde tahmin üretmiyor. Kendi toparlanması bekleniyor, müdahale listesine alınmıyor. Yangın öncesi örtü otlak ve çalılık idi; orman kurma değil, mevcut örtünün onarımı düşünülmeli.",True
EGE_2021_05_002598,IZLE,ESKIDEN_ORMAN_DEGIL,,,prediction_status=low_severity,"İzle, müdahale etme. Yangın bu kareyi ağır yakmamış (düşük şiddet, dNBR 0,10).","Model bu rejimde tahmin üretmiyor. Kendi toparlanması bekleniyor, müdahale listesine alınmıyor. Yangın öncesi örtü otlak ve çalılık idi; orman kurma değil, mevcut örtünün onarımı düşünülmeli.",True
EGE_2021_05_003351,KAPSAM_DISI,,,,land_cover=Tarim,"Ağaçlandırma kapsamı dışı. Bu kare tarım alanı olarak sınıflanmış, orman rehabilitasyonu hedefi değil.",Öncelik sıralamasına dahil edilmiyor.,False
EGE_2021_05_003411,KAPSAM_DISI,,,,land_cover=Tarim,"Ağaçlandırma kapsamı dışı. Bu kare tarım alanı olarak sınıflanmış, orman rehabilitasyonu hedefi değil.",Öncelik sıralamasına dahil edilmiyor.,False
EGE_2021_05_003414,IZLE,ESKIDEN_ORMAN_DEGIL,,,prediction_status=low_severity,"İzle, müdahale etme. Yangın bu kareyi ağır yakmamış (düşük şiddet, dNBR 0,14).","Model bu rejimde tahmin üretmiyor. Kendi toparlanması bekleniyor, müdahale listesine alınmıyor. Yangın öncesi örtü otlak ve çalılık idi; orman kurma değil, mevcut örtünün onarımı düşünülmeli.",True
EGE_2021_05_003474,KAPSAM_DISI,,,,land_cover=Tarim,"Ağaçlandırma kapsamı dışı. Bu kare tarım alanı olarak sınıflanmış, orman rehabilitasyonu hedefi değil.",Öncelik sıralamasına dahil edilmiyor.,False
EGE_2021_05_003650,KAPSAM_DISI,,,,land_cover=Tarim,"Ağaçlandırma kapsamı dışı. Bu kare tarım alanı olarak sınıflanmış, orman rehabilitasyonu hedefi değil.",Öncelik sıralamasına dahil edilmiyor.,False
