cell_id,hukum,ek_kosullar,toparlanma_orani,tur_onerisi,tetikleyen,ozet,ayrinti,zamanlama_notu_var
EGE_2023_01_000060,KAPSAM_DISI,,0.4204,,land_cover=Tarim,"Ağaçlandırma kapsamı dışı. Bu kare tarım alanı olarak sınıflanmış, orman rehabilitasyonu hedefi değil.",Öncelik sıralamasına dahil edilmiyor.,False
EGE_2023_01_000061,KAPSAM_DISI,,0.4463,,land_cover=Tarim,"Ağaçlandırma kapsamı dışı. Bu kare tarım alanı olarak sınıflanmış, orman rehabilitasyonu hedefi değil.",Öncelik sıralamasına dahil edilmiyor.,False
EGE_2023_01_000079,KAPSAM_DISI,,,,land_cover=Tarim,"Ağaçlandırma kapsamı dışı. Bu kare tarım alanı olarak sınıflanmış, orman rehabilitasyonu hedefi değil.",Öncelik sıralamasına dahil edilmiyor.,False
EGE_2023_01_000080,KAPSAM_DISI,,0.4984,,land_cover=Tarim,"Ağaçlandırma kapsamı dışı. Bu kare tarım alanı olarak sınıflanmış, orman rehabilitasyonu hedefi değil.",Öncelik sıralamasına dahil edilmiyor.,False
EGE_2023_01_000082,KAPSAM_DISI,,,,land_cover=Tarim,"Ağaçlandırma kapsamı dışı. Bu kare tarım alanı olarak sınıflanmış, orman rehabilitasyonu hedefi değil.",Öncelik sıralamasına dahil edilmiyor.,False
EGE_2023_01_000099,KAPSAM_DISI,,,,land_cover=Tarim,"Ağaçlandırma kapsamı dışı. Bu kare tarım alanı olarak sınıflanmış, orman rehabilitasyonu hedefi değil.",Öncelik sıralamasına dahil edilmiyor.,False
EGE_2023_01_000113,KAPSAM_DISI,,,,land_cover=Tarim,"Ağaçlandırma kapsamı dışı. Bu kare tarım alanı olarak sınıflanmış, orman rehabilitasyonu hedefi değil.",Öncelik sıralamasına dahil edilmiyor.,False
EGE_2023_01_000119,KAPSAM_DISI,,0.5128,,land_cover=Tarim,"Ağaçlandırma kapsamı dışı. Bu kare tarım alanı olarak sınıflanmış, orman rehabilitasyonu hedefi değil.",Öncelik sıralamasına dahil edilmiyor.,False
EGE_2023_01_000120,KAPSAM_DISI,,0.4692,,land_cover=Tarim,"Ağaçlandırma kapsamı dışı. Bu kare tarım alanı olarak sınıflanmış, orman rehabilitasyonu hedefi değil.",Öncelik sıralamasına dahil edilmiyor.,False
EGE_2023_01_000121,KAPSAM_DISI,,0.66,,land_cover=Tarim,"Ağaçlandırma kapsamı dışı. Bu kare tarım alanı olarak sınıflanmış, orman rehabilitasyonu hedefi değil.",Öncelik sıralamasına dahil edilmiyor.,False
EGE_2023_01_000140,KAPSAM_DISI,,,,land_cover=Tarim,"Ağaçlandırma kapsamı dışı. Bu kare tarım alanı olarak sınıflanmış, orman rehabilitasyonu hedefi değil.",Öncelik sıralamasına dahil edilmiyor.,False
EGE_2023_01_000150,KAPSAM_DISI,,,,land_cover=Tarim,"Ağaçlandırma kapsamı dışı. Bu kare tarım alanı olarak sınıflanmış, orman rehabilitasyonu hedefi değil.",Öncelik sıralamasına dahil edilmiyor.,False
EGE_2023_01_000154,KAPSAM_DISI,,,,land_cover=Tarim,"Ağaçlandırma kapsamı dışı. Bu kare tarım alanı olarak sınıflanmış, orman rehabilitasyonu hedefi değil.",Öncelik sıralamasına dahil edilmiyor.,False
EGE_2023_01_000171,KAPSAM_DISI,,,,land_cover=Tarim,"Ağaçlandırma kapsamı dışı. Bu kare tarım alanı olarak sınıflanmış, orman rehabilitasyonu hedefi değil.",Öncelik sıralamasına dahil edilmiyor.,False
EGE_2023_01_000178,KAPSAM_DISI,,,,land_cover=Tarim,"Ağaçlandırma kapsamı dışı. Bu kare tarım alanı olarak sınıflanmış, orman rehabilitasyonu hedefi değil.",Öncelik sıralamasına dahil edilmiyor.,False
EGE_2023_01_000198,KAPSAM_DISI,,,,land_cover=Tarim,"Ağaçlandırma kapsamı dışı. Bu kare tarım alanı olarak sınıflanmış, orman rehabilitasyonu hedefi değil.",Öncelik sıralamasına dahil edilmiyor.,False
EGE_2023_01_000230,KAPSAM_DISI,,,,land_cover=Tarim,"Ağaçlandırma kapsamı dışı. Bu kare tarım alanı olarak sınıflanmış, orman rehabilitasyonu hedefi değil.",Öncelik sıralamasına dahil edilmiyor.,False
EGE_2023_01_000236,KAPSAM_DISI,,,,land_cover=Tarim,"Ağaçlandırma kapsamı dışı. Bu kare tarım alanı olarak sınıflanmış, orman rehabilitasyonu hedefi değil.",Öncelik sıralamasına dahil edilmiyor.,False
EGE_2023_01_000239,KAPSAM_DISI,,,,land_cover=Tarim,"Ağaçlandırma kapsamı dışı. Bu kare tarım alanı olarak sınıflanmış, orman rehabilitasyonu hedefi değil.",Öncelik sıralamasına dahil edilmiyor.,False
EGE_2023_01_000242,KAPSAM_DISI,,0.5401,,land_cover=Tarim,"Ağaçlandırma kapsamı dışı. Bu kare tarım alanı olarak sınıflanmış, orman rehabilitasyonu hedefi değil.",Öncelik sıralamasına dahil edilmiyor.,False
EGE_2023_01_000276,KAPSAM_DISI,,,,land_cover=Tarim,"Ağaçlandırma kapsamı dışı. Bu kare tarım alanı olarak sınıflanmış, orman rehabilitasyonu hedefi değil.",Öncelik sıralamasına dahil edilmiyor.,False
EGE_2023_01_000288,KAPSAM_DISI,,,,land_cover=Tarim,"Ağaçlandırma kapsamı dışı. Bu kare tarım alanı olarak sınıflanmış, orman rehabilitasyonu hedefi değil.",Öncelik sıralamasına dahil edilmiyor.,False
EGE_2023_01_000293,KAPSAM_DISI,,,,land_cover=Tarim,"Ağaçlandırma kapsamı dışı. Bu kare tarım alanı olarak sınıflanmış, orman rehabilitasyonu hedefi değil.",Öncelik sıralamasına dahil edilmiyor.,False
EGE_2023_01_000317,KAPSAM_DISI,,,,land_cover=Tarim,"Ağaçlandırma kapsamı dışı. Bu kare tarım alanı olarak sınıflanmış, orman rehabilitasyonu hedefi değil.",Öncelik sıralamasına dahil edilmiyor.,False
EGE_2023_01_000319,KAPSAM_DISI,,,,land_cover=Tarim,"Ağaçlandırma kapsamı dışı. Bu kare tarım alanı olarak sınıflanmış, orman rehabilitasyonu hedefi değil.",Öncelik sıralamasına dahil edilmiyor.,False
EGE_2023_01_000323,KAPSAM_DISI,,,,land_cover=Tarim,"Ağaçlandırma kapsamı dışı. Bu kare tarım alanı olarak sınıflanmış, orman rehabilitasyonu hedefi değil.",Öncelik sıralamasına dahil edilmiyor.,False
EGE_2023_01_000324,KAPSAM_DISI,,,,land_cover=Tarim,"Ağaçlandırma kapsamı dışı. Bu kare tarım alanı olarak sınıflanmış, orman rehabilitasyonu hedefi değil.",Öncelik sıralamasına dahil edilmiyor.,False
EGE_2023_01_000351,KAPSAM_DISI,,,,land_cover=Tarim,"Ağaçlandırma kapsamı dışı. Bu kare tarım alanı olarak sınıflanmış, orman rehabilitasyonu hedefi değil.",Öncelik sıralamasına dahil edilmiyor.,False
EGE_2023_01_000364,KAPSAM_DISI,,,,land_cover=Tarim,"Ağaçlandırma kapsamı dışı. Bu kare tarım alanı olarak sınıflanmış, orman rehabilitasyonu hedefi değil.",Öncelik sıralamasına dahil edilmiyor.,False
EGE_2023_01_000377,KAPSAM_DISI,,,,land_cover=Tarim,"Ağaçlandırma kapsamı dışı. Bu kare tarım alanı olarak sınıflanmış, orman rehabilitasyonu hedefi değil.",Öncelik sıralamasına dahil edilmiyor.,False
EGE_2023_01_000378,KAPSAM_DISI,,,,land_cover=Tarim,"Ağaçlandırma kapsamı dışı. Bu kare tarım alanı olarak sınıflanmış, orman rehabilitasyonu hedefi değil.",Öncelik sıralamasına dahil edilmiyor.,False
EGE_2023_01_000387,KAPSAM_DISI,,,,land_cover=Tarim,"Ağaçlandırma kapsamı dışı. Bu kare tarım alanı olarak sınıflanmış, orman rehabilitasyonu hedefi değil.",Öncelik sıralamasına dahil edilmiyor.,False
EGE_2023_01_000428,KAPSAM_DISI,,,,land_cover=Tarim,"Ağaçlandırma kapsamı dışı. Bu kare tarım alanı olarak sınıflanmış, orman rehabilitasyonu hedefi değil.",Öncelik sıralamasına dahil edilmiyor.,False
EGE_2023_01_000436,KAPSAM_DISI,,,,land_cover=Tarim,"Ağaçlandırma kapsamı dışı. Bu kare tarım alanı olarak sınıflanmış, orman rehabilitasyonu hedefi değil.",Öncelik sıralamasına dahil edilmiyor.,False
EGE_2023_01_000438,KAPSAM_DISI,,,,land_cover=Tarim,"Ağaçlandırma kapsamı dışı. Bu kare tarım alanı olarak sınıflanmış, orman rehabilitasyonu hedefi değil.",Öncelik sıralamasına dahil edilmiyor.,False
EGE_2023_01_000439,KAPSAM_DISI,,,,land_cover=Tarim,"Ağaçlandırma kapsamı dışı. Bu kare tarım alanı olarak sınıflanmış, orman rehabilitasyonu hedefi değil.",Öncelik sıralamasına dahil edilmiyor.,False
EGE_2023_01_000444,KAPSAM_DISI,,,,land_cover=Tarim,"Ağaçlandırma kapsamı dışı. Bu kare tarım alanı olarak sınıflanmış, orman rehabilitasyonu hedefi değil.",Öncelik sıralamasına dahil edilmiyor.,False
EGE_2023_01_000445,KAPSAM_DISI,,,,land_cover=Tarim,"Ağaçlandırma kapsamı dışı. Bu kare tarım alanı olarak sınıflanmış, orman rehabilitasyonu hedefi değil.",Öncelik sıralamasına dahil edilmiyor.,False
EGE_2023_01_000468,KAPSAM_DISI,,,,land_cover=Tarim,"Ağaçlandırma kapsamı dışı. Bu kare tarım alanı olarak sınıflanmış, orman rehabilitasyonu hedefi değil.",Öncelik sıralamasına dahil edilmiyor.,False
EGE_2023_01_000487,KAPSAM_DISI,,,,land_cover=Tarim,"Ağaçlandırma kapsamı dışı. Bu kare tarım alanı olarak sınıflanmış, orman rehabilitasyonu hedefi değil.",Öncelik sıralamasına dahil edilmiyor.,False
EGE_2023_01_000488,KAPSAM_DISI,,,,land_cover=Tarim,"Ağaçlandırma kapsamı dışı. Bu kare tarım alanı olarak sınıflanmış, orman rehabilitasyonu hedefi değil.",Öncelik sıralamasına dahil edilmiyor.,False
EGE_2023_01_000490,KAPSAM_DISI,,,,land_cover=Tarim,"Ağaçlandırma kapsamı dışı. Bu kare tarım alanı olarak sınıflanmış, orman rehabilitasyonu hedefi değil.",Öncelik sıralamasına dahil edilmiyor.,False
EGE_2023_01_000491,KAPSAM_DISI,,,,land_cover=Tarim,"Ağaçlandırma kapsamı dışı. Bu kare tarım alanı olarak sınıflanmış, orman rehabilitasyonu hedefi değil.",Öncelik sıralamasına dahil edilmiyor.,False
EGE_2023_01_000492,KAPSAM_DISI,,,,land_cover=Tarim,"Ağaçlandırma kapsamı dışı. Bu kare tarım alanı olarak sınıflanmış, orman rehabilitasyonu hedefi değil.",Öncelik sıralamasına dahil edilmiyor.,False
EGE_2023_01_000493,KAPSAM_DISI,,,,land_cover=Tarim,"Ağaçlandırma kapsamı dışı. Bu kare tarım alanı olarak sınıflanmış, orman rehabilitasyonu hedefi değil.",Öncelik sıralamasına dahil edilmiyor.,False
EGE_2023_01_000496,KAPSAM_DISI,,,,land_cover=Tarim,"Ağaçlandırma kapsamı dışı. Bu kare tarım alanı olarak sınıflanmış, orman rehabilitasyonu hedefi değil.",Öncelik sıralamasına dahil edilmiyor.,False
EGE_2023_01_000497,KAPSAM_DISI,,,,land_cover=Tarim,"Ağaçlandırma kapsamı dışı. Bu kare tarım alanı olarak sınıflanmış, orman rehabilitasyonu hedefi değil.",Öncelik sıralamasına dahil edilmiyor.,False
EGE_2023_01_000503,KAPSAM_DISI,,,,land_cover=Tarim,"Ağaçlandırma kapsamı dışı. Bu kare tarım alanı olarak sınıflanmış, orman rehabilitasyonu hedefi değil.",Öncelik sıralamasına dahil edilmiyor.,False
EGE_2023_01_000548,KAPSAM_DISI,,0.4975,,land_cover=Tarim,"Ağaçlandırma kapsamı dışı. Bu kare tarım alanı olarak sınıflanmış, orman rehabilitasyonu hedefi değil.",Öncelik sıralamasına dahil edilmiyor.,False
EGE_2023_01_000549,KAPSAM_DISI,,,,land_cover=Tarim,"Ağaçlandırma kapsamı dışı. Bu kare tarım alanı olarak sınıflanmış, orman rehabilitasyonu hedefi değil.",Öncelik sıralamasına dahil edilmiyor.,False
EGE_2023_01_000550,KAPSAM_DISI,,,,land_cover=Tarim,"Ağaçlandırma kapsamı dışı. Bu kare tarım alanı olarak sınıflanmış, orman rehabilitasyonu hedefi değil.",Öncelik sıralamasına dahil edilmiyor.,False
EGE_2023_01_000551,KAPSAM_DISI,,,,land_cover=Tarim,"Ağaçlandırma kapsamı dışı. Bu kare tarım alanı olarak sınıflanmış, orman rehabilitasyonu hedefi değil.",Öncelik sıralamasına dahil edilmiyor.,False
EGE_2023_01_000552,KAPSAM_DISI,,,,land_cover=Tarim,"Ağaçlandırma kapsamı dışı. Bu kare tarım alanı olarak sınıflanmış, orman rehabilitasyonu hedefi değil.",Öncelik sıralamasına dahil edilmiyor.,False
EGE_2023_01_000553,KAPSAM_DISI,,,,land_cover=Tarim,"Ağaçlandırma kapsamı dışı. Bu kare tarım alanı olarak sınıflanmış, orman rehabilitasyonu hedefi değil.",Öncelik sıralamasına dahil edilmiyor.,False
EGE_2023_01_000554,KAPSAM_DISI,,,,land_cover=Tarim,"Ağaçlandırma kapsamı dışı. Bu kare tarım alanı olarak sınıflanmış, orman rehabilitasyonu hedefi değil.",Öncelik sıralamasına dahil edilmiyor.,False
EGE_2023_01_000584,KAPSAM_DISI,,,,land_cover=Tarim,"Ağaçlandırma kapsamı dışı. Bu kare tarım alanı olarak sınıflanmış, orman rehabilitasyonu hedefi değil.",Öncelik sıralamasına dahil edilmiyor.,False
EGE_2023_01_000609,KAPSAM_DISI,,,,land_cover=Tarim,"Ağaçlandırma kapsamı dışı. Bu kare tarım alanı olarak sınıflanmış, orman rehabilitasyonu hedefi değil.",Öncelik sıralamasına dahil edilmiyor.,False
EGE_2023_01_000610,KAPSAM_DISI,,0.5255,,land_cover=Tarim,"Ağaçlandırma kapsamı dışı. Bu kare tarım alanı olarak sınıflanmış, orman rehabilitasyonu hedefi değil.",Öncelik sıralamasına dahil edilmiyor.,False
EGE_2023_01_000611,KAPSAM_DISI,,,,land_cover=Tarim,"Ağaçlandırma kapsamı dışı. Bu kare tarım alanı olarak sınıflanmış, orman rehabilitasyonu hedefi değil.",Öncelik sıralamasına dahil edilmiyor.,False
EGE_2023_01_000668,KAPSAM_DISI,,,,land_cover=Tarim,"Ağaçlandırma kapsamı dışı. Bu kare tarım alanı olarak sınıflanmış, orman rehabilitasyonu hedefi değil.",Öncelik sıralamasına dahil edilmiyor.,False
EGE_2023_01_000696,KAPSAM_DISI,,,,land_cover=Tarim,"Ağaçlandırma kapsamı dışı. Bu kare tarım alanı olarak sınıflanmış, orman rehabilitasyonu hedefi değil.",Öncelik sıralamasına dahil edilmiyor.,False
EGE_2023_01_000721,KAPSAM_DISI,,,,land_cover=Tarim,"Ağaçlandırma kapsamı dışı. Bu kare tarım alanı olarak sınıflanmış, orman rehabilitasyonu hedefi değil.",Öncelik sıralamasına dahil edilmiyor.,False
EGE_2023_01_000785,KAPSAM_DISI,,,,land_cover=Tarim,"Ağaçlandırma kapsamı dışı. Bu kare tarım alanı olarak sınıflanmış, orman rehabilitasyonu hedefi değil.",Öncelik sıralamasına dahil edilmiyor.,False
EGE_2023_01_000793,KAPSAM_DISI,,,,land_cover=Tarim,"Ağaçlandırma kapsamı dışı. Bu kare tarım alanı olarak sınıflanmış, orman rehabilitasyonu hedefi değil.",Öncelik sıralamasına dahil edilmiyor.,False
EGE_2023_01_000794,KAPSAM_DISI,,,,land_cover=Tarim,"Ağaçlandırma kapsamı dışı. Bu kare tarım alanı olarak sınıflanmış, orman rehabilitasyonu hedefi değil.",Öncelik sıralamasına dahil edilmiyor.,False
EGE_2023_01_000889,KAPSAM_DISI,,,,land_cover=Tarim,"Ağaçlandırma kapsamı dışı. Bu kare tarım alanı olarak sınıflanmış, orman rehabilitasyonu hedefi değil.",Öncelik sıralamasına dahil edilmiyor.,False
EGE_2023_01_000998,KAPSAM_DISI,,,,land_cover=Tarim,"Ağaçlandırma kapsamı dışı. Bu kare tarım alanı olarak sınıflanmış, orman rehabilitasyonu hedefi değil.",Öncelik sıralamasına dahil edilmiyor.,False
EGE_2023_01_001001,KAPSAM_DISI,,,,land_cover=Tarim,"Ağaçlandırma kapsamı dışı. Bu kare tarım alanı olarak sınıflanmış, orman rehabilitasyonu hedefi değil.",Öncelik sıralamasına dahil edilmiyor.,False
EGE_2023_01_001002,KAPSAM_DISI,,,,land_cover=Tarim,"Ağaçlandırma kapsamı dışı. Bu kare tarım alanı olarak sınıflanmış, orman rehabilitasyonu hedefi değil.",Öncelik sıralamasına dahil edilmiyor.,False
EGE_2023_01_001024,KAPSAM_DISI,,,,land_cover=Yerlesim,"Ağaçlandırma kapsamı dışı. Bu kare yerleşim alanı olarak sınıflanmış, orman rehabilitasyonu hedefi değil.",Öncelik sıralamasına dahil edilmiyor.,False
EGE_2023_01_001073,IZLE,,,,prediction_status=low_severity,"İzle, müdahale etme. Yangın bu kareyi ağır yakmamış (düşük şiddet, dNBR 0,22).","Model bu rejimde tahmin üretmiyor. Kendi toparlanması bekleniyor, müdahale listesine alınmıyor.",True
EGE_2023_01_001074,IZLE,,,,prediction_status=low_severity,"İzle, müdahale etme. Yangın bu kareyi ağır yakmamış (düşük şiddet, dNBR 0,17).","Model bu rejimde tahmin üretmiyor. Kendi toparlanması bekleniyor, müdahale listesine alınmıyor.",True
EGE_2023_01_001082,IZLE,ESKIDEN_ORMAN_DEGIL,,,prediction_status=low_severity,"İzle, müdahale etme. Yangın bu kareyi ağır yakmamış (düşük şiddet, dNBR 0,17).","Model bu rejimde tahmin üretmiyor. Kendi toparlanması bekleniyor, müdahale listesine alınmıyor. Yangın öncesi örtü otlak ve çalılık idi; orman kurma değil, mevcut örtünün onarımı düşünülmeli.",True
EGE_2023_01_001083,IZLE,ESKIDEN_ORMAN_DEGIL,,,prediction_status=low_severity,"İzle, müdahale etme. Yangın bu kareyi ağır yakmamış (düşük şiddet, dNBR 0,17).","Model bu rejimde tahmin üretmiyor. Kendi toparlanması bekleniyor, müdahale listesine alınmıyor. Yangın öncesi örtü otlak ve çalılık idi; orman kurma değil, mevcut örtünün onarımı düşünülmeli.",True
EGE_2023_01_001131,DIKIM_ADAYI,AGIR_YANMIS,0.2316,"kızılçam, fıstıkçamı",toparlanma=0.23 <0.35,"Aktif dikim adayı. Doğal toparlanma zayıf kalıyor, eğim (8,1°) dikime elverişli.","Modelin tahminine göre yangın öncesi örtünün ancak %23 kadarı iki yılda geri gelecek — kendi başına kapanmayacak bir açık var. Yangın orta-yüksek şiddet sınıfında (dNBR 0,48); toprak yüzeyi büyük olasılıkla açıkta. Yetişme ortamı: Ege kuşağı, 140 m, düz-hafif eğimli (0–10°). Bu koşullar için önerilen türler: kızılçam, fıstıkçamı. Tür önerisi sistemin çıkarımı değil, dışarıdan verilen tablodan okunmuştur. Tablo: ÖRNEK TABLO — OGM tür-yetişme ortamı rehberi ile değiştirilecek",True
EGE_2023_01_001132,DIKIM_ADAYI,,0.3289,"kızılçam, fıstıkçamı",toparlanma=0.33 <0.35,"Aktif dikim adayı. Doğal toparlanma zayıf kalıyor, eğim (5,2°) dikime elverişli.","Modelin tahminine göre yangın öncesi örtünün ancak %33 kadarı iki yılda geri gelecek — kendi başına kapanmayacak bir açık var. Yetişme ortamı: Ege kuşağı, 146 m, düz-hafif eğimli (0–10°). Bu koşullar için önerilen türler: kızılçam, fıstıkçamı. Tür önerisi sistemin çıkarımı değil, dışarıdan verilen tablodan okunmuştur. Tablo: ÖRNEK TABLO — OGM tür-yetişme ortamı rehberi ile değiştirilecek",True
EGE_2023_01_001140,ONCELIGE_GORE,ESKIDEN_ORMAN_DEGIL,0.4096,,toparlanma=0.41 0.35..0.50,Öncelik sırasına göre değerlendir. Kısmi toparlanma bekleniyor; müdahale kararı bütçeye ve sıraya bağlı.,"Modelin tahminine göre yangın öncesi örtünün %41 kadarı iki yılda geri gelecek. Ne kendi kapanacak kadar iyi ne de acil müdahale gerektirecek kadar kötü — öncelik skoru bu kareyi sıranın neresine koyduğuna bakın. Yangın öncesi örtü otlak ve çalılık idi; orman kurma değil, mevcut örtünün onarımı düşünülmeli.",True
EGE_2023_01_001141,IZLE,ESKIDEN_ORMAN_DEGIL,,,prediction_status=low_severity,"İzle, müdahale etme. Yangın bu kareyi ağır yakmamış (düşük şiddet, dNBR 0,11).","Model bu rejimde tahmin üretmiyor. Kendi toparlanması bekleniyor, müdahale listesine alınmıyor. Yangın öncesi örtü otlak ve çalılık idi; orman kurma değil, mevcut örtünün onarımı düşünülmeli.",True
EGE_2023_01_001142,IZLE,ESKIDEN_ORMAN_DEGIL,,,prediction_status=low_severity,"İzle, müdahale etme. Yangın bu kareyi ağır yakmamış (düşük şiddet, dNBR 0,13).","Model bu rejimde tahmin üretmiyor. Kendi toparlanması bekleniyor, müdahale listesine alınmıyor. Yangın öncesi örtü otlak ve çalılık idi; orman kurma değil, mevcut örtünün onarımı düşünülmeli.",True
EGE_2023_01_001182,KAPSAM_DISI,,,,land_cover=Tarim,"Ağaçlandırma kapsamı dışı. Bu kare tarım alanı olarak sınıflanmış, orman rehabilitasyonu hedefi değil.",Öncelik sıralamasına dahil edilmiyor.,False
EGE_2023_01_001183,IZLE,,,,prediction_status=low_severity,"İzle, müdahale etme. Yangın bu kareyi ağır yakmamış (düşük şiddet, dNBR 0,21).","Model bu rejimde tahmin üretmiyor. Kendi toparlanması bekleniyor, müdahale listesine alınmıyor.",True
EGE_2023_01_001184,IZLE,,,,prediction_status=low_severity,"İzle, müdahale etme. Yangın bu kareyi ağır yakmamış (düşük şiddet, dNBR 0,15).","Model bu rejimde tahmin üretmiyor. Kendi toparlanması bekleniyor, müdahale listesine alınmıyor.",True
EGE_2023_01_001186,IZLE,,,,prediction_status=low_severity,"İzle, müdahale etme. Yangın bu kareyi ağır yakmamış (düşük şiddet, dNBR 0,14).","Model bu rejimde tahmin üretmiyor. Kendi toparlanması bekleniyor, müdahale listesine alınmıyor.",True
EGE_2023_01_001188,IZLE,,,,prediction_status=low_severity,"İzle, müdahale etme. Yangın bu kareyi ağır yakmamış (orta-düşük şiddet, dNBR 0,33).","Model bu rejimde tahmin üretmiyor. Kendi toparlanması bekleniyor, müdahale listesine alınmıyor.",True
EGE_2023_01_001189,DIKIM_ADAYI,AGIR_YANMIS,0.201,"kızılçam, fıstıkçamı",toparlanma=0.20 <0.35,"Aktif dikim adayı. Doğal toparlanma zayıf kalıyor, eğim (8,9°) dikime elverişli.","Modelin tahminine göre yangın öncesi örtünün ancak %20 kadarı iki yılda geri gelecek — kendi başına kapanmayacak bir açık var. Yangın orta-yüksek şiddet sınıfında (dNBR 0,53); toprak yüzeyi büyük olasılıkla açıkta. Yetişme ortamı: Ege kuşağı, 159 m, düz-hafif eğimli (0–10°). Bu koşullar için önerilen türler: kızılçam, fıstıkçamı. Tür önerisi sistemin çıkarımı değil, dışarıdan verilen tablodan okunmuştur. Tablo: ÖRNEK TABLO — OGM tür-yetişme ortamı rehberi ile değiştirilecek",True
EGE_2023_01_001190,DIKIM_ADAYI,,0.2212,"kızılçam, fıstıkçamı",toparlanma=0.22 <0.35,"Aktif dikim adayı. Doğal toparlanma zayıf kalıyor, eğim (6,2°) dikime elverişli.","Modelin tahminine göre yangın öncesi örtünün ancak %22 kadarı iki yılda geri gelecek — kendi başına kapanmayacak bir açık var. Yetişme ortamı: Ege kuşağı, 163 m, düz-hafif eğimli (0–10°). Bu koşullar için önerilen türler: kızılçam, fıstıkçamı. Tür önerisi sistemin çıkarımı değil, dışarıdan verilen tablodan okunmuştur. Tablo: ÖRNEK TABLO — OGM tür-yetişme ortamı rehberi ile değiştirilecek",True
EGE_2023_01_001191,IZLE,ESKIDEN_ORMAN_DEGIL,,,prediction_status=low_severity,"İzle, müdahale etme. Yangın bu kareyi ağır yakmamış (düşük şiddet, dNBR 0,14).","Model bu rejimde tahmin üretmiyor. Kendi toparlanması bekleniyor, müdahale listesine alınmıyor. Yangın öncesi örtü otlak ve çalılık idi; orman kurma değil, mevcut örtünün onarımı düşünülmeli.",True
EGE_2023_01_001195,KAPSAM_DISI,,,,land_cover=Tarim,"Ağaçlandırma kapsamı dışı. Bu kare tarım alanı olarak sınıflanmış, orman rehabilitasyonu hedefi değil.",Öncelik sıralamasına dahil edilmiyor.,False
EGE_2023_01_001196,IZLE,,,,prediction_status=low_severity,"İzle, müdahale etme. Yangın bu kareyi ağır yakmamış (düşük şiddet, dNBR 0,25).","Model bu rejimde tahmin üretmiyor. Kendi toparlanması bekleniyor, müdahale listesine alınmıyor.",True
EGE_2023_01_001197,IZLE,ESKIDEN_ORMAN_DEGIL,,,prediction_status=low_severity,"İzle, müdahale etme. Yangın bu kareyi ağır yakmamış (orta-düşük şiddet, dNBR 0,31).","Model bu rejimde tahmin üretmiyor. Kendi toparlanması bekleniyor, müdahale listesine alınmıyor. Yangın öncesi örtü otlak ve çalılık idi; orman kurma değil, mevcut örtünün onarımı düşünülmeli.",True
EGE_2023_01_001198,DIKIM_ADAYI,ESKIDEN_ORMAN_DEGIL|AGIR_YANMIS,0.3205,"maki türleri, kermes meşesi",toparlanma=0.32 <0.35,"Aktif dikim adayı. Doğal toparlanma zayıf kalıyor, eğim (11,8°) dikime elverişli.","Modelin tahminine göre yangın öncesi örtünün ancak %32 kadarı iki yılda geri gelecek — kendi başına kapanmayacak bir açık var. Yangın öncesi örtü otlak ve çalılık idi; orman kurma değil, mevcut örtünün onarımı düşünülmeli. Yangın orta-yüksek şiddet sınıfında (dNBR 0,46); toprak yüzeyi büyük olasılıkla açıkta. Yetişme ortamı: Ege kuşağı, 114 m, orta eğimli (10–25°). Bu koşullar için önerilen türler: maki türleri, kermes meşesi. Tür önerisi sistemin çıkarımı değil, dışarıdan verilen tablodan okunmuştur. Tablo: ÖRNEK TABLO — OGM tür-yetişme ortamı rehberi ile değiştirilecek",True
EGE_2023_01_001199,DIKIM_ADAYI,,0.1994,"kızılçam, fıstıkçamı",toparlanma=0.20 <0.35,"Aktif dikim adayı. Doğal toparlanma zayıf kalıyor, eğim (14,1°) dikime elverişli.","Modelin tahminine göre yangın öncesi örtünün ancak %20 kadarı iki yılda geri gelecek — kendi başına kapanmayacak bir açık var. Yetişme ortamı: Ege kuşağı, 140 m, orta eğimli (10–25°). Bu koşullar için önerilen türler: kızılçam, fıstıkçamı. Tür önerisi sistemin çıkarımı değil, dışarıdan verilen tablodan okunmuştur. Tablo: ÖRNEK TABLO — OGM tür-yetişme ortamı rehberi ile değiştirilecek",True
EGE_2023_01_001200,IZLE,,,,prediction_status=low_severity,"İzle, müdahale etme. Yangın bu kareyi ağır yakmamış (düşük şiddet, dNBR 0,21).","Model bu rejimde tahmin üretmiyor. Kendi toparlanması bekleniyor, müdahale listesine alınmıyor.",True
EGE_2023_01_001241,DIKIM_ADAYI,,0.313,"kızılçam, fıstıkçamı",toparlanma=0.31 <0.35,"Aktif dikim adayı. Doğal toparlanma zayıf kalıyor, eğim (9,4°) dikime elverişli.","Modelin tahminine göre yangın öncesi örtünün ancak %31 kadarı iki yılda geri gelecek — kendi başına kapanmayacak bir açık var. Yetişme ortamı: Ege kuşağı, 106 m, düz-hafif eğimli (0–10°). Bu koşullar için önerilen türler: kızılçam, fıstıkçamı. Tür önerisi sistemin çıkarımı değil, dışarıdan verilen tablodan okunmuştur. Tablo: ÖRNEK TABLO — OGM tür-yetişme ortamı rehberi ile değiştirilecek",True
EGE_2023_01_001242,DIKIM_ADAYI,AGIR_YANMIS,0.2299,"kızılçam, fıstıkçamı",toparlanma=0.23 <0.35,"Aktif dikim adayı. Doğal toparlanma zayıf kalıyor, eğim (6,7°) dikime elverişli.","Modelin tahminine göre yangın öncesi örtünün ancak %23 kadarı iki yılda geri gelecek — kendi başına kapanmayacak bir açık var. Yangın orta-yüksek şiddet sınıfında (dNBR 0,47); toprak yüzeyi büyük olasılıkla açıkta. Yetişme ortamı: Ege kuşağı, 112 m, düz-hafif eğimli (0–10°). Bu koşullar için önerilen türler: kızılçam, fıstıkçamı. Tür önerisi sistemin çıkarımı değil, dışarıdan verilen tablodan okunmuştur. Tablo: ÖRNEK TABLO — OGM tür-yetişme ortamı rehberi ile değiştirilecek",True
EGE_2023_01_001243,IZLE,,,,prediction_status=low_severity,"İzle, müdahale etme. Yangın bu kareyi ağır yakmamış (orta-düşük şiddet, dNBR 0,27).","Model bu rejimde tahmin üretmiyor. Kendi toparlanması bekleniyor, müdahale listesine alınmıyor.",True
EGE_2023_01_001244,DIKIM_ADAYI,AGIR_YANMIS,0.2662,"kızılçam, fıstıkçamı",toparlanma=0.27 <0.35,"Aktif dikim adayı. Doğal toparlanma zayıf kalıyor, eğim (7,0°) dikime elverişli.","Modelin tahminine göre yangın öncesi örtünün ancak %27 kadarı iki yılda geri gelecek — kendi başına kapanmayacak bir açık var. Yangın orta-yüksek şiddet sınıfında (dNBR 0,45); toprak yüzeyi büyük olasılıkla açıkta. Yetişme ortamı: Ege kuşağı, 143 m, düz-hafif eğimli (0–10°). Bu koşullar için önerilen türler: kızılçam, fıstıkçamı. Tür önerisi sistemin çıkarımı değil, dışarıdan verilen tablodan okunmuştur. Tablo: ÖRNEK TABLO — OGM tür-yetişme ortamı rehberi ile değiştirilecek",True
EGE_2023_01_001245,IZLE,,,,prediction_status=low_severity,"İzle, müdahale etme. Yangın bu kareyi ağır yakmamış (orta-düşük şiddet, dNBR 0,29).","Model bu rejimde tahmin üretmiyor. Kendi toparlanması bekleniyor, müdahale listesine alınmıyor.",True
EGE_2023_01_001246,DIKIM_ADAYI,AGIR_YANMIS,0.2233,"kızılçam, fıstıkçamı",toparlanma=0.22 <0.35,"Aktif dikim adayı. Doğal toparlanma zayıf kalıyor, eğim (12,4°) dikime elverişli.","Modelin tahminine göre yangın öncesi örtünün ancak %22 kadarı iki yılda geri gelecek — kendi başına kapanmayacak bir açık var. Yangın orta-yüksek şiddet sınıfında (dNBR 0,52); toprak yüzeyi büyük olasılıkla açıkta. Yetişme ortamı: Ege kuşağı, 155 m, orta eğimli (10–25°). Bu koşullar için önerilen türler: kızılçam, fıstıkçamı. Tür önerisi sistemin çıkarımı değil, dışarıdan verilen tablodan okunmuştur. Tablo: ÖRNEK TABLO — OGM tür-yetişme ortamı rehberi ile değiştirilecek",True
EGE_2023_01_001247,DIKIM_ADAYI,AGIR_YANMIS,0.2129,"kızılçam, fıstıkçamı",toparlanma=0.21 <0.35,"Aktif dikim adayı. Doğal toparlanma zayıf kalıyor, eğim (5,8°) dikime elverişli.","Modelin tahminine göre yangın öncesi örtünün ancak %21 kadarı iki yılda geri gelecek — kendi başına kapanmayacak bir açık var. Yangın orta-yüksek şiddet sınıfında (dNBR 0,46); toprak yüzeyi büyük olasılıkla açıkta. Yetişme ortamı: Ege kuşağı, 188 m, düz-hafif eğimli (0–10°). Bu koşullar için önerilen türler: kızılçam, fıstıkçamı. Tür önerisi sistemin çıkarımı değil, dışarıdan verilen tablodan okunmuştur. Tablo: ÖRNEK TABLO — OGM tür-yetişme ortamı rehberi ile değiştirilecek",True
EGE_2023_01_001248,DIKIM_ADAYI,,0.2943,"kızılçam, fıstıkçamı",toparlanma=0.29 <0.35,"Aktif dikim adayı. Doğal toparlanma zayıf kalıyor, eğim (6,2°) dikime elverişli.","Modelin tahminine göre yangın öncesi örtünün ancak %29 kadarı iki yılda geri gelecek — kendi başına kapanmayacak bir açık var. Yetişme ortamı: Ege kuşağı, 175 m, düz-hafif eğimli (0–10°). Bu koşullar için önerilen türler: kızılçam, fıstıkçamı. Tür önerisi sistemin çıkarımı değil, dışarıdan verilen tablodan okunmuştur. Tablo: ÖRNEK TABLO — OGM tür-yetişme ortamı rehberi ile değiştirilecek",True
EGE_2023_01_001249,IZLE,ESKIDEN_ORMAN_DEGIL,,,prediction_status=low_severity,"İzle, müdahale etme. Yangın bu kareyi ağır yakmamış (düşük şiddet, dNBR 0,22).","Model bu rejimde tahmin üretmiyor. Kendi toparlanması bekleniyor, müdahale listesine alınmıyor. Yangın öncesi örtü otlak ve çalılık idi; orman kurma değil, mevcut örtünün onarımı düşünülmeli.",True
EGE_2023_01_001250,KAPSAM_DISI,,,,land_cover=Tarim,"Ağaçlandırma kapsamı dışı. Bu kare tarım alanı olarak sınıflanmış, orman rehabilitasyonu hedefi değil.",Öncelik sıralamasına dahil edilmiyor.,False
EGE_2023_01_001251,KAPSAM_DISI,,,,land_cover=Tarim,"Ağaçlandırma kapsamı dışı. Bu kare tarım alanı olarak sınıflanmış, orman rehabilitasyonu hedefi değil.",Öncelik sıralamasına dahil edilmiyor.,False
EGE_2023_01_001252,DIKIM_ADAYI,,0.2533,"kızılçam, fıstıkçamı",toparlanma=0.25 <0.35,"Aktif dikim adayı. Doğal toparlanma zayıf kalıyor, eğim (9,2°) dikime elverişli.","Modelin tahminine göre yangın öncesi örtünün ancak %25 kadarı iki yılda geri gelecek — kendi başına kapanmayacak bir açık var. Yetişme ortamı: Ege kuşağı, 214 m, düz-hafif eğimli (0–10°). Bu koşullar için önerilen türler: kızılçam, fıstıkçamı. Tür önerisi sistemin çıkarımı değil, dışarıdan verilen tablodan okunmuştur. Tablo: ÖRNEK TABLO — OGM tür-yetişme ortamı rehberi ile değiştirilecek",True
EGE_2023_01_001253,DIKIM_ADAYI,,0.2456,"kızılçam, fıstıkçamı",toparlanma=0.25 <0.35,"Aktif dikim adayı. Doğal toparlanma zayıf kalıyor, eğim (9,7°) dikime elverişli.","Modelin tahminine göre yangın öncesi örtünün ancak %25 kadarı iki yılda geri gelecek — kendi başına kapanmayacak bir açık var. Yetişme ortamı: Ege kuşağı, 210 m, düz-hafif eğimli (0–10°). Bu koşullar için önerilen türler: kızılçam, fıstıkçamı. Tür önerisi sistemin çıkarımı değil, dışarıdan verilen tablodan okunmuştur. Tablo: ÖRNEK TABLO — OGM tür-yetişme ortamı rehberi ile değiştirilecek",True
EGE_2023_01_001254,DIKIM_ADAYI,,0.1493,"kızılçam, fıstıkçamı",toparlanma=0.15 <0.35,"Aktif dikim adayı. Doğal toparlanma zayıf kalıyor, eğim (14,3°) dikime elverişli.","Modelin tahminine göre yangın öncesi örtünün ancak %15 kadarı iki yılda geri gelecek — kendi başına kapanmayacak bir açık var. Yetişme ortamı: Ege kuşağı, 156 m, orta eğimli (10–25°). Bu koşullar için önerilen türler: kızılçam, fıstıkçamı. Tür önerisi sistemin çıkarımı değil, dışarıdan verilen tablodan okunmuştur. Tablo: ÖRNEK TABLO — OGM tür-yetişme ortamı rehberi ile değiştirilecek",True
EGE_2023_01_001255,DIKIM_ADAYI,AGIR_YANMIS,0.1054,"kızılçam, fıstıkçamı",toparlanma=0.11 <0.35,"Aktif dikim adayı. Doğal toparlanma zayıf kalıyor, eğim (13,9°) dikime elverişli.","Modelin tahminine göre yangın öncesi örtünün ancak %11 kadarı iki yılda geri gelecek — kendi başına kapanmayacak bir açık var. Yangın orta-yüksek şiddet sınıfında (dNBR 0,46); toprak yüzeyi büyük olasılıkla açıkta. Yetişme ortamı: Ege kuşağı, 141 m, orta eğimli (10–25°). Bu koşullar için önerilen türler: kızılçam, fıstıkçamı. Tür önerisi sistemin çıkarımı değil, dışarıdan verilen tablodan okunmuştur. Tablo: ÖRNEK TABLO — OGM tür-yetişme ortamı rehberi ile değiştirilecek",True
EGE_2023_01_001256,DIKIM_ADAYI,AGIR_YANMIS,0.1438,"kızılçam, fıstıkçamı",toparlanma=0.14 <0.35,"Aktif dikim adayı. Doğal toparlanma zayıf kalıyor, eğim (13,4°) dikime elverişli.","Modelin tahminine göre yangın öncesi örtünün ancak %14 kadarı iki yılda geri gelecek — kendi başına kapanmayacak bir açık var. Yangın orta-yüksek şiddet sınıfında (dNBR 0,48); toprak yüzeyi büyük olasılıkla açıkta. Yetişme ortamı: Ege kuşağı, 147 m, orta eğimli (10–25°). Bu koşullar için önerilen türler: kızılçam, fıstıkçamı. Tür önerisi sistemin çıkarımı değil, dışarıdan verilen tablodan okunmuştur. Tablo: ÖRNEK TABLO — OGM tür-yetişme ortamı rehberi ile değiştirilecek",True
EGE_2023_01_001257,DIKIM_ADAYI,,0.1154,"kızılçam, fıstıkçamı",toparlanma=0.12 <0.35,"Aktif dikim adayı. Doğal toparlanma zayıf kalıyor, eğim (12,6°) dikime elverişli.","Modelin tahminine göre yangın öncesi örtünün ancak %12 kadarı iki yılda geri gelecek — kendi başına kapanmayacak bir açık var. Yetişme ortamı: Ege kuşağı, 193 m, orta eğimli (10–25°). Bu koşullar için önerilen türler: kızılçam, fıstıkçamı. Tür önerisi sistemin çıkarımı değil, dışarıdan verilen tablodan okunmuştur. Tablo: ÖRNEK TABLO — OGM tür-yetişme ortamı rehberi ile değiştirilecek",True
EGE_2023_01_001258,DIKIM_ADAYI,,0.0,"kızılçam, fıstıkçamı",toparlanma=0.00 <0.35,"Aktif dikim adayı. Doğal toparlanma zayıf kalıyor, eğim (20,1°) dikime elverişli.","Modelin tahminine göre yangın öncesi örtünün ancak %0 kadarı iki yılda geri gelecek — kendi başına kapanmayacak bir açık var. Yetişme ortamı: Ege kuşağı, 155 m, orta eğimli (10–25°). Bu koşullar için önerilen türler: kızılçam, fıstıkçamı. Tür önerisi sistemin çıkarımı değil, dışarıdan verilen tablodan okunmuştur. Tablo: ÖRNEK TABLO — OGM tür-yetişme ortamı rehberi ile değiştirilecek",True
EGE_2023_01_001259,IZLE,,,,prediction_status=low_severity,"İzle, müdahale etme. Yangın bu kareyi ağır yakmamış (düşük şiddet, dNBR 0,18).","Model bu rejimde tahmin üretmiyor. Kendi toparlanması bekleniyor, müdahale listesine alınmıyor.",True
EGE_2023_01_001299,DIKIM_ADAYI,AGIR_YANMIS,0.2362,"kızılçam, fıstıkçamı",toparlanma=0.24 <0.35,"Aktif dikim adayı. Doğal toparlanma zayıf kalıyor, eğim (7,8°) dikime elverişli.","Modelin tahminine göre yangın öncesi örtünün ancak %24 kadarı iki yılda geri gelecek — kendi başına kapanmayacak bir açık var. Yangın orta-yüksek şiddet sınıfında (dNBR 0,48); toprak yüzeyi büyük olasılıkla açıkta. Yetişme ortamı: Ege kuşağı, 149 m, düz-hafif eğimli (0–10°). Bu koşullar için önerilen türler: kızılçam, fıstıkçamı. Tür önerisi sistemin çıkarımı değil, dışarıdan verilen tablodan okunmuştur. Tablo: ÖRNEK TABLO — OGM tür-yetişme ortamı rehberi ile değiştirilecek",True
EGE_2023_01_001300,DIKIM_ADAYI,,0.3063,"kızılçam, fıstıkçamı",toparlanma=0.31 <0.35,"Aktif dikim adayı. Doğal toparlanma zayıf kalıyor, eğim (9,7°) dikime elverişli.","Modelin tahminine göre yangın öncesi örtünün ancak %31 kadarı iki yılda geri gelecek — kendi başına kapanmayacak bir açık var. Yetişme ortamı: Ege kuşağı, 132 m, düz-hafif eğimli (0–10°). Bu koşullar için önerilen türler: kızılçam, fıstıkçamı. Tür önerisi sistemin çıkarımı değil, dışarıdan verilen tablodan okunmuştur. Tablo: ÖRNEK TABLO — OGM tür-yetişme ortamı rehberi ile değiştirilecek",True
EGE_2023_01_001301,DIKIM_ADAYI,,0.3238,"kızılçam, fıstıkçamı",toparlanma=0.32 <0.35,"Aktif dikim adayı. Doğal toparlanma zayıf kalıyor, eğim (7,8°) dikime elverişli.","Modelin tahminine göre yangın öncesi örtünün ancak %32 kadarı iki yılda geri gelecek — kendi başına kapanmayacak bir açık var. Yetişme ortamı: Ege kuşağı, 151 m, düz-hafif eğimli (0–10°). Bu koşullar için önerilen türler: kızılçam, fıstıkçamı. Tür önerisi sistemin çıkarımı değil, dışarıdan verilen tablodan okunmuştur. Tablo: ÖRNEK TABLO — OGM tür-yetişme ortamı rehberi ile değiştirilecek",True
EGE_2023_01_001302,DIKIM_ADAYI,,0.2767,"kızılçam, fıstıkçamı",toparlanma=0.28 <0.35,"Aktif dikim adayı. Doğal toparlanma zayıf kalıyor, eğim (3,5°) dikime elverişli.","Modelin tahminine göre yangın öncesi örtünün ancak %28 kadarı iki yılda geri gelecek — kendi başına kapanmayacak bir açık var. Yetişme ortamı: Ege kuşağı, 161 m, düz-hafif eğimli (0–10°). Bu koşullar için önerilen türler: kızılçam, fıstıkçamı. Tür önerisi sistemin çıkarımı değil, dışarıdan verilen tablodan okunmuştur. Tablo: ÖRNEK TABLO — OGM tür-yetişme ortamı rehberi ile değiştirilecek",True
EGE_2023_01_001303,DIKIM_ADAYI,,0.2552,"kızılçam, fıstıkçamı",toparlanma=0.26 <0.35,"Aktif dikim adayı. Doğal toparlanma zayıf kalıyor, eğim (7,2°) dikime elverişli.","Modelin tahminine göre yangın öncesi örtünün ancak %26 kadarı iki yılda geri gelecek — kendi başına kapanmayacak bir açık var. Yetişme ortamı: Ege kuşağı, 157 m, düz-hafif eğimli (0–10°). Bu koşullar için önerilen türler: kızılçam, fıstıkçamı. Tür önerisi sistemin çıkarımı değil, dışarıdan verilen tablodan okunmuştur. Tablo: ÖRNEK TABLO — OGM tür-yetişme ortamı rehberi ile değiştirilecek",True
EGE_2023_01_001304,DIKIM_ADAYI,AGIR_YANMIS,0.2139,"kızılçam, fıstıkçamı",toparlanma=0.21 <0.35,"Aktif dikim adayı. Doğal toparlanma zayıf kalıyor, eğim (6,9°) dikime elverişli.","Modelin tahminine göre yangın öncesi örtünün ancak %21 kadarı iki yılda geri gelecek — kendi başına kapanmayacak bir açık var. Yangın orta-yüksek şiddet sınıfında (dNBR 0,51); toprak yüzeyi büyük olasılıkla açıkta. Yetişme ortamı: Ege kuşağı, 167 m, düz-hafif eğimli (0–10°). Bu koşullar için önerilen türler: kızılçam, fıstıkçamı. Tür önerisi sistemin çıkarımı değil, dışarıdan verilen tablodan okunmuştur. Tablo: ÖRNEK TABLO — OGM tür-yetişme ortamı rehberi ile değiştirilecek",True
EGE_2023_01_001305,DIKIM_ADAYI,,0.1934,"kızılçam, fıstıkçamı",toparlanma=0.19 <0.35,"Aktif dikim adayı. Doğal toparlanma zayıf kalıyor, eğim (7,0°) dikime elverişli.","Modelin tahminine göre yangın öncesi örtünün ancak %19 kadarı iki yılda geri gelecek — kendi başına kapanmayacak bir açık var. Yetişme ortamı: Ege kuşağı, 187 m, düz-hafif eğimli (0–10°). Bu koşullar için önerilen türler: kızılçam, fıstıkçamı. Tür önerisi sistemin çıkarımı değil, dışarıdan verilen tablodan okunmuştur. Tablo: ÖRNEK TABLO — OGM tür-yetişme ortamı rehberi ile değiştirilecek",True
EGE_2023_01_001306,DIKIM_ADAYI,,0.2148,"kızılçam, fıstıkçamı",toparlanma=0.21 <0.35,"Aktif dikim adayı. Doğal toparlanma zayıf kalıyor, eğim (6,4°) dikime elverişli.","Modelin tahminine göre yangın öncesi örtünün ancak %21 kadarı iki yılda geri gelecek — kendi başına kapanmayacak bir açık var. Yetişme ortamı: Ege kuşağı, 193 m, düz-hafif eğimli (0–10°). Bu koşullar için önerilen türler: kızılçam, fıstıkçamı. Tür önerisi sistemin çıkarımı değil, dışarıdan verilen tablodan okunmuştur. Tablo: ÖRNEK TABLO — OGM tür-yetişme ortamı rehberi ile değiştirilecek",True
EGE_2023_01_001307,DIKIM_ADAYI,,0.3198,"kızılçam, fıstıkçamı",toparlanma=0.32 <0.35,"Aktif dikim adayı. Doğal toparlanma zayıf kalıyor, eğim (11,1°) dikime elverişli.","Modelin tahminine göre yangın öncesi örtünün ancak %32 kadarı iki yılda geri gelecek — kendi başına kapanmayacak bir açık var. Yetişme ortamı: Ege kuşağı, 190 m, orta eğimli (10–25°). Bu koşullar için önerilen türler: kızılçam, fıstıkçamı. Tür önerisi sistemin çıkarımı değil, dışarıdan verilen tablodan okunmuştur. Tablo: ÖRNEK TABLO — OGM tür-yetişme ortamı rehberi ile değiştirilecek",True
EGE_2023_01_001308,DIKIM_ADAYI,,0.2637,"kızılçam, fıstıkçamı",toparlanma=0.26 <0.35,"Aktif dikim adayı. Doğal toparlanma zayıf kalıyor, eğim (10,1°) dikime elverişli.","Modelin tahminine göre yangın öncesi örtünün ancak %26 kadarı iki yılda geri gelecek — kendi başına kapanmayacak bir açık var. Yetişme ortamı: Ege kuşağı, 226 m, orta eğimli (10–25°). Bu koşullar için önerilen türler: kızılçam, fıstıkçamı. Tür önerisi sistemin çıkarımı değil, dışarıdan verilen tablodan okunmuştur. Tablo: ÖRNEK TABLO — OGM tür-yetişme ortamı rehberi ile değiştirilecek",True
EGE_2023_01_001309,DIKIM_ADAYI,,0.2804,"kızılçam, fıstıkçamı",toparlanma=0.28 <0.35,"Aktif dikim adayı. Doğal toparlanma zayıf kalıyor, eğim (7,6°) dikime elverişli.","Modelin tahminine göre yangın öncesi örtünün ancak %28 kadarı iki yılda geri gelecek — kendi başına kapanmayacak bir açık var. Yetişme ortamı: Ege kuşağı, 231 m, düz-hafif eğimli (0–10°). Bu koşullar için önerilen türler: kızılçam, fıstıkçamı. Tür önerisi sistemin çıkarımı değil, dışarıdan verilen tablodan okunmuştur. Tablo: ÖRNEK TABLO — OGM tür-yetişme ortamı rehberi ile değiştirilecek",True
EGE_2023_01_001310,DIKIM_ADAYI,,0.2318,"kızılçam, fıstıkçamı",toparlanma=0.23 <0.35,"Aktif dikim adayı. Doğal toparlanma zayıf kalıyor, eğim (7,5°) dikime elverişli.","Modelin tahminine göre yangın öncesi örtünün ancak %23 kadarı iki yılda geri gelecek — kendi başına kapanmayacak bir açık var. Yetişme ortamı: Ege kuşağı, 236 m, düz-hafif eğimli (0–10°). Bu koşullar için önerilen türler: kızılçam, fıstıkçamı. Tür önerisi sistemin çıkarımı değil, dışarıdan verilen tablodan okunmuştur. Tablo: ÖRNEK TABLO — OGM tür-yetişme ortamı rehberi ile değiştirilecek",True
EGE_2023_01_001311,DIKIM_ADAYI,,0.1303,"kızılçam, fıstıkçamı",toparlanma=0.13 <0.35,"Aktif dikim adayı. Doğal toparlanma zayıf kalıyor, eğim (16,2°) dikime elverişli.","Modelin tahminine göre yangın öncesi örtünün ancak %13 kadarı iki yılda geri gelecek — kendi başına kapanmayacak bir açık var. Yetişme ortamı: Ege kuşağı, 188 m, orta eğimli (10–25°). Bu koşullar için önerilen türler: kızılçam, fıstıkçamı. Tür önerisi sistemin çıkarımı değil, dışarıdan verilen tablodan okunmuştur. Tablo: ÖRNEK TABLO — OGM tür-yetişme ortamı rehberi ile değiştirilecek",True
EGE_2023_01_001312,DIKIM_ADAYI,AGIR_YANMIS,0.1142,"kızılçam, fıstıkçamı",toparlanma=0.11 <0.35,"Aktif dikim adayı. Doğal toparlanma zayıf kalıyor, eğim (13,3°) dikime elverişli.","Modelin tahminine göre yangın öncesi örtünün ancak %11 kadarı iki yılda geri gelecek — kendi başına kapanmayacak bir açık var. Yangın orta-yüksek şiddet sınıfında (dNBR 0,50); toprak yüzeyi büyük olasılıkla açıkta. Yetişme ortamı: Ege kuşağı, 168 m, orta eğimli (10–25°). Bu koşullar için önerilen türler: kızılçam, fıstıkçamı. Tür önerisi sistemin çıkarımı değil, dışarıdan verilen tablodan okunmuştur. Tablo: ÖRNEK TABLO — OGM tür-yetişme ortamı rehberi ile değiştirilecek",True
EGE_2023_01_001313,DIKIM_ADAYI,,0.1314,"kızılçam, fıstıkçamı",toparlanma=0.13 <0.35,"Aktif dikim adayı. Doğal toparlanma zayıf kalıyor, eğim (13,1°) dikime elverişli.","Modelin tahminine göre yangın öncesi örtünün ancak %13 kadarı iki yılda geri gelecek — kendi başına kapanmayacak bir açık var. Yetişme ortamı: Ege kuşağı, 201 m, orta eğimli (10–25°). Bu koşullar için önerilen türler: kızılçam, fıstıkçamı. Tür önerisi sistemin çıkarımı değil, dışarıdan verilen tablodan okunmuştur. Tablo: ÖRNEK TABLO — OGM tür-yetişme ortamı rehberi ile değiştirilecek",True
EGE_2023_01_001314,DIKIM_ADAYI,AGIR_YANMIS,0.1296,"kızılçam, fıstıkçamı",toparlanma=0.13 <0.35,"Aktif dikim adayı. Doğal toparlanma zayıf kalıyor, eğim (12,5°) dikime elverişli.","Modelin tahminine göre yangın öncesi örtünün ancak %13 kadarı iki yılda geri gelecek — kendi başına kapanmayacak bir açık var. Yangın orta-yüksek şiddet sınıfında (dNBR 0,48); toprak yüzeyi büyük olasılıkla açıkta. Yetişme ortamı: Ege kuşağı, 184 m, orta eğimli (10–25°). Bu koşullar için önerilen türler: kızılçam, fıstıkçamı. Tür önerisi sistemin çıkarımı değil, dışarıdan verilen tablodan okunmuştur. Tablo: ÖRNEK TABLO — OGM tür-yetişme ortamı rehberi ile değiştirilecek",True
EGE_2023_01_001315,DIKIM_ADAYI,,0.1229,"kızılçam, fıstıkçamı",toparlanma=0.12 <0.35,"Aktif dikim adayı. Doğal toparlanma zayıf kalıyor, eğim (10,7°) dikime elverişli.","Modelin tahminine göre yangın öncesi örtünün ancak %12 kadarı iki yılda geri gelecek — kendi başına kapanmayacak bir açık var. Yetişme ortamı: Ege kuşağı, 229 m, orta eğimli (10–25°). Bu koşullar için önerilen türler: kızılçam, fıstıkçamı. Tür önerisi sistemin çıkarımı değil, dışarıdan verilen tablodan okunmuştur. Tablo: ÖRNEK TABLO — OGM tür-yetişme ortamı rehberi ile değiştirilecek",True
EGE_2023_01_001316,DIKIM_ADAYI,,0.0587,"kızılçam, fıstıkçamı",toparlanma=0.06 <0.35,"Aktif dikim adayı. Doğal toparlanma zayıf kalıyor, eğim (19,4°) dikime elverişli.","Modelin tahminine göre yangın öncesi örtünün ancak %6 kadarı iki yılda geri gelecek — kendi başına kapanmayacak bir açık var. Yetişme ortamı: Ege kuşağı, 202 m, orta eğimli (10–25°). Bu koşullar için önerilen türler: kızılçam, fıstıkçamı. Tür önerisi sistemin çıkarımı değil, dışarıdan verilen tablodan okunmuştur. Tablo: ÖRNEK TABLO — OGM tür-yetişme ortamı rehberi ile değiştirilecek",True
EGE_2023_01_001317,IZLE,,,,prediction_status=low_severity,"İzle, müdahale etme. Yangın bu kareyi ağır yakmamış (düşük şiddet, dNBR 0,24).","Model bu rejimde tahmin üretmiyor. Kendi toparlanması bekleniyor, müdahale listesine alınmıyor.",True
EGE_2023_01_001356,IZLE,,,,prediction_status=low_severity,"İzle, müdahale etme. Yangın bu kareyi ağır yakmamış (düşük şiddet, dNBR 0,24).","Model bu rejimde tahmin üretmiyor. Kendi toparlanması bekleniyor, müdahale listesine alınmıyor.",True
EGE_2023_01_001357,DIKIM_ADAYI,,0.2367,"kızılçam, fıstıkçamı",toparlanma=0.24 <0.35,"Aktif dikim adayı. Doğal toparlanma zayıf kalıyor, eğim (3,2°) dikime elverişli.","Modelin tahminine göre yangın öncesi örtünün ancak %24 kadarı iki yılda geri gelecek — kendi başına kapanmayacak bir açık var. Yetişme ortamı: Ege kuşağı, 167 m, düz-hafif eğimli (0–10°). Bu koşullar için önerilen türler: kızılçam, fıstıkçamı. Tür önerisi sistemin çıkarımı değil, dışarıdan verilen tablodan okunmuştur. Tablo: ÖRNEK TABLO — OGM tür-yetişme ortamı rehberi ile değiştirilecek",True
EGE_2023_01_001358,DIKIM_ADAYI,,0.2672,"kızılçam, fıstıkçamı",toparlanma=0.27 <0.35,"Aktif dikim adayı. Doğal toparlanma zayıf kalıyor, eğim (6,9°) dikime elverişli.","Modelin tahminine göre yangın öncesi örtünün ancak %27 kadarı iki yılda geri gelecek — kendi başına kapanmayacak bir açık var. Yetişme ortamı: Ege kuşağı, 150 m, düz-hafif eğimli (0–10°). Bu koşullar için önerilen türler: kızılçam, fıstıkçamı. Tür önerisi sistemin çıkarımı değil, dışarıdan verilen tablodan okunmuştur. Tablo: ÖRNEK TABLO — OGM tür-yetişme ortamı rehberi ile değiştirilecek",True
EGE_2023_01_001359,IZLE,,,,prediction_status=low_severity,"İzle, müdahale etme. Yangın bu kareyi ağır yakmamış (orta-düşük şiddet, dNBR 0,28).","Model bu rejimde tahmin üretmiyor. Kendi toparlanması bekleniyor, müdahale listesine alınmıyor.",True
EGE_2023_01_001360,IZLE,,,,prediction_status=low_severity,"İzle, müdahale etme. Yangın bu kareyi ağır yakmamış (düşük şiddet, dNBR 0,21).","Model bu rejimde tahmin üretmiyor. Kendi toparlanması bekleniyor, müdahale listesine alınmıyor.",True
EGE_2023_01_001361,IZLE,,,,prediction_status=low_severity,"İzle, müdahale etme. Yangın bu kareyi ağır yakmamış (orta-düşük şiddet, dNBR 0,31).","Model bu rejimde tahmin üretmiyor. Kendi toparlanması bekleniyor, müdahale listesine alınmıyor.",True
EGE_2023_01_001362,DIKIM_ADAYI,,0.2179,"kızılçam, fıstıkçamı",toparlanma=0.22 <0.35,"Aktif dikim adayı. Doğal toparlanma zayıf kalıyor, eğim (4,6°) dikime elverişli.","Modelin tahminine göre yangın öncesi örtünün ancak %22 kadarı iki yılda geri gelecek — kendi başına kapanmayacak bir açık var. Yetişme ortamı: Ege kuşağı, 179 m, düz-hafif eğimli (0–10°). Bu koşullar için önerilen türler: kızılçam, fıstıkçamı. Tür önerisi sistemin çıkarımı değil, dışarıdan verilen tablodan okunmuştur. Tablo: ÖRNEK TABLO — OGM tür-yetişme ortamı rehberi ile değiştirilecek",True
EGE_2023_01_001363,DIKIM_ADAYI,,0.1804,"kızılçam, fıstıkçamı",toparlanma=0.18 <0.35,"Aktif dikim adayı. Doğal toparlanma zayıf kalıyor, eğim (8,2°) dikime elverişli.","Modelin tahminine göre yangın öncesi örtünün ancak %18 kadarı iki yılda geri gelecek — kendi başına kapanmayacak bir açık var. Yetişme ortamı: Ege kuşağı, 196 m, düz-hafif eğimli (0–10°). Bu koşullar için önerilen türler: kızılçam, fıstıkçamı. Tür önerisi sistemin çıkarımı değil, dışarıdan verilen tablodan okunmuştur. Tablo: ÖRNEK TABLO — OGM tür-yetişme ortamı rehberi ile değiştirilecek",True
EGE_2023_01_001364,DIKIM_ADAYI,AGIR_YANMIS,0.2025,"kızılçam, fıstıkçamı",toparlanma=0.20 <0.35,"Aktif dikim adayı. Doğal toparlanma zayıf kalıyor, eğim (6,8°) dikime elverişli.","Modelin tahminine göre yangın öncesi örtünün ancak %20 kadarı iki yılda geri gelecek — kendi başına kapanmayacak bir açık var. Yangın orta-yüksek şiddet sınıfında (dNBR 0,48); toprak yüzeyi büyük olasılıkla açıkta. Yetişme ortamı: Ege kuşağı, 215 m, düz-hafif eğimli (0–10°). Bu koşullar için önerilen türler: kızılçam, fıstıkçamı. Tür önerisi sistemin çıkarımı değil, dışarıdan verilen tablodan okunmuştur. Tablo: ÖRNEK TABLO — OGM tür-yetişme ortamı rehberi ile değiştirilecek",True
EGE_2023_01_001365,DIKIM_ADAYI,AGIR_YANMIS,0.2735,"kızılçam, fıstıkçamı",toparlanma=0.27 <0.35,"Aktif dikim adayı. Doğal toparlanma zayıf kalıyor, eğim (8,5°) dikime elverişli.","Modelin tahminine göre yangın öncesi örtünün ancak %27 kadarı iki yılda geri gelecek — kendi başına kapanmayacak bir açık var. Yangın orta-yüksek şiddet sınıfında (dNBR 0,45); toprak yüzeyi büyük olasılıkla açıkta. Yetişme ortamı: Ege kuşağı, 218 m, düz-hafif eğimli (0–10°). Bu koşullar için önerilen türler: kızılçam, fıstıkçamı. Tür önerisi sistemin çıkarımı değil, dışarıdan verilen tablodan okunmuştur. Tablo: ÖRNEK TABLO — OGM tür-yetişme ortamı rehberi ile değiştirilecek",True
EGE_2023_01_001366,IZLE,ESKIDEN_ORMAN_DEGIL,,,prediction_status=low_severity,"İzle, müdahale etme. Yangın bu kareyi ağır yakmamış (düşük şiddet, dNBR 0,23).","Model bu rejimde tahmin üretmiyor. Kendi toparlanması bekleniyor, müdahale listesine alınmıyor. Yangın öncesi örtü otlak ve çalılık idi; orman kurma değil, mevcut örtünün onarımı düşünülmeli.",True
EGE_2023_01_001367,IZLE,,,,prediction_status=low_severity,"İzle, müdahale etme. Yangın bu kareyi ağır yakmamış (orta-düşük şiddet, dNBR 0,28).","Model bu rejimde tahmin üretmiyor. Kendi toparlanması bekleniyor, müdahale listesine alınmıyor.",True
EGE_2023_01_001368,DIKIM_ADAYI,,0.1876,"kızılçam, fıstıkçamı",toparlanma=0.19 <0.35,"Aktif dikim adayı. Doğal toparlanma zayıf kalıyor, eğim (12,6°) dikime elverişli.","Modelin tahminine göre yangın öncesi örtünün ancak %19 kadarı iki yılda geri gelecek — kendi başına kapanmayacak bir açık var. Yetişme ortamı: Ege kuşağı, 218 m, orta eğimli (10–25°). Bu koşullar için önerilen türler: kızılçam, fıstıkçamı. Tür önerisi sistemin çıkarımı değil, dışarıdan verilen tablodan okunmuştur. Tablo: ÖRNEK TABLO — OGM tür-yetişme ortamı rehberi ile değiştirilecek",True
EGE_2023_01_001369,DIKIM_ADAYI,AGIR_YANMIS,0.1931,"kızılçam, fıstıkçamı",toparlanma=0.19 <0.35,"Aktif dikim adayı. Doğal toparlanma zayıf kalıyor, eğim (13,3°) dikime elverişli.","Modelin tahminine göre yangın öncesi örtünün ancak %19 kadarı iki yılda geri gelecek — kendi başına kapanmayacak bir açık var. Yangın orta-yüksek şiddet sınıfında (dNBR 0,45); toprak yüzeyi büyük olasılıkla açıkta. Yetişme ortamı: Ege kuşağı, 192 m, orta eğimli (10–25°). Bu koşullar için önerilen türler: kızılçam, fıstıkçamı. Tür önerisi sistemin çıkarımı değil, dışarıdan verilen tablodan okunmuştur. Tablo: ÖRNEK TABLO — OGM tür-yetişme ortamı rehberi ile değiştirilecek",True
EGE_2023_01_001370,DIKIM_ADAYI,,0.1879,"kızılçam, fıstıkçamı",toparlanma=0.19 <0.35,"Aktif dikim adayı. Doğal toparlanma zayıf kalıyor, eğim (13,7°) dikime elverişli.","Modelin tahminine göre yangın öncesi örtünün ancak %19 kadarı iki yılda geri gelecek — kendi başına kapanmayacak bir açık var. Yetişme ortamı: Ege kuşağı, 201 m, orta eğimli (10–25°). Bu koşullar için önerilen türler: kızılçam, fıstıkçamı. Tür önerisi sistemin çıkarımı değil, dışarıdan verilen tablodan okunmuştur. Tablo: ÖRNEK TABLO — OGM tür-yetişme ortamı rehberi ile değiştirilecek",True
EGE_2023_01_001371,DIKIM_ADAYI,,0.1324,"kızılçam, fıstıkçamı",toparlanma=0.13 <0.35,"Aktif dikim adayı. Doğal toparlanma zayıf kalıyor, eğim (11,4°) dikime elverişli.","Modelin tahminine göre yangın öncesi örtünün ancak %13 kadarı iki yılda geri gelecek — kendi başına kapanmayacak bir açık var. Yetişme ortamı: Ege kuşağı, 240 m, orta eğimli (10–25°). Bu koşullar için önerilen türler: kızılçam, fıstıkçamı. Tür önerisi sistemin çıkarımı değil, dışarıdan verilen tablodan okunmuştur. Tablo: ÖRNEK TABLO — OGM tür-yetişme ortamı rehberi ile değiştirilecek",True
EGE_2023_01_001372,DIKIM_ADAYI,AGIR_YANMIS,0.127,"kızılçam, fıstıkçamı",toparlanma=0.13 <0.35,"Aktif dikim adayı. Doğal toparlanma zayıf kalıyor, eğim (11,3°) dikime elverişli.","Modelin tahminine göre yangın öncesi örtünün ancak %13 kadarı iki yılda geri gelecek — kendi başına kapanmayacak bir açık var. Yangın orta-yüksek şiddet sınıfında (dNBR 0,46); toprak yüzeyi büyük olasılıkla açıkta. Yetişme ortamı: Ege kuşağı, 220 m, orta eğimli (10–25°). Bu koşullar için önerilen türler: kızılçam, fıstıkçamı. Tür önerisi sistemin çıkarımı değil, dışarıdan verilen tablodan okunmuştur. Tablo: ÖRNEK TABLO — OGM tür-yetişme ortamı rehberi ile değiştirilecek",True
EGE_2023_01_001373,DIKIM_ADAYI,,0.1077,"kızılçam, fıstıkçamı",toparlanma=0.11 <0.35,"Aktif dikim adayı. Doğal toparlanma zayıf kalıyor, eğim (11,3°) dikime elverişli.","Modelin tahminine göre yangın öncesi örtünün ancak %11 kadarı iki yılda geri gelecek — kendi başına kapanmayacak bir açık var. Yetişme ortamı: Ege kuşağı, 250 m, orta eğimli (10–25°). Bu koşullar için önerilen türler: kızılçam, fıstıkçamı. Tür önerisi sistemin çıkarımı değil, dışarıdan verilen tablodan okunmuştur. Tablo: ÖRNEK TABLO — OGM tür-yetişme ortamı rehberi ile değiştirilecek",True
EGE_2023_01_001374,DIKIM_ADAYI,,0.0,"kızılçam, fıstıkçamı",toparlanma=0.00 <0.35,"Aktif dikim adayı. Doğal toparlanma zayıf kalıyor, eğim (23,4°) dikime elverişli.","Modelin tahminine göre yangın öncesi örtünün ancak %0 kadarı iki yılda geri gelecek — kendi başına kapanmayacak bir açık var. Yetişme ortamı: Ege kuşağı, 175 m, orta eğimli (10–25°). Bu koşullar için önerilen türler: kızılçam, fıstıkçamı. Tür önerisi sistemin çıkarımı değil, dışarıdan verilen tablodan okunmuştur. Tablo: ÖRNEK TABLO — OGM tür-yetişme ortamı rehberi ile değiştirilecek",True
EGE_2023_01_001375,IZLE,,,,prediction_status=low_severity,"İzle, müdahale etme. Yangın bu kareyi ağır yakmamış (düşük şiddet, dNBR 0,12).","Model bu rejimde tahmin üretmiyor. Kendi toparlanması bekleniyor, müdahale listesine alınmıyor.",True
EGE_2023_01_001412,IZLE,,,,prediction_status=low_severity,"İzle, müdahale etme. Yangın bu kareyi ağır yakmamış (düşük şiddet, dNBR 0,11).","Model bu rejimde tahmin üretmiyor. Kendi toparlanması bekleniyor, müdahale listesine alınmıyor.",True
EGE_2023_01_001413,IZLE,,,,prediction_status=low_severity,"İzle, müdahale etme. Yangın bu kareyi ağır yakmamış (orta-düşük şiddet, dNBR 0,29).","Model bu rejimde tahmin üretmiyor. Kendi toparlanması bekleniyor, müdahale listesine alınmıyor.",True
EGE_2023_01_001414,DIKIM_ADAYI,,0.2457,"kızılçam, fıstıkçamı",toparlanma=0.25 <0.35,"Aktif dikim adayı. Doğal toparlanma zayıf kalıyor, eğim (2,8°) dikime elverişli.","Modelin tahminine göre yangın öncesi örtünün ancak %25 kadarı iki yılda geri gelecek — kendi başına kapanmayacak bir açık var. Yetişme ortamı: Ege kuşağı, 170 m, düz-hafif eğimli (0–10°). Bu koşullar için önerilen türler: kızılçam, fıstıkçamı. Tür önerisi sistemin çıkarımı değil, dışarıdan verilen tablodan okunmuştur. Tablo: ÖRNEK TABLO — OGM tür-yetişme ortamı rehberi ile değiştirilecek",True
EGE_2023_01_001415,DIKIM_ADAYI,,0.2399,"kızılçam, fıstıkçamı",toparlanma=0.24 <0.35,"Aktif dikim adayı. Doğal toparlanma zayıf kalıyor, eğim (3,4°) dikime elverişli.","Modelin tahminine göre yangın öncesi örtünün ancak %24 kadarı iki yılda geri gelecek — kendi başına kapanmayacak bir açık var. Yetişme ortamı: Ege kuşağı, 173 m, düz-hafif eğimli (0–10°). Bu koşullar için önerilen türler: kızılçam, fıstıkçamı. Tür önerisi sistemin çıkarımı değil, dışarıdan verilen tablodan okunmuştur. Tablo: ÖRNEK TABLO — OGM tür-yetişme ortamı rehberi ile değiştirilecek",True
EGE_2023_01_001416,DIKIM_ADAYI,,0.2211,"kızılçam, fıstıkçamı",toparlanma=0.22 <0.35,"Aktif dikim adayı. Doğal toparlanma zayıf kalıyor, eğim (5,8°) dikime elverişli.","Modelin tahminine göre yangın öncesi örtünün ancak %22 kadarı iki yılda geri gelecek — kendi başına kapanmayacak bir açık var. Yetişme ortamı: Ege kuşağı, 147 m, düz-hafif eğimli (0–10°). Bu koşullar için önerilen türler: kızılçam, fıstıkçamı. Tür önerisi sistemin çıkarımı değil, dışarıdan verilen tablodan okunmuştur. Tablo: ÖRNEK TABLO — OGM tür-yetişme ortamı rehberi ile değiştirilecek",True
EGE_2023_01_001417,IZLE,ESKIDEN_ORMAN_DEGIL,,,prediction_status=low_severity,"İzle, müdahale etme. Yangın bu kareyi ağır yakmamış (düşük şiddet, dNBR 0,12).","Model bu rejimde tahmin üretmiyor. Kendi toparlanması bekleniyor, müdahale listesine alınmıyor. Yangın öncesi örtü otlak ve çalılık idi; orman kurma değil, mevcut örtünün onarımı düşünülmeli.",True
EGE_2023_01_001418,IZLE,ESKIDEN_ORMAN_DEGIL,,,prediction_status=low_severity,"İzle, müdahale etme. Yangın bu kareyi ağır yakmamış (düşük şiddet, dNBR 0,25).","Model bu rejimde tahmin üretmiyor. Kendi toparlanması bekleniyor, müdahale listesine alınmıyor. Yangın öncesi örtü otlak ve çalılık idi; orman kurma değil, mevcut örtünün onarımı düşünülmeli.",True
EGE_2023_01_001419,ONCELIGE_GORE,,0.358,,toparlanma=0.36 0.35..0.50,Öncelik sırasına göre değerlendir. Kısmi toparlanma bekleniyor; müdahale kararı bütçeye ve sıraya bağlı.,Modelin tahminine göre yangın öncesi örtünün %36 kadarı iki yılda geri gelecek. Ne kendi kapanacak kadar iyi ne de acil müdahale gerektirecek kadar kötü — öncelik skoru bu kareyi sıranın neresine koyduğuna bakın.,True
EGE_2023_01_001420,DIKIM_ADAYI,,0.2107,"kızılçam, fıstıkçamı",toparlanma=0.21 <0.35,"Aktif dikim adayı. Doğal toparlanma zayıf kalıyor, eğim (10,6°) dikime elverişli.","Modelin tahminine göre yangın öncesi örtünün ancak %21 kadarı iki yılda geri gelecek — kendi başına kapanmayacak bir açık var. Yetişme ortamı: Ege kuşağı, 202 m, orta eğimli (10–25°). Bu koşullar için önerilen türler: kızılçam, fıstıkçamı. Tür önerisi sistemin çıkarımı değil, dışarıdan verilen tablodan okunmuştur. Tablo: ÖRNEK TABLO — OGM tür-yetişme ortamı rehberi ile değiştirilecek",True
EGE_2023_01_001421,DIKIM_ADAYI,,0.2207,"kızılçam, fıstıkçamı",toparlanma=0.22 <0.35,"Aktif dikim adayı. Doğal toparlanma zayıf kalıyor, eğim (8,0°) dikime elverişli.","Modelin tahminine göre yangın öncesi örtünün ancak %22 kadarı iki yılda geri gelecek — kendi başına kapanmayacak bir açık var. Yetişme ortamı: Ege kuşağı, 225 m, düz-hafif eğimli (0–10°). Bu koşullar için önerilen türler: kızılçam, fıstıkçamı. Tür önerisi sistemin çıkarımı değil, dışarıdan verilen tablodan okunmuştur. Tablo: ÖRNEK TABLO — OGM tür-yetişme ortamı rehberi ile değiştirilecek",True
EGE_2023_01_001422,DIKIM_ADAYI,,0.2387,"kızılçam, fıstıkçamı",toparlanma=0.24 <0.35,"Aktif dikim adayı. Doğal toparlanma zayıf kalıyor, eğim (5,2°) dikime elverişli.","Modelin tahminine göre yangın öncesi örtünün ancak %24 kadarı iki yılda geri gelecek — kendi başına kapanmayacak bir açık var. Yetişme ortamı: Ege kuşağı, 229 m, düz-hafif eğimli (0–10°). Bu koşullar için önerilen türler: kızılçam, fıstıkçamı. Tür önerisi sistemin çıkarımı değil, dışarıdan verilen tablodan okunmuştur. Tablo: ÖRNEK TABLO — OGM tür-yetişme ortamı rehberi ile değiştirilecek",True
EGE_2023_01_001423,DIKIM_ADAYI,AGIR_YANMIS,0.214,"kızılçam, fıstıkçamı",toparlanma=0.21 <0.35,"Aktif dikim adayı. Doğal toparlanma zayıf kalıyor, eğim (9,9°) dikime elverişli.","Modelin tahminine göre yangın öncesi örtünün ancak %21 kadarı iki yılda geri gelecek — kendi başına kapanmayacak bir açık var. Yangın orta-yüksek şiddet sınıfında (dNBR 0,48); toprak yüzeyi büyük olasılıkla açıkta. Yetişme ortamı: Ege kuşağı, 231 m, düz-hafif eğimli (0–10°). Bu koşullar için önerilen türler: kızılçam, fıstıkçamı. Tür önerisi sistemin çıkarımı değil, dışarıdan verilen tablodan okunmuştur. Tablo: ÖRNEK TABLO — OGM tür-yetişme ortamı rehberi ile değiştirilecek",True
EGE_2023_01_001424,IZLE,,,,prediction_status=low_severity,"İzle, müdahale etme. Yangın bu kareyi ağır yakmamış (düşük şiddet, dNBR 0,26).","Model bu rejimde tahmin üretmiyor. Kendi toparlanması bekleniyor, müdahale listesine alınmıyor.",True
EGE_2023_01_001425,DIKIM_ADAYI,,0.1981,"kızılçam, fıstıkçamı",toparlanma=0.20 <0.35,"Aktif dikim adayı. Doğal toparlanma zayıf kalıyor, eğim (8,4°) dikime elverişli.","Modelin tahminine göre yangın öncesi örtünün ancak %20 kadarı iki yılda geri gelecek — kendi başına kapanmayacak bir açık var. Yetişme ortamı: Ege kuşağı, 257 m, düz-hafif eğimli (0–10°). Bu koşullar için önerilen türler: kızılçam, fıstıkçamı. Tür önerisi sistemin çıkarımı değil, dışarıdan verilen tablodan okunmuştur. Tablo: ÖRNEK TABLO — OGM tür-yetişme ortamı rehberi ile değiştirilecek",True
EGE_2023_01_001426,DIKIM_ADAYI,,0.2051,"kızılçam, fıstıkçamı",toparlanma=0.21 <0.35,"Aktif dikim adayı. Doğal toparlanma zayıf kalıyor, eğim (12,4°) dikime elverişli.","Modelin tahminine göre yangın öncesi örtünün ancak %21 kadarı iki yılda geri gelecek — kendi başına kapanmayacak bir açık var. Yetişme ortamı: Ege kuşağı, 237 m, orta eğimli (10–25°). Bu koşullar için önerilen türler: kızılçam, fıstıkçamı. Tür önerisi sistemin çıkarımı değil, dışarıdan verilen tablodan okunmuştur. Tablo: ÖRNEK TABLO — OGM tür-yetişme ortamı rehberi ile değiştirilecek",True
EGE_2023_01_001427,DIKIM_ADAYI,,0.1921,"kızılçam, fıstıkçamı",toparlanma=0.19 <0.35,"Aktif dikim adayı. Doğal toparlanma zayıf kalıyor, eğim (12,4°) dikime elverişli.","Modelin tahminine göre yangın öncesi örtünün ancak %19 kadarı iki yılda geri gelecek — kendi başına kapanmayacak bir açık var. Yetişme ortamı: Ege kuşağı, 232 m, orta eğimli (10–25°). Bu koşullar için önerilen türler: kızılçam, fıstıkçamı. Tür önerisi sistemin çıkarımı değil, dışarıdan verilen tablodan okunmuştur. Tablo: ÖRNEK TABLO — OGM tür-yetişme ortamı rehberi ile değiştirilecek",True
EGE_2023_01_001428,DIKIM_ADAYI,,0.2544,"kızılçam, fıstıkçamı",toparlanma=0.25 <0.35,"Aktif dikim adayı. Doğal toparlanma zayıf kalıyor, eğim (16,0°) dikime elverişli.","Modelin tahminine göre yangın öncesi örtünün ancak %25 kadarı iki yılda geri gelecek — kendi başına kapanmayacak bir açık var. Yetişme ortamı: Ege kuşağı, 233 m, orta eğimli (10–25°). Bu koşullar için önerilen türler: kızılçam, fıstıkçamı. Tür önerisi sistemin çıkarımı değil, dışarıdan verilen tablodan okunmuştur. Tablo: ÖRNEK TABLO — OGM tür-yetişme ortamı rehberi ile değiştirilecek",True
EGE_2023_01_001429,IZLE,ESKIDEN_ORMAN_DEGIL,,,prediction_status=low_severity,"İzle, müdahale etme. Yangın bu kareyi ağır yakmamış (orta-düşük şiddet, dNBR 0,31).","Model bu rejimde tahmin üretmiyor. Kendi toparlanması bekleniyor, müdahale listesine alınmıyor. Yangın öncesi örtü otlak ve çalılık idi; orman kurma değil, mevcut örtünün onarımı düşünülmeli.",True
EGE_2023_01_001430,DIKIM_ADAYI,,0.2315,"kızılçam, fıstıkçamı",toparlanma=0.23 <0.35,"Aktif dikim adayı. Doğal toparlanma zayıf kalıyor, eğim (8,1°) dikime elverişli.","Modelin tahminine göre yangın öncesi örtünün ancak %23 kadarı iki yılda geri gelecek — kendi başına kapanmayacak bir açık var. Yetişme ortamı: Ege kuşağı, 243 m, düz-hafif eğimli (0–10°). Bu koşullar için önerilen türler: kızılçam, fıstıkçamı. Tür önerisi sistemin çıkarımı değil, dışarıdan verilen tablodan okunmuştur. Tablo: ÖRNEK TABLO — OGM tür-yetişme ortamı rehberi ile değiştirilecek",True
EGE_2023_01_001431,IZLE,,,,prediction_status=low_severity,"İzle, müdahale etme. Yangın bu kareyi ağır yakmamış (düşük şiddet, dNBR 0,25).","Model bu rejimde tahmin üretmiyor. Kendi toparlanması bekleniyor, müdahale listesine alınmıyor.",True
EGE_2023_01_001432,IZLE,,,,prediction_status=low_severity,"İzle, müdahale etme. Yangın bu kareyi ağır yakmamış (düşük şiddet, dNBR 0,14).","Model bu rejimde tahmin üretmiyor. Kendi toparlanması bekleniyor, müdahale listesine alınmıyor.",True
EGE_2023_01_001465,KAPSAM_DISI,,,,land_cover=Tarim,"Ağaçlandırma kapsamı dışı. Bu kare tarım alanı olarak sınıflanmış, orman rehabilitasyonu hedefi değil.",Öncelik sıralamasına dahil edilmiyor.,False
EGE_2023_01_001470,DIKIM_ADAYI,,0.2615,"kızılçam, fıstıkçamı",toparlanma=0.26 <0.35,"Aktif dikim adayı. Doğal toparlanma zayıf kalıyor, eğim (6,3°) dikime elverişli.","Modelin tahminine göre yangın öncesi örtünün ancak %26 kadarı iki yılda geri gelecek — kendi başına kapanmayacak bir açık var. Yetişme ortamı: Ege kuşağı, 125 m, düz-hafif eğimli (0–10°). Bu koşullar için önerilen türler: kızılçam, fıstıkçamı. Tür önerisi sistemin çıkarımı değil, dışarıdan verilen tablodan okunmuştur. Tablo: ÖRNEK TABLO — OGM tür-yetişme ortamı rehberi ile değiştirilecek",True
EGE_2023_01_001471,DIKIM_ADAYI,,0.2088,"kızılçam, fıstıkçamı",toparlanma=0.21 <0.35,"Aktif dikim adayı. Doğal toparlanma zayıf kalıyor, eğim (7,3°) dikime elverişli.","Modelin tahminine göre yangın öncesi örtünün ancak %21 kadarı iki yılda geri gelecek — kendi başına kapanmayacak bir açık var. Yetişme ortamı: Ege kuşağı, 147 m, düz-hafif eğimli (0–10°). Bu koşullar için önerilen türler: kızılçam, fıstıkçamı. Tür önerisi sistemin çıkarımı değil, dışarıdan verilen tablodan okunmuştur. Tablo: ÖRNEK TABLO — OGM tür-yetişme ortamı rehberi ile değiştirilecek",True
EGE_2023_01_001472,IZLE,,,,prediction_status=low_severity,"İzle, müdahale etme. Yangın bu kareyi ağır yakmamış (düşük şiddet, dNBR 0,26).","Model bu rejimde tahmin üretmiyor. Kendi toparlanması bekleniyor, müdahale listesine alınmıyor.",True
EGE_2023_01_001473,IZLE,ESKIDEN_ORMAN_DEGIL,,,prediction_status=low_severity,"İzle, müdahale etme. Yangın bu kareyi ağır yakmamış (düşük şiddet, dNBR 0,24).","Model bu rejimde tahmin üretmiyor. Kendi toparlanması bekleniyor, müdahale listesine alınmıyor. Yangın öncesi örtü otlak ve çalılık idi; orman kurma değil, mevcut örtünün onarımı düşünülmeli.",True
EGE_2023_01_001474,IZLE,,,,prediction_status=low_severity,"İzle, müdahale etme. Yangın bu kareyi ağır yakmamış (orta-düşük şiddet, dNBR 0,30).","Model bu rejimde tahmin üretmiyor. Kendi toparlanması bekleniyor, müdahale listesine alınmıyor.",True
EGE_2023_01_001475,DIKIM_ADAYI,,0.2118,"kızılçam, fıstıkçamı",toparlanma=0.21 <0.35,"Aktif dikim adayı. Doğal toparlanma zayıf kalıyor, eğim (7,8°) dikime elverişli.","Modelin tahminine göre yangın öncesi örtünün ancak %21 kadarı iki yılda geri gelecek — kendi başına kapanmayacak bir açık var. Yetişme ortamı: Ege kuşağı, 158 m, düz-hafif eğimli (0–10°). Bu koşullar için önerilen türler: kızılçam, fıstıkçamı. Tür önerisi sistemin çıkarımı değil, dışarıdan verilen tablodan okunmuştur. Tablo: ÖRNEK TABLO — OGM tür-yetişme ortamı rehberi ile değiştirilecek",True
EGE_2023_01_001476,DIKIM_ADAYI,AGIR_YANMIS,0.2098,"kızılçam, fıstıkçamı",toparlanma=0.21 <0.35,"Aktif dikim adayı. Doğal toparlanma zayıf kalıyor, eğim (11,4°) dikime elverişli.","Modelin tahminine göre yangın öncesi örtünün ancak %21 kadarı iki yılda geri gelecek — kendi başına kapanmayacak bir açık var. Yangın orta-yüksek şiddet sınıfında (dNBR 0,51); toprak yüzeyi büyük olasılıkla açıkta. Yetişme ortamı: Ege kuşağı, 192 m, orta eğimli (10–25°). Bu koşullar için önerilen türler: kızılçam, fıstıkçamı. Tür önerisi sistemin çıkarımı değil, dışarıdan verilen tablodan okunmuştur. Tablo: ÖRNEK TABLO — OGM tür-yetişme ortamı rehberi ile değiştirilecek",True
EGE_2023_01_001477,DIKIM_ADAYI,AGIR_YANMIS,0.1905,"kızılçam, fıstıkçamı",toparlanma=0.19 <0.35,"Aktif dikim adayı. Doğal toparlanma zayıf kalıyor, eğim (12,1°) dikime elverişli.","Modelin tahminine göre yangın öncesi örtünün ancak %19 kadarı iki yılda geri gelecek — kendi başına kapanmayacak bir açık var. Yangın orta-yüksek şiddet sınıfında (dNBR 0,56); toprak yüzeyi büyük olasılıkla açıkta. Yetişme ortamı: Ege kuşağı, 216 m, orta eğimli (10–25°). Bu koşullar için önerilen türler: kızılçam, fıstıkçamı. Tür önerisi sistemin çıkarımı değil, dışarıdan verilen tablodan okunmuştur. Tablo: ÖRNEK TABLO — OGM tür-yetişme ortamı rehberi ile değiştirilecek",True
EGE_2023_01_001478,DIKIM_ADAYI,AGIR_YANMIS,0.2024,"kızılçam, fıstıkçamı",toparlanma=0.20 <0.35,"Aktif dikim adayı. Doğal toparlanma zayıf kalıyor, eğim (8,2°) dikime elverişli.","Modelin tahminine göre yangın öncesi örtünün ancak %20 kadarı iki yılda geri gelecek — kendi başına kapanmayacak bir açık var. Yangın orta-yüksek şiddet sınıfında (dNBR 0,54); toprak yüzeyi büyük olasılıkla açıkta. Yetişme ortamı: Ege kuşağı, 243 m, düz-hafif eğimli (0–10°). Bu koşullar için önerilen türler: kızılçam, fıstıkçamı. Tür önerisi sistemin çıkarımı değil, dışarıdan verilen tablodan okunmuştur. Tablo: ÖRNEK TABLO — OGM tür-yetişme ortamı rehberi ile değiştirilecek",True
EGE_2023_01_001479,DIKIM_ADAYI,,0.267,"kızılçam, fıstıkçamı",toparlanma=0.27 <0.35,"Aktif dikim adayı. Doğal toparlanma zayıf kalıyor, eğim (3,9°) dikime elverişli.","Modelin tahminine göre yangın öncesi örtünün ancak %27 kadarı iki yılda geri gelecek — kendi başına kapanmayacak bir açık var. Yetişme ortamı: Ege kuşağı, 236 m, düz-hafif eğimli (0–10°). Bu koşullar için önerilen türler: kızılçam, fıstıkçamı. Tür önerisi sistemin çıkarımı değil, dışarıdan verilen tablodan okunmuştur. Tablo: ÖRNEK TABLO — OGM tür-yetişme ortamı rehberi ile değiştirilecek",True
EGE_2023_01_001480,DIKIM_ADAYI,,0.2688,"kızılçam, fıstıkçamı",toparlanma=0.27 <0.35,"Aktif dikim adayı. Doğal toparlanma zayıf kalıyor, eğim (7,4°) dikime elverişli.","Modelin tahminine göre yangın öncesi örtünün ancak %27 kadarı iki yılda geri gelecek — kendi başına kapanmayacak bir açık var. Yetişme ortamı: Ege kuşağı, 237 m, düz-hafif eğimli (0–10°). Bu koşullar için önerilen türler: kızılçam, fıstıkçamı. Tür önerisi sistemin çıkarımı değil, dışarıdan verilen tablodan okunmuştur. Tablo: ÖRNEK TABLO — OGM tür-yetişme ortamı rehberi ile değiştirilecek",True
EGE_2023_01_001481,DIKIM_ADAYI,,0.2271,"kızılçam, fıstıkçamı",toparlanma=0.23 <0.35,"Aktif dikim adayı. Doğal toparlanma zayıf kalıyor, eğim (10,2°) dikime elverişli.","Modelin tahminine göre yangın öncesi örtünün ancak %23 kadarı iki yılda geri gelecek — kendi başına kapanmayacak bir açık var. Yetişme ortamı: Ege kuşağı, 263 m, orta eğimli (10–25°). Bu koşullar için önerilen türler: kızılçam, fıstıkçamı. Tür önerisi sistemin çıkarımı değil, dışarıdan verilen tablodan okunmuştur. Tablo: ÖRNEK TABLO — OGM tür-yetişme ortamı rehberi ile değiştirilecek",True
EGE_2023_01_001482,DIKIM_ADAYI,,0.2034,"kızılçam, fıstıkçamı",toparlanma=0.20 <0.35,"Aktif dikim adayı. Doğal toparlanma zayıf kalıyor, eğim (5,9°) dikime elverişli.","Modelin tahminine göre yangın öncesi örtünün ancak %20 kadarı iki yılda geri gelecek — kendi başına kapanmayacak bir açık var. Yetişme ortamı: Ege kuşağı, 277 m, düz-hafif eğimli (0–10°). Bu koşullar için önerilen türler: kızılçam, fıstıkçamı. Tür önerisi sistemin çıkarımı değil, dışarıdan verilen tablodan okunmuştur. Tablo: ÖRNEK TABLO — OGM tür-yetişme ortamı rehberi ile değiştirilecek",True
EGE_2023_01_001483,DIKIM_ADAYI,,0.1733,"kızılçam, fıstıkçamı",toparlanma=0.17 <0.35,"Aktif dikim adayı. Doğal toparlanma zayıf kalıyor, eğim (8,9°) dikime elverişli.","Modelin tahminine göre yangın öncesi örtünün ancak %17 kadarı iki yılda geri gelecek — kendi başına kapanmayacak bir açık var. Yetişme ortamı: Ege kuşağı, 254 m, düz-hafif eğimli (0–10°). Bu koşullar için önerilen türler: kızılçam, fıstıkçamı. Tür önerisi sistemin çıkarımı değil, dışarıdan verilen tablodan okunmuştur. Tablo: ÖRNEK TABLO — OGM tür-yetişme ortamı rehberi ile değiştirilecek",True
EGE_2023_01_001484,DIKIM_ADAYI,,0.1647,"kızılçam, fıstıkçamı",toparlanma=0.16 <0.35,"Aktif dikim adayı. Doğal toparlanma zayıf kalıyor, eğim (11,0°) dikime elverişli.","Modelin tahminine göre yangın öncesi örtünün ancak %16 kadarı iki yılda geri gelecek — kendi başına kapanmayacak bir açık var. Yetişme ortamı: Ege kuşağı, 270 m, orta eğimli (10–25°). Bu koşullar için önerilen türler: kızılçam, fıstıkçamı. Tür önerisi sistemin çıkarımı değil, dışarıdan verilen tablodan okunmuştur. Tablo: ÖRNEK TABLO — OGM tür-yetişme ortamı rehberi ile değiştirilecek",True
EGE_2023_01_001485,IZLE,,,,prediction_status=low_severity,"İzle, müdahale etme. Yangın bu kareyi ağır yakmamış (düşük şiddet, dNBR 0,17).","Model bu rejimde tahmin üretmiyor. Kendi toparlanması bekleniyor, müdahale listesine alınmıyor.",True
EGE_2023_01_001486,IZLE,,,,prediction_status=low_severity,"İzle, müdahale etme. Yangın bu kareyi ağır yakmamış (orta-düşük şiddet, dNBR 0,30).","Model bu rejimde tahmin üretmiyor. Kendi toparlanması bekleniyor, müdahale listesine alınmıyor.",True
EGE_2023_01_001487,IZLE,ESKIDEN_ORMAN_DEGIL,,,prediction_status=low_severity,"İzle, müdahale etme. Yangın bu kareyi ağır yakmamış (düşük şiddet, dNBR 0,24).","Model bu rejimde tahmin üretmiyor. Kendi toparlanması bekleniyor, müdahale listesine alınmıyor. Yangın öncesi örtü otlak ve çalılık idi; orman kurma değil, mevcut örtünün onarımı düşünülmeli.",True
EGE_2023_01_001488,IZLE,,,,prediction_status=low_severity,"İzle, müdahale etme. Yangın bu kareyi ağır yakmamış (düşük şiddet, dNBR 0,12).","Model bu rejimde tahmin üretmiyor. Kendi toparlanması bekleniyor, müdahale listesine alınmıyor.",True
EGE_2023_01_001527,IZLE,,,,prediction_status=low_severity,"İzle, müdahale etme. Yangın bu kareyi ağır yakmamış (düşük şiddet, dNBR 0,24).","Model bu rejimde tahmin üretmiyor. Kendi toparlanması bekleniyor, müdahale listesine alınmıyor.",True
EGE_2023_01_001528,IZLE,,,,prediction_status=low_severity,"İzle, müdahale etme. Yangın bu kareyi ağır yakmamış (orta-düşük şiddet, dNBR 0,29).","Model bu rejimde tahmin üretmiyor. Kendi toparlanması bekleniyor, müdahale listesine alınmıyor.",True
EGE_2023_01_001529,DIKIM_ADAYI,,0.1696,"kızılçam, fıstıkçamı",toparlanma=0.17 <0.35,"Aktif dikim adayı. Doğal toparlanma zayıf kalıyor, eğim (7,9°) dikime elverişli.","Modelin tahminine göre yangın öncesi örtünün ancak %17 kadarı iki yılda geri gelecek — kendi başına kapanmayacak bir açık var. Yetişme ortamı: Ege kuşağı, 160 m, düz-hafif eğimli (0–10°). Bu koşullar için önerilen türler: kızılçam, fıstıkçamı. Tür önerisi sistemin çıkarımı değil, dışarıdan verilen tablodan okunmuştur. Tablo: ÖRNEK TABLO — OGM tür-yetişme ortamı rehberi ile değiştirilecek",True
EGE_2023_01_001530,DIKIM_ADAYI,,0.244,"kızılçam, fıstıkçamı",toparlanma=0.24 <0.35,"Aktif dikim adayı. Doğal toparlanma zayıf kalıyor, eğim (6,8°) dikime elverişli.","Modelin tahminine göre yangın öncesi örtünün ancak %24 kadarı iki yılda geri gelecek — kendi başına kapanmayacak bir açık var. Yetişme ortamı: Ege kuşağı, 154 m, düz-hafif eğimli (0–10°). Bu koşullar için önerilen türler: kızılçam, fıstıkçamı. Tür önerisi sistemin çıkarımı değil, dışarıdan verilen tablodan okunmuştur. Tablo: ÖRNEK TABLO — OGM tür-yetişme ortamı rehberi ile değiştirilecek",True
EGE_2023_01_001531,IZLE,ESKIDEN_ORMAN_DEGIL,,,prediction_status=low_severity,"İzle, müdahale etme. Yangın bu kareyi ağır yakmamış (düşük şiddet, dNBR 0,13).","Model bu rejimde tahmin üretmiyor. Kendi toparlanması bekleniyor, müdahale listesine alınmıyor. Yangın öncesi örtü otlak ve çalılık idi; orman kurma değil, mevcut örtünün onarımı düşünülmeli.",True
EGE_2023_01_001532,IZLE,,,,prediction_status=low_severity,"İzle, müdahale etme. Yangın bu kareyi ağır yakmamış (düşük şiddet, dNBR 0,27).","Model bu rejimde tahmin üretmiyor. Kendi toparlanması bekleniyor, müdahale listesine alınmıyor.",True
EGE_2023_01_001533,DIKIM_ADAYI,AGIR_YANMIS,0.1662,"kızılçam, fıstıkçamı",toparlanma=0.17 <0.35,"Aktif dikim adayı. Doğal toparlanma zayıf kalıyor, eğim (8,2°) dikime elverişli.","Modelin tahminine göre yangın öncesi örtünün ancak %17 kadarı iki yılda geri gelecek — kendi başına kapanmayacak bir açık var. Yangın orta-yüksek şiddet sınıfında (dNBR 0,44); toprak yüzeyi büyük olasılıkla açıkta. Yetişme ortamı: Ege kuşağı, 178 m, düz-hafif eğimli (0–10°). Bu koşullar için önerilen türler: kızılçam, fıstıkçamı. Tür önerisi sistemin çıkarımı değil, dışarıdan verilen tablodan okunmuştur. Tablo: ÖRNEK TABLO — OGM tür-yetişme ortamı rehberi ile değiştirilecek",True
EGE_2023_01_001534,DIKIM_ADAYI,AGIR_YANMIS,0.1904,"kızılçam, fıstıkçamı",toparlanma=0.19 <0.35,"Aktif dikim adayı. Doğal toparlanma zayıf kalıyor, eğim (8,1°) dikime elverişli.","Modelin tahminine göre yangın öncesi örtünün ancak %19 kadarı iki yılda geri gelecek — kendi başına kapanmayacak bir açık var. Yangın orta-yüksek şiddet sınıfında (dNBR 0,51); toprak yüzeyi büyük olasılıkla açıkta. Yetişme ortamı: Ege kuşağı, 208 m, düz-hafif eğimli (0–10°). Bu koşullar için önerilen türler: kızılçam, fıstıkçamı. Tür önerisi sistemin çıkarımı değil, dışarıdan verilen tablodan okunmuştur. Tablo: ÖRNEK TABLO — OGM tür-yetişme ortamı rehberi ile değiştirilecek",True
EGE_2023_01_001535,DIKIM_ADAYI,AGIR_YANMIS,0.2036,"kızılçam, fıstıkçamı",toparlanma=0.20 <0.35,"Aktif dikim adayı. Doğal toparlanma zayıf kalıyor, eğim (5,9°) dikime elverişli.","Modelin tahminine göre yangın öncesi örtünün ancak %20 kadarı iki yılda geri gelecek — kendi başına kapanmayacak bir açık var. Yangın orta-yüksek şiddet sınıfında (dNBR 0,49); toprak yüzeyi büyük olasılıkla açıkta. Yetişme ortamı: Ege kuşağı, 236 m, düz-hafif eğimli (0–10°). Bu koşullar için önerilen türler: kızılçam, fıstıkçamı. Tür önerisi sistemin çıkarımı değil, dışarıdan verilen tablodan okunmuştur. Tablo: ÖRNEK TABLO — OGM tür-yetişme ortamı rehberi ile değiştirilecek",True
EGE_2023_01_001536,DIKIM_ADAYI,AGIR_YANMIS,0.185,"kızılçam, fıstıkçamı",toparlanma=0.19 <0.35,"Aktif dikim adayı. Doğal toparlanma zayıf kalıyor, eğim (3,8°) dikime elverişli.","Modelin tahminine göre yangın öncesi örtünün ancak %19 kadarı iki yılda geri gelecek — kendi başına kapanmayacak bir açık var. Yangın orta-yüksek şiddet sınıfında (dNBR 0,44); toprak yüzeyi büyük olasılıkla açıkta. Yetişme ortamı: Ege kuşağı, 253 m, düz-hafif eğimli (0–10°). Bu koşullar için önerilen türler: kızılçam, fıstıkçamı. Tür önerisi sistemin çıkarımı değil, dışarıdan verilen tablodan okunmuştur. Tablo: ÖRNEK TABLO — OGM tür-yetişme ortamı rehberi ile değiştirilecek",True
EGE_2023_01_001537,DIKIM_ADAYI,,0.1997,"kızılçam, fıstıkçamı",toparlanma=0.20 <0.35,"Aktif dikim adayı. Doğal toparlanma zayıf kalıyor, eğim (6,7°) dikime elverişli.","Modelin tahminine göre yangın öncesi örtünün ancak %20 kadarı iki yılda geri gelecek — kendi başına kapanmayacak bir açık var. Yetişme ortamı: Ege kuşağı, 248 m, düz-hafif eğimli (0–10°). Bu koşullar için önerilen türler: kızılçam, fıstıkçamı. Tür önerisi sistemin çıkarımı değil, dışarıdan verilen tablodan okunmuştur. Tablo: ÖRNEK TABLO — OGM tür-yetişme ortamı rehberi ile değiştirilecek",True
EGE_2023_01_001538,DIKIM_ADAYI,,0.2593,"kızılçam, fıstıkçamı",toparlanma=0.26 <0.35,"Aktif dikim adayı. Doğal toparlanma zayıf kalıyor, eğim (9,2°) dikime elverişli.","Modelin tahminine göre yangın öncesi örtünün ancak %26 kadarı iki yılda geri gelecek — kendi başına kapanmayacak bir açık var. Yetişme ortamı: Ege kuşağı, 269 m, düz-hafif eğimli (0–10°). Bu koşullar için önerilen türler: kızılçam, fıstıkçamı. Tür önerisi sistemin çıkarımı değil, dışarıdan verilen tablodan okunmuştur. Tablo: ÖRNEK TABLO — OGM tür-yetişme ortamı rehberi ile değiştirilecek",True
EGE_2023_01_001539,DIKIM_ADAYI,AGIR_YANMIS,0.2099,"kızılçam, fıstıkçamı",toparlanma=0.21 <0.35,"Aktif dikim adayı. Doğal toparlanma zayıf kalıyor, eğim (4,3°) dikime elverişli.","Modelin tahminine göre yangın öncesi örtünün ancak %21 kadarı iki yılda geri gelecek — kendi başına kapanmayacak bir açık var. Yangın orta-yüksek şiddet sınıfında (dNBR 0,45); toprak yüzeyi büyük olasılıkla açıkta. Yetişme ortamı: Ege kuşağı, 292 m, düz-hafif eğimli (0–10°). Bu koşullar için önerilen türler: kızılçam, fıstıkçamı. Tür önerisi sistemin çıkarımı değil, dışarıdan verilen tablodan okunmuştur. Tablo: ÖRNEK TABLO — OGM tür-yetişme ortamı rehberi ile değiştirilecek",True
EGE_2023_01_001540,DIKIM_ADAYI,,0.1537,"kızılçam, fıstıkçamı",toparlanma=0.15 <0.35,"Aktif dikim adayı. Doğal toparlanma zayıf kalıyor, eğim (5,8°) dikime elverişli.","Modelin tahminine göre yangın öncesi örtünün ancak %15 kadarı iki yılda geri gelecek — kendi başına kapanmayacak bir açık var. Yetişme ortamı: Ege kuşağı, 281 m, düz-hafif eğimli (0–10°). Bu koşullar için önerilen türler: kızılçam, fıstıkçamı. Tür önerisi sistemin çıkarımı değil, dışarıdan verilen tablodan okunmuştur. Tablo: ÖRNEK TABLO — OGM tür-yetişme ortamı rehberi ile değiştirilecek",True
EGE_2023_01_001541,DIKIM_ADAYI,,0.1727,"kızılçam, fıstıkçamı",toparlanma=0.17 <0.35,"Aktif dikim adayı. Doğal toparlanma zayıf kalıyor, eğim (7,9°) dikime elverişli.","Modelin tahminine göre yangın öncesi örtünün ancak %17 kadarı iki yılda geri gelecek — kendi başına kapanmayacak bir açık var. Yetişme ortamı: Ege kuşağı, 275 m, düz-hafif eğimli (0–10°). Bu koşullar için önerilen türler: kızılçam, fıstıkçamı. Tür önerisi sistemin çıkarımı değil, dışarıdan verilen tablodan okunmuştur. Tablo: ÖRNEK TABLO — OGM tür-yetişme ortamı rehberi ile değiştirilecek",True
EGE_2023_01_001542,IZLE,,,,prediction_status=low_severity,"İzle, müdahale etme. Yangın bu kareyi ağır yakmamış (düşük şiddet, dNBR 0,19).","Model bu rejimde tahmin üretmiyor. Kendi toparlanması bekleniyor, müdahale listesine alınmıyor.",True
EGE_2023_01_001543,IZLE,,,,prediction_status=low_severity,"İzle, müdahale etme. Yangın bu kareyi ağır yakmamış (düşük şiddet, dNBR 0,16).","Model bu rejimde tahmin üretmiyor. Kendi toparlanması bekleniyor, müdahale listesine alınmıyor.",True
EGE_2023_01_001544,IZLE,SEYREK_ORTU,,,prediction_status=low_severity,"İzle, müdahale etme. Yangın bu kareyi ağır yakmamış (düşük şiddet, dNBR 0,18).","Model bu rejimde tahmin üretmiyor. Kendi toparlanması bekleniyor, müdahale listesine alınmıyor. Yangın öncesi ağaç örtüsü zaten seyrekti (%3) — buradaki açığın tamamı yangından kaynaklanmıyor olabilir.",True
EGE_2023_01_001545,IZLE,ESKIDEN_ORMAN_DEGIL,,,prediction_status=low_severity,"İzle, müdahale etme. Yangın bu kareyi ağır yakmamış (düşük şiddet, dNBR 0,25).","Model bu rejimde tahmin üretmiyor. Kendi toparlanması bekleniyor, müdahale listesine alınmıyor. Yangın öncesi örtü otlak ve çalılık idi; orman kurma değil, mevcut örtünün onarımı düşünülmeli.",True
EGE_2023_01_001585,DIKIM_ADAYI,,0.2893,"kızılçam, fıstıkçamı",toparlanma=0.29 <0.35,"Aktif dikim adayı. Doğal toparlanma zayıf kalıyor, eğim (4,6°) dikime elverişli.","Modelin tahminine göre yangın öncesi örtünün ancak %29 kadarı iki yılda geri gelecek — kendi başına kapanmayacak bir açık var. Yetişme ortamı: Ege kuşağı, 90 m, düz-hafif eğimli (0–10°). Bu koşullar için önerilen türler: kızılçam, fıstıkçamı. Tür önerisi sistemin çıkarımı değil, dışarıdan verilen tablodan okunmuştur. Tablo: ÖRNEK TABLO — OGM tür-yetişme ortamı rehberi ile değiştirilecek",True
EGE_2023_01_001586,DIKIM_ADAYI,,0.1919,"kızılçam, fıstıkçamı",toparlanma=0.19 <0.35,"Aktif dikim adayı. Doğal toparlanma zayıf kalıyor, eğim (6,3°) dikime elverişli.","Modelin tahminine göre yangın öncesi örtünün ancak %19 kadarı iki yılda geri gelecek — kendi başına kapanmayacak bir açık var. Yetişme ortamı: Ege kuşağı, 110 m, düz-hafif eğimli (0–10°). Bu koşullar için önerilen türler: kızılçam, fıstıkçamı. Tür önerisi sistemin çıkarımı değil, dışarıdan verilen tablodan okunmuştur. Tablo: ÖRNEK TABLO — OGM tür-yetişme ortamı rehberi ile değiştirilecek",True
EGE_2023_01_001587,DIKIM_ADAYI,AGIR_YANMIS,0.1656,"kızılçam, fıstıkçamı",toparlanma=0.17 <0.35,"Aktif dikim adayı. Doğal toparlanma zayıf kalıyor, eğim (8,3°) dikime elverişli.","Modelin tahminine göre yangın öncesi örtünün ancak %17 kadarı iki yılda geri gelecek — kendi başına kapanmayacak bir açık var. Yangın orta-yüksek şiddet sınıfında (dNBR 0,47); toprak yüzeyi büyük olasılıkla açıkta. Yetişme ortamı: Ege kuşağı, 128 m, düz-hafif eğimli (0–10°). Bu koşullar için önerilen türler: kızılçam, fıstıkçamı. Tür önerisi sistemin çıkarımı değil, dışarıdan verilen tablodan okunmuştur. Tablo: ÖRNEK TABLO — OGM tür-yetişme ortamı rehberi ile değiştirilecek",True
EGE_2023_01_001588,DIKIM_ADAYI,,0.2288,"kızılçam, fıstıkçamı",toparlanma=0.23 <0.35,"Aktif dikim adayı. Doğal toparlanma zayıf kalıyor, eğim (9,2°) dikime elverişli.","Modelin tahminine göre yangın öncesi örtünün ancak %23 kadarı iki yılda geri gelecek — kendi başına kapanmayacak bir açık var. Yetişme ortamı: Ege kuşağı, 149 m, düz-hafif eğimli (0–10°). Bu koşullar için önerilen türler: kızılçam, fıstıkçamı. Tür önerisi sistemin çıkarımı değil, dışarıdan verilen tablodan okunmuştur. Tablo: ÖRNEK TABLO — OGM tür-yetişme ortamı rehberi ile değiştirilecek",True
EGE_2023_01_001589,DIKIM_ADAYI,AGIR_YANMIS,0.1908,"kızılçam, fıstıkçamı",toparlanma=0.19 <0.35,"Aktif dikim adayı. Doğal toparlanma zayıf kalıyor, eğim (14,1°) dikime elverişli.","Modelin tahminine göre yangın öncesi örtünün ancak %19 kadarı iki yılda geri gelecek — kendi başına kapanmayacak bir açık var. Yangın orta-yüksek şiddet sınıfında (dNBR 0,47); toprak yüzeyi büyük olasılıkla açıkta. Yetişme ortamı: Ege kuşağı, 187 m, orta eğimli (10–25°). Bu koşullar için önerilen türler: kızılçam, fıstıkçamı. Tür önerisi sistemin çıkarımı değil, dışarıdan verilen tablodan okunmuştur. Tablo: ÖRNEK TABLO — OGM tür-yetişme ortamı rehberi ile değiştirilecek",True
EGE_2023_01_001590,DIKIM_ADAYI,AGIR_YANMIS,0.1946,"kızılçam, fıstıkçamı",toparlanma=0.19 <0.35,"Aktif dikim adayı. Doğal toparlanma zayıf kalıyor, eğim (11,8°) dikime elverişli.","Modelin tahminine göre yangın öncesi örtünün ancak %19 kadarı iki yılda geri gelecek — kendi başına kapanmayacak bir açık var. Yangın orta-yüksek şiddet sınıfında (dNBR 0,57); toprak yüzeyi büyük olasılıkla açıkta. Yetişme ortamı: Ege kuşağı, 214 m, orta eğimli (10–25°). Bu koşullar için önerilen türler: kızılçam, fıstıkçamı. Tür önerisi sistemin çıkarımı değil, dışarıdan verilen tablodan okunmuştur. Tablo: ÖRNEK TABLO — OGM tür-yetişme ortamı rehberi ile değiştirilecek",True
EGE_2023_01_001591,DIKIM_ADAYI,AGIR_YANMIS,0.1906,"kızılçam, fıstıkçamı",toparlanma=0.19 <0.35,"Aktif dikim adayı. Doğal toparlanma zayıf kalıyor, eğim (11,3°) dikime elverişli.","Modelin tahminine göre yangın öncesi örtünün ancak %19 kadarı iki yılda geri gelecek — kendi başına kapanmayacak bir açık var. Yangın orta-yüksek şiddet sınıfında (dNBR 0,55); toprak yüzeyi büyük olasılıkla açıkta. Yetişme ortamı: Ege kuşağı, 213 m, orta eğimli (10–25°). Bu koşullar için önerilen türler: kızılçam, fıstıkçamı. Tür önerisi sistemin çıkarımı değil, dışarıdan verilen tablodan okunmuştur. Tablo: ÖRNEK TABLO — OGM tür-yetişme ortamı rehberi ile değiştirilecek",True
EGE_2023_01_001592,DIKIM_ADAYI,AGIR_YANMIS,0.2,"kızılçam, fıstıkçamı",toparlanma=0.20 <0.35,"Aktif dikim adayı. Doğal toparlanma zayıf kalıyor, eğim (10,7°) dikime elverişli.","Modelin tahminine göre yangın öncesi örtünün ancak %20 kadarı iki yılda geri gelecek — kendi başına kapanmayacak bir açık var. Yangın orta-yüksek şiddet sınıfında (dNBR 0,55); toprak yüzeyi büyük olasılıkla açıkta. Yetişme ortamı: Ege kuşağı, 232 m, orta eğimli (10–25°). Bu koşullar için önerilen türler: kızılçam, fıstıkçamı. Tür önerisi sistemin çıkarımı değil, dışarıdan verilen tablodan okunmuştur. Tablo: ÖRNEK TABLO — OGM tür-yetişme ortamı rehberi ile değiştirilecek",True
EGE_2023_01_001593,DIKIM_ADAYI,AGIR_YANMIS,0.1845,"kızılçam, fıstıkçamı",toparlanma=0.18 <0.35,"Aktif dikim adayı. Doğal toparlanma zayıf kalıyor, eğim (9,3°) dikime elverişli.","Modelin tahminine göre yangın öncesi örtünün ancak %18 kadarı iki yılda geri gelecek — kendi başına kapanmayacak bir açık var. Yangın orta-yüksek şiddet sınıfında (dNBR 0,53); toprak yüzeyi büyük olasılıkla açıkta. Yetişme ortamı: Ege kuşağı, 251 m, düz-hafif eğimli (0–10°). Bu koşullar için önerilen türler: kızılçam, fıstıkçamı. Tür önerisi sistemin çıkarımı değil, dışarıdan verilen tablodan okunmuştur. Tablo: ÖRNEK TABLO — OGM tür-yetişme ortamı rehberi ile değiştirilecek",True
EGE_2023_01_001594,DIKIM_ADAYI,AGIR_YANMIS,0.1716,"kızılçam, fıstıkçamı",toparlanma=0.17 <0.35,"Aktif dikim adayı. Doğal toparlanma zayıf kalıyor, eğim (8,1°) dikime elverişli.","Modelin tahminine göre yangın öncesi örtünün ancak %17 kadarı iki yılda geri gelecek — kendi başına kapanmayacak bir açık var. Yangın orta-yüksek şiddet sınıfında (dNBR 0,47); toprak yüzeyi büyük olasılıkla açıkta. Yetişme ortamı: Ege kuşağı, 272 m, düz-hafif eğimli (0–10°). Bu koşullar için önerilen türler: kızılçam, fıstıkçamı. Tür önerisi sistemin çıkarımı değil, dışarıdan verilen tablodan okunmuştur. Tablo: ÖRNEK TABLO — OGM tür-yetişme ortamı rehberi ile değiştirilecek",True
EGE_2023_01_001595,DIKIM_ADAYI,AGIR_YANMIS,0.1881,"kızılçam, fıstıkçamı",toparlanma=0.19 <0.35,"Aktif dikim adayı. Doğal toparlanma zayıf kalıyor, eğim (8,4°) dikime elverişli.","Modelin tahminine göre yangın öncesi örtünün ancak %19 kadarı iki yılda geri gelecek — kendi başına kapanmayacak bir açık var. Yangın orta-yüksek şiddet sınıfında (dNBR 0,49); toprak yüzeyi büyük olasılıkla açıkta. Yetişme ortamı: Ege kuşağı, 285 m, düz-hafif eğimli (0–10°). Bu koşullar için önerilen türler: kızılçam, fıstıkçamı. Tür önerisi sistemin çıkarımı değil, dışarıdan verilen tablodan okunmuştur. Tablo: ÖRNEK TABLO — OGM tür-yetişme ortamı rehberi ile değiştirilecek",True
EGE_2023_01_001596,DIKIM_ADAYI,,0.2172,"kızılçam, fıstıkçamı",toparlanma=0.22 <0.35,"Aktif dikim adayı. Doğal toparlanma zayıf kalıyor, eğim (4,6°) dikime elverişli.","Modelin tahminine göre yangın öncesi örtünün ancak %22 kadarı iki yılda geri gelecek — kendi başına kapanmayacak bir açık var. Yetişme ortamı: Ege kuşağı, 283 m, düz-hafif eğimli (0–10°). Bu koşullar için önerilen türler: kızılçam, fıstıkçamı. Tür önerisi sistemin çıkarımı değil, dışarıdan verilen tablodan okunmuştur. Tablo: ÖRNEK TABLO — OGM tür-yetişme ortamı rehberi ile değiştirilecek",True
EGE_2023_01_001597,DIKIM_ADAYI,,0.2031,"kızılçam, fıstıkçamı",toparlanma=0.20 <0.35,"Aktif dikim adayı. Doğal toparlanma zayıf kalıyor, eğim (2,8°) dikime elverişli.","Modelin tahminine göre yangın öncesi örtünün ancak %20 kadarı iki yılda geri gelecek — kendi başına kapanmayacak bir açık var. Yetişme ortamı: Ege kuşağı, 294 m, düz-hafif eğimli (0–10°). Bu koşullar için önerilen türler: kızılçam, fıstıkçamı. Tür önerisi sistemin çıkarımı değil, dışarıdan verilen tablodan okunmuştur. Tablo: ÖRNEK TABLO — OGM tür-yetişme ortamı rehberi ile değiştirilecek",True
EGE_2023_01_001598,DIKIM_ADAYI,,0.1892,"kızılçam, fıstıkçamı",toparlanma=0.19 <0.35,"Aktif dikim adayı. Doğal toparlanma zayıf kalıyor, eğim (5,5°) dikime elverişli.","Modelin tahminine göre yangın öncesi örtünün ancak %19 kadarı iki yılda geri gelecek — kendi başına kapanmayacak bir açık var. Yetişme ortamı: Ege kuşağı, 284 m, düz-hafif eğimli (0–10°). Bu koşullar için önerilen türler: kızılçam, fıstıkçamı. Tür önerisi sistemin çıkarımı değil, dışarıdan verilen tablodan okunmuştur. Tablo: ÖRNEK TABLO — OGM tür-yetişme ortamı rehberi ile değiştirilecek",True
EGE_2023_01_001599,IZLE,,,,prediction_status=low_severity,"İzle, müdahale etme. Yangın bu kareyi ağır yakmamış (düşük şiddet, dNBR 0,22).","Model bu rejimde tahmin üretmiyor. Kendi toparlanması bekleniyor, müdahale listesine alınmıyor.",True
EGE_2023_01_001640,KAPSAM_DISI,,,,land_cover=Tarim,"Ağaçlandırma kapsamı dışı. Bu kare tarım alanı olarak sınıflanmış, orman rehabilitasyonu hedefi değil.",Öncelik sıralamasına dahil edilmiyor.,False
EGE_2023_01_001641,IZLE,,,,prediction_status=low_severity,"İzle, müdahale etme. Yangın bu kareyi ağır yakmamış (orta-düşük şiddet, dNBR 0,28).","Model bu rejimde tahmin üretmiyor. Kendi toparlanması bekleniyor, müdahale listesine alınmıyor.",True
EGE_2023_01_001642,IZLE,,,,prediction_status=low_severity,"İzle, müdahale etme. Yangın bu kareyi ağır yakmamış (orta-düşük şiddet, dNBR 0,34).","Model bu rejimde tahmin üretmiyor. Kendi toparlanması bekleniyor, müdahale listesine alınmıyor.",True
EGE_2023_01_001643,DIKIM_ADAYI,,0.2496,"kızılçam, fıstıkçamı",toparlanma=0.25 <0.35,"Aktif dikim adayı. Doğal toparlanma zayıf kalıyor, eğim (4,5°) dikime elverişli.","Modelin tahminine göre yangın öncesi örtünün ancak %25 kadarı iki yılda geri gelecek — kendi başına kapanmayacak bir açık var. Yetişme ortamı: Ege kuşağı, 97 m, düz-hafif eğimli (0–10°). Bu koşullar için önerilen türler: kızılçam, fıstıkçamı. Tür önerisi sistemin çıkarımı değil, dışarıdan verilen tablodan okunmuştur. Tablo: ÖRNEK TABLO — OGM tür-yetişme ortamı rehberi ile değiştirilecek",True
EGE_2023_01_001644,DIKIM_ADAYI,,0.2423,"kızılçam, fıstıkçamı",toparlanma=0.24 <0.35,"Aktif dikim adayı. Doğal toparlanma zayıf kalıyor, eğim (6,0°) dikime elverişli.","Modelin tahminine göre yangın öncesi örtünün ancak %24 kadarı iki yılda geri gelecek — kendi başına kapanmayacak bir açık var. Yetişme ortamı: Ege kuşağı, 108 m, düz-hafif eğimli (0–10°). Bu koşullar için önerilen türler: kızılçam, fıstıkçamı. Tür önerisi sistemin çıkarımı değil, dışarıdan verilen tablodan okunmuştur. Tablo: ÖRNEK TABLO — OGM tür-yetişme ortamı rehberi ile değiştirilecek",True
EGE_2023_01_001645,DIKIM_ADAYI,AGIR_YANMIS,0.171,"kızılçam, fıstıkçamı",toparlanma=0.17 <0.35,"Aktif dikim adayı. Doğal toparlanma zayıf kalıyor, eğim (7,3°) dikime elverişli.","Modelin tahminine göre yangın öncesi örtünün ancak %17 kadarı iki yılda geri gelecek — kendi başına kapanmayacak bir açık var. Yangın orta-yüksek şiddet sınıfında (dNBR 0,45); toprak yüzeyi büyük olasılıkla açıkta. Yetişme ortamı: Ege kuşağı, 136 m, düz-hafif eğimli (0–10°). Bu koşullar için önerilen türler: kızılçam, fıstıkçamı. Tür önerisi sistemin çıkarımı değil, dışarıdan verilen tablodan okunmuştur. Tablo: ÖRNEK TABLO — OGM tür-yetişme ortamı rehberi ile değiştirilecek",True
EGE_2023_01_001646,DIKIM_ADAYI,AGIR_YANMIS,0.1497,"kızılçam, fıstıkçamı",toparlanma=0.15 <0.35,"Aktif dikim adayı. Doğal toparlanma zayıf kalıyor, eğim (12,7°) dikime elverişli.","Modelin tahminine göre yangın öncesi örtünün ancak %15 kadarı iki yılda geri gelecek — kendi başına kapanmayacak bir açık var. Yangın orta-yüksek şiddet sınıfında (dNBR 0,49); toprak yüzeyi büyük olasılıkla açıkta. Yetişme ortamı: Ege kuşağı, 175 m, orta eğimli (10–25°). Bu koşullar için önerilen türler: kızılçam, fıstıkçamı. Tür önerisi sistemin çıkarımı değil, dışarıdan verilen tablodan okunmuştur. Tablo: ÖRNEK TABLO — OGM tür-yetişme ortamı rehberi ile değiştirilecek",True
EGE_2023_01_001647,DIKIM_ADAYI,AGIR_YANMIS,0.1598,"kızılçam, fıstıkçamı",toparlanma=0.16 <0.35,"Aktif dikim adayı. Doğal toparlanma zayıf kalıyor, eğim (12,5°) dikime elverişli.","Modelin tahminine göre yangın öncesi örtünün ancak %16 kadarı iki yılda geri gelecek — kendi başına kapanmayacak bir açık var. Yangın orta-yüksek şiddet sınıfında (dNBR 0,49); toprak yüzeyi büyük olasılıkla açıkta. Yetişme ortamı: Ege kuşağı, 226 m, orta eğimli (10–25°). Bu koşullar için önerilen türler: kızılçam, fıstıkçamı. Tür önerisi sistemin çıkarımı değil, dışarıdan verilen tablodan okunmuştur. Tablo: ÖRNEK TABLO — OGM tür-yetişme ortamı rehberi ile değiştirilecek",True
EGE_2023_01_001648,DIKIM_ADAYI,AGIR_YANMIS,0.1761,"kızılçam, fıstıkçamı",toparlanma=0.18 <0.35,"Aktif dikim adayı. Doğal toparlanma zayıf kalıyor, eğim (8,0°) dikime elverişli.","Modelin tahminine göre yangın öncesi örtünün ancak %18 kadarı iki yılda geri gelecek — kendi başına kapanmayacak bir açık var. Yangın orta-yüksek şiddet sınıfında (dNBR 0,47); toprak yüzeyi büyük olasılıkla açıkta. Yetişme ortamı: Ege kuşağı, 251 m, düz-hafif eğimli (0–10°). Bu koşullar için önerilen türler: kızılçam, fıstıkçamı. Tür önerisi sistemin çıkarımı değil, dışarıdan verilen tablodan okunmuştur. Tablo: ÖRNEK TABLO — OGM tür-yetişme ortamı rehberi ile değiştirilecek",True
EGE_2023_01_001649,DIKIM_ADAYI,AGIR_YANMIS,0.183,"kızılçam, fıstıkçamı",toparlanma=0.18 <0.35,"Aktif dikim adayı. Doğal toparlanma zayıf kalıyor, eğim (9,0°) dikime elverişli.","Modelin tahminine göre yangın öncesi örtünün ancak %18 kadarı iki yılda geri gelecek — kendi başına kapanmayacak bir açık var. Yangın orta-yüksek şiddet sınıfında (dNBR 0,48); toprak yüzeyi büyük olasılıkla açıkta. Yetişme ortamı: Ege kuşağı, 258 m, düz-hafif eğimli (0–10°). Bu koşullar için önerilen türler: kızılçam, fıstıkçamı. Tür önerisi sistemin çıkarımı değil, dışarıdan verilen tablodan okunmuştur. Tablo: ÖRNEK TABLO — OGM tür-yetişme ortamı rehberi ile değiştirilecek",True
EGE_2023_01_001650,DIKIM_ADAYI,AGIR_YANMIS,0.2611,"kızılçam, fıstıkçamı",toparlanma=0.26 <0.35,"Aktif dikim adayı. Doğal toparlanma zayıf kalıyor, eğim (6,2°) dikime elverişli.","Modelin tahminine göre yangın öncesi örtünün ancak %26 kadarı iki yılda geri gelecek — kendi başına kapanmayacak bir açık var. Yangın orta-yüksek şiddet sınıfında (dNBR 0,44); toprak yüzeyi büyük olasılıkla açıkta. Yetişme ortamı: Ege kuşağı, 271 m, düz-hafif eğimli (0–10°). Bu koşullar için önerilen türler: kızılçam, fıstıkçamı. Tür önerisi sistemin çıkarımı değil, dışarıdan verilen tablodan okunmuştur. Tablo: ÖRNEK TABLO — OGM tür-yetişme ortamı rehberi ile değiştirilecek",True
EGE_2023_01_001651,DIKIM_ADAYI,AGIR_YANMIS,0.1935,"kızılçam, fıstıkçamı",toparlanma=0.19 <0.35,"Aktif dikim adayı. Doğal toparlanma zayıf kalıyor, eğim (6,5°) dikime elverişli.","Modelin tahminine göre yangın öncesi örtünün ancak %19 kadarı iki yılda geri gelecek — kendi başına kapanmayacak bir açık var. Yangın orta-yüksek şiddet sınıfında (dNBR 0,46); toprak yüzeyi büyük olasılıkla açıkta. Yetişme ortamı: Ege kuşağı, 285 m, düz-hafif eğimli (0–10°). Bu koşullar için önerilen türler: kızılçam, fıstıkçamı. Tür önerisi sistemin çıkarımı değil, dışarıdan verilen tablodan okunmuştur. Tablo: ÖRNEK TABLO — OGM tür-yetişme ortamı rehberi ile değiştirilecek",True
EGE_2023_01_001652,DIKIM_ADAYI,,0.2006,"kızılçam, fıstıkçamı",toparlanma=0.20 <0.35,"Aktif dikim adayı. Doğal toparlanma zayıf kalıyor, eğim (5,7°) dikime elverişli.","Modelin tahminine göre yangın öncesi örtünün ancak %20 kadarı iki yılda geri gelecek — kendi başına kapanmayacak bir açık var. Yetişme ortamı: Ege kuşağı, 296 m, düz-hafif eğimli (0–10°). Bu koşullar için önerilen türler: kızılçam, fıstıkçamı. Tür önerisi sistemin çıkarımı değil, dışarıdan verilen tablodan okunmuştur. Tablo: ÖRNEK TABLO — OGM tür-yetişme ortamı rehberi ile değiştirilecek",True
EGE_2023_01_001653,DIKIM_ADAYI,,0.2212,"kızılçam, fıstıkçamı",toparlanma=0.22 <0.35,"Aktif dikim adayı. Doğal toparlanma zayıf kalıyor, eğim (3,5°) dikime elverişli.","Modelin tahminine göre yangın öncesi örtünün ancak %22 kadarı iki yılda geri gelecek — kendi başına kapanmayacak bir açık var. Yetişme ortamı: Ege kuşağı, 299 m, düz-hafif eğimli (0–10°). Bu koşullar için önerilen türler: kızılçam, fıstıkçamı. Tür önerisi sistemin çıkarımı değil, dışarıdan verilen tablodan okunmuştur. Tablo: ÖRNEK TABLO — OGM tür-yetişme ortamı rehberi ile değiştirilecek",True
EGE_2023_01_001654,DIKIM_ADAYI,,0.2242,"kızılçam, fıstıkçamı",toparlanma=0.22 <0.35,"Aktif dikim adayı. Doğal toparlanma zayıf kalıyor, eğim (2,5°) dikime elverişli.","Modelin tahminine göre yangın öncesi örtünün ancak %22 kadarı iki yılda geri gelecek — kendi başına kapanmayacak bir açık var. Yetişme ortamı: Ege kuşağı, 292 m, düz-hafif eğimli (0–10°). Bu koşullar için önerilen türler: kızılçam, fıstıkçamı. Tür önerisi sistemin çıkarımı değil, dışarıdan verilen tablodan okunmuştur. Tablo: ÖRNEK TABLO — OGM tür-yetişme ortamı rehberi ile değiştirilecek",True
EGE_2023_01_001655,IZLE,,,,prediction_status=low_severity,"İzle, müdahale etme. Yangın bu kareyi ağır yakmamış (düşük şiddet, dNBR 0,24).","Model bu rejimde tahmin üretmiyor. Kendi toparlanması bekleniyor, müdahale listesine alınmıyor.",True
EGE_2023_01_001656,IZLE,,,,prediction_status=low_severity,"İzle, müdahale etme. Yangın bu kareyi ağır yakmamış (düşük şiddet, dNBR 0,13).","Model bu rejimde tahmin üretmiyor. Kendi toparlanması bekleniyor, müdahale listesine alınmıyor.",True
EGE_2023_01_001697,IZLE,,,,prediction_status=low_severity,"İzle, müdahale etme. Yangın bu kareyi ağır yakmamış (düşük şiddet, dNBR 0,25).","Model bu rejimde tahmin üretmiyor. Kendi toparlanması bekleniyor, müdahale listesine alınmıyor.",True
EGE_2023_01_001698,IZLE,,,,prediction_status=low_severity,"İzle, müdahale etme. Yangın bu kareyi ağır yakmamış (düşük şiddet, dNBR 0,27).","Model bu rejimde tahmin üretmiyor. Kendi toparlanması bekleniyor, müdahale listesine alınmıyor.",True
EGE_2023_01_001699,DIKIM_ADAYI,AGIR_YANMIS,0.2274,"kızılçam, fıstıkçamı",toparlanma=0.23 <0.35,"Aktif dikim adayı. Doğal toparlanma zayıf kalıyor, eğim (9,8°) dikime elverişli.","Modelin tahminine göre yangın öncesi örtünün ancak %23 kadarı iki yılda geri gelecek — kendi başına kapanmayacak bir açık var. Yangın orta-yüksek şiddet sınıfında (dNBR 0,45); toprak yüzeyi büyük olasılıkla açıkta. Yetişme ortamı: Ege kuşağı, 118 m, düz-hafif eğimli (0–10°). Bu koşullar için önerilen türler: kızılçam, fıstıkçamı. Tür önerisi sistemin çıkarımı değil, dışarıdan verilen tablodan okunmuştur. Tablo: ÖRNEK TABLO — OGM tür-yetişme ortamı rehberi ile değiştirilecek",True
EGE_2023_01_001700,DIKIM_ADAYI,AGIR_YANMIS,0.205,"kızılçam, fıstıkçamı",toparlanma=0.20 <0.35,"Aktif dikim adayı. Doğal toparlanma zayıf kalıyor, eğim (8,4°) dikime elverişli.","Modelin tahminine göre yangın öncesi örtünün ancak %20 kadarı iki yılda geri gelecek — kendi başına kapanmayacak bir açık var. Yangın orta-yüksek şiddet sınıfında (dNBR 0,46); toprak yüzeyi büyük olasılıkla açıkta. Yetişme ortamı: Ege kuşağı, 133 m, düz-hafif eğimli (0–10°). Bu koşullar için önerilen türler: kızılçam, fıstıkçamı. Tür önerisi sistemin çıkarımı değil, dışarıdan verilen tablodan okunmuştur. Tablo: ÖRNEK TABLO — OGM tür-yetişme ortamı rehberi ile değiştirilecek",True
EGE_2023_01_001701,DIKIM_ADAYI,AGIR_YANMIS,0.2234,"kızılçam, fıstıkçamı",toparlanma=0.22 <0.35,"Aktif dikim adayı. Doğal toparlanma zayıf kalıyor, eğim (7,1°) dikime elverişli.","Modelin tahminine göre yangın öncesi örtünün ancak %22 kadarı iki yılda geri gelecek — kendi başına kapanmayacak bir açık var. Yangın orta-yüksek şiddet sınıfında (dNBR 0,51); toprak yüzeyi büyük olasılıkla açıkta. Yetişme ortamı: Ege kuşağı, 119 m, düz-hafif eğimli (0–10°). Bu koşullar için önerilen türler: kızılçam, fıstıkçamı. Tür önerisi sistemin çıkarımı değil, dışarıdan verilen tablodan okunmuştur. Tablo: ÖRNEK TABLO — OGM tür-yetişme ortamı rehberi ile değiştirilecek",True
EGE_2023_01_001702,DIKIM_ADAYI,AGIR_YANMIS,0.2254,"kızılçam, fıstıkçamı",toparlanma=0.23 <0.35,"Aktif dikim adayı. Doğal toparlanma zayıf kalıyor, eğim (7,7°) dikime elverişli.","Modelin tahminine göre yangın öncesi örtünün ancak %23 kadarı iki yılda geri gelecek — kendi başına kapanmayacak bir açık var. Yangın orta-yüksek şiddet sınıfında (dNBR 0,51); toprak yüzeyi büyük olasılıkla açıkta. Yetişme ortamı: Ege kuşağı, 117 m, düz-hafif eğimli (0–10°). Bu koşullar için önerilen türler: kızılçam, fıstıkçamı. Tür önerisi sistemin çıkarımı değil, dışarıdan verilen tablodan okunmuştur. Tablo: ÖRNEK TABLO — OGM tür-yetişme ortamı rehberi ile değiştirilecek",True
EGE_2023_01_001703,DIKIM_ADAYI,AGIR_YANMIS,0.1957,"kızılçam, fıstıkçamı",toparlanma=0.20 <0.35,"Aktif dikim adayı. Doğal toparlanma zayıf kalıyor, eğim (6,8°) dikime elverişli.","Modelin tahminine göre yangın öncesi örtünün ancak %20 kadarı iki yılda geri gelecek — kendi başına kapanmayacak bir açık var. Yangın orta-yüksek şiddet sınıfında (dNBR 0,44); toprak yüzeyi büyük olasılıkla açıkta. Yetişme ortamı: Ege kuşağı, 128 m, düz-hafif eğimli (0–10°). Bu koşullar için önerilen türler: kızılçam, fıstıkçamı. Tür önerisi sistemin çıkarımı değil, dışarıdan verilen tablodan okunmuştur. Tablo: ÖRNEK TABLO — OGM tür-yetişme ortamı rehberi ile değiştirilecek",True
EGE_2023_01_001704,DIKIM_ADAYI,AGIR_YANMIS,0.2115,"kızılçam, fıstıkçamı",toparlanma=0.21 <0.35,"Aktif dikim adayı. Doğal toparlanma zayıf kalıyor, eğim (9,5°) dikime elverişli.","Modelin tahminine göre yangın öncesi örtünün ancak %21 kadarı iki yılda geri gelecek — kendi başına kapanmayacak bir açık var. Yangın orta-yüksek şiddet sınıfında (dNBR 0,50); toprak yüzeyi büyük olasılıkla açıkta. Yetişme ortamı: Ege kuşağı, 160 m, düz-hafif eğimli (0–10°). Bu koşullar için önerilen türler: kızılçam, fıstıkçamı. Tür önerisi sistemin çıkarımı değil, dışarıdan verilen tablodan okunmuştur. Tablo: ÖRNEK TABLO — OGM tür-yetişme ortamı rehberi ile değiştirilecek",True
EGE_2023_01_001705,DIKIM_ADAYI,AGIR_YANMIS,0.2634,"kızılçam, fıstıkçamı",toparlanma=0.26 <0.35,"Aktif dikim adayı. Doğal toparlanma zayıf kalıyor, eğim (13,0°) dikime elverişli.","Modelin tahminine göre yangın öncesi örtünün ancak %26 kadarı iki yılda geri gelecek — kendi başına kapanmayacak bir açık var. Yangın orta-yüksek şiddet sınıfında (dNBR 0,50); toprak yüzeyi büyük olasılıkla açıkta. Yetişme ortamı: Ege kuşağı, 187 m, orta eğimli (10–25°). Bu koşullar için önerilen türler: kızılçam, fıstıkçamı. Tür önerisi sistemin çıkarımı değil, dışarıdan verilen tablodan okunmuştur. Tablo: ÖRNEK TABLO — OGM tür-yetişme ortamı rehberi ile değiştirilecek",True
EGE_2023_01_001706,DIKIM_ADAYI,AGIR_YANMIS,0.1541,"kızılçam, fıstıkçamı",toparlanma=0.15 <0.35,"Aktif dikim adayı. Doğal toparlanma zayıf kalıyor, eğim (14,7°) dikime elverişli.","Modelin tahminine göre yangın öncesi örtünün ancak %15 kadarı iki yılda geri gelecek — kendi başına kapanmayacak bir açık var. Yangın orta-yüksek şiddet sınıfında (dNBR 0,50); toprak yüzeyi büyük olasılıkla açıkta. Yetişme ortamı: Ege kuşağı, 218 m, orta eğimli (10–25°). Bu koşullar için önerilen türler: kızılçam, fıstıkçamı. Tür önerisi sistemin çıkarımı değil, dışarıdan verilen tablodan okunmuştur. Tablo: ÖRNEK TABLO — OGM tür-yetişme ortamı rehberi ile değiştirilecek",True
EGE_2023_01_001707,DIKIM_ADAYI,,0.165,"kızılçam, fıstıkçamı",toparlanma=0.17 <0.35,"Aktif dikim adayı. Doğal toparlanma zayıf kalıyor, eğim (11,6°) dikime elverişli.","Modelin tahminine göre yangın öncesi örtünün ancak %17 kadarı iki yılda geri gelecek — kendi başına kapanmayacak bir açık var. Yetişme ortamı: Ege kuşağı, 261 m, orta eğimli (10–25°). Bu koşullar için önerilen türler: kızılçam, fıstıkçamı. Tür önerisi sistemin çıkarımı değil, dışarıdan verilen tablodan okunmuştur. Tablo: ÖRNEK TABLO — OGM tür-yetişme ortamı rehberi ile değiştirilecek",True
EGE_2023_01_001708,DIKIM_ADAYI,,0.2063,"kızılçam, fıstıkçamı",toparlanma=0.21 <0.35,"Aktif dikim adayı. Doğal toparlanma zayıf kalıyor, eğim (9,9°) dikime elverişli.","Modelin tahminine göre yangın öncesi örtünün ancak %21 kadarı iki yılda geri gelecek — kendi başına kapanmayacak bir açık var. Yetişme ortamı: Ege kuşağı, 265 m, düz-hafif eğimli (0–10°). Bu koşullar için önerilen türler: kızılçam, fıstıkçamı. Tür önerisi sistemin çıkarımı değil, dışarıdan verilen tablodan okunmuştur. Tablo: ÖRNEK TABLO — OGM tür-yetişme ortamı rehberi ile değiştirilecek",True
EGE_2023_01_001709,IZLE,,,,prediction_status=low_severity,"İzle, müdahale etme. Yangın bu kareyi ağır yakmamış (orta-düşük şiddet, dNBR 0,29).","Model bu rejimde tahmin üretmiyor. Kendi toparlanması bekleniyor, müdahale listesine alınmıyor.",True
EGE_2023_01_001710,IZLE,,,,prediction_status=low_severity,"İzle, müdahale etme. Yangın bu kareyi ağır yakmamış (düşük şiddet, dNBR 0,15).","Model bu rejimde tahmin üretmiyor. Kendi toparlanması bekleniyor, müdahale listesine alınmıyor.",True
EGE_2023_01_001711,IZLE,,,,prediction_status=low_severity,"İzle, müdahale etme. Yangın bu kareyi ağır yakmamış (düşük şiddet, dNBR 0,11).","Model bu rejimde tahmin üretmiyor. Kendi toparlanması bekleniyor, müdahale listesine alınmıyor.",True
EGE_2023_01_001755,DIKIM_ADAYI,,0.2627,"kızılçam, fıstıkçamı",toparlanma=0.26 <0.35,"Aktif dikim adayı. Doğal toparlanma zayıf kalıyor, eğim (6,9°) dikime elverişli.","Modelin tahminine göre yangın öncesi örtünün ancak %26 kadarı iki yılda geri gelecek — kendi başına kapanmayacak bir açık var. Yetişme ortamı: Ege kuşağı, 113 m, düz-hafif eğimli (0–10°). Bu koşullar için önerilen türler: kızılçam, fıstıkçamı. Tür önerisi sistemin çıkarımı değil, dışarıdan verilen tablodan okunmuştur. Tablo: ÖRNEK TABLO — OGM tür-yetişme ortamı rehberi ile değiştirilecek",True
EGE_2023_01_001756,DIKIM_ADAYI,AGIR_YANMIS,0.2203,"kızılçam, fıstıkçamı",toparlanma=0.22 <0.35,"Aktif dikim adayı. Doğal toparlanma zayıf kalıyor, eğim (10,2°) dikime elverişli.","Modelin tahminine göre yangın öncesi örtünün ancak %22 kadarı iki yılda geri gelecek — kendi başına kapanmayacak bir açık var. Yangın orta-yüksek şiddet sınıfında (dNBR 0,48); toprak yüzeyi büyük olasılıkla açıkta. Yetişme ortamı: Ege kuşağı, 138 m, orta eğimli (10–25°). Bu koşullar için önerilen türler: kızılçam, fıstıkçamı. Tür önerisi sistemin çıkarımı değil, dışarıdan verilen tablodan okunmuştur. Tablo: ÖRNEK TABLO — OGM tür-yetişme ortamı rehberi ile değiştirilecek",True
EGE_2023_01_001757,DIKIM_ADAYI,AGIR_YANMIS,0.2128,"kızılçam, fıstıkçamı",toparlanma=0.21 <0.35,"Aktif dikim adayı. Doğal toparlanma zayıf kalıyor, eğim (9,8°) dikime elverişli.","Modelin tahminine göre yangın öncesi örtünün ancak %21 kadarı iki yılda geri gelecek — kendi başına kapanmayacak bir açık var. Yangın orta-yüksek şiddet sınıfında (dNBR 0,51); toprak yüzeyi büyük olasılıkla açıkta. Yetişme ortamı: Ege kuşağı, 156 m, düz-hafif eğimli (0–10°). Bu koşullar için önerilen türler: kızılçam, fıstıkçamı. Tür önerisi sistemin çıkarımı değil, dışarıdan verilen tablodan okunmuştur. Tablo: ÖRNEK TABLO — OGM tür-yetişme ortamı rehberi ile değiştirilecek",True
EGE_2023_01_001758,DIKIM_ADAYI,AGIR_YANMIS,0.2023,"kızılçam, fıstıkçamı",toparlanma=0.20 <0.35,"Aktif dikim adayı. Doğal toparlanma zayıf kalıyor, eğim (7,3°) dikime elverişli.","Modelin tahminine göre yangın öncesi örtünün ancak %20 kadarı iki yılda geri gelecek — kendi başına kapanmayacak bir açık var. Yangın orta-yüksek şiddet sınıfında (dNBR 0,46); toprak yüzeyi büyük olasılıkla açıkta. Yetişme ortamı: Ege kuşağı, 166 m, düz-hafif eğimli (0–10°). Bu koşullar için önerilen türler: kızılçam, fıstıkçamı. Tür önerisi sistemin çıkarımı değil, dışarıdan verilen tablodan okunmuştur. Tablo: ÖRNEK TABLO — OGM tür-yetişme ortamı rehberi ile değiştirilecek",True
EGE_2023_01_001759,DIKIM_ADAYI,AGIR_YANMIS,0.1913,"kızılçam, fıstıkçamı",toparlanma=0.19 <0.35,"Aktif dikim adayı. Doğal toparlanma zayıf kalıyor, eğim (9,8°) dikime elverişli.","Modelin tahminine göre yangın öncesi örtünün ancak %19 kadarı iki yılda geri gelecek — kendi başına kapanmayacak bir açık var. Yangın orta-yüksek şiddet sınıfında (dNBR 0,49); toprak yüzeyi büyük olasılıkla açıkta. Yetişme ortamı: Ege kuşağı, 158 m, düz-hafif eğimli (0–10°). Bu koşullar için önerilen türler: kızılçam, fıstıkçamı. Tür önerisi sistemin çıkarımı değil, dışarıdan verilen tablodan okunmuştur. Tablo: ÖRNEK TABLO — OGM tür-yetişme ortamı rehberi ile değiştirilecek",True
EGE_2023_01_001760,DIKIM_ADAYI,AGIR_YANMIS,0.19,"kızılçam, fıstıkçamı",toparlanma=0.19 <0.35,"Aktif dikim adayı. Doğal toparlanma zayıf kalıyor, eğim (9,0°) dikime elverişli.","Modelin tahminine göre yangın öncesi örtünün ancak %19 kadarı iki yılda geri gelecek — kendi başına kapanmayacak bir açık var. Yangın orta-yüksek şiddet sınıfında (dNBR 0,48); toprak yüzeyi büyük olasılıkla açıkta. Yetişme ortamı: Ege kuşağı, 153 m, düz-hafif eğimli (0–10°). Bu koşullar için önerilen türler: kızılçam, fıstıkçamı. Tür önerisi sistemin çıkarımı değil, dışarıdan verilen tablodan okunmuştur. Tablo: ÖRNEK TABLO — OGM tür-yetişme ortamı rehberi ile değiştirilecek",True
EGE_2023_01_001761,DIKIM_ADAYI,AGIR_YANMIS,0.2234,"kızılçam, fıstıkçamı",toparlanma=0.22 <0.35,"Aktif dikim adayı. Doğal toparlanma zayıf kalıyor, eğim (8,9°) dikime elverişli.","Modelin tahminine göre yangın öncesi örtünün ancak %22 kadarı iki yılda geri gelecek — kendi başına kapanmayacak bir açık var. Yangın orta-yüksek şiddet sınıfında (dNBR 0,47); toprak yüzeyi büyük olasılıkla açıkta. Yetişme ortamı: Ege kuşağı, 148 m, düz-hafif eğimli (0–10°). Bu koşullar için önerilen türler: kızılçam, fıstıkçamı. Tür önerisi sistemin çıkarımı değil, dışarıdan verilen tablodan okunmuştur. Tablo: ÖRNEK TABLO — OGM tür-yetişme ortamı rehberi ile değiştirilecek",True
EGE_2023_01_001762,DIKIM_ADAYI,,0.2291,"kızılçam, fıstıkçamı",toparlanma=0.23 <0.35,"Aktif dikim adayı. Doğal toparlanma zayıf kalıyor, eğim (12,9°) dikime elverişli.","Modelin tahminine göre yangın öncesi örtünün ancak %23 kadarı iki yılda geri gelecek — kendi başına kapanmayacak bir açık var. Yetişme ortamı: Ege kuşağı, 184 m, orta eğimli (10–25°). Bu koşullar için önerilen türler: kızılçam, fıstıkçamı. Tür önerisi sistemin çıkarımı değil, dışarıdan verilen tablodan okunmuştur. Tablo: ÖRNEK TABLO — OGM tür-yetişme ortamı rehberi ile değiştirilecek",True
EGE_2023_01_001763,DIKIM_ADAYI,,0.2503,"kızılçam, fıstıkçamı",toparlanma=0.25 <0.35,"Aktif dikim adayı. Doğal toparlanma zayıf kalıyor, eğim (14,5°) dikime elverişli.","Modelin tahminine göre yangın öncesi örtünün ancak %25 kadarı iki yılda geri gelecek — kendi başına kapanmayacak bir açık var. Yetişme ortamı: Ege kuşağı, 228 m, orta eğimli (10–25°). Bu koşullar için önerilen türler: kızılçam, fıstıkçamı. Tür önerisi sistemin çıkarımı değil, dışarıdan verilen tablodan okunmuştur. Tablo: ÖRNEK TABLO — OGM tür-yetişme ortamı rehberi ile değiştirilecek",True
EGE_2023_01_001764,IZLE,,,,prediction_status=low_severity,"İzle, müdahale etme. Yangın bu kareyi ağır yakmamış (düşük şiddet, dNBR 0,26).","Model bu rejimde tahmin üretmiyor. Kendi toparlanması bekleniyor, müdahale listesine alınmıyor.",True
EGE_2023_01_001765,IZLE,,,,prediction_status=low_severity,"İzle, müdahale etme. Yangın bu kareyi ağır yakmamış (düşük şiddet, dNBR 0,11).","Model bu rejimde tahmin üretmiyor. Kendi toparlanması bekleniyor, müdahale listesine alınmıyor.",True
EGE_2023_01_001812,KAPSAM_DISI,,,,land_cover=Tarim,"Ağaçlandırma kapsamı dışı. Bu kare tarım alanı olarak sınıflanmış, orman rehabilitasyonu hedefi değil.",Öncelik sıralamasına dahil edilmiyor.,False
EGE_2023_01_001813,DIKIM_ADAYI,,0.2435,"kızılçam, fıstıkçamı",toparlanma=0.24 <0.35,"Aktif dikim adayı. Doğal toparlanma zayıf kalıyor, eğim (7,1°) dikime elverişli.","Modelin tahminine göre yangın öncesi örtünün ancak %24 kadarı iki yılda geri gelecek — kendi başına kapanmayacak bir açık var. Yetişme ortamı: Ege kuşağı, 102 m, düz-hafif eğimli (0–10°). Bu koşullar için önerilen türler: kızılçam, fıstıkçamı. Tür önerisi sistemin çıkarımı değil, dışarıdan verilen tablodan okunmuştur. Tablo: ÖRNEK TABLO — OGM tür-yetişme ortamı rehberi ile değiştirilecek",True
EGE_2023_01_001814,DIKIM_ADAYI,AGIR_YANMIS,0.1902,"kızılçam, fıstıkçamı",toparlanma=0.19 <0.35,"Aktif dikim adayı. Doğal toparlanma zayıf kalıyor, eğim (13,7°) dikime elverişli.","Modelin tahminine göre yangın öncesi örtünün ancak %19 kadarı iki yılda geri gelecek — kendi başına kapanmayacak bir açık var. Yangın orta-yüksek şiddet sınıfında (dNBR 0,44); toprak yüzeyi büyük olasılıkla açıkta. Yetişme ortamı: Ege kuşağı, 139 m, orta eğimli (10–25°). Bu koşullar için önerilen türler: kızılçam, fıstıkçamı. Tür önerisi sistemin çıkarımı değil, dışarıdan verilen tablodan okunmuştur. Tablo: ÖRNEK TABLO — OGM tür-yetişme ortamı rehberi ile değiştirilecek",True
EGE_2023_01_001815,DIKIM_ADAYI,,0.186,"kızılçam, fıstıkçamı",toparlanma=0.19 <0.35,"Aktif dikim adayı. Doğal toparlanma zayıf kalıyor, eğim (11,3°) dikime elverişli.","Modelin tahminine göre yangın öncesi örtünün ancak %19 kadarı iki yılda geri gelecek — kendi başına kapanmayacak bir açık var. Yetişme ortamı: Ege kuşağı, 166 m, orta eğimli (10–25°). Bu koşullar için önerilen türler: kızılçam, fıstıkçamı. Tür önerisi sistemin çıkarımı değil, dışarıdan verilen tablodan okunmuştur. Tablo: ÖRNEK TABLO — OGM tür-yetişme ortamı rehberi ile değiştirilecek",True
EGE_2023_01_001816,DIKIM_ADAYI,,0.2206,"kızılçam, fıstıkçamı",toparlanma=0.22 <0.35,"Aktif dikim adayı. Doğal toparlanma zayıf kalıyor, eğim (6,7°) dikime elverişli.","Modelin tahminine göre yangın öncesi örtünün ancak %22 kadarı iki yılda geri gelecek — kendi başına kapanmayacak bir açık var. Yetişme ortamı: Ege kuşağı, 177 m, düz-hafif eğimli (0–10°). Bu koşullar için önerilen türler: kızılçam, fıstıkçamı. Tür önerisi sistemin çıkarımı değil, dışarıdan verilen tablodan okunmuştur. Tablo: ÖRNEK TABLO — OGM tür-yetişme ortamı rehberi ile değiştirilecek",True
EGE_2023_01_001817,DIKIM_ADAYI,,0.2098,"kızılçam, fıstıkçamı",toparlanma=0.21 <0.35,"Aktif dikim adayı. Doğal toparlanma zayıf kalıyor, eğim (8,3°) dikime elverişli.","Modelin tahminine göre yangın öncesi örtünün ancak %21 kadarı iki yılda geri gelecek — kendi başına kapanmayacak bir açık var. Yetişme ortamı: Ege kuşağı, 192 m, düz-hafif eğimli (0–10°). Bu koşullar için önerilen türler: kızılçam, fıstıkçamı. Tür önerisi sistemin çıkarımı değil, dışarıdan verilen tablodan okunmuştur. Tablo: ÖRNEK TABLO — OGM tür-yetişme ortamı rehberi ile değiştirilecek",True
EGE_2023_01_001818,DIKIM_ADAYI,,0.2141,"kızılçam, fıstıkçamı",toparlanma=0.21 <0.35,"Aktif dikim adayı. Doğal toparlanma zayıf kalıyor, eğim (9,2°) dikime elverişli.","Modelin tahminine göre yangın öncesi örtünün ancak %21 kadarı iki yılda geri gelecek — kendi başına kapanmayacak bir açık var. Yetişme ortamı: Ege kuşağı, 193 m, düz-hafif eğimli (0–10°). Bu koşullar için önerilen türler: kızılçam, fıstıkçamı. Tür önerisi sistemin çıkarımı değil, dışarıdan verilen tablodan okunmuştur. Tablo: ÖRNEK TABLO — OGM tür-yetişme ortamı rehberi ile değiştirilecek",True
EGE_2023_01_001819,DIKIM_ADAYI,,0.2831,"kızılçam, fıstıkçamı",toparlanma=0.28 <0.35,"Aktif dikim adayı. Doğal toparlanma zayıf kalıyor, eğim (7,1°) dikime elverişli.","Modelin tahminine göre yangın öncesi örtünün ancak %28 kadarı iki yılda geri gelecek — kendi başına kapanmayacak bir açık var. Yetişme ortamı: Ege kuşağı, 177 m, düz-hafif eğimli (0–10°). Bu koşullar için önerilen türler: kızılçam, fıstıkçamı. Tür önerisi sistemin çıkarımı değil, dışarıdan verilen tablodan okunmuştur. Tablo: ÖRNEK TABLO — OGM tür-yetişme ortamı rehberi ile değiştirilecek",True
EGE_2023_01_001820,IZLE,,,,prediction_status=low_severity,"İzle, müdahale etme. Yangın bu kareyi ağır yakmamış (düşük şiddet, dNBR 0,25).","Model bu rejimde tahmin üretmiyor. Kendi toparlanması bekleniyor, müdahale listesine alınmıyor.",True
EGE_2023_01_001821,IZLE,ESKIDEN_ORMAN_DEGIL,,,prediction_status=low_severity,"İzle, müdahale etme. Yangın bu kareyi ağır yakmamış (düşük şiddet, dNBR 0,16).","Model bu rejimde tahmin üretmiyor. Kendi toparlanması bekleniyor, müdahale listesine alınmıyor. Yangın öncesi örtü otlak ve çalılık idi; orman kurma değil, mevcut örtünün onarımı düşünülmeli.",True
EGE_2023_01_001872,DIKIM_ADAYI,,0.2849,"kızılçam, fıstıkçamı",toparlanma=0.28 <0.35,"Aktif dikim adayı. Doğal toparlanma zayıf kalıyor, eğim (8,1°) dikime elverişli.","Modelin tahminine göre yangın öncesi örtünün ancak %28 kadarı iki yılda geri gelecek — kendi başına kapanmayacak bir açık var. Yetişme ortamı: Ege kuşağı, 113 m, düz-hafif eğimli (0–10°). Bu koşullar için önerilen türler: kızılçam, fıstıkçamı. Tür önerisi sistemin çıkarımı değil, dışarıdan verilen tablodan okunmuştur. Tablo: ÖRNEK TABLO — OGM tür-yetişme ortamı rehberi ile değiştirilecek",True
EGE_2023_01_001873,DIKIM_ADAYI,,0.2372,"kızılçam, fıstıkçamı",toparlanma=0.24 <0.35,"Aktif dikim adayı. Doğal toparlanma zayıf kalıyor, eğim (10,3°) dikime elverişli.","Modelin tahminine göre yangın öncesi örtünün ancak %24 kadarı iki yılda geri gelecek — kendi başına kapanmayacak bir açık var. Yetişme ortamı: Ege kuşağı, 116 m, orta eğimli (10–25°). Bu koşullar için önerilen türler: kızılçam, fıstıkçamı. Tür önerisi sistemin çıkarımı değil, dışarıdan verilen tablodan okunmuştur. Tablo: ÖRNEK TABLO — OGM tür-yetişme ortamı rehberi ile değiştirilecek",True
EGE_2023_01_001874,DIKIM_ADAYI,,0.1925,"kızılçam, fıstıkçamı",toparlanma=0.19 <0.35,"Aktif dikim adayı. Doğal toparlanma zayıf kalıyor, eğim (14,4°) dikime elverişli.","Modelin tahminine göre yangın öncesi örtünün ancak %19 kadarı iki yılda geri gelecek — kendi başına kapanmayacak bir açık var. Yetişme ortamı: Ege kuşağı, 170 m, orta eğimli (10–25°). Bu koşullar için önerilen türler: kızılçam, fıstıkçamı. Tür önerisi sistemin çıkarımı değil, dışarıdan verilen tablodan okunmuştur. Tablo: ÖRNEK TABLO — OGM tür-yetişme ortamı rehberi ile değiştirilecek",True
EGE_2023_01_001875,IZLE,,,,prediction_status=low_severity,"İzle, müdahale etme. Yangın bu kareyi ağır yakmamış (orta-düşük şiddet, dNBR 0,27).","Model bu rejimde tahmin üretmiyor. Kendi toparlanması bekleniyor, müdahale listesine alınmıyor.",True
EGE_2023_01_001932,IZLE,,,,prediction_status=low_severity,"İzle, müdahale etme. Yangın bu kareyi ağır yakmamış (düşük şiddet, dNBR 0,12).","Model bu rejimde tahmin üretmiyor. Kendi toparlanması bekleniyor, müdahale listesine alınmıyor.",True
