cell_id,hukum,ek_kosullar,toparlanma_orani,tur_onerisi,tetikleyen,ozet,ayrinti,zamanlama_notu_var
EGE_2021_04_000818,IZLE,ESKIDEN_ORMAN_DEGIL,,,prediction_status=low_severity,"İzle, müdahale etme. Yangın bu kareyi ağır yakmamış (düşük şiddet, dNBR 0,12).","Model bu rejimde tahmin üretmiyor. Kendi toparlanması bekleniyor, müdahale listesine alınmıyor. Yangın öncesi örtü çıplak/seyrek bitkili alan idi; orman kurma değil, mevcut örtünün onarımı düşünülmeli.",True
EGE_2021_04_000846,IZLE,ERISIM_ZOR|ESKIDEN_ORMAN_DEGIL,,,prediction_status=low_severity,"İzle, müdahale etme. Yangın bu kareyi ağır yakmamış (düşük şiddet, dNBR 0,11).","Model bu rejimde tahmin üretmiyor. Kendi toparlanması bekleniyor, müdahale listesine alınmıyor. En yakın yol 4,64 km — erişim ve lojistik bu karede belirleyici olacak. Yangın öncesi örtü otlak ve çalılık idi; orman kurma değil, mevcut örtünün onarımı düşünülmeli.",True
EGE_2021_04_001280,IZLE,ERISIM_ZOR|ESKIDEN_ORMAN_DEGIL,,,prediction_status=low_severity,"İzle, müdahale etme. Yangın bu kareyi ağır yakmamış (düşük şiddet, dNBR 0,12).","Model bu rejimde tahmin üretmiyor. Kendi toparlanması bekleniyor, müdahale listesine alınmıyor. En yakın yol 3,69 km — erişim ve lojistik bu karede belirleyici olacak. Yangın öncesi örtü otlak ve çalılık idi; orman kurma değil, mevcut örtünün onarımı düşünülmeli.",True
EGE_2021_04_002362,IZLE,ESKIDEN_ORMAN_DEGIL,,,prediction_status=low_severity,"İzle, müdahale etme. Yangın bu kareyi ağır yakmamış (düşük şiddet, dNBR 0,10).","Model bu rejimde tahmin üretmiyor. Kendi toparlanması bekleniyor, müdahale listesine alınmıyor. Yangın öncesi örtü otlak ve çalılık idi; orman kurma değil, mevcut örtünün onarımı düşünülmeli.",True
EGE_2021_04_002436,IZLE,ESKIDEN_ORMAN_DEGIL,,,prediction_status=low_severity,"İzle, müdahale etme. Yangın bu kareyi ağır yakmamış (düşük şiddet, dNBR 0,25).","Model bu rejimde tahmin üretmiyor. Kendi toparlanması bekleniyor, müdahale listesine alınmıyor. Yangın öncesi örtü otlak ve çalılık idi; orman kurma değil, mevcut örtünün onarımı düşünülmeli.",True
EGE_2021_04_002437,IZLE,ESKIDEN_ORMAN_DEGIL,,,prediction_status=low_severity,"İzle, müdahale etme. Yangın bu kareyi ağır yakmamış (düşük şiddet, dNBR 0,16).","Model bu rejimde tahmin üretmiyor. Kendi toparlanması bekleniyor, müdahale listesine alınmıyor. Yangın öncesi örtü otlak ve çalılık idi; orman kurma değil, mevcut örtünün onarımı düşünülmeli.",True
EGE_2021_04_002531,IZLE,,,,prediction_status=low_severity,"İzle, müdahale etme. Yangın bu kareyi ağır yakmamış (düşük şiddet, dNBR 0,16).","Model bu rejimde tahmin üretmiyor. Kendi toparlanması bekleniyor, müdahale listesine alınmıyor.",True
EGE_2021_04_002542,IZLE,,,,prediction_status=low_severity,"İzle, müdahale etme. Yangın bu kareyi ağır yakmamış (düşük şiddet, dNBR 0,16).","Model bu rejimde tahmin üretmiyor. Kendi toparlanması bekleniyor, müdahale listesine alınmıyor.",True
EGE_2021_04_002543,IZLE,,,,prediction_status=low_severity,"İzle, müdahale etme. Yangın bu kareyi ağır yakmamış (düşük şiddet, dNBR 0,26).","Model bu rejimde tahmin üretmiyor. Kendi toparlanması bekleniyor, müdahale listesine alınmıyor.",True
EGE_2021_04_002544,IZLE,SEYREK_ORTU,,,prediction_status=low_severity,"İzle, müdahale etme. Yangın bu kareyi ağır yakmamış (düşük şiddet, dNBR 0,25).","Model bu rejimde tahmin üretmiyor. Kendi toparlanması bekleniyor, müdahale listesine alınmıyor. Yangın öncesi ağaç örtüsü zaten seyrekti (%29) — buradaki açığın tamamı yangından kaynaklanmıyor olabilir.",True
EGE_2021_04_002545,IZLE,,,,prediction_status=low_severity,"İzle, müdahale etme. Yangın bu kareyi ağır yakmamış (düşük şiddet, dNBR 0,24).","Model bu rejimde tahmin üretmiyor. Kendi toparlanması bekleniyor, müdahale listesine alınmıyor.",True
EGE_2021_04_002546,IZLE,,,,prediction_status=low_severity,"İzle, müdahale etme. Yangın bu kareyi ağır yakmamış (düşük şiddet, dNBR 0,18).","Model bu rejimde tahmin üretmiyor. Kendi toparlanması bekleniyor, müdahale listesine alınmıyor.",True
EGE_2021_04_002647,IZLE,,,,prediction_status=low_severity,"İzle, müdahale etme. Yangın bu kareyi ağır yakmamış (düşük şiddet, dNBR 0,15).","Model bu rejimde tahmin üretmiyor. Kendi toparlanması bekleniyor, müdahale listesine alınmıyor.",True
EGE_2021_04_002648,IZLE,,,,prediction_status=low_severity,"İzle, müdahale etme. Yangın bu kareyi ağır yakmamış (düşük şiddet, dNBR 0,22).","Model bu rejimde tahmin üretmiyor. Kendi toparlanması bekleniyor, müdahale listesine alınmıyor.",True
EGE_2021_04_002649,IZLE,,,,prediction_status=low_severity,"İzle, müdahale etme. Yangın bu kareyi ağır yakmamış (düşük şiddet, dNBR 0,25).","Model bu rejimde tahmin üretmiyor. Kendi toparlanması bekleniyor, müdahale listesine alınmıyor.",True
EGE_2021_04_002650,DIKIM_ADAYI,,0.2997,"sedir, ardıç",toparlanma=0.30 <0.35,"Aktif dikim adayı. Doğal toparlanma zayıf kalıyor, eğim (13,1°) dikime elverişli.","Modelin tahminine göre yangın öncesi örtünün ancak %30 kadarı iki yılda geri gelecek — kendi başına kapanmayacak bir açık var. Yetişme ortamı: Ege kuşağı, 1784 m, orta eğimli (10–25°). Bu koşullar için önerilen türler: sedir, ardıç. Tür önerisi sistemin çıkarımı değil, dışarıdan verilen tablodan okunmuştur. Tablo: ÖRNEK TABLO — OGM tür-yetişme ortamı rehberi ile değiştirilecek",True
EGE_2021_04_002651,IZLE,,,,prediction_status=low_severity,"İzle, müdahale etme. Yangın bu kareyi ağır yakmamış (düşük şiddet, dNBR 0,25).","Model bu rejimde tahmin üretmiyor. Kendi toparlanması bekleniyor, müdahale listesine alınmıyor.",True
EGE_2021_04_002652,IZLE,,,,prediction_status=low_severity,"İzle, müdahale etme. Yangın bu kareyi ağır yakmamış (düşük şiddet, dNBR 0,20).","Model bu rejimde tahmin üretmiyor. Kendi toparlanması bekleniyor, müdahale listesine alınmıyor.",True
EGE_2021_04_002653,DIKIM_ADAYI,,0.2437,"sedir, ardıç",toparlanma=0.24 <0.35,"Aktif dikim adayı. Doğal toparlanma zayıf kalıyor, eğim (23,2°) dikime elverişli.","Modelin tahminine göre yangın öncesi örtünün ancak %24 kadarı iki yılda geri gelecek — kendi başına kapanmayacak bir açık var. Yetişme ortamı: Ege kuşağı, 1645 m, orta eğimli (10–25°). Bu koşullar için önerilen türler: sedir, ardıç. Tür önerisi sistemin çıkarımı değil, dışarıdan verilen tablodan okunmuştur. Tablo: ÖRNEK TABLO — OGM tür-yetişme ortamı rehberi ile değiştirilecek",True
EGE_2021_04_002654,IZLE,,,,prediction_status=low_severity,"İzle, müdahale etme. Yangın bu kareyi ağır yakmamış (düşük şiddet, dNBR 0,23).","Model bu rejimde tahmin üretmiyor. Kendi toparlanması bekleniyor, müdahale listesine alınmıyor.",True
EGE_2021_04_002658,IZLE,ESKIDEN_ORMAN_DEGIL|DIK_YAMAC,,,prediction_status=low_severity,"İzle, müdahale etme. Yangın bu kareyi ağır yakmamış (düşük şiddet, dNBR 0,10).","Model bu rejimde tahmin üretmiyor. Kendi toparlanması bekleniyor, müdahale listesine alınmıyor. Yangın öncesi örtü otlak ve çalılık idi; orman kurma değil, mevcut örtünün onarımı düşünülmeli. Eğim 25,4° ile yüksek; makineli çalışma sınırlı olabilir.",True
EGE_2021_04_002756,IZLE,,,,prediction_status=low_severity,"İzle, müdahale etme. Yangın bu kareyi ağır yakmamış (düşük şiddet, dNBR 0,15).","Model bu rejimde tahmin üretmiyor. Kendi toparlanması bekleniyor, müdahale listesine alınmıyor.",True
EGE_2021_04_002758,IZLE,,,,prediction_status=low_severity,"İzle, müdahale etme. Yangın bu kareyi ağır yakmamış (düşük şiddet, dNBR 0,12).","Model bu rejimde tahmin üretmiyor. Kendi toparlanması bekleniyor, müdahale listesine alınmıyor.",True
EGE_2021_04_002759,IZLE,,,,prediction_status=low_severity,"İzle, müdahale etme. Yangın bu kareyi ağır yakmamış (düşük şiddet, dNBR 0,20).","Model bu rejimde tahmin üretmiyor. Kendi toparlanması bekleniyor, müdahale listesine alınmıyor.",True
EGE_2021_04_002760,IZLE,,,,prediction_status=low_severity,"İzle, müdahale etme. Yangın bu kareyi ağır yakmamış (düşük şiddet, dNBR 0,24).","Model bu rejimde tahmin üretmiyor. Kendi toparlanması bekleniyor, müdahale listesine alınmıyor.",True
EGE_2021_04_002761,IZLE,,,,prediction_status=low_severity,"İzle, müdahale etme. Yangın bu kareyi ağır yakmamış (düşük şiddet, dNBR 0,24).","Model bu rejimde tahmin üretmiyor. Kendi toparlanması bekleniyor, müdahale listesine alınmıyor.",True
EGE_2021_04_002762,IZLE,ESKIDEN_ORMAN_DEGIL|DIK_YAMAC,,,prediction_status=low_severity,"İzle, müdahale etme. Yangın bu kareyi ağır yakmamış (düşük şiddet, dNBR 0,15).","Model bu rejimde tahmin üretmiyor. Kendi toparlanması bekleniyor, müdahale listesine alınmıyor. Yangın öncesi örtü otlak ve çalılık idi; orman kurma değil, mevcut örtünün onarımı düşünülmeli. Eğim 31,8° ile yüksek; makineli çalışma sınırlı olabilir.",True
EGE_2021_04_002763,IZLE,ESKIDEN_ORMAN_DEGIL|DIK_YAMAC,,,prediction_status=low_severity,"İzle, müdahale etme. Yangın bu kareyi ağır yakmamış (düşük şiddet, dNBR 0,21).","Model bu rejimde tahmin üretmiyor. Kendi toparlanması bekleniyor, müdahale listesine alınmıyor. Yangın öncesi örtü otlak ve çalılık idi; orman kurma değil, mevcut örtünün onarımı düşünülmeli. Eğim 35,9° ile yüksek; makineli çalışma sınırlı olabilir.",True
EGE_2021_04_002764,IZLE,ESKIDEN_ORMAN_DEGIL|DIK_YAMAC,,,prediction_status=low_severity,"İzle, müdahale etme. Yangın bu kareyi ağır yakmamış (düşük şiddet, dNBR 0,14).","Model bu rejimde tahmin üretmiyor. Kendi toparlanması bekleniyor, müdahale listesine alınmıyor. Yangın öncesi örtü otlak ve çalılık idi; orman kurma değil, mevcut örtünün onarımı düşünülmeli. Eğim 27,2° ile yüksek; makineli çalışma sınırlı olabilir.",True
EGE_2021_04_002765,IZLE,DIK_YAMAC,,,prediction_status=low_severity,"İzle, müdahale etme. Yangın bu kareyi ağır yakmamış (düşük şiddet, dNBR 0,21).","Model bu rejimde tahmin üretmiyor. Kendi toparlanması bekleniyor, müdahale listesine alınmıyor. Eğim 31,4° ile yüksek; makineli çalışma sınırlı olabilir.",True
EGE_2021_04_002766,IZLE,ESKIDEN_ORMAN_DEGIL|DIK_YAMAC,,,prediction_status=low_severity,"İzle, müdahale etme. Yangın bu kareyi ağır yakmamış (düşük şiddet, dNBR 0,24).","Model bu rejimde tahmin üretmiyor. Kendi toparlanması bekleniyor, müdahale listesine alınmıyor. Yangın öncesi örtü otlak ve çalılık idi; orman kurma değil, mevcut örtünün onarımı düşünülmeli. Eğim 30,7° ile yüksek; makineli çalışma sınırlı olabilir.",True
EGE_2021_04_002865,IZLE,,,,prediction_status=low_severity,"İzle, müdahale etme. Yangın bu kareyi ağır yakmamış (düşük şiddet, dNBR 0,16).","Model bu rejimde tahmin üretmiyor. Kendi toparlanması bekleniyor, müdahale listesine alınmıyor.",True
EGE_2021_04_002866,IZLE,DIK_YAMAC,,,prediction_status=low_severity,"İzle, müdahale etme. Yangın bu kareyi ağır yakmamış (düşük şiddet, dNBR 0,14).","Model bu rejimde tahmin üretmiyor. Kendi toparlanması bekleniyor, müdahale listesine alınmıyor. Eğim 26,8° ile yüksek; makineli çalışma sınırlı olabilir.",True
EGE_2021_04_002867,IZLE,DIK_YAMAC,,,prediction_status=low_severity,"İzle, müdahale etme. Yangın bu kareyi ağır yakmamış (düşük şiddet, dNBR 0,21).","Model bu rejimde tahmin üretmiyor. Kendi toparlanması bekleniyor, müdahale listesine alınmıyor. Eğim 30,5° ile yüksek; makineli çalışma sınırlı olabilir.",True
EGE_2021_04_002868,IZLE,,,,prediction_status=low_severity,"İzle, müdahale etme. Yangın bu kareyi ağır yakmamış (düşük şiddet, dNBR 0,24).","Model bu rejimde tahmin üretmiyor. Kendi toparlanması bekleniyor, müdahale listesine alınmıyor.",True
EGE_2021_04_002869,IZLE,,,,prediction_status=low_severity,"İzle, müdahale etme. Yangın bu kareyi ağır yakmamış (düşük şiddet, dNBR 0,15).","Model bu rejimde tahmin üretmiyor. Kendi toparlanması bekleniyor, müdahale listesine alınmıyor.",True
EGE_2021_04_002870,IZLE,ESKIDEN_ORMAN_DEGIL|DIK_YAMAC,,,prediction_status=low_severity,"İzle, müdahale etme. Yangın bu kareyi ağır yakmamış (düşük şiddet, dNBR 0,11).","Model bu rejimde tahmin üretmiyor. Kendi toparlanması bekleniyor, müdahale listesine alınmıyor. Yangın öncesi örtü otlak ve çalılık idi; orman kurma değil, mevcut örtünün onarımı düşünülmeli. Eğim 35,3° ile yüksek; makineli çalışma sınırlı olabilir.",True
EGE_2021_04_002872,IZLE,ESKIDEN_ORMAN_DEGIL|DIK_YAMAC,,,prediction_status=low_severity,"İzle, müdahale etme. Yangın bu kareyi ağır yakmamış (düşük şiddet, dNBR 0,16).","Model bu rejimde tahmin üretmiyor. Kendi toparlanması bekleniyor, müdahale listesine alınmıyor. Yangın öncesi örtü otlak ve çalılık idi; orman kurma değil, mevcut örtünün onarımı düşünülmeli. Eğim 25,4° ile yüksek; makineli çalışma sınırlı olabilir.",True
EGE_2021_04_002873,EROZYON_ONCE,,0.2455,"karaçam, sedir",toparlanma=0.25 egim=31.1>=25 <0.35,"Önce erozyon kontrolü. Toparlanma tahmini zayıf ve eğim 31,1° — dikimden önce toprak tutma önlemi gerekiyor.","Modelin tahminine göre yangın öncesi örtünün ancak %25 kadarı iki yılda geri gelecek. Dik yamaçta çıplak toprak ilk sağanakta taşınır; stabilizasyon yapılmadan yapılan dikim de birlikte gider. Yetişme ortamı: Ege kuşağı, 1274 m, dik yamaç (25°+). Bu koşullar için önerilen türler: karaçam, sedir. Tür önerisi sistemin çıkarımı değil, dışarıdan verilen tablodan okunmuştur. Tablo: ÖRNEK TABLO — OGM tür-yetişme ortamı rehberi ile değiştirilecek",True
EGE_2021_04_002874,IZLE,DIK_YAMAC,,,prediction_status=low_severity,"İzle, müdahale etme. Yangın bu kareyi ağır yakmamış (düşük şiddet, dNBR 0,21).","Model bu rejimde tahmin üretmiyor. Kendi toparlanması bekleniyor, müdahale listesine alınmıyor. Eğim 25,7° ile yüksek; makineli çalışma sınırlı olabilir.",True
EGE_2021_04_002875,IZLE,,,,prediction_status=low_severity,"İzle, müdahale etme. Yangın bu kareyi ağır yakmamış (düşük şiddet, dNBR 0,11).","Model bu rejimde tahmin üretmiyor. Kendi toparlanması bekleniyor, müdahale listesine alınmıyor.",True
EGE_2021_04_002972,IZLE,ESKIDEN_ORMAN_DEGIL|DIK_YAMAC,,,prediction_status=low_severity,"İzle, müdahale etme. Yangın bu kareyi ağır yakmamış (düşük şiddet, dNBR 0,10).","Model bu rejimde tahmin üretmiyor. Kendi toparlanması bekleniyor, müdahale listesine alınmıyor. Yangın öncesi örtü otlak ve çalılık idi; orman kurma değil, mevcut örtünün onarımı düşünülmeli. Eğim 26,8° ile yüksek; makineli çalışma sınırlı olabilir.",True
EGE_2021_04_002973,IZLE,DIK_YAMAC,,,prediction_status=low_severity,"İzle, müdahale etme. Yangın bu kareyi ağır yakmamış (düşük şiddet, dNBR 0,16).","Model bu rejimde tahmin üretmiyor. Kendi toparlanması bekleniyor, müdahale listesine alınmıyor. Eğim 27,3° ile yüksek; makineli çalışma sınırlı olabilir.",True
EGE_2021_04_002974,IZLE,,,,prediction_status=low_severity,"İzle, müdahale etme. Yangın bu kareyi ağır yakmamış (düşük şiddet, dNBR 0,23).","Model bu rejimde tahmin üretmiyor. Kendi toparlanması bekleniyor, müdahale listesine alınmıyor.",True
EGE_2021_04_002975,IZLE,DIK_YAMAC,,,prediction_status=low_severity,"İzle, müdahale etme. Yangın bu kareyi ağır yakmamış (düşük şiddet, dNBR 0,25).","Model bu rejimde tahmin üretmiyor. Kendi toparlanması bekleniyor, müdahale listesine alınmıyor. Eğim 26,7° ile yüksek; makineli çalışma sınırlı olabilir.",True
EGE_2021_04_002976,IZLE,DIK_YAMAC,,,prediction_status=low_severity,"İzle, müdahale etme. Yangın bu kareyi ağır yakmamış (düşük şiddet, dNBR 0,27).","Model bu rejimde tahmin üretmiyor. Kendi toparlanması bekleniyor, müdahale listesine alınmıyor. Eğim 26,6° ile yüksek; makineli çalışma sınırlı olabilir.",True
EGE_2021_04_002977,IZLE,,,,prediction_status=low_severity,"İzle, müdahale etme. Yangın bu kareyi ağır yakmamış (düşük şiddet, dNBR 0,23).","Model bu rejimde tahmin üretmiyor. Kendi toparlanması bekleniyor, müdahale listesine alınmıyor.",True
EGE_2021_04_002978,IZLE,DIK_YAMAC,,,prediction_status=low_severity,"İzle, müdahale etme. Yangın bu kareyi ağır yakmamış (düşük şiddet, dNBR 0,13).","Model bu rejimde tahmin üretmiyor. Kendi toparlanması bekleniyor, müdahale listesine alınmıyor. Eğim 29,4° ile yüksek; makineli çalışma sınırlı olabilir.",True
EGE_2021_04_002979,IZLE,DIK_YAMAC,,,prediction_status=low_severity,"İzle, müdahale etme. Yangın bu kareyi ağır yakmamış (düşük şiddet, dNBR 0,13).","Model bu rejimde tahmin üretmiyor. Kendi toparlanması bekleniyor, müdahale listesine alınmıyor. Eğim 32,7° ile yüksek; makineli çalışma sınırlı olabilir.",True
EGE_2021_04_002980,IZLE,ESKIDEN_ORMAN_DEGIL,,,prediction_status=low_severity,"İzle, müdahale etme. Yangın bu kareyi ağır yakmamış (düşük şiddet, dNBR 0,11).","Model bu rejimde tahmin üretmiyor. Kendi toparlanması bekleniyor, müdahale listesine alınmıyor. Yangın öncesi örtü otlak ve çalılık idi; orman kurma değil, mevcut örtünün onarımı düşünülmeli.",True
EGE_2021_04_002981,IZLE,DIK_YAMAC,,,prediction_status=low_severity,"İzle, müdahale etme. Yangın bu kareyi ağır yakmamış (düşük şiddet, dNBR 0,16).","Model bu rejimde tahmin üretmiyor. Kendi toparlanması bekleniyor, müdahale listesine alınmıyor. Eğim 27,5° ile yüksek; makineli çalışma sınırlı olabilir.",True
EGE_2021_04_002982,IZLE,,,,prediction_status=low_severity,"İzle, müdahale etme. Yangın bu kareyi ağır yakmamış (düşük şiddet, dNBR 0,14).","Model bu rejimde tahmin üretmiyor. Kendi toparlanması bekleniyor, müdahale listesine alınmıyor.",True
EGE_2021_04_002983,IZLE,DIK_YAMAC,,,prediction_status=low_severity,"İzle, müdahale etme. Yangın bu kareyi ağır yakmamış (düşük şiddet, dNBR 0,12).","Model bu rejimde tahmin üretmiyor. Kendi toparlanması bekleniyor, müdahale listesine alınmıyor. Eğim 27,5° ile yüksek; makineli çalışma sınırlı olabilir.",True
EGE_2021_04_003080,IZLE,,,,prediction_status=low_severity,"İzle, müdahale etme. Yangın bu kareyi ağır yakmamış (düşük şiddet, dNBR 0,14).","Model bu rejimde tahmin üretmiyor. Kendi toparlanması bekleniyor, müdahale listesine alınmıyor.",True
EGE_2021_04_003081,IZLE,,,,prediction_status=low_severity,"İzle, müdahale etme. Yangın bu kareyi ağır yakmamış (düşük şiddet, dNBR 0,15).","Model bu rejimde tahmin üretmiyor. Kendi toparlanması bekleniyor, müdahale listesine alınmıyor.",True
EGE_2021_04_003082,IZLE,,,,prediction_status=low_severity,"İzle, müdahale etme. Yangın bu kareyi ağır yakmamış (düşük şiddet, dNBR 0,19).","Model bu rejimde tahmin üretmiyor. Kendi toparlanması bekleniyor, müdahale listesine alınmıyor.",True
EGE_2021_04_003083,IZLE,DIK_YAMAC,,,prediction_status=low_severity,"İzle, müdahale etme. Yangın bu kareyi ağır yakmamış (düşük şiddet, dNBR 0,25).","Model bu rejimde tahmin üretmiyor. Kendi toparlanması bekleniyor, müdahale listesine alınmıyor. Eğim 26,8° ile yüksek; makineli çalışma sınırlı olabilir.",True
EGE_2021_04_003084,EROZYON_ONCE,,0.3252,"karaçam, sedir",toparlanma=0.33 egim=27.3>=25 <0.35,"Önce erozyon kontrolü. Toparlanma tahmini zayıf ve eğim 27,3° — dikimden önce toprak tutma önlemi gerekiyor.","Modelin tahminine göre yangın öncesi örtünün ancak %33 kadarı iki yılda geri gelecek. Dik yamaçta çıplak toprak ilk sağanakta taşınır; stabilizasyon yapılmadan yapılan dikim de birlikte gider. Yetişme ortamı: Ege kuşağı, 1331 m, dik yamaç (25°+). Bu koşullar için önerilen türler: karaçam, sedir. Tür önerisi sistemin çıkarımı değil, dışarıdan verilen tablodan okunmuştur. Tablo: ÖRNEK TABLO — OGM tür-yetişme ortamı rehberi ile değiştirilecek",True
EGE_2021_04_003085,DIKIM_ADAYI,,0.3157,"karaçam, sedir",toparlanma=0.32 <0.35,"Aktif dikim adayı. Doğal toparlanma zayıf kalıyor, eğim (23,9°) dikime elverişli.","Modelin tahminine göre yangın öncesi örtünün ancak %32 kadarı iki yılda geri gelecek — kendi başına kapanmayacak bir açık var. Yetişme ortamı: Ege kuşağı, 1353 m, orta eğimli (10–25°). Bu koşullar için önerilen türler: karaçam, sedir. Tür önerisi sistemin çıkarımı değil, dışarıdan verilen tablodan okunmuştur. Tablo: ÖRNEK TABLO — OGM tür-yetişme ortamı rehberi ile değiştirilecek",True
EGE_2021_04_003086,IZLE,DIK_YAMAC,,,prediction_status=low_severity,"İzle, müdahale etme. Yangın bu kareyi ağır yakmamış (düşük şiddet, dNBR 0,26).","Model bu rejimde tahmin üretmiyor. Kendi toparlanması bekleniyor, müdahale listesine alınmıyor. Eğim 25,1° ile yüksek; makineli çalışma sınırlı olabilir.",True
EGE_2021_04_003087,IZLE,DIK_YAMAC,,,prediction_status=low_severity,"İzle, müdahale etme. Yangın bu kareyi ağır yakmamış (düşük şiddet, dNBR 0,14).","Model bu rejimde tahmin üretmiyor. Kendi toparlanması bekleniyor, müdahale listesine alınmıyor. Eğim 33,6° ile yüksek; makineli çalışma sınırlı olabilir.",True
EGE_2021_04_003090,IZLE,DIK_YAMAC,,,prediction_status=low_severity,"İzle, müdahale etme. Yangın bu kareyi ağır yakmamış (düşük şiddet, dNBR 0,12).","Model bu rejimde tahmin üretmiyor. Kendi toparlanması bekleniyor, müdahale listesine alınmıyor. Eğim 25,3° ile yüksek; makineli çalışma sınırlı olabilir.",True
EGE_2021_04_003091,IZLE,DIK_YAMAC,,,prediction_status=low_severity,"İzle, müdahale etme. Yangın bu kareyi ağır yakmamış (düşük şiddet, dNBR 0,13).","Model bu rejimde tahmin üretmiyor. Kendi toparlanması bekleniyor, müdahale listesine alınmıyor. Eğim 26,8° ile yüksek; makineli çalışma sınırlı olabilir.",True
EGE_2021_04_003188,IZLE,,,,prediction_status=low_severity,"İzle, müdahale etme. Yangın bu kareyi ağır yakmamış (düşük şiddet, dNBR 0,14).","Model bu rejimde tahmin üretmiyor. Kendi toparlanması bekleniyor, müdahale listesine alınmıyor.",True
EGE_2021_04_003189,IZLE,DIK_YAMAC,,,prediction_status=low_severity,"İzle, müdahale etme. Yangın bu kareyi ağır yakmamış (düşük şiddet, dNBR 0,11).","Model bu rejimde tahmin üretmiyor. Kendi toparlanması bekleniyor, müdahale listesine alınmıyor. Eğim 28,3° ile yüksek; makineli çalışma sınırlı olabilir.",True
EGE_2021_04_003191,IZLE,,,,prediction_status=low_severity,"İzle, müdahale etme. Yangın bu kareyi ağır yakmamış (düşük şiddet, dNBR 0,15).","Model bu rejimde tahmin üretmiyor. Kendi toparlanması bekleniyor, müdahale listesine alınmıyor.",True
EGE_2021_04_003192,IZLE,,,,prediction_status=low_severity,"İzle, müdahale etme. Yangın bu kareyi ağır yakmamış (düşük şiddet, dNBR 0,17).","Model bu rejimde tahmin üretmiyor. Kendi toparlanması bekleniyor, müdahale listesine alınmıyor.",True
EGE_2021_04_003193,IZLE,DIK_YAMAC,,,prediction_status=low_severity,"İzle, müdahale etme. Yangın bu kareyi ağır yakmamış (düşük şiddet, dNBR 0,24).","Model bu rejimde tahmin üretmiyor. Kendi toparlanması bekleniyor, müdahale listesine alınmıyor. Eğim 27,3° ile yüksek; makineli çalışma sınırlı olabilir.",True
EGE_2021_04_003194,IZLE,DIK_YAMAC,,,prediction_status=low_severity,"İzle, müdahale etme. Yangın bu kareyi ağır yakmamış (düşük şiddet, dNBR 0,21).","Model bu rejimde tahmin üretmiyor. Kendi toparlanması bekleniyor, müdahale listesine alınmıyor. Eğim 28,7° ile yüksek; makineli çalışma sınırlı olabilir.",True
EGE_2021_04_003195,IZLE,DIK_YAMAC,,,prediction_status=low_severity,"İzle, müdahale etme. Yangın bu kareyi ağır yakmamış (düşük şiddet, dNBR 0,18).","Model bu rejimde tahmin üretmiyor. Kendi toparlanması bekleniyor, müdahale listesine alınmıyor. Eğim 29,6° ile yüksek; makineli çalışma sınırlı olabilir.",True
EGE_2021_04_003196,IZLE,,,,prediction_status=low_severity,"İzle, müdahale etme. Yangın bu kareyi ağır yakmamış (düşük şiddet, dNBR 0,15).","Model bu rejimde tahmin üretmiyor. Kendi toparlanması bekleniyor, müdahale listesine alınmıyor.",True
EGE_2021_04_003198,IZLE,,,,prediction_status=low_severity,"İzle, müdahale etme. Yangın bu kareyi ağır yakmamış (düşük şiddet, dNBR 0,20).","Model bu rejimde tahmin üretmiyor. Kendi toparlanması bekleniyor, müdahale listesine alınmıyor.",True
EGE_2021_04_003199,ONCELIGE_GORE,,0.4009,,toparlanma=0.40 0.35..0.50,Öncelik sırasına göre değerlendir. Kısmi toparlanma bekleniyor; müdahale kararı bütçeye ve sıraya bağlı.,Modelin tahminine göre yangın öncesi örtünün %40 kadarı iki yılda geri gelecek. Ne kendi kapanacak kadar iyi ne de acil müdahale gerektirecek kadar kötü — öncelik skoru bu kareyi sıranın neresine koyduğuna bakın.,True
EGE_2021_04_003200,IZLE,ESKIDEN_ORMAN_DEGIL,,,prediction_status=low_severity,"İzle, müdahale etme. Yangın bu kareyi ağır yakmamış (düşük şiddet, dNBR 0,14).","Model bu rejimde tahmin üretmiyor. Kendi toparlanması bekleniyor, müdahale listesine alınmıyor. Yangın öncesi örtü otlak ve çalılık idi; orman kurma değil, mevcut örtünün onarımı düşünülmeli.",True
EGE_2021_04_003297,IZLE,ERISIM_ZOR|ESKIDEN_ORMAN_DEGIL|DIK_YAMAC,,,prediction_status=low_severity,"İzle, müdahale etme. Yangın bu kareyi ağır yakmamış (düşük şiddet, dNBR 0,11).","Model bu rejimde tahmin üretmiyor. Kendi toparlanması bekleniyor, müdahale listesine alınmıyor. En yakın yol 2,01 km — erişim ve lojistik bu karede belirleyici olacak. Yangın öncesi örtü otlak ve çalılık idi; orman kurma değil, mevcut örtünün onarımı düşünülmeli. Eğim 28,0° ile yüksek; makineli çalışma sınırlı olabilir.",True
EGE_2021_04_003298,IZLE,DIK_YAMAC,,,prediction_status=low_severity,"İzle, müdahale etme. Yangın bu kareyi ağır yakmamış (düşük şiddet, dNBR 0,13).","Model bu rejimde tahmin üretmiyor. Kendi toparlanması bekleniyor, müdahale listesine alınmıyor. Eğim 25,6° ile yüksek; makineli çalışma sınırlı olabilir.",True
EGE_2021_04_003300,IZLE,DIK_YAMAC,,,prediction_status=low_severity,"İzle, müdahale etme. Yangın bu kareyi ağır yakmamış (düşük şiddet, dNBR 0,19).","Model bu rejimde tahmin üretmiyor. Kendi toparlanması bekleniyor, müdahale listesine alınmıyor. Eğim 30,0° ile yüksek; makineli çalışma sınırlı olabilir.",True
EGE_2021_04_003301,ONCELIGE_GORE,,0.3662,,toparlanma=0.37 0.35..0.50,Öncelik sırasına göre değerlendir. Kısmi toparlanma bekleniyor; müdahale kararı bütçeye ve sıraya bağlı.,Modelin tahminine göre yangın öncesi örtünün %37 kadarı iki yılda geri gelecek. Ne kendi kapanacak kadar iyi ne de acil müdahale gerektirecek kadar kötü — öncelik skoru bu kareyi sıranın neresine koyduğuna bakın.,True
EGE_2021_04_003302,EROZYON_ONCE,,0.3088,"karaçam, sedir",toparlanma=0.31 egim=28.1>=25 <0.35,"Önce erozyon kontrolü. Toparlanma tahmini zayıf ve eğim 28,1° — dikimden önce toprak tutma önlemi gerekiyor.","Modelin tahminine göre yangın öncesi örtünün ancak %31 kadarı iki yılda geri gelecek. Dik yamaçta çıplak toprak ilk sağanakta taşınır; stabilizasyon yapılmadan yapılan dikim de birlikte gider. Yetişme ortamı: Ege kuşağı, 1093 m, dik yamaç (25°+). Bu koşullar için önerilen türler: karaçam, sedir. Tür önerisi sistemin çıkarımı değil, dışarıdan verilen tablodan okunmuştur. Tablo: ÖRNEK TABLO — OGM tür-yetişme ortamı rehberi ile değiştirilecek",True
EGE_2021_04_003303,IZLE,,,,prediction_status=low_severity,"İzle, müdahale etme. Yangın bu kareyi ağır yakmamış (düşük şiddet, dNBR 0,26).","Model bu rejimde tahmin üretmiyor. Kendi toparlanması bekleniyor, müdahale listesine alınmıyor.",True
EGE_2021_04_003304,IZLE,,,,prediction_status=low_severity,"İzle, müdahale etme. Yangın bu kareyi ağır yakmamış (düşük şiddet, dNBR 0,14).","Model bu rejimde tahmin üretmiyor. Kendi toparlanması bekleniyor, müdahale listesine alınmıyor.",True
EGE_2021_04_003305,IZLE,DIK_YAMAC,,,prediction_status=low_severity,"İzle, müdahale etme. Yangın bu kareyi ağır yakmamış (düşük şiddet, dNBR 0,19).","Model bu rejimde tahmin üretmiyor. Kendi toparlanması bekleniyor, müdahale listesine alınmıyor. Eğim 30,4° ile yüksek; makineli çalışma sınırlı olabilir.",True
EGE_2021_04_003306,ONCELIGE_GORE,,0.4387,,toparlanma=0.44 0.35..0.50,Öncelik sırasına göre değerlendir. Kısmi toparlanma bekleniyor; müdahale kararı bütçeye ve sıraya bağlı.,Modelin tahminine göre yangın öncesi örtünün %44 kadarı iki yılda geri gelecek. Ne kendi kapanacak kadar iyi ne de acil müdahale gerektirecek kadar kötü — öncelik skoru bu kareyi sıranın neresine koyduğuna bakın.,True
EGE_2021_04_003307,IZLE,,,,prediction_status=low_severity,"İzle, müdahale etme. Yangın bu kareyi ağır yakmamış (düşük şiddet, dNBR 0,21).","Model bu rejimde tahmin üretmiyor. Kendi toparlanması bekleniyor, müdahale listesine alınmıyor.",True
EGE_2021_04_003308,IZLE,,,,prediction_status=low_severity,"İzle, müdahale etme. Yangın bu kareyi ağır yakmamış (düşük şiddet, dNBR 0,12).","Model bu rejimde tahmin üretmiyor. Kendi toparlanması bekleniyor, müdahale listesine alınmıyor.",True
EGE_2021_04_003404,IZLE,ERISIM_ZOR|ESKIDEN_ORMAN_DEGIL|DIK_YAMAC,,,prediction_status=low_severity,"İzle, müdahale etme. Yangın bu kareyi ağır yakmamış (düşük şiddet, dNBR 0,14).","Model bu rejimde tahmin üretmiyor. Kendi toparlanması bekleniyor, müdahale listesine alınmıyor. En yakın yol 2,36 km — erişim ve lojistik bu karede belirleyici olacak. Yangın öncesi örtü otlak ve çalılık idi; orman kurma değil, mevcut örtünün onarımı düşünülmeli. Eğim 33,8° ile yüksek; makineli çalışma sınırlı olabilir.",True
EGE_2021_04_003405,IZLE,ERISIM_ZOR|ESKIDEN_ORMAN_DEGIL|DIK_YAMAC,,,prediction_status=low_severity,"İzle, müdahale etme. Yangın bu kareyi ağır yakmamış (düşük şiddet, dNBR 0,16).","Model bu rejimde tahmin üretmiyor. Kendi toparlanması bekleniyor, müdahale listesine alınmıyor. En yakın yol 2,22 km — erişim ve lojistik bu karede belirleyici olacak. Yangın öncesi örtü otlak ve çalılık idi; orman kurma değil, mevcut örtünün onarımı düşünülmeli. Eğim 30,3° ile yüksek; makineli çalışma sınırlı olabilir.",True
EGE_2021_04_003406,IZLE,ERISIM_ZOR|ESKIDEN_ORMAN_DEGIL|DIK_YAMAC,,,prediction_status=low_severity,"İzle, müdahale etme. Yangın bu kareyi ağır yakmamış (düşük şiddet, dNBR 0,16).","Model bu rejimde tahmin üretmiyor. Kendi toparlanması bekleniyor, müdahale listesine alınmıyor. En yakın yol 2,11 km — erişim ve lojistik bu karede belirleyici olacak. Yangın öncesi örtü otlak ve çalılık idi; orman kurma değil, mevcut örtünün onarımı düşünülmeli. Eğim 32,7° ile yüksek; makineli çalışma sınırlı olabilir.",True
EGE_2021_04_003407,ONCELIGE_GORE,ERISIM_ZOR|ESKIDEN_ORMAN_DEGIL|DIK_YAMAC,0.359,,toparlanma=0.36 0.35..0.50,Öncelik sırasına göre değerlendir. Kısmi toparlanma bekleniyor; müdahale kararı bütçeye ve sıraya bağlı.,"Modelin tahminine göre yangın öncesi örtünün %36 kadarı iki yılda geri gelecek. Ne kendi kapanacak kadar iyi ne de acil müdahale gerektirecek kadar kötü — öncelik skoru bu kareyi sıranın neresine koyduğuna bakın. En yakın yol 2,03 km — erişim ve lojistik bu karede belirleyici olacak. Yangın öncesi örtü otlak ve çalılık idi; orman kurma değil, mevcut örtünün onarımı düşünülmeli. Eğim 31,3° ile yüksek; makineli çalışma sınırlı olabilir.",True
EGE_2021_04_003408,IZLE,ESKIDEN_ORMAN_DEGIL|DIK_YAMAC,,,prediction_status=low_severity,"İzle, müdahale etme. Yangın bu kareyi ağır yakmamış (düşük şiddet, dNBR 0,19).","Model bu rejimde tahmin üretmiyor. Kendi toparlanması bekleniyor, müdahale listesine alınmıyor. Yangın öncesi örtü otlak ve çalılık idi; orman kurma değil, mevcut örtünün onarımı düşünülmeli. Eğim 28,1° ile yüksek; makineli çalışma sınırlı olabilir.",True
EGE_2021_04_003409,IZLE,,,,prediction_status=low_severity,"İzle, müdahale etme. Yangın bu kareyi ağır yakmamış (düşük şiddet, dNBR 0,19).","Model bu rejimde tahmin üretmiyor. Kendi toparlanması bekleniyor, müdahale listesine alınmıyor.",True
EGE_2021_04_003412,IZLE,ERISIM_ZOR,,,prediction_status=low_severity,"İzle, müdahale etme. Yangın bu kareyi ağır yakmamış (düşük şiddet, dNBR 0,17).","Model bu rejimde tahmin üretmiyor. Kendi toparlanması bekleniyor, müdahale listesine alınmıyor. En yakın yol 2,05 km — erişim ve lojistik bu karede belirleyici olacak.",True
EGE_2021_04_003413,IZLE,ERISIM_ZOR|DIK_YAMAC,,,prediction_status=low_severity,"İzle, müdahale etme. Yangın bu kareyi ağır yakmamış (düşük şiddet, dNBR 0,15).","Model bu rejimde tahmin üretmiyor. Kendi toparlanması bekleniyor, müdahale listesine alınmıyor. En yakın yol 2,14 km — erişim ve lojistik bu karede belirleyici olacak. Eğim 31,9° ile yüksek; makineli çalışma sınırlı olabilir.",True
EGE_2021_04_003414,IZLE,,,,prediction_status=low_severity,"İzle, müdahale etme. Yangın bu kareyi ağır yakmamış (düşük şiddet, dNBR 0,17).","Model bu rejimde tahmin üretmiyor. Kendi toparlanması bekleniyor, müdahale listesine alınmıyor.",True
EGE_2021_04_003415,IZLE,,,,prediction_status=low_severity,"İzle, müdahale etme. Yangın bu kareyi ağır yakmamış (düşük şiddet, dNBR 0,17).","Model bu rejimde tahmin üretmiyor. Kendi toparlanması bekleniyor, müdahale listesine alınmıyor.",True
EGE_2021_04_003416,IZLE,,,,prediction_status=low_severity,"İzle, müdahale etme. Yangın bu kareyi ağır yakmamış (düşük şiddet, dNBR 0,13).","Model bu rejimde tahmin üretmiyor. Kendi toparlanması bekleniyor, müdahale listesine alınmıyor.",True
EGE_2021_04_003511,IZLE,ERISIM_ZOR|DIK_YAMAC,,,prediction_status=low_severity,"İzle, müdahale etme. Yangın bu kareyi ağır yakmamış (düşük şiddet, dNBR 0,12).","Model bu rejimde tahmin üretmiyor. Kendi toparlanması bekleniyor, müdahale listesine alınmıyor. En yakın yol 2,48 km — erişim ve lojistik bu karede belirleyici olacak. Eğim 25,7° ile yüksek; makineli çalışma sınırlı olabilir.",True
EGE_2021_04_003513,IZLE,ERISIM_ZOR|ESKIDEN_ORMAN_DEGIL|DIK_YAMAC,,,prediction_status=low_severity,"İzle, müdahale etme. Yangın bu kareyi ağır yakmamış (düşük şiddet, dNBR 0,12).","Model bu rejimde tahmin üretmiyor. Kendi toparlanması bekleniyor, müdahale listesine alınmıyor. En yakın yol 2,44 km — erişim ve lojistik bu karede belirleyici olacak. Yangın öncesi örtü otlak ve çalılık idi; orman kurma değil, mevcut örtünün onarımı düşünülmeli. Eğim 32,7° ile yüksek; makineli çalışma sınırlı olabilir.",True
EGE_2021_04_003514,IZLE,ERISIM_ZOR,,,prediction_status=low_severity,"İzle, müdahale etme. Yangın bu kareyi ağır yakmamış (düşük şiddet, dNBR 0,22).","Model bu rejimde tahmin üretmiyor. Kendi toparlanması bekleniyor, müdahale listesine alınmıyor. En yakın yol 2,34 km — erişim ve lojistik bu karede belirleyici olacak.",True
EGE_2021_04_003515,IZLE,ERISIM_ZOR|ESKIDEN_ORMAN_DEGIL|DIK_YAMAC,,,prediction_status=low_severity,"İzle, müdahale etme. Yangın bu kareyi ağır yakmamış (düşük şiddet, dNBR 0,25).","Model bu rejimde tahmin üretmiyor. Kendi toparlanması bekleniyor, müdahale listesine alınmıyor. En yakın yol 2,27 km — erişim ve lojistik bu karede belirleyici olacak. Yangın öncesi örtü otlak ve çalılık idi; orman kurma değil, mevcut örtünün onarımı düşünülmeli. Eğim 25,2° ile yüksek; makineli çalışma sınırlı olabilir.",True
EGE_2021_04_003516,IZLE,ERISIM_ZOR|ESKIDEN_ORMAN_DEGIL|DIK_YAMAC,,,prediction_status=low_severity,"İzle, müdahale etme. Yangın bu kareyi ağır yakmamış (düşük şiddet, dNBR 0,20).","Model bu rejimde tahmin üretmiyor. Kendi toparlanması bekleniyor, müdahale listesine alınmıyor. En yakın yol 2,21 km — erişim ve lojistik bu karede belirleyici olacak. Yangın öncesi örtü otlak ve çalılık idi; orman kurma değil, mevcut örtünün onarımı düşünülmeli. Eğim 25,2° ile yüksek; makineli çalışma sınırlı olabilir.",True
EGE_2021_04_003517,IZLE,ERISIM_ZOR,,,prediction_status=low_severity,"İzle, müdahale etme. Yangın bu kareyi ağır yakmamış (düşük şiddet, dNBR 0,22).","Model bu rejimde tahmin üretmiyor. Kendi toparlanması bekleniyor, müdahale listesine alınmıyor. En yakın yol 2,19 km — erişim ve lojistik bu karede belirleyici olacak.",True
EGE_2021_04_003518,IZLE,ERISIM_ZOR,,,prediction_status=low_severity,"İzle, müdahale etme. Yangın bu kareyi ağır yakmamış (düşük şiddet, dNBR 0,20).","Model bu rejimde tahmin üretmiyor. Kendi toparlanması bekleniyor, müdahale listesine alınmıyor. En yakın yol 2,19 km — erişim ve lojistik bu karede belirleyici olacak.",True
EGE_2021_04_003519,IZLE,ERISIM_ZOR,,,prediction_status=low_severity,"İzle, müdahale etme. Yangın bu kareyi ağır yakmamış (düşük şiddet, dNBR 0,18).","Model bu rejimde tahmin üretmiyor. Kendi toparlanması bekleniyor, müdahale listesine alınmıyor. En yakın yol 2,22 km — erişim ve lojistik bu karede belirleyici olacak.",True
EGE_2021_04_003520,IZLE,ERISIM_ZOR|DIK_YAMAC,,,prediction_status=low_severity,"İzle, müdahale etme. Yangın bu kareyi ağır yakmamış (düşük şiddet, dNBR 0,10).","Model bu rejimde tahmin üretmiyor. Kendi toparlanması bekleniyor, müdahale listesine alınmıyor. En yakın yol 2,28 km — erişim ve lojistik bu karede belirleyici olacak. Eğim 25,7° ile yüksek; makineli çalışma sınırlı olabilir.",True
EGE_2021_04_003521,IZLE,ERISIM_ZOR|DIK_YAMAC,,,prediction_status=low_severity,"İzle, müdahale etme. Yangın bu kareyi ağır yakmamış (düşük şiddet, dNBR 0,11).","Model bu rejimde tahmin üretmiyor. Kendi toparlanması bekleniyor, müdahale listesine alınmıyor. En yakın yol 2,20 km — erişim ve lojistik bu karede belirleyici olacak. Eğim 31,6° ile yüksek; makineli çalışma sınırlı olabilir.",True
EGE_2021_04_003522,IZLE,DIK_YAMAC,,,prediction_status=low_severity,"İzle, müdahale etme. Yangın bu kareyi ağır yakmamış (düşük şiddet, dNBR 0,16).","Model bu rejimde tahmin üretmiyor. Kendi toparlanması bekleniyor, müdahale listesine alınmıyor. Eğim 32,6° ile yüksek; makineli çalışma sınırlı olabilir.",True
EGE_2021_04_003523,IZLE,,,,prediction_status=low_severity,"İzle, müdahale etme. Yangın bu kareyi ağır yakmamış (düşük şiddet, dNBR 0,22).","Model bu rejimde tahmin üretmiyor. Kendi toparlanması bekleniyor, müdahale listesine alınmıyor.",True
EGE_2021_04_003524,ONCELIGE_GORE,,0.435,,toparlanma=0.43 0.35..0.50,Öncelik sırasına göre değerlendir. Kısmi toparlanma bekleniyor; müdahale kararı bütçeye ve sıraya bağlı.,Modelin tahminine göre yangın öncesi örtünün %43 kadarı iki yılda geri gelecek. Ne kendi kapanacak kadar iyi ne de acil müdahale gerektirecek kadar kötü — öncelik skoru bu kareyi sıranın neresine koyduğuna bakın.,True
EGE_2021_04_003617,IZLE,,,,prediction_status=low_severity,"İzle, müdahale etme. Yangın bu kareyi ağır yakmamış (düşük şiddet, dNBR 0,23).","Model bu rejimde tahmin üretmiyor. Kendi toparlanması bekleniyor, müdahale listesine alınmıyor.",True
EGE_2021_04_003619,IZLE,ERISIM_ZOR,,,prediction_status=low_severity,"İzle, müdahale etme. Yangın bu kareyi ağır yakmamış (düşük şiddet, dNBR 0,11).","Model bu rejimde tahmin üretmiyor. Kendi toparlanması bekleniyor, müdahale listesine alınmıyor. En yakın yol 2,48 km — erişim ve lojistik bu karede belirleyici olacak.",True
EGE_2021_04_003621,IZLE,ERISIM_ZOR|DIK_YAMAC,,,prediction_status=low_severity,"İzle, müdahale etme. Yangın bu kareyi ağır yakmamış (düşük şiddet, dNBR 0,17).","Model bu rejimde tahmin üretmiyor. Kendi toparlanması bekleniyor, müdahale listesine alınmıyor. En yakın yol 2,67 km — erişim ve lojistik bu karede belirleyici olacak. Eğim 27,6° ile yüksek; makineli çalışma sınırlı olabilir.",True
EGE_2021_04_003622,IZLE,ERISIM_ZOR|DIK_YAMAC,,,prediction_status=low_severity,"İzle, müdahale etme. Yangın bu kareyi ağır yakmamış (düşük şiddet, dNBR 0,19).","Model bu rejimde tahmin üretmiyor. Kendi toparlanması bekleniyor, müdahale listesine alınmıyor. En yakın yol 2,58 km — erişim ve lojistik bu karede belirleyici olacak. Eğim 28,6° ile yüksek; makineli çalışma sınırlı olabilir.",True
EGE_2021_04_003623,IZLE,ERISIM_ZOR,,,prediction_status=low_severity,"İzle, müdahale etme. Yangın bu kareyi ağır yakmamış (düşük şiddet, dNBR 0,14).","Model bu rejimde tahmin üretmiyor. Kendi toparlanması bekleniyor, müdahale listesine alınmıyor. En yakın yol 2,51 km — erişim ve lojistik bu karede belirleyici olacak.",True
EGE_2021_04_003624,IZLE,ERISIM_ZOR,,,prediction_status=low_severity,"İzle, müdahale etme. Yangın bu kareyi ağır yakmamış (düşük şiddet, dNBR 0,17).","Model bu rejimde tahmin üretmiyor. Kendi toparlanması bekleniyor, müdahale listesine alınmıyor. En yakın yol 2,46 km — erişim ve lojistik bu karede belirleyici olacak.",True
EGE_2021_04_003625,IZLE,ERISIM_ZOR,,,prediction_status=low_severity,"İzle, müdahale etme. Yangın bu kareyi ağır yakmamış (düşük şiddet, dNBR 0,16).","Model bu rejimde tahmin üretmiyor. Kendi toparlanması bekleniyor, müdahale listesine alınmıyor. En yakın yol 2,44 km — erişim ve lojistik bu karede belirleyici olacak.",True
EGE_2021_04_003627,IZLE,ERISIM_ZOR,,,prediction_status=low_severity,"İzle, müdahale etme. Yangın bu kareyi ağır yakmamış (düşük şiddet, dNBR 0,19).","Model bu rejimde tahmin üretmiyor. Kendi toparlanması bekleniyor, müdahale listesine alınmıyor. En yakın yol 2,47 km — erişim ve lojistik bu karede belirleyici olacak.",True
EGE_2021_04_003628,IZLE,ERISIM_ZOR|DIK_YAMAC,,,prediction_status=low_severity,"İzle, müdahale etme. Yangın bu kareyi ağır yakmamış (düşük şiddet, dNBR 0,10).","Model bu rejimde tahmin üretmiyor. Kendi toparlanması bekleniyor, müdahale listesine alınmıyor. En yakın yol 2,46 km — erişim ve lojistik bu karede belirleyici olacak. Eğim 29,5° ile yüksek; makineli çalışma sınırlı olabilir.",True
EGE_2021_04_003630,IZLE,DIK_YAMAC,,,prediction_status=low_severity,"İzle, müdahale etme. Yangın bu kareyi ağır yakmamış (düşük şiddet, dNBR 0,13).","Model bu rejimde tahmin üretmiyor. Kendi toparlanması bekleniyor, müdahale listesine alınmıyor. Eğim 36,1° ile yüksek; makineli çalışma sınırlı olabilir.",True
EGE_2021_04_003633,IZLE,,,,prediction_status=low_severity,"İzle, müdahale etme. Yangın bu kareyi ağır yakmamış (düşük şiddet, dNBR 0,15).","Model bu rejimde tahmin üretmiyor. Kendi toparlanması bekleniyor, müdahale listesine alınmıyor.",True
EGE_2021_04_003648,DIKIM_ADAYI,,0.307,"karaçam, sedir",toparlanma=0.31 <0.35,"Aktif dikim adayı. Doğal toparlanma zayıf kalıyor, eğim (20,1°) dikime elverişli.","Modelin tahminine göre yangın öncesi örtünün ancak %31 kadarı iki yılda geri gelecek — kendi başına kapanmayacak bir açık var. Yetişme ortamı: Ege kuşağı, 1163 m, orta eğimli (10–25°). Bu koşullar için önerilen türler: karaçam, sedir. Tür önerisi sistemin çıkarımı değil, dışarıdan verilen tablodan okunmuştur. Tablo: ÖRNEK TABLO — OGM tür-yetişme ortamı rehberi ile değiştirilecek",True
EGE_2021_04_003649,IZLE,DIK_YAMAC,,,prediction_status=low_severity,"İzle, müdahale etme. Yangın bu kareyi ağır yakmamış (düşük şiddet, dNBR 0,20).","Model bu rejimde tahmin üretmiyor. Kendi toparlanması bekleniyor, müdahale listesine alınmıyor. Eğim 30,4° ile yüksek; makineli çalışma sınırlı olabilir.",True
EGE_2021_04_003725,IZLE,ERISIM_ZOR|ESKIDEN_ORMAN_DEGIL|DIK_YAMAC,,,prediction_status=low_severity,"İzle, müdahale etme. Yangın bu kareyi ağır yakmamış (düşük şiddet, dNBR 0,20).","Model bu rejimde tahmin üretmiyor. Kendi toparlanması bekleniyor, müdahale listesine alınmıyor. En yakın yol 2,00 km — erişim ve lojistik bu karede belirleyici olacak. Yangın öncesi örtü otlak ve çalılık idi; orman kurma değil, mevcut örtünün onarımı düşünülmeli. Eğim 30,8° ile yüksek; makineli çalışma sınırlı olabilir.",True
EGE_2021_04_003728,IZLE,ERISIM_ZOR|ESKIDEN_ORMAN_DEGIL,,,prediction_status=low_severity,"İzle, müdahale etme. Yangın bu kareyi ağır yakmamış (orta-düşük şiddet, dNBR 0,32).","Model bu rejimde tahmin üretmiyor. Kendi toparlanması bekleniyor, müdahale listesine alınmıyor. En yakın yol 2,75 km — erişim ve lojistik bu karede belirleyici olacak. Yangın öncesi örtü otlak ve çalılık idi; orman kurma değil, mevcut örtünün onarımı düşünülmeli.",True
EGE_2021_04_003729,EROZYON_ONCE,ERISIM_ZOR,0.2073,"karaçam, sedir",toparlanma=0.21 egim=30.0>=25 <0.35,"Önce erozyon kontrolü. Toparlanma tahmini zayıf ve eğim 30,0° — dikimden önce toprak tutma önlemi gerekiyor.","Modelin tahminine göre yangın öncesi örtünün ancak %21 kadarı iki yılda geri gelecek. Dik yamaçta çıplak toprak ilk sağanakta taşınır; stabilizasyon yapılmadan yapılan dikim de birlikte gider. En yakın yol 2,90 km — erişim ve lojistik bu karede belirleyici olacak. Yetişme ortamı: Ege kuşağı, 1404 m, dik yamaç (25°+). Bu koşullar için önerilen türler: karaçam, sedir. Tür önerisi sistemin çıkarımı değil, dışarıdan verilen tablodan okunmuştur. Tablo: ÖRNEK TABLO — OGM tür-yetişme ortamı rehberi ile değiştirilecek",True
EGE_2021_04_003730,DIKIM_ADAYI,ERISIM_ZOR|AGIR_YANMIS,0.2847,"karaçam, sedir",toparlanma=0.28 <0.35,"Aktif dikim adayı. Doğal toparlanma zayıf kalıyor, eğim (20,6°) dikime elverişli.","Modelin tahminine göre yangın öncesi örtünün ancak %28 kadarı iki yılda geri gelecek — kendi başına kapanmayacak bir açık var. En yakın yol 2,82 km — erişim ve lojistik bu karede belirleyici olacak. Yangın orta-yüksek şiddet sınıfında (dNBR 0,55); toprak yüzeyi büyük olasılıkla açıkta. Yetişme ortamı: Ege kuşağı, 1294 m, orta eğimli (10–25°). Bu koşullar için önerilen türler: karaçam, sedir. Tür önerisi sistemin çıkarımı değil, dışarıdan verilen tablodan okunmuştur. Tablo: ÖRNEK TABLO — OGM tür-yetişme ortamı rehberi ile değiştirilecek",True
EGE_2021_04_003731,IZLE,ERISIM_ZOR|DIK_YAMAC,,,prediction_status=low_severity,"İzle, müdahale etme. Yangın bu kareyi ağır yakmamış (düşük şiddet, dNBR 0,25).","Model bu rejimde tahmin üretmiyor. Kendi toparlanması bekleniyor, müdahale listesine alınmıyor. En yakın yol 2,75 km — erişim ve lojistik bu karede belirleyici olacak. Eğim 25,7° ile yüksek; makineli çalışma sınırlı olabilir.",True
EGE_2021_04_003735,IZLE,ERISIM_ZOR|DIK_YAMAC,,,prediction_status=low_severity,"İzle, müdahale etme. Yangın bu kareyi ağır yakmamış (düşük şiddet, dNBR 0,13).","Model bu rejimde tahmin üretmiyor. Kendi toparlanması bekleniyor, müdahale listesine alınmıyor. En yakın yol 2,72 km — erişim ve lojistik bu karede belirleyici olacak. Eğim 34,1° ile yüksek; makineli çalışma sınırlı olabilir.",True
EGE_2021_04_003736,IZLE,ERISIM_ZOR,,,prediction_status=low_severity,"İzle, müdahale etme. Yangın bu kareyi ağır yakmamış (düşük şiddet, dNBR 0,15).","Model bu rejimde tahmin üretmiyor. Kendi toparlanması bekleniyor, müdahale listesine alınmıyor. En yakın yol 2,50 km — erişim ve lojistik bu karede belirleyici olacak.",True
EGE_2021_04_003737,IZLE,ERISIM_ZOR,,,prediction_status=low_severity,"İzle, müdahale etme. Yangın bu kareyi ağır yakmamış (düşük şiddet, dNBR 0,10).","Model bu rejimde tahmin üretmiyor. Kendi toparlanması bekleniyor, müdahale listesine alınmıyor. En yakın yol 2,26 km — erişim ve lojistik bu karede belirleyici olacak.",True
EGE_2021_04_003738,IZLE,ERISIM_ZOR|DIK_YAMAC,,,prediction_status=low_severity,"İzle, müdahale etme. Yangın bu kareyi ağır yakmamış (düşük şiddet, dNBR 0,13).","Model bu rejimde tahmin üretmiyor. Kendi toparlanması bekleniyor, müdahale listesine alınmıyor. En yakın yol 2,01 km — erişim ve lojistik bu karede belirleyici olacak. Eğim 40,7° ile yüksek; makineli çalışma sınırlı olabilir.",True
EGE_2021_04_003740,IZLE,ESKIDEN_ORMAN_DEGIL,,,prediction_status=low_severity,"İzle, müdahale etme. Yangın bu kareyi ağır yakmamış (düşük şiddet, dNBR 0,19).","Model bu rejimde tahmin üretmiyor. Kendi toparlanması bekleniyor, müdahale listesine alınmıyor. Yangın öncesi örtü otlak ve çalılık idi; orman kurma değil, mevcut örtünün onarımı düşünülmeli.",True
EGE_2021_04_003751,IZLE,,,,prediction_status=low_severity,"İzle, müdahale etme. Yangın bu kareyi ağır yakmamış (düşük şiddet, dNBR 0,12).","Model bu rejimde tahmin üretmiyor. Kendi toparlanması bekleniyor, müdahale listesine alınmıyor.",True
EGE_2021_04_003755,IZLE,DIK_YAMAC,,,prediction_status=low_severity,"İzle, müdahale etme. Yangın bu kareyi ağır yakmamış (düşük şiddet, dNBR 0,17).","Model bu rejimde tahmin üretmiyor. Kendi toparlanması bekleniyor, müdahale listesine alınmıyor. Eğim 27,9° ile yüksek; makineli çalışma sınırlı olabilir.",True
EGE_2021_04_003756,IZLE,,,,prediction_status=low_severity,"İzle, müdahale etme. Yangın bu kareyi ağır yakmamış (düşük şiddet, dNBR 0,23).","Model bu rejimde tahmin üretmiyor. Kendi toparlanması bekleniyor, müdahale listesine alınmıyor.",True
EGE_2021_04_003757,IZLE,DIK_YAMAC,,,prediction_status=low_severity,"İzle, müdahale etme. Yangın bu kareyi ağır yakmamış (düşük şiddet, dNBR 0,22).","Model bu rejimde tahmin üretmiyor. Kendi toparlanması bekleniyor, müdahale listesine alınmıyor. Eğim 31,2° ile yüksek; makineli çalışma sınırlı olabilir.",True
EGE_2021_04_003758,IZLE,DIK_YAMAC,,,prediction_status=low_severity,"İzle, müdahale etme. Yangın bu kareyi ağır yakmamış (düşük şiddet, dNBR 0,17).","Model bu rejimde tahmin üretmiyor. Kendi toparlanması bekleniyor, müdahale listesine alınmıyor. Eğim 33,1° ile yüksek; makineli çalışma sınırlı olabilir.",True
EGE_2021_04_003830,IZLE,ESKIDEN_ORMAN_DEGIL|DIK_YAMAC,,,prediction_status=low_severity,"İzle, müdahale etme. Yangın bu kareyi ağır yakmamış (düşük şiddet, dNBR 0,11).","Model bu rejimde tahmin üretmiyor. Kendi toparlanması bekleniyor, müdahale listesine alınmıyor. Yangın öncesi örtü otlak ve çalılık idi; orman kurma değil, mevcut örtünün onarımı düşünülmeli. Eğim 29,3° ile yüksek; makineli çalışma sınırlı olabilir.",True
EGE_2021_04_003831,IZLE,ESKIDEN_ORMAN_DEGIL|DIK_YAMAC,,,prediction_status=low_severity,"İzle, müdahale etme. Yangın bu kareyi ağır yakmamış (düşük şiddet, dNBR 0,16).","Model bu rejimde tahmin üretmiyor. Kendi toparlanması bekleniyor, müdahale listesine alınmıyor. Yangın öncesi örtü otlak ve çalılık idi; orman kurma değil, mevcut örtünün onarımı düşünülmeli. Eğim 26,2° ile yüksek; makineli çalışma sınırlı olabilir.",True
EGE_2021_04_003832,IZLE,ESKIDEN_ORMAN_DEGIL|DIK_YAMAC,,,prediction_status=low_severity,"İzle, müdahale etme. Yangın bu kareyi ağır yakmamış (düşük şiddet, dNBR 0,16).","Model bu rejimde tahmin üretmiyor. Kendi toparlanması bekleniyor, müdahale listesine alınmıyor. Yangın öncesi örtü otlak ve çalılık idi; orman kurma değil, mevcut örtünün onarımı düşünülmeli. Eğim 28,8° ile yüksek; makineli çalışma sınırlı olabilir.",True
EGE_2021_04_003833,IZLE,ERISIM_ZOR|ESKIDEN_ORMAN_DEGIL|DIK_YAMAC,,,prediction_status=low_severity,"İzle, müdahale etme. Yangın bu kareyi ağır yakmamış (düşük şiddet, dNBR 0,22).","Model bu rejimde tahmin üretmiyor. Kendi toparlanması bekleniyor, müdahale listesine alınmıyor. En yakın yol 2,06 km — erişim ve lojistik bu karede belirleyici olacak. Yangın öncesi örtü otlak ve çalılık idi; orman kurma değil, mevcut örtünün onarımı düşünülmeli. Eğim 28,5° ile yüksek; makineli çalışma sınırlı olabilir.",True
EGE_2021_04_003834,IZLE,ERISIM_ZOR|ESKIDEN_ORMAN_DEGIL|DIK_YAMAC,,,prediction_status=low_severity,"İzle, müdahale etme. Yangın bu kareyi ağır yakmamış (düşük şiddet, dNBR 0,21).","Model bu rejimde tahmin üretmiyor. Kendi toparlanması bekleniyor, müdahale listesine alınmıyor. En yakın yol 2,30 km — erişim ve lojistik bu karede belirleyici olacak. Yangın öncesi örtü otlak ve çalılık idi; orman kurma değil, mevcut örtünün onarımı düşünülmeli. Eğim 28,1° ile yüksek; makineli çalışma sınırlı olabilir.",True
EGE_2021_04_003836,IZLE,ERISIM_ZOR|ESKIDEN_ORMAN_DEGIL|DIK_YAMAC,,,prediction_status=low_severity,"İzle, müdahale etme. Yangın bu kareyi ağır yakmamış (düşük şiddet, dNBR 0,15).","Model bu rejimde tahmin üretmiyor. Kendi toparlanması bekleniyor, müdahale listesine alınmıyor. En yakın yol 2,79 km — erişim ve lojistik bu karede belirleyici olacak. Yangın öncesi örtü otlak ve çalılık idi; orman kurma değil, mevcut örtünün onarımı düşünülmeli. Eğim 27,4° ile yüksek; makineli çalışma sınırlı olabilir.",True
EGE_2021_04_003837,DIKIM_ADAYI,ERISIM_ZOR|AGIR_YANMIS,0.3192,"karaçam, sedir",toparlanma=0.32 <0.35,"Aktif dikim adayı. Doğal toparlanma zayıf kalıyor, eğim (22,8°) dikime elverişli.","Modelin tahminine göre yangın öncesi örtünün ancak %32 kadarı iki yılda geri gelecek — kendi başına kapanmayacak bir açık var. En yakın yol 3,03 km — erişim ve lojistik bu karede belirleyici olacak. Yangın orta-yüksek şiddet sınıfında (dNBR 0,47); toprak yüzeyi büyük olasılıkla açıkta. Yetişme ortamı: Ege kuşağı, 1438 m, orta eğimli (10–25°). Bu koşullar için önerilen türler: karaçam, sedir. Tür önerisi sistemin çıkarımı değil, dışarıdan verilen tablodan okunmuştur. Tablo: ÖRNEK TABLO — OGM tür-yetişme ortamı rehberi ile değiştirilecek",True
EGE_2021_04_003838,DIKIM_ADAYI,ERISIM_ZOR|AGIR_YANMIS,0.265,"karaçam, sedir",toparlanma=0.26 <0.35,"Aktif dikim adayı. Doğal toparlanma zayıf kalıyor, eğim (22,8°) dikime elverişli.","Modelin tahminine göre yangın öncesi örtünün ancak %26 kadarı iki yılda geri gelecek — kendi başına kapanmayacak bir açık var. En yakın yol 3,06 km — erişim ve lojistik bu karede belirleyici olacak. Yangın orta-yüksek şiddet sınıfında (dNBR 0,64); toprak yüzeyi büyük olasılıkla açıkta. Yetişme ortamı: Ege kuşağı, 1350 m, orta eğimli (10–25°). Bu koşullar için önerilen türler: karaçam, sedir. Tür önerisi sistemin çıkarımı değil, dışarıdan verilen tablodan okunmuştur. Tablo: ÖRNEK TABLO — OGM tür-yetişme ortamı rehberi ile değiştirilecek",True
EGE_2021_04_003839,ONCELIGE_GORE,ERISIM_ZOR,0.3863,,toparlanma=0.39 0.35..0.50,Öncelik sırasına göre değerlendir. Kısmi toparlanma bekleniyor; müdahale kararı bütçeye ve sıraya bağlı.,"Modelin tahminine göre yangın öncesi örtünün %39 kadarı iki yılda geri gelecek. Ne kendi kapanacak kadar iyi ne de acil müdahale gerektirecek kadar kötü — öncelik skoru bu kareyi sıranın neresine koyduğuna bakın. En yakın yol 3,00 km — erişim ve lojistik bu karede belirleyici olacak.",True
EGE_2021_04_003840,IZLE,ERISIM_ZOR|DIK_YAMAC,,,prediction_status=low_severity,"İzle, müdahale etme. Yangın bu kareyi ağır yakmamış (düşük şiddet, dNBR 0,26).","Model bu rejimde tahmin üretmiyor. Kendi toparlanması bekleniyor, müdahale listesine alınmıyor. En yakın yol 2,96 km — erişim ve lojistik bu karede belirleyici olacak. Eğim 26,9° ile yüksek; makineli çalışma sınırlı olabilir.",True
EGE_2021_04_003841,IZLE,ERISIM_ZOR|DIK_YAMAC,,,prediction_status=low_severity,"İzle, müdahale etme. Yangın bu kareyi ağır yakmamış (düşük şiddet, dNBR 0,11).","Model bu rejimde tahmin üretmiyor. Kendi toparlanması bekleniyor, müdahale listesine alınmıyor. En yakın yol 2,94 km — erişim ve lojistik bu karede belirleyici olacak. Eğim 31,1° ile yüksek; makineli çalışma sınırlı olabilir.",True
EGE_2021_04_003843,IZLE,ERISIM_ZOR|DIK_YAMAC,,,prediction_status=low_severity,"İzle, müdahale etme. Yangın bu kareyi ağır yakmamış (düşük şiddet, dNBR 0,16).","Model bu rejimde tahmin üretmiyor. Kendi toparlanması bekleniyor, müdahale listesine alınmıyor. En yakın yol 2,80 km — erişim ve lojistik bu karede belirleyici olacak. Eğim 37,0° ile yüksek; makineli çalışma sınırlı olabilir.",True
EGE_2021_04_003844,IZLE,ERISIM_ZOR|DIK_YAMAC,,,prediction_status=low_severity,"İzle, müdahale etme. Yangın bu kareyi ağır yakmamış (düşük şiddet, dNBR 0,18).","Model bu rejimde tahmin üretmiyor. Kendi toparlanması bekleniyor, müdahale listesine alınmıyor. En yakın yol 2,56 km — erişim ve lojistik bu karede belirleyici olacak. Eğim 33,2° ile yüksek; makineli çalışma sınırlı olabilir.",True
EGE_2021_04_003859,IZLE,,,,prediction_status=low_severity,"İzle, müdahale etme. Yangın bu kareyi ağır yakmamış (düşük şiddet, dNBR 0,11).","Model bu rejimde tahmin üretmiyor. Kendi toparlanması bekleniyor, müdahale listesine alınmıyor.",True
EGE_2021_04_003860,IZLE,,,,prediction_status=low_severity,"İzle, müdahale etme. Yangın bu kareyi ağır yakmamış (düşük şiddet, dNBR 0,14).","Model bu rejimde tahmin üretmiyor. Kendi toparlanması bekleniyor, müdahale listesine alınmıyor.",True
EGE_2021_04_003861,IZLE,DIK_YAMAC,,,prediction_status=low_severity,"İzle, müdahale etme. Yangın bu kareyi ağır yakmamış (düşük şiddet, dNBR 0,16).","Model bu rejimde tahmin üretmiyor. Kendi toparlanması bekleniyor, müdahale listesine alınmıyor. Eğim 25,8° ile yüksek; makineli çalışma sınırlı olabilir.",True
EGE_2021_04_003862,IZLE,DIK_YAMAC,,,prediction_status=low_severity,"İzle, müdahale etme. Yangın bu kareyi ağır yakmamış (düşük şiddet, dNBR 0,15).","Model bu rejimde tahmin üretmiyor. Kendi toparlanması bekleniyor, müdahale listesine alınmıyor. Eğim 40,9° ile yüksek; makineli çalışma sınırlı olabilir.",True
EGE_2021_04_003864,IZLE,DIK_YAMAC,,,prediction_status=low_severity,"İzle, müdahale etme. Yangın bu kareyi ağır yakmamış (düşük şiddet, dNBR 0,20).","Model bu rejimde tahmin üretmiyor. Kendi toparlanması bekleniyor, müdahale listesine alınmıyor. Eğim 33,6° ile yüksek; makineli çalışma sınırlı olabilir.",True
EGE_2021_04_003865,IZLE,DIK_YAMAC,,,prediction_status=low_severity,"İzle, müdahale etme. Yangın bu kareyi ağır yakmamış (düşük şiddet, dNBR 0,23).","Model bu rejimde tahmin üretmiyor. Kendi toparlanması bekleniyor, müdahale listesine alınmıyor. Eğim 33,3° ile yüksek; makineli çalışma sınırlı olabilir.",True
EGE_2021_04_003866,IZLE,DIK_YAMAC,,,prediction_status=low_severity,"İzle, müdahale etme. Yangın bu kareyi ağır yakmamış (düşük şiddet, dNBR 0,22).","Model bu rejimde tahmin üretmiyor. Kendi toparlanması bekleniyor, müdahale listesine alınmıyor. Eğim 39,4° ile yüksek; makineli çalışma sınırlı olabilir.",True
EGE_2021_04_003932,IZLE,ESKIDEN_ORMAN_DEGIL|DIK_YAMAC,,,prediction_status=low_severity,"İzle, müdahale etme. Yangın bu kareyi ağır yakmamış (düşük şiddet, dNBR 0,11).","Model bu rejimde tahmin üretmiyor. Kendi toparlanması bekleniyor, müdahale listesine alınmıyor. Yangın öncesi örtü otlak ve çalılık idi; orman kurma değil, mevcut örtünün onarımı düşünülmeli. Eğim 33,8° ile yüksek; makineli çalışma sınırlı olabilir.",True
EGE_2021_04_003933,IZLE,ESKIDEN_ORMAN_DEGIL|DIK_YAMAC,,,prediction_status=low_severity,"İzle, müdahale etme. Yangın bu kareyi ağır yakmamış (düşük şiddet, dNBR 0,16).","Model bu rejimde tahmin üretmiyor. Kendi toparlanması bekleniyor, müdahale listesine alınmıyor. Yangın öncesi örtü otlak ve çalılık idi; orman kurma değil, mevcut örtünün onarımı düşünülmeli. Eğim 30,8° ile yüksek; makineli çalışma sınırlı olabilir.",True
EGE_2021_04_003934,IZLE,DIK_YAMAC,,,prediction_status=low_severity,"İzle, müdahale etme. Yangın bu kareyi ağır yakmamış (düşük şiddet, dNBR 0,19).","Model bu rejimde tahmin üretmiyor. Kendi toparlanması bekleniyor, müdahale listesine alınmıyor. Eğim 26,2° ile yüksek; makineli çalışma sınırlı olabilir.",True
EGE_2021_04_003935,IZLE,,,,prediction_status=low_severity,"İzle, müdahale etme. Yangın bu kareyi ağır yakmamış (düşük şiddet, dNBR 0,18).","Model bu rejimde tahmin üretmiyor. Kendi toparlanması bekleniyor, müdahale listesine alınmıyor.",True
EGE_2021_04_003939,IZLE,ESKIDEN_ORMAN_DEGIL,,,prediction_status=low_severity,"İzle, müdahale etme. Yangın bu kareyi ağır yakmamış (düşük şiddet, dNBR 0,14).","Model bu rejimde tahmin üretmiyor. Kendi toparlanması bekleniyor, müdahale listesine alınmıyor. Yangın öncesi örtü otlak ve çalılık idi; orman kurma değil, mevcut örtünün onarımı düşünülmeli.",True
EGE_2021_04_003940,IZLE,ESKIDEN_ORMAN_DEGIL,,,prediction_status=low_severity,"İzle, müdahale etme. Yangın bu kareyi ağır yakmamış (düşük şiddet, dNBR 0,21).","Model bu rejimde tahmin üretmiyor. Kendi toparlanması bekleniyor, müdahale listesine alınmıyor. Yangın öncesi örtü otlak ve çalılık idi; orman kurma değil, mevcut örtünün onarımı düşünülmeli.",True
EGE_2021_04_003941,EROZYON_ONCE,ERISIM_ZOR|ESKIDEN_ORMAN_DEGIL,0.2964,"maki türleri, kermes meşesi",toparlanma=0.30 egim=25.6>=25 <0.35,"Önce erozyon kontrolü. Toparlanma tahmini zayıf ve eğim 25,6° — dikimden önce toprak tutma önlemi gerekiyor.","Modelin tahminine göre yangın öncesi örtünün ancak %30 kadarı iki yılda geri gelecek. Dik yamaçta çıplak toprak ilk sağanakta taşınır; stabilizasyon yapılmadan yapılan dikim de birlikte gider. En yakın yol 2,15 km — erişim ve lojistik bu karede belirleyici olacak. Yangın öncesi örtü otlak ve çalılık idi; orman kurma değil, mevcut örtünün onarımı düşünülmeli. Yetişme ortamı: Ege kuşağı, 1307 m, dik yamaç (25°+). Bu koşullar için önerilen türler: maki türleri, kermes meşesi. Tür önerisi sistemin çıkarımı değil, dışarıdan verilen tablodan okunmuştur. Tablo: ÖRNEK TABLO — OGM tür-yetişme ortamı rehberi ile değiştirilecek",True
EGE_2021_04_003942,IZLE,ERISIM_ZOR,,,prediction_status=low_severity,"İzle, müdahale etme. Yangın bu kareyi ağır yakmamış (düşük şiddet, dNBR 0,23).","Model bu rejimde tahmin üretmiyor. Kendi toparlanması bekleniyor, müdahale listesine alınmıyor. En yakın yol 2,38 km — erişim ve lojistik bu karede belirleyici olacak.",True
EGE_2021_04_003943,IZLE,ERISIM_ZOR|DIK_YAMAC,,,prediction_status=low_severity,"İzle, müdahale etme. Yangın bu kareyi ağır yakmamış (düşük şiddet, dNBR 0,13).","Model bu rejimde tahmin üretmiyor. Kendi toparlanması bekleniyor, müdahale listesine alınmıyor. En yakın yol 2,61 km — erişim ve lojistik bu karede belirleyici olacak. Eğim 26,3° ile yüksek; makineli çalışma sınırlı olabilir.",True
EGE_2021_04_003944,IZLE,ERISIM_ZOR,,,prediction_status=low_severity,"İzle, müdahale etme. Yangın bu kareyi ağır yakmamış (düşük şiddet, dNBR 0,13).","Model bu rejimde tahmin üretmiyor. Kendi toparlanması bekleniyor, müdahale listesine alınmıyor. En yakın yol 2,85 km — erişim ve lojistik bu karede belirleyici olacak.",True
EGE_2021_04_003945,IZLE,ERISIM_ZOR,,,prediction_status=low_severity,"İzle, müdahale etme. Yangın bu kareyi ağır yakmamış (düşük şiddet, dNBR 0,15).","Model bu rejimde tahmin üretmiyor. Kendi toparlanması bekleniyor, müdahale listesine alınmıyor. En yakın yol 3,09 km — erişim ve lojistik bu karede belirleyici olacak.",True
EGE_2021_04_003946,GENCLESME_IZLE,ERISIM_ZOR,0.5422,,toparlanma=0.54 >=0.50,Doğal gençleşmeyi izle. Doğal toparlanma yeterli görünüyor.,"Modelin tahminine göre yangın öncesi örtünün %54 kadarı iki yılda geri geliyor — bu yangınlarda ölçtüğümüz tipik toparlanmanın üstünde. Müdahale yerine izleme öneriliyor; kaynak daha zayıf karelere ayrılmalı. En yakın yol 3,30 km — erişim ve lojistik bu karede belirleyici olacak.",True
EGE_2021_04_003947,ONCELIGE_GORE,ERISIM_ZOR,0.3586,,toparlanma=0.36 0.35..0.50,Öncelik sırasına göre değerlendir. Kısmi toparlanma bekleniyor; müdahale kararı bütçeye ve sıraya bağlı.,"Modelin tahminine göre yangın öncesi örtünün %36 kadarı iki yılda geri gelecek. Ne kendi kapanacak kadar iyi ne de acil müdahale gerektirecek kadar kötü — öncelik skoru bu kareyi sıranın neresine koyduğuna bakın. En yakın yol 3,24 km — erişim ve lojistik bu karede belirleyici olacak.",True
EGE_2021_04_003948,IZLE,ERISIM_ZOR,,,prediction_status=low_severity,"İzle, müdahale etme. Yangın bu kareyi ağır yakmamış (düşük şiddet, dNBR 0,17).","Model bu rejimde tahmin üretmiyor. Kendi toparlanması bekleniyor, müdahale listesine alınmıyor. En yakın yol 3,21 km — erişim ve lojistik bu karede belirleyici olacak.",True
EGE_2021_04_003949,IZLE,ERISIM_ZOR,,,prediction_status=low_severity,"İzle, müdahale etme. Yangın bu kareyi ağır yakmamış (düşük şiddet, dNBR 0,26).","Model bu rejimde tahmin üretmiyor. Kendi toparlanması bekleniyor, müdahale listesine alınmıyor. En yakın yol 3,19 km — erişim ve lojistik bu karede belirleyici olacak.",True
EGE_2021_04_003951,IZLE,ERISIM_ZOR|DIK_YAMAC,,,prediction_status=low_severity,"İzle, müdahale etme. Yangın bu kareyi ağır yakmamış (düşük şiddet, dNBR 0,22).","Model bu rejimde tahmin üretmiyor. Kendi toparlanması bekleniyor, müdahale listesine alınmıyor. En yakın yol 2,88 km — erişim ve lojistik bu karede belirleyici olacak. Eğim 38,9° ile yüksek; makineli çalışma sınırlı olabilir.",True
EGE_2021_04_003952,IZLE,ERISIM_ZOR|DIK_YAMAC,,,prediction_status=low_severity,"İzle, müdahale etme. Yangın bu kareyi ağır yakmamış (düşük şiddet, dNBR 0,15).","Model bu rejimde tahmin üretmiyor. Kendi toparlanması bekleniyor, müdahale listesine alınmıyor. En yakın yol 2,64 km — erişim ve lojistik bu karede belirleyici olacak. Eğim 35,0° ile yüksek; makineli çalışma sınırlı olabilir.",True
EGE_2021_04_003954,IZLE,ERISIM_ZOR|DIK_YAMAC,,,prediction_status=low_severity,"İzle, müdahale etme. Yangın bu kareyi ağır yakmamış (düşük şiddet, dNBR 0,13).","Model bu rejimde tahmin üretmiyor. Kendi toparlanması bekleniyor, müdahale listesine alınmıyor. En yakın yol 2,19 km — erişim ve lojistik bu karede belirleyici olacak. Eğim 42,4° ile yüksek; makineli çalışma sınırlı olabilir.",True
EGE_2021_04_003956,IZLE,,,,prediction_status=low_severity,"İzle, müdahale etme. Yangın bu kareyi ağır yakmamış (düşük şiddet, dNBR 0,15).","Model bu rejimde tahmin üretmiyor. Kendi toparlanması bekleniyor, müdahale listesine alınmıyor.",True
EGE_2021_04_003967,IZLE,ESKIDEN_ORMAN_DEGIL,,,prediction_status=low_severity,"İzle, müdahale etme. Yangın bu kareyi ağır yakmamış (düşük şiddet, dNBR 0,17).","Model bu rejimde tahmin üretmiyor. Kendi toparlanması bekleniyor, müdahale listesine alınmıyor. Yangın öncesi örtü otlak ve çalılık idi; orman kurma değil, mevcut örtünün onarımı düşünülmeli.",True
EGE_2021_04_003968,IZLE,ESKIDEN_ORMAN_DEGIL,,,prediction_status=low_severity,"İzle, müdahale etme. Yangın bu kareyi ağır yakmamış (düşük şiddet, dNBR 0,20).","Model bu rejimde tahmin üretmiyor. Kendi toparlanması bekleniyor, müdahale listesine alınmıyor. Yangın öncesi örtü otlak ve çalılık idi; orman kurma değil, mevcut örtünün onarımı düşünülmeli.",True
EGE_2021_04_003969,IZLE,,,,prediction_status=low_severity,"İzle, müdahale etme. Yangın bu kareyi ağır yakmamış (düşük şiddet, dNBR 0,17).","Model bu rejimde tahmin üretmiyor. Kendi toparlanması bekleniyor, müdahale listesine alınmıyor.",True
EGE_2021_04_003970,ONCELIGE_GORE,DIK_YAMAC,0.3618,,toparlanma=0.36 0.35..0.50,Öncelik sırasına göre değerlendir. Kısmi toparlanma bekleniyor; müdahale kararı bütçeye ve sıraya bağlı.,"Modelin tahminine göre yangın öncesi örtünün %36 kadarı iki yılda geri gelecek. Ne kendi kapanacak kadar iyi ne de acil müdahale gerektirecek kadar kötü — öncelik skoru bu kareyi sıranın neresine koyduğuna bakın. Eğim 30,8° ile yüksek; makineli çalışma sınırlı olabilir.",True
EGE_2021_04_003972,IZLE,DIK_YAMAC,,,prediction_status=low_severity,"İzle, müdahale etme. Yangın bu kareyi ağır yakmamış (düşük şiddet, dNBR 0,10).","Model bu rejimde tahmin üretmiyor. Kendi toparlanması bekleniyor, müdahale listesine alınmıyor. Eğim 27,8° ile yüksek; makineli çalışma sınırlı olabilir.",True
EGE_2021_04_003973,IZLE,DIK_YAMAC,,,prediction_status=low_severity,"İzle, müdahale etme. Yangın bu kareyi ağır yakmamış (düşük şiddet, dNBR 0,22).","Model bu rejimde tahmin üretmiyor. Kendi toparlanması bekleniyor, müdahale listesine alınmıyor. Eğim 25,3° ile yüksek; makineli çalışma sınırlı olabilir.",True
EGE_2021_04_003974,IZLE,,,,prediction_status=low_severity,"İzle, müdahale etme. Yangın bu kareyi ağır yakmamış (düşük şiddet, dNBR 0,17).","Model bu rejimde tahmin üretmiyor. Kendi toparlanması bekleniyor, müdahale listesine alınmıyor.",True
EGE_2021_04_004038,IZLE,,,,prediction_status=low_severity,"İzle, müdahale etme. Yangın bu kareyi ağır yakmamış (düşük şiddet, dNBR 0,16).","Model bu rejimde tahmin üretmiyor. Kendi toparlanması bekleniyor, müdahale listesine alınmıyor.",True
EGE_2021_04_004042,IZLE,ESKIDEN_ORMAN_DEGIL|DIK_YAMAC,,,prediction_status=low_severity,"İzle, müdahale etme. Yangın bu kareyi ağır yakmamış (düşük şiddet, dNBR 0,13).","Model bu rejimde tahmin üretmiyor. Kendi toparlanması bekleniyor, müdahale listesine alınmıyor. Yangın öncesi örtü otlak ve çalılık idi; orman kurma değil, mevcut örtünün onarımı düşünülmeli. Eğim 33,5° ile yüksek; makineli çalışma sınırlı olabilir.",True
EGE_2021_04_004043,IZLE,DIK_YAMAC,,,prediction_status=low_severity,"İzle, müdahale etme. Yangın bu kareyi ağır yakmamış (düşük şiddet, dNBR 0,26).","Model bu rejimde tahmin üretmiyor. Kendi toparlanması bekleniyor, müdahale listesine alınmıyor. Eğim 32,9° ile yüksek; makineli çalışma sınırlı olabilir.",True
EGE_2021_04_004044,IZLE,DIK_YAMAC,,,prediction_status=low_severity,"İzle, müdahale etme. Yangın bu kareyi ağır yakmamış (düşük şiddet, dNBR 0,26).","Model bu rejimde tahmin üretmiyor. Kendi toparlanması bekleniyor, müdahale listesine alınmıyor. Eğim 26,7° ile yüksek; makineli çalışma sınırlı olabilir.",True
EGE_2021_04_004045,IZLE,DIK_YAMAC,,,prediction_status=low_severity,"İzle, müdahale etme. Yangın bu kareyi ağır yakmamış (düşük şiddet, dNBR 0,11).","Model bu rejimde tahmin üretmiyor. Kendi toparlanması bekleniyor, müdahale listesine alınmıyor. Eğim 25,3° ile yüksek; makineli çalışma sınırlı olabilir.",True
EGE_2021_04_004048,IZLE,ERISIM_ZOR,,,prediction_status=low_severity,"İzle, müdahale etme. Yangın bu kareyi ağır yakmamış (düşük şiddet, dNBR 0,12).","Model bu rejimde tahmin üretmiyor. Kendi toparlanması bekleniyor, müdahale listesine alınmıyor. En yakın yol 2,04 km — erişim ve lojistik bu karede belirleyici olacak.",True
EGE_2021_04_004049,IZLE,ERISIM_ZOR,,,prediction_status=low_severity,"İzle, müdahale etme. Yangın bu kareyi ağır yakmamış (düşük şiddet, dNBR 0,21).","Model bu rejimde tahmin üretmiyor. Kendi toparlanması bekleniyor, müdahale listesine alınmıyor. En yakın yol 2,26 km — erişim ve lojistik bu karede belirleyici olacak.",True
EGE_2021_04_004050,IZLE,ERISIM_ZOR,,,prediction_status=low_severity,"İzle, müdahale etme. Yangın bu kareyi ağır yakmamış (düşük şiddet, dNBR 0,16).","Model bu rejimde tahmin üretmiyor. Kendi toparlanması bekleniyor, müdahale listesine alınmıyor. En yakın yol 2,48 km — erişim ve lojistik bu karede belirleyici olacak.",True
EGE_2021_04_004051,IZLE,ERISIM_ZOR,,,prediction_status=low_severity,"İzle, müdahale etme. Yangın bu kareyi ağır yakmamış (düşük şiddet, dNBR 0,17).","Model bu rejimde tahmin üretmiyor. Kendi toparlanması bekleniyor, müdahale listesine alınmıyor. En yakın yol 2,70 km — erişim ve lojistik bu karede belirleyici olacak.",True
EGE_2021_04_004052,IZLE,ERISIM_ZOR,,,prediction_status=low_severity,"İzle, müdahale etme. Yangın bu kareyi ağır yakmamış (düşük şiddet, dNBR 0,12).","Model bu rejimde tahmin üretmiyor. Kendi toparlanması bekleniyor, müdahale listesine alınmıyor. En yakın yol 2,93 km — erişim ve lojistik bu karede belirleyici olacak.",True
EGE_2021_04_004053,IZLE,ERISIM_ZOR,,,prediction_status=low_severity,"İzle, müdahale etme. Yangın bu kareyi ağır yakmamış (düşük şiddet, dNBR 0,12).","Model bu rejimde tahmin üretmiyor. Kendi toparlanması bekleniyor, müdahale listesine alınmıyor. En yakın yol 3,17 km — erişim ve lojistik bu karede belirleyici olacak.",True
EGE_2021_04_004054,ONCELIGE_GORE,ERISIM_ZOR,0.4147,,toparlanma=0.41 0.35..0.50,Öncelik sırasına göre değerlendir. Kısmi toparlanma bekleniyor; müdahale kararı bütçeye ve sıraya bağlı.,"Modelin tahminine göre yangın öncesi örtünün %41 kadarı iki yılda geri gelecek. Ne kendi kapanacak kadar iyi ne de acil müdahale gerektirecek kadar kötü — öncelik skoru bu kareyi sıranın neresine koyduğuna bakın. En yakın yol 3,40 km — erişim ve lojistik bu karede belirleyici olacak.",True
EGE_2021_04_004055,IZLE,ERISIM_ZOR,,,prediction_status=low_severity,"İzle, müdahale etme. Yangın bu kareyi ağır yakmamış (düşük şiddet, dNBR 0,21).","Model bu rejimde tahmin üretmiyor. Kendi toparlanması bekleniyor, müdahale listesine alınmıyor. En yakın yol 3,49 km — erişim ve lojistik bu karede belirleyici olacak.",True
EGE_2021_04_004056,IZLE,ERISIM_ZOR|DIK_YAMAC,,,prediction_status=low_severity,"İzle, müdahale etme. Yangın bu kareyi ağır yakmamış (düşük şiddet, dNBR 0,12).","Model bu rejimde tahmin üretmiyor. Kendi toparlanması bekleniyor, müdahale listesine alınmıyor. En yakın yol 3,45 km — erişim ve lojistik bu karede belirleyici olacak. Eğim 25,9° ile yüksek; makineli çalışma sınırlı olabilir.",True
EGE_2021_04_004057,IZLE,ERISIM_ZOR|DIK_YAMAC,,,prediction_status=low_severity,"İzle, müdahale etme. Yangın bu kareyi ağır yakmamış (düşük şiddet, dNBR 0,18).","Model bu rejimde tahmin üretmiyor. Kendi toparlanması bekleniyor, müdahale listesine alınmıyor. En yakın yol 3,43 km — erişim ve lojistik bu karede belirleyici olacak. Eğim 41,3° ile yüksek; makineli çalışma sınırlı olabilir.",True
EGE_2021_04_004058,IZLE,ERISIM_ZOR|DIK_YAMAC,,,prediction_status=low_severity,"İzle, müdahale etme. Yangın bu kareyi ağır yakmamış (düşük şiddet, dNBR 0,22).","Model bu rejimde tahmin üretmiyor. Kendi toparlanması bekleniyor, müdahale listesine alınmıyor. En yakın yol 3,20 km — erişim ve lojistik bu karede belirleyici olacak. Eğim 44,4° ile yüksek; makineli çalışma sınırlı olabilir.",True
EGE_2021_04_004059,EROZYON_ONCE,ERISIM_ZOR,0.2065,"karaçam, sedir",toparlanma=0.21 egim=37.7>=25 <0.35,"Önce erozyon kontrolü. Toparlanma tahmini zayıf ve eğim 37,7° — dikimden önce toprak tutma önlemi gerekiyor.","Modelin tahminine göre yangın öncesi örtünün ancak %21 kadarı iki yılda geri gelecek. Dik yamaçta çıplak toprak ilk sağanakta taşınır; stabilizasyon yapılmadan yapılan dikim de birlikte gider. En yakın yol 2,97 km — erişim ve lojistik bu karede belirleyici olacak. Yetişme ortamı: Ege kuşağı, 906 m, dik yamaç (25°+). Bu koşullar için önerilen türler: karaçam, sedir. Tür önerisi sistemin çıkarımı değil, dışarıdan verilen tablodan okunmuştur. Tablo: ÖRNEK TABLO — OGM tür-yetişme ortamı rehberi ile değiştirilecek",True
EGE_2021_04_004060,IZLE,ERISIM_ZOR|DIK_YAMAC,,,prediction_status=low_severity,"İzle, müdahale etme. Yangın bu kareyi ağır yakmamış (düşük şiddet, dNBR 0,23).","Model bu rejimde tahmin üretmiyor. Kendi toparlanması bekleniyor, müdahale listesine alınmıyor. En yakın yol 2,75 km — erişim ve lojistik bu karede belirleyici olacak. Eğim 27,3° ile yüksek; makineli çalışma sınırlı olabilir.",True
EGE_2021_04_004076,IZLE,ESKIDEN_ORMAN_DEGIL,,,prediction_status=low_severity,"İzle, müdahale etme. Yangın bu kareyi ağır yakmamış (düşük şiddet, dNBR 0,14).","Model bu rejimde tahmin üretmiyor. Kendi toparlanması bekleniyor, müdahale listesine alınmıyor. Yangın öncesi örtü otlak ve çalılık idi; orman kurma değil, mevcut örtünün onarımı düşünülmeli.",True
EGE_2021_04_004078,IZLE,,,,prediction_status=low_severity,"İzle, müdahale etme. Yangın bu kareyi ağır yakmamış (düşük şiddet, dNBR 0,23).","Model bu rejimde tahmin üretmiyor. Kendi toparlanması bekleniyor, müdahale listesine alınmıyor.",True
EGE_2021_04_004079,IZLE,DIK_YAMAC,,,prediction_status=low_severity,"İzle, müdahale etme. Yangın bu kareyi ağır yakmamış (düşük şiddet, dNBR 0,25).","Model bu rejimde tahmin üretmiyor. Kendi toparlanması bekleniyor, müdahale listesine alınmıyor. Eğim 26,4° ile yüksek; makineli çalışma sınırlı olabilir.",True
EGE_2021_04_004080,IZLE,DIK_YAMAC,,,prediction_status=low_severity,"İzle, müdahale etme. Yangın bu kareyi ağır yakmamış (düşük şiddet, dNBR 0,11).","Model bu rejimde tahmin üretmiyor. Kendi toparlanması bekleniyor, müdahale listesine alınmıyor. Eğim 34,5° ile yüksek; makineli çalışma sınırlı olabilir.",True
EGE_2021_04_004081,IZLE,DIK_YAMAC,,,prediction_status=low_severity,"İzle, müdahale etme. Yangın bu kareyi ağır yakmamış (düşük şiddet, dNBR 0,16).","Model bu rejimde tahmin üretmiyor. Kendi toparlanması bekleniyor, müdahale listesine alınmıyor. Eğim 30,5° ile yüksek; makineli çalışma sınırlı olabilir.",True
EGE_2021_04_004146,IZLE,DIK_YAMAC,,,prediction_status=low_severity,"İzle, müdahale etme. Yangın bu kareyi ağır yakmamış (düşük şiddet, dNBR 0,15).","Model bu rejimde tahmin üretmiyor. Kendi toparlanması bekleniyor, müdahale listesine alınmıyor. Eğim 25,0° ile yüksek; makineli çalışma sınırlı olabilir.",True
EGE_2021_04_004148,IZLE,ESKIDEN_ORMAN_DEGIL|DIK_YAMAC,,,prediction_status=low_severity,"İzle, müdahale etme. Yangın bu kareyi ağır yakmamış (düşük şiddet, dNBR 0,15).","Model bu rejimde tahmin üretmiyor. Kendi toparlanması bekleniyor, müdahale listesine alınmıyor. Yangın öncesi örtü otlak ve çalılık idi; orman kurma değil, mevcut örtünün onarımı düşünülmeli. Eğim 29,5° ile yüksek; makineli çalışma sınırlı olabilir.",True
EGE_2021_04_004149,IZLE,ESKIDEN_ORMAN_DEGIL|DIK_YAMAC,,,prediction_status=low_severity,"İzle, müdahale etme. Yangın bu kareyi ağır yakmamış (düşük şiddet, dNBR 0,17).","Model bu rejimde tahmin üretmiyor. Kendi toparlanması bekleniyor, müdahale listesine alınmıyor. Yangın öncesi örtü otlak ve çalılık idi; orman kurma değil, mevcut örtünün onarımı düşünülmeli. Eğim 28,0° ile yüksek; makineli çalışma sınırlı olabilir.",True
EGE_2021_04_004150,IZLE,ESKIDEN_ORMAN_DEGIL|DIK_YAMAC,,,prediction_status=low_severity,"İzle, müdahale etme. Yangın bu kareyi ağır yakmamış (düşük şiddet, dNBR 0,12).","Model bu rejimde tahmin üretmiyor. Kendi toparlanması bekleniyor, müdahale listesine alınmıyor. Yangın öncesi örtü otlak ve çalılık idi; orman kurma değil, mevcut örtünün onarımı düşünülmeli. Eğim 31,0° ile yüksek; makineli çalışma sınırlı olabilir.",True
EGE_2021_04_004151,IZLE,ESKIDEN_ORMAN_DEGIL|DIK_YAMAC,,,prediction_status=low_severity,"İzle, müdahale etme. Yangın bu kareyi ağır yakmamış (düşük şiddet, dNBR 0,19).","Model bu rejimde tahmin üretmiyor. Kendi toparlanması bekleniyor, müdahale listesine alınmıyor. Yangın öncesi örtü otlak ve çalılık idi; orman kurma değil, mevcut örtünün onarımı düşünülmeli. Eğim 29,8° ile yüksek; makineli çalışma sınırlı olabilir.",True
EGE_2021_04_004152,EROZYON_ONCE,,0.1592,"sedir, ardıç",toparlanma=0.16 egim=29.5>=25 <0.35,"Önce erozyon kontrolü. Toparlanma tahmini zayıf ve eğim 29,5° — dikimden önce toprak tutma önlemi gerekiyor.","Modelin tahminine göre yangın öncesi örtünün ancak %16 kadarı iki yılda geri gelecek. Dik yamaçta çıplak toprak ilk sağanakta taşınır; stabilizasyon yapılmadan yapılan dikim de birlikte gider. Yetişme ortamı: Ege kuşağı, 1654 m, dik yamaç (25°+). Bu koşullar için önerilen türler: sedir, ardıç. Tür önerisi sistemin çıkarımı değil, dışarıdan verilen tablodan okunmuştur. Tablo: ÖRNEK TABLO — OGM tür-yetişme ortamı rehberi ile değiştirilecek",True
EGE_2021_04_004153,IZLE,,,,prediction_status=low_severity,"İzle, müdahale etme. Yangın bu kareyi ağır yakmamış (düşük şiddet, dNBR 0,23).","Model bu rejimde tahmin üretmiyor. Kendi toparlanması bekleniyor, müdahale listesine alınmıyor.",True
EGE_2021_04_004156,IZLE,ERISIM_ZOR,,,prediction_status=low_severity,"İzle, müdahale etme. Yangın bu kareyi ağır yakmamış (düşük şiddet, dNBR 0,11).","Model bu rejimde tahmin üretmiyor. Kendi toparlanması bekleniyor, müdahale listesine alınmıyor. En yakın yol 2,18 km — erişim ve lojistik bu karede belirleyici olacak.",True
EGE_2021_04_004157,IZLE,ERISIM_ZOR,,,prediction_status=low_severity,"İzle, müdahale etme. Yangın bu kareyi ağır yakmamış (düşük şiddet, dNBR 0,20).","Model bu rejimde tahmin üretmiyor. Kendi toparlanması bekleniyor, müdahale listesine alınmıyor. En yakın yol 2,39 km — erişim ve lojistik bu karede belirleyici olacak.",True
EGE_2021_04_004158,IZLE,ERISIM_ZOR,,,prediction_status=low_severity,"İzle, müdahale etme. Yangın bu kareyi ağır yakmamış (düşük şiddet, dNBR 0,16).","Model bu rejimde tahmin üretmiyor. Kendi toparlanması bekleniyor, müdahale listesine alınmıyor. En yakın yol 2,60 km — erişim ve lojistik bu karede belirleyici olacak.",True
EGE_2021_04_004160,IZLE,ERISIM_ZOR|DIK_YAMAC,,,prediction_status=low_severity,"İzle, müdahale etme. Yangın bu kareyi ağır yakmamış (düşük şiddet, dNBR 0,11).","Model bu rejimde tahmin üretmiyor. Kendi toparlanması bekleniyor, müdahale listesine alınmıyor. En yakın yol 3,04 km — erişim ve lojistik bu karede belirleyici olacak. Eğim 28,2° ile yüksek; makineli çalışma sınırlı olabilir.",True
EGE_2021_04_004161,IZLE,ERISIM_ZOR|DIK_YAMAC,,,prediction_status=low_severity,"İzle, müdahale etme. Yangın bu kareyi ağır yakmamış (düşük şiddet, dNBR 0,21).","Model bu rejimde tahmin üretmiyor. Kendi toparlanması bekleniyor, müdahale listesine alınmıyor. En yakın yol 3,26 km — erişim ve lojistik bu karede belirleyici olacak. Eğim 34,8° ile yüksek; makineli çalışma sınırlı olabilir.",True
EGE_2021_04_004163,IZLE,ERISIM_ZOR|DIK_YAMAC,,,prediction_status=low_severity,"İzle, müdahale etme. Yangın bu kareyi ağır yakmamış (düşük şiddet, dNBR 0,12).","Model bu rejimde tahmin üretmiyor. Kendi toparlanması bekleniyor, müdahale listesine alınmıyor. En yakın yol 3,72 km — erişim ve lojistik bu karede belirleyici olacak. Eğim 41,4° ile yüksek; makineli çalışma sınırlı olabilir.",True
EGE_2021_04_004164,IZLE,ERISIM_ZOR|DIK_YAMAC,,,prediction_status=low_severity,"İzle, müdahale etme. Yangın bu kareyi ağır yakmamış (düşük şiddet, dNBR 0,12).","Model bu rejimde tahmin üretmiyor. Kendi toparlanması bekleniyor, müdahale listesine alınmıyor. En yakın yol 3,70 km — erişim ve lojistik bu karede belirleyici olacak. Eğim 37,7° ile yüksek; makineli çalışma sınırlı olabilir.",True
EGE_2021_04_004165,IZLE,ERISIM_ZOR|DIK_YAMAC,,,prediction_status=low_severity,"İzle, müdahale etme. Yangın bu kareyi ağır yakmamış (düşük şiddet, dNBR 0,26).","Model bu rejimde tahmin üretmiyor. Kendi toparlanması bekleniyor, müdahale listesine alınmıyor. En yakın yol 3,53 km — erişim ve lojistik bu karede belirleyici olacak. Eğim 41,3° ile yüksek; makineli çalışma sınırlı olabilir.",True
EGE_2021_04_004166,EROZYON_ONCE,ERISIM_ZOR|AGIR_YANMIS,0.2163,"karaçam, sedir",toparlanma=0.22 egim=31.3>=25 <0.35,"Önce erozyon kontrolü. Toparlanma tahmini zayıf ve eğim 31,3° — dikimden önce toprak tutma önlemi gerekiyor.","Modelin tahminine göre yangın öncesi örtünün ancak %22 kadarı iki yılda geri gelecek. Dik yamaçta çıplak toprak ilk sağanakta taşınır; stabilizasyon yapılmadan yapılan dikim de birlikte gider. En yakın yol 3,31 km — erişim ve lojistik bu karede belirleyici olacak. Yangın orta-yüksek şiddet sınıfında (dNBR 0,54); toprak yüzeyi büyük olasılıkla açıkta. Yetişme ortamı: Ege kuşağı, 891 m, dik yamaç (25°+). Bu koşullar için önerilen türler: karaçam, sedir. Tür önerisi sistemin çıkarımı değil, dışarıdan verilen tablodan okunmuştur. Tablo: ÖRNEK TABLO — OGM tür-yetişme ortamı rehberi ile değiştirilecek",True
EGE_2021_04_004167,EROZYON_ONCE,ERISIM_ZOR|AGIR_YANMIS,0.2814,"karaçam, sedir",toparlanma=0.28 egim=29.8>=25 <0.35,"Önce erozyon kontrolü. Toparlanma tahmini zayıf ve eğim 29,8° — dikimden önce toprak tutma önlemi gerekiyor.","Modelin tahminine göre yangın öncesi örtünün ancak %28 kadarı iki yılda geri gelecek. Dik yamaçta çıplak toprak ilk sağanakta taşınır; stabilizasyon yapılmadan yapılan dikim de birlikte gider. En yakın yol 3,08 km — erişim ve lojistik bu karede belirleyici olacak. Yangın orta-yüksek şiddet sınıfında (dNBR 0,48); toprak yüzeyi büyük olasılıkla açıkta. Yetişme ortamı: Ege kuşağı, 806 m, dik yamaç (25°+). Bu koşullar için önerilen türler: karaçam, sedir. Tür önerisi sistemin çıkarımı değil, dışarıdan verilen tablodan okunmuştur. Tablo: ÖRNEK TABLO — OGM tür-yetişme ortamı rehberi ile değiştirilecek",True
EGE_2021_04_004168,IZLE,ERISIM_ZOR,,,prediction_status=low_severity,"İzle, müdahale etme. Yangın bu kareyi ağır yakmamış (düşük şiddet, dNBR 0,14).","Model bu rejimde tahmin üretmiyor. Kendi toparlanması bekleniyor, müdahale listesine alınmıyor. En yakın yol 2,87 km — erişim ve lojistik bu karede belirleyici olacak.",True
EGE_2021_04_004171,IZLE,ERISIM_ZOR,,,prediction_status=low_severity,"İzle, müdahale etme. Yangın bu kareyi ağır yakmamış (düşük şiddet, dNBR 0,17).","Model bu rejimde tahmin üretmiyor. Kendi toparlanması bekleniyor, müdahale listesine alınmıyor. En yakın yol 2,26 km — erişim ve lojistik bu karede belirleyici olacak.",True
EGE_2021_04_004172,IZLE,ERISIM_ZOR,,,prediction_status=low_severity,"İzle, müdahale etme. Yangın bu kareyi ağır yakmamış (düşük şiddet, dNBR 0,17).","Model bu rejimde tahmin üretmiyor. Kendi toparlanması bekleniyor, müdahale listesine alınmıyor. En yakın yol 2,08 km — erişim ve lojistik bu karede belirleyici olacak.",True
EGE_2021_04_004185,IZLE,,,,prediction_status=low_severity,"İzle, müdahale etme. Yangın bu kareyi ağır yakmamış (düşük şiddet, dNBR 0,13).","Model bu rejimde tahmin üretmiyor. Kendi toparlanması bekleniyor, müdahale listesine alınmıyor.",True
EGE_2021_04_004186,DIKIM_ADAYI,AGIR_YANMIS,0.3395,"karaçam, sedir",toparlanma=0.34 <0.35,"Aktif dikim adayı. Doğal toparlanma zayıf kalıyor, eğim (13,1°) dikime elverişli.","Modelin tahminine göre yangın öncesi örtünün ancak %34 kadarı iki yılda geri gelecek — kendi başına kapanmayacak bir açık var. Yangın orta-yüksek şiddet sınıfında (dNBR 0,48); toprak yüzeyi büyük olasılıkla açıkta. Yetişme ortamı: Ege kuşağı, 1282 m, orta eğimli (10–25°). Bu koşullar için önerilen türler: karaçam, sedir. Tür önerisi sistemin çıkarımı değil, dışarıdan verilen tablodan okunmuştur. Tablo: ÖRNEK TABLO — OGM tür-yetişme ortamı rehberi ile değiştirilecek",True
EGE_2021_04_004187,DIKIM_ADAYI,,0.3159,"karaçam, sedir",toparlanma=0.32 <0.35,"Aktif dikim adayı. Doğal toparlanma zayıf kalıyor, eğim (22,8°) dikime elverişli.","Modelin tahminine göre yangın öncesi örtünün ancak %32 kadarı iki yılda geri gelecek — kendi başına kapanmayacak bir açık var. Yetişme ortamı: Ege kuşağı, 1209 m, orta eğimli (10–25°). Bu koşullar için önerilen türler: karaçam, sedir. Tür önerisi sistemin çıkarımı değil, dışarıdan verilen tablodan okunmuştur. Tablo: ÖRNEK TABLO — OGM tür-yetişme ortamı rehberi ile değiştirilecek",True
EGE_2021_04_004188,IZLE,DIK_YAMAC,,,prediction_status=low_severity,"İzle, müdahale etme. Yangın bu kareyi ağır yakmamış (düşük şiddet, dNBR 0,17).","Model bu rejimde tahmin üretmiyor. Kendi toparlanması bekleniyor, müdahale listesine alınmıyor. Eğim 28,5° ile yüksek; makineli çalışma sınırlı olabilir.",True
EGE_2021_04_004189,IZLE,DIK_YAMAC,,,prediction_status=low_severity,"İzle, müdahale etme. Yangın bu kareyi ağır yakmamış (düşük şiddet, dNBR 0,12).","Model bu rejimde tahmin üretmiyor. Kendi toparlanması bekleniyor, müdahale listesine alınmıyor. Eğim 25,8° ile yüksek; makineli çalışma sınırlı olabilir.",True
EGE_2021_04_004250,IZLE,,,,prediction_status=low_severity,"İzle, müdahale etme. Yangın bu kareyi ağır yakmamış (düşük şiddet, dNBR 0,11).","Model bu rejimde tahmin üretmiyor. Kendi toparlanması bekleniyor, müdahale listesine alınmıyor.",True
EGE_2021_04_004252,IZLE,ERISIM_ZOR,,,prediction_status=low_severity,"İzle, müdahale etme. Yangın bu kareyi ağır yakmamış (düşük şiddet, dNBR 0,14).","Model bu rejimde tahmin üretmiyor. Kendi toparlanması bekleniyor, müdahale listesine alınmıyor. En yakın yol 2,04 km — erişim ve lojistik bu karede belirleyici olacak.",True
EGE_2021_04_004253,IZLE,,,,prediction_status=low_severity,"İzle, müdahale etme. Yangın bu kareyi ağır yakmamış (düşük şiddet, dNBR 0,12).","Model bu rejimde tahmin üretmiyor. Kendi toparlanması bekleniyor, müdahale listesine alınmıyor.",True
EGE_2021_04_004254,IZLE,ESKIDEN_ORMAN_DEGIL|DIK_YAMAC,,,prediction_status=low_severity,"İzle, müdahale etme. Yangın bu kareyi ağır yakmamış (düşük şiddet, dNBR 0,15).","Model bu rejimde tahmin üretmiyor. Kendi toparlanması bekleniyor, müdahale listesine alınmıyor. Yangın öncesi örtü otlak ve çalılık idi; orman kurma değil, mevcut örtünün onarımı düşünülmeli. Eğim 33,8° ile yüksek; makineli çalışma sınırlı olabilir.",True
EGE_2021_04_004256,IZLE,ESKIDEN_ORMAN_DEGIL|DIK_YAMAC,,,prediction_status=low_severity,"İzle, müdahale etme. Yangın bu kareyi ağır yakmamış (düşük şiddet, dNBR 0,19).","Model bu rejimde tahmin üretmiyor. Kendi toparlanması bekleniyor, müdahale listesine alınmıyor. Yangın öncesi örtü otlak ve çalılık idi; orman kurma değil, mevcut örtünün onarımı düşünülmeli. Eğim 25,8° ile yüksek; makineli çalışma sınırlı olabilir.",True
EGE_2021_04_004257,EROZYON_ONCE,ESKIDEN_ORMAN_DEGIL,0.302,"maki türleri, kermes meşesi",toparlanma=0.30 egim=25.6>=25 <0.35,"Önce erozyon kontrolü. Toparlanma tahmini zayıf ve eğim 25,6° — dikimden önce toprak tutma önlemi gerekiyor.","Modelin tahminine göre yangın öncesi örtünün ancak %30 kadarı iki yılda geri gelecek. Dik yamaçta çıplak toprak ilk sağanakta taşınır; stabilizasyon yapılmadan yapılan dikim de birlikte gider. Yangın öncesi örtü otlak ve çalılık idi; orman kurma değil, mevcut örtünün onarımı düşünülmeli. Yetişme ortamı: Ege kuşağı, 1420 m, dik yamaç (25°+). Bu koşullar için önerilen türler: maki türleri, kermes meşesi. Tür önerisi sistemin çıkarımı değil, dışarıdan verilen tablodan okunmuştur. Tablo: ÖRNEK TABLO — OGM tür-yetişme ortamı rehberi ile değiştirilecek",True
EGE_2021_04_004258,IZLE,ESKIDEN_ORMAN_DEGIL|DIK_YAMAC,,,prediction_status=low_severity,"İzle, müdahale etme. Yangın bu kareyi ağır yakmamış (düşük şiddet, dNBR 0,18).","Model bu rejimde tahmin üretmiyor. Kendi toparlanması bekleniyor, müdahale listesine alınmıyor. Yangın öncesi örtü otlak ve çalılık idi; orman kurma değil, mevcut örtünün onarımı düşünülmeli. Eğim 29,3° ile yüksek; makineli çalışma sınırlı olabilir.",True
EGE_2021_04_004259,IZLE,ESKIDEN_ORMAN_DEGIL|DIK_YAMAC,,,prediction_status=low_severity,"İzle, müdahale etme. Yangın bu kareyi ağır yakmamış (düşük şiddet, dNBR 0,23).","Model bu rejimde tahmin üretmiyor. Kendi toparlanması bekleniyor, müdahale listesine alınmıyor. Yangın öncesi örtü otlak ve çalılık idi; orman kurma değil, mevcut örtünün onarımı düşünülmeli. Eğim 31,8° ile yüksek; makineli çalışma sınırlı olabilir.",True
EGE_2021_04_004260,IZLE,DIK_YAMAC,,,prediction_status=low_severity,"İzle, müdahale etme. Yangın bu kareyi ağır yakmamış (düşük şiddet, dNBR 0,27).","Model bu rejimde tahmin üretmiyor. Kendi toparlanması bekleniyor, müdahale listesine alınmıyor. Eğim 31,0° ile yüksek; makineli çalışma sınırlı olabilir.",True
EGE_2021_04_004261,ONCELIGE_GORE,,0.3753,,toparlanma=0.38 0.35..0.50,Öncelik sırasına göre değerlendir. Kısmi toparlanma bekleniyor; müdahale kararı bütçeye ve sıraya bağlı.,Modelin tahminine göre yangın öncesi örtünün %38 kadarı iki yılda geri gelecek. Ne kendi kapanacak kadar iyi ne de acil müdahale gerektirecek kadar kötü — öncelik skoru bu kareyi sıranın neresine koyduğuna bakın.,True
EGE_2021_04_004269,IZLE,ERISIM_ZOR|ESKIDEN_ORMAN_DEGIL|DIK_YAMAC,,,prediction_status=low_severity,"İzle, müdahale etme. Yangın bu kareyi ağır yakmamış (düşük şiddet, dNBR 0,15).","Model bu rejimde tahmin üretmiyor. Kendi toparlanması bekleniyor, müdahale listesine alınmıyor. En yakın yol 3,37 km — erişim ve lojistik bu karede belirleyici olacak. Yangın öncesi örtü otlak ve çalılık idi; orman kurma değil, mevcut örtünün onarımı düşünülmeli. Eğim 39,8° ile yüksek; makineli çalışma sınırlı olabilir.",True
EGE_2021_04_004270,IZLE,ERISIM_ZOR|ESKIDEN_ORMAN_DEGIL|DIK_YAMAC,,,prediction_status=low_severity,"İzle, müdahale etme. Yangın bu kareyi ağır yakmamış (düşük şiddet, dNBR 0,10).","Model bu rejimde tahmin üretmiyor. Kendi toparlanması bekleniyor, müdahale listesine alınmıyor. En yakın yol 3,60 km — erişim ve lojistik bu karede belirleyici olacak. Yangın öncesi örtü otlak ve çalılık idi; orman kurma değil, mevcut örtünün onarımı düşünülmeli. Eğim 39,5° ile yüksek; makineli çalışma sınırlı olabilir.",True
EGE_2021_04_004273,IZLE,ERISIM_ZOR|DIK_YAMAC,,,prediction_status=low_severity,"İzle, müdahale etme. Yangın bu kareyi ağır yakmamış (düşük şiddet, dNBR 0,21).","Model bu rejimde tahmin üretmiyor. Kendi toparlanması bekleniyor, müdahale listesine alınmıyor. En yakın yol 3,64 km — erişim ve lojistik bu karede belirleyici olacak. Eğim 36,3° ile yüksek; makineli çalışma sınırlı olabilir.",True
EGE_2021_04_004274,EROZYON_ONCE,ERISIM_ZOR,0.3397,"karaçam, sedir",toparlanma=0.34 egim=29.3>=25 <0.35,"Önce erozyon kontrolü. Toparlanma tahmini zayıf ve eğim 29,3° — dikimden önce toprak tutma önlemi gerekiyor.","Modelin tahminine göre yangın öncesi örtünün ancak %34 kadarı iki yılda geri gelecek. Dik yamaçta çıplak toprak ilk sağanakta taşınır; stabilizasyon yapılmadan yapılan dikim de birlikte gider. En yakın yol 3,43 km — erişim ve lojistik bu karede belirleyici olacak. Yetişme ortamı: Ege kuşağı, 843 m, dik yamaç (25°+). Bu koşullar için önerilen türler: karaçam, sedir. Tür önerisi sistemin çıkarımı değil, dışarıdan verilen tablodan okunmuştur. Tablo: ÖRNEK TABLO — OGM tür-yetişme ortamı rehberi ile değiştirilecek",True
EGE_2021_04_004275,ONCELIGE_GORE,ERISIM_ZOR,0.3786,,toparlanma=0.38 0.35..0.50,Öncelik sırasına göre değerlendir. Kısmi toparlanma bekleniyor; müdahale kararı bütçeye ve sıraya bağlı.,"Modelin tahminine göre yangın öncesi örtünün %38 kadarı iki yılda geri gelecek. Ne kendi kapanacak kadar iyi ne de acil müdahale gerektirecek kadar kötü — öncelik skoru bu kareyi sıranın neresine koyduğuna bakın. En yakın yol 3,21 km — erişim ve lojistik bu karede belirleyici olacak.",True
EGE_2021_04_004279,ONCELIGE_GORE,ERISIM_ZOR|DIK_YAMAC,0.4343,,toparlanma=0.43 0.35..0.50,Öncelik sırasına göre değerlendir. Kısmi toparlanma bekleniyor; müdahale kararı bütçeye ve sıraya bağlı.,"Modelin tahminine göre yangın öncesi örtünün %43 kadarı iki yılda geri gelecek. Ne kendi kapanacak kadar iyi ne de acil müdahale gerektirecek kadar kötü — öncelik skoru bu kareyi sıranın neresine koyduğuna bakın. En yakın yol 2,43 km — erişim ve lojistik bu karede belirleyici olacak. Eğim 26,7° ile yüksek; makineli çalışma sınırlı olabilir.",True
EGE_2021_04_004280,IZLE,ERISIM_ZOR,,,prediction_status=low_severity,"İzle, müdahale etme. Yangın bu kareyi ağır yakmamış (orta-düşük şiddet, dNBR 0,36).","Model bu rejimde tahmin üretmiyor. Kendi toparlanması bekleniyor, müdahale listesine alınmıyor. En yakın yol 2,26 km — erişim ve lojistik bu karede belirleyici olacak.",True
EGE_2021_04_004291,IZLE,,,,prediction_status=low_severity,"İzle, müdahale etme. Yangın bu kareyi ağır yakmamış (düşük şiddet, dNBR 0,14).","Model bu rejimde tahmin üretmiyor. Kendi toparlanması bekleniyor, müdahale listesine alınmıyor.",True
EGE_2021_04_004292,IZLE,,,,prediction_status=low_severity,"İzle, müdahale etme. Yangın bu kareyi ağır yakmamış (düşük şiddet, dNBR 0,17).","Model bu rejimde tahmin üretmiyor. Kendi toparlanması bekleniyor, müdahale listesine alınmıyor.",True
EGE_2021_04_004293,IZLE,,,,prediction_status=low_severity,"İzle, müdahale etme. Yangın bu kareyi ağır yakmamış (düşük şiddet, dNBR 0,17).","Model bu rejimde tahmin üretmiyor. Kendi toparlanması bekleniyor, müdahale listesine alınmıyor.",True
EGE_2021_04_004294,DIKIM_ADAYI,AGIR_YANMIS,0.3086,"karaçam, sedir",toparlanma=0.31 <0.35,"Aktif dikim adayı. Doğal toparlanma zayıf kalıyor, eğim (15,6°) dikime elverişli.","Modelin tahminine göre yangın öncesi örtünün ancak %31 kadarı iki yılda geri gelecek — kendi başına kapanmayacak bir açık var. Yangın orta-yüksek şiddet sınıfında (dNBR 0,50); toprak yüzeyi büyük olasılıkla açıkta. Yetişme ortamı: Ege kuşağı, 1290 m, orta eğimli (10–25°). Bu koşullar için önerilen türler: karaçam, sedir. Tür önerisi sistemin çıkarımı değil, dışarıdan verilen tablodan okunmuştur. Tablo: ÖRNEK TABLO — OGM tür-yetişme ortamı rehberi ile değiştirilecek",True
EGE_2021_04_004295,EROZYON_ONCE,,0.2602,"karaçam, sedir",toparlanma=0.26 egim=26.9>=25 <0.35,"Önce erozyon kontrolü. Toparlanma tahmini zayıf ve eğim 26,9° — dikimden önce toprak tutma önlemi gerekiyor.","Modelin tahminine göre yangın öncesi örtünün ancak %26 kadarı iki yılda geri gelecek. Dik yamaçta çıplak toprak ilk sağanakta taşınır; stabilizasyon yapılmadan yapılan dikim de birlikte gider. Yetişme ortamı: Ege kuşağı, 1202 m, dik yamaç (25°+). Bu koşullar için önerilen türler: karaçam, sedir. Tür önerisi sistemin çıkarımı değil, dışarıdan verilen tablodan okunmuştur. Tablo: ÖRNEK TABLO — OGM tür-yetişme ortamı rehberi ile değiştirilecek",True
EGE_2021_04_004296,IZLE,DIK_YAMAC,,,prediction_status=low_severity,"İzle, müdahale etme. Yangın bu kareyi ağır yakmamış (düşük şiddet, dNBR 0,14).","Model bu rejimde tahmin üretmiyor. Kendi toparlanması bekleniyor, müdahale listesine alınmıyor. Eğim 25,9° ile yüksek; makineli çalışma sınırlı olabilir.",True
EGE_2021_04_004358,IZLE,ERISIM_ZOR,,,prediction_status=low_severity,"İzle, müdahale etme. Yangın bu kareyi ağır yakmamış (düşük şiddet, dNBR 0,16).","Model bu rejimde tahmin üretmiyor. Kendi toparlanması bekleniyor, müdahale listesine alınmıyor. En yakın yol 2,05 km — erişim ve lojistik bu karede belirleyici olacak.",True
EGE_2021_04_004359,ONCELIGE_GORE,ERISIM_ZOR,0.3739,,toparlanma=0.37 0.35..0.50,Öncelik sırasına göre değerlendir. Kısmi toparlanma bekleniyor; müdahale kararı bütçeye ve sıraya bağlı.,"Modelin tahminine göre yangın öncesi örtünün %37 kadarı iki yılda geri gelecek. Ne kendi kapanacak kadar iyi ne de acil müdahale gerektirecek kadar kötü — öncelik skoru bu kareyi sıranın neresine koyduğuna bakın. En yakın yol 2,25 km — erişim ve lojistik bu karede belirleyici olacak.",True
EGE_2021_04_004360,EROZYON_ONCE,ERISIM_ZOR,0.2916,"sedir, ardıç",toparlanma=0.29 egim=28.3>=25 <0.35,"Önce erozyon kontrolü. Toparlanma tahmini zayıf ve eğim 28,3° — dikimden önce toprak tutma önlemi gerekiyor.","Modelin tahminine göre yangın öncesi örtünün ancak %29 kadarı iki yılda geri gelecek. Dik yamaçta çıplak toprak ilk sağanakta taşınır; stabilizasyon yapılmadan yapılan dikim de birlikte gider. En yakın yol 2,24 km — erişim ve lojistik bu karede belirleyici olacak. Yetişme ortamı: Ege kuşağı, 1548 m, dik yamaç (25°+). Bu koşullar için önerilen türler: sedir, ardıç. Tür önerisi sistemin çıkarımı değil, dışarıdan verilen tablodan okunmuştur. Tablo: ÖRNEK TABLO — OGM tür-yetişme ortamı rehberi ile değiştirilecek",True
EGE_2021_04_004361,IZLE,ERISIM_ZOR|DIK_YAMAC,,,prediction_status=low_severity,"İzle, müdahale etme. Yangın bu kareyi ağır yakmamış (düşük şiddet, dNBR 0,12).","Model bu rejimde tahmin üretmiyor. Kendi toparlanması bekleniyor, müdahale listesine alınmıyor. En yakın yol 2,11 km — erişim ve lojistik bu karede belirleyici olacak. Eğim 28,7° ile yüksek; makineli çalışma sınırlı olabilir.",True
EGE_2021_04_004362,IZLE,ESKIDEN_ORMAN_DEGIL|DIK_YAMAC,,,prediction_status=low_severity,"İzle, müdahale etme. Yangın bu kareyi ağır yakmamış (düşük şiddet, dNBR 0,14).","Model bu rejimde tahmin üretmiyor. Kendi toparlanması bekleniyor, müdahale listesine alınmıyor. Yangın öncesi örtü otlak ve çalılık idi; orman kurma değil, mevcut örtünün onarımı düşünülmeli. Eğim 27,2° ile yüksek; makineli çalışma sınırlı olabilir.",True
EGE_2021_04_004363,IZLE,DIK_YAMAC,,,prediction_status=low_severity,"İzle, müdahale etme. Yangın bu kareyi ağır yakmamış (düşük şiddet, dNBR 0,15).","Model bu rejimde tahmin üretmiyor. Kendi toparlanması bekleniyor, müdahale listesine alınmıyor. Eğim 25,7° ile yüksek; makineli çalışma sınırlı olabilir.",True
EGE_2021_04_004364,IZLE,,,,prediction_status=low_severity,"İzle, müdahale etme. Yangın bu kareyi ağır yakmamış (düşük şiddet, dNBR 0,16).","Model bu rejimde tahmin üretmiyor. Kendi toparlanması bekleniyor, müdahale listesine alınmıyor.",True
EGE_2021_04_004365,IZLE,ESKIDEN_ORMAN_DEGIL,,,prediction_status=low_severity,"İzle, müdahale etme. Yangın bu kareyi ağır yakmamış (düşük şiddet, dNBR 0,12).","Model bu rejimde tahmin üretmiyor. Kendi toparlanması bekleniyor, müdahale listesine alınmıyor. Yangın öncesi örtü otlak ve çalılık idi; orman kurma değil, mevcut örtünün onarımı düşünülmeli.",True
EGE_2021_04_004366,IZLE,ESKIDEN_ORMAN_DEGIL,,,prediction_status=low_severity,"İzle, müdahale etme. Yangın bu kareyi ağır yakmamış (düşük şiddet, dNBR 0,11).","Model bu rejimde tahmin üretmiyor. Kendi toparlanması bekleniyor, müdahale listesine alınmıyor. Yangın öncesi örtü otlak ve çalılık idi; orman kurma değil, mevcut örtünün onarımı düşünülmeli.",True
EGE_2021_04_004367,IZLE,DIK_YAMAC,,,prediction_status=low_severity,"İzle, müdahale etme. Yangın bu kareyi ağır yakmamış (düşük şiddet, dNBR 0,18).","Model bu rejimde tahmin üretmiyor. Kendi toparlanması bekleniyor, müdahale listesine alınmıyor. Eğim 25,3° ile yüksek; makineli çalışma sınırlı olabilir.",True
EGE_2021_04_004368,IZLE,DIK_YAMAC,,,prediction_status=low_severity,"İzle, müdahale etme. Yangın bu kareyi ağır yakmamış (düşük şiddet, dNBR 0,27).","Model bu rejimde tahmin üretmiyor. Kendi toparlanması bekleniyor, müdahale listesine alınmıyor. Eğim 30,3° ile yüksek; makineli çalışma sınırlı olabilir.",True
EGE_2021_04_004369,EROZYON_ONCE,ERISIM_ZOR|ESKIDEN_ORMAN_DEGIL,0.1539,"maki türleri, kermes meşesi",toparlanma=0.15 egim=29.8>=25 <0.35,"Önce erozyon kontrolü. Toparlanma tahmini zayıf ve eğim 29,8° — dikimden önce toprak tutma önlemi gerekiyor.","Modelin tahminine göre yangın öncesi örtünün ancak %15 kadarı iki yılda geri gelecek. Dik yamaçta çıplak toprak ilk sağanakta taşınır; stabilizasyon yapılmadan yapılan dikim de birlikte gider. En yakın yol 2,08 km — erişim ve lojistik bu karede belirleyici olacak. Yangın öncesi örtü otlak ve çalılık idi; orman kurma değil, mevcut örtünün onarımı düşünülmeli. Yetişme ortamı: Ege kuşağı, 1549 m, dik yamaç (25°+). Bu koşullar için önerilen türler: maki türleri, kermes meşesi. Tür önerisi sistemin çıkarımı değil, dışarıdan verilen tablodan okunmuştur. Tablo: ÖRNEK TABLO — OGM tür-yetişme ortamı rehberi ile değiştirilecek",True
EGE_2021_04_004370,IZLE,ERISIM_ZOR,,,prediction_status=low_severity,"İzle, müdahale etme. Yangın bu kareyi ağır yakmamış (düşük şiddet, dNBR 0,12).","Model bu rejimde tahmin üretmiyor. Kendi toparlanması bekleniyor, müdahale listesine alınmıyor. En yakın yol 2,21 km — erişim ve lojistik bu karede belirleyici olacak.",True
EGE_2021_04_004373,IZLE,ERISIM_ZOR,,,prediction_status=low_severity,"İzle, müdahale etme. Yangın bu kareyi ağır yakmamış (düşük şiddet, dNBR 0,15).","Model bu rejimde tahmin üretmiyor. Kendi toparlanması bekleniyor, müdahale listesine alınmıyor. En yakın yol 2,70 km — erişim ve lojistik bu karede belirleyici olacak.",True
EGE_2021_04_004374,ONCELIGE_GORE,ERISIM_ZOR,0.4537,,toparlanma=0.45 0.35..0.50,Öncelik sırasına göre değerlendir. Kısmi toparlanma bekleniyor; müdahale kararı bütçeye ve sıraya bağlı.,"Modelin tahminine göre yangın öncesi örtünün %45 kadarı iki yılda geri gelecek. Ne kendi kapanacak kadar iyi ne de acil müdahale gerektirecek kadar kötü — öncelik skoru bu kareyi sıranın neresine koyduğuna bakın. En yakın yol 2,89 km — erişim ve lojistik bu karede belirleyici olacak.",True
EGE_2021_04_004375,IZLE,ERISIM_ZOR|DIK_YAMAC,,,prediction_status=low_severity,"İzle, müdahale etme. Yangın bu kareyi ağır yakmamış (düşük şiddet, dNBR 0,24).","Model bu rejimde tahmin üretmiyor. Kendi toparlanması bekleniyor, müdahale listesine alınmıyor. En yakın yol 3,08 km — erişim ve lojistik bu karede belirleyici olacak. Eğim 25,8° ile yüksek; makineli çalışma sınırlı olabilir.",True
EGE_2021_04_004379,IZLE,ERISIM_ZOR|ESKIDEN_ORMAN_DEGIL|DIK_YAMAC,,,prediction_status=low_severity,"İzle, müdahale etme. Yangın bu kareyi ağır yakmamış (düşük şiddet, dNBR 0,10).","Model bu rejimde tahmin üretmiyor. Kendi toparlanması bekleniyor, müdahale listesine alınmıyor. En yakın yol 3,63 km — erişim ve lojistik bu karede belirleyici olacak. Yangın öncesi örtü otlak ve çalılık idi; orman kurma değil, mevcut örtünün onarımı düşünülmeli. Eğim 27,0° ile yüksek; makineli çalışma sınırlı olabilir.",True
EGE_2021_04_004380,IZLE,ERISIM_ZOR|ESKIDEN_ORMAN_DEGIL|DIK_YAMAC,,,prediction_status=low_severity,"İzle, müdahale etme. Yangın bu kareyi ağır yakmamış (düşük şiddet, dNBR 0,17).","Model bu rejimde tahmin üretmiyor. Kendi toparlanması bekleniyor, müdahale listesine alınmıyor. En yakın yol 3,53 km — erişim ve lojistik bu karede belirleyici olacak. Yangın öncesi örtü otlak ve çalılık idi; orman kurma değil, mevcut örtünün onarımı düşünülmeli. Eğim 35,2° ile yüksek; makineli çalışma sınırlı olabilir.",True
EGE_2021_04_004381,IZLE,ERISIM_ZOR|DIK_YAMAC,,,prediction_status=low_severity,"İzle, müdahale etme. Yangın bu kareyi ağır yakmamış (düşük şiddet, dNBR 0,24).","Model bu rejimde tahmin üretmiyor. Kendi toparlanması bekleniyor, müdahale listesine alınmıyor. En yakın yol 3,45 km — erişim ve lojistik bu karede belirleyici olacak. Eğim 27,9° ile yüksek; makineli çalışma sınırlı olabilir.",True
EGE_2021_04_004382,EROZYON_ONCE,ERISIM_ZOR,0.2821,"karaçam, sedir",toparlanma=0.28 egim=34.3>=25 <0.35,"Önce erozyon kontrolü. Toparlanma tahmini zayıf ve eğim 34,3° — dikimden önce toprak tutma önlemi gerekiyor.","Modelin tahminine göre yangın öncesi örtünün ancak %28 kadarı iki yılda geri gelecek. Dik yamaçta çıplak toprak ilk sağanakta taşınır; stabilizasyon yapılmadan yapılan dikim de birlikte gider. En yakın yol 3,38 km — erişim ve lojistik bu karede belirleyici olacak. Yetişme ortamı: Ege kuşağı, 890 m, dik yamaç (25°+). Bu koşullar için önerilen türler: karaçam, sedir. Tür önerisi sistemin çıkarımı değil, dışarıdan verilen tablodan okunmuştur. Tablo: ÖRNEK TABLO — OGM tür-yetişme ortamı rehberi ile değiştirilecek",True
EGE_2021_04_004383,EROZYON_ONCE,ERISIM_ZOR,0.3032,"kızılçam, fıstıkçamı",toparlanma=0.30 egim=26.9>=25 <0.35,"Önce erozyon kontrolü. Toparlanma tahmini zayıf ve eğim 26,9° — dikimden önce toprak tutma önlemi gerekiyor.","Modelin tahminine göre yangın öncesi örtünün ancak %30 kadarı iki yılda geri gelecek. Dik yamaçta çıplak toprak ilk sağanakta taşınır; stabilizasyon yapılmadan yapılan dikim de birlikte gider. En yakın yol 3,33 km — erişim ve lojistik bu karede belirleyici olacak. Yetişme ortamı: Ege kuşağı, 741 m, dik yamaç (25°+). Bu koşullar için önerilen türler: kızılçam, fıstıkçamı. Tür önerisi sistemin çıkarımı değil, dışarıdan verilen tablodan okunmuştur. Tablo: ÖRNEK TABLO — OGM tür-yetişme ortamı rehberi ile değiştirilecek",True
EGE_2021_04_004386,IZLE,ERISIM_ZOR|DIK_YAMAC,,,prediction_status=low_severity,"İzle, müdahale etme. Yangın bu kareyi ağır yakmamış (düşük şiddet, dNBR 0,13).","Model bu rejimde tahmin üretmiyor. Kendi toparlanması bekleniyor, müdahale listesine alınmıyor. En yakın yol 2,79 km — erişim ve lojistik bu karede belirleyici olacak. Eğim 38,7° ile yüksek; makineli çalışma sınırlı olabilir.",True
EGE_2021_04_004388,IZLE,ERISIM_ZOR|DIK_YAMAC,,,prediction_status=low_severity,"İzle, müdahale etme. Yangın bu kareyi ağır yakmamış (düşük şiddet, dNBR 0,27).","Model bu rejimde tahmin üretmiyor. Kendi toparlanması bekleniyor, müdahale listesine alınmıyor. En yakın yol 2,46 km — erişim ve lojistik bu karede belirleyici olacak. Eğim 26,2° ile yüksek; makineli çalışma sınırlı olabilir.",True
EGE_2021_04_004389,IZLE,ERISIM_ZOR,,,prediction_status=low_severity,"İzle, müdahale etme. Yangın bu kareyi ağır yakmamış (düşük şiddet, dNBR 0,20).","Model bu rejimde tahmin üretmiyor. Kendi toparlanması bekleniyor, müdahale listesine alınmıyor. En yakın yol 2,30 km — erişim ve lojistik bu karede belirleyici olacak.",True
EGE_2021_04_004390,IZLE,ERISIM_ZOR,,,prediction_status=low_severity,"İzle, müdahale etme. Yangın bu kareyi ağır yakmamış (düşük şiddet, dNBR 0,12).","Model bu rejimde tahmin üretmiyor. Kendi toparlanması bekleniyor, müdahale listesine alınmıyor. En yakın yol 2,06 km — erişim ve lojistik bu karede belirleyici olacak.",True
EGE_2021_04_004393,IZLE,,,,prediction_status=low_severity,"İzle, müdahale etme. Yangın bu kareyi ağır yakmamış (düşük şiddet, dNBR 0,18).","Model bu rejimde tahmin üretmiyor. Kendi toparlanması bekleniyor, müdahale listesine alınmıyor.",True
EGE_2021_04_004394,IZLE,,,,prediction_status=low_severity,"İzle, müdahale etme. Yangın bu kareyi ağır yakmamış (düşük şiddet, dNBR 0,14).","Model bu rejimde tahmin üretmiyor. Kendi toparlanması bekleniyor, müdahale listesine alınmıyor.",True
EGE_2021_04_004398,IZLE,,,,prediction_status=low_severity,"İzle, müdahale etme. Yangın bu kareyi ağır yakmamış (düşük şiddet, dNBR 0,11).","Model bu rejimde tahmin üretmiyor. Kendi toparlanması bekleniyor, müdahale listesine alınmıyor.",True
EGE_2021_04_004399,IZLE,,,,prediction_status=low_severity,"İzle, müdahale etme. Yangın bu kareyi ağır yakmamış (düşük şiddet, dNBR 0,18).","Model bu rejimde tahmin üretmiyor. Kendi toparlanması bekleniyor, müdahale listesine alınmıyor.",True
EGE_2021_04_004400,IZLE,,,,prediction_status=low_severity,"İzle, müdahale etme. Yangın bu kareyi ağır yakmamış (düşük şiddet, dNBR 0,19).","Model bu rejimde tahmin üretmiyor. Kendi toparlanması bekleniyor, müdahale listesine alınmıyor.",True
EGE_2021_04_004401,ONCELIGE_GORE,,0.3952,,toparlanma=0.40 0.35..0.50,Öncelik sırasına göre değerlendir. Kısmi toparlanma bekleniyor; müdahale kararı bütçeye ve sıraya bağlı.,Modelin tahminine göre yangın öncesi örtünün %40 kadarı iki yılda geri gelecek. Ne kendi kapanacak kadar iyi ne de acil müdahale gerektirecek kadar kötü — öncelik skoru bu kareyi sıranın neresine koyduğuna bakın.,True
EGE_2021_04_004402,EROZYON_ONCE,,0.2525,"karaçam, sedir",toparlanma=0.25 egim=25.9>=25 <0.35,"Önce erozyon kontrolü. Toparlanma tahmini zayıf ve eğim 25,9° — dikimden önce toprak tutma önlemi gerekiyor.","Modelin tahminine göre yangın öncesi örtünün ancak %25 kadarı iki yılda geri gelecek. Dik yamaçta çıplak toprak ilk sağanakta taşınır; stabilizasyon yapılmadan yapılan dikim de birlikte gider. Yetişme ortamı: Ege kuşağı, 1236 m, dik yamaç (25°+). Bu koşullar için önerilen türler: karaçam, sedir. Tür önerisi sistemin çıkarımı değil, dışarıdan verilen tablodan okunmuştur. Tablo: ÖRNEK TABLO — OGM tür-yetişme ortamı rehberi ile değiştirilecek",True
EGE_2021_04_004403,EROZYON_ONCE,,0.2825,"karaçam, sedir",toparlanma=0.28 egim=31.6>=25 <0.35,"Önce erozyon kontrolü. Toparlanma tahmini zayıf ve eğim 31,6° — dikimden önce toprak tutma önlemi gerekiyor.","Modelin tahminine göre yangın öncesi örtünün ancak %28 kadarı iki yılda geri gelecek. Dik yamaçta çıplak toprak ilk sağanakta taşınır; stabilizasyon yapılmadan yapılan dikim de birlikte gider. Yetişme ortamı: Ege kuşağı, 1126 m, dik yamaç (25°+). Bu koşullar için önerilen türler: karaçam, sedir. Tür önerisi sistemin çıkarımı değil, dışarıdan verilen tablodan okunmuştur. Tablo: ÖRNEK TABLO — OGM tür-yetişme ortamı rehberi ile değiştirilecek",True
EGE_2021_04_004463,IZLE,,,,prediction_status=low_severity,"İzle, müdahale etme. Yangın bu kareyi ağır yakmamış (düşük şiddet, dNBR 0,17).","Model bu rejimde tahmin üretmiyor. Kendi toparlanması bekleniyor, müdahale listesine alınmıyor.",True
EGE_2021_04_004464,IZLE,,,,prediction_status=low_severity,"İzle, müdahale etme. Yangın bu kareyi ağır yakmamış (düşük şiddet, dNBR 0,18).","Model bu rejimde tahmin üretmiyor. Kendi toparlanması bekleniyor, müdahale listesine alınmıyor.",True
EGE_2021_04_004465,IZLE,ERISIM_ZOR,,,prediction_status=low_severity,"İzle, müdahale etme. Yangın bu kareyi ağır yakmamış (düşük şiddet, dNBR 0,23).","Model bu rejimde tahmin üretmiyor. Kendi toparlanması bekleniyor, müdahale listesine alınmıyor. En yakın yol 2,04 km — erişim ve lojistik bu karede belirleyici olacak.",True
EGE_2021_04_004466,IZLE,ERISIM_ZOR|ESKIDEN_ORMAN_DEGIL,,,prediction_status=low_severity,"İzle, müdahale etme. Yangın bu kareyi ağır yakmamış (düşük şiddet, dNBR 0,23).","Model bu rejimde tahmin üretmiyor. Kendi toparlanması bekleniyor, müdahale listesine alınmıyor. En yakın yol 2,21 km — erişim ve lojistik bu karede belirleyici olacak. Yangın öncesi örtü otlak ve çalılık idi; orman kurma değil, mevcut örtünün onarımı düşünülmeli.",True
EGE_2021_04_004467,DIKIM_ADAYI,ERISIM_ZOR,0.3497,"karaçam, sedir",toparlanma=0.35 <0.35,"Aktif dikim adayı. Doğal toparlanma zayıf kalıyor, eğim (19,1°) dikime elverişli.","Modelin tahminine göre yangın öncesi örtünün ancak %35 kadarı iki yılda geri gelecek — kendi başına kapanmayacak bir açık var. En yakın yol 2,40 km — erişim ve lojistik bu karede belirleyici olacak. Yetişme ortamı: Ege kuşağı, 1408 m, orta eğimli (10–25°). Bu koşullar için önerilen türler: karaçam, sedir. Tür önerisi sistemin çıkarımı değil, dışarıdan verilen tablodan okunmuştur. Tablo: ÖRNEK TABLO — OGM tür-yetişme ortamı rehberi ile değiştirilecek",True
EGE_2021_04_004468,IZLE,ERISIM_ZOR,,,prediction_status=low_severity,"İzle, müdahale etme. Yangın bu kareyi ağır yakmamış (düşük şiddet, dNBR 0,21).","Model bu rejimde tahmin üretmiyor. Kendi toparlanması bekleniyor, müdahale listesine alınmıyor. En yakın yol 2,45 km — erişim ve lojistik bu karede belirleyici olacak.",True
EGE_2021_04_004469,IZLE,ERISIM_ZOR,,,prediction_status=low_severity,"İzle, müdahale etme. Yangın bu kareyi ağır yakmamış (düşük şiddet, dNBR 0,13).","Model bu rejimde tahmin üretmiyor. Kendi toparlanması bekleniyor, müdahale listesine alınmıyor. En yakın yol 2,33 km — erişim ve lojistik bu karede belirleyici olacak.",True
EGE_2021_04_004470,IZLE,ERISIM_ZOR|DIK_YAMAC,,,prediction_status=low_severity,"İzle, müdahale etme. Yangın bu kareyi ağır yakmamış (düşük şiddet, dNBR 0,11).","Model bu rejimde tahmin üretmiyor. Kendi toparlanması bekleniyor, müdahale listesine alınmıyor. En yakın yol 2,23 km — erişim ve lojistik bu karede belirleyici olacak. Eğim 26,3° ile yüksek; makineli çalışma sınırlı olabilir.",True
EGE_2021_04_004473,IZLE,ERISIM_ZOR,,,prediction_status=low_severity,"İzle, müdahale etme. Yangın bu kareyi ağır yakmamış (düşük şiddet, dNBR 0,15).","Model bu rejimde tahmin üretmiyor. Kendi toparlanması bekleniyor, müdahale listesine alınmıyor. En yakın yol 2,09 km — erişim ve lojistik bu karede belirleyici olacak.",True
EGE_2021_04_004475,IZLE,ERISIM_ZOR,,,prediction_status=low_severity,"İzle, müdahale etme. Yangın bu kareyi ağır yakmamış (düşük şiddet, dNBR 0,26).","Model bu rejimde tahmin üretmiyor. Kendi toparlanması bekleniyor, müdahale listesine alınmıyor. En yakın yol 2,14 km — erişim ve lojistik bu karede belirleyici olacak.",True
EGE_2021_04_004476,IZLE,ERISIM_ZOR|DIK_YAMAC,,,prediction_status=low_severity,"İzle, müdahale etme. Yangın bu kareyi ağır yakmamış (düşük şiddet, dNBR 0,27).","Model bu rejimde tahmin üretmiyor. Kendi toparlanması bekleniyor, müdahale listesine alınmıyor. En yakın yol 2,21 km — erişim ve lojistik bu karede belirleyici olacak. Eğim 25,5° ile yüksek; makineli çalışma sınırlı olabilir.",True
EGE_2021_04_004477,DIKIM_ADAYI,ERISIM_ZOR,0.2625,"karaçam, sedir",toparlanma=0.26 <0.35,"Aktif dikim adayı. Doğal toparlanma zayıf kalıyor, eğim (24,1°) dikime elverişli.","Modelin tahminine göre yangın öncesi örtünün ancak %26 kadarı iki yılda geri gelecek — kendi başına kapanmayacak bir açık var. En yakın yol 2,31 km — erişim ve lojistik bu karede belirleyici olacak. Yetişme ortamı: Ege kuşağı, 1466 m, orta eğimli (10–25°). Bu koşullar için önerilen türler: karaçam, sedir. Tür önerisi sistemin çıkarımı değil, dışarıdan verilen tablodan okunmuştur. Tablo: ÖRNEK TABLO — OGM tür-yetişme ortamı rehberi ile değiştirilecek",True
EGE_2021_04_004478,IZLE,ERISIM_ZOR,,,prediction_status=low_severity,"İzle, müdahale etme. Yangın bu kareyi ağır yakmamış (düşük şiddet, dNBR 0,25).","Model bu rejimde tahmin üretmiyor. Kendi toparlanması bekleniyor, müdahale listesine alınmıyor. En yakın yol 2,42 km — erişim ve lojistik bu karede belirleyici olacak.",True
EGE_2021_04_004479,IZLE,ERISIM_ZOR,,,prediction_status=low_severity,"İzle, müdahale etme. Yangın bu kareyi ağır yakmamış (düşük şiddet, dNBR 0,22).","Model bu rejimde tahmin üretmiyor. Kendi toparlanması bekleniyor, müdahale listesine alınmıyor. En yakın yol 2,56 km — erişim ve lojistik bu karede belirleyici olacak.",True
EGE_2021_04_004480,IZLE,ERISIM_ZOR,,,prediction_status=low_severity,"İzle, müdahale etme. Yangın bu kareyi ağır yakmamış (düşük şiddet, dNBR 0,11).","Model bu rejimde tahmin üretmiyor. Kendi toparlanması bekleniyor, müdahale listesine alınmıyor. En yakın yol 2,71 km — erişim ve lojistik bu karede belirleyici olacak.",True
EGE_2021_04_004483,IZLE,ERISIM_ZOR|DIK_YAMAC,,,prediction_status=low_severity,"İzle, müdahale etme. Yangın bu kareyi ağır yakmamış (düşük şiddet, dNBR 0,14).","Model bu rejimde tahmin üretmiyor. Kendi toparlanması bekleniyor, müdahale listesine alınmıyor. En yakın yol 3,24 km — erişim ve lojistik bu karede belirleyici olacak. Eğim 26,1° ile yüksek; makineli çalışma sınırlı olabilir.",True
EGE_2021_04_004487,IZLE,ERISIM_ZOR|DIK_YAMAC,,,prediction_status=low_severity,"İzle, müdahale etme. Yangın bu kareyi ağır yakmamış (düşük şiddet, dNBR 0,14).","Model bu rejimde tahmin üretmiyor. Kendi toparlanması bekleniyor, müdahale listesine alınmıyor. En yakın yol 3,40 km — erişim ve lojistik bu karede belirleyici olacak. Eğim 27,5° ile yüksek; makineli çalışma sınırlı olabilir.",True
EGE_2021_04_004488,IZLE,ERISIM_ZOR|DIK_YAMAC,,,prediction_status=low_severity,"İzle, müdahale etme. Yangın bu kareyi ağır yakmamış (düşük şiddet, dNBR 0,21).","Model bu rejimde tahmin üretmiyor. Kendi toparlanması bekleniyor, müdahale listesine alınmıyor. En yakın yol 3,30 km — erişim ve lojistik bu karede belirleyici olacak. Eğim 34,7° ile yüksek; makineli çalışma sınırlı olabilir.",True
EGE_2021_04_004489,IZLE,ERISIM_ZOR|DIK_YAMAC,,,prediction_status=low_severity,"İzle, müdahale etme. Yangın bu kareyi ağır yakmamış (düşük şiddet, dNBR 0,23).","Model bu rejimde tahmin üretmiyor. Kendi toparlanması bekleniyor, müdahale listesine alınmıyor. En yakın yol 3,21 km — erişim ve lojistik bu karede belirleyici olacak. Eğim 34,9° ile yüksek; makineli çalışma sınırlı olabilir.",True
EGE_2021_04_004490,ONCELIGE_GORE,ERISIM_ZOR|DIK_YAMAC,0.3616,,toparlanma=0.36 0.35..0.50,Öncelik sırasına göre değerlendir. Kısmi toparlanma bekleniyor; müdahale kararı bütçeye ve sıraya bağlı.,"Modelin tahminine göre yangın öncesi örtünün %36 kadarı iki yılda geri gelecek. Ne kendi kapanacak kadar iyi ne de acil müdahale gerektirecek kadar kötü — öncelik skoru bu kareyi sıranın neresine koyduğuna bakın. En yakın yol 3,14 km — erişim ve lojistik bu karede belirleyici olacak. Eğim 28,6° ile yüksek; makineli çalışma sınırlı olabilir.",True
EGE_2021_04_004491,EROZYON_ONCE,ERISIM_ZOR,0.3269,"kızılçam, fıstıkçamı",toparlanma=0.33 egim=27.4>=25 <0.35,"Önce erozyon kontrolü. Toparlanma tahmini zayıf ve eğim 27,4° — dikimden önce toprak tutma önlemi gerekiyor.","Modelin tahminine göre yangın öncesi örtünün ancak %33 kadarı iki yılda geri gelecek. Dik yamaçta çıplak toprak ilk sağanakta taşınır; stabilizasyon yapılmadan yapılan dikim de birlikte gider. En yakın yol 3,08 km — erişim ve lojistik bu karede belirleyici olacak. Yetişme ortamı: Ege kuşağı, 747 m, dik yamaç (25°+). Bu koşullar için önerilen türler: kızılçam, fıstıkçamı. Tür önerisi sistemin çıkarımı değil, dışarıdan verilen tablodan okunmuştur. Tablo: ÖRNEK TABLO — OGM tür-yetişme ortamı rehberi ile değiştirilecek",True
EGE_2021_04_004492,IZLE,ERISIM_ZOR,,,prediction_status=low_severity,"İzle, müdahale etme. Yangın bu kareyi ağır yakmamış (düşük şiddet, dNBR 0,13).","Model bu rejimde tahmin üretmiyor. Kendi toparlanması bekleniyor, müdahale listesine alınmıyor. En yakın yol 3,05 km — erişim ve lojistik bu karede belirleyici olacak.",True
EGE_2021_04_004493,IZLE,ERISIM_ZOR|DIK_YAMAC,,,prediction_status=low_severity,"İzle, müdahale etme. Yangın bu kareyi ağır yakmamış (düşük şiddet, dNBR 0,10).","Model bu rejimde tahmin üretmiyor. Kendi toparlanması bekleniyor, müdahale listesine alınmıyor. En yakın yol 3,03 km — erişim ve lojistik bu karede belirleyici olacak. Eğim 35,1° ile yüksek; makineli çalışma sınırlı olabilir.",True
EGE_2021_04_004494,IZLE,ERISIM_ZOR|DIK_YAMAC,,,prediction_status=low_severity,"İzle, müdahale etme. Yangın bu kareyi ağır yakmamış (düşük şiddet, dNBR 0,12).","Model bu rejimde tahmin üretmiyor. Kendi toparlanması bekleniyor, müdahale listesine alınmıyor. En yakın yol 2,96 km — erişim ve lojistik bu karede belirleyici olacak. Eğim 37,1° ile yüksek; makineli çalışma sınırlı olabilir.",True
EGE_2021_04_004495,IZLE,ERISIM_ZOR|DIK_YAMAC,,,prediction_status=low_severity,"İzle, müdahale etme. Yangın bu kareyi ağır yakmamış (düşük şiddet, dNBR 0,16).","Model bu rejimde tahmin üretmiyor. Kendi toparlanması bekleniyor, müdahale listesine alınmıyor. En yakın yol 2,72 km — erişim ve lojistik bu karede belirleyici olacak. Eğim 29,6° ile yüksek; makineli çalışma sınırlı olabilir.",True
EGE_2021_04_004496,IZLE,ERISIM_ZOR|DIK_YAMAC,,,prediction_status=low_severity,"İzle, müdahale etme. Yangın bu kareyi ağır yakmamış (düşük şiddet, dNBR 0,13).","Model bu rejimde tahmin üretmiyor. Kendi toparlanması bekleniyor, müdahale listesine alınmıyor. En yakın yol 2,47 km — erişim ve lojistik bu karede belirleyici olacak. Eğim 36,7° ile yüksek; makineli çalışma sınırlı olabilir.",True
EGE_2021_04_004497,IZLE,ERISIM_ZOR|DIK_YAMAC,,,prediction_status=low_severity,"İzle, müdahale etme. Yangın bu kareyi ağır yakmamış (düşük şiddet, dNBR 0,21).","Model bu rejimde tahmin üretmiyor. Kendi toparlanması bekleniyor, müdahale listesine alınmıyor. En yakın yol 2,23 km — erişim ve lojistik bu karede belirleyici olacak. Eğim 26,9° ile yüksek; makineli çalışma sınırlı olabilir.",True
EGE_2021_04_004498,IZLE,,,,prediction_status=low_severity,"İzle, müdahale etme. Yangın bu kareyi ağır yakmamış (orta-düşük şiddet, dNBR 0,33).","Model bu rejimde tahmin üretmiyor. Kendi toparlanması bekleniyor, müdahale listesine alınmıyor.",True
EGE_2021_04_004499,IZLE,,,,prediction_status=low_severity,"İzle, müdahale etme. Yangın bu kareyi ağır yakmamış (orta-düşük şiddet, dNBR 0,37).","Model bu rejimde tahmin üretmiyor. Kendi toparlanması bekleniyor, müdahale listesine alınmıyor.",True
EGE_2021_04_004500,IZLE,,,,prediction_status=low_severity,"İzle, müdahale etme. Yangın bu kareyi ağır yakmamış (düşük şiddet, dNBR 0,17).","Model bu rejimde tahmin üretmiyor. Kendi toparlanması bekleniyor, müdahale listesine alınmıyor.",True
EGE_2021_04_004501,IZLE,,,,prediction_status=low_severity,"İzle, müdahale etme. Yangın bu kareyi ağır yakmamış (düşük şiddet, dNBR 0,18).","Model bu rejimde tahmin üretmiyor. Kendi toparlanması bekleniyor, müdahale listesine alınmıyor.",True
EGE_2021_04_004502,IZLE,,,,prediction_status=low_severity,"İzle, müdahale etme. Yangın bu kareyi ağır yakmamış (düşük şiddet, dNBR 0,18).","Model bu rejimde tahmin üretmiyor. Kendi toparlanması bekleniyor, müdahale listesine alınmıyor.",True
EGE_2021_04_004503,IZLE,,,,prediction_status=low_severity,"İzle, müdahale etme. Yangın bu kareyi ağır yakmamış (düşük şiddet, dNBR 0,17).","Model bu rejimde tahmin üretmiyor. Kendi toparlanması bekleniyor, müdahale listesine alınmıyor.",True
EGE_2021_04_004504,IZLE,,,,prediction_status=low_severity,"İzle, müdahale etme. Yangın bu kareyi ağır yakmamış (düşük şiddet, dNBR 0,15).","Model bu rejimde tahmin üretmiyor. Kendi toparlanması bekleniyor, müdahale listesine alınmıyor.",True
EGE_2021_04_004506,IZLE,,,,prediction_status=low_severity,"İzle, müdahale etme. Yangın bu kareyi ağır yakmamış (düşük şiddet, dNBR 0,20).","Model bu rejimde tahmin üretmiyor. Kendi toparlanması bekleniyor, müdahale listesine alınmıyor.",True
EGE_2021_04_004507,IZLE,,,,prediction_status=low_severity,"İzle, müdahale etme. Yangın bu kareyi ağır yakmamış (düşük şiddet, dNBR 0,20).","Model bu rejimde tahmin üretmiyor. Kendi toparlanması bekleniyor, müdahale listesine alınmıyor.",True
EGE_2021_04_004508,ONCELIGE_GORE,,0.3744,,toparlanma=0.37 0.35..0.50,Öncelik sırasına göre değerlendir. Kısmi toparlanma bekleniyor; müdahale kararı bütçeye ve sıraya bağlı.,Modelin tahminine göre yangın öncesi örtünün %37 kadarı iki yılda geri gelecek. Ne kendi kapanacak kadar iyi ne de acil müdahale gerektirecek kadar kötü — öncelik skoru bu kareyi sıranın neresine koyduğuna bakın.,True
EGE_2021_04_004509,IZLE,DIK_YAMAC,,,prediction_status=low_severity,"İzle, müdahale etme. Yangın bu kareyi ağır yakmamış (düşük şiddet, dNBR 0,22).","Model bu rejimde tahmin üretmiyor. Kendi toparlanması bekleniyor, müdahale listesine alınmıyor. Eğim 26,2° ile yüksek; makineli çalışma sınırlı olabilir.",True
EGE_2021_04_004511,IZLE,,,,prediction_status=low_severity,"İzle, müdahale etme. Yangın bu kareyi ağır yakmamış (düşük şiddet, dNBR 0,11).","Model bu rejimde tahmin üretmiyor. Kendi toparlanması bekleniyor, müdahale listesine alınmıyor.",True
EGE_2021_04_004570,IZLE,,,,prediction_status=low_severity,"İzle, müdahale etme. Yangın bu kareyi ağır yakmamış (düşük şiddet, dNBR 0,19).","Model bu rejimde tahmin üretmiyor. Kendi toparlanması bekleniyor, müdahale listesine alınmıyor.",True
EGE_2021_04_004571,IZLE,,,,prediction_status=low_severity,"İzle, müdahale etme. Yangın bu kareyi ağır yakmamış (düşük şiddet, dNBR 0,18).","Model bu rejimde tahmin üretmiyor. Kendi toparlanması bekleniyor, müdahale listesine alınmıyor.",True
EGE_2021_04_004572,IZLE,ERISIM_ZOR,,,prediction_status=low_severity,"İzle, müdahale etme. Yangın bu kareyi ağır yakmamış (düşük şiddet, dNBR 0,18).","Model bu rejimde tahmin üretmiyor. Kendi toparlanması bekleniyor, müdahale listesine alınmıyor. En yakın yol 2,09 km — erişim ve lojistik bu karede belirleyici olacak.",True
EGE_2021_04_004573,DIKIM_ADAYI,ERISIM_ZOR,0.3213,"karaçam, sedir",toparlanma=0.32 <0.35,"Aktif dikim adayı. Doğal toparlanma zayıf kalıyor, eğim (23,9°) dikime elverişli.","Modelin tahminine göre yangın öncesi örtünün ancak %32 kadarı iki yılda geri gelecek — kendi başına kapanmayacak bir açık var. En yakın yol 2,23 km — erişim ve lojistik bu karede belirleyici olacak. Yetişme ortamı: Ege kuşağı, 1369 m, orta eğimli (10–25°). Bu koşullar için önerilen türler: karaçam, sedir. Tür önerisi sistemin çıkarımı değil, dışarıdan verilen tablodan okunmuştur. Tablo: ÖRNEK TABLO — OGM tür-yetişme ortamı rehberi ile değiştirilecek",True
EGE_2021_04_004574,IZLE,ERISIM_ZOR|DIK_YAMAC,,,prediction_status=low_severity,"İzle, müdahale etme. Yangın bu kareyi ağır yakmamış (düşük şiddet, dNBR 0,22).","Model bu rejimde tahmin üretmiyor. Kendi toparlanması bekleniyor, müdahale listesine alınmıyor. En yakın yol 2,39 km — erişim ve lojistik bu karede belirleyici olacak. Eğim 26,1° ile yüksek; makineli çalışma sınırlı olabilir.",True
EGE_2021_04_004575,IZLE,ERISIM_ZOR,,,prediction_status=low_severity,"İzle, müdahale etme. Yangın bu kareyi ağır yakmamış (düşük şiddet, dNBR 0,19).","Model bu rejimde tahmin üretmiyor. Kendi toparlanması bekleniyor, müdahale listesine alınmıyor. En yakın yol 2,56 km — erişim ve lojistik bu karede belirleyici olacak.",True
EGE_2021_04_004576,IZLE,ERISIM_ZOR,,,prediction_status=low_severity,"İzle, müdahale etme. Yangın bu kareyi ağır yakmamış (düşük şiddet, dNBR 0,14).","Model bu rejimde tahmin üretmiyor. Kendi toparlanması bekleniyor, müdahale listesine alınmıyor. En yakın yol 2,67 km — erişim ve lojistik bu karede belirleyici olacak.",True
EGE_2021_04_004577,IZLE,ERISIM_ZOR,,,prediction_status=low_severity,"İzle, müdahale etme. Yangın bu kareyi ağır yakmamış (düşük şiddet, dNBR 0,16).","Model bu rejimde tahmin üretmiyor. Kendi toparlanması bekleniyor, müdahale listesine alınmıyor. En yakın yol 2,55 km — erişim ve lojistik bu karede belirleyici olacak.",True
EGE_2021_04_004578,IZLE,ERISIM_ZOR,,,prediction_status=low_severity,"İzle, müdahale etme. Yangın bu kareyi ağır yakmamış (düşük şiddet, dNBR 0,19).","Model bu rejimde tahmin üretmiyor. Kendi toparlanması bekleniyor, müdahale listesine alınmıyor. En yakın yol 2,47 km — erişim ve lojistik bu karede belirleyici olacak.",True
EGE_2021_04_004583,IZLE,ERISIM_ZOR,,,prediction_status=low_severity,"İzle, müdahale etme. Yangın bu kareyi ağır yakmamış (düşük şiddet, dNBR 0,12).","Model bu rejimde tahmin üretmiyor. Kendi toparlanması bekleniyor, müdahale listesine alınmıyor. En yakın yol 2,39 km — erişim ve lojistik bu karede belirleyici olacak.",True
EGE_2021_04_004584,IZLE,ERISIM_ZOR,,,prediction_status=low_severity,"İzle, müdahale etme. Yangın bu kareyi ağır yakmamış (düşük şiddet, dNBR 0,18).","Model bu rejimde tahmin üretmiyor. Kendi toparlanması bekleniyor, müdahale listesine alınmıyor. En yakın yol 2,45 km — erişim ve lojistik bu karede belirleyici olacak.",True
EGE_2021_04_004585,IZLE,ERISIM_ZOR,,,prediction_status=low_severity,"İzle, müdahale etme. Yangın bu kareyi ağır yakmamış (düşük şiddet, dNBR 0,25).","Model bu rejimde tahmin üretmiyor. Kendi toparlanması bekleniyor, müdahale listesine alınmıyor. En yakın yol 2,53 km — erişim ve lojistik bu karede belirleyici olacak.",True
EGE_2021_04_004586,IZLE,ERISIM_ZOR,,,prediction_status=low_severity,"İzle, müdahale etme. Yangın bu kareyi ağır yakmamış (düşük şiddet, dNBR 0,23).","Model bu rejimde tahmin üretmiyor. Kendi toparlanması bekleniyor, müdahale listesine alınmıyor. En yakın yol 2,64 km — erişim ve lojistik bu karede belirleyici olacak.",True
EGE_2021_04_004587,DIKIM_ADAYI,ERISIM_ZOR,0.2457,"karaçam, sedir",toparlanma=0.25 <0.35,"Aktif dikim adayı. Doğal toparlanma zayıf kalıyor, eğim (24,2°) dikime elverişli.","Modelin tahminine göre yangın öncesi örtünün ancak %25 kadarı iki yılda geri gelecek — kendi başına kapanmayacak bir açık var. En yakın yol 2,77 km — erişim ve lojistik bu karede belirleyici olacak. Yetişme ortamı: Ege kuşağı, 1445 m, orta eğimli (10–25°). Bu koşullar için önerilen türler: karaçam, sedir. Tür önerisi sistemin çıkarımı değil, dışarıdan verilen tablodan okunmuştur. Tablo: ÖRNEK TABLO — OGM tür-yetişme ortamı rehberi ile değiştirilecek",True
EGE_2021_04_004588,IZLE,ERISIM_ZOR,,,prediction_status=low_severity,"İzle, müdahale etme. Yangın bu kareyi ağır yakmamış (düşük şiddet, dNBR 0,27).","Model bu rejimde tahmin üretmiyor. Kendi toparlanması bekleniyor, müdahale listesine alınmıyor. En yakın yol 2,91 km — erişim ve lojistik bu karede belirleyici olacak.",True
EGE_2021_04_004589,IZLE,ERISIM_ZOR,,,prediction_status=low_severity,"İzle, müdahale etme. Yangın bu kareyi ağır yakmamış (düşük şiddet, dNBR 0,10).","Model bu rejimde tahmin üretmiyor. Kendi toparlanması bekleniyor, müdahale listesine alınmıyor. En yakın yol 3,06 km — erişim ve lojistik bu karede belirleyici olacak.",True
EGE_2021_04_004590,IZLE,ERISIM_ZOR,,,prediction_status=low_severity,"İzle, müdahale etme. Yangın bu kareyi ağır yakmamış (düşük şiddet, dNBR 0,15).","Model bu rejimde tahmin üretmiyor. Kendi toparlanması bekleniyor, müdahale listesine alınmıyor. En yakın yol 3,23 km — erişim ve lojistik bu karede belirleyici olacak.",True
EGE_2021_04_004591,IZLE,ERISIM_ZOR,,,prediction_status=low_severity,"İzle, müdahale etme. Yangın bu kareyi ağır yakmamış (düşük şiddet, dNBR 0,14).","Model bu rejimde tahmin üretmiyor. Kendi toparlanması bekleniyor, müdahale listesine alınmıyor. En yakın yol 3,41 km — erişim ve lojistik bu karede belirleyici olacak.",True
EGE_2021_04_004592,ONCELIGE_GORE,ERISIM_ZOR,0.3621,,toparlanma=0.36 0.35..0.50,Öncelik sırasına göre değerlendir. Kısmi toparlanma bekleniyor; müdahale kararı bütçeye ve sıraya bağlı.,"Modelin tahminine göre yangın öncesi örtünün %36 kadarı iki yılda geri gelecek. Ne kendi kapanacak kadar iyi ne de acil müdahale gerektirecek kadar kötü — öncelik skoru bu kareyi sıranın neresine koyduğuna bakın. En yakın yol 3,52 km — erişim ve lojistik bu karede belirleyici olacak.",True
EGE_2021_04_004593,IZLE,ERISIM_ZOR,,,prediction_status=low_severity,"İzle, müdahale etme. Yangın bu kareyi ağır yakmamış (düşük şiddet, dNBR 0,26).","Model bu rejimde tahmin üretmiyor. Kendi toparlanması bekleniyor, müdahale listesine alınmıyor. En yakın yol 3,41 km — erişim ve lojistik bu karede belirleyici olacak.",True
EGE_2021_04_004594,IZLE,ERISIM_ZOR|DIK_YAMAC,,,prediction_status=low_severity,"İzle, müdahale etme. Yangın bu kareyi ağır yakmamış (düşük şiddet, dNBR 0,13).","Model bu rejimde tahmin üretmiyor. Kendi toparlanması bekleniyor, müdahale listesine alınmıyor. En yakın yol 3,31 km — erişim ve lojistik bu karede belirleyici olacak. Eğim 31,4° ile yüksek; makineli çalışma sınırlı olabilir.",True
EGE_2021_04_004595,IZLE,ERISIM_ZOR|DIK_YAMAC,,,prediction_status=low_severity,"İzle, müdahale etme. Yangın bu kareyi ağır yakmamış (düşük şiddet, dNBR 0,15).","Model bu rejimde tahmin üretmiyor. Kendi toparlanması bekleniyor, müdahale listesine alınmıyor. En yakın yol 3,18 km — erişim ve lojistik bu karede belirleyici olacak. Eğim 44,5° ile yüksek; makineli çalışma sınırlı olabilir.",True
EGE_2021_04_004596,IZLE,ERISIM_ZOR|DIK_YAMAC,,,prediction_status=low_severity,"İzle, müdahale etme. Yangın bu kareyi ağır yakmamış (düşük şiddet, dNBR 0,17).","Model bu rejimde tahmin üretmiyor. Kendi toparlanması bekleniyor, müdahale listesine alınmıyor. En yakın yol 3,07 km — erişim ve lojistik bu karede belirleyici olacak. Eğim 28,4° ile yüksek; makineli çalışma sınırlı olabilir.",True
EGE_2021_04_004597,EROZYON_ONCE,ERISIM_ZOR,0.275,"kızılçam, fıstıkçamı",toparlanma=0.28 egim=34.0>=25 <0.35,"Önce erozyon kontrolü. Toparlanma tahmini zayıf ve eğim 34,0° — dikimden önce toprak tutma önlemi gerekiyor.","Modelin tahminine göre yangın öncesi örtünün ancak %28 kadarı iki yılda geri gelecek. Dik yamaçta çıplak toprak ilk sağanakta taşınır; stabilizasyon yapılmadan yapılan dikim de birlikte gider. En yakın yol 2,97 km — erişim ve lojistik bu karede belirleyici olacak. Yetişme ortamı: Ege kuşağı, 799 m, dik yamaç (25°+). Bu koşullar için önerilen türler: kızılçam, fıstıkçamı. Tür önerisi sistemin çıkarımı değil, dışarıdan verilen tablodan okunmuştur. Tablo: ÖRNEK TABLO — OGM tür-yetişme ortamı rehberi ile değiştirilecek",True
EGE_2021_04_004598,EROZYON_ONCE,ERISIM_ZOR,0.2869,"karaçam, sedir",toparlanma=0.29 egim=25.1>=25 <0.35,"Önce erozyon kontrolü. Toparlanma tahmini zayıf ve eğim 25,1° — dikimden önce toprak tutma önlemi gerekiyor.","Modelin tahminine göre yangın öncesi örtünün ancak %29 kadarı iki yılda geri gelecek. Dik yamaçta çıplak toprak ilk sağanakta taşınır; stabilizasyon yapılmadan yapılan dikim de birlikte gider. En yakın yol 2,89 km — erişim ve lojistik bu karede belirleyici olacak. Yetişme ortamı: Ege kuşağı, 822 m, dik yamaç (25°+). Bu koşullar için önerilen türler: karaçam, sedir. Tür önerisi sistemin çıkarımı değil, dışarıdan verilen tablodan okunmuştur. Tablo: ÖRNEK TABLO — OGM tür-yetişme ortamı rehberi ile değiştirilecek",True
EGE_2021_04_004599,ONCELIGE_GORE,ERISIM_ZOR|DIK_YAMAC,0.3724,,toparlanma=0.37 0.35..0.50,Öncelik sırasına göre değerlendir. Kısmi toparlanma bekleniyor; müdahale kararı bütçeye ve sıraya bağlı.,"Modelin tahminine göre yangın öncesi örtünün %37 kadarı iki yılda geri gelecek. Ne kendi kapanacak kadar iyi ne de acil müdahale gerektirecek kadar kötü — öncelik skoru bu kareyi sıranın neresine koyduğuna bakın. En yakın yol 2,84 km — erişim ve lojistik bu karede belirleyici olacak. Eğim 27,7° ile yüksek; makineli çalışma sınırlı olabilir.",True
EGE_2021_04_004600,IZLE,ERISIM_ZOR,,,prediction_status=low_severity,"İzle, müdahale etme. Yangın bu kareyi ağır yakmamış (düşük şiddet, dNBR 0,12).","Model bu rejimde tahmin üretmiyor. Kendi toparlanması bekleniyor, müdahale listesine alınmıyor. En yakın yol 2,80 km — erişim ve lojistik bu karede belirleyici olacak.",True
EGE_2021_04_004601,IZLE,ERISIM_ZOR|DIK_YAMAC,,,prediction_status=low_severity,"İzle, müdahale etme. Yangın bu kareyi ağır yakmamış (düşük şiddet, dNBR 0,17).","Model bu rejimde tahmin üretmiyor. Kendi toparlanması bekleniyor, müdahale listesine alınmıyor. En yakın yol 2,78 km — erişim ve lojistik bu karede belirleyici olacak. Eğim 32,2° ile yüksek; makineli çalışma sınırlı olabilir.",True
EGE_2021_04_004602,IZLE,ERISIM_ZOR|DIK_YAMAC,,,prediction_status=low_severity,"İzle, müdahale etme. Yangın bu kareyi ağır yakmamış (düşük şiddet, dNBR 0,18).","Model bu rejimde tahmin üretmiyor. Kendi toparlanması bekleniyor, müdahale listesine alınmıyor. En yakın yol 2,79 km — erişim ve lojistik bu karede belirleyici olacak. Eğim 35,7° ile yüksek; makineli çalışma sınırlı olabilir.",True
EGE_2021_04_004603,IZLE,ERISIM_ZOR|ESKIDEN_ORMAN_DEGIL|DIK_YAMAC,,,prediction_status=low_severity,"İzle, müdahale etme. Yangın bu kareyi ağır yakmamış (düşük şiddet, dNBR 0,14).","Model bu rejimde tahmin üretmiyor. Kendi toparlanması bekleniyor, müdahale listesine alınmıyor. En yakın yol 2,68 km — erişim ve lojistik bu karede belirleyici olacak. Yangın öncesi örtü otlak ve çalılık idi; orman kurma değil, mevcut örtünün onarımı düşünülmeli. Eğim 36,8° ile yüksek; makineli çalışma sınırlı olabilir.",True
EGE_2021_04_004605,IZLE,ERISIM_ZOR|DIK_YAMAC,,,prediction_status=low_severity,"İzle, müdahale etme. Yangın bu kareyi ağır yakmamış (düşük şiddet, dNBR 0,13).","Model bu rejimde tahmin üretmiyor. Kendi toparlanması bekleniyor, müdahale listesine alınmıyor. En yakın yol 2,18 km — erişim ve lojistik bu karede belirleyici olacak. Eğim 31,6° ile yüksek; makineli çalışma sınırlı olabilir.",True
EGE_2021_04_004606,IZLE,,,,prediction_status=low_severity,"İzle, müdahale etme. Yangın bu kareyi ağır yakmamış (düşük şiddet, dNBR 0,25).","Model bu rejimde tahmin üretmiyor. Kendi toparlanması bekleniyor, müdahale listesine alınmıyor.",True
EGE_2021_04_004607,IZLE,,,,prediction_status=low_severity,"İzle, müdahale etme. Yangın bu kareyi ağır yakmamış (düşük şiddet, dNBR 0,18).","Model bu rejimde tahmin üretmiyor. Kendi toparlanması bekleniyor, müdahale listesine alınmıyor.",True
EGE_2021_04_004608,IZLE,,,,prediction_status=low_severity,"İzle, müdahale etme. Yangın bu kareyi ağır yakmamış (düşük şiddet, dNBR 0,11).","Model bu rejimde tahmin üretmiyor. Kendi toparlanması bekleniyor, müdahale listesine alınmıyor.",True
EGE_2021_04_004612,IZLE,,,,prediction_status=low_severity,"İzle, müdahale etme. Yangın bu kareyi ağır yakmamış (düşük şiddet, dNBR 0,18).","Model bu rejimde tahmin üretmiyor. Kendi toparlanması bekleniyor, müdahale listesine alınmıyor.",True
EGE_2021_04_004613,IZLE,,,,prediction_status=low_severity,"İzle, müdahale etme. Yangın bu kareyi ağır yakmamış (düşük şiddet, dNBR 0,11).","Model bu rejimde tahmin üretmiyor. Kendi toparlanması bekleniyor, müdahale listesine alınmıyor.",True
EGE_2021_04_004614,IZLE,,,,prediction_status=low_severity,"İzle, müdahale etme. Yangın bu kareyi ağır yakmamış (düşük şiddet, dNBR 0,11).","Model bu rejimde tahmin üretmiyor. Kendi toparlanması bekleniyor, müdahale listesine alınmıyor.",True
EGE_2021_04_004615,ONCELIGE_GORE,,0.4109,,toparlanma=0.41 0.35..0.50,Öncelik sırasına göre değerlendir. Kısmi toparlanma bekleniyor; müdahale kararı bütçeye ve sıraya bağlı.,Modelin tahminine göre yangın öncesi örtünün %41 kadarı iki yılda geri gelecek. Ne kendi kapanacak kadar iyi ne de acil müdahale gerektirecek kadar kötü — öncelik skoru bu kareyi sıranın neresine koyduğuna bakın.,True
EGE_2021_04_004616,DIKIM_ADAYI,AGIR_YANMIS,0.2631,"karaçam, sedir",toparlanma=0.26 <0.35,"Aktif dikim adayı. Doğal toparlanma zayıf kalıyor, eğim (17,1°) dikime elverişli.","Modelin tahminine göre yangın öncesi örtünün ancak %26 kadarı iki yılda geri gelecek — kendi başına kapanmayacak bir açık var. Yangın orta-yüksek şiddet sınıfında (dNBR 0,56); toprak yüzeyi büyük olasılıkla açıkta. Yetişme ortamı: Ege kuşağı, 1335 m, orta eğimli (10–25°). Bu koşullar için önerilen türler: karaçam, sedir. Tür önerisi sistemin çıkarımı değil, dışarıdan verilen tablodan okunmuştur. Tablo: ÖRNEK TABLO — OGM tür-yetişme ortamı rehberi ile değiştirilecek",True
EGE_2021_04_004617,EROZYON_ONCE,AGIR_YANMIS,0.2155,"karaçam, sedir",toparlanma=0.22 egim=26.3>=25 <0.35,"Önce erozyon kontrolü. Toparlanma tahmini zayıf ve eğim 26,3° — dikimden önce toprak tutma önlemi gerekiyor.","Modelin tahminine göre yangın öncesi örtünün ancak %22 kadarı iki yılda geri gelecek. Dik yamaçta çıplak toprak ilk sağanakta taşınır; stabilizasyon yapılmadan yapılan dikim de birlikte gider. Yangın orta-yüksek şiddet sınıfında (dNBR 0,50); toprak yüzeyi büyük olasılıkla açıkta. Yetişme ortamı: Ege kuşağı, 1236 m, dik yamaç (25°+). Bu koşullar için önerilen türler: karaçam, sedir. Tür önerisi sistemin çıkarımı değil, dışarıdan verilen tablodan okunmuştur. Tablo: ÖRNEK TABLO — OGM tür-yetişme ortamı rehberi ile değiştirilecek",True
EGE_2021_04_004618,IZLE,ESKIDEN_ORMAN_DEGIL,,,prediction_status=low_severity,"İzle, müdahale etme. Yangın bu kareyi ağır yakmamış (düşük şiddet, dNBR 0,23).","Model bu rejimde tahmin üretmiyor. Kendi toparlanması bekleniyor, müdahale listesine alınmıyor. Yangın öncesi örtü otlak ve çalılık idi; orman kurma değil, mevcut örtünün onarımı düşünülmeli.",True
EGE_2021_04_004619,IZLE,,,,prediction_status=low_severity,"İzle, müdahale etme. Yangın bu kareyi ağır yakmamış (düşük şiddet, dNBR 0,19).","Model bu rejimde tahmin üretmiyor. Kendi toparlanması bekleniyor, müdahale listesine alınmıyor.",True
EGE_2021_04_004677,IZLE,ERISIM_ZOR,,,prediction_status=low_severity,"İzle, müdahale etme. Yangın bu kareyi ağır yakmamış (düşük şiddet, dNBR 0,18).","Model bu rejimde tahmin üretmiyor. Kendi toparlanması bekleniyor, müdahale listesine alınmıyor. En yakın yol 2,05 km — erişim ve lojistik bu karede belirleyici olacak.",True
EGE_2021_04_004678,ONCELIGE_GORE,ERISIM_ZOR,0.3729,,toparlanma=0.37 0.35..0.50,Öncelik sırasına göre değerlendir. Kısmi toparlanma bekleniyor; müdahale kararı bütçeye ve sıraya bağlı.,"Modelin tahminine göre yangın öncesi örtünün %37 kadarı iki yılda geri gelecek. Ne kendi kapanacak kadar iyi ne de acil müdahale gerektirecek kadar kötü — öncelik skoru bu kareyi sıranın neresine koyduğuna bakın. En yakın yol 2,11 km — erişim ve lojistik bu karede belirleyici olacak.",True
EGE_2021_04_004680,IZLE,ERISIM_ZOR,,,prediction_status=low_severity,"İzle, müdahale etme. Yangın bu kareyi ağır yakmamış (düşük şiddet, dNBR 0,27).","Model bu rejimde tahmin üretmiyor. Kendi toparlanması bekleniyor, müdahale listesine alınmıyor. En yakın yol 2,30 km — erişim ve lojistik bu karede belirleyici olacak.",True
EGE_2021_04_004681,IZLE,ERISIM_ZOR|DIK_YAMAC,,,prediction_status=low_severity,"İzle, müdahale etme. Yangın bu kareyi ağır yakmamış (düşük şiddet, dNBR 0,16).","Model bu rejimde tahmin üretmiyor. Kendi toparlanması bekleniyor, müdahale listesine alınmıyor. En yakın yol 2,43 km — erişim ve lojistik bu karede belirleyici olacak. Eğim 29,3° ile yüksek; makineli çalışma sınırlı olabilir.",True
EGE_2021_04_004682,IZLE,ERISIM_ZOR,,,prediction_status=low_severity,"İzle, müdahale etme. Yangın bu kareyi ağır yakmamış (düşük şiddet, dNBR 0,17).","Model bu rejimde tahmin üretmiyor. Kendi toparlanması bekleniyor, müdahale listesine alınmıyor. En yakın yol 2,58 km — erişim ve lojistik bu karede belirleyici olacak.",True
EGE_2021_04_004683,IZLE,ERISIM_ZOR|DIK_YAMAC,,,prediction_status=low_severity,"İzle, müdahale etme. Yangın bu kareyi ağır yakmamış (düşük şiddet, dNBR 0,11).","Model bu rejimde tahmin üretmiyor. Kendi toparlanması bekleniyor, müdahale listesine alınmıyor. En yakın yol 2,74 km — erişim ve lojistik bu karede belirleyici olacak. Eğim 26,0° ile yüksek; makineli çalışma sınırlı olabilir.",True
EGE_2021_04_004684,IZLE,ERISIM_ZOR,,,prediction_status=low_severity,"İzle, müdahale etme. Yangın bu kareyi ağır yakmamış (düşük şiddet, dNBR 0,19).","Model bu rejimde tahmin üretmiyor. Kendi toparlanması bekleniyor, müdahale listesine alınmıyor. En yakın yol 2,89 km — erişim ve lojistik bu karede belirleyici olacak.",True
EGE_2021_04_004685,IZLE,ERISIM_ZOR,,,prediction_status=low_severity,"İzle, müdahale etme. Yangın bu kareyi ağır yakmamış (düşük şiddet, dNBR 0,27).","Model bu rejimde tahmin üretmiyor. Kendi toparlanması bekleniyor, müdahale listesine alınmıyor. En yakın yol 2,79 km — erişim ve lojistik bu karede belirleyici olacak.",True
EGE_2021_04_004686,IZLE,ERISIM_ZOR|DIK_YAMAC,,,prediction_status=low_severity,"İzle, müdahale etme. Yangın bu kareyi ağır yakmamış (düşük şiddet, dNBR 0,14).","Model bu rejimde tahmin üretmiyor. Kendi toparlanması bekleniyor, müdahale listesine alınmıyor. En yakın yol 2,70 km — erişim ve lojistik bu karede belirleyici olacak. Eğim 27,4° ile yüksek; makineli çalışma sınırlı olabilir.",True
EGE_2021_04_004692,IZLE,ERISIM_ZOR|DIK_YAMAC,,,prediction_status=low_severity,"İzle, müdahale etme. Yangın bu kareyi ağır yakmamış (düşük şiddet, dNBR 0,16).","Model bu rejimde tahmin üretmiyor. Kendi toparlanması bekleniyor, müdahale listesine alınmıyor. En yakın yol 2,69 km — erişim ve lojistik bu karede belirleyici olacak. Eğim 25,5° ile yüksek; makineli çalışma sınırlı olabilir.",True
EGE_2021_04_004693,IZLE,ERISIM_ZOR,,,prediction_status=low_severity,"İzle, müdahale etme. Yangın bu kareyi ağır yakmamış (düşük şiddet, dNBR 0,23).","Model bu rejimde tahmin üretmiyor. Kendi toparlanması bekleniyor, müdahale listesine alınmıyor. En yakın yol 2,77 km — erişim ve lojistik bu karede belirleyici olacak.",True
EGE_2021_04_004694,IZLE,ERISIM_ZOR,,,prediction_status=low_severity,"İzle, müdahale etme. Yangın bu kareyi ağır yakmamış (düşük şiddet, dNBR 0,22).","Model bu rejimde tahmin üretmiyor. Kendi toparlanması bekleniyor, müdahale listesine alınmıyor. En yakın yol 2,87 km — erişim ve lojistik bu karede belirleyici olacak.",True
EGE_2021_04_004695,IZLE,ERISIM_ZOR|DIK_YAMAC,,,prediction_status=low_severity,"İzle, müdahale etme. Yangın bu kareyi ağır yakmamış (düşük şiddet, dNBR 0,21).","Model bu rejimde tahmin üretmiyor. Kendi toparlanması bekleniyor, müdahale listesine alınmıyor. En yakın yol 2,98 km — erişim ve lojistik bu karede belirleyici olacak. Eğim 30,6° ile yüksek; makineli çalışma sınırlı olabilir.",True
EGE_2021_04_004696,IZLE,ERISIM_ZOR|DIK_YAMAC,,,prediction_status=low_severity,"İzle, müdahale etme. Yangın bu kareyi ağır yakmamış (düşük şiddet, dNBR 0,18).","Model bu rejimde tahmin üretmiyor. Kendi toparlanması bekleniyor, müdahale listesine alınmıyor. En yakın yol 3,11 km — erişim ve lojistik bu karede belirleyici olacak. Eğim 25,7° ile yüksek; makineli çalışma sınırlı olabilir.",True
EGE_2021_04_004697,IZLE,ERISIM_ZOR,,,prediction_status=low_severity,"İzle, müdahale etme. Yangın bu kareyi ağır yakmamış (düşük şiddet, dNBR 0,16).","Model bu rejimde tahmin üretmiyor. Kendi toparlanması bekleniyor, müdahale listesine alınmıyor. En yakın yol 3,26 km — erişim ve lojistik bu karede belirleyici olacak.",True
EGE_2021_04_004698,IZLE,ERISIM_ZOR,,,prediction_status=low_severity,"İzle, müdahale etme. Yangın bu kareyi ağır yakmamış (düşük şiddet, dNBR 0,21).","Model bu rejimde tahmin üretmiyor. Kendi toparlanması bekleniyor, müdahale listesine alınmıyor. En yakın yol 3,41 km — erişim ve lojistik bu karede belirleyici olacak.",True
EGE_2021_04_004699,ONCELIGE_GORE,ERISIM_ZOR,0.3842,,toparlanma=0.38 0.35..0.50,Öncelik sırasına göre değerlendir. Kısmi toparlanma bekleniyor; müdahale kararı bütçeye ve sıraya bağlı.,"Modelin tahminine göre yangın öncesi örtünün %38 kadarı iki yılda geri gelecek. Ne kendi kapanacak kadar iyi ne de acil müdahale gerektirecek kadar kötü — öncelik skoru bu kareyi sıranın neresine koyduğuna bakın. En yakın yol 3,44 km — erişim ve lojistik bu karede belirleyici olacak.",True
EGE_2021_04_004700,IZLE,ERISIM_ZOR,,,prediction_status=low_severity,"İzle, müdahale etme. Yangın bu kareyi ağır yakmamış (düşük şiddet, dNBR 0,26).","Model bu rejimde tahmin üretmiyor. Kendi toparlanması bekleniyor, müdahale listesine alınmıyor. En yakın yol 3,30 km — erişim ve lojistik bu karede belirleyici olacak.",True
EGE_2021_04_004701,IZLE,ERISIM_ZOR|DIK_YAMAC,,,prediction_status=low_severity,"İzle, müdahale etme. Yangın bu kareyi ağır yakmamış (düşük şiddet, dNBR 0,22).","Model bu rejimde tahmin üretmiyor. Kendi toparlanması bekleniyor, müdahale listesine alınmıyor. En yakın yol 3,18 km — erişim ve lojistik bu karede belirleyici olacak. Eğim 29,8° ile yüksek; makineli çalışma sınırlı olabilir.",True
EGE_2021_04_004702,ONCELIGE_GORE,ERISIM_ZOR|DIK_YAMAC,0.3591,,toparlanma=0.36 0.35..0.50,Öncelik sırasına göre değerlendir. Kısmi toparlanma bekleniyor; müdahale kararı bütçeye ve sıraya bağlı.,"Modelin tahminine göre yangın öncesi örtünün %36 kadarı iki yılda geri gelecek. Ne kendi kapanacak kadar iyi ne de acil müdahale gerektirecek kadar kötü — öncelik skoru bu kareyi sıranın neresine koyduğuna bakın. En yakın yol 3,08 km — erişim ve lojistik bu karede belirleyici olacak. Eğim 29,2° ile yüksek; makineli çalışma sınırlı olabilir.",True
EGE_2021_04_004703,IZLE,ERISIM_ZOR|DIK_YAMAC,,,prediction_status=low_severity,"İzle, müdahale etme. Yangın bu kareyi ağır yakmamış (düşük şiddet, dNBR 0,19).","Model bu rejimde tahmin üretmiyor. Kendi toparlanması bekleniyor, müdahale listesine alınmıyor. En yakın yol 2,97 km — erişim ve lojistik bu karede belirleyici olacak. Eğim 36,7° ile yüksek; makineli çalışma sınırlı olabilir.",True
EGE_2021_04_004704,IZLE,ERISIM_ZOR|DIK_YAMAC,,,prediction_status=low_severity,"İzle, müdahale etme. Yangın bu kareyi ağır yakmamış (düşük şiddet, dNBR 0,20).","Model bu rejimde tahmin üretmiyor. Kendi toparlanması bekleniyor, müdahale listesine alınmıyor. En yakın yol 2,85 km — erişim ve lojistik bu karede belirleyici olacak. Eğim 30,8° ile yüksek; makineli çalışma sınırlı olabilir.",True
EGE_2021_04_004705,IZLE,ERISIM_ZOR,,,prediction_status=low_severity,"İzle, müdahale etme. Yangın bu kareyi ağır yakmamış (düşük şiddet, dNBR 0,18).","Model bu rejimde tahmin üretmiyor. Kendi toparlanması bekleniyor, müdahale listesine alınmıyor. En yakın yol 2,74 km — erişim ve lojistik bu karede belirleyici olacak.",True
EGE_2021_04_004706,ONCELIGE_GORE,ERISIM_ZOR,0.3626,,toparlanma=0.36 0.35..0.50,Öncelik sırasına göre değerlendir. Kısmi toparlanma bekleniyor; müdahale kararı bütçeye ve sıraya bağlı.,"Modelin tahminine göre yangın öncesi örtünün %36 kadarı iki yılda geri gelecek. Ne kendi kapanacak kadar iyi ne de acil müdahale gerektirecek kadar kötü — öncelik skoru bu kareyi sıranın neresine koyduğuna bakın. En yakın yol 2,65 km — erişim ve lojistik bu karede belirleyici olacak.",True
EGE_2021_04_004707,IZLE,ERISIM_ZOR,,,prediction_status=low_severity,"İzle, müdahale etme. Yangın bu kareyi ağır yakmamış (düşük şiddet, dNBR 0,21).","Model bu rejimde tahmin üretmiyor. Kendi toparlanması bekleniyor, müdahale listesine alınmıyor. En yakın yol 2,59 km — erişim ve lojistik bu karede belirleyici olacak.",True
EGE_2021_04_004709,IZLE,ERISIM_ZOR|DIK_YAMAC,,,prediction_status=low_severity,"İzle, müdahale etme. Yangın bu kareyi ağır yakmamış (düşük şiddet, dNBR 0,13).","Model bu rejimde tahmin üretmiyor. Kendi toparlanması bekleniyor, müdahale listesine alınmıyor. En yakın yol 2,53 km — erişim ve lojistik bu karede belirleyici olacak. Eğim 26,4° ile yüksek; makineli çalışma sınırlı olabilir.",True
EGE_2021_04_004710,EROZYON_ONCE,ERISIM_ZOR,0.3294,"kızılçam, fıstıkçamı",toparlanma=0.33 egim=28.2>=25 <0.35,"Önce erozyon kontrolü. Toparlanma tahmini zayıf ve eğim 28,2° — dikimden önce toprak tutma önlemi gerekiyor.","Modelin tahminine göre yangın öncesi örtünün ancak %33 kadarı iki yılda geri gelecek. Dik yamaçta çıplak toprak ilk sağanakta taşınır; stabilizasyon yapılmadan yapılan dikim de birlikte gider. En yakın yol 2,54 km — erişim ve lojistik bu karede belirleyici olacak. Yetişme ortamı: Ege kuşağı, 748 m, dik yamaç (25°+). Bu koşullar için önerilen türler: kızılçam, fıstıkçamı. Tür önerisi sistemin çıkarımı değil, dışarıdan verilen tablodan okunmuştur. Tablo: ÖRNEK TABLO — OGM tür-yetişme ortamı rehberi ile değiştirilecek",True
EGE_2021_04_004711,IZLE,ERISIM_ZOR|DIK_YAMAC,,,prediction_status=low_severity,"İzle, müdahale etme. Yangın bu kareyi ağır yakmamış (düşük şiddet, dNBR 0,24).","Model bu rejimde tahmin üretmiyor. Kendi toparlanması bekleniyor, müdahale listesine alınmıyor. En yakın yol 2,57 km — erişim ve lojistik bu karede belirleyici olacak. Eğim 30,0° ile yüksek; makineli çalışma sınırlı olabilir.",True
EGE_2021_04_004715,IZLE,DIK_YAMAC,,,prediction_status=low_severity,"İzle, müdahale etme. Yangın bu kareyi ağır yakmamış (düşük şiddet, dNBR 0,12).","Model bu rejimde tahmin üretmiyor. Kendi toparlanması bekleniyor, müdahale listesine alınmıyor. Eğim 25,7° ile yüksek; makineli çalışma sınırlı olabilir.",True
EGE_2021_04_004716,IZLE,DIK_YAMAC,,,prediction_status=low_severity,"İzle, müdahale etme. Yangın bu kareyi ağır yakmamış (düşük şiddet, dNBR 0,16).","Model bu rejimde tahmin üretmiyor. Kendi toparlanması bekleniyor, müdahale listesine alınmıyor. Eğim 29,8° ile yüksek; makineli çalışma sınırlı olabilir.",True
EGE_2021_04_004717,IZLE,,,,prediction_status=low_severity,"İzle, müdahale etme. Yangın bu kareyi ağır yakmamış (düşük şiddet, dNBR 0,17).","Model bu rejimde tahmin üretmiyor. Kendi toparlanması bekleniyor, müdahale listesine alınmıyor.",True
EGE_2021_04_004718,IZLE,,,,prediction_status=low_severity,"İzle, müdahale etme. Yangın bu kareyi ağır yakmamış (düşük şiddet, dNBR 0,22).","Model bu rejimde tahmin üretmiyor. Kendi toparlanması bekleniyor, müdahale listesine alınmıyor.",True
EGE_2021_04_004719,IZLE,,,,prediction_status=low_severity,"İzle, müdahale etme. Yangın bu kareyi ağır yakmamış (düşük şiddet, dNBR 0,13).","Model bu rejimde tahmin üretmiyor. Kendi toparlanması bekleniyor, müdahale listesine alınmıyor.",True
EGE_2021_04_004720,IZLE,,,,prediction_status=low_severity,"İzle, müdahale etme. Yangın bu kareyi ağır yakmamış (orta-düşük şiddet, dNBR 0,28).","Model bu rejimde tahmin üretmiyor. Kendi toparlanması bekleniyor, müdahale listesine alınmıyor.",True
EGE_2021_04_004721,IZLE,,,,prediction_status=low_severity,"İzle, müdahale etme. Yangın bu kareyi ağır yakmamış (düşük şiddet, dNBR 0,20).","Model bu rejimde tahmin üretmiyor. Kendi toparlanması bekleniyor, müdahale listesine alınmıyor.",True
EGE_2021_04_004722,IZLE,,,,prediction_status=low_severity,"İzle, müdahale etme. Yangın bu kareyi ağır yakmamış (düşük şiddet, dNBR 0,10).","Model bu rejimde tahmin üretmiyor. Kendi toparlanması bekleniyor, müdahale listesine alınmıyor.",True
EGE_2021_04_004723,DIKIM_ADAYI,,0.3498,"karaçam, sedir",toparlanma=0.35 <0.35,"Aktif dikim adayı. Doğal toparlanma zayıf kalıyor, eğim (12,5°) dikime elverişli.","Modelin tahminine göre yangın öncesi örtünün ancak %35 kadarı iki yılda geri gelecek — kendi başına kapanmayacak bir açık var. Yetişme ortamı: Ege kuşağı, 1361 m, orta eğimli (10–25°). Bu koşullar için önerilen türler: karaçam, sedir. Tür önerisi sistemin çıkarımı değil, dışarıdan verilen tablodan okunmuştur. Tablo: ÖRNEK TABLO — OGM tür-yetişme ortamı rehberi ile değiştirilecek",True
EGE_2021_04_004724,DIKIM_ADAYI,AGIR_YANMIS,0.2583,"karaçam, sedir",toparlanma=0.26 <0.35,"Aktif dikim adayı. Doğal toparlanma zayıf kalıyor, eğim (17,7°) dikime elverişli.","Modelin tahminine göre yangın öncesi örtünün ancak %26 kadarı iki yılda geri gelecek — kendi başına kapanmayacak bir açık var. Yangın yüksek şiddet sınıfında (dNBR 0,78); toprak yüzeyi büyük olasılıkla açıkta. Yetişme ortamı: Ege kuşağı, 1289 m, orta eğimli (10–25°). Bu koşullar için önerilen türler: karaçam, sedir. Tür önerisi sistemin çıkarımı değil, dışarıdan verilen tablodan okunmuştur. Tablo: ÖRNEK TABLO — OGM tür-yetişme ortamı rehberi ile değiştirilecek",True
EGE_2021_04_004725,ONCELIGE_GORE,AGIR_YANMIS,0.3531,,toparlanma=0.35 0.35..0.50,Öncelik sırasına göre değerlendir. Kısmi toparlanma bekleniyor; müdahale kararı bütçeye ve sıraya bağlı.,"Modelin tahminine göre yangın öncesi örtünün %35 kadarı iki yılda geri gelecek. Ne kendi kapanacak kadar iyi ne de acil müdahale gerektirecek kadar kötü — öncelik skoru bu kareyi sıranın neresine koyduğuna bakın. Yangın orta-yüksek şiddet sınıfında (dNBR 0,48); toprak yüzeyi büyük olasılıkla açıkta.",True
EGE_2021_04_004726,IZLE,,,,prediction_status=low_severity,"İzle, müdahale etme. Yangın bu kareyi ağır yakmamış (düşük şiddet, dNBR 0,26).","Model bu rejimde tahmin üretmiyor. Kendi toparlanması bekleniyor, müdahale listesine alınmıyor.",True
EGE_2021_04_004727,IZLE,,,,prediction_status=low_severity,"İzle, müdahale etme. Yangın bu kareyi ağır yakmamış (düşük şiddet, dNBR 0,16).","Model bu rejimde tahmin üretmiyor. Kendi toparlanması bekleniyor, müdahale listesine alınmıyor.",True
EGE_2021_04_004787,IZLE,ERISIM_ZOR,,,prediction_status=low_severity,"İzle, müdahale etme. Yangın bu kareyi ağır yakmamış (düşük şiddet, dNBR 0,10).","Model bu rejimde tahmin üretmiyor. Kendi toparlanması bekleniyor, müdahale listesine alınmıyor. En yakın yol 2,42 km — erişim ve lojistik bu karede belirleyici olacak.",True
EGE_2021_04_004788,IZLE,ERISIM_ZOR|DIK_YAMAC,,,prediction_status=low_severity,"İzle, müdahale etme. Yangın bu kareyi ağır yakmamış (düşük şiddet, dNBR 0,13).","Model bu rejimde tahmin üretmiyor. Kendi toparlanması bekleniyor, müdahale listesine alınmıyor. En yakın yol 2,52 km — erişim ve lojistik bu karede belirleyici olacak. Eğim 28,0° ile yüksek; makineli çalışma sınırlı olabilir.",True
EGE_2021_04_004789,IZLE,ERISIM_ZOR|DIK_YAMAC,,,prediction_status=low_severity,"İzle, müdahale etme. Yangın bu kareyi ağır yakmamış (düşük şiddet, dNBR 0,14).","Model bu rejimde tahmin üretmiyor. Kendi toparlanması bekleniyor, müdahale listesine alınmıyor. En yakın yol 2,64 km — erişim ve lojistik bu karede belirleyici olacak. Eğim 29,1° ile yüksek; makineli çalışma sınırlı olabilir.",True
EGE_2021_04_004790,IZLE,ERISIM_ZOR,,,prediction_status=low_severity,"İzle, müdahale etme. Yangın bu kareyi ağır yakmamış (düşük şiddet, dNBR 0,22).","Model bu rejimde tahmin üretmiyor. Kendi toparlanması bekleniyor, müdahale listesine alınmıyor. En yakın yol 2,78 km — erişim ve lojistik bu karede belirleyici olacak.",True
EGE_2021_04_004793,IZLE,ERISIM_ZOR,,,prediction_status=low_severity,"İzle, müdahale etme. Yangın bu kareyi ağır yakmamış (orta-düşük şiddet, dNBR 0,27).","Model bu rejimde tahmin üretmiyor. Kendi toparlanması bekleniyor, müdahale listesine alınmıyor. En yakın yol 3,02 km — erişim ve lojistik bu karede belirleyici olacak.",True
EGE_2021_04_004794,IZLE,ERISIM_ZOR|DIK_YAMAC,,,prediction_status=low_severity,"İzle, müdahale etme. Yangın bu kareyi ağır yakmamış (düşük şiddet, dNBR 0,18).","Model bu rejimde tahmin üretmiyor. Kendi toparlanması bekleniyor, müdahale listesine alınmıyor. En yakın yol 2,94 km — erişim ve lojistik bu karede belirleyici olacak. Eğim 32,5° ile yüksek; makineli çalışma sınırlı olabilir.",True
EGE_2021_04_004800,IZLE,ERISIM_ZOR|DIK_YAMAC,,,prediction_status=low_severity,"İzle, müdahale etme. Yangın bu kareyi ağır yakmamış (düşük şiddet, dNBR 0,12).","Model bu rejimde tahmin üretmiyor. Kendi toparlanması bekleniyor, müdahale listesine alınmıyor. En yakın yol 2,93 km — erişim ve lojistik bu karede belirleyici olacak. Eğim 27,0° ile yüksek; makineli çalışma sınırlı olabilir.",True
EGE_2021_04_004801,EROZYON_ONCE,ERISIM_ZOR,0.2452,"karaçam, sedir",toparlanma=0.25 egim=27.3>=25 <0.35,"Önce erozyon kontrolü. Toparlanma tahmini zayıf ve eğim 27,3° — dikimden önce toprak tutma önlemi gerekiyor.","Modelin tahminine göre yangın öncesi örtünün ancak %25 kadarı iki yılda geri gelecek. Dik yamaçta çıplak toprak ilk sağanakta taşınır; stabilizasyon yapılmadan yapılan dikim de birlikte gider. En yakın yol 3,00 km — erişim ve lojistik bu karede belirleyici olacak. Yetişme ortamı: Ege kuşağı, 1405 m, dik yamaç (25°+). Bu koşullar için önerilen türler: karaçam, sedir. Tür önerisi sistemin çıkarımı değil, dışarıdan verilen tablodan okunmuştur. Tablo: ÖRNEK TABLO — OGM tür-yetişme ortamı rehberi ile değiştirilecek",True
EGE_2021_04_004802,IZLE,ERISIM_ZOR|DIK_YAMAC,,,prediction_status=low_severity,"İzle, müdahale etme. Yangın bu kareyi ağır yakmamış (düşük şiddet, dNBR 0,14).","Model bu rejimde tahmin üretmiyor. Kendi toparlanması bekleniyor, müdahale listesine alınmıyor. En yakın yol 3,09 km — erişim ve lojistik bu karede belirleyici olacak. Eğim 35,8° ile yüksek; makineli çalışma sınırlı olabilir.",True
EGE_2021_04_004805,IZLE,ERISIM_ZOR,,,prediction_status=low_severity,"İzle, müdahale etme. Yangın bu kareyi ağır yakmamış (düşük şiddet, dNBR 0,24).","Model bu rejimde tahmin üretmiyor. Kendi toparlanması bekleniyor, müdahale listesine alınmıyor. En yakın yol 3,46 km — erişim ve lojistik bu karede belirleyici olacak.",True
EGE_2021_04_004806,ONCELIGE_GORE,ERISIM_ZOR,0.3736,,toparlanma=0.37 0.35..0.50,Öncelik sırasına göre değerlendir. Kısmi toparlanma bekleniyor; müdahale kararı bütçeye ve sıraya bağlı.,"Modelin tahminine göre yangın öncesi örtünün %37 kadarı iki yılda geri gelecek. Ne kendi kapanacak kadar iyi ne de acil müdahale gerektirecek kadar kötü — öncelik skoru bu kareyi sıranın neresine koyduğuna bakın. En yakın yol 3,39 km — erişim ve lojistik bu karede belirleyici olacak.",True
EGE_2021_04_004807,ONCELIGE_GORE,ERISIM_ZOR,0.4106,,toparlanma=0.41 0.35..0.50,Öncelik sırasına göre değerlendir. Kısmi toparlanma bekleniyor; müdahale kararı bütçeye ve sıraya bağlı.,"Modelin tahminine göre yangın öncesi örtünün %41 kadarı iki yılda geri gelecek. Ne kendi kapanacak kadar iyi ne de acil müdahale gerektirecek kadar kötü — öncelik skoru bu kareyi sıranın neresine koyduğuna bakın. En yakın yol 3,23 km — erişim ve lojistik bu karede belirleyici olacak.",True
EGE_2021_04_004808,IZLE,ERISIM_ZOR,,,prediction_status=low_severity,"İzle, müdahale etme. Yangın bu kareyi ağır yakmamış (düşük şiddet, dNBR 0,16).","Model bu rejimde tahmin üretmiyor. Kendi toparlanması bekleniyor, müdahale listesine alınmıyor. En yakın yol 3,09 km — erişim ve lojistik bu karede belirleyici olacak.",True
EGE_2021_04_004809,IZLE,ERISIM_ZOR|DIK_YAMAC,,,prediction_status=low_severity,"İzle, müdahale etme. Yangın bu kareyi ağır yakmamış (düşük şiddet, dNBR 0,20).","Model bu rejimde tahmin üretmiyor. Kendi toparlanması bekleniyor, müdahale listesine alınmıyor. En yakın yol 2,96 km — erişim ve lojistik bu karede belirleyici olacak. Eğim 31,4° ile yüksek; makineli çalışma sınırlı olabilir.",True
EGE_2021_04_004810,IZLE,ERISIM_ZOR|DIK_YAMAC,,,prediction_status=low_severity,"İzle, müdahale etme. Yangın bu kareyi ağır yakmamış (düşük şiddet, dNBR 0,21).","Model bu rejimde tahmin üretmiyor. Kendi toparlanması bekleniyor, müdahale listesine alınmıyor. En yakın yol 2,85 km — erişim ve lojistik bu karede belirleyici olacak. Eğim 25,0° ile yüksek; makineli çalışma sınırlı olabilir.",True
EGE_2021_04_004811,IZLE,ERISIM_ZOR|DIK_YAMAC,,,prediction_status=low_severity,"İzle, müdahale etme. Yangın bu kareyi ağır yakmamış (düşük şiddet, dNBR 0,19).","Model bu rejimde tahmin üretmiyor. Kendi toparlanması bekleniyor, müdahale listesine alınmıyor. En yakın yol 2,75 km — erişim ve lojistik bu karede belirleyici olacak. Eğim 33,9° ile yüksek; makineli çalışma sınırlı olabilir.",True
EGE_2021_04_004812,IZLE,ERISIM_ZOR|DIK_YAMAC,,,prediction_status=low_severity,"İzle, müdahale etme. Yangın bu kareyi ağır yakmamış (düşük şiddet, dNBR 0,22).","Model bu rejimde tahmin üretmiyor. Kendi toparlanması bekleniyor, müdahale listesine alınmıyor. En yakın yol 2,63 km — erişim ve lojistik bu karede belirleyici olacak. Eğim 25,9° ile yüksek; makineli çalışma sınırlı olabilir.",True
EGE_2021_04_004814,IZLE,ERISIM_ZOR,,,prediction_status=low_severity,"İzle, müdahale etme. Yangın bu kareyi ağır yakmamış (düşük şiddet, dNBR 0,15).","Model bu rejimde tahmin üretmiyor. Kendi toparlanması bekleniyor, müdahale listesine alınmıyor. En yakın yol 2,42 km — erişim ve lojistik bu karede belirleyici olacak.",True
EGE_2021_04_004815,IZLE,ERISIM_ZOR,,,prediction_status=low_severity,"İzle, müdahale etme. Yangın bu kareyi ağır yakmamış (düşük şiddet, dNBR 0,16).","Model bu rejimde tahmin üretmiyor. Kendi toparlanması bekleniyor, müdahale listesine alınmıyor. En yakın yol 2,35 km — erişim ve lojistik bu karede belirleyici olacak.",True
EGE_2021_04_004818,IZLE,ERISIM_ZOR,,,prediction_status=low_severity,"İzle, müdahale etme. Yangın bu kareyi ağır yakmamış (düşük şiddet, dNBR 0,22).","Model bu rejimde tahmin üretmiyor. Kendi toparlanması bekleniyor, müdahale listesine alınmıyor. En yakın yol 2,29 km — erişim ve lojistik bu karede belirleyici olacak.",True
EGE_2021_04_004821,IZLE,ERISIM_ZOR|DIK_YAMAC,,,prediction_status=low_severity,"İzle, müdahale etme. Yangın bu kareyi ağır yakmamış (düşük şiddet, dNBR 0,17).","Model bu rejimde tahmin üretmiyor. Kendi toparlanması bekleniyor, müdahale listesine alınmıyor. En yakın yol 2,18 km — erişim ve lojistik bu karede belirleyici olacak. Eğim 39,1° ile yüksek; makineli çalışma sınırlı olabilir.",True
EGE_2021_04_004822,IZLE,DIK_YAMAC,,,prediction_status=low_severity,"İzle, müdahale etme. Yangın bu kareyi ağır yakmamış (düşük şiddet, dNBR 0,16).","Model bu rejimde tahmin üretmiyor. Kendi toparlanması bekleniyor, müdahale listesine alınmıyor. Eğim 35,6° ile yüksek; makineli çalışma sınırlı olabilir.",True
EGE_2021_04_004823,IZLE,DIK_YAMAC,,,prediction_status=low_severity,"İzle, müdahale etme. Yangın bu kareyi ağır yakmamış (düşük şiddet, dNBR 0,14).","Model bu rejimde tahmin üretmiyor. Kendi toparlanması bekleniyor, müdahale listesine alınmıyor. Eğim 31,0° ile yüksek; makineli çalışma sınırlı olabilir.",True
EGE_2021_04_004827,DIKIM_ADAYI,AGIR_YANMIS,0.2954,"karaçam, sedir",toparlanma=0.30 <0.35,"Aktif dikim adayı. Doğal toparlanma zayıf kalıyor, eğim (24,1°) dikime elverişli.","Modelin tahminine göre yangın öncesi örtünün ancak %30 kadarı iki yılda geri gelecek — kendi başına kapanmayacak bir açık var. Yangın orta-yüksek şiddet sınıfında (dNBR 0,54); toprak yüzeyi büyük olasılıkla açıkta. Yetişme ortamı: Ege kuşağı, 1280 m, orta eğimli (10–25°). Bu koşullar için önerilen türler: karaçam, sedir. Tür önerisi sistemin çıkarımı değil, dışarıdan verilen tablodan okunmuştur. Tablo: ÖRNEK TABLO — OGM tür-yetişme ortamı rehberi ile değiştirilecek",True
EGE_2021_04_004828,IZLE,,,,prediction_status=low_severity,"İzle, müdahale etme. Yangın bu kareyi ağır yakmamış (orta-düşük şiddet, dNBR 0,29).","Model bu rejimde tahmin üretmiyor. Kendi toparlanması bekleniyor, müdahale listesine alınmıyor.",True
EGE_2021_04_004829,IZLE,ESKIDEN_ORMAN_DEGIL,,,prediction_status=low_severity,"İzle, müdahale etme. Yangın bu kareyi ağır yakmamış (düşük şiddet, dNBR 0,14).","Model bu rejimde tahmin üretmiyor. Kendi toparlanması bekleniyor, müdahale listesine alınmıyor. Yangın öncesi örtü otlak ve çalılık idi; orman kurma değil, mevcut örtünün onarımı düşünülmeli.",True
EGE_2021_04_004830,IZLE,,,,prediction_status=low_severity,"İzle, müdahale etme. Yangın bu kareyi ağır yakmamış (düşük şiddet, dNBR 0,25).","Model bu rejimde tahmin üretmiyor. Kendi toparlanması bekleniyor, müdahale listesine alınmıyor.",True
EGE_2021_04_004831,DIKIM_ADAYI,,0.2906,"karaçam, sedir",toparlanma=0.29 <0.35,"Aktif dikim adayı. Doğal toparlanma zayıf kalıyor, eğim (14,0°) dikime elverişli.","Modelin tahminine göre yangın öncesi örtünün ancak %29 kadarı iki yılda geri gelecek — kendi başına kapanmayacak bir açık var. Yetişme ortamı: Ege kuşağı, 1337 m, orta eğimli (10–25°). Bu koşullar için önerilen türler: karaçam, sedir. Tür önerisi sistemin çıkarımı değil, dışarıdan verilen tablodan okunmuştur. Tablo: ÖRNEK TABLO — OGM tür-yetişme ortamı rehberi ile değiştirilecek",True
EGE_2021_04_004832,IZLE,,,,prediction_status=low_severity,"İzle, müdahale etme. Yangın bu kareyi ağır yakmamış (orta-düşük şiddet, dNBR 0,28).","Model bu rejimde tahmin üretmiyor. Kendi toparlanması bekleniyor, müdahale listesine alınmıyor.",True
EGE_2021_04_004833,IZLE,,,,prediction_status=low_severity,"İzle, müdahale etme. Yangın bu kareyi ağır yakmamış (düşük şiddet, dNBR 0,23).","Model bu rejimde tahmin üretmiyor. Kendi toparlanması bekleniyor, müdahale listesine alınmıyor.",True
EGE_2021_04_004834,ONCELIGE_GORE,,0.4204,,toparlanma=0.42 0.35..0.50,Öncelik sırasına göre değerlendir. Kısmi toparlanma bekleniyor; müdahale kararı bütçeye ve sıraya bağlı.,Modelin tahminine göre yangın öncesi örtünün %42 kadarı iki yılda geri gelecek. Ne kendi kapanacak kadar iyi ne de acil müdahale gerektirecek kadar kötü — öncelik skoru bu kareyi sıranın neresine koyduğuna bakın.,True
EGE_2021_04_004835,IZLE,DIK_YAMAC,,,prediction_status=low_severity,"İzle, müdahale etme. Yangın bu kareyi ağır yakmamış (düşük şiddet, dNBR 0,14).","Model bu rejimde tahmin üretmiyor. Kendi toparlanması bekleniyor, müdahale listesine alınmıyor. Eğim 28,0° ile yüksek; makineli çalışma sınırlı olabilir.",True
EGE_2021_04_004894,IZLE,ERISIM_ZOR,,,prediction_status=low_severity,"İzle, müdahale etme. Yangın bu kareyi ağır yakmamış (düşük şiddet, dNBR 0,10).","Model bu rejimde tahmin üretmiyor. Kendi toparlanması bekleniyor, müdahale listesine alınmıyor. En yakın yol 2,50 km — erişim ve lojistik bu karede belirleyici olacak.",True
EGE_2021_04_004896,IZLE,ERISIM_ZOR|DIK_YAMAC,,,prediction_status=low_severity,"İzle, müdahale etme. Yangın bu kareyi ağır yakmamış (düşük şiddet, dNBR 0,12).","Model bu rejimde tahmin üretmiyor. Kendi toparlanması bekleniyor, müdahale listesine alınmıyor. En yakın yol 2,75 km — erişim ve lojistik bu karede belirleyici olacak. Eğim 28,9° ile yüksek; makineli çalışma sınırlı olabilir.",True
EGE_2021_04_004897,IZLE,ERISIM_ZOR|DIK_YAMAC,,,prediction_status=low_severity,"İzle, müdahale etme. Yangın bu kareyi ağır yakmamış (düşük şiddet, dNBR 0,13).","Model bu rejimde tahmin üretmiyor. Kendi toparlanması bekleniyor, müdahale listesine alınmıyor. En yakın yol 2,86 km — erişim ve lojistik bu karede belirleyici olacak. Eğim 28,7° ile yüksek; makineli çalışma sınırlı olabilir.",True
EGE_2021_04_004898,IZLE,ERISIM_ZOR,,,prediction_status=low_severity,"İzle, müdahale etme. Yangın bu kareyi ağır yakmamış (düşük şiddet, dNBR 0,21).","Model bu rejimde tahmin üretmiyor. Kendi toparlanması bekleniyor, müdahale listesine alınmıyor. En yakın yol 2,99 km — erişim ve lojistik bu karede belirleyici olacak.",True
EGE_2021_04_004899,IZLE,ERISIM_ZOR|DIK_YAMAC,,,prediction_status=low_severity,"İzle, müdahale etme. Yangın bu kareyi ağır yakmamış (düşük şiddet, dNBR 0,18).","Model bu rejimde tahmin üretmiyor. Kendi toparlanması bekleniyor, müdahale listesine alınmıyor. En yakın yol 3,13 km — erişim ve lojistik bu karede belirleyici olacak. Eğim 31,2° ile yüksek; makineli çalışma sınırlı olabilir.",True
EGE_2021_04_004900,IZLE,ERISIM_ZOR|DIK_YAMAC,,,prediction_status=low_severity,"İzle, müdahale etme. Yangın bu kareyi ağır yakmamış (düşük şiddet, dNBR 0,11).","Model bu rejimde tahmin üretmiyor. Kendi toparlanması bekleniyor, müdahale listesine alınmıyor. En yakın yol 3,28 km — erişim ve lojistik bu karede belirleyici olacak. Eğim 40,2° ile yüksek; makineli çalışma sınırlı olabilir.",True
EGE_2021_04_004901,IZLE,ERISIM_ZOR|ESKIDEN_ORMAN_DEGIL|DIK_YAMAC,,,prediction_status=low_severity,"İzle, müdahale etme. Yangın bu kareyi ağır yakmamış (düşük şiddet, dNBR 0,12).","Model bu rejimde tahmin üretmiyor. Kendi toparlanması bekleniyor, müdahale listesine alınmıyor. En yakın yol 3,26 km — erişim ve lojistik bu karede belirleyici olacak. Yangın öncesi örtü otlak ve çalılık idi; orman kurma değil, mevcut örtünün onarımı düşünülmeli. Eğim 40,7° ile yüksek; makineli çalışma sınırlı olabilir.",True
EGE_2021_04_004902,IZLE,ERISIM_ZOR|ESKIDEN_ORMAN_DEGIL|DIK_YAMAC,,,prediction_status=low_severity,"İzle, müdahale etme. Yangın bu kareyi ağır yakmamış (düşük şiddet, dNBR 0,14).","Model bu rejimde tahmin üretmiyor. Kendi toparlanması bekleniyor, müdahale listesine alınmıyor. En yakın yol 3,19 km — erişim ve lojistik bu karede belirleyici olacak. Yangın öncesi örtü otlak ve çalılık idi; orman kurma değil, mevcut örtünün onarımı düşünülmeli. Eğim 33,8° ile yüksek; makineli çalışma sınırlı olabilir.",True
EGE_2021_04_004908,IZLE,ERISIM_ZOR|DIK_YAMAC,,,prediction_status=low_severity,"İzle, müdahale etme. Yangın bu kareyi ağır yakmamış (düşük şiddet, dNBR 0,20).","Model bu rejimde tahmin üretmiyor. Kendi toparlanması bekleniyor, müdahale listesine alınmıyor. En yakın yol 3,17 km — erişim ve lojistik bu karede belirleyici olacak. Eğim 28,2° ile yüksek; makineli çalışma sınırlı olabilir.",True
EGE_2021_04_004909,IZLE,ERISIM_ZOR|DIK_YAMAC,,,prediction_status=low_severity,"İzle, müdahale etme. Yangın bu kareyi ağır yakmamış (düşük şiddet, dNBR 0,22).","Model bu rejimde tahmin üretmiyor. Kendi toparlanması bekleniyor, müdahale listesine alınmıyor. En yakın yol 3,24 km — erişim ve lojistik bu karede belirleyici olacak. Eğim 29,6° ile yüksek; makineli çalışma sınırlı olabilir.",True
EGE_2021_04_004913,IZLE,ERISIM_ZOR|DIK_YAMAC,,,prediction_status=low_severity,"İzle, müdahale etme. Yangın bu kareyi ağır yakmamış (düşük şiddet, dNBR 0,12).","Model bu rejimde tahmin üretmiyor. Kendi toparlanması bekleniyor, müdahale listesine alınmıyor. En yakın yol 3,37 km — erişim ve lojistik bu karede belirleyici olacak. Eğim 26,9° ile yüksek; makineli çalışma sınırlı olabilir.",True
EGE_2021_04_004914,GENCLESME_IZLE,ERISIM_ZOR,0.5028,,toparlanma=0.50 >=0.50,Doğal gençleşmeyi izle. Doğal toparlanma yeterli görünüyor.,"Modelin tahminine göre yangın öncesi örtünün %50 kadarı iki yılda geri geliyor — bu yangınlarda ölçtüğümüz tipik toparlanmanın üstünde. Müdahale yerine izleme öneriliyor; kaynak daha zayıf karelere ayrılmalı. En yakın yol 3,20 km — erişim ve lojistik bu karede belirleyici olacak.",True
EGE_2021_04_004915,ONCELIGE_GORE,ERISIM_ZOR,0.4459,,toparlanma=0.45 0.35..0.50,Öncelik sırasına göre değerlendir. Kısmi toparlanma bekleniyor; müdahale kararı bütçeye ve sıraya bağlı.,"Modelin tahminine göre yangın öncesi örtünün %45 kadarı iki yılda geri gelecek. Ne kendi kapanacak kadar iyi ne de acil müdahale gerektirecek kadar kötü — öncelik skoru bu kareyi sıranın neresine koyduğuna bakın. En yakın yol 3,03 km — erişim ve lojistik bu karede belirleyici olacak.",True
EGE_2021_04_004920,IZLE,ERISIM_ZOR|DIK_YAMAC,,,prediction_status=low_severity,"İzle, müdahale etme. Yangın bu kareyi ağır yakmamış (düşük şiddet, dNBR 0,15).","Model bu rejimde tahmin üretmiyor. Kendi toparlanması bekleniyor, müdahale listesine alınmıyor. En yakın yol 2,41 km — erişim ve lojistik bu karede belirleyici olacak. Eğim 39,9° ile yüksek; makineli çalışma sınırlı olabilir.",True
EGE_2021_04_004922,IZLE,ERISIM_ZOR|DIK_YAMAC,,,prediction_status=low_severity,"İzle, müdahale etme. Yangın bu kareyi ağır yakmamış (düşük şiddet, dNBR 0,21).","Model bu rejimde tahmin üretmiyor. Kendi toparlanması bekleniyor, müdahale listesine alınmıyor. En yakın yol 2,18 km — erişim ve lojistik bu karede belirleyici olacak. Eğim 29,7° ile yüksek; makineli çalışma sınırlı olabilir.",True
EGE_2021_04_004923,ONCELIGE_GORE,ERISIM_ZOR,0.4947,,toparlanma=0.49 0.35..0.50,Öncelik sırasına göre değerlendir. Kısmi toparlanma bekleniyor; müdahale kararı bütçeye ve sıraya bağlı.,"Modelin tahminine göre yangın öncesi örtünün %49 kadarı iki yılda geri gelecek. Ne kendi kapanacak kadar iyi ne de acil müdahale gerektirecek kadar kötü — öncelik skoru bu kareyi sıranın neresine koyduğuna bakın. En yakın yol 2,10 km — erişim ve lojistik bu karede belirleyici olacak.",True
EGE_2021_04_004924,IZLE,ERISIM_ZOR,,,prediction_status=low_severity,"İzle, müdahale etme. Yangın bu kareyi ağır yakmamış (düşük şiddet, dNBR 0,18).","Model bu rejimde tahmin üretmiyor. Kendi toparlanması bekleniyor, müdahale listesine alınmıyor. En yakın yol 2,05 km — erişim ve lojistik bu karede belirleyici olacak.",True
EGE_2021_04_004927,IZLE,ERISIM_ZOR,,,prediction_status=low_severity,"İzle, müdahale etme. Yangın bu kareyi ağır yakmamış (düşük şiddet, dNBR 0,14).","Model bu rejimde tahmin üretmiyor. Kendi toparlanması bekleniyor, müdahale listesine alınmıyor. En yakın yol 2,08 km — erişim ve lojistik bu karede belirleyici olacak.",True
EGE_2021_04_004928,IZLE,ERISIM_ZOR|DIK_YAMAC,,,prediction_status=low_severity,"İzle, müdahale etme. Yangın bu kareyi ağır yakmamış (düşük şiddet, dNBR 0,21).","Model bu rejimde tahmin üretmiyor. Kendi toparlanması bekleniyor, müdahale listesine alınmıyor. En yakın yol 2,15 km — erişim ve lojistik bu karede belirleyici olacak. Eğim 33,1° ile yüksek; makineli çalışma sınırlı olabilir.",True
EGE_2021_04_004929,IZLE,ERISIM_ZOR|DIK_YAMAC,,,prediction_status=low_severity,"İzle, müdahale etme. Yangın bu kareyi ağır yakmamış (düşük şiddet, dNBR 0,23).","Model bu rejimde tahmin üretmiyor. Kendi toparlanması bekleniyor, müdahale listesine alınmıyor. En yakın yol 2,23 km — erişim ve lojistik bu karede belirleyici olacak. Eğim 37,8° ile yüksek; makineli çalışma sınırlı olabilir.",True
EGE_2021_04_004930,IZLE,ESKIDEN_ORMAN_DEGIL|DIK_YAMAC,,,prediction_status=low_severity,"İzle, müdahale etme. Yangın bu kareyi ağır yakmamış (düşük şiddet, dNBR 0,18).","Model bu rejimde tahmin üretmiyor. Kendi toparlanması bekleniyor, müdahale listesine alınmıyor. Yangın öncesi örtü otlak ve çalılık idi; orman kurma değil, mevcut örtünün onarımı düşünülmeli. Eğim 34,7° ile yüksek; makineli çalışma sınırlı olabilir.",True
EGE_2021_04_004931,IZLE,DIK_YAMAC,,,prediction_status=low_severity,"İzle, müdahale etme. Yangın bu kareyi ağır yakmamış (düşük şiddet, dNBR 0,23).","Model bu rejimde tahmin üretmiyor. Kendi toparlanması bekleniyor, müdahale listesine alınmıyor. Eğim 29,1° ile yüksek; makineli çalışma sınırlı olabilir.",True
EGE_2021_04_004932,IZLE,DIK_YAMAC,,,prediction_status=low_severity,"İzle, müdahale etme. Yangın bu kareyi ağır yakmamış (düşük şiddet, dNBR 0,15).","Model bu rejimde tahmin üretmiyor. Kendi toparlanması bekleniyor, müdahale listesine alınmıyor. Eğim 39,4° ile yüksek; makineli çalışma sınırlı olabilir.",True
EGE_2021_04_004933,IZLE,DIK_YAMAC,,,prediction_status=low_severity,"İzle, müdahale etme. Yangın bu kareyi ağır yakmamış (orta-düşük şiddet, dNBR 0,27).","Model bu rejimde tahmin üretmiyor. Kendi toparlanması bekleniyor, müdahale listesine alınmıyor. Eğim 26,9° ile yüksek; makineli çalışma sınırlı olabilir.",True
EGE_2021_04_004934,DIKIM_ADAYI,AGIR_YANMIS,0.3186,"karaçam, sedir",toparlanma=0.32 <0.35,"Aktif dikim adayı. Doğal toparlanma zayıf kalıyor, eğim (21,1°) dikime elverişli.","Modelin tahminine göre yangın öncesi örtünün ancak %32 kadarı iki yılda geri gelecek — kendi başına kapanmayacak bir açık var. Yangın orta-yüksek şiddet sınıfında (dNBR 0,59); toprak yüzeyi büyük olasılıkla açıkta. Yetişme ortamı: Ege kuşağı, 1251 m, orta eğimli (10–25°). Bu koşullar için önerilen türler: karaçam, sedir. Tür önerisi sistemin çıkarımı değil, dışarıdan verilen tablodan okunmuştur. Tablo: ÖRNEK TABLO — OGM tür-yetişme ortamı rehberi ile değiştirilecek",True
EGE_2021_04_004935,DIKIM_ADAYI,AGIR_YANMIS,0.2912,"karaçam, sedir",toparlanma=0.29 <0.35,"Aktif dikim adayı. Doğal toparlanma zayıf kalıyor, eğim (22,0°) dikime elverişli.","Modelin tahminine göre yangın öncesi örtünün ancak %29 kadarı iki yılda geri gelecek — kendi başına kapanmayacak bir açık var. Yangın orta-yüksek şiddet sınıfında (dNBR 0,64); toprak yüzeyi büyük olasılıkla açıkta. Yetişme ortamı: Ege kuşağı, 1345 m, orta eğimli (10–25°). Bu koşullar için önerilen türler: karaçam, sedir. Tür önerisi sistemin çıkarımı değil, dışarıdan verilen tablodan okunmuştur. Tablo: ÖRNEK TABLO — OGM tür-yetişme ortamı rehberi ile değiştirilecek",True
EGE_2021_04_004936,DIKIM_ADAYI,,0.3274,"karaçam, sedir",toparlanma=0.33 <0.35,"Aktif dikim adayı. Doğal toparlanma zayıf kalıyor, eğim (13,1°) dikime elverişli.","Modelin tahminine göre yangın öncesi örtünün ancak %33 kadarı iki yılda geri gelecek — kendi başına kapanmayacak bir açık var. Yetişme ortamı: Ege kuşağı, 1407 m, orta eğimli (10–25°). Bu koşullar için önerilen türler: karaçam, sedir. Tür önerisi sistemin çıkarımı değil, dışarıdan verilen tablodan okunmuştur. Tablo: ÖRNEK TABLO — OGM tür-yetişme ortamı rehberi ile değiştirilecek",True
EGE_2021_04_004937,ONCELIGE_GORE,ESKIDEN_ORMAN_DEGIL,0.3911,,toparlanma=0.39 0.35..0.50,Öncelik sırasına göre değerlendir. Kısmi toparlanma bekleniyor; müdahale kararı bütçeye ve sıraya bağlı.,"Modelin tahminine göre yangın öncesi örtünün %39 kadarı iki yılda geri gelecek. Ne kendi kapanacak kadar iyi ne de acil müdahale gerektirecek kadar kötü — öncelik skoru bu kareyi sıranın neresine koyduğuna bakın. Yangın öncesi örtü otlak ve çalılık idi; orman kurma değil, mevcut örtünün onarımı düşünülmeli.",True
EGE_2021_04_004938,DIKIM_ADAYI,AGIR_YANMIS,0.2392,"karaçam, sedir",toparlanma=0.24 <0.35,"Aktif dikim adayı. Doğal toparlanma zayıf kalıyor, eğim (11,4°) dikime elverişli.","Modelin tahminine göre yangın öncesi örtünün ancak %24 kadarı iki yılda geri gelecek — kendi başına kapanmayacak bir açık var. Yangın orta-yüksek şiddet sınıfında (dNBR 0,60); toprak yüzeyi büyük olasılıkla açıkta. Yetişme ortamı: Ege kuşağı, 1333 m, orta eğimli (10–25°). Bu koşullar için önerilen türler: karaçam, sedir. Tür önerisi sistemin çıkarımı değil, dışarıdan verilen tablodan okunmuştur. Tablo: ÖRNEK TABLO — OGM tür-yetişme ortamı rehberi ile değiştirilecek",True
EGE_2021_04_004940,IZLE,ESKIDEN_ORMAN_DEGIL,,,prediction_status=low_severity,"İzle, müdahale etme. Yangın bu kareyi ağır yakmamış (düşük şiddet, dNBR 0,11).","Model bu rejimde tahmin üretmiyor. Kendi toparlanması bekleniyor, müdahale listesine alınmıyor. Yangın öncesi örtü otlak ve çalılık idi; orman kurma değil, mevcut örtünün onarımı düşünülmeli.",True
EGE_2021_04_004941,IZLE,ESKIDEN_ORMAN_DEGIL,,,prediction_status=low_severity,"İzle, müdahale etme. Yangın bu kareyi ağır yakmamış (orta-düşük şiddet, dNBR 0,27).","Model bu rejimde tahmin üretmiyor. Kendi toparlanması bekleniyor, müdahale listesine alınmıyor. Yangın öncesi örtü otlak ve çalılık idi; orman kurma değil, mevcut örtünün onarımı düşünülmeli.",True
EGE_2021_04_004942,DIKIM_ADAYI,,0.3226,"karaçam, sedir",toparlanma=0.32 <0.35,"Aktif dikim adayı. Doğal toparlanma zayıf kalıyor, eğim (9,6°) dikime elverişli.","Modelin tahminine göre yangın öncesi örtünün ancak %32 kadarı iki yılda geri gelecek — kendi başına kapanmayacak bir açık var. Yetişme ortamı: Ege kuşağı, 1300 m, düz-hafif eğimli (0–10°). Bu koşullar için önerilen türler: karaçam, sedir. Tür önerisi sistemin çıkarımı değil, dışarıdan verilen tablodan okunmuştur. Tablo: ÖRNEK TABLO — OGM tür-yetişme ortamı rehberi ile değiştirilecek",True
EGE_2021_04_004943,IZLE,,,,prediction_status=low_severity,"İzle, müdahale etme. Yangın bu kareyi ağır yakmamış (düşük şiddet, dNBR 0,16).","Model bu rejimde tahmin üretmiyor. Kendi toparlanması bekleniyor, müdahale listesine alınmıyor.",True
EGE_2021_04_004996,IZLE,,,,prediction_status=low_severity,"İzle, müdahale etme. Yangın bu kareyi ağır yakmamış (düşük şiddet, dNBR 0,16).","Model bu rejimde tahmin üretmiyor. Kendi toparlanması bekleniyor, müdahale listesine alınmıyor.",True
EGE_2021_04_004997,IZLE,,,,prediction_status=low_severity,"İzle, müdahale etme. Yangın bu kareyi ağır yakmamış (düşük şiddet, dNBR 0,16).","Model bu rejimde tahmin üretmiyor. Kendi toparlanması bekleniyor, müdahale listesine alınmıyor.",True
EGE_2021_04_004998,IZLE,,,,prediction_status=low_severity,"İzle, müdahale etme. Yangın bu kareyi ağır yakmamış (düşük şiddet, dNBR 0,22).","Model bu rejimde tahmin üretmiyor. Kendi toparlanması bekleniyor, müdahale listesine alınmıyor.",True
EGE_2021_04_004999,IZLE,,,,prediction_status=low_severity,"İzle, müdahale etme. Yangın bu kareyi ağır yakmamış (düşük şiddet, dNBR 0,22).","Model bu rejimde tahmin üretmiyor. Kendi toparlanması bekleniyor, müdahale listesine alınmıyor.",True
EGE_2021_04_005000,IZLE,ERISIM_ZOR,,,prediction_status=low_severity,"İzle, müdahale etme. Yangın bu kareyi ağır yakmamış (düşük şiddet, dNBR 0,13).","Model bu rejimde tahmin üretmiyor. Kendi toparlanması bekleniyor, müdahale listesine alınmıyor. En yakın yol 2,01 km — erişim ve lojistik bu karede belirleyici olacak.",True
EGE_2021_04_005001,IZLE,ERISIM_ZOR,,,prediction_status=low_severity,"İzle, müdahale etme. Yangın bu kareyi ağır yakmamış (düşük şiddet, dNBR 0,14).","Model bu rejimde tahmin üretmiyor. Kendi toparlanması bekleniyor, müdahale listesine alınmıyor. En yakın yol 2,15 km — erişim ve lojistik bu karede belirleyici olacak.",True
EGE_2021_04_005002,IZLE,ERISIM_ZOR,,,prediction_status=low_severity,"İzle, müdahale etme. Yangın bu kareyi ağır yakmamış (düşük şiddet, dNBR 0,13).","Model bu rejimde tahmin üretmiyor. Kendi toparlanması bekleniyor, müdahale listesine alınmıyor. En yakın yol 2,30 km — erişim ve lojistik bu karede belirleyici olacak.",True
EGE_2021_04_005003,IZLE,ERISIM_ZOR|DIK_YAMAC,,,prediction_status=low_severity,"İzle, müdahale etme. Yangın bu kareyi ağır yakmamış (düşük şiddet, dNBR 0,12).","Model bu rejimde tahmin üretmiyor. Kendi toparlanması bekleniyor, müdahale listesine alınmıyor. En yakın yol 2,47 km — erişim ve lojistik bu karede belirleyici olacak. Eğim 29,5° ile yüksek; makineli çalışma sınırlı olabilir.",True
EGE_2021_04_005005,IZLE,ERISIM_ZOR|DIK_YAMAC,,,prediction_status=low_severity,"İzle, müdahale etme. Yangın bu kareyi ağır yakmamış (düşük şiddet, dNBR 0,14).","Model bu rejimde tahmin üretmiyor. Kendi toparlanması bekleniyor, müdahale listesine alınmıyor. En yakın yol 2,85 km — erişim ve lojistik bu karede belirleyici olacak. Eğim 25,6° ile yüksek; makineli çalışma sınırlı olabilir.",True
EGE_2021_04_005006,IZLE,ERISIM_ZOR|DIK_YAMAC,,,prediction_status=low_severity,"İzle, müdahale etme. Yangın bu kareyi ağır yakmamış (düşük şiddet, dNBR 0,23).","Model bu rejimde tahmin üretmiyor. Kendi toparlanması bekleniyor, müdahale listesine alınmıyor. En yakın yol 3,05 km — erişim ve lojistik bu karede belirleyici olacak. Eğim 33,8° ile yüksek; makineli çalışma sınırlı olabilir.",True
EGE_2021_04_005007,IZLE,ERISIM_ZOR,,,prediction_status=low_severity,"İzle, müdahale etme. Yangın bu kareyi ağır yakmamış (düşük şiddet, dNBR 0,21).","Model bu rejimde tahmin üretmiyor. Kendi toparlanması bekleniyor, müdahale listesine alınmıyor. En yakın yol 3,26 km — erişim ve lojistik bu karede belirleyici olacak.",True
EGE_2021_04_005008,IZLE,ERISIM_ZOR|ESKIDEN_ORMAN_DEGIL|DIK_YAMAC,,,prediction_status=low_severity,"İzle, müdahale etme. Yangın bu kareyi ağır yakmamış (düşük şiddet, dNBR 0,21).","Model bu rejimde tahmin üretmiyor. Kendi toparlanması bekleniyor, müdahale listesine alınmıyor. En yakın yol 3,47 km — erişim ve lojistik bu karede belirleyici olacak. Yangın öncesi örtü otlak ve çalılık idi; orman kurma değil, mevcut örtünün onarımı düşünülmeli. Eğim 35,9° ile yüksek; makineli çalışma sınırlı olabilir.",True
EGE_2021_04_005009,EROZYON_ONCE,ERISIM_ZOR|ESKIDEN_ORMAN_DEGIL,0.3378,"maki türleri, kermes meşesi",toparlanma=0.34 egim=36.6>=25 <0.35,"Önce erozyon kontrolü. Toparlanma tahmini zayıf ve eğim 36,6° — dikimden önce toprak tutma önlemi gerekiyor.","Modelin tahminine göre yangın öncesi örtünün ancak %34 kadarı iki yılda geri gelecek. Dik yamaçta çıplak toprak ilk sağanakta taşınır; stabilizasyon yapılmadan yapılan dikim de birlikte gider. En yakın yol 3,49 km — erişim ve lojistik bu karede belirleyici olacak. Yangın öncesi örtü otlak ve çalılık idi; orman kurma değil, mevcut örtünün onarımı düşünülmeli. Yetişme ortamı: Ege kuşağı, 1028 m, dik yamaç (25°+). Bu koşullar için önerilen türler: maki türleri, kermes meşesi. Tür önerisi sistemin çıkarımı değil, dışarıdan verilen tablodan okunmuştur. Tablo: ÖRNEK TABLO — OGM tür-yetişme ortamı rehberi ile değiştirilecek",True
EGE_2021_04_005010,EROZYON_ONCE,ERISIM_ZOR|ESKIDEN_ORMAN_DEGIL,0.3479,"maki türleri, kermes meşesi",toparlanma=0.35 egim=37.2>=25 <0.35,"Önce erozyon kontrolü. Toparlanma tahmini zayıf ve eğim 37,2° — dikimden önce toprak tutma önlemi gerekiyor.","Modelin tahminine göre yangın öncesi örtünün ancak %35 kadarı iki yılda geri gelecek. Dik yamaçta çıplak toprak ilk sağanakta taşınır; stabilizasyon yapılmadan yapılan dikim de birlikte gider. En yakın yol 3,43 km — erişim ve lojistik bu karede belirleyici olacak. Yangın öncesi örtü otlak ve çalılık idi; orman kurma değil, mevcut örtünün onarımı düşünülmeli. Yetişme ortamı: Ege kuşağı, 1073 m, dik yamaç (25°+). Bu koşullar için önerilen türler: maki türleri, kermes meşesi. Tür önerisi sistemin çıkarımı değil, dışarıdan verilen tablodan okunmuştur. Tablo: ÖRNEK TABLO — OGM tür-yetişme ortamı rehberi ile değiştirilecek",True
EGE_2021_04_005017,IZLE,ERISIM_ZOR|DIK_YAMAC,,,prediction_status=low_severity,"İzle, müdahale etme. Yangın bu kareyi ağır yakmamış (düşük şiddet, dNBR 0,12).","Model bu rejimde tahmin üretmiyor. Kendi toparlanması bekleniyor, müdahale listesine alınmıyor. En yakın yol 3,48 km — erişim ve lojistik bu karede belirleyici olacak. Eğim 32,1° ile yüksek; makineli çalışma sınırlı olabilir.",True
EGE_2021_04_005018,IZLE,ERISIM_ZOR|DIK_YAMAC,,,prediction_status=low_severity,"İzle, müdahale etme. Yangın bu kareyi ağır yakmamış (düşük şiddet, dNBR 0,17).","Model bu rejimde tahmin üretmiyor. Kendi toparlanması bekleniyor, müdahale listesine alınmıyor. En yakın yol 3,56 km — erişim ve lojistik bu karede belirleyici olacak. Eğim 31,7° ile yüksek; makineli çalışma sınırlı olabilir.",True
EGE_2021_04_005021,IZLE,ERISIM_ZOR,,,prediction_status=low_severity,"İzle, müdahale etme. Yangın bu kareyi ağır yakmamış (düşük şiddet, dNBR 0,13).","Model bu rejimde tahmin üretmiyor. Kendi toparlanması bekleniyor, müdahale listesine alınmıyor. En yakın yol 3,21 km — erişim ve lojistik bu karede belirleyici olacak.",True
EGE_2021_04_005022,EROZYON_ONCE,ERISIM_ZOR|AGIR_YANMIS,0.2655,"karaçam, sedir",toparlanma=0.27 egim=25.4>=25 <0.35,"Önce erozyon kontrolü. Toparlanma tahmini zayıf ve eğim 25,4° — dikimden önce toprak tutma önlemi gerekiyor.","Modelin tahminine göre yangın öncesi örtünün ancak %27 kadarı iki yılda geri gelecek. Dik yamaçta çıplak toprak ilk sağanakta taşınır; stabilizasyon yapılmadan yapılan dikim de birlikte gider. En yakın yol 3,02 km — erişim ve lojistik bu karede belirleyici olacak. Yangın orta-yüksek şiddet sınıfında (dNBR 0,55); toprak yüzeyi büyük olasılıkla açıkta. Yetişme ortamı: Ege kuşağı, 1283 m, dik yamaç (25°+). Bu koşullar için önerilen türler: karaçam, sedir. Tür önerisi sistemin çıkarımı değil, dışarıdan verilen tablodan okunmuştur. Tablo: ÖRNEK TABLO — OGM tür-yetişme ortamı rehberi ile değiştirilecek",True
EGE_2021_04_005023,EROZYON_ONCE,ERISIM_ZOR|AGIR_YANMIS,0.2358,"karaçam, sedir",toparlanma=0.24 egim=33.7>=25 <0.35,"Önce erozyon kontrolü. Toparlanma tahmini zayıf ve eğim 33,7° — dikimden önce toprak tutma önlemi gerekiyor.","Modelin tahminine göre yangın öncesi örtünün ancak %24 kadarı iki yılda geri gelecek. Dik yamaçta çıplak toprak ilk sağanakta taşınır; stabilizasyon yapılmadan yapılan dikim de birlikte gider. En yakın yol 2,85 km — erişim ve lojistik bu karede belirleyici olacak. Yangın orta-yüksek şiddet sınıfında (dNBR 0,51); toprak yüzeyi büyük olasılıkla açıkta. Yetişme ortamı: Ege kuşağı, 1255 m, dik yamaç (25°+). Bu koşullar için önerilen türler: karaçam, sedir. Tür önerisi sistemin çıkarımı değil, dışarıdan verilen tablodan okunmuştur. Tablo: ÖRNEK TABLO — OGM tür-yetişme ortamı rehberi ile değiştirilecek",True
EGE_2021_04_005024,ONCELIGE_GORE,ERISIM_ZOR|ESKIDEN_ORMAN_DEGIL|DIK_YAMAC,0.402,,toparlanma=0.40 0.35..0.50,Öncelik sırasına göre değerlendir. Kısmi toparlanma bekleniyor; müdahale kararı bütçeye ve sıraya bağlı.,"Modelin tahminine göre yangın öncesi örtünün %40 kadarı iki yılda geri gelecek. Ne kendi kapanacak kadar iyi ne de acil müdahale gerektirecek kadar kötü — öncelik skoru bu kareyi sıranın neresine koyduğuna bakın. En yakın yol 2,68 km — erişim ve lojistik bu karede belirleyici olacak. Yangın öncesi örtü otlak ve çalılık idi; orman kurma değil, mevcut örtünün onarımı düşünülmeli. Eğim 34,4° ile yüksek; makineli çalışma sınırlı olabilir.",True
EGE_2021_04_005025,EROZYON_ONCE,ERISIM_ZOR|ESKIDEN_ORMAN_DEGIL|AGIR_YANMIS,0.3311,"maki türleri, kermes meşesi",toparlanma=0.33 egim=30.7>=25 <0.35,"Önce erozyon kontrolü. Toparlanma tahmini zayıf ve eğim 30,7° — dikimden önce toprak tutma önlemi gerekiyor.","Modelin tahminine göre yangın öncesi örtünün ancak %33 kadarı iki yılda geri gelecek. Dik yamaçta çıplak toprak ilk sağanakta taşınır; stabilizasyon yapılmadan yapılan dikim de birlikte gider. En yakın yol 2,53 km — erişim ve lojistik bu karede belirleyici olacak. Yangın öncesi örtü otlak ve çalılık idi; orman kurma değil, mevcut örtünün onarımı düşünülmeli. Yangın orta-yüksek şiddet sınıfında (dNBR 0,51); toprak yüzeyi büyük olasılıkla açıkta. Yetişme ortamı: Ege kuşağı, 1227 m, dik yamaç (25°+). Bu koşullar için önerilen türler: maki türleri, kermes meşesi. Tür önerisi sistemin çıkarımı değil, dışarıdan verilen tablodan okunmuştur. Tablo: ÖRNEK TABLO — OGM tür-yetişme ortamı rehberi ile değiştirilecek",True
EGE_2021_04_005026,EROZYON_ONCE,ERISIM_ZOR,0.3409,"karaçam, sedir",toparlanma=0.34 egim=26.7>=25 <0.35,"Önce erozyon kontrolü. Toparlanma tahmini zayıf ve eğim 26,7° — dikimden önce toprak tutma önlemi gerekiyor.","Modelin tahminine göre yangın öncesi örtünün ancak %34 kadarı iki yılda geri gelecek. Dik yamaçta çıplak toprak ilk sağanakta taşınır; stabilizasyon yapılmadan yapılan dikim de birlikte gider. En yakın yol 2,40 km — erişim ve lojistik bu karede belirleyici olacak. Yetişme ortamı: Ege kuşağı, 1162 m, dik yamaç (25°+). Bu koşullar için önerilen türler: karaçam, sedir. Tür önerisi sistemin çıkarımı değil, dışarıdan verilen tablodan okunmuştur. Tablo: ÖRNEK TABLO — OGM tür-yetişme ortamı rehberi ile değiştirilecek",True
EGE_2021_04_005027,ONCELIGE_GORE,ERISIM_ZOR|AGIR_YANMIS,0.3829,,toparlanma=0.38 0.35..0.50,Öncelik sırasına göre değerlendir. Kısmi toparlanma bekleniyor; müdahale kararı bütçeye ve sıraya bağlı.,"Modelin tahminine göre yangın öncesi örtünün %38 kadarı iki yılda geri gelecek. Ne kendi kapanacak kadar iyi ne de acil müdahale gerektirecek kadar kötü — öncelik skoru bu kareyi sıranın neresine koyduğuna bakın. En yakın yol 2,29 km — erişim ve lojistik bu karede belirleyici olacak. Yangın orta-yüksek şiddet sınıfında (dNBR 0,48); toprak yüzeyi büyük olasılıkla açıkta.",True
EGE_2021_04_005028,ONCELIGE_GORE,ERISIM_ZOR,0.3845,,toparlanma=0.38 0.35..0.50,Öncelik sırasına göre değerlendir. Kısmi toparlanma bekleniyor; müdahale kararı bütçeye ve sıraya bağlı.,"Modelin tahminine göre yangın öncesi örtünün %38 kadarı iki yılda geri gelecek. Ne kendi kapanacak kadar iyi ne de acil müdahale gerektirecek kadar kötü — öncelik skoru bu kareyi sıranın neresine koyduğuna bakın. En yakın yol 2,20 km — erişim ve lojistik bu karede belirleyici olacak.",True
EGE_2021_04_005029,IZLE,ERISIM_ZOR|DIK_YAMAC,,,prediction_status=low_severity,"İzle, müdahale etme. Yangın bu kareyi ağır yakmamış (düşük şiddet, dNBR 0,20).","Model bu rejimde tahmin üretmiyor. Kendi toparlanması bekleniyor, müdahale listesine alınmıyor. En yakın yol 2,07 km — erişim ve lojistik bu karede belirleyici olacak. Eğim 32,8° ile yüksek; makineli çalışma sınırlı olabilir.",True
EGE_2021_04_005030,IZLE,DIK_YAMAC,,,prediction_status=low_severity,"İzle, müdahale etme. Yangın bu kareyi ağır yakmamış (düşük şiddet, dNBR 0,18).","Model bu rejimde tahmin üretmiyor. Kendi toparlanması bekleniyor, müdahale listesine alınmıyor. Eğim 30,9° ile yüksek; makineli çalışma sınırlı olabilir.",True
EGE_2021_04_005031,IZLE,ESKIDEN_ORMAN_DEGIL,,,prediction_status=low_severity,"İzle, müdahale etme. Yangın bu kareyi ağır yakmamış (orta-düşük şiddet, dNBR 0,36).","Model bu rejimde tahmin üretmiyor. Kendi toparlanması bekleniyor, müdahale listesine alınmıyor. Yangın öncesi örtü otlak ve çalılık idi; orman kurma değil, mevcut örtünün onarımı düşünülmeli.",True
EGE_2021_04_005032,IZLE,,,,prediction_status=low_severity,"İzle, müdahale etme. Yangın bu kareyi ağır yakmamış (düşük şiddet, dNBR 0,27).","Model bu rejimde tahmin üretmiyor. Kendi toparlanması bekleniyor, müdahale listesine alınmıyor.",True
EGE_2021_04_005035,IZLE,,,,prediction_status=low_severity,"İzle, müdahale etme. Yangın bu kareyi ağır yakmamış (düşük şiddet, dNBR 0,10).","Model bu rejimde tahmin üretmiyor. Kendi toparlanması bekleniyor, müdahale listesine alınmıyor.",True
EGE_2021_04_005037,IZLE,ERISIM_ZOR|DIK_YAMAC,,,prediction_status=low_severity,"İzle, müdahale etme. Yangın bu kareyi ağır yakmamış (düşük şiddet, dNBR 0,14).","Model bu rejimde tahmin üretmiyor. Kendi toparlanması bekleniyor, müdahale listesine alınmıyor. En yakın yol 2,02 km — erişim ve lojistik bu karede belirleyici olacak. Eğim 25,5° ile yüksek; makineli çalışma sınırlı olabilir.",True
EGE_2021_04_005038,IZLE,ERISIM_ZOR|DIK_YAMAC,,,prediction_status=low_severity,"İzle, müdahale etme. Yangın bu kareyi ağır yakmamış (düşük şiddet, dNBR 0,11).","Model bu rejimde tahmin üretmiyor. Kendi toparlanması bekleniyor, müdahale listesine alınmıyor. En yakın yol 2,06 km — erişim ve lojistik bu karede belirleyici olacak. Eğim 35,3° ile yüksek; makineli çalışma sınırlı olabilir.",True
EGE_2021_04_005040,IZLE,DIK_YAMAC,,,prediction_status=low_severity,"İzle, müdahale etme. Yangın bu kareyi ağır yakmamış (düşük şiddet, dNBR 0,20).","Model bu rejimde tahmin üretmiyor. Kendi toparlanması bekleniyor, müdahale listesine alınmıyor. Eğim 33,8° ile yüksek; makineli çalışma sınırlı olabilir.",True
EGE_2021_04_005041,IZLE,DIK_YAMAC,,,prediction_status=low_severity,"İzle, müdahale etme. Yangın bu kareyi ağır yakmamış (düşük şiddet, dNBR 0,20).","Model bu rejimde tahmin üretmiyor. Kendi toparlanması bekleniyor, müdahale listesine alınmıyor. Eğim 28,5° ile yüksek; makineli çalışma sınırlı olabilir.",True
EGE_2021_04_005042,IZLE,,,,prediction_status=low_severity,"İzle, müdahale etme. Yangın bu kareyi ağır yakmamış (düşük şiddet, dNBR 0,24).","Model bu rejimde tahmin üretmiyor. Kendi toparlanması bekleniyor, müdahale listesine alınmıyor.",True
EGE_2021_04_005043,ONCELIGE_GORE,,0.3991,,toparlanma=0.40 0.35..0.50,Öncelik sırasına göre değerlendir. Kısmi toparlanma bekleniyor; müdahale kararı bütçeye ve sıraya bağlı.,Modelin tahminine göre yangın öncesi örtünün %40 kadarı iki yılda geri gelecek. Ne kendi kapanacak kadar iyi ne de acil müdahale gerektirecek kadar kötü — öncelik skoru bu kareyi sıranın neresine koyduğuna bakın.,True
EGE_2021_04_005044,IZLE,ESKIDEN_ORMAN_DEGIL,,,prediction_status=low_severity,"İzle, müdahale etme. Yangın bu kareyi ağır yakmamış (orta-düşük şiddet, dNBR 0,28).","Model bu rejimde tahmin üretmiyor. Kendi toparlanması bekleniyor, müdahale listesine alınmıyor. Yangın öncesi örtü otlak ve çalılık idi; orman kurma değil, mevcut örtünün onarımı düşünülmeli.",True
EGE_2021_04_005045,ONCELIGE_GORE,ESKIDEN_ORMAN_DEGIL,0.3606,,toparlanma=0.36 0.35..0.50,Öncelik sırasına göre değerlendir. Kısmi toparlanma bekleniyor; müdahale kararı bütçeye ve sıraya bağlı.,"Modelin tahminine göre yangın öncesi örtünün %36 kadarı iki yılda geri gelecek. Ne kendi kapanacak kadar iyi ne de acil müdahale gerektirecek kadar kötü — öncelik skoru bu kareyi sıranın neresine koyduğuna bakın. Yangın öncesi örtü otlak ve çalılık idi; orman kurma değil, mevcut örtünün onarımı düşünülmeli.",True
EGE_2021_04_005046,DIKIM_ADAYI,,0.2997,"karaçam, sedir",toparlanma=0.30 <0.35,"Aktif dikim adayı. Doğal toparlanma zayıf kalıyor, eğim (6,3°) dikime elverişli.","Modelin tahminine göre yangın öncesi örtünün ancak %30 kadarı iki yılda geri gelecek — kendi başına kapanmayacak bir açık var. Yetişme ortamı: Ege kuşağı, 1305 m, düz-hafif eğimli (0–10°). Bu koşullar için önerilen türler: karaçam, sedir. Tür önerisi sistemin çıkarımı değil, dışarıdan verilen tablodan okunmuştur. Tablo: ÖRNEK TABLO — OGM tür-yetişme ortamı rehberi ile değiştirilecek",True
EGE_2021_04_005047,IZLE,,,,prediction_status=low_severity,"İzle, müdahale etme. Yangın bu kareyi ağır yakmamış (orta-düşük şiddet, dNBR 0,27).","Model bu rejimde tahmin üretmiyor. Kendi toparlanması bekleniyor, müdahale listesine alınmıyor.",True
EGE_2021_04_005048,DIKIM_ADAYI,AGIR_YANMIS,0.3412,"karaçam, sedir",toparlanma=0.34 <0.35,"Aktif dikim adayı. Doğal toparlanma zayıf kalıyor, eğim (5,3°) dikime elverişli.","Modelin tahminine göre yangın öncesi örtünün ancak %34 kadarı iki yılda geri gelecek — kendi başına kapanmayacak bir açık var. Yangın orta-yüksek şiddet sınıfında (dNBR 0,48); toprak yüzeyi büyük olasılıkla açıkta. Yetişme ortamı: Ege kuşağı, 1292 m, düz-hafif eğimli (0–10°). Bu koşullar için önerilen türler: karaçam, sedir. Tür önerisi sistemin çıkarımı değil, dışarıdan verilen tablodan okunmuştur. Tablo: ÖRNEK TABLO — OGM tür-yetişme ortamı rehberi ile değiştirilecek",True
EGE_2021_04_005049,IZLE,,,,prediction_status=low_severity,"İzle, müdahale etme. Yangın bu kareyi ağır yakmamış (orta-düşük şiddet, dNBR 0,29).","Model bu rejimde tahmin üretmiyor. Kendi toparlanması bekleniyor, müdahale listesine alınmıyor.",True
EGE_2021_04_005050,ONCELIGE_GORE,,0.3996,,toparlanma=0.40 0.35..0.50,Öncelik sırasına göre değerlendir. Kısmi toparlanma bekleniyor; müdahale kararı bütçeye ve sıraya bağlı.,Modelin tahminine göre yangın öncesi örtünün %40 kadarı iki yılda geri gelecek. Ne kendi kapanacak kadar iyi ne de acil müdahale gerektirecek kadar kötü — öncelik skoru bu kareyi sıranın neresine koyduğuna bakın.,True
EGE_2021_04_005051,IZLE,,,,prediction_status=low_severity,"İzle, müdahale etme. Yangın bu kareyi ağır yakmamış (düşük şiddet, dNBR 0,24).","Model bu rejimde tahmin üretmiyor. Kendi toparlanması bekleniyor, müdahale listesine alınmıyor.",True
EGE_2021_04_005102,IZLE,,,,prediction_status=low_severity,"İzle, müdahale etme. Yangın bu kareyi ağır yakmamış (düşük şiddet, dNBR 0,11).","Model bu rejimde tahmin üretmiyor. Kendi toparlanması bekleniyor, müdahale listesine alınmıyor.",True
EGE_2021_04_005103,IZLE,,,,prediction_status=low_severity,"İzle, müdahale etme. Yangın bu kareyi ağır yakmamış (düşük şiddet, dNBR 0,25).","Model bu rejimde tahmin üretmiyor. Kendi toparlanması bekleniyor, müdahale listesine alınmıyor.",True
EGE_2021_04_005104,IZLE,,,,prediction_status=low_severity,"İzle, müdahale etme. Yangın bu kareyi ağır yakmamış (düşük şiddet, dNBR 0,20).","Model bu rejimde tahmin üretmiyor. Kendi toparlanması bekleniyor, müdahale listesine alınmıyor.",True
EGE_2021_04_005105,ONCELIGE_GORE,,0.3807,,toparlanma=0.38 0.35..0.50,Öncelik sırasına göre değerlendir. Kısmi toparlanma bekleniyor; müdahale kararı bütçeye ve sıraya bağlı.,Modelin tahminine göre yangın öncesi örtünün %38 kadarı iki yılda geri gelecek. Ne kendi kapanacak kadar iyi ne de acil müdahale gerektirecek kadar kötü — öncelik skoru bu kareyi sıranın neresine koyduğuna bakın.,True
EGE_2021_04_005106,IZLE,,,,prediction_status=low_severity,"İzle, müdahale etme. Yangın bu kareyi ağır yakmamış (düşük şiddet, dNBR 0,26).","Model bu rejimde tahmin üretmiyor. Kendi toparlanması bekleniyor, müdahale listesine alınmıyor.",True
EGE_2021_04_005107,IZLE,DIK_YAMAC,,,prediction_status=low_severity,"İzle, müdahale etme. Yangın bu kareyi ağır yakmamış (düşük şiddet, dNBR 0,27).","Model bu rejimde tahmin üretmiyor. Kendi toparlanması bekleniyor, müdahale listesine alınmıyor. Eğim 27,3° ile yüksek; makineli çalışma sınırlı olabilir.",True
EGE_2021_04_005108,IZLE,DIK_YAMAC,,,prediction_status=low_severity,"İzle, müdahale etme. Yangın bu kareyi ağır yakmamış (düşük şiddet, dNBR 0,16).","Model bu rejimde tahmin üretmiyor. Kendi toparlanması bekleniyor, müdahale listesine alınmıyor. Eğim 27,6° ile yüksek; makineli çalışma sınırlı olabilir.",True
EGE_2021_04_005109,IZLE,,,,prediction_status=low_severity,"İzle, müdahale etme. Yangın bu kareyi ağır yakmamış (düşük şiddet, dNBR 0,18).","Model bu rejimde tahmin üretmiyor. Kendi toparlanması bekleniyor, müdahale listesine alınmıyor.",True
EGE_2021_04_005110,IZLE,ERISIM_ZOR,,,prediction_status=low_severity,"İzle, müdahale etme. Yangın bu kareyi ağır yakmamış (düşük şiddet, dNBR 0,12).","Model bu rejimde tahmin üretmiyor. Kendi toparlanması bekleniyor, müdahale listesine alınmıyor. En yakın yol 2,12 km — erişim ve lojistik bu karede belirleyici olacak.",True
EGE_2021_04_005112,IZLE,ERISIM_ZOR|DIK_YAMAC,,,prediction_status=low_severity,"İzle, müdahale etme. Yangın bu kareyi ağır yakmamış (düşük şiddet, dNBR 0,14).","Model bu rejimde tahmin üretmiyor. Kendi toparlanması bekleniyor, müdahale listesine alınmıyor. En yakın yol 2,50 km — erişim ve lojistik bu karede belirleyici olacak. Eğim 25,7° ile yüksek; makineli çalışma sınırlı olabilir.",True
EGE_2021_04_005113,IZLE,ERISIM_ZOR|DIK_YAMAC,,,prediction_status=low_severity,"İzle, müdahale etme. Yangın bu kareyi ağır yakmamış (düşük şiddet, dNBR 0,20).","Model bu rejimde tahmin üretmiyor. Kendi toparlanması bekleniyor, müdahale listesine alınmıyor. En yakın yol 2,70 km — erişim ve lojistik bu karede belirleyici olacak. Eğim 34,1° ile yüksek; makineli çalışma sınırlı olabilir.",True
EGE_2021_04_005114,IZLE,ERISIM_ZOR|DIK_YAMAC,,,prediction_status=low_severity,"İzle, müdahale etme. Yangın bu kareyi ağır yakmamış (düşük şiddet, dNBR 0,18).","Model bu rejimde tahmin üretmiyor. Kendi toparlanması bekleniyor, müdahale listesine alınmıyor. En yakın yol 2,91 km — erişim ve lojistik bu karede belirleyici olacak. Eğim 30,2° ile yüksek; makineli çalışma sınırlı olabilir.",True
EGE_2021_04_005116,ONCELIGE_GORE,ERISIM_ZOR,0.4329,,toparlanma=0.43 0.35..0.50,Öncelik sırasına göre değerlendir. Kısmi toparlanma bekleniyor; müdahale kararı bütçeye ve sıraya bağlı.,"Modelin tahminine göre yangın öncesi örtünün %43 kadarı iki yılda geri gelecek. Ne kendi kapanacak kadar iyi ne de acil müdahale gerektirecek kadar kötü — öncelik skoru bu kareyi sıranın neresine koyduğuna bakın. En yakın yol 3,35 km — erişim ve lojistik bu karede belirleyici olacak.",True
EGE_2021_04_005117,ONCELIGE_GORE,ERISIM_ZOR|DIK_YAMAC,0.3564,,toparlanma=0.36 0.35..0.50,Öncelik sırasına göre değerlendir. Kısmi toparlanma bekleniyor; müdahale kararı bütçeye ve sıraya bağlı.,"Modelin tahminine göre yangın öncesi örtünün %36 kadarı iki yılda geri gelecek. Ne kendi kapanacak kadar iyi ne de acil müdahale gerektirecek kadar kötü — öncelik skoru bu kareyi sıranın neresine koyduğuna bakın. En yakın yol 3,56 km — erişim ve lojistik bu karede belirleyici olacak. Eğim 27,2° ile yüksek; makineli çalışma sınırlı olabilir.",True
EGE_2021_04_005118,EROZYON_ONCE,ERISIM_ZOR,0.3169,"karaçam, sedir",toparlanma=0.32 egim=31.6>=25 <0.35,"Önce erozyon kontrolü. Toparlanma tahmini zayıf ve eğim 31,6° — dikimden önce toprak tutma önlemi gerekiyor.","Modelin tahminine göre yangın öncesi örtünün ancak %32 kadarı iki yılda geri gelecek. Dik yamaçta çıplak toprak ilk sağanakta taşınır; stabilizasyon yapılmadan yapılan dikim de birlikte gider. En yakın yol 3,67 km — erişim ve lojistik bu karede belirleyici olacak. Yetişme ortamı: Ege kuşağı, 932 m, dik yamaç (25°+). Bu koşullar için önerilen türler: karaçam, sedir. Tür önerisi sistemin çıkarımı değil, dışarıdan verilen tablodan okunmuştur. Tablo: ÖRNEK TABLO — OGM tür-yetişme ortamı rehberi ile değiştirilecek",True
EGE_2021_04_005119,IZLE,ERISIM_ZOR|ESKIDEN_ORMAN_DEGIL|DIK_YAMAC,,,prediction_status=low_severity,"İzle, müdahale etme. Yangın bu kareyi ağır yakmamış (düşük şiddet, dNBR 0,19).","Model bu rejimde tahmin üretmiyor. Kendi toparlanması bekleniyor, müdahale listesine alınmıyor. En yakın yol 3,63 km — erişim ve lojistik bu karede belirleyici olacak. Yangın öncesi örtü otlak ve çalılık idi; orman kurma değil, mevcut örtünün onarımı düşünülmeli. Eğim 31,1° ile yüksek; makineli çalışma sınırlı olabilir.",True
EGE_2021_04_005120,IZLE,ERISIM_ZOR|ESKIDEN_ORMAN_DEGIL|DIK_YAMAC,,,prediction_status=low_severity,"İzle, müdahale etme. Yangın bu kareyi ağır yakmamış (düşük şiddet, dNBR 0,16).","Model bu rejimde tahmin üretmiyor. Kendi toparlanması bekleniyor, müdahale listesine alınmıyor. En yakın yol 3,60 km — erişim ve lojistik bu karede belirleyici olacak. Yangın öncesi örtü otlak ve çalılık idi; orman kurma değil, mevcut örtünün onarımı düşünülmeli. Eğim 41,2° ile yüksek; makineli çalışma sınırlı olabilir.",True
EGE_2021_04_005121,IZLE,ERISIM_ZOR|ESKIDEN_ORMAN_DEGIL|DIK_YAMAC,,,prediction_status=low_severity,"İzle, müdahale etme. Yangın bu kareyi ağır yakmamış (düşük şiddet, dNBR 0,17).","Model bu rejimde tahmin üretmiyor. Kendi toparlanması bekleniyor, müdahale listesine alınmıyor. En yakın yol 3,59 km — erişim ve lojistik bu karede belirleyici olacak. Yangın öncesi örtü otlak ve çalılık idi; orman kurma değil, mevcut örtünün onarımı düşünülmeli. Eğim 31,3° ile yüksek; makineli çalışma sınırlı olabilir.",True
EGE_2021_04_005122,IZLE,ERISIM_ZOR|ESKIDEN_ORMAN_DEGIL|DIK_YAMAC,,,prediction_status=low_severity,"İzle, müdahale etme. Yangın bu kareyi ağır yakmamış (düşük şiddet, dNBR 0,14).","Model bu rejimde tahmin üretmiyor. Kendi toparlanması bekleniyor, müdahale listesine alınmıyor. En yakın yol 3,60 km — erişim ve lojistik bu karede belirleyici olacak. Yangın öncesi örtü otlak ve çalılık idi; orman kurma değil, mevcut örtünün onarımı düşünülmeli. Eğim 36,3° ile yüksek; makineli çalışma sınırlı olabilir.",True
EGE_2021_04_005123,IZLE,ERISIM_ZOR|ESKIDEN_ORMAN_DEGIL|DIK_YAMAC,,,prediction_status=low_severity,"İzle, müdahale etme. Yangın bu kareyi ağır yakmamış (düşük şiddet, dNBR 0,16).","Model bu rejimde tahmin üretmiyor. Kendi toparlanması bekleniyor, müdahale listesine alınmıyor. En yakın yol 3,62 km — erişim ve lojistik bu karede belirleyici olacak. Yangın öncesi örtü otlak ve çalılık idi; orman kurma değil, mevcut örtünün onarımı düşünülmeli. Eğim 32,9° ile yüksek; makineli çalışma sınırlı olabilir.",True
EGE_2021_04_005124,IZLE,ERISIM_ZOR|ESKIDEN_ORMAN_DEGIL|DIK_YAMAC,,,prediction_status=low_severity,"İzle, müdahale etme. Yangın bu kareyi ağır yakmamış (düşük şiddet, dNBR 0,16).","Model bu rejimde tahmin üretmiyor. Kendi toparlanması bekleniyor, müdahale listesine alınmıyor. En yakın yol 3,66 km — erişim ve lojistik bu karede belirleyici olacak. Yangın öncesi örtü otlak ve çalılık idi; orman kurma değil, mevcut örtünün onarımı düşünülmeli. Eğim 39,7° ile yüksek; makineli çalışma sınırlı olabilir.",True
EGE_2021_04_005125,IZLE,ERISIM_ZOR|DIK_YAMAC,,,prediction_status=low_severity,"İzle, müdahale etme. Yangın bu kareyi ağır yakmamış (düşük şiddet, dNBR 0,17).","Model bu rejimde tahmin üretmiyor. Kendi toparlanması bekleniyor, müdahale listesine alınmıyor. En yakın yol 3,72 km — erişim ve lojistik bu karede belirleyici olacak. Eğim 28,7° ile yüksek; makineli çalışma sınırlı olabilir.",True
EGE_2021_04_005126,IZLE,ERISIM_ZOR|DIK_YAMAC,,,prediction_status=low_severity,"İzle, müdahale etme. Yangın bu kareyi ağır yakmamış (düşük şiddet, dNBR 0,18).","Model bu rejimde tahmin üretmiyor. Kendi toparlanması bekleniyor, müdahale listesine alınmıyor. En yakın yol 3,67 km — erişim ve lojistik bu karede belirleyici olacak. Eğim 25,2° ile yüksek; makineli çalışma sınırlı olabilir.",True
EGE_2021_04_005129,ONCELIGE_GORE,ERISIM_ZOR,0.3666,,toparlanma=0.37 0.35..0.50,Öncelik sırasına göre değerlendir. Kısmi toparlanma bekleniyor; müdahale kararı bütçeye ve sıraya bağlı.,"Modelin tahminine göre yangın öncesi örtünün %37 kadarı iki yılda geri gelecek. Ne kendi kapanacak kadar iyi ne de acil müdahale gerektirecek kadar kötü — öncelik skoru bu kareyi sıranın neresine koyduğuna bakın. En yakın yol 3,05 km — erişim ve lojistik bu karede belirleyici olacak.",True
EGE_2021_04_005130,EROZYON_ONCE,ERISIM_ZOR,0.2303,"karaçam, sedir",toparlanma=0.23 egim=30.3>=25 <0.35,"Önce erozyon kontrolü. Toparlanma tahmini zayıf ve eğim 30,3° — dikimden önce toprak tutma önlemi gerekiyor.","Modelin tahminine göre yangın öncesi örtünün ancak %23 kadarı iki yılda geri gelecek. Dik yamaçta çıplak toprak ilk sağanakta taşınır; stabilizasyon yapılmadan yapılan dikim de birlikte gider. En yakın yol 2,85 km — erişim ve lojistik bu karede belirleyici olacak. Yetişme ortamı: Ege kuşağı, 1225 m, dik yamaç (25°+). Bu koşullar için önerilen türler: karaçam, sedir. Tür önerisi sistemin çıkarımı değil, dışarıdan verilen tablodan okunmuştur. Tablo: ÖRNEK TABLO — OGM tür-yetişme ortamı rehberi ile değiştirilecek",True
EGE_2021_04_005131,EROZYON_ONCE,ERISIM_ZOR,0.2695,"karaçam, sedir",toparlanma=0.27 egim=30.0>=25 <0.35,"Önce erozyon kontrolü. Toparlanma tahmini zayıf ve eğim 30,0° — dikimden önce toprak tutma önlemi gerekiyor.","Modelin tahminine göre yangın öncesi örtünün ancak %27 kadarı iki yılda geri gelecek. Dik yamaçta çıplak toprak ilk sağanakta taşınır; stabilizasyon yapılmadan yapılan dikim de birlikte gider. En yakın yol 2,67 km — erişim ve lojistik bu karede belirleyici olacak. Yetişme ortamı: Ege kuşağı, 1116 m, dik yamaç (25°+). Bu koşullar için önerilen türler: karaçam, sedir. Tür önerisi sistemin çıkarımı değil, dışarıdan verilen tablodan okunmuştur. Tablo: ÖRNEK TABLO — OGM tür-yetişme ortamı rehberi ile değiştirilecek",True
EGE_2021_04_005132,EROZYON_ONCE,ERISIM_ZOR|ESKIDEN_ORMAN_DEGIL,0.3338,"maki türleri, kermes meşesi",toparlanma=0.33 egim=38.8>=25 <0.35,"Önce erozyon kontrolü. Toparlanma tahmini zayıf ve eğim 38,8° — dikimden önce toprak tutma önlemi gerekiyor.","Modelin tahminine göre yangın öncesi örtünün ancak %33 kadarı iki yılda geri gelecek. Dik yamaçta çıplak toprak ilk sağanakta taşınır; stabilizasyon yapılmadan yapılan dikim de birlikte gider. En yakın yol 2,49 km — erişim ve lojistik bu karede belirleyici olacak. Yangın öncesi örtü otlak ve çalılık idi; orman kurma değil, mevcut örtünün onarımı düşünülmeli. Yetişme ortamı: Ege kuşağı, 1094 m, dik yamaç (25°+). Bu koşullar için önerilen türler: maki türleri, kermes meşesi. Tür önerisi sistemin çıkarımı değil, dışarıdan verilen tablodan okunmuştur. Tablo: ÖRNEK TABLO — OGM tür-yetişme ortamı rehberi ile değiştirilecek",True
EGE_2021_04_005133,EROZYON_ONCE,ERISIM_ZOR|AGIR_YANMIS,0.1787,"karaçam, sedir",toparlanma=0.18 egim=34.2>=25 <0.35,"Önce erozyon kontrolü. Toparlanma tahmini zayıf ve eğim 34,2° — dikimden önce toprak tutma önlemi gerekiyor.","Modelin tahminine göre yangın öncesi örtünün ancak %18 kadarı iki yılda geri gelecek. Dik yamaçta çıplak toprak ilk sağanakta taşınır; stabilizasyon yapılmadan yapılan dikim de birlikte gider. En yakın yol 2,33 km — erişim ve lojistik bu karede belirleyici olacak. Yangın yüksek şiddet sınıfında (dNBR 0,68); toprak yüzeyi büyük olasılıkla açıkta. Yetişme ortamı: Ege kuşağı, 1064 m, dik yamaç (25°+). Bu koşullar için önerilen türler: karaçam, sedir. Tür önerisi sistemin çıkarımı değil, dışarıdan verilen tablodan okunmuştur. Tablo: ÖRNEK TABLO — OGM tür-yetişme ortamı rehberi ile değiştirilecek",True
EGE_2021_04_005134,EROZYON_ONCE,ERISIM_ZOR|AGIR_YANMIS,0.1763,"karaçam, sedir",toparlanma=0.18 egim=33.5>=25 <0.35,"Önce erozyon kontrolü. Toparlanma tahmini zayıf ve eğim 33,5° — dikimden önce toprak tutma önlemi gerekiyor.","Modelin tahminine göre yangın öncesi örtünün ancak %18 kadarı iki yılda geri gelecek. Dik yamaçta çıplak toprak ilk sağanakta taşınır; stabilizasyon yapılmadan yapılan dikim de birlikte gider. En yakın yol 2,19 km — erişim ve lojistik bu karede belirleyici olacak. Yangın yüksek şiddet sınıfında (dNBR 0,75); toprak yüzeyi büyük olasılıkla açıkta. Yetişme ortamı: Ege kuşağı, 1014 m, dik yamaç (25°+). Bu koşullar için önerilen türler: karaçam, sedir. Tür önerisi sistemin çıkarımı değil, dışarıdan verilen tablodan okunmuştur. Tablo: ÖRNEK TABLO — OGM tür-yetişme ortamı rehberi ile değiştirilecek",True
EGE_2021_04_005135,EROZYON_ONCE,ERISIM_ZOR|AGIR_YANMIS,0.1863,"karaçam, sedir",toparlanma=0.19 egim=32.5>=25 <0.35,"Önce erozyon kontrolü. Toparlanma tahmini zayıf ve eğim 32,5° — dikimden önce toprak tutma önlemi gerekiyor.","Modelin tahminine göre yangın öncesi örtünün ancak %19 kadarı iki yılda geri gelecek. Dik yamaçta çıplak toprak ilk sağanakta taşınır; stabilizasyon yapılmadan yapılan dikim de birlikte gider. En yakın yol 2,06 km — erişim ve lojistik bu karede belirleyici olacak. Yangın yüksek şiddet sınıfında (dNBR 0,71); toprak yüzeyi büyük olasılıkla açıkta. Yetişme ortamı: Ege kuşağı, 978 m, dik yamaç (25°+). Bu koşullar için önerilen türler: karaçam, sedir. Tür önerisi sistemin çıkarımı değil, dışarıdan verilen tablodan okunmuştur. Tablo: ÖRNEK TABLO — OGM tür-yetişme ortamı rehberi ile değiştirilecek",True
EGE_2021_04_005136,EROZYON_ONCE,AGIR_YANMIS,0.2158,"karaçam, sedir",toparlanma=0.22 egim=33.9>=25 <0.35,"Önce erozyon kontrolü. Toparlanma tahmini zayıf ve eğim 33,9° — dikimden önce toprak tutma önlemi gerekiyor.","Modelin tahminine göre yangın öncesi örtünün ancak %22 kadarı iki yılda geri gelecek. Dik yamaçta çıplak toprak ilk sağanakta taşınır; stabilizasyon yapılmadan yapılan dikim de birlikte gider. Yangın orta-yüksek şiddet sınıfında (dNBR 0,64); toprak yüzeyi büyük olasılıkla açıkta. Yetişme ortamı: Ege kuşağı, 1033 m, dik yamaç (25°+). Bu koşullar için önerilen türler: karaçam, sedir. Tür önerisi sistemin çıkarımı değil, dışarıdan verilen tablodan okunmuştur. Tablo: ÖRNEK TABLO — OGM tür-yetişme ortamı rehberi ile değiştirilecek",True
EGE_2021_04_005137,EROZYON_ONCE,AGIR_YANMIS,0.3152,"karaçam, sedir",toparlanma=0.32 egim=27.9>=25 <0.35,"Önce erozyon kontrolü. Toparlanma tahmini zayıf ve eğim 27,9° — dikimden önce toprak tutma önlemi gerekiyor.","Modelin tahminine göre yangın öncesi örtünün ancak %32 kadarı iki yılda geri gelecek. Dik yamaçta çıplak toprak ilk sağanakta taşınır; stabilizasyon yapılmadan yapılan dikim de birlikte gider. Yangın orta-yüksek şiddet sınıfında (dNBR 0,49); toprak yüzeyi büyük olasılıkla açıkta. Yetişme ortamı: Ege kuşağı, 1041 m, dik yamaç (25°+). Bu koşullar için önerilen türler: karaçam, sedir. Tür önerisi sistemin çıkarımı değil, dışarıdan verilen tablodan okunmuştur. Tablo: ÖRNEK TABLO — OGM tür-yetişme ortamı rehberi ile değiştirilecek",True
EGE_2021_04_005138,EROZYON_ONCE,,0.3428,"karaçam, sedir",toparlanma=0.34 egim=32.4>=25 <0.35,"Önce erozyon kontrolü. Toparlanma tahmini zayıf ve eğim 32,4° — dikimden önce toprak tutma önlemi gerekiyor.","Modelin tahminine göre yangın öncesi örtünün ancak %34 kadarı iki yılda geri gelecek. Dik yamaçta çıplak toprak ilk sağanakta taşınır; stabilizasyon yapılmadan yapılan dikim de birlikte gider. Yetişme ortamı: Ege kuşağı, 909 m, dik yamaç (25°+). Bu koşullar için önerilen türler: karaçam, sedir. Tür önerisi sistemin çıkarımı değil, dışarıdan verilen tablodan okunmuştur. Tablo: ÖRNEK TABLO — OGM tür-yetişme ortamı rehberi ile değiştirilecek",True
EGE_2021_04_005139,IZLE,DIK_YAMAC,,,prediction_status=low_severity,"İzle, müdahale etme. Yangın bu kareyi ağır yakmamış (orta-düşük şiddet, dNBR 0,28).","Model bu rejimde tahmin üretmiyor. Kendi toparlanması bekleniyor, müdahale listesine alınmıyor. Eğim 29,1° ile yüksek; makineli çalışma sınırlı olabilir.",True
EGE_2021_04_005140,IZLE,,,,prediction_status=low_severity,"İzle, müdahale etme. Yangın bu kareyi ağır yakmamış (düşük şiddet, dNBR 0,25).","Model bu rejimde tahmin üretmiyor. Kendi toparlanması bekleniyor, müdahale listesine alınmıyor.",True
EGE_2021_04_005148,IZLE,DIK_YAMAC,,,prediction_status=low_severity,"İzle, müdahale etme. Yangın bu kareyi ağır yakmamış (düşük şiddet, dNBR 0,15).","Model bu rejimde tahmin üretmiyor. Kendi toparlanması bekleniyor, müdahale listesine alınmıyor. Eğim 26,6° ile yüksek; makineli çalışma sınırlı olabilir.",True
EGE_2021_04_005149,IZLE,,,,prediction_status=low_severity,"İzle, müdahale etme. Yangın bu kareyi ağır yakmamış (düşük şiddet, dNBR 0,23).","Model bu rejimde tahmin üretmiyor. Kendi toparlanması bekleniyor, müdahale listesine alınmıyor.",True
EGE_2021_04_005150,ONCELIGE_GORE,AGIR_YANMIS,0.428,,toparlanma=0.43 0.35..0.50,Öncelik sırasına göre değerlendir. Kısmi toparlanma bekleniyor; müdahale kararı bütçeye ve sıraya bağlı.,"Modelin tahminine göre yangın öncesi örtünün %43 kadarı iki yılda geri gelecek. Ne kendi kapanacak kadar iyi ne de acil müdahale gerektirecek kadar kötü — öncelik skoru bu kareyi sıranın neresine koyduğuna bakın. Yangın orta-yüksek şiddet sınıfında (dNBR 0,58); toprak yüzeyi büyük olasılıkla açıkta.",True
EGE_2021_04_005151,DIKIM_ADAYI,AGIR_YANMIS,0.2991,"karaçam, sedir",toparlanma=0.30 <0.35,"Aktif dikim adayı. Doğal toparlanma zayıf kalıyor, eğim (16,2°) dikime elverişli.","Modelin tahminine göre yangın öncesi örtünün ancak %30 kadarı iki yılda geri gelecek — kendi başına kapanmayacak bir açık var. Yangın orta-yüksek şiddet sınıfında (dNBR 0,57); toprak yüzeyi büyük olasılıkla açıkta. Yetişme ortamı: Ege kuşağı, 1367 m, orta eğimli (10–25°). Bu koşullar için önerilen türler: karaçam, sedir. Tür önerisi sistemin çıkarımı değil, dışarıdan verilen tablodan okunmuştur. Tablo: ÖRNEK TABLO — OGM tür-yetişme ortamı rehberi ile değiştirilecek",True
EGE_2021_04_005152,DIKIM_ADAYI,,0.2763,"karaçam, sedir",toparlanma=0.28 <0.35,"Aktif dikim adayı. Doğal toparlanma zayıf kalıyor, eğim (20,7°) dikime elverişli.","Modelin tahminine göre yangın öncesi örtünün ancak %28 kadarı iki yılda geri gelecek — kendi başına kapanmayacak bir açık var. Yetişme ortamı: Ege kuşağı, 1350 m, orta eğimli (10–25°). Bu koşullar için önerilen türler: karaçam, sedir. Tür önerisi sistemin çıkarımı değil, dışarıdan verilen tablodan okunmuştur. Tablo: ÖRNEK TABLO — OGM tür-yetişme ortamı rehberi ile değiştirilecek",True
EGE_2021_04_005153,DIKIM_ADAYI,AGIR_YANMIS,0.2966,"karaçam, sedir",toparlanma=0.30 <0.35,"Aktif dikim adayı. Doğal toparlanma zayıf kalıyor, eğim (18,7°) dikime elverişli.","Modelin tahminine göre yangın öncesi örtünün ancak %30 kadarı iki yılda geri gelecek — kendi başına kapanmayacak bir açık var. Yangın orta-yüksek şiddet sınıfında (dNBR 0,51); toprak yüzeyi büyük olasılıkla açıkta. Yetişme ortamı: Ege kuşağı, 1304 m, orta eğimli (10–25°). Bu koşullar için önerilen türler: karaçam, sedir. Tür önerisi sistemin çıkarımı değil, dışarıdan verilen tablodan okunmuştur. Tablo: ÖRNEK TABLO — OGM tür-yetişme ortamı rehberi ile değiştirilecek",True
EGE_2021_04_005154,DIKIM_ADAYI,AGIR_YANMIS,0.237,"karaçam, sedir",toparlanma=0.24 <0.35,"Aktif dikim adayı. Doğal toparlanma zayıf kalıyor, eğim (12,0°) dikime elverişli.","Modelin tahminine göre yangın öncesi örtünün ancak %24 kadarı iki yılda geri gelecek — kendi başına kapanmayacak bir açık var. Yangın orta-yüksek şiddet sınıfında (dNBR 0,63); toprak yüzeyi büyük olasılıkla açıkta. Yetişme ortamı: Ege kuşağı, 1291 m, orta eğimli (10–25°). Bu koşullar için önerilen türler: karaçam, sedir. Tür önerisi sistemin çıkarımı değil, dışarıdan verilen tablodan okunmuştur. Tablo: ÖRNEK TABLO — OGM tür-yetişme ortamı rehberi ile değiştirilecek",True
EGE_2021_04_005155,DIKIM_ADAYI,AGIR_YANMIS,0.2757,"karaçam, sedir",toparlanma=0.28 <0.35,"Aktif dikim adayı. Doğal toparlanma zayıf kalıyor, eğim (10,4°) dikime elverişli.","Modelin tahminine göre yangın öncesi örtünün ancak %28 kadarı iki yılda geri gelecek — kendi başına kapanmayacak bir açık var. Yangın orta-yüksek şiddet sınıfında (dNBR 0,59); toprak yüzeyi büyük olasılıkla açıkta. Yetişme ortamı: Ege kuşağı, 1301 m, orta eğimli (10–25°). Bu koşullar için önerilen türler: karaçam, sedir. Tür önerisi sistemin çıkarımı değil, dışarıdan verilen tablodan okunmuştur. Tablo: ÖRNEK TABLO — OGM tür-yetişme ortamı rehberi ile değiştirilecek",True
EGE_2021_04_005156,IZLE,,,,prediction_status=low_severity,"İzle, müdahale etme. Yangın bu kareyi ağır yakmamış (düşük şiddet, dNBR 0,24).","Model bu rejimde tahmin üretmiyor. Kendi toparlanması bekleniyor, müdahale listesine alınmıyor.",True
EGE_2021_04_005157,IZLE,,,,prediction_status=low_severity,"İzle, müdahale etme. Yangın bu kareyi ağır yakmamış (düşük şiddet, dNBR 0,22).","Model bu rejimde tahmin üretmiyor. Kendi toparlanması bekleniyor, müdahale listesine alınmıyor.",True
EGE_2021_04_005158,IZLE,,,,prediction_status=low_severity,"İzle, müdahale etme. Yangın bu kareyi ağır yakmamış (düşük şiddet, dNBR 0,10).","Model bu rejimde tahmin üretmiyor. Kendi toparlanması bekleniyor, müdahale listesine alınmıyor.",True
EGE_2021_04_005211,IZLE,,,,prediction_status=low_severity,"İzle, müdahale etme. Yangın bu kareyi ağır yakmamış (düşük şiddet, dNBR 0,26).","Model bu rejimde tahmin üretmiyor. Kendi toparlanması bekleniyor, müdahale listesine alınmıyor.",True
EGE_2021_04_005212,DIKIM_ADAYI,ESKIDEN_ORMAN_DEGIL,0.3416,"maki türleri, kermes meşesi",toparlanma=0.34 <0.35,"Aktif dikim adayı. Doğal toparlanma zayıf kalıyor, eğim (21,1°) dikime elverişli.","Modelin tahminine göre yangın öncesi örtünün ancak %34 kadarı iki yılda geri gelecek — kendi başına kapanmayacak bir açık var. Yangın öncesi örtü otlak ve çalılık idi; orman kurma değil, mevcut örtünün onarımı düşünülmeli. Yetişme ortamı: Ege kuşağı, 1068 m, orta eğimli (10–25°). Bu koşullar için önerilen türler: maki türleri, kermes meşesi. Tür önerisi sistemin çıkarımı değil, dışarıdan verilen tablodan okunmuştur. Tablo: ÖRNEK TABLO — OGM tür-yetişme ortamı rehberi ile değiştirilecek",True
EGE_2021_04_005213,ONCELIGE_GORE,ESKIDEN_ORMAN_DEGIL,0.3857,,toparlanma=0.39 0.35..0.50,Öncelik sırasına göre değerlendir. Kısmi toparlanma bekleniyor; müdahale kararı bütçeye ve sıraya bağlı.,"Modelin tahminine göre yangın öncesi örtünün %39 kadarı iki yılda geri gelecek. Ne kendi kapanacak kadar iyi ne de acil müdahale gerektirecek kadar kötü — öncelik skoru bu kareyi sıranın neresine koyduğuna bakın. Yangın öncesi örtü otlak ve çalılık idi; orman kurma değil, mevcut örtünün onarımı düşünülmeli.",True
EGE_2021_04_005214,ONCELIGE_GORE,,0.3564,,toparlanma=0.36 0.35..0.50,Öncelik sırasına göre değerlendir. Kısmi toparlanma bekleniyor; müdahale kararı bütçeye ve sıraya bağlı.,Modelin tahminine göre yangın öncesi örtünün %36 kadarı iki yılda geri gelecek. Ne kendi kapanacak kadar iyi ne de acil müdahale gerektirecek kadar kötü — öncelik skoru bu kareyi sıranın neresine koyduğuna bakın.,True
EGE_2021_04_005215,IZLE,,,,prediction_status=low_severity,"İzle, müdahale etme. Yangın bu kareyi ağır yakmamış (düşük şiddet, dNBR 0,16).","Model bu rejimde tahmin üretmiyor. Kendi toparlanması bekleniyor, müdahale listesine alınmıyor.",True
EGE_2021_04_005217,IZLE,ESKIDEN_ORMAN_DEGIL,,,prediction_status=low_severity,"İzle, müdahale etme. Yangın bu kareyi ağır yakmamış (düşük şiddet, dNBR 0,10).","Model bu rejimde tahmin üretmiyor. Kendi toparlanması bekleniyor, müdahale listesine alınmıyor. Yangın öncesi örtü otlak ve çalılık idi; orman kurma değil, mevcut örtünün onarımı düşünülmeli.",True
EGE_2021_04_005218,IZLE,ESKIDEN_ORMAN_DEGIL,,,prediction_status=low_severity,"İzle, müdahale etme. Yangın bu kareyi ağır yakmamış (düşük şiddet, dNBR 0,13).","Model bu rejimde tahmin üretmiyor. Kendi toparlanması bekleniyor, müdahale listesine alınmıyor. Yangın öncesi örtü otlak ve çalılık idi; orman kurma değil, mevcut örtünün onarımı düşünülmeli.",True
EGE_2021_04_005219,IZLE,ERISIM_ZOR,,,prediction_status=low_severity,"İzle, müdahale etme. Yangın bu kareyi ağır yakmamış (düşük şiddet, dNBR 0,14).","Model bu rejimde tahmin üretmiyor. Kendi toparlanması bekleniyor, müdahale listesine alınmıyor. En yakın yol 2,15 km — erişim ve lojistik bu karede belirleyici olacak.",True
EGE_2021_04_005220,IZLE,ERISIM_ZOR|DIK_YAMAC,,,prediction_status=low_severity,"İzle, müdahale etme. Yangın bu kareyi ağır yakmamış (düşük şiddet, dNBR 0,19).","Model bu rejimde tahmin üretmiyor. Kendi toparlanması bekleniyor, müdahale listesine alınmıyor. En yakın yol 2,36 km — erişim ve lojistik bu karede belirleyici olacak. Eğim 29,4° ile yüksek; makineli çalışma sınırlı olabilir.",True
EGE_2021_04_005223,IZLE,ERISIM_ZOR|DIK_YAMAC,,,prediction_status=low_severity,"İzle, müdahale etme. Yangın bu kareyi ağır yakmamış (düşük şiddet, dNBR 0,11).","Model bu rejimde tahmin üretmiyor. Kendi toparlanması bekleniyor, müdahale listesine alınmıyor. En yakın yol 3,01 km — erişim ve lojistik bu karede belirleyici olacak. Eğim 38,5° ile yüksek; makineli çalışma sınırlı olabilir.",True
EGE_2021_04_005224,IZLE,ERISIM_ZOR|DIK_YAMAC,,,prediction_status=low_severity,"İzle, müdahale etme. Yangın bu kareyi ağır yakmamış (düşük şiddet, dNBR 0,17).","Model bu rejimde tahmin üretmiyor. Kendi toparlanması bekleniyor, müdahale listesine alınmıyor. En yakın yol 3,21 km — erişim ve lojistik bu karede belirleyici olacak. Eğim 38,3° ile yüksek; makineli çalışma sınırlı olabilir.",True
EGE_2021_04_005226,IZLE,ERISIM_ZOR,,,prediction_status=low_severity,"İzle, müdahale etme. Yangın bu kareyi ağır yakmamış (düşük şiddet, dNBR 0,19).","Model bu rejimde tahmin üretmiyor. Kendi toparlanması bekleniyor, müdahale listesine alınmıyor. En yakın yol 3,62 km — erişim ve lojistik bu karede belirleyici olacak.",True
EGE_2021_04_005227,IZLE,ERISIM_ZOR,,,prediction_status=low_severity,"İzle, müdahale etme. Yangın bu kareyi ağır yakmamış (düşük şiddet, dNBR 0,20).","Model bu rejimde tahmin üretmiyor. Kendi toparlanması bekleniyor, müdahale listesine alınmıyor. En yakın yol 3,84 km — erişim ve lojistik bu karede belirleyici olacak.",True
EGE_2021_04_005228,IZLE,ERISIM_ZOR|DIK_YAMAC,,,prediction_status=low_severity,"İzle, müdahale etme. Yangın bu kareyi ağır yakmamış (düşük şiddet, dNBR 0,24).","Model bu rejimde tahmin üretmiyor. Kendi toparlanması bekleniyor, müdahale listesine alınmıyor. En yakın yol 3,85 km — erişim ve lojistik bu karede belirleyici olacak. Eğim 33,0° ile yüksek; makineli çalışma sınırlı olabilir.",True
EGE_2021_04_005229,EROZYON_ONCE,ERISIM_ZOR,0.3317,"kızılçam, fıstıkçamı",toparlanma=0.33 egim=30.8>=25 <0.35,"Önce erozyon kontrolü. Toparlanma tahmini zayıf ve eğim 30,8° — dikimden önce toprak tutma önlemi gerekiyor.","Modelin tahminine göre yangın öncesi örtünün ancak %33 kadarı iki yılda geri gelecek. Dik yamaçta çıplak toprak ilk sağanakta taşınır; stabilizasyon yapılmadan yapılan dikim de birlikte gider. En yakın yol 3,84 km — erişim ve lojistik bu karede belirleyici olacak. Yetişme ortamı: Ege kuşağı, 737 m, dik yamaç (25°+). Bu koşullar için önerilen türler: kızılçam, fıstıkçamı. Tür önerisi sistemin çıkarımı değil, dışarıdan verilen tablodan okunmuştur. Tablo: ÖRNEK TABLO — OGM tür-yetişme ortamı rehberi ile değiştirilecek",True
EGE_2021_04_005230,IZLE,ERISIM_ZOR|DIK_YAMAC,,,prediction_status=low_severity,"İzle, müdahale etme. Yangın bu kareyi ağır yakmamış (düşük şiddet, dNBR 0,27).","Model bu rejimde tahmin üretmiyor. Kendi toparlanması bekleniyor, müdahale listesine alınmıyor. En yakın yol 3,85 km — erişim ve lojistik bu karede belirleyici olacak. Eğim 37,1° ile yüksek; makineli çalışma sınırlı olabilir.",True
EGE_2021_04_005231,EROZYON_ONCE,ERISIM_ZOR|ESKIDEN_ORMAN_DEGIL,0.261,"maki türleri, kermes meşesi",toparlanma=0.26 egim=41.1>=25 <0.35,"Önce erozyon kontrolü. Toparlanma tahmini zayıf ve eğim 41,1° — dikimden önce toprak tutma önlemi gerekiyor.","Modelin tahminine göre yangın öncesi örtünün ancak %26 kadarı iki yılda geri gelecek. Dik yamaçta çıplak toprak ilk sağanakta taşınır; stabilizasyon yapılmadan yapılan dikim de birlikte gider. En yakın yol 3,87 km — erişim ve lojistik bu karede belirleyici olacak. Yangın öncesi örtü otlak ve çalılık idi; orman kurma değil, mevcut örtünün onarımı düşünülmeli. Yetişme ortamı: Ege kuşağı, 789 m, dik yamaç (25°+). Bu koşullar için önerilen türler: maki türleri, kermes meşesi. Tür önerisi sistemin çıkarımı değil, dışarıdan verilen tablodan okunmuştur. Tablo: ÖRNEK TABLO — OGM tür-yetişme ortamı rehberi ile değiştirilecek",True
EGE_2021_04_005232,EROZYON_ONCE,ERISIM_ZOR,0.3332,"kızılçam, fıstıkçamı",toparlanma=0.33 egim=31.9>=25 <0.35,"Önce erozyon kontrolü. Toparlanma tahmini zayıf ve eğim 31,9° — dikimden önce toprak tutma önlemi gerekiyor.","Modelin tahminine göre yangın öncesi örtünün ancak %33 kadarı iki yılda geri gelecek. Dik yamaçta çıplak toprak ilk sağanakta taşınır; stabilizasyon yapılmadan yapılan dikim de birlikte gider. En yakın yol 3,91 km — erişim ve lojistik bu karede belirleyici olacak. Yetişme ortamı: Ege kuşağı, 767 m, dik yamaç (25°+). Bu koşullar için önerilen türler: kızılçam, fıstıkçamı. Tür önerisi sistemin çıkarımı değil, dışarıdan verilen tablodan okunmuştur. Tablo: ÖRNEK TABLO — OGM tür-yetişme ortamı rehberi ile değiştirilecek",True
EGE_2021_04_005233,EROZYON_ONCE,ERISIM_ZOR|AGIR_YANMIS,0.3076,"karaçam, sedir",toparlanma=0.31 egim=34.4>=25 <0.35,"Önce erozyon kontrolü. Toparlanma tahmini zayıf ve eğim 34,4° — dikimden önce toprak tutma önlemi gerekiyor.","Modelin tahminine göre yangın öncesi örtünün ancak %31 kadarı iki yılda geri gelecek. Dik yamaçta çıplak toprak ilk sağanakta taşınır; stabilizasyon yapılmadan yapılan dikim de birlikte gider. En yakın yol 3,78 km — erişim ve lojistik bu karede belirleyici olacak. Yangın orta-yüksek şiddet sınıfında (dNBR 0,47); toprak yüzeyi büyük olasılıkla açıkta. Yetişme ortamı: Ege kuşağı, 901 m, dik yamaç (25°+). Bu koşullar için önerilen türler: karaçam, sedir. Tür önerisi sistemin çıkarımı değil, dışarıdan verilen tablodan okunmuştur. Tablo: ÖRNEK TABLO — OGM tür-yetişme ortamı rehberi ile değiştirilecek",True
EGE_2021_04_005234,EROZYON_ONCE,ERISIM_ZOR|AGIR_YANMIS,0.3152,"karaçam, sedir",toparlanma=0.32 egim=34.3>=25 <0.35,"Önce erozyon kontrolü. Toparlanma tahmini zayıf ve eğim 34,3° — dikimden önce toprak tutma önlemi gerekiyor.","Modelin tahminine göre yangın öncesi örtünün ancak %32 kadarı iki yılda geri gelecek. Dik yamaçta çıplak toprak ilk sağanakta taşınır; stabilizasyon yapılmadan yapılan dikim de birlikte gider. En yakın yol 3,55 km — erişim ve lojistik bu karede belirleyici olacak. Yangın orta-yüksek şiddet sınıfında (dNBR 0,44); toprak yüzeyi büyük olasılıkla açıkta. Yetişme ortamı: Ege kuşağı, 1055 m, dik yamaç (25°+). Bu koşullar için önerilen türler: karaçam, sedir. Tür önerisi sistemin çıkarımı değil, dışarıdan verilen tablodan okunmuştur. Tablo: ÖRNEK TABLO — OGM tür-yetişme ortamı rehberi ile değiştirilecek",True
EGE_2021_04_005237,IZLE,ERISIM_ZOR|DIK_YAMAC,,,prediction_status=low_severity,"İzle, müdahale etme. Yangın bu kareyi ağır yakmamış (düşük şiddet, dNBR 0,22).","Model bu rejimde tahmin üretmiyor. Kendi toparlanması bekleniyor, müdahale listesine alınmıyor. En yakın yol 2,90 km — erişim ve lojistik bu karede belirleyici olacak. Eğim 28,1° ile yüksek; makineli çalışma sınırlı olabilir.",True
EGE_2021_04_005238,ONCELIGE_GORE,ERISIM_ZOR,0.4266,,toparlanma=0.43 0.35..0.50,Öncelik sırasına göre değerlendir. Kısmi toparlanma bekleniyor; müdahale kararı bütçeye ve sıraya bağlı.,"Modelin tahminine göre yangın öncesi örtünün %43 kadarı iki yılda geri gelecek. Ne kendi kapanacak kadar iyi ne de acil müdahale gerektirecek kadar kötü — öncelik skoru bu kareyi sıranın neresine koyduğuna bakın. En yakın yol 2,70 km — erişim ve lojistik bu karede belirleyici olacak.",True
EGE_2021_04_005239,ONCELIGE_GORE,ERISIM_ZOR|DIK_YAMAC,0.4186,,toparlanma=0.42 0.35..0.50,Öncelik sırasına göre değerlendir. Kısmi toparlanma bekleniyor; müdahale kararı bütçeye ve sıraya bağlı.,"Modelin tahminine göre yangın öncesi örtünün %42 kadarı iki yılda geri gelecek. Ne kendi kapanacak kadar iyi ne de acil müdahale gerektirecek kadar kötü — öncelik skoru bu kareyi sıranın neresine koyduğuna bakın. En yakın yol 2,50 km — erişim ve lojistik bu karede belirleyici olacak. Eğim 26,1° ile yüksek; makineli çalışma sınırlı olabilir.",True
EGE_2021_04_005240,DIKIM_ADAYI,ERISIM_ZOR|AGIR_YANMIS,0.2901,"karaçam, sedir",toparlanma=0.29 <0.35,"Aktif dikim adayı. Doğal toparlanma zayıf kalıyor, eğim (24,2°) dikime elverişli.","Modelin tahminine göre yangın öncesi örtünün ancak %29 kadarı iki yılda geri gelecek — kendi başına kapanmayacak bir açık var. En yakın yol 2,31 km — erişim ve lojistik bu karede belirleyici olacak. Yangın orta-yüksek şiddet sınıfında (dNBR 0,56); toprak yüzeyi büyük olasılıkla açıkta. Yetişme ortamı: Ege kuşağı, 946 m, orta eğimli (10–25°). Bu koşullar için önerilen türler: karaçam, sedir. Tür önerisi sistemin çıkarımı değil, dışarıdan verilen tablodan okunmuştur. Tablo: ÖRNEK TABLO — OGM tür-yetişme ortamı rehberi ile değiştirilecek",True
EGE_2021_04_005241,EROZYON_ONCE,ERISIM_ZOR|AGIR_YANMIS,0.1932,"karaçam, sedir",toparlanma=0.19 egim=28.7>=25 <0.35,"Önce erozyon kontrolü. Toparlanma tahmini zayıf ve eğim 28,7° — dikimden önce toprak tutma önlemi gerekiyor.","Modelin tahminine göre yangın öncesi örtünün ancak %19 kadarı iki yılda geri gelecek. Dik yamaçta çıplak toprak ilk sağanakta taşınır; stabilizasyon yapılmadan yapılan dikim de birlikte gider. En yakın yol 2,14 km — erişim ve lojistik bu karede belirleyici olacak. Yangın yüksek şiddet sınıfında (dNBR 0,71); toprak yüzeyi büyük olasılıkla açıkta. Yetişme ortamı: Ege kuşağı, 906 m, dik yamaç (25°+). Bu koşullar için önerilen türler: karaçam, sedir. Tür önerisi sistemin çıkarımı değil, dışarıdan verilen tablodan okunmuştur. Tablo: ÖRNEK TABLO — OGM tür-yetişme ortamı rehberi ile değiştirilecek",True
EGE_2021_04_005242,EROZYON_ONCE,AGIR_YANMIS,0.207,"karaçam, sedir",toparlanma=0.21 egim=28.4>=25 <0.35,"Önce erozyon kontrolü. Toparlanma tahmini zayıf ve eğim 28,4° — dikimden önce toprak tutma önlemi gerekiyor.","Modelin tahminine göre yangın öncesi örtünün ancak %21 kadarı iki yılda geri gelecek. Dik yamaçta çıplak toprak ilk sağanakta taşınır; stabilizasyon yapılmadan yapılan dikim de birlikte gider. Yangın yüksek şiddet sınıfında (dNBR 0,67); toprak yüzeyi büyük olasılıkla açıkta. Yetişme ortamı: Ege kuşağı, 868 m, dik yamaç (25°+). Bu koşullar için önerilen türler: karaçam, sedir. Tür önerisi sistemin çıkarımı değil, dışarıdan verilen tablodan okunmuştur. Tablo: ÖRNEK TABLO — OGM tür-yetişme ortamı rehberi ile değiştirilecek",True
EGE_2021_04_005243,EROZYON_ONCE,AGIR_YANMIS,0.2049,"karaçam, sedir",toparlanma=0.20 egim=26.9>=25 <0.35,"Önce erozyon kontrolü. Toparlanma tahmini zayıf ve eğim 26,9° — dikimden önce toprak tutma önlemi gerekiyor.","Modelin tahminine göre yangın öncesi örtünün ancak %20 kadarı iki yılda geri gelecek. Dik yamaçta çıplak toprak ilk sağanakta taşınır; stabilizasyon yapılmadan yapılan dikim de birlikte gider. Yangın orta-yüksek şiddet sınıfında (dNBR 0,53); toprak yüzeyi büyük olasılıkla açıkta. Yetişme ortamı: Ege kuşağı, 832 m, dik yamaç (25°+). Bu koşullar için önerilen türler: karaçam, sedir. Tür önerisi sistemin çıkarımı değil, dışarıdan verilen tablodan okunmuştur. Tablo: ÖRNEK TABLO — OGM tür-yetişme ortamı rehberi ile değiştirilecek",True
EGE_2021_04_005244,EROZYON_ONCE,AGIR_YANMIS,0.1989,"karaçam, sedir",toparlanma=0.20 egim=32.2>=25 <0.35,"Önce erozyon kontrolü. Toparlanma tahmini zayıf ve eğim 32,2° — dikimden önce toprak tutma önlemi gerekiyor.","Modelin tahminine göre yangın öncesi örtünün ancak %20 kadarı iki yılda geri gelecek. Dik yamaçta çıplak toprak ilk sağanakta taşınır; stabilizasyon yapılmadan yapılan dikim de birlikte gider. Yangın orta-yüksek şiddet sınıfında (dNBR 0,47); toprak yüzeyi büyük olasılıkla açıkta. Yetişme ortamı: Ege kuşağı, 858 m, dik yamaç (25°+). Bu koşullar için önerilen türler: karaçam, sedir. Tür önerisi sistemin çıkarımı değil, dışarıdan verilen tablodan okunmuştur. Tablo: ÖRNEK TABLO — OGM tür-yetişme ortamı rehberi ile değiştirilecek",True
EGE_2021_04_005245,EROZYON_ONCE,AGIR_YANMIS,0.2184,"karaçam, sedir",toparlanma=0.22 egim=36.6>=25 <0.35,"Önce erozyon kontrolü. Toparlanma tahmini zayıf ve eğim 36,6° — dikimden önce toprak tutma önlemi gerekiyor.","Modelin tahminine göre yangın öncesi örtünün ancak %22 kadarı iki yılda geri gelecek. Dik yamaçta çıplak toprak ilk sağanakta taşınır; stabilizasyon yapılmadan yapılan dikim de birlikte gider. Yangın orta-yüksek şiddet sınıfında (dNBR 0,45); toprak yüzeyi büyük olasılıkla açıkta. Yetişme ortamı: Ege kuşağı, 888 m, dik yamaç (25°+). Bu koşullar için önerilen türler: karaçam, sedir. Tür önerisi sistemin çıkarımı değil, dışarıdan verilen tablodan okunmuştur. Tablo: ÖRNEK TABLO — OGM tür-yetişme ortamı rehberi ile değiştirilecek",True
EGE_2021_04_005246,IZLE,DIK_YAMAC,,,prediction_status=low_severity,"İzle, müdahale etme. Yangın bu kareyi ağır yakmamış (düşük şiddet, dNBR 0,25).","Model bu rejimde tahmin üretmiyor. Kendi toparlanması bekleniyor, müdahale listesine alınmıyor. Eğim 29,4° ile yüksek; makineli çalışma sınırlı olabilir.",True
EGE_2021_04_005247,IZLE,DIK_YAMAC,,,prediction_status=low_severity,"İzle, müdahale etme. Yangın bu kareyi ağır yakmamış (düşük şiddet, dNBR 0,15).","Model bu rejimde tahmin üretmiyor. Kendi toparlanması bekleniyor, müdahale listesine alınmıyor. Eğim 28,9° ile yüksek; makineli çalışma sınırlı olabilir.",True
EGE_2021_04_005248,IZLE,,,,prediction_status=low_severity,"İzle, müdahale etme. Yangın bu kareyi ağır yakmamış (düşük şiddet, dNBR 0,15).","Model bu rejimde tahmin üretmiyor. Kendi toparlanması bekleniyor, müdahale listesine alınmıyor.",True
EGE_2021_04_005252,IZLE,DIK_YAMAC,,,prediction_status=low_severity,"İzle, müdahale etme. Yangın bu kareyi ağır yakmamış (düşük şiddet, dNBR 0,19).","Model bu rejimde tahmin üretmiyor. Kendi toparlanması bekleniyor, müdahale listesine alınmıyor. Eğim 36,5° ile yüksek; makineli çalışma sınırlı olabilir.",True
EGE_2021_04_005253,IZLE,DIK_YAMAC,,,prediction_status=low_severity,"İzle, müdahale etme. Yangın bu kareyi ağır yakmamış (düşük şiddet, dNBR 0,16).","Model bu rejimde tahmin üretmiyor. Kendi toparlanması bekleniyor, müdahale listesine alınmıyor. Eğim 36,7° ile yüksek; makineli çalışma sınırlı olabilir.",True
EGE_2021_04_005254,IZLE,,,,prediction_status=low_severity,"İzle, müdahale etme. Yangın bu kareyi ağır yakmamış (düşük şiddet, dNBR 0,24).","Model bu rejimde tahmin üretmiyor. Kendi toparlanması bekleniyor, müdahale listesine alınmıyor.",True
EGE_2021_04_005255,IZLE,,,,prediction_status=low_severity,"İzle, müdahale etme. Yangın bu kareyi ağır yakmamış (düşük şiddet, dNBR 0,24).","Model bu rejimde tahmin üretmiyor. Kendi toparlanması bekleniyor, müdahale listesine alınmıyor.",True
EGE_2021_04_005256,ONCELIGE_GORE,,0.4226,,toparlanma=0.42 0.35..0.50,Öncelik sırasına göre değerlendir. Kısmi toparlanma bekleniyor; müdahale kararı bütçeye ve sıraya bağlı.,Modelin tahminine göre yangın öncesi örtünün %42 kadarı iki yılda geri gelecek. Ne kendi kapanacak kadar iyi ne de acil müdahale gerektirecek kadar kötü — öncelik skoru bu kareyi sıranın neresine koyduğuna bakın.,True
EGE_2021_04_005257,ONCELIGE_GORE,,0.3644,,toparlanma=0.36 0.35..0.50,Öncelik sırasına göre değerlendir. Kısmi toparlanma bekleniyor; müdahale kararı bütçeye ve sıraya bağlı.,Modelin tahminine göre yangın öncesi örtünün %36 kadarı iki yılda geri gelecek. Ne kendi kapanacak kadar iyi ne de acil müdahale gerektirecek kadar kötü — öncelik skoru bu kareyi sıranın neresine koyduğuna bakın.,True
EGE_2021_04_005258,DIKIM_ADAYI,AGIR_YANMIS,0.3108,"karaçam, sedir",toparlanma=0.31 <0.35,"Aktif dikim adayı. Doğal toparlanma zayıf kalıyor, eğim (20,2°) dikime elverişli.","Modelin tahminine göre yangın öncesi örtünün ancak %31 kadarı iki yılda geri gelecek — kendi başına kapanmayacak bir açık var. Yangın orta-yüksek şiddet sınıfında (dNBR 0,65); toprak yüzeyi büyük olasılıkla açıkta. Yetişme ortamı: Ege kuşağı, 1258 m, orta eğimli (10–25°). Bu koşullar için önerilen türler: karaçam, sedir. Tür önerisi sistemin çıkarımı değil, dışarıdan verilen tablodan okunmuştur. Tablo: ÖRNEK TABLO — OGM tür-yetişme ortamı rehberi ile değiştirilecek",True
EGE_2021_04_005259,DIKIM_ADAYI,AGIR_YANMIS,0.2971,"karaçam, sedir",toparlanma=0.30 <0.35,"Aktif dikim adayı. Doğal toparlanma zayıf kalıyor, eğim (19,5°) dikime elverişli.","Modelin tahminine göre yangın öncesi örtünün ancak %30 kadarı iki yılda geri gelecek — kendi başına kapanmayacak bir açık var. Yangın orta-yüksek şiddet sınıfında (dNBR 0,49); toprak yüzeyi büyük olasılıkla açıkta. Yetişme ortamı: Ege kuşağı, 1291 m, orta eğimli (10–25°). Bu koşullar için önerilen türler: karaçam, sedir. Tür önerisi sistemin çıkarımı değil, dışarıdan verilen tablodan okunmuştur. Tablo: ÖRNEK TABLO — OGM tür-yetişme ortamı rehberi ile değiştirilecek",True
EGE_2021_04_005260,DIKIM_ADAYI,,0.3375,"karaçam, sedir",toparlanma=0.34 <0.35,"Aktif dikim adayı. Doğal toparlanma zayıf kalıyor, eğim (21,0°) dikime elverişli.","Modelin tahminine göre yangın öncesi örtünün ancak %34 kadarı iki yılda geri gelecek — kendi başına kapanmayacak bir açık var. Yetişme ortamı: Ege kuşağı, 1267 m, orta eğimli (10–25°). Bu koşullar için önerilen türler: karaçam, sedir. Tür önerisi sistemin çıkarımı değil, dışarıdan verilen tablodan okunmuştur. Tablo: ÖRNEK TABLO — OGM tür-yetişme ortamı rehberi ile değiştirilecek",True
EGE_2021_04_005261,ONCELIGE_GORE,ESKIDEN_ORMAN_DEGIL,0.3616,,toparlanma=0.36 0.35..0.50,Öncelik sırasına göre değerlendir. Kısmi toparlanma bekleniyor; müdahale kararı bütçeye ve sıraya bağlı.,"Modelin tahminine göre yangın öncesi örtünün %36 kadarı iki yılda geri gelecek. Ne kendi kapanacak kadar iyi ne de acil müdahale gerektirecek kadar kötü — öncelik skoru bu kareyi sıranın neresine koyduğuna bakın. Yangın öncesi örtü otlak ve çalılık idi; orman kurma değil, mevcut örtünün onarımı düşünülmeli.",True
EGE_2021_04_005262,DIKIM_ADAYI,AGIR_YANMIS,0.322,"karaçam, sedir",toparlanma=0.32 <0.35,"Aktif dikim adayı. Doğal toparlanma zayıf kalıyor, eğim (10,0°) dikime elverişli.","Modelin tahminine göre yangın öncesi örtünün ancak %32 kadarı iki yılda geri gelecek — kendi başına kapanmayacak bir açık var. Yangın orta-yüksek şiddet sınıfında (dNBR 0,58); toprak yüzeyi büyük olasılıkla açıkta. Yetişme ortamı: Ege kuşağı, 1233 m, düz-hafif eğimli (0–10°). Bu koşullar için önerilen türler: karaçam, sedir. Tür önerisi sistemin çıkarımı değil, dışarıdan verilen tablodan okunmuştur. Tablo: ÖRNEK TABLO — OGM tür-yetişme ortamı rehberi ile değiştirilecek",True
EGE_2021_04_005263,DIKIM_ADAYI,,0.2704,"karaçam, sedir",toparlanma=0.27 <0.35,"Aktif dikim adayı. Doğal toparlanma zayıf kalıyor, eğim (13,7°) dikime elverişli.","Modelin tahminine göre yangın öncesi örtünün ancak %27 kadarı iki yılda geri gelecek — kendi başına kapanmayacak bir açık var. Yetişme ortamı: Ege kuşağı, 1251 m, orta eğimli (10–25°). Bu koşullar için önerilen türler: karaçam, sedir. Tür önerisi sistemin çıkarımı değil, dışarıdan verilen tablodan okunmuştur. Tablo: ÖRNEK TABLO — OGM tür-yetişme ortamı rehberi ile değiştirilecek",True
EGE_2021_04_005264,IZLE,,,,prediction_status=low_severity,"İzle, müdahale etme. Yangın bu kareyi ağır yakmamış (düşük şiddet, dNBR 0,14).","Model bu rejimde tahmin üretmiyor. Kendi toparlanması bekleniyor, müdahale listesine alınmıyor.",True
EGE_2021_04_005265,IZLE,,,,prediction_status=low_severity,"İzle, müdahale etme. Yangın bu kareyi ağır yakmamış (düşük şiddet, dNBR 0,21).","Model bu rejimde tahmin üretmiyor. Kendi toparlanması bekleniyor, müdahale listesine alınmıyor.",True
EGE_2021_04_005266,IZLE,ESKIDEN_ORMAN_DEGIL,,,prediction_status=low_severity,"İzle, müdahale etme. Yangın bu kareyi ağır yakmamış (düşük şiddet, dNBR 0,27).","Model bu rejimde tahmin üretmiyor. Kendi toparlanması bekleniyor, müdahale listesine alınmıyor. Yangın öncesi örtü otlak ve çalılık idi; orman kurma değil, mevcut örtünün onarımı düşünülmeli.",True
EGE_2021_04_005319,IZLE,,,,prediction_status=low_severity,"İzle, müdahale etme. Yangın bu kareyi ağır yakmamış (düşük şiddet, dNBR 0,15).","Model bu rejimde tahmin üretmiyor. Kendi toparlanması bekleniyor, müdahale listesine alınmıyor.",True
EGE_2021_04_005320,IZLE,,,,prediction_status=low_severity,"İzle, müdahale etme. Yangın bu kareyi ağır yakmamış (düşük şiddet, dNBR 0,22).","Model bu rejimde tahmin üretmiyor. Kendi toparlanması bekleniyor, müdahale listesine alınmıyor.",True
EGE_2021_04_005321,IZLE,,,,prediction_status=low_severity,"İzle, müdahale etme. Yangın bu kareyi ağır yakmamış (düşük şiddet, dNBR 0,13).","Model bu rejimde tahmin üretmiyor. Kendi toparlanması bekleniyor, müdahale listesine alınmıyor.",True
EGE_2021_04_005322,ONCELIGE_GORE,,0.409,,toparlanma=0.41 0.35..0.50,Öncelik sırasına göre değerlendir. Kısmi toparlanma bekleniyor; müdahale kararı bütçeye ve sıraya bağlı.,Modelin tahminine göre yangın öncesi örtünün %41 kadarı iki yılda geri gelecek. Ne kendi kapanacak kadar iyi ne de acil müdahale gerektirecek kadar kötü — öncelik skoru bu kareyi sıranın neresine koyduğuna bakın.,True
EGE_2021_04_005323,DIKIM_ADAYI,,0.3255,"karaçam, sedir",toparlanma=0.33 <0.35,"Aktif dikim adayı. Doğal toparlanma zayıf kalıyor, eğim (20,2°) dikime elverişli.","Modelin tahminine göre yangın öncesi örtünün ancak %33 kadarı iki yılda geri gelecek — kendi başına kapanmayacak bir açık var. Yetişme ortamı: Ege kuşağı, 1262 m, orta eğimli (10–25°). Bu koşullar için önerilen türler: karaçam, sedir. Tür önerisi sistemin çıkarımı değil, dışarıdan verilen tablodan okunmuştur. Tablo: ÖRNEK TABLO — OGM tür-yetişme ortamı rehberi ile değiştirilecek",True
EGE_2021_04_005324,DIKIM_ADAYI,,0.3167,"karaçam, sedir",toparlanma=0.32 <0.35,"Aktif dikim adayı. Doğal toparlanma zayıf kalıyor, eğim (20,6°) dikime elverişli.","Modelin tahminine göre yangın öncesi örtünün ancak %32 kadarı iki yılda geri gelecek — kendi başına kapanmayacak bir açık var. Yetişme ortamı: Ege kuşağı, 1321 m, orta eğimli (10–25°). Bu koşullar için önerilen türler: karaçam, sedir. Tür önerisi sistemin çıkarımı değil, dışarıdan verilen tablodan okunmuştur. Tablo: ÖRNEK TABLO — OGM tür-yetişme ortamı rehberi ile değiştirilecek",True
EGE_2021_04_005325,IZLE,ESKIDEN_ORMAN_DEGIL,,,prediction_status=low_severity,"İzle, müdahale etme. Yangın bu kareyi ağır yakmamış (düşük şiddet, dNBR 0,11).","Model bu rejimde tahmin üretmiyor. Kendi toparlanması bekleniyor, müdahale listesine alınmıyor. Yangın öncesi örtü otlak ve çalılık idi; orman kurma değil, mevcut örtünün onarımı düşünülmeli.",True
EGE_2021_04_005326,IZLE,ESKIDEN_ORMAN_DEGIL,,,prediction_status=low_severity,"İzle, müdahale etme. Yangın bu kareyi ağır yakmamış (düşük şiddet, dNBR 0,14).","Model bu rejimde tahmin üretmiyor. Kendi toparlanması bekleniyor, müdahale listesine alınmıyor. Yangın öncesi örtü otlak ve çalılık idi; orman kurma değil, mevcut örtünün onarımı düşünülmeli.",True
EGE_2021_04_005327,IZLE,ERISIM_ZOR|ESKIDEN_ORMAN_DEGIL,,,prediction_status=low_severity,"İzle, müdahale etme. Yangın bu kareyi ağır yakmamış (düşük şiddet, dNBR 0,11).","Model bu rejimde tahmin üretmiyor. Kendi toparlanması bekleniyor, müdahale listesine alınmıyor. En yakın yol 2,01 km — erişim ve lojistik bu karede belirleyici olacak. Yangın öncesi örtü otlak ve çalılık idi; orman kurma değil, mevcut örtünün onarımı düşünülmeli.",True
EGE_2021_04_005328,IZLE,ERISIM_ZOR,,,prediction_status=low_severity,"İzle, müdahale etme. Yangın bu kareyi ağır yakmamış (düşük şiddet, dNBR 0,12).","Model bu rejimde tahmin üretmiyor. Kendi toparlanması bekleniyor, müdahale listesine alınmıyor. En yakın yol 2,23 km — erişim ve lojistik bu karede belirleyici olacak.",True
EGE_2021_04_005329,IZLE,ERISIM_ZOR|DIK_YAMAC,,,prediction_status=low_severity,"İzle, müdahale etme. Yangın bu kareyi ağır yakmamış (düşük şiddet, dNBR 0,20).","Model bu rejimde tahmin üretmiyor. Kendi toparlanması bekleniyor, müdahale listesine alınmıyor. En yakın yol 2,46 km — erişim ve lojistik bu karede belirleyici olacak. Eğim 31,5° ile yüksek; makineli çalışma sınırlı olabilir.",True
EGE_2021_04_005335,IZLE,ERISIM_ZOR|DIK_YAMAC,,,prediction_status=low_severity,"İzle, müdahale etme. Yangın bu kareyi ağır yakmamış (düşük şiddet, dNBR 0,18).","Model bu rejimde tahmin üretmiyor. Kendi toparlanması bekleniyor, müdahale listesine alınmıyor. En yakın yol 3,72 km — erişim ve lojistik bu karede belirleyici olacak. Eğim 33,6° ile yüksek; makineli çalışma sınırlı olabilir.",True
EGE_2021_04_005336,IZLE,ERISIM_ZOR|DIK_YAMAC,,,prediction_status=low_severity,"İzle, müdahale etme. Yangın bu kareyi ağır yakmamış (düşük şiddet, dNBR 0,19).","Model bu rejimde tahmin üretmiyor. Kendi toparlanması bekleniyor, müdahale listesine alınmıyor. En yakın yol 3,94 km — erişim ve lojistik bu karede belirleyici olacak. Eğim 31,5° ile yüksek; makineli çalışma sınırlı olabilir.",True
EGE_2021_04_005337,ONCELIGE_GORE,ERISIM_ZOR|DIK_YAMAC,0.3699,,toparlanma=0.37 0.35..0.50,Öncelik sırasına göre değerlendir. Kısmi toparlanma bekleniyor; müdahale kararı bütçeye ve sıraya bağlı.,"Modelin tahminine göre yangın öncesi örtünün %37 kadarı iki yılda geri gelecek. Ne kendi kapanacak kadar iyi ne de acil müdahale gerektirecek kadar kötü — öncelik skoru bu kareyi sıranın neresine koyduğuna bakın. En yakın yol 4,09 km — erişim ve lojistik bu karede belirleyici olacak. Eğim 25,4° ile yüksek; makineli çalışma sınırlı olabilir.",True
EGE_2021_04_005338,EROZYON_ONCE,ERISIM_ZOR,0.2629,"kızılçam, fıstıkçamı",toparlanma=0.26 egim=29.0>=25 <0.35,"Önce erozyon kontrolü. Toparlanma tahmini zayıf ve eğim 29,0° — dikimden önce toprak tutma önlemi gerekiyor.","Modelin tahminine göre yangın öncesi örtünün ancak %26 kadarı iki yılda geri gelecek. Dik yamaçta çıplak toprak ilk sağanakta taşınır; stabilizasyon yapılmadan yapılan dikim de birlikte gider. En yakın yol 4,10 km — erişim ve lojistik bu karede belirleyici olacak. Yetişme ortamı: Ege kuşağı, 677 m, dik yamaç (25°+). Bu koşullar için önerilen türler: kızılçam, fıstıkçamı. Tür önerisi sistemin çıkarımı değil, dışarıdan verilen tablodan okunmuştur. Tablo: ÖRNEK TABLO — OGM tür-yetişme ortamı rehberi ile değiştirilecek",True
EGE_2021_04_005339,DIKIM_ADAYI,ERISIM_ZOR,0.3385,"kızılçam, fıstıkçamı",toparlanma=0.34 <0.35,"Aktif dikim adayı. Doğal toparlanma zayıf kalıyor, eğim (20,4°) dikime elverişli.","Modelin tahminine göre yangın öncesi örtünün ancak %34 kadarı iki yılda geri gelecek — kendi başına kapanmayacak bir açık var. En yakın yol 4,12 km — erişim ve lojistik bu karede belirleyici olacak. Yetişme ortamı: Ege kuşağı, 657 m, orta eğimli (10–25°). Bu koşullar için önerilen türler: kızılçam, fıstıkçamı. Tür önerisi sistemin çıkarımı değil, dışarıdan verilen tablodan okunmuştur. Tablo: ÖRNEK TABLO — OGM tür-yetişme ortamı rehberi ile değiştirilecek",True
EGE_2021_04_005340,DIKIM_ADAYI,ERISIM_ZOR,0.3299,"kızılçam, fıstıkçamı",toparlanma=0.33 <0.35,"Aktif dikim adayı. Doğal toparlanma zayıf kalıyor, eğim (24,7°) dikime elverişli.","Modelin tahminine göre yangın öncesi örtünün ancak %33 kadarı iki yılda geri gelecek — kendi başına kapanmayacak bir açık var. En yakın yol 3,92 km — erişim ve lojistik bu karede belirleyici olacak. Yetişme ortamı: Ege kuşağı, 725 m, orta eğimli (10–25°). Bu koşullar için önerilen türler: kızılçam, fıstıkçamı. Tür önerisi sistemin çıkarımı değil, dışarıdan verilen tablodan okunmuştur. Tablo: ÖRNEK TABLO — OGM tür-yetişme ortamı rehberi ile değiştirilecek",True
EGE_2021_04_005341,EROZYON_ONCE,ERISIM_ZOR,0.3087,"karaçam, sedir",toparlanma=0.31 egim=28.1>=25 <0.35,"Önce erozyon kontrolü. Toparlanma tahmini zayıf ve eğim 28,1° — dikimden önce toprak tutma önlemi gerekiyor.","Modelin tahminine göre yangın öncesi örtünün ancak %31 kadarı iki yılda geri gelecek. Dik yamaçta çıplak toprak ilk sağanakta taşınır; stabilizasyon yapılmadan yapılan dikim de birlikte gider. En yakın yol 3,68 km — erişim ve lojistik bu karede belirleyici olacak. Yetişme ortamı: Ege kuşağı, 856 m, dik yamaç (25°+). Bu koşullar için önerilen türler: karaçam, sedir. Tür önerisi sistemin çıkarımı değil, dışarıdan verilen tablodan okunmuştur. Tablo: ÖRNEK TABLO — OGM tür-yetişme ortamı rehberi ile değiştirilecek",True
EGE_2021_04_005343,IZLE,ERISIM_ZOR|DIK_YAMAC,,,prediction_status=low_severity,"İzle, müdahale etme. Yangın bu kareyi ağır yakmamış (düşük şiddet, dNBR 0,15).","Model bu rejimde tahmin üretmiyor. Kendi toparlanması bekleniyor, müdahale listesine alınmıyor. En yakın yol 3,22 km — erişim ve lojistik bu karede belirleyici olacak. Eğim 36,6° ile yüksek; makineli çalışma sınırlı olabilir.",True
EGE_2021_04_005346,IZLE,ERISIM_ZOR|DIK_YAMAC,,,prediction_status=low_severity,"İzle, müdahale etme. Yangın bu kareyi ağır yakmamış (düşük şiddet, dNBR 0,25).","Model bu rejimde tahmin üretmiyor. Kendi toparlanması bekleniyor, müdahale listesine alınmıyor. En yakın yol 2,56 km — erişim ve lojistik bu karede belirleyici olacak. Eğim 27,9° ile yüksek; makineli çalışma sınırlı olabilir.",True
EGE_2021_04_005347,IZLE,ERISIM_ZOR|DIK_YAMAC,,,prediction_status=low_severity,"İzle, müdahale etme. Yangın bu kareyi ağır yakmamış (düşük şiddet, dNBR 0,24).","Model bu rejimde tahmin üretmiyor. Kendi toparlanması bekleniyor, müdahale listesine alınmıyor. En yakın yol 2,35 km — erişim ve lojistik bu karede belirleyici olacak. Eğim 26,6° ile yüksek; makineli çalışma sınırlı olabilir.",True
EGE_2021_04_005348,DIKIM_ADAYI,ERISIM_ZOR|AGIR_YANMIS,0.345,"karaçam, sedir",toparlanma=0.35 <0.35,"Aktif dikim adayı. Doğal toparlanma zayıf kalıyor, eğim (23,3°) dikime elverişli.","Modelin tahminine göre yangın öncesi örtünün ancak %35 kadarı iki yılda geri gelecek — kendi başına kapanmayacak bir açık var. En yakın yol 2,15 km — erişim ve lojistik bu karede belirleyici olacak. Yangın orta-yüksek şiddet sınıfında (dNBR 0,48); toprak yüzeyi büyük olasılıkla açıkta. Yetişme ortamı: Ege kuşağı, 904 m, orta eğimli (10–25°). Bu koşullar için önerilen türler: karaçam, sedir. Tür önerisi sistemin çıkarımı değil, dışarıdan verilen tablodan okunmuştur. Tablo: ÖRNEK TABLO — OGM tür-yetişme ortamı rehberi ile değiştirilecek",True
EGE_2021_04_005349,DIKIM_ADAYI,AGIR_YANMIS,0.2899,"karaçam, sedir",toparlanma=0.29 <0.35,"Aktif dikim adayı. Doğal toparlanma zayıf kalıyor, eğim (20,2°) dikime elverişli.","Modelin tahminine göre yangın öncesi örtünün ancak %29 kadarı iki yılda geri gelecek — kendi başına kapanmayacak bir açık var. Yangın orta-yüksek şiddet sınıfında (dNBR 0,58); toprak yüzeyi büyük olasılıkla açıkta. Yetişme ortamı: Ege kuşağı, 813 m, orta eğimli (10–25°). Bu koşullar için önerilen türler: karaçam, sedir. Tür önerisi sistemin çıkarımı değil, dışarıdan verilen tablodan okunmuştur. Tablo: ÖRNEK TABLO — OGM tür-yetişme ortamı rehberi ile değiştirilecek",True
EGE_2021_04_005350,DIKIM_ADAYI,,0.3162,"kızılçam, fıstıkçamı",toparlanma=0.32 <0.35,"Aktif dikim adayı. Doğal toparlanma zayıf kalıyor, eğim (19,9°) dikime elverişli.","Modelin tahminine göre yangın öncesi örtünün ancak %32 kadarı iki yılda geri gelecek — kendi başına kapanmayacak bir açık var. Yetişme ortamı: Ege kuşağı, 763 m, orta eğimli (10–25°). Bu koşullar için önerilen türler: kızılçam, fıstıkçamı. Tür önerisi sistemin çıkarımı değil, dışarıdan verilen tablodan okunmuştur. Tablo: ÖRNEK TABLO — OGM tür-yetişme ortamı rehberi ile değiştirilecek",True
EGE_2021_04_005351,DIKIM_ADAYI,,0.311,"kızılçam, fıstıkçamı",toparlanma=0.31 <0.35,"Aktif dikim adayı. Doğal toparlanma zayıf kalıyor, eğim (19,5°) dikime elverişli.","Modelin tahminine göre yangın öncesi örtünün ancak %31 kadarı iki yılda geri gelecek — kendi başına kapanmayacak bir açık var. Yetişme ortamı: Ege kuşağı, 730 m, orta eğimli (10–25°). Bu koşullar için önerilen türler: kızılçam, fıstıkçamı. Tür önerisi sistemin çıkarımı değil, dışarıdan verilen tablodan okunmuştur. Tablo: ÖRNEK TABLO — OGM tür-yetişme ortamı rehberi ile değiştirilecek",True
EGE_2021_04_005352,IZLE,DIK_YAMAC,,,prediction_status=low_severity,"İzle, müdahale etme. Yangın bu kareyi ağır yakmamış (düşük şiddet, dNBR 0,26).","Model bu rejimde tahmin üretmiyor. Kendi toparlanması bekleniyor, müdahale listesine alınmıyor. Eğim 25,1° ile yüksek; makineli çalışma sınırlı olabilir.",True
EGE_2021_04_005353,IZLE,DIK_YAMAC,,,prediction_status=low_severity,"İzle, müdahale etme. Yangın bu kareyi ağır yakmamış (düşük şiddet, dNBR 0,20).","Model bu rejimde tahmin üretmiyor. Kendi toparlanması bekleniyor, müdahale listesine alınmıyor. Eğim 29,0° ile yüksek; makineli çalışma sınırlı olabilir.",True
EGE_2021_04_005354,IZLE,DIK_YAMAC,,,prediction_status=low_severity,"İzle, müdahale etme. Yangın bu kareyi ağır yakmamış (düşük şiddet, dNBR 0,22).","Model bu rejimde tahmin üretmiyor. Kendi toparlanması bekleniyor, müdahale listesine alınmıyor. Eğim 25,2° ile yüksek; makineli çalışma sınırlı olabilir.",True
EGE_2021_04_005355,IZLE,,,,prediction_status=low_severity,"İzle, müdahale etme. Yangın bu kareyi ağır yakmamış (düşük şiddet, dNBR 0,25).","Model bu rejimde tahmin üretmiyor. Kendi toparlanması bekleniyor, müdahale listesine alınmıyor.",True
EGE_2021_04_005360,IZLE,DIK_YAMAC,,,prediction_status=low_severity,"İzle, müdahale etme. Yangın bu kareyi ağır yakmamış (düşük şiddet, dNBR 0,21).","Model bu rejimde tahmin üretmiyor. Kendi toparlanması bekleniyor, müdahale listesine alınmıyor. Eğim 31,5° ile yüksek; makineli çalışma sınırlı olabilir.",True
EGE_2021_04_005361,ONCELIGE_GORE,,0.3575,,toparlanma=0.36 0.35..0.50,Öncelik sırasına göre değerlendir. Kısmi toparlanma bekleniyor; müdahale kararı bütçeye ve sıraya bağlı.,Modelin tahminine göre yangın öncesi örtünün %36 kadarı iki yılda geri gelecek. Ne kendi kapanacak kadar iyi ne de acil müdahale gerektirecek kadar kötü — öncelik skoru bu kareyi sıranın neresine koyduğuna bakın.,True
EGE_2021_04_005362,IZLE,DIK_YAMAC,,,prediction_status=low_severity,"İzle, müdahale etme. Yangın bu kareyi ağır yakmamış (düşük şiddet, dNBR 0,26).","Model bu rejimde tahmin üretmiyor. Kendi toparlanması bekleniyor, müdahale listesine alınmıyor. Eğim 27,0° ile yüksek; makineli çalışma sınırlı olabilir.",True
EGE_2021_04_005363,IZLE,,,,prediction_status=low_severity,"İzle, müdahale etme. Yangın bu kareyi ağır yakmamış (düşük şiddet, dNBR 0,25).","Model bu rejimde tahmin üretmiyor. Kendi toparlanması bekleniyor, müdahale listesine alınmıyor.",True
EGE_2021_04_005364,DIKIM_ADAYI,,0.3355,"karaçam, sedir",toparlanma=0.34 <0.35,"Aktif dikim adayı. Doğal toparlanma zayıf kalıyor, eğim (13,5°) dikime elverişli.","Modelin tahminine göre yangın öncesi örtünün ancak %34 kadarı iki yılda geri gelecek — kendi başına kapanmayacak bir açık var. Yetişme ortamı: Ege kuşağı, 1150 m, orta eğimli (10–25°). Bu koşullar için önerilen türler: karaçam, sedir. Tür önerisi sistemin çıkarımı değil, dışarıdan verilen tablodan okunmuştur. Tablo: ÖRNEK TABLO — OGM tür-yetişme ortamı rehberi ile değiştirilecek",True
EGE_2021_04_005365,IZLE,,,,prediction_status=low_severity,"İzle, müdahale etme. Yangın bu kareyi ağır yakmamış (düşük şiddet, dNBR 0,25).","Model bu rejimde tahmin üretmiyor. Kendi toparlanması bekleniyor, müdahale listesine alınmıyor.",True
EGE_2021_04_005366,DIKIM_ADAYI,,0.3217,"karaçam, sedir",toparlanma=0.32 <0.35,"Aktif dikim adayı. Doğal toparlanma zayıf kalıyor, eğim (24,7°) dikime elverişli.","Modelin tahminine göre yangın öncesi örtünün ancak %32 kadarı iki yılda geri gelecek — kendi başına kapanmayacak bir açık var. Yetişme ortamı: Ege kuşağı, 1169 m, orta eğimli (10–25°). Bu koşullar için önerilen türler: karaçam, sedir. Tür önerisi sistemin çıkarımı değil, dışarıdan verilen tablodan okunmuştur. Tablo: ÖRNEK TABLO — OGM tür-yetişme ortamı rehberi ile değiştirilecek",True
EGE_2021_04_005367,DIKIM_ADAYI,AGIR_YANMIS,0.3229,"karaçam, sedir",toparlanma=0.32 <0.35,"Aktif dikim adayı. Doğal toparlanma zayıf kalıyor, eğim (15,3°) dikime elverişli.","Modelin tahminine göre yangın öncesi örtünün ancak %32 kadarı iki yılda geri gelecek — kendi başına kapanmayacak bir açık var. Yangın orta-yüksek şiddet sınıfında (dNBR 0,46); toprak yüzeyi büyük olasılıkla açıkta. Yetişme ortamı: Ege kuşağı, 1222 m, orta eğimli (10–25°). Bu koşullar için önerilen türler: karaçam, sedir. Tür önerisi sistemin çıkarımı değil, dışarıdan verilen tablodan okunmuştur. Tablo: ÖRNEK TABLO — OGM tür-yetişme ortamı rehberi ile değiştirilecek",True
EGE_2021_04_005368,DIKIM_ADAYI,AGIR_YANMIS,0.3106,"karaçam, sedir",toparlanma=0.31 <0.35,"Aktif dikim adayı. Doğal toparlanma zayıf kalıyor, eğim (19,9°) dikime elverişli.","Modelin tahminine göre yangın öncesi örtünün ancak %31 kadarı iki yılda geri gelecek — kendi başına kapanmayacak bir açık var. Yangın orta-yüksek şiddet sınıfında (dNBR 0,45); toprak yüzeyi büyük olasılıkla açıkta. Yetişme ortamı: Ege kuşağı, 1191 m, orta eğimli (10–25°). Bu koşullar için önerilen türler: karaçam, sedir. Tür önerisi sistemin çıkarımı değil, dışarıdan verilen tablodan okunmuştur. Tablo: ÖRNEK TABLO — OGM tür-yetişme ortamı rehberi ile değiştirilecek",True
EGE_2021_04_005369,ONCELIGE_GORE,AGIR_YANMIS,0.3657,,toparlanma=0.37 0.35..0.50,Öncelik sırasına göre değerlendir. Kısmi toparlanma bekleniyor; müdahale kararı bütçeye ve sıraya bağlı.,"Modelin tahminine göre yangın öncesi örtünün %37 kadarı iki yılda geri gelecek. Ne kendi kapanacak kadar iyi ne de acil müdahale gerektirecek kadar kötü — öncelik skoru bu kareyi sıranın neresine koyduğuna bakın. Yangın orta-yüksek şiddet sınıfında (dNBR 0,46); toprak yüzeyi büyük olasılıkla açıkta.",True
EGE_2021_04_005370,DIKIM_ADAYI,AGIR_YANMIS,0.3133,"karaçam, sedir",toparlanma=0.31 <0.35,"Aktif dikim adayı. Doğal toparlanma zayıf kalıyor, eğim (14,3°) dikime elverişli.","Modelin tahminine göre yangın öncesi örtünün ancak %31 kadarı iki yılda geri gelecek — kendi başına kapanmayacak bir açık var. Yangın orta-yüksek şiddet sınıfında (dNBR 0,46); toprak yüzeyi büyük olasılıkla açıkta. Yetişme ortamı: Ege kuşağı, 1194 m, orta eğimli (10–25°). Bu koşullar için önerilen türler: karaçam, sedir. Tür önerisi sistemin çıkarımı değil, dışarıdan verilen tablodan okunmuştur. Tablo: ÖRNEK TABLO — OGM tür-yetişme ortamı rehberi ile değiştirilecek",True
EGE_2021_04_005371,DIKIM_ADAYI,,0.3344,"karaçam, sedir",toparlanma=0.33 <0.35,"Aktif dikim adayı. Doğal toparlanma zayıf kalıyor, eğim (12,0°) dikime elverişli.","Modelin tahminine göre yangın öncesi örtünün ancak %33 kadarı iki yılda geri gelecek — kendi başına kapanmayacak bir açık var. Yetişme ortamı: Ege kuşağı, 1213 m, orta eğimli (10–25°). Bu koşullar için önerilen türler: karaçam, sedir. Tür önerisi sistemin çıkarımı değil, dışarıdan verilen tablodan okunmuştur. Tablo: ÖRNEK TABLO — OGM tür-yetişme ortamı rehberi ile değiştirilecek",True
EGE_2021_04_005372,IZLE,,,,prediction_status=low_severity,"İzle, müdahale etme. Yangın bu kareyi ağır yakmamış (düşük şiddet, dNBR 0,21).","Model bu rejimde tahmin üretmiyor. Kendi toparlanması bekleniyor, müdahale listesine alınmıyor.",True
EGE_2021_04_005373,ONCELIGE_GORE,ESKIDEN_ORMAN_DEGIL,0.4198,,toparlanma=0.42 0.35..0.50,Öncelik sırasına göre değerlendir. Kısmi toparlanma bekleniyor; müdahale kararı bütçeye ve sıraya bağlı.,"Modelin tahminine göre yangın öncesi örtünün %42 kadarı iki yılda geri gelecek. Ne kendi kapanacak kadar iyi ne de acil müdahale gerektirecek kadar kötü — öncelik skoru bu kareyi sıranın neresine koyduğuna bakın. Yangın öncesi örtü otlak ve çalılık idi; orman kurma değil, mevcut örtünün onarımı düşünülmeli.",True
EGE_2021_04_005374,IZLE,ESKIDEN_ORMAN_DEGIL,,,prediction_status=low_severity,"İzle, müdahale etme. Yangın bu kareyi ağır yakmamış (düşük şiddet, dNBR 0,11).","Model bu rejimde tahmin üretmiyor. Kendi toparlanması bekleniyor, müdahale listesine alınmıyor. Yangın öncesi örtü otlak ve çalılık idi; orman kurma değil, mevcut örtünün onarımı düşünülmeli.",True
EGE_2021_04_005427,IZLE,,,,prediction_status=low_severity,"İzle, müdahale etme. Yangın bu kareyi ağır yakmamış (düşük şiddet, dNBR 0,13).","Model bu rejimde tahmin üretmiyor. Kendi toparlanması bekleniyor, müdahale listesine alınmıyor.",True
EGE_2021_04_005428,IZLE,,,,prediction_status=low_severity,"İzle, müdahale etme. Yangın bu kareyi ağır yakmamış (düşük şiddet, dNBR 0,23).","Model bu rejimde tahmin üretmiyor. Kendi toparlanması bekleniyor, müdahale listesine alınmıyor.",True
EGE_2021_04_005429,IZLE,ESKIDEN_ORMAN_DEGIL,,,prediction_status=low_severity,"İzle, müdahale etme. Yangın bu kareyi ağır yakmamış (orta-düşük şiddet, dNBR 0,35).","Model bu rejimde tahmin üretmiyor. Kendi toparlanması bekleniyor, müdahale listesine alınmıyor. Yangın öncesi örtü otlak ve çalılık idi; orman kurma değil, mevcut örtünün onarımı düşünülmeli.",True
EGE_2021_04_005430,DIKIM_ADAYI,AGIR_YANMIS,0.2779,"karaçam, sedir",toparlanma=0.28 <0.35,"Aktif dikim adayı. Doğal toparlanma zayıf kalıyor, eğim (18,2°) dikime elverişli.","Modelin tahminine göre yangın öncesi örtünün ancak %28 kadarı iki yılda geri gelecek — kendi başına kapanmayacak bir açık var. Yangın orta-yüksek şiddet sınıfında (dNBR 0,46); toprak yüzeyi büyük olasılıkla açıkta. Yetişme ortamı: Ege kuşağı, 1174 m, orta eğimli (10–25°). Bu koşullar için önerilen türler: karaçam, sedir. Tür önerisi sistemin çıkarımı değil, dışarıdan verilen tablodan okunmuştur. Tablo: ÖRNEK TABLO — OGM tür-yetişme ortamı rehberi ile değiştirilecek",True
EGE_2021_04_005431,EROZYON_ONCE,AGIR_YANMIS,0.1719,"karaçam, sedir",toparlanma=0.17 egim=27.6>=25 <0.35,"Önce erozyon kontrolü. Toparlanma tahmini zayıf ve eğim 27,6° — dikimden önce toprak tutma önlemi gerekiyor.","Modelin tahminine göre yangın öncesi örtünün ancak %17 kadarı iki yılda geri gelecek. Dik yamaçta çıplak toprak ilk sağanakta taşınır; stabilizasyon yapılmadan yapılan dikim de birlikte gider. Yangın orta-yüksek şiddet sınıfında (dNBR 0,55); toprak yüzeyi büyük olasılıkla açıkta. Yetişme ortamı: Ege kuşağı, 1166 m, dik yamaç (25°+). Bu koşullar için önerilen türler: karaçam, sedir. Tür önerisi sistemin çıkarımı değil, dışarıdan verilen tablodan okunmuştur. Tablo: ÖRNEK TABLO — OGM tür-yetişme ortamı rehberi ile değiştirilecek",True
EGE_2021_04_005432,EROZYON_ONCE,AGIR_YANMIS,0.2447,"karaçam, sedir",toparlanma=0.24 egim=28.9>=25 <0.35,"Önce erozyon kontrolü. Toparlanma tahmini zayıf ve eğim 28,9° — dikimden önce toprak tutma önlemi gerekiyor.","Modelin tahminine göre yangın öncesi örtünün ancak %24 kadarı iki yılda geri gelecek. Dik yamaçta çıplak toprak ilk sağanakta taşınır; stabilizasyon yapılmadan yapılan dikim de birlikte gider. Yangın orta-yüksek şiddet sınıfında (dNBR 0,53); toprak yüzeyi büyük olasılıkla açıkta. Yetişme ortamı: Ege kuşağı, 1225 m, dik yamaç (25°+). Bu koşullar için önerilen türler: karaçam, sedir. Tür önerisi sistemin çıkarımı değil, dışarıdan verilen tablodan okunmuştur. Tablo: ÖRNEK TABLO — OGM tür-yetişme ortamı rehberi ile değiştirilecek",True
EGE_2021_04_005433,EROZYON_ONCE,,0.2719,"karaçam, sedir",toparlanma=0.27 egim=27.1>=25 <0.35,"Önce erozyon kontrolü. Toparlanma tahmini zayıf ve eğim 27,1° — dikimden önce toprak tutma önlemi gerekiyor.","Modelin tahminine göre yangın öncesi örtünün ancak %27 kadarı iki yılda geri gelecek. Dik yamaçta çıplak toprak ilk sağanakta taşınır; stabilizasyon yapılmadan yapılan dikim de birlikte gider. Yetişme ortamı: Ege kuşağı, 1315 m, dik yamaç (25°+). Bu koşullar için önerilen türler: karaçam, sedir. Tür önerisi sistemin çıkarımı değil, dışarıdan verilen tablodan okunmuştur. Tablo: ÖRNEK TABLO — OGM tür-yetişme ortamı rehberi ile değiştirilecek",True
EGE_2021_04_005434,IZLE,ESKIDEN_ORMAN_DEGIL,,,prediction_status=low_severity,"İzle, müdahale etme. Yangın bu kareyi ağır yakmamış (düşük şiddet, dNBR 0,22).","Model bu rejimde tahmin üretmiyor. Kendi toparlanması bekleniyor, müdahale listesine alınmıyor. Yangın öncesi örtü otlak ve çalılık idi; orman kurma değil, mevcut örtünün onarımı düşünülmeli.",True
EGE_2021_04_005436,DIKIM_ADAYI,ERISIM_ZOR,0.1832,"karaçam, sedir",toparlanma=0.18 <0.35,"Aktif dikim adayı. Doğal toparlanma zayıf kalıyor, eğim (10,2°) dikime elverişli.","Modelin tahminine göre yangın öncesi örtünün ancak %18 kadarı iki yılda geri gelecek — kendi başına kapanmayacak bir açık var. En yakın yol 2,12 km — erişim ve lojistik bu karede belirleyici olacak. Yetişme ortamı: Ege kuşağı, 1418 m, orta eğimli (10–25°). Bu koşullar için önerilen türler: karaçam, sedir. Tür önerisi sistemin çıkarımı değil, dışarıdan verilen tablodan okunmuştur. Tablo: ÖRNEK TABLO — OGM tür-yetişme ortamı rehberi ile değiştirilecek",True
EGE_2021_04_005437,IZLE,ERISIM_ZOR,,,prediction_status=low_severity,"İzle, müdahale etme. Yangın bu kareyi ağır yakmamış (düşük şiddet, dNBR 0,18).","Model bu rejimde tahmin üretmiyor. Kendi toparlanması bekleniyor, müdahale listesine alınmıyor. En yakın yol 2,31 km — erişim ve lojistik bu karede belirleyici olacak.",True
EGE_2021_04_005438,IZLE,ERISIM_ZOR,,,prediction_status=low_severity,"İzle, müdahale etme. Yangın bu kareyi ağır yakmamış (düşük şiddet, dNBR 0,16).","Model bu rejimde tahmin üretmiyor. Kendi toparlanması bekleniyor, müdahale listesine alınmıyor. En yakın yol 2,51 km — erişim ve lojistik bu karede belirleyici olacak.",True
EGE_2021_04_005439,IZLE,ERISIM_ZOR|DIK_YAMAC,,,prediction_status=low_severity,"İzle, müdahale etme. Yangın bu kareyi ağır yakmamış (düşük şiddet, dNBR 0,14).","Model bu rejimde tahmin üretmiyor. Kendi toparlanması bekleniyor, müdahale listesine alınmıyor. En yakın yol 2,72 km — erişim ve lojistik bu karede belirleyici olacak. Eğim 33,0° ile yüksek; makineli çalışma sınırlı olabilir.",True
EGE_2021_04_005441,IZLE,ERISIM_ZOR|DIK_YAMAC,,,prediction_status=low_severity,"İzle, müdahale etme. Yangın bu kareyi ağır yakmamış (düşük şiddet, dNBR 0,27).","Model bu rejimde tahmin üretmiyor. Kendi toparlanması bekleniyor, müdahale listesine alınmıyor. En yakın yol 3,16 km — erişim ve lojistik bu karede belirleyici olacak. Eğim 30,0° ile yüksek; makineli çalışma sınırlı olabilir.",True
EGE_2021_04_005442,IZLE,ERISIM_ZOR|DIK_YAMAC,,,prediction_status=low_severity,"İzle, müdahale etme. Yangın bu kareyi ağır yakmamış (düşük şiddet, dNBR 0,26).","Model bu rejimde tahmin üretmiyor. Kendi toparlanması bekleniyor, müdahale listesine alınmıyor. En yakın yol 3,39 km — erişim ve lojistik bu karede belirleyici olacak. Eğim 28,5° ile yüksek; makineli çalışma sınırlı olabilir.",True
EGE_2021_04_005443,IZLE,ERISIM_ZOR|DIK_YAMAC,,,prediction_status=low_severity,"İzle, müdahale etme. Yangın bu kareyi ağır yakmamış (düşük şiddet, dNBR 0,25).","Model bu rejimde tahmin üretmiyor. Kendi toparlanması bekleniyor, müdahale listesine alınmıyor. En yakın yol 3,61 km — erişim ve lojistik bu karede belirleyici olacak. Eğim 39,1° ile yüksek; makineli çalışma sınırlı olabilir.",True
EGE_2021_04_005444,ONCELIGE_GORE,ERISIM_ZOR|DIK_YAMAC,0.4558,,toparlanma=0.46 0.35..0.50,Öncelik sırasına göre değerlendir. Kısmi toparlanma bekleniyor; müdahale kararı bütçeye ve sıraya bağlı.,"Modelin tahminine göre yangın öncesi örtünün %46 kadarı iki yılda geri gelecek. Ne kendi kapanacak kadar iyi ne de acil müdahale gerektirecek kadar kötü — öncelik skoru bu kareyi sıranın neresine koyduğuna bakın. En yakın yol 3,85 km — erişim ve lojistik bu karede belirleyici olacak. Eğim 32,4° ile yüksek; makineli çalışma sınırlı olabilir.",True
EGE_2021_04_005445,IZLE,ERISIM_ZOR,,,prediction_status=low_severity,"İzle, müdahale etme. Yangın bu kareyi ağır yakmamış (düşük şiddet, dNBR 0,25).","Model bu rejimde tahmin üretmiyor. Kendi toparlanması bekleniyor, müdahale listesine alınmıyor. En yakın yol 4,08 km — erişim ve lojistik bu karede belirleyici olacak.",True
EGE_2021_04_005446,DIKIM_ADAYI,ERISIM_ZOR,0.3411,"kızılçam, fıstıkçamı",toparlanma=0.34 <0.35,"Aktif dikim adayı. Doğal toparlanma zayıf kalıyor, eğim (16,3°) dikime elverişli.","Modelin tahminine göre yangın öncesi örtünün ancak %34 kadarı iki yılda geri gelecek — kendi başına kapanmayacak bir açık var. En yakın yol 4,19 km — erişim ve lojistik bu karede belirleyici olacak. Yetişme ortamı: Ege kuşağı, 584 m, orta eğimli (10–25°). Bu koşullar için önerilen türler: kızılçam, fıstıkçamı. Tür önerisi sistemin çıkarımı değil, dışarıdan verilen tablodan okunmuştur. Tablo: ÖRNEK TABLO — OGM tür-yetişme ortamı rehberi ile değiştirilecek",True
EGE_2021_04_005447,ONCELIGE_GORE,ERISIM_ZOR|DIK_YAMAC|AGIR_YANMIS,0.3645,,toparlanma=0.36 0.35..0.50,Öncelik sırasına göre değerlendir. Kısmi toparlanma bekleniyor; müdahale kararı bütçeye ve sıraya bağlı.,"Modelin tahminine göre yangın öncesi örtünün %36 kadarı iki yılda geri gelecek. Ne kendi kapanacak kadar iyi ne de acil müdahale gerektirecek kadar kötü — öncelik skoru bu kareyi sıranın neresine koyduğuna bakın. En yakın yol 4,01 km — erişim ve lojistik bu karede belirleyici olacak. Eğim 30,2° ile yüksek; makineli çalışma sınırlı olabilir. Yangın orta-yüksek şiddet sınıfında (dNBR 0,44); toprak yüzeyi büyük olasılıkla açıkta.",True
EGE_2021_04_005449,ONCELIGE_GORE,ERISIM_ZOR|DIK_YAMAC,0.3784,,toparlanma=0.38 0.35..0.50,Öncelik sırasına göre değerlendir. Kısmi toparlanma bekleniyor; müdahale kararı bütçeye ve sıraya bağlı.,"Modelin tahminine göre yangın öncesi örtünün %38 kadarı iki yılda geri gelecek. Ne kendi kapanacak kadar iyi ne de acil müdahale gerektirecek kadar kötü — öncelik skoru bu kareyi sıranın neresine koyduğuna bakın. En yakın yol 3,60 km — erişim ve lojistik bu karede belirleyici olacak. Eğim 25,6° ile yüksek; makineli çalışma sınırlı olabilir.",True
EGE_2021_04_005450,EROZYON_ONCE,ERISIM_ZOR,0.3104,"karaçam, sedir",toparlanma=0.31 egim=31.5>=25 <0.35,"Önce erozyon kontrolü. Toparlanma tahmini zayıf ve eğim 31,5° — dikimden önce toprak tutma önlemi gerekiyor.","Modelin tahminine göre yangın öncesi örtünün ancak %31 kadarı iki yılda geri gelecek. Dik yamaçta çıplak toprak ilk sağanakta taşınır; stabilizasyon yapılmadan yapılan dikim de birlikte gider. En yakın yol 3,36 km — erişim ve lojistik bu karede belirleyici olacak. Yetişme ortamı: Ege kuşağı, 1001 m, dik yamaç (25°+). Bu koşullar için önerilen türler: karaçam, sedir. Tür önerisi sistemin çıkarımı değil, dışarıdan verilen tablodan okunmuştur. Tablo: ÖRNEK TABLO — OGM tür-yetişme ortamı rehberi ile değiştirilecek",True
EGE_2021_04_005451,EROZYON_ONCE,ERISIM_ZOR,0.3486,"karaçam, sedir",toparlanma=0.35 egim=34.2>=25 <0.35,"Önce erozyon kontrolü. Toparlanma tahmini zayıf ve eğim 34,2° — dikimden önce toprak tutma önlemi gerekiyor.","Modelin tahminine göre yangın öncesi örtünün ancak %35 kadarı iki yılda geri gelecek. Dik yamaçta çıplak toprak ilk sağanakta taşınır; stabilizasyon yapılmadan yapılan dikim de birlikte gider. En yakın yol 3,13 km — erişim ve lojistik bu karede belirleyici olacak. Yetişme ortamı: Ege kuşağı, 1167 m, dik yamaç (25°+). Bu koşullar için önerilen türler: karaçam, sedir. Tür önerisi sistemin çıkarımı değil, dışarıdan verilen tablodan okunmuştur. Tablo: ÖRNEK TABLO — OGM tür-yetişme ortamı rehberi ile değiştirilecek",True
EGE_2021_04_005452,IZLE,ERISIM_ZOR|DIK_YAMAC,,,prediction_status=low_severity,"İzle, müdahale etme. Yangın bu kareyi ağır yakmamış (düşük şiddet, dNBR 0,10).","Model bu rejimde tahmin üretmiyor. Kendi toparlanması bekleniyor, müdahale listesine alınmıyor. En yakın yol 2,89 km — erişim ve lojistik bu karede belirleyici olacak. Eğim 28,4° ile yüksek; makineli çalışma sınırlı olabilir.",True
EGE_2021_04_005453,IZLE,ERISIM_ZOR|DIK_YAMAC,,,prediction_status=low_severity,"İzle, müdahale etme. Yangın bu kareyi ağır yakmamış (düşük şiddet, dNBR 0,18).","Model bu rejimde tahmin üretmiyor. Kendi toparlanması bekleniyor, müdahale listesine alınmıyor. En yakın yol 2,66 km — erişim ve lojistik bu karede belirleyici olacak. Eğim 28,6° ile yüksek; makineli çalışma sınırlı olabilir.",True
EGE_2021_04_005454,IZLE,ERISIM_ZOR|DIK_YAMAC,,,prediction_status=low_severity,"İzle, müdahale etme. Yangın bu kareyi ağır yakmamış (düşük şiddet, dNBR 0,19).","Model bu rejimde tahmin üretmiyor. Kendi toparlanması bekleniyor, müdahale listesine alınmıyor. En yakın yol 2,44 km — erişim ve lojistik bu karede belirleyici olacak. Eğim 32,8° ile yüksek; makineli çalışma sınırlı olabilir.",True
EGE_2021_04_005455,IZLE,ERISIM_ZOR|DIK_YAMAC,,,prediction_status=low_severity,"İzle, müdahale etme. Yangın bu kareyi ağır yakmamış (düşük şiddet, dNBR 0,27).","Model bu rejimde tahmin üretmiyor. Kendi toparlanması bekleniyor, müdahale listesine alınmıyor. En yakın yol 2,22 km — erişim ve lojistik bu karede belirleyici olacak. Eğim 29,9° ile yüksek; makineli çalışma sınırlı olabilir.",True
EGE_2021_04_005456,ONCELIGE_GORE,ERISIM_ZOR|DIK_YAMAC,0.3786,,toparlanma=0.38 0.35..0.50,Öncelik sırasına göre değerlendir. Kısmi toparlanma bekleniyor; müdahale kararı bütçeye ve sıraya bağlı.,"Modelin tahminine göre yangın öncesi örtünün %38 kadarı iki yılda geri gelecek. Ne kendi kapanacak kadar iyi ne de acil müdahale gerektirecek kadar kötü — öncelik skoru bu kareyi sıranın neresine koyduğuna bakın. En yakın yol 2,00 km — erişim ve lojistik bu karede belirleyici olacak. Eğim 26,6° ile yüksek; makineli çalışma sınırlı olabilir.",True
EGE_2021_04_005457,DIKIM_ADAYI,AGIR_YANMIS,0.3314,"karaçam, sedir",toparlanma=0.33 <0.35,"Aktif dikim adayı. Doğal toparlanma zayıf kalıyor, eğim (21,3°) dikime elverişli.","Modelin tahminine göre yangın öncesi örtünün ancak %33 kadarı iki yılda geri gelecek — kendi başına kapanmayacak bir açık var. Yangın orta-yüksek şiddet sınıfında (dNBR 0,46); toprak yüzeyi büyük olasılıkla açıkta. Yetişme ortamı: Ege kuşağı, 802 m, orta eğimli (10–25°). Bu koşullar için önerilen türler: karaçam, sedir. Tür önerisi sistemin çıkarımı değil, dışarıdan verilen tablodan okunmuştur. Tablo: ÖRNEK TABLO — OGM tür-yetişme ortamı rehberi ile değiştirilecek",True
EGE_2021_04_005458,ONCELIGE_GORE,,0.3613,,toparlanma=0.36 0.35..0.50,Öncelik sırasına göre değerlendir. Kısmi toparlanma bekleniyor; müdahale kararı bütçeye ve sıraya bağlı.,Modelin tahminine göre yangın öncesi örtünün %36 kadarı iki yılda geri gelecek. Ne kendi kapanacak kadar iyi ne de acil müdahale gerektirecek kadar kötü — öncelik skoru bu kareyi sıranın neresine koyduğuna bakın.,True
EGE_2021_04_005459,DIKIM_ADAYI,,0.3375,"kızılçam, fıstıkçamı",toparlanma=0.34 <0.35,"Aktif dikim adayı. Doğal toparlanma zayıf kalıyor, eğim (11,4°) dikime elverişli.","Modelin tahminine göre yangın öncesi örtünün ancak %34 kadarı iki yılda geri gelecek — kendi başına kapanmayacak bir açık var. Yetişme ortamı: Ege kuşağı, 675 m, orta eğimli (10–25°). Bu koşullar için önerilen türler: kızılçam, fıstıkçamı. Tür önerisi sistemin çıkarımı değil, dışarıdan verilen tablodan okunmuştur. Tablo: ÖRNEK TABLO — OGM tür-yetişme ortamı rehberi ile değiştirilecek",True
EGE_2021_04_005460,IZLE,,,,prediction_status=low_severity,"İzle, müdahale etme. Yangın bu kareyi ağır yakmamış (düşük şiddet, dNBR 0,16).","Model bu rejimde tahmin üretmiyor. Kendi toparlanması bekleniyor, müdahale listesine alınmıyor.",True
EGE_2021_04_005461,IZLE,,,,prediction_status=low_severity,"İzle, müdahale etme. Yangın bu kareyi ağır yakmamış (düşük şiddet, dNBR 0,24).","Model bu rejimde tahmin üretmiyor. Kendi toparlanması bekleniyor, müdahale listesine alınmıyor.",True
EGE_2021_04_005462,ONCELIGE_GORE,,0.3842,,toparlanma=0.38 0.35..0.50,Öncelik sırasına göre değerlendir. Kısmi toparlanma bekleniyor; müdahale kararı bütçeye ve sıraya bağlı.,Modelin tahminine göre yangın öncesi örtünün %38 kadarı iki yılda geri gelecek. Ne kendi kapanacak kadar iyi ne de acil müdahale gerektirecek kadar kötü — öncelik skoru bu kareyi sıranın neresine koyduğuna bakın.,True
EGE_2021_04_005463,IZLE,,,,prediction_status=low_severity,"İzle, müdahale etme. Yangın bu kareyi ağır yakmamış (düşük şiddet, dNBR 0,21).","Model bu rejimde tahmin üretmiyor. Kendi toparlanması bekleniyor, müdahale listesine alınmıyor.",True
EGE_2021_04_005467,IZLE,DIK_YAMAC,,,prediction_status=low_severity,"İzle, müdahale etme. Yangın bu kareyi ağır yakmamış (düşük şiddet, dNBR 0,22).","Model bu rejimde tahmin üretmiyor. Kendi toparlanması bekleniyor, müdahale listesine alınmıyor. Eğim 35,7° ile yüksek; makineli çalışma sınırlı olabilir.",True
EGE_2021_04_005468,IZLE,DIK_YAMAC,,,prediction_status=low_severity,"İzle, müdahale etme. Yangın bu kareyi ağır yakmamış (düşük şiddet, dNBR 0,22).","Model bu rejimde tahmin üretmiyor. Kendi toparlanması bekleniyor, müdahale listesine alınmıyor. Eğim 35,0° ile yüksek; makineli çalışma sınırlı olabilir.",True
EGE_2021_04_005469,ONCELIGE_GORE,DIK_YAMAC,0.3786,,toparlanma=0.38 0.35..0.50,Öncelik sırasına göre değerlendir. Kısmi toparlanma bekleniyor; müdahale kararı bütçeye ve sıraya bağlı.,"Modelin tahminine göre yangın öncesi örtünün %38 kadarı iki yılda geri gelecek. Ne kendi kapanacak kadar iyi ne de acil müdahale gerektirecek kadar kötü — öncelik skoru bu kareyi sıranın neresine koyduğuna bakın. Eğim 36,4° ile yüksek; makineli çalışma sınırlı olabilir.",True
EGE_2021_04_005470,IZLE,DIK_YAMAC,,,prediction_status=low_severity,"İzle, müdahale etme. Yangın bu kareyi ağır yakmamış (düşük şiddet, dNBR 0,22).","Model bu rejimde tahmin üretmiyor. Kendi toparlanması bekleniyor, müdahale listesine alınmıyor. Eğim 26,6° ile yüksek; makineli çalışma sınırlı olabilir.",True
EGE_2021_04_005471,IZLE,,,,prediction_status=low_severity,"İzle, müdahale etme. Yangın bu kareyi ağır yakmamış (düşük şiddet, dNBR 0,26).","Model bu rejimde tahmin üretmiyor. Kendi toparlanması bekleniyor, müdahale listesine alınmıyor.",True
EGE_2021_04_005472,DIKIM_ADAYI,,0.317,"karaçam, sedir",toparlanma=0.32 <0.35,"Aktif dikim adayı. Doğal toparlanma zayıf kalıyor, eğim (19,7°) dikime elverişli.","Modelin tahminine göre yangın öncesi örtünün ancak %32 kadarı iki yılda geri gelecek — kendi başına kapanmayacak bir açık var. Yetişme ortamı: Ege kuşağı, 1071 m, orta eğimli (10–25°). Bu koşullar için önerilen türler: karaçam, sedir. Tür önerisi sistemin çıkarımı değil, dışarıdan verilen tablodan okunmuştur. Tablo: ÖRNEK TABLO — OGM tür-yetişme ortamı rehberi ile değiştirilecek",True
EGE_2021_04_005473,ONCELIGE_GORE,,0.3809,,toparlanma=0.38 0.35..0.50,Öncelik sırasına göre değerlendir. Kısmi toparlanma bekleniyor; müdahale kararı bütçeye ve sıraya bağlı.,Modelin tahminine göre yangın öncesi örtünün %38 kadarı iki yılda geri gelecek. Ne kendi kapanacak kadar iyi ne de acil müdahale gerektirecek kadar kötü — öncelik skoru bu kareyi sıranın neresine koyduğuna bakın.,True
EGE_2021_04_005474,ONCELIGE_GORE,ESKIDEN_ORMAN_DEGIL|AGIR_YANMIS,0.3769,,toparlanma=0.38 0.35..0.50,Öncelik sırasına göre değerlendir. Kısmi toparlanma bekleniyor; müdahale kararı bütçeye ve sıraya bağlı.,"Modelin tahminine göre yangın öncesi örtünün %38 kadarı iki yılda geri gelecek. Ne kendi kapanacak kadar iyi ne de acil müdahale gerektirecek kadar kötü — öncelik skoru bu kareyi sıranın neresine koyduğuna bakın. Yangın öncesi örtü otlak ve çalılık idi; orman kurma değil, mevcut örtünün onarımı düşünülmeli. Yangın orta-yüksek şiddet sınıfında (dNBR 0,50); toprak yüzeyi büyük olasılıkla açıkta.",True
EGE_2021_04_005475,DIKIM_ADAYI,,0.2963,"karaçam, sedir",toparlanma=0.30 <0.35,"Aktif dikim adayı. Doğal toparlanma zayıf kalıyor, eğim (23,1°) dikime elverişli.","Modelin tahminine göre yangın öncesi örtünün ancak %30 kadarı iki yılda geri gelecek — kendi başına kapanmayacak bir açık var. Yetişme ortamı: Ege kuşağı, 1141 m, orta eğimli (10–25°). Bu koşullar için önerilen türler: karaçam, sedir. Tür önerisi sistemin çıkarımı değil, dışarıdan verilen tablodan okunmuştur. Tablo: ÖRNEK TABLO — OGM tür-yetişme ortamı rehberi ile değiştirilecek",True
EGE_2021_04_005476,DIKIM_ADAYI,,0.327,"karaçam, sedir",toparlanma=0.33 <0.35,"Aktif dikim adayı. Doğal toparlanma zayıf kalıyor, eğim (13,3°) dikime elverişli.","Modelin tahminine göre yangın öncesi örtünün ancak %33 kadarı iki yılda geri gelecek — kendi başına kapanmayacak bir açık var. Yetişme ortamı: Ege kuşağı, 1118 m, orta eğimli (10–25°). Bu koşullar için önerilen türler: karaçam, sedir. Tür önerisi sistemin çıkarımı değil, dışarıdan verilen tablodan okunmuştur. Tablo: ÖRNEK TABLO — OGM tür-yetişme ortamı rehberi ile değiştirilecek",True
EGE_2021_04_005477,ONCELIGE_GORE,ESKIDEN_ORMAN_DEGIL|AGIR_YANMIS,0.4451,,toparlanma=0.45 0.35..0.50,Öncelik sırasına göre değerlendir. Kısmi toparlanma bekleniyor; müdahale kararı bütçeye ve sıraya bağlı.,"Modelin tahminine göre yangın öncesi örtünün %45 kadarı iki yılda geri gelecek. Ne kendi kapanacak kadar iyi ne de acil müdahale gerektirecek kadar kötü — öncelik skoru bu kareyi sıranın neresine koyduğuna bakın. Yangın öncesi örtü otlak ve çalılık idi; orman kurma değil, mevcut örtünün onarımı düşünülmeli. Yangın orta-yüksek şiddet sınıfında (dNBR 0,60); toprak yüzeyi büyük olasılıkla açıkta.",True
EGE_2021_04_005478,IZLE,,,,prediction_status=low_severity,"İzle, müdahale etme. Yangın bu kareyi ağır yakmamış (düşük şiddet, dNBR 0,23).","Model bu rejimde tahmin üretmiyor. Kendi toparlanması bekleniyor, müdahale listesine alınmıyor.",True
EGE_2021_04_005479,IZLE,,,,prediction_status=low_severity,"İzle, müdahale etme. Yangın bu kareyi ağır yakmamış (düşük şiddet, dNBR 0,13).","Model bu rejimde tahmin üretmiyor. Kendi toparlanması bekleniyor, müdahale listesine alınmıyor.",True
EGE_2021_04_005480,IZLE,,,,prediction_status=low_severity,"İzle, müdahale etme. Yangın bu kareyi ağır yakmamış (düşük şiddet, dNBR 0,13).","Model bu rejimde tahmin üretmiyor. Kendi toparlanması bekleniyor, müdahale listesine alınmıyor.",True
EGE_2021_04_005481,IZLE,,,,prediction_status=low_severity,"İzle, müdahale etme. Yangın bu kareyi ağır yakmamış (düşük şiddet, dNBR 0,21).","Model bu rejimde tahmin üretmiyor. Kendi toparlanması bekleniyor, müdahale listesine alınmıyor.",True
EGE_2021_04_005534,IZLE,,,,prediction_status=low_severity,"İzle, müdahale etme. Yangın bu kareyi ağır yakmamış (düşük şiddet, dNBR 0,26).","Model bu rejimde tahmin üretmiyor. Kendi toparlanması bekleniyor, müdahale listesine alınmıyor.",True
EGE_2021_04_005535,IZLE,ESKIDEN_ORMAN_DEGIL,,,prediction_status=low_severity,"İzle, müdahale etme. Yangın bu kareyi ağır yakmamış (orta-düşük şiddet, dNBR 0,35).","Model bu rejimde tahmin üretmiyor. Kendi toparlanması bekleniyor, müdahale listesine alınmıyor. Yangın öncesi örtü otlak ve çalılık idi; orman kurma değil, mevcut örtünün onarımı düşünülmeli.",True
EGE_2021_04_005536,ONCELIGE_GORE,ESKIDEN_ORMAN_DEGIL,0.4066,,toparlanma=0.41 0.35..0.50,Öncelik sırasına göre değerlendir. Kısmi toparlanma bekleniyor; müdahale kararı bütçeye ve sıraya bağlı.,"Modelin tahminine göre yangın öncesi örtünün %41 kadarı iki yılda geri gelecek. Ne kendi kapanacak kadar iyi ne de acil müdahale gerektirecek kadar kötü — öncelik skoru bu kareyi sıranın neresine koyduğuna bakın. Yangın öncesi örtü otlak ve çalılık idi; orman kurma değil, mevcut örtünün onarımı düşünülmeli.",True
EGE_2021_04_005537,IZLE,ESKIDEN_ORMAN_DEGIL,,,prediction_status=low_severity,"İzle, müdahale etme. Yangın bu kareyi ağır yakmamış (orta-düşük şiddet, dNBR 0,34).","Model bu rejimde tahmin üretmiyor. Kendi toparlanması bekleniyor, müdahale listesine alınmıyor. Yangın öncesi örtü otlak ve çalılık idi; orman kurma değil, mevcut örtünün onarımı düşünülmeli.",True
EGE_2021_04_005538,IZLE,ESKIDEN_ORMAN_DEGIL,,,prediction_status=low_severity,"İzle, müdahale etme. Yangın bu kareyi ağır yakmamış (orta-düşük şiddet, dNBR 0,39).","Model bu rejimde tahmin üretmiyor. Kendi toparlanması bekleniyor, müdahale listesine alınmıyor. Yangın öncesi örtü otlak ve çalılık idi; orman kurma değil, mevcut örtünün onarımı düşünülmeli.",True
EGE_2021_04_005539,DIKIM_ADAYI,AGIR_YANMIS,0.242,"karaçam, sedir",toparlanma=0.24 <0.35,"Aktif dikim adayı. Doğal toparlanma zayıf kalıyor, eğim (20,2°) dikime elverişli.","Modelin tahminine göre yangın öncesi örtünün ancak %24 kadarı iki yılda geri gelecek — kendi başına kapanmayacak bir açık var. Yangın orta-yüksek şiddet sınıfında (dNBR 0,53); toprak yüzeyi büyük olasılıkla açıkta. Yetişme ortamı: Ege kuşağı, 1064 m, orta eğimli (10–25°). Bu koşullar için önerilen türler: karaçam, sedir. Tür önerisi sistemin çıkarımı değil, dışarıdan verilen tablodan okunmuştur. Tablo: ÖRNEK TABLO — OGM tür-yetişme ortamı rehberi ile değiştirilecek",True
EGE_2021_04_005540,EROZYON_ONCE,AGIR_YANMIS,0.2396,"karaçam, sedir",toparlanma=0.24 egim=27.7>=25 <0.35,"Önce erozyon kontrolü. Toparlanma tahmini zayıf ve eğim 27,7° — dikimden önce toprak tutma önlemi gerekiyor.","Modelin tahminine göre yangın öncesi örtünün ancak %24 kadarı iki yılda geri gelecek. Dik yamaçta çıplak toprak ilk sağanakta taşınır; stabilizasyon yapılmadan yapılan dikim de birlikte gider. Yangın orta-yüksek şiddet sınıfında (dNBR 0,58); toprak yüzeyi büyük olasılıkla açıkta. Yetişme ortamı: Ege kuşağı, 1115 m, dik yamaç (25°+). Bu koşullar için önerilen türler: karaçam, sedir. Tür önerisi sistemin çıkarımı değil, dışarıdan verilen tablodan okunmuştur. Tablo: ÖRNEK TABLO — OGM tür-yetişme ortamı rehberi ile değiştirilecek",True
EGE_2021_04_005541,EROZYON_ONCE,AGIR_YANMIS,0.2833,"karaçam, sedir",toparlanma=0.28 egim=30.9>=25 <0.35,"Önce erozyon kontrolü. Toparlanma tahmini zayıf ve eğim 30,9° — dikimden önce toprak tutma önlemi gerekiyor.","Modelin tahminine göre yangın öncesi örtünün ancak %28 kadarı iki yılda geri gelecek. Dik yamaçta çıplak toprak ilk sağanakta taşınır; stabilizasyon yapılmadan yapılan dikim de birlikte gider. Yangın orta-yüksek şiddet sınıfında (dNBR 0,50); toprak yüzeyi büyük olasılıkla açıkta. Yetişme ortamı: Ege kuşağı, 1229 m, dik yamaç (25°+). Bu koşullar için önerilen türler: karaçam, sedir. Tür önerisi sistemin çıkarımı değil, dışarıdan verilen tablodan okunmuştur. Tablo: ÖRNEK TABLO — OGM tür-yetişme ortamı rehberi ile değiştirilecek",True
EGE_2021_04_005542,EROZYON_ONCE,,0.2039,"karaçam, sedir",toparlanma=0.20 egim=28.8>=25 <0.35,"Önce erozyon kontrolü. Toparlanma tahmini zayıf ve eğim 28,8° — dikimden önce toprak tutma önlemi gerekiyor.","Modelin tahminine göre yangın öncesi örtünün ancak %20 kadarı iki yılda geri gelecek. Dik yamaçta çıplak toprak ilk sağanakta taşınır; stabilizasyon yapılmadan yapılan dikim de birlikte gider. Yetişme ortamı: Ege kuşağı, 1348 m, dik yamaç (25°+). Bu koşullar için önerilen türler: karaçam, sedir. Tür önerisi sistemin çıkarımı değil, dışarıdan verilen tablodan okunmuştur. Tablo: ÖRNEK TABLO — OGM tür-yetişme ortamı rehberi ile değiştirilecek",True
EGE_2021_04_005543,IZLE,ESKIDEN_ORMAN_DEGIL,,,prediction_status=low_severity,"İzle, müdahale etme. Yangın bu kareyi ağır yakmamış (düşük şiddet, dNBR 0,15).","Model bu rejimde tahmin üretmiyor. Kendi toparlanması bekleniyor, müdahale listesine alınmıyor. Yangın öncesi örtü otlak ve çalılık idi; orman kurma değil, mevcut örtünün onarımı düşünülmeli.",True
EGE_2021_04_005544,IZLE,,,,prediction_status=low_severity,"İzle, müdahale etme. Yangın bu kareyi ağır yakmamış (düşük şiddet, dNBR 0,14).","Model bu rejimde tahmin üretmiyor. Kendi toparlanması bekleniyor, müdahale listesine alınmıyor.",True
EGE_2021_04_005545,IZLE,ERISIM_ZOR,,,prediction_status=low_severity,"İzle, müdahale etme. Yangın bu kareyi ağır yakmamış (düşük şiddet, dNBR 0,22).","Model bu rejimde tahmin üretmiyor. Kendi toparlanması bekleniyor, müdahale listesine alınmıyor. En yakın yol 2,17 km — erişim ve lojistik bu karede belirleyici olacak.",True
EGE_2021_04_005546,ONCELIGE_GORE,ERISIM_ZOR|AGIR_YANMIS,0.3868,,toparlanma=0.39 0.35..0.50,Öncelik sırasına göre değerlendir. Kısmi toparlanma bekleniyor; müdahale kararı bütçeye ve sıraya bağlı.,"Modelin tahminine göre yangın öncesi örtünün %39 kadarı iki yılda geri gelecek. Ne kendi kapanacak kadar iyi ne de acil müdahale gerektirecek kadar kötü — öncelik skoru bu kareyi sıranın neresine koyduğuna bakın. En yakın yol 2,38 km — erişim ve lojistik bu karede belirleyici olacak. Yangın orta-yüksek şiddet sınıfında (dNBR 0,50); toprak yüzeyi büyük olasılıkla açıkta.",True
EGE_2021_04_005547,ONCELIGE_GORE,ERISIM_ZOR,0.4011,,toparlanma=0.40 0.35..0.50,Öncelik sırasına göre değerlendir. Kısmi toparlanma bekleniyor; müdahale kararı bütçeye ve sıraya bağlı.,"Modelin tahminine göre yangın öncesi örtünün %40 kadarı iki yılda geri gelecek. Ne kendi kapanacak kadar iyi ne de acil müdahale gerektirecek kadar kötü — öncelik skoru bu kareyi sıranın neresine koyduğuna bakın. En yakın yol 2,60 km — erişim ve lojistik bu karede belirleyici olacak.",True
EGE_2021_04_005548,EROZYON_ONCE,ERISIM_ZOR,0.3156,"karaçam, sedir",toparlanma=0.32 egim=33.1>=25 <0.35,"Önce erozyon kontrolü. Toparlanma tahmini zayıf ve eğim 33,1° — dikimden önce toprak tutma önlemi gerekiyor.","Modelin tahminine göre yangın öncesi örtünün ancak %32 kadarı iki yılda geri gelecek. Dik yamaçta çıplak toprak ilk sağanakta taşınır; stabilizasyon yapılmadan yapılan dikim de birlikte gider. En yakın yol 2,83 km — erişim ve lojistik bu karede belirleyici olacak. Yetişme ortamı: Ege kuşağı, 1273 m, dik yamaç (25°+). Bu koşullar için önerilen türler: karaçam, sedir. Tür önerisi sistemin çıkarımı değil, dışarıdan verilen tablodan okunmuştur. Tablo: ÖRNEK TABLO — OGM tür-yetişme ortamı rehberi ile değiştirilecek",True
EGE_2021_04_005549,DIKIM_ADAYI,ERISIM_ZOR|AGIR_YANMIS,0.3006,"karaçam, sedir",toparlanma=0.30 <0.35,"Aktif dikim adayı. Doğal toparlanma zayıf kalıyor, eğim (23,7°) dikime elverişli.","Modelin tahminine göre yangın öncesi örtünün ancak %30 kadarı iki yılda geri gelecek — kendi başına kapanmayacak bir açık var. En yakın yol 3,06 km — erişim ve lojistik bu karede belirleyici olacak. Yangın orta-yüksek şiddet sınıfında (dNBR 0,55); toprak yüzeyi büyük olasılıkla açıkta. Yetişme ortamı: Ege kuşağı, 1144 m, orta eğimli (10–25°). Bu koşullar için önerilen türler: karaçam, sedir. Tür önerisi sistemin çıkarımı değil, dışarıdan verilen tablodan okunmuştur. Tablo: ÖRNEK TABLO — OGM tür-yetişme ortamı rehberi ile değiştirilecek",True
EGE_2021_04_005550,DIKIM_ADAYI,ERISIM_ZOR,0.3469,"karaçam, sedir",toparlanma=0.35 <0.35,"Aktif dikim adayı. Doğal toparlanma zayıf kalıyor, eğim (24,5°) dikime elverişli.","Modelin tahminine göre yangın öncesi örtünün ancak %35 kadarı iki yılda geri gelecek — kendi başına kapanmayacak bir açık var. En yakın yol 3,29 km — erişim ve lojistik bu karede belirleyici olacak. Yetişme ortamı: Ege kuşağı, 1063 m, orta eğimli (10–25°). Bu koşullar için önerilen türler: karaçam, sedir. Tür önerisi sistemin çıkarımı değil, dışarıdan verilen tablodan okunmuştur. Tablo: ÖRNEK TABLO — OGM tür-yetişme ortamı rehberi ile değiştirilecek",True
EGE_2021_04_005551,EROZYON_ONCE,ERISIM_ZOR,0.2979,"karaçam, sedir",toparlanma=0.30 egim=37.6>=25 <0.35,"Önce erozyon kontrolü. Toparlanma tahmini zayıf ve eğim 37,6° — dikimden önce toprak tutma önlemi gerekiyor.","Modelin tahminine göre yangın öncesi örtünün ancak %30 kadarı iki yılda geri gelecek. Dik yamaçta çıplak toprak ilk sağanakta taşınır; stabilizasyon yapılmadan yapılan dikim de birlikte gider. En yakın yol 3,52 km — erişim ve lojistik bu karede belirleyici olacak. Yetişme ortamı: Ege kuşağı, 920 m, dik yamaç (25°+). Bu koşullar için önerilen türler: karaçam, sedir. Tür önerisi sistemin çıkarımı değil, dışarıdan verilen tablodan okunmuştur. Tablo: ÖRNEK TABLO — OGM tür-yetişme ortamı rehberi ile değiştirilecek",True
EGE_2021_04_005552,ONCELIGE_GORE,ERISIM_ZOR|DIK_YAMAC,0.3625,,toparlanma=0.36 0.35..0.50,Öncelik sırasına göre değerlendir. Kısmi toparlanma bekleniyor; müdahale kararı bütçeye ve sıraya bağlı.,"Modelin tahminine göre yangın öncesi örtünün %36 kadarı iki yılda geri gelecek. Ne kendi kapanacak kadar iyi ne de acil müdahale gerektirecek kadar kötü — öncelik skoru bu kareyi sıranın neresine koyduğuna bakın. En yakın yol 3,76 km — erişim ve lojistik bu karede belirleyici olacak. Eğim 34,2° ile yüksek; makineli çalışma sınırlı olabilir.",True
EGE_2021_04_005553,IZLE,ERISIM_ZOR|DIK_YAMAC,,,prediction_status=low_severity,"İzle, müdahale etme. Yangın bu kareyi ağır yakmamış (düşük şiddet, dNBR 0,23).","Model bu rejimde tahmin üretmiyor. Kendi toparlanması bekleniyor, müdahale listesine alınmıyor. En yakın yol 4,00 km — erişim ve lojistik bu karede belirleyici olacak. Eğim 25,5° ile yüksek; makineli çalışma sınırlı olabilir.",True
EGE_2021_04_005554,ONCELIGE_GORE,ERISIM_ZOR,0.3719,,toparlanma=0.37 0.35..0.50,Öncelik sırasına göre değerlendir. Kısmi toparlanma bekleniyor; müdahale kararı bütçeye ve sıraya bağlı.,"Modelin tahminine göre yangın öncesi örtünün %37 kadarı iki yılda geri gelecek. Ne kendi kapanacak kadar iyi ne de acil müdahale gerektirecek kadar kötü — öncelik skoru bu kareyi sıranın neresine koyduğuna bakın. En yakın yol 4,03 km — erişim ve lojistik bu karede belirleyici olacak.",True
EGE_2021_04_005555,EROZYON_ONCE,ERISIM_ZOR|AGIR_YANMIS,0.295,"kızılçam, fıstıkçamı",toparlanma=0.30 egim=32.8>=25 <0.35,"Önce erozyon kontrolü. Toparlanma tahmini zayıf ve eğim 32,8° — dikimden önce toprak tutma önlemi gerekiyor.","Modelin tahminine göre yangın öncesi örtünün ancak %30 kadarı iki yılda geri gelecek. Dik yamaçta çıplak toprak ilk sağanakta taşınır; stabilizasyon yapılmadan yapılan dikim de birlikte gider. En yakın yol 3,84 km — erişim ve lojistik bu karede belirleyici olacak. Yangın orta-yüksek şiddet sınıfında (dNBR 0,52); toprak yüzeyi büyük olasılıkla açıkta. Yetişme ortamı: Ege kuşağı, 656 m, dik yamaç (25°+). Bu koşullar için önerilen türler: kızılçam, fıstıkçamı. Tür önerisi sistemin çıkarımı değil, dışarıdan verilen tablodan okunmuştur. Tablo: ÖRNEK TABLO — OGM tür-yetişme ortamı rehberi ile değiştirilecek",True
EGE_2021_04_005556,EROZYON_ONCE,ERISIM_ZOR|AGIR_YANMIS,0.2913,"karaçam, sedir",toparlanma=0.29 egim=32.9>=25 <0.35,"Önce erozyon kontrolü. Toparlanma tahmini zayıf ve eğim 32,9° — dikimden önce toprak tutma önlemi gerekiyor.","Modelin tahminine göre yangın öncesi örtünün ancak %29 kadarı iki yılda geri gelecek. Dik yamaçta çıplak toprak ilk sağanakta taşınır; stabilizasyon yapılmadan yapılan dikim de birlikte gider. En yakın yol 3,65 km — erişim ve lojistik bu karede belirleyici olacak. Yangın orta-yüksek şiddet sınıfında (dNBR 0,59); toprak yüzeyi büyük olasılıkla açıkta. Yetişme ortamı: Ege kuşağı, 802 m, dik yamaç (25°+). Bu koşullar için önerilen türler: karaçam, sedir. Tür önerisi sistemin çıkarımı değil, dışarıdan verilen tablodan okunmuştur. Tablo: ÖRNEK TABLO — OGM tür-yetişme ortamı rehberi ile değiştirilecek",True
EGE_2021_04_005557,DIKIM_ADAYI,ERISIM_ZOR|AGIR_YANMIS,0.3374,"karaçam, sedir",toparlanma=0.34 <0.35,"Aktif dikim adayı. Doğal toparlanma zayıf kalıyor, eğim (20,2°) dikime elverişli.","Modelin tahminine göre yangın öncesi örtünün ancak %34 kadarı iki yılda geri gelecek — kendi başına kapanmayacak bir açık var. En yakın yol 3,47 km — erişim ve lojistik bu karede belirleyici olacak. Yangın orta-yüksek şiddet sınıfında (dNBR 0,52); toprak yüzeyi büyük olasılıkla açıkta. Yetişme ortamı: Ege kuşağı, 912 m, orta eğimli (10–25°). Bu koşullar için önerilen türler: karaçam, sedir. Tür önerisi sistemin çıkarımı değil, dışarıdan verilen tablodan okunmuştur. Tablo: ÖRNEK TABLO — OGM tür-yetişme ortamı rehberi ile değiştirilecek",True
EGE_2021_04_005558,DIKIM_ADAYI,ERISIM_ZOR|AGIR_YANMIS,0.3248,"karaçam, sedir",toparlanma=0.32 <0.35,"Aktif dikim adayı. Doğal toparlanma zayıf kalıyor, eğim (25,0°) dikime elverişli.","Modelin tahminine göre yangın öncesi örtünün ancak %32 kadarı iki yılda geri gelecek — kendi başına kapanmayacak bir açık var. En yakın yol 3,29 km — erişim ve lojistik bu karede belirleyici olacak. Yangın orta-yüksek şiddet sınıfında (dNBR 0,64); toprak yüzeyi büyük olasılıkla açıkta. Yetişme ortamı: Ege kuşağı, 995 m, orta eğimli (10–25°). Bu koşullar için önerilen türler: karaçam, sedir. Tür önerisi sistemin çıkarımı değil, dışarıdan verilen tablodan okunmuştur. Tablo: ÖRNEK TABLO — OGM tür-yetişme ortamı rehberi ile değiştirilecek",True
EGE_2021_04_005559,EROZYON_ONCE,ERISIM_ZOR|AGIR_YANMIS,0.197,"karaçam, sedir",toparlanma=0.20 egim=33.7>=25 <0.35,"Önce erozyon kontrolü. Toparlanma tahmini zayıf ve eğim 33,7° — dikimden önce toprak tutma önlemi gerekiyor.","Modelin tahminine göre yangın öncesi örtünün ancak %20 kadarı iki yılda geri gelecek. Dik yamaçta çıplak toprak ilk sağanakta taşınır; stabilizasyon yapılmadan yapılan dikim de birlikte gider. En yakın yol 3,05 km — erişim ve lojistik bu karede belirleyici olacak. Yangın orta-yüksek şiddet sınıfında (dNBR 0,62); toprak yüzeyi büyük olasılıkla açıkta. Yetişme ortamı: Ege kuşağı, 1114 m, dik yamaç (25°+). Bu koşullar için önerilen türler: karaçam, sedir. Tür önerisi sistemin çıkarımı değil, dışarıdan verilen tablodan okunmuştur. Tablo: ÖRNEK TABLO — OGM tür-yetişme ortamı rehberi ile değiştirilecek",True
EGE_2021_04_005560,EROZYON_ONCE,ERISIM_ZOR,0.1809,"karaçam, sedir",toparlanma=0.18 egim=36.8>=25 <0.35,"Önce erozyon kontrolü. Toparlanma tahmini zayıf ve eğim 36,8° — dikimden önce toprak tutma önlemi gerekiyor.","Modelin tahminine göre yangın öncesi örtünün ancak %18 kadarı iki yılda geri gelecek. Dik yamaçta çıplak toprak ilk sağanakta taşınır; stabilizasyon yapılmadan yapılan dikim de birlikte gider. En yakın yol 2,81 km — erişim ve lojistik bu karede belirleyici olacak. Yetişme ortamı: Ege kuşağı, 1251 m, dik yamaç (25°+). Bu koşullar için önerilen türler: karaçam, sedir. Tür önerisi sistemin çıkarımı değil, dışarıdan verilen tablodan okunmuştur. Tablo: ÖRNEK TABLO — OGM tür-yetişme ortamı rehberi ile değiştirilecek",True
EGE_2021_04_005561,DIKIM_ADAYI,ERISIM_ZOR,0.3258,"karaçam, sedir",toparlanma=0.33 <0.35,"Aktif dikim adayı. Doğal toparlanma zayıf kalıyor, eğim (22,3°) dikime elverişli.","Modelin tahminine göre yangın öncesi örtünün ancak %33 kadarı iki yılda geri gelecek — kendi başına kapanmayacak bir açık var. En yakın yol 2,57 km — erişim ve lojistik bu karede belirleyici olacak. Yetişme ortamı: Ege kuşağı, 1344 m, orta eğimli (10–25°). Bu koşullar için önerilen türler: karaçam, sedir. Tür önerisi sistemin çıkarımı değil, dışarıdan verilen tablodan okunmuştur. Tablo: ÖRNEK TABLO — OGM tür-yetişme ortamı rehberi ile değiştirilecek",True
EGE_2021_04_005562,IZLE,ERISIM_ZOR|DIK_YAMAC,,,prediction_status=low_severity,"İzle, müdahale etme. Yangın bu kareyi ağır yakmamış (düşük şiddet, dNBR 0,20).","Model bu rejimde tahmin üretmiyor. Kendi toparlanması bekleniyor, müdahale listesine alınmıyor. En yakın yol 2,34 km — erişim ve lojistik bu karede belirleyici olacak. Eğim 32,0° ile yüksek; makineli çalışma sınırlı olabilir.",True
EGE_2021_04_005563,EROZYON_ONCE,ERISIM_ZOR,0.3106,"karaçam, sedir",toparlanma=0.31 egim=33.3>=25 <0.35,"Önce erozyon kontrolü. Toparlanma tahmini zayıf ve eğim 33,3° — dikimden önce toprak tutma önlemi gerekiyor.","Modelin tahminine göre yangın öncesi örtünün ancak %31 kadarı iki yılda geri gelecek. Dik yamaçta çıplak toprak ilk sağanakta taşınır; stabilizasyon yapılmadan yapılan dikim de birlikte gider. En yakın yol 2,10 km — erişim ve lojistik bu karede belirleyici olacak. Yetişme ortamı: Ege kuşağı, 1086 m, dik yamaç (25°+). Bu koşullar için önerilen türler: karaçam, sedir. Tür önerisi sistemin çıkarımı değil, dışarıdan verilen tablodan okunmuştur. Tablo: ÖRNEK TABLO — OGM tür-yetişme ortamı rehberi ile değiştirilecek",True
EGE_2021_04_005564,ONCELIGE_GORE,DIK_YAMAC,0.3974,,toparlanma=0.40 0.35..0.50,Öncelik sırasına göre değerlendir. Kısmi toparlanma bekleniyor; müdahale kararı bütçeye ve sıraya bağlı.,"Modelin tahminine göre yangın öncesi örtünün %40 kadarı iki yılda geri gelecek. Ne kendi kapanacak kadar iyi ne de acil müdahale gerektirecek kadar kötü — öncelik skoru bu kareyi sıranın neresine koyduğuna bakın. Eğim 28,8° ile yüksek; makineli çalışma sınırlı olabilir.",True
EGE_2021_04_005565,ONCELIGE_GORE,,0.383,,toparlanma=0.38 0.35..0.50,Öncelik sırasına göre değerlendir. Kısmi toparlanma bekleniyor; müdahale kararı bütçeye ve sıraya bağlı.,Modelin tahminine göre yangın öncesi örtünün %38 kadarı iki yılda geri gelecek. Ne kendi kapanacak kadar iyi ne de acil müdahale gerektirecek kadar kötü — öncelik skoru bu kareyi sıranın neresine koyduğuna bakın.,True
EGE_2021_04_005566,ONCELIGE_GORE,AGIR_YANMIS,0.3503,,toparlanma=0.35 0.35..0.50,Öncelik sırasına göre değerlendir. Kısmi toparlanma bekleniyor; müdahale kararı bütçeye ve sıraya bağlı.,"Modelin tahminine göre yangın öncesi örtünün %35 kadarı iki yılda geri gelecek. Ne kendi kapanacak kadar iyi ne de acil müdahale gerektirecek kadar kötü — öncelik skoru bu kareyi sıranın neresine koyduğuna bakın. Yangın orta-yüksek şiddet sınıfında (dNBR 0,46); toprak yüzeyi büyük olasılıkla açıkta.",True
EGE_2021_04_005567,ONCELIGE_GORE,,0.3639,,toparlanma=0.36 0.35..0.50,Öncelik sırasına göre değerlendir. Kısmi toparlanma bekleniyor; müdahale kararı bütçeye ve sıraya bağlı.,Modelin tahminine göre yangın öncesi örtünün %36 kadarı iki yılda geri gelecek. Ne kendi kapanacak kadar iyi ne de acil müdahale gerektirecek kadar kötü — öncelik skoru bu kareyi sıranın neresine koyduğuna bakın.,True
EGE_2021_04_005568,DIKIM_ADAYI,,0.3443,"kızılçam, fıstıkçamı",toparlanma=0.34 <0.35,"Aktif dikim adayı. Doğal toparlanma zayıf kalıyor, eğim (20,2°) dikime elverişli.","Modelin tahminine göre yangın öncesi örtünün ancak %34 kadarı iki yılda geri gelecek — kendi başına kapanmayacak bir açık var. Yetişme ortamı: Ege kuşağı, 670 m, orta eğimli (10–25°). Bu koşullar için önerilen türler: kızılçam, fıstıkçamı. Tür önerisi sistemin çıkarımı değil, dışarıdan verilen tablodan okunmuştur. Tablo: ÖRNEK TABLO — OGM tür-yetişme ortamı rehberi ile değiştirilecek",True
EGE_2021_04_005569,IZLE,,,,prediction_status=low_severity,"İzle, müdahale etme. Yangın bu kareyi ağır yakmamış (düşük şiddet, dNBR 0,18).","Model bu rejimde tahmin üretmiyor. Kendi toparlanması bekleniyor, müdahale listesine alınmıyor.",True
EGE_2021_04_005570,IZLE,,,,prediction_status=low_severity,"İzle, müdahale etme. Yangın bu kareyi ağır yakmamış (düşük şiddet, dNBR 0,14).","Model bu rejimde tahmin üretmiyor. Kendi toparlanması bekleniyor, müdahale listesine alınmıyor.",True
EGE_2021_04_005575,IZLE,DIK_YAMAC,,,prediction_status=low_severity,"İzle, müdahale etme. Yangın bu kareyi ağır yakmamış (düşük şiddet, dNBR 0,17).","Model bu rejimde tahmin üretmiyor. Kendi toparlanması bekleniyor, müdahale listesine alınmıyor. Eğim 32,9° ile yüksek; makineli çalışma sınırlı olabilir.",True
EGE_2021_04_005576,IZLE,DIK_YAMAC,,,prediction_status=low_severity,"İzle, müdahale etme. Yangın bu kareyi ağır yakmamış (düşük şiddet, dNBR 0,15).","Model bu rejimde tahmin üretmiyor. Kendi toparlanması bekleniyor, müdahale listesine alınmıyor. Eğim 30,1° ile yüksek; makineli çalışma sınırlı olabilir.",True
EGE_2021_04_005577,IZLE,DIK_YAMAC,,,prediction_status=low_severity,"İzle, müdahale etme. Yangın bu kareyi ağır yakmamış (düşük şiddet, dNBR 0,19).","Model bu rejimde tahmin üretmiyor. Kendi toparlanması bekleniyor, müdahale listesine alınmıyor. Eğim 37,1° ile yüksek; makineli çalışma sınırlı olabilir.",True
EGE_2021_04_005578,IZLE,,,,prediction_status=low_severity,"İzle, müdahale etme. Yangın bu kareyi ağır yakmamış (düşük şiddet, dNBR 0,13).","Model bu rejimde tahmin üretmiyor. Kendi toparlanması bekleniyor, müdahale listesine alınmıyor.",True
EGE_2021_04_005579,IZLE,,,,prediction_status=low_severity,"İzle, müdahale etme. Yangın bu kareyi ağır yakmamış (düşük şiddet, dNBR 0,14).","Model bu rejimde tahmin üretmiyor. Kendi toparlanması bekleniyor, müdahale listesine alınmıyor.",True
EGE_2021_04_005580,IZLE,,,,prediction_status=low_severity,"İzle, müdahale etme. Yangın bu kareyi ağır yakmamış (düşük şiddet, dNBR 0,27).","Model bu rejimde tahmin üretmiyor. Kendi toparlanması bekleniyor, müdahale listesine alınmıyor.",True
EGE_2021_04_005581,IZLE,ESKIDEN_ORMAN_DEGIL,,,prediction_status=low_severity,"İzle, müdahale etme. Yangın bu kareyi ağır yakmamış (orta-düşük şiddet, dNBR 0,36).","Model bu rejimde tahmin üretmiyor. Kendi toparlanması bekleniyor, müdahale listesine alınmıyor. Yangın öncesi örtü otlak ve çalılık idi; orman kurma değil, mevcut örtünün onarımı düşünülmeli.",True
EGE_2021_04_005582,ONCELIGE_GORE,,0.4111,,toparlanma=0.41 0.35..0.50,Öncelik sırasına göre değerlendir. Kısmi toparlanma bekleniyor; müdahale kararı bütçeye ve sıraya bağlı.,Modelin tahminine göre yangın öncesi örtünün %41 kadarı iki yılda geri gelecek. Ne kendi kapanacak kadar iyi ne de acil müdahale gerektirecek kadar kötü — öncelik skoru bu kareyi sıranın neresine koyduğuna bakın.,True
EGE_2021_04_005583,DIKIM_ADAYI,,0.3325,"karaçam, sedir",toparlanma=0.33 <0.35,"Aktif dikim adayı. Doğal toparlanma zayıf kalıyor, eğim (12,6°) dikime elverişli.","Modelin tahminine göre yangın öncesi örtünün ancak %33 kadarı iki yılda geri gelecek — kendi başına kapanmayacak bir açık var. Yetişme ortamı: Ege kuşağı, 1064 m, orta eğimli (10–25°). Bu koşullar için önerilen türler: karaçam, sedir. Tür önerisi sistemin çıkarımı değil, dışarıdan verilen tablodan okunmuştur. Tablo: ÖRNEK TABLO — OGM tür-yetişme ortamı rehberi ile değiştirilecek",True
EGE_2021_04_005584,DIKIM_ADAYI,,0.3156,"karaçam, sedir",toparlanma=0.32 <0.35,"Aktif dikim adayı. Doğal toparlanma zayıf kalıyor, eğim (9,9°) dikime elverişli.","Modelin tahminine göre yangın öncesi örtünün ancak %32 kadarı iki yılda geri gelecek — kendi başına kapanmayacak bir açık var. Yetişme ortamı: Ege kuşağı, 1073 m, düz-hafif eğimli (0–10°). Bu koşullar için önerilen türler: karaçam, sedir. Tür önerisi sistemin çıkarımı değil, dışarıdan verilen tablodan okunmuştur. Tablo: ÖRNEK TABLO — OGM tür-yetişme ortamı rehberi ile değiştirilecek",True
EGE_2021_04_005585,ONCELIGE_GORE,,0.3532,,toparlanma=0.35 0.35..0.50,Öncelik sırasına göre değerlendir. Kısmi toparlanma bekleniyor; müdahale kararı bütçeye ve sıraya bağlı.,Modelin tahminine göre yangın öncesi örtünün %35 kadarı iki yılda geri gelecek. Ne kendi kapanacak kadar iyi ne de acil müdahale gerektirecek kadar kötü — öncelik skoru bu kareyi sıranın neresine koyduğuna bakın.,True
EGE_2021_04_005637,IZLE,,,,prediction_status=low_severity,"İzle, müdahale etme. Yangın bu kareyi ağır yakmamış (düşük şiddet, dNBR 0,18).","Model bu rejimde tahmin üretmiyor. Kendi toparlanması bekleniyor, müdahale listesine alınmıyor.",True
EGE_2021_04_005638,IZLE,,,,prediction_status=low_severity,"İzle, müdahale etme. Yangın bu kareyi ağır yakmamış (düşük şiddet, dNBR 0,23).","Model bu rejimde tahmin üretmiyor. Kendi toparlanması bekleniyor, müdahale listesine alınmıyor.",True
EGE_2021_04_005641,IZLE,ESKIDEN_ORMAN_DEGIL,,,prediction_status=low_severity,"İzle, müdahale etme. Yangın bu kareyi ağır yakmamış (orta-düşük şiddet, dNBR 0,31).","Model bu rejimde tahmin üretmiyor. Kendi toparlanması bekleniyor, müdahale listesine alınmıyor. Yangın öncesi örtü otlak ve çalılık idi; orman kurma değil, mevcut örtünün onarımı düşünülmeli.",True
EGE_2021_04_005642,DIKIM_ADAYI,,0.3165,"karaçam, sedir",toparlanma=0.32 <0.35,"Aktif dikim adayı. Doğal toparlanma zayıf kalıyor, eğim (21,3°) dikime elverişli.","Modelin tahminine göre yangın öncesi örtünün ancak %32 kadarı iki yılda geri gelecek — kendi başına kapanmayacak bir açık var. Yetişme ortamı: Ege kuşağı, 825 m, orta eğimli (10–25°). Bu koşullar için önerilen türler: karaçam, sedir. Tür önerisi sistemin çıkarımı değil, dışarıdan verilen tablodan okunmuştur. Tablo: ÖRNEK TABLO — OGM tür-yetişme ortamı rehberi ile değiştirilecek",True
EGE_2021_04_005643,EROZYON_ONCE,,0.3144,"karaçam, sedir",toparlanma=0.31 egim=29.8>=25 <0.35,"Önce erozyon kontrolü. Toparlanma tahmini zayıf ve eğim 29,8° — dikimden önce toprak tutma önlemi gerekiyor.","Modelin tahminine göre yangın öncesi örtünün ancak %31 kadarı iki yılda geri gelecek. Dik yamaçta çıplak toprak ilk sağanakta taşınır; stabilizasyon yapılmadan yapılan dikim de birlikte gider. Yetişme ortamı: Ege kuşağı, 866 m, dik yamaç (25°+). Bu koşullar için önerilen türler: karaçam, sedir. Tür önerisi sistemin çıkarımı değil, dışarıdan verilen tablodan okunmuştur. Tablo: ÖRNEK TABLO — OGM tür-yetişme ortamı rehberi ile değiştirilecek",True
EGE_2021_04_005644,EROZYON_ONCE,,0.3179,"karaçam, sedir",toparlanma=0.32 egim=29.5>=25 <0.35,"Önce erozyon kontrolü. Toparlanma tahmini zayıf ve eğim 29,5° — dikimden önce toprak tutma önlemi gerekiyor.","Modelin tahminine göre yangın öncesi örtünün ancak %32 kadarı iki yılda geri gelecek. Dik yamaçta çıplak toprak ilk sağanakta taşınır; stabilizasyon yapılmadan yapılan dikim de birlikte gider. Yetişme ortamı: Ege kuşağı, 915 m, dik yamaç (25°+). Bu koşullar için önerilen türler: karaçam, sedir. Tür önerisi sistemin çıkarımı değil, dışarıdan verilen tablodan okunmuştur. Tablo: ÖRNEK TABLO — OGM tür-yetişme ortamı rehberi ile değiştirilecek",True
EGE_2021_04_005645,ONCELIGE_GORE,,0.4136,,toparlanma=0.41 0.35..0.50,Öncelik sırasına göre değerlendir. Kısmi toparlanma bekleniyor; müdahale kararı bütçeye ve sıraya bağlı.,Modelin tahminine göre yangın öncesi örtünün %41 kadarı iki yılda geri gelecek. Ne kendi kapanacak kadar iyi ne de acil müdahale gerektirecek kadar kötü — öncelik skoru bu kareyi sıranın neresine koyduğuna bakın.,True
EGE_2021_04_005646,DIKIM_ADAYI,,0.3433,"karaçam, sedir",toparlanma=0.34 <0.35,"Aktif dikim adayı. Doğal toparlanma zayıf kalıyor, eğim (21,3°) dikime elverişli.","Modelin tahminine göre yangın öncesi örtünün ancak %34 kadarı iki yılda geri gelecek — kendi başına kapanmayacak bir açık var. Yetişme ortamı: Ege kuşağı, 994 m, orta eğimli (10–25°). Bu koşullar için önerilen türler: karaçam, sedir. Tür önerisi sistemin çıkarımı değil, dışarıdan verilen tablodan okunmuştur. Tablo: ÖRNEK TABLO — OGM tür-yetişme ortamı rehberi ile değiştirilecek",True
EGE_2021_04_005647,DIKIM_ADAYI,,0.3168,"karaçam, sedir",toparlanma=0.32 <0.35,"Aktif dikim adayı. Doğal toparlanma zayıf kalıyor, eğim (16,3°) dikime elverişli.","Modelin tahminine göre yangın öncesi örtünün ancak %32 kadarı iki yılda geri gelecek — kendi başına kapanmayacak bir açık var. Yetişme ortamı: Ege kuşağı, 1002 m, orta eğimli (10–25°). Bu koşullar için önerilen türler: karaçam, sedir. Tür önerisi sistemin çıkarımı değil, dışarıdan verilen tablodan okunmuştur. Tablo: ÖRNEK TABLO — OGM tür-yetişme ortamı rehberi ile değiştirilecek",True
EGE_2021_04_005648,DIKIM_ADAYI,,0.3481,"karaçam, sedir",toparlanma=0.35 <0.35,"Aktif dikim adayı. Doğal toparlanma zayıf kalıyor, eğim (17,8°) dikime elverişli.","Modelin tahminine göre yangın öncesi örtünün ancak %35 kadarı iki yılda geri gelecek — kendi başına kapanmayacak bir açık var. Yetişme ortamı: Ege kuşağı, 1074 m, orta eğimli (10–25°). Bu koşullar için önerilen türler: karaçam, sedir. Tür önerisi sistemin çıkarımı değil, dışarıdan verilen tablodan okunmuştur. Tablo: ÖRNEK TABLO — OGM tür-yetişme ortamı rehberi ile değiştirilecek",True
EGE_2021_04_005649,ONCELIGE_GORE,,0.3584,,toparlanma=0.36 0.35..0.50,Öncelik sırasına göre değerlendir. Kısmi toparlanma bekleniyor; müdahale kararı bütçeye ve sıraya bağlı.,Modelin tahminine göre yangın öncesi örtünün %36 kadarı iki yılda geri gelecek. Ne kendi kapanacak kadar iyi ne de acil müdahale gerektirecek kadar kötü — öncelik skoru bu kareyi sıranın neresine koyduğuna bakın.,True
EGE_2021_04_005650,DIKIM_ADAYI,,0.338,"karaçam, sedir",toparlanma=0.34 <0.35,"Aktif dikim adayı. Doğal toparlanma zayıf kalıyor, eğim (23,8°) dikime elverişli.","Modelin tahminine göre yangın öncesi örtünün ancak %34 kadarı iki yılda geri gelecek — kendi başına kapanmayacak bir açık var. Yetişme ortamı: Ege kuşağı, 1269 m, orta eğimli (10–25°). Bu koşullar için önerilen türler: karaçam, sedir. Tür önerisi sistemin çıkarımı değil, dışarıdan verilen tablodan okunmuştur. Tablo: ÖRNEK TABLO — OGM tür-yetişme ortamı rehberi ile değiştirilecek",True
EGE_2021_04_005651,IZLE,DIK_YAMAC,,,prediction_status=low_severity,"İzle, müdahale etme. Yangın bu kareyi ağır yakmamış (düşük şiddet, dNBR 0,14).","Model bu rejimde tahmin üretmiyor. Kendi toparlanması bekleniyor, müdahale listesine alınmıyor. Eğim 26,4° ile yüksek; makineli çalışma sınırlı olabilir.",True
EGE_2021_04_005654,IZLE,ERISIM_ZOR|ESKIDEN_ORMAN_DEGIL,,,prediction_status=low_severity,"İzle, müdahale etme. Yangın bu kareyi ağır yakmamış (düşük şiddet, dNBR 0,15).","Model bu rejimde tahmin üretmiyor. Kendi toparlanması bekleniyor, müdahale listesine alınmıyor. En yakın yol 2,27 km — erişim ve lojistik bu karede belirleyici olacak. Yangın öncesi örtü otlak ve çalılık idi; orman kurma değil, mevcut örtünün onarımı düşünülmeli.",True
EGE_2021_04_005655,IZLE,ERISIM_ZOR|ESKIDEN_ORMAN_DEGIL|DIK_YAMAC,,,prediction_status=low_severity,"İzle, müdahale etme. Yangın bu kareyi ağır yakmamış (düşük şiddet, dNBR 0,13).","Model bu rejimde tahmin üretmiyor. Kendi toparlanması bekleniyor, müdahale listesine alınmıyor. En yakın yol 2,50 km — erişim ve lojistik bu karede belirleyici olacak. Yangın öncesi örtü otlak ve çalılık idi; orman kurma değil, mevcut örtünün onarımı düşünülmeli. Eğim 30,6° ile yüksek; makineli çalışma sınırlı olabilir.",True
EGE_2021_04_005656,EROZYON_ONCE,ERISIM_ZOR,0.2997,"karaçam, sedir",toparlanma=0.30 egim=34.8>=25 <0.35,"Önce erozyon kontrolü. Toparlanma tahmini zayıf ve eğim 34,8° — dikimden önce toprak tutma önlemi gerekiyor.","Modelin tahminine göre yangın öncesi örtünün ancak %30 kadarı iki yılda geri gelecek. Dik yamaçta çıplak toprak ilk sağanakta taşınır; stabilizasyon yapılmadan yapılan dikim de birlikte gider. En yakın yol 2,73 km — erişim ve lojistik bu karede belirleyici olacak. Yetişme ortamı: Ege kuşağı, 1193 m, dik yamaç (25°+). Bu koşullar için önerilen türler: karaçam, sedir. Tür önerisi sistemin çıkarımı değil, dışarıdan verilen tablodan okunmuştur. Tablo: ÖRNEK TABLO — OGM tür-yetişme ortamı rehberi ile değiştirilecek",True
EGE_2021_04_005657,ONCELIGE_GORE,ERISIM_ZOR|DIK_YAMAC,0.4051,,toparlanma=0.41 0.35..0.50,Öncelik sırasına göre değerlendir. Kısmi toparlanma bekleniyor; müdahale kararı bütçeye ve sıraya bağlı.,"Modelin tahminine göre yangın öncesi örtünün %41 kadarı iki yılda geri gelecek. Ne kendi kapanacak kadar iyi ne de acil müdahale gerektirecek kadar kötü — öncelik skoru bu kareyi sıranın neresine koyduğuna bakın. En yakın yol 2,97 km — erişim ve lojistik bu karede belirleyici olacak. Eğim 31,2° ile yüksek; makineli çalışma sınırlı olabilir.",True
EGE_2021_04_005658,ONCELIGE_GORE,ERISIM_ZOR|ESKIDEN_ORMAN_DEGIL|DIK_YAMAC,0.4596,,toparlanma=0.46 0.35..0.50,Öncelik sırasına göre değerlendir. Kısmi toparlanma bekleniyor; müdahale kararı bütçeye ve sıraya bağlı.,"Modelin tahminine göre yangın öncesi örtünün %46 kadarı iki yılda geri gelecek. Ne kendi kapanacak kadar iyi ne de acil müdahale gerektirecek kadar kötü — öncelik skoru bu kareyi sıranın neresine koyduğuna bakın. En yakın yol 3,21 km — erişim ve lojistik bu karede belirleyici olacak. Yangın öncesi örtü otlak ve çalılık idi; orman kurma değil, mevcut örtünün onarımı düşünülmeli. Eğim 32,4° ile yüksek; makineli çalışma sınırlı olabilir.",True
EGE_2021_04_005659,ONCELIGE_GORE,ERISIM_ZOR|DIK_YAMAC,0.4218,,toparlanma=0.42 0.35..0.50,Öncelik sırasına göre değerlendir. Kısmi toparlanma bekleniyor; müdahale kararı bütçeye ve sıraya bağlı.,"Modelin tahminine göre yangın öncesi örtünün %42 kadarı iki yılda geri gelecek. Ne kendi kapanacak kadar iyi ne de acil müdahale gerektirecek kadar kötü — öncelik skoru bu kareyi sıranın neresine koyduğuna bakın. En yakın yol 3,45 km — erişim ve lojistik bu karede belirleyici olacak. Eğim 32,3° ile yüksek; makineli çalışma sınırlı olabilir.",True
EGE_2021_04_005660,ONCELIGE_GORE,ERISIM_ZOR,0.4577,,toparlanma=0.46 0.35..0.50,Öncelik sırasına göre değerlendir. Kısmi toparlanma bekleniyor; müdahale kararı bütçeye ve sıraya bağlı.,"Modelin tahminine göre yangın öncesi örtünün %46 kadarı iki yılda geri gelecek. Ne kendi kapanacak kadar iyi ne de acil müdahale gerektirecek kadar kötü — öncelik skoru bu kareyi sıranın neresine koyduğuna bakın. En yakın yol 3,69 km — erişim ve lojistik bu karede belirleyici olacak.",True
EGE_2021_04_005661,ONCELIGE_GORE,ERISIM_ZOR,0.4185,,toparlanma=0.42 0.35..0.50,Öncelik sırasına göre değerlendir. Kısmi toparlanma bekleniyor; müdahale kararı bütçeye ve sıraya bağlı.,"Modelin tahminine göre yangın öncesi örtünün %42 kadarı iki yılda geri gelecek. Ne kendi kapanacak kadar iyi ne de acil müdahale gerektirecek kadar kötü — öncelik skoru bu kareyi sıranın neresine koyduğuna bakın. En yakın yol 3,93 km — erişim ve lojistik bu karede belirleyici olacak.",True
EGE_2021_04_005662,DIKIM_ADAYI,ERISIM_ZOR,0.3285,"kızılçam, fıstıkçamı",toparlanma=0.33 <0.35,"Aktif dikim adayı. Doğal toparlanma zayıf kalıyor, eğim (17,5°) dikime elverişli.","Modelin tahminine göre yangın öncesi örtünün ancak %33 kadarı iki yılda geri gelecek — kendi başına kapanmayacak bir açık var. En yakın yol 3,89 km — erişim ve lojistik bu karede belirleyici olacak. Yetişme ortamı: Ege kuşağı, 550 m, orta eğimli (10–25°). Bu koşullar için önerilen türler: kızılçam, fıstıkçamı. Tür önerisi sistemin çıkarımı değil, dışarıdan verilen tablodan okunmuştur. Tablo: ÖRNEK TABLO — OGM tür-yetişme ortamı rehberi ile değiştirilecek",True
EGE_2021_04_005663,EROZYON_ONCE,ERISIM_ZOR,0.3273,"kızılçam, fıstıkçamı",toparlanma=0.33 egim=28.2>=25 <0.35,"Önce erozyon kontrolü. Toparlanma tahmini zayıf ve eğim 28,2° — dikimden önce toprak tutma önlemi gerekiyor.","Modelin tahminine göre yangın öncesi örtünün ancak %33 kadarı iki yılda geri gelecek. Dik yamaçta çıplak toprak ilk sağanakta taşınır; stabilizasyon yapılmadan yapılan dikim de birlikte gider. En yakın yol 3,68 km — erişim ve lojistik bu karede belirleyici olacak. Yetişme ortamı: Ege kuşağı, 617 m, dik yamaç (25°+). Bu koşullar için önerilen türler: kızılçam, fıstıkçamı. Tür önerisi sistemin çıkarımı değil, dışarıdan verilen tablodan okunmuştur. Tablo: ÖRNEK TABLO — OGM tür-yetişme ortamı rehberi ile değiştirilecek",True
EGE_2021_04_005665,DIKIM_ADAYI,ERISIM_ZOR|AGIR_YANMIS,0.3138,"karaçam, sedir",toparlanma=0.31 <0.35,"Aktif dikim adayı. Doğal toparlanma zayıf kalıyor, eğim (24,8°) dikime elverişli.","Modelin tahminine göre yangın öncesi örtünün ancak %31 kadarı iki yılda geri gelecek — kendi başına kapanmayacak bir açık var. En yakın yol 3,30 km — erişim ve lojistik bu karede belirleyici olacak. Yangın orta-yüksek şiddet sınıfında (dNBR 0,55); toprak yüzeyi büyük olasılıkla açıkta. Yetişme ortamı: Ege kuşağı, 876 m, orta eğimli (10–25°). Bu koşullar için önerilen türler: karaçam, sedir. Tür önerisi sistemin çıkarımı değil, dışarıdan verilen tablodan okunmuştur. Tablo: ÖRNEK TABLO — OGM tür-yetişme ortamı rehberi ile değiştirilecek",True
EGE_2021_04_005666,EROZYON_ONCE,ERISIM_ZOR|AGIR_YANMIS,0.2608,"karaçam, sedir",toparlanma=0.26 egim=26.7>=25 <0.35,"Önce erozyon kontrolü. Toparlanma tahmini zayıf ve eğim 26,7° — dikimden önce toprak tutma önlemi gerekiyor.","Modelin tahminine göre yangın öncesi örtünün ancak %26 kadarı iki yılda geri gelecek. Dik yamaçta çıplak toprak ilk sağanakta taşınır; stabilizasyon yapılmadan yapılan dikim de birlikte gider. En yakın yol 3,12 km — erişim ve lojistik bu karede belirleyici olacak. Yangın orta-yüksek şiddet sınıfında (dNBR 0,61); toprak yüzeyi büyük olasılıkla açıkta. Yetişme ortamı: Ege kuşağı, 905 m, dik yamaç (25°+). Bu koşullar için önerilen türler: karaçam, sedir. Tür önerisi sistemin çıkarımı değil, dışarıdan verilen tablodan okunmuştur. Tablo: ÖRNEK TABLO — OGM tür-yetişme ortamı rehberi ile değiştirilecek",True
EGE_2021_04_005667,EROZYON_ONCE,ERISIM_ZOR|AGIR_YANMIS,0.2323,"karaçam, sedir",toparlanma=0.23 egim=31.5>=25 <0.35,"Önce erozyon kontrolü. Toparlanma tahmini zayıf ve eğim 31,5° — dikimden önce toprak tutma önlemi gerekiyor.","Modelin tahminine göre yangın öncesi örtünün ancak %23 kadarı iki yılda geri gelecek. Dik yamaçta çıplak toprak ilk sağanakta taşınır; stabilizasyon yapılmadan yapılan dikim de birlikte gider. En yakın yol 2,95 km — erişim ve lojistik bu karede belirleyici olacak. Yangın yüksek şiddet sınıfında (dNBR 0,79); toprak yüzeyi büyük olasılıkla açıkta. Yetişme ortamı: Ege kuşağı, 1003 m, dik yamaç (25°+). Bu koşullar için önerilen türler: karaçam, sedir. Tür önerisi sistemin çıkarımı değil, dışarıdan verilen tablodan okunmuştur. Tablo: ÖRNEK TABLO — OGM tür-yetişme ortamı rehberi ile değiştirilecek",True
EGE_2021_04_005668,EROZYON_ONCE,ERISIM_ZOR|AGIR_YANMIS,0.2048,"karaçam, sedir",toparlanma=0.20 egim=33.5>=25 <0.35,"Önce erozyon kontrolü. Toparlanma tahmini zayıf ve eğim 33,5° — dikimden önce toprak tutma önlemi gerekiyor.","Modelin tahminine göre yangın öncesi örtünün ancak %20 kadarı iki yılda geri gelecek. Dik yamaçta çıplak toprak ilk sağanakta taşınır; stabilizasyon yapılmadan yapılan dikim de birlikte gider. En yakın yol 2,74 km — erişim ve lojistik bu karede belirleyici olacak. Yangın orta-yüksek şiddet sınıfında (dNBR 0,53); toprak yüzeyi büyük olasılıkla açıkta. Yetişme ortamı: Ege kuşağı, 1139 m, dik yamaç (25°+). Bu koşullar için önerilen türler: karaçam, sedir. Tür önerisi sistemin çıkarımı değil, dışarıdan verilen tablodan okunmuştur. Tablo: ÖRNEK TABLO — OGM tür-yetişme ortamı rehberi ile değiştirilecek",True
EGE_2021_04_005669,EROZYON_ONCE,ERISIM_ZOR,0.2133,"karaçam, sedir",toparlanma=0.21 egim=29.1>=25 <0.35,"Önce erozyon kontrolü. Toparlanma tahmini zayıf ve eğim 29,1° — dikimden önce toprak tutma önlemi gerekiyor.","Modelin tahminine göre yangın öncesi örtünün ancak %21 kadarı iki yılda geri gelecek. Dik yamaçta çıplak toprak ilk sağanakta taşınır; stabilizasyon yapılmadan yapılan dikim de birlikte gider. En yakın yol 2,50 km — erişim ve lojistik bu karede belirleyici olacak. Yetişme ortamı: Ege kuşağı, 1298 m, dik yamaç (25°+). Bu koşullar için önerilen türler: karaçam, sedir. Tür önerisi sistemin çıkarımı değil, dışarıdan verilen tablodan okunmuştur. Tablo: ÖRNEK TABLO — OGM tür-yetişme ortamı rehberi ile değiştirilecek",True
EGE_2021_04_005670,IZLE,ERISIM_ZOR|ESKIDEN_ORMAN_DEGIL|DIK_YAMAC,,,prediction_status=low_severity,"İzle, müdahale etme. Yangın bu kareyi ağır yakmamış (düşük şiddet, dNBR 0,23).","Model bu rejimde tahmin üretmiyor. Kendi toparlanması bekleniyor, müdahale listesine alınmıyor. En yakın yol 2,26 km — erişim ve lojistik bu karede belirleyici olacak. Yangın öncesi örtü otlak ve çalılık idi; orman kurma değil, mevcut örtünün onarımı düşünülmeli. Eğim 30,3° ile yüksek; makineli çalışma sınırlı olabilir.",True
EGE_2021_04_005671,EROZYON_ONCE,ERISIM_ZOR,0.3027,"karaçam, sedir",toparlanma=0.30 egim=32.0>=25 <0.35,"Önce erozyon kontrolü. Toparlanma tahmini zayıf ve eğim 32,0° — dikimden önce toprak tutma önlemi gerekiyor.","Modelin tahminine göre yangın öncesi örtünün ancak %30 kadarı iki yılda geri gelecek. Dik yamaçta çıplak toprak ilk sağanakta taşınır; stabilizasyon yapılmadan yapılan dikim de birlikte gider. En yakın yol 2,02 km — erişim ve lojistik bu karede belirleyici olacak. Yetişme ortamı: Ege kuşağı, 1096 m, dik yamaç (25°+). Bu koşullar için önerilen türler: karaçam, sedir. Tür önerisi sistemin çıkarımı değil, dışarıdan verilen tablodan okunmuştur. Tablo: ÖRNEK TABLO — OGM tür-yetişme ortamı rehberi ile değiştirilecek",True
EGE_2021_04_005672,IZLE,DIK_YAMAC,,,prediction_status=low_severity,"İzle, müdahale etme. Yangın bu kareyi ağır yakmamış (düşük şiddet, dNBR 0,22).","Model bu rejimde tahmin üretmiyor. Kendi toparlanması bekleniyor, müdahale listesine alınmıyor. Eğim 26,6° ile yüksek; makineli çalışma sınırlı olabilir.",True
EGE_2021_04_005673,IZLE,DIK_YAMAC,,,prediction_status=low_severity,"İzle, müdahale etme. Yangın bu kareyi ağır yakmamış (düşük şiddet, dNBR 0,18).","Model bu rejimde tahmin üretmiyor. Kendi toparlanması bekleniyor, müdahale listesine alınmıyor. Eğim 25,1° ile yüksek; makineli çalışma sınırlı olabilir.",True
EGE_2021_04_005674,IZLE,DIK_YAMAC,,,prediction_status=low_severity,"İzle, müdahale etme. Yangın bu kareyi ağır yakmamış (düşük şiddet, dNBR 0,27).","Model bu rejimde tahmin üretmiyor. Kendi toparlanması bekleniyor, müdahale listesine alınmıyor. Eğim 29,9° ile yüksek; makineli çalışma sınırlı olabilir.",True
EGE_2021_04_005675,EROZYON_ONCE,,0.3344,"karaçam, sedir",toparlanma=0.33 egim=32.0>=25 <0.35,"Önce erozyon kontrolü. Toparlanma tahmini zayıf ve eğim 32,0° — dikimden önce toprak tutma önlemi gerekiyor.","Modelin tahminine göre yangın öncesi örtünün ancak %33 kadarı iki yılda geri gelecek. Dik yamaçta çıplak toprak ilk sağanakta taşınır; stabilizasyon yapılmadan yapılan dikim de birlikte gider. Yetişme ortamı: Ege kuşağı, 841 m, dik yamaç (25°+). Bu koşullar için önerilen türler: karaçam, sedir. Tür önerisi sistemin çıkarımı değil, dışarıdan verilen tablodan okunmuştur. Tablo: ÖRNEK TABLO — OGM tür-yetişme ortamı rehberi ile değiştirilecek",True
EGE_2021_04_005676,EROZYON_ONCE,,0.306,"kızılçam, fıstıkçamı",toparlanma=0.31 egim=33.3>=25 <0.35,"Önce erozyon kontrolü. Toparlanma tahmini zayıf ve eğim 33,3° — dikimden önce toprak tutma önlemi gerekiyor.","Modelin tahminine göre yangın öncesi örtünün ancak %31 kadarı iki yılda geri gelecek. Dik yamaçta çıplak toprak ilk sağanakta taşınır; stabilizasyon yapılmadan yapılan dikim de birlikte gider. Yetişme ortamı: Ege kuşağı, 793 m, dik yamaç (25°+). Bu koşullar için önerilen türler: kızılçam, fıstıkçamı. Tür önerisi sistemin çıkarımı değil, dışarıdan verilen tablodan okunmuştur. Tablo: ÖRNEK TABLO — OGM tür-yetişme ortamı rehberi ile değiştirilecek",True
EGE_2021_04_005677,IZLE,DIK_YAMAC,,,prediction_status=low_severity,"İzle, müdahale etme. Yangın bu kareyi ağır yakmamış (düşük şiddet, dNBR 0,26).","Model bu rejimde tahmin üretmiyor. Kendi toparlanması bekleniyor, müdahale listesine alınmıyor. Eğim 32,8° ile yüksek; makineli çalışma sınırlı olabilir.",True
EGE_2021_04_005678,IZLE,DIK_YAMAC,,,prediction_status=low_severity,"İzle, müdahale etme. Yangın bu kareyi ağır yakmamış (düşük şiddet, dNBR 0,24).","Model bu rejimde tahmin üretmiyor. Kendi toparlanması bekleniyor, müdahale listesine alınmıyor. Eğim 31,5° ile yüksek; makineli çalışma sınırlı olabilir.",True
EGE_2021_04_005679,IZLE,DIK_YAMAC,,,prediction_status=low_severity,"İzle, müdahale etme. Yangın bu kareyi ağır yakmamış (düşük şiddet, dNBR 0,15).","Model bu rejimde tahmin üretmiyor. Kendi toparlanması bekleniyor, müdahale listesine alınmıyor. Eğim 30,8° ile yüksek; makineli çalışma sınırlı olabilir.",True
EGE_2021_04_005684,IZLE,DIK_YAMAC,,,prediction_status=low_severity,"İzle, müdahale etme. Yangın bu kareyi ağır yakmamış (düşük şiddet, dNBR 0,11).","Model bu rejimde tahmin üretmiyor. Kendi toparlanması bekleniyor, müdahale listesine alınmıyor. Eğim 29,2° ile yüksek; makineli çalışma sınırlı olabilir.",True
EGE_2021_04_005685,IZLE,DIK_YAMAC,,,prediction_status=low_severity,"İzle, müdahale etme. Yangın bu kareyi ağır yakmamış (düşük şiddet, dNBR 0,19).","Model bu rejimde tahmin üretmiyor. Kendi toparlanması bekleniyor, müdahale listesine alınmıyor. Eğim 31,1° ile yüksek; makineli çalışma sınırlı olabilir.",True
EGE_2021_04_005686,IZLE,,,,prediction_status=low_severity,"İzle, müdahale etme. Yangın bu kareyi ağır yakmamış (düşük şiddet, dNBR 0,25).","Model bu rejimde tahmin üretmiyor. Kendi toparlanması bekleniyor, müdahale listesine alınmıyor.",True
EGE_2021_04_005687,IZLE,DIK_YAMAC,,,prediction_status=low_severity,"İzle, müdahale etme. Yangın bu kareyi ağır yakmamış (düşük şiddet, dNBR 0,24).","Model bu rejimde tahmin üretmiyor. Kendi toparlanması bekleniyor, müdahale listesine alınmıyor. Eğim 34,0° ile yüksek; makineli çalışma sınırlı olabilir.",True
EGE_2021_04_005688,IZLE,SEYREK_ORTU|DIK_YAMAC,,,prediction_status=low_severity,"İzle, müdahale etme. Yangın bu kareyi ağır yakmamış (orta-düşük şiddet, dNBR 0,30).","Model bu rejimde tahmin üretmiyor. Kendi toparlanması bekleniyor, müdahale listesine alınmıyor. Yangın öncesi ağaç örtüsü zaten seyrekti (%21) — buradaki açığın tamamı yangından kaynaklanmıyor olabilir. Eğim 31,7° ile yüksek; makineli çalışma sınırlı olabilir.",True
EGE_2021_04_005689,ONCELIGE_GORE,,0.3622,,toparlanma=0.36 0.35..0.50,Öncelik sırasına göre değerlendir. Kısmi toparlanma bekleniyor; müdahale kararı bütçeye ve sıraya bağlı.,Modelin tahminine göre yangın öncesi örtünün %36 kadarı iki yılda geri gelecek. Ne kendi kapanacak kadar iyi ne de acil müdahale gerektirecek kadar kötü — öncelik skoru bu kareyi sıranın neresine koyduğuna bakın.,True
EGE_2021_04_005690,ONCELIGE_GORE,,0.3864,,toparlanma=0.39 0.35..0.50,Öncelik sırasına göre değerlendir. Kısmi toparlanma bekleniyor; müdahale kararı bütçeye ve sıraya bağlı.,Modelin tahminine göre yangın öncesi örtünün %39 kadarı iki yılda geri gelecek. Ne kendi kapanacak kadar iyi ne de acil müdahale gerektirecek kadar kötü — öncelik skoru bu kareyi sıranın neresine koyduğuna bakın.,True
EGE_2021_04_005691,ONCELIGE_GORE,AGIR_YANMIS,0.4072,,toparlanma=0.41 0.35..0.50,Öncelik sırasına göre değerlendir. Kısmi toparlanma bekleniyor; müdahale kararı bütçeye ve sıraya bağlı.,"Modelin tahminine göre yangın öncesi örtünün %41 kadarı iki yılda geri gelecek. Ne kendi kapanacak kadar iyi ne de acil müdahale gerektirecek kadar kötü — öncelik skoru bu kareyi sıranın neresine koyduğuna bakın. Yangın orta-yüksek şiddet sınıfında (dNBR 0,51); toprak yüzeyi büyük olasılıkla açıkta.",True
EGE_2021_04_005692,ONCELIGE_GORE,ESKIDEN_ORMAN_DEGIL|AGIR_YANMIS,0.4276,,toparlanma=0.43 0.35..0.50,Öncelik sırasına göre değerlendir. Kısmi toparlanma bekleniyor; müdahale kararı bütçeye ve sıraya bağlı.,"Modelin tahminine göre yangın öncesi örtünün %43 kadarı iki yılda geri gelecek. Ne kendi kapanacak kadar iyi ne de acil müdahale gerektirecek kadar kötü — öncelik skoru bu kareyi sıranın neresine koyduğuna bakın. Yangın öncesi örtü otlak ve çalılık idi; orman kurma değil, mevcut örtünün onarımı düşünülmeli. Yangın orta-yüksek şiddet sınıfında (dNBR 0,45); toprak yüzeyi büyük olasılıkla açıkta.",True
EGE_2021_04_005693,IZLE,,,,prediction_status=low_severity,"İzle, müdahale etme. Yangın bu kareyi ağır yakmamış (düşük şiddet, dNBR 0,17).","Model bu rejimde tahmin üretmiyor. Kendi toparlanması bekleniyor, müdahale listesine alınmıyor.",True
EGE_2021_04_005744,IZLE,,,,prediction_status=low_severity,"İzle, müdahale etme. Yangın bu kareyi ağır yakmamış (düşük şiddet, dNBR 0,17).","Model bu rejimde tahmin üretmiyor. Kendi toparlanması bekleniyor, müdahale listesine alınmıyor.",True
EGE_2021_04_005745,IZLE,ESKIDEN_ORMAN_DEGIL,,,prediction_status=low_severity,"İzle, müdahale etme. Yangın bu kareyi ağır yakmamış (orta-düşük şiddet, dNBR 0,32).","Model bu rejimde tahmin üretmiyor. Kendi toparlanması bekleniyor, müdahale listesine alınmıyor. Yangın öncesi örtü otlak ve çalılık idi; orman kurma değil, mevcut örtünün onarımı düşünülmeli.",True
EGE_2021_04_005746,IZLE,SEYREK_ORTU,,,prediction_status=low_severity,"İzle, müdahale etme. Yangın bu kareyi ağır yakmamış (orta-düşük şiddet, dNBR 0,34).","Model bu rejimde tahmin üretmiyor. Kendi toparlanması bekleniyor, müdahale listesine alınmıyor. Yangın öncesi ağaç örtüsü zaten seyrekti (%2) — buradaki açığın tamamı yangından kaynaklanmıyor olabilir.",True
EGE_2021_04_005747,IZLE,,,,prediction_status=low_severity,"İzle, müdahale etme. Yangın bu kareyi ağır yakmamış (orta-düşük şiddet, dNBR 0,32).","Model bu rejimde tahmin üretmiyor. Kendi toparlanması bekleniyor, müdahale listesine alınmıyor.",True
EGE_2021_04_005748,IZLE,ESKIDEN_ORMAN_DEGIL,,,prediction_status=low_severity,"İzle, müdahale etme. Yangın bu kareyi ağır yakmamış (düşük şiddet, dNBR 0,27).","Model bu rejimde tahmin üretmiyor. Kendi toparlanması bekleniyor, müdahale listesine alınmıyor. Yangın öncesi örtü otlak ve çalılık idi; orman kurma değil, mevcut örtünün onarımı düşünülmeli.",True
EGE_2021_04_005749,IZLE,ESKIDEN_ORMAN_DEGIL,,,prediction_status=low_severity,"İzle, müdahale etme. Yangın bu kareyi ağır yakmamış (orta-düşük şiddet, dNBR 0,29).","Model bu rejimde tahmin üretmiyor. Kendi toparlanması bekleniyor, müdahale listesine alınmıyor. Yangın öncesi örtü otlak ve çalılık idi; orman kurma değil, mevcut örtünün onarımı düşünülmeli.",True
EGE_2021_04_005750,IZLE,,,,prediction_status=low_severity,"İzle, müdahale etme. Yangın bu kareyi ağır yakmamış (düşük şiddet, dNBR 0,19).","Model bu rejimde tahmin üretmiyor. Kendi toparlanması bekleniyor, müdahale listesine alınmıyor.",True
EGE_2021_04_005751,IZLE,,,,prediction_status=low_severity,"İzle, müdahale etme. Yangın bu kareyi ağır yakmamış (düşük şiddet, dNBR 0,19).","Model bu rejimde tahmin üretmiyor. Kendi toparlanması bekleniyor, müdahale listesine alınmıyor.",True
EGE_2021_04_005752,IZLE,,,,prediction_status=low_severity,"İzle, müdahale etme. Yangın bu kareyi ağır yakmamış (düşük şiddet, dNBR 0,11).","Model bu rejimde tahmin üretmiyor. Kendi toparlanması bekleniyor, müdahale listesine alınmıyor.",True
EGE_2021_04_005753,IZLE,,,,prediction_status=low_severity,"İzle, müdahale etme. Yangın bu kareyi ağır yakmamış (düşük şiddet, dNBR 0,17).","Model bu rejimde tahmin üretmiyor. Kendi toparlanması bekleniyor, müdahale listesine alınmıyor.",True
EGE_2021_04_005754,IZLE,,,,prediction_status=low_severity,"İzle, müdahale etme. Yangın bu kareyi ağır yakmamış (düşük şiddet, dNBR 0,15).","Model bu rejimde tahmin üretmiyor. Kendi toparlanması bekleniyor, müdahale listesine alınmıyor.",True
EGE_2021_04_005755,IZLE,,,,prediction_status=low_severity,"İzle, müdahale etme. Yangın bu kareyi ağır yakmamış (düşük şiddet, dNBR 0,20).","Model bu rejimde tahmin üretmiyor. Kendi toparlanması bekleniyor, müdahale listesine alınmıyor.",True
EGE_2021_04_005756,DIKIM_ADAYI,,0.3148,"karaçam, sedir",toparlanma=0.31 <0.35,"Aktif dikim adayı. Doğal toparlanma zayıf kalıyor, eğim (23,1°) dikime elverişli.","Modelin tahminine göre yangın öncesi örtünün ancak %31 kadarı iki yılda geri gelecek — kendi başına kapanmayacak bir açık var. Yetişme ortamı: Ege kuşağı, 1080 m, orta eğimli (10–25°). Bu koşullar için önerilen türler: karaçam, sedir. Tür önerisi sistemin çıkarımı değil, dışarıdan verilen tablodan okunmuştur. Tablo: ÖRNEK TABLO — OGM tür-yetişme ortamı rehberi ile değiştirilecek",True
EGE_2021_04_005757,DIKIM_ADAYI,,0.3339,"karaçam, sedir",toparlanma=0.33 <0.35,"Aktif dikim adayı. Doğal toparlanma zayıf kalıyor, eğim (21,1°) dikime elverişli.","Modelin tahminine göre yangın öncesi örtünün ancak %33 kadarı iki yılda geri gelecek — kendi başına kapanmayacak bir açık var. Yetişme ortamı: Ege kuşağı, 1194 m, orta eğimli (10–25°). Bu koşullar için önerilen türler: karaçam, sedir. Tür önerisi sistemin çıkarımı değil, dışarıdan verilen tablodan okunmuştur. Tablo: ÖRNEK TABLO — OGM tür-yetişme ortamı rehberi ile değiştirilecek",True
EGE_2021_04_005758,IZLE,,,,prediction_status=low_severity,"İzle, müdahale etme. Yangın bu kareyi ağır yakmamış (düşük şiddet, dNBR 0,20).","Model bu rejimde tahmin üretmiyor. Kendi toparlanması bekleniyor, müdahale listesine alınmıyor.",True
EGE_2021_04_005759,IZLE,DIK_YAMAC,,,prediction_status=low_severity,"İzle, müdahale etme. Yangın bu kareyi ağır yakmamış (düşük şiddet, dNBR 0,11).","Model bu rejimde tahmin üretmiyor. Kendi toparlanması bekleniyor, müdahale listesine alınmıyor. Eğim 31,1° ile yüksek; makineli çalışma sınırlı olabilir.",True
EGE_2021_04_005763,IZLE,ERISIM_ZOR|ESKIDEN_ORMAN_DEGIL|DIK_YAMAC,,,prediction_status=low_severity,"İzle, müdahale etme. Yangın bu kareyi ağır yakmamış (düşük şiddet, dNBR 0,13).","Model bu rejimde tahmin üretmiyor. Kendi toparlanması bekleniyor, müdahale listesine alınmıyor. En yakın yol 2,42 km — erişim ve lojistik bu karede belirleyici olacak. Yangın öncesi örtü otlak ve çalılık idi; orman kurma değil, mevcut örtünün onarımı düşünülmeli. Eğim 28,6° ile yüksek; makineli çalışma sınırlı olabilir.",True
EGE_2021_04_005764,IZLE,ERISIM_ZOR|DIK_YAMAC,,,prediction_status=low_severity,"İzle, müdahale etme. Yangın bu kareyi ağır yakmamış (düşük şiddet, dNBR 0,25).","Model bu rejimde tahmin üretmiyor. Kendi toparlanması bekleniyor, müdahale listesine alınmıyor. En yakın yol 2,66 km — erişim ve lojistik bu karede belirleyici olacak. Eğim 32,2° ile yüksek; makineli çalışma sınırlı olabilir.",True
EGE_2021_04_005765,ONCELIGE_GORE,ERISIM_ZOR|DIK_YAMAC,0.4218,,toparlanma=0.42 0.35..0.50,Öncelik sırasına göre değerlendir. Kısmi toparlanma bekleniyor; müdahale kararı bütçeye ve sıraya bağlı.,"Modelin tahminine göre yangın öncesi örtünün %42 kadarı iki yılda geri gelecek. Ne kendi kapanacak kadar iyi ne de acil müdahale gerektirecek kadar kötü — öncelik skoru bu kareyi sıranın neresine koyduğuna bakın. En yakın yol 2,90 km — erişim ve lojistik bu karede belirleyici olacak. Eğim 28,6° ile yüksek; makineli çalışma sınırlı olabilir.",True
EGE_2021_04_005766,ONCELIGE_GORE,ERISIM_ZOR|DIK_YAMAC|AGIR_YANMIS,0.3627,,toparlanma=0.36 0.35..0.50,Öncelik sırasına göre değerlendir. Kısmi toparlanma bekleniyor; müdahale kararı bütçeye ve sıraya bağlı.,"Modelin tahminine göre yangın öncesi örtünün %36 kadarı iki yılda geri gelecek. Ne kendi kapanacak kadar iyi ne de acil müdahale gerektirecek kadar kötü — öncelik skoru bu kareyi sıranın neresine koyduğuna bakın. En yakın yol 3,15 km — erişim ve lojistik bu karede belirleyici olacak. Eğim 25,4° ile yüksek; makineli çalışma sınırlı olabilir. Yangın yüksek şiddet sınıfında (dNBR 0,73); toprak yüzeyi büyük olasılıkla açıkta.",True
EGE_2021_04_005767,DIKIM_ADAYI,ERISIM_ZOR|AGIR_YANMIS,0.3334,"kızılçam, fıstıkçamı",toparlanma=0.33 <0.35,"Aktif dikim adayı. Doğal toparlanma zayıf kalıyor, eğim (22,9°) dikime elverişli.","Modelin tahminine göre yangın öncesi örtünün ancak %33 kadarı iki yılda geri gelecek — kendi başına kapanmayacak bir açık var. En yakın yol 3,39 km — erişim ve lojistik bu karede belirleyici olacak. Yangın yüksek şiddet sınıfında (dNBR 0,94); toprak yüzeyi büyük olasılıkla açıkta. Yetişme ortamı: Ege kuşağı, 772 m, orta eğimli (10–25°). Bu koşullar için önerilen türler: kızılçam, fıstıkçamı. Tür önerisi sistemin çıkarımı değil, dışarıdan verilen tablodan okunmuştur. Tablo: ÖRNEK TABLO — OGM tür-yetişme ortamı rehberi ile değiştirilecek",True
EGE_2021_04_005768,ONCELIGE_GORE,ERISIM_ZOR|AGIR_YANMIS,0.3614,,toparlanma=0.36 0.35..0.50,Öncelik sırasına göre değerlendir. Kısmi toparlanma bekleniyor; müdahale kararı bütçeye ve sıraya bağlı.,"Modelin tahminine göre yangın öncesi örtünün %36 kadarı iki yılda geri gelecek. Ne kendi kapanacak kadar iyi ne de acil müdahale gerektirecek kadar kötü — öncelik skoru bu kareyi sıranın neresine koyduğuna bakın. En yakın yol 3,64 km — erişim ve lojistik bu karede belirleyici olacak. Yangın yüksek şiddet sınıfında (dNBR 0,70); toprak yüzeyi büyük olasılıkla açıkta.",True
EGE_2021_04_005769,ONCELIGE_GORE,ERISIM_ZOR|AGIR_YANMIS,0.3822,,toparlanma=0.38 0.35..0.50,Öncelik sırasına göre değerlendir. Kısmi toparlanma bekleniyor; müdahale kararı bütçeye ve sıraya bağlı.,"Modelin tahminine göre yangın öncesi örtünün %38 kadarı iki yılda geri gelecek. Ne kendi kapanacak kadar iyi ne de acil müdahale gerektirecek kadar kötü — öncelik skoru bu kareyi sıranın neresine koyduğuna bakın. En yakın yol 3,88 km — erişim ve lojistik bu karede belirleyici olacak. Yangın orta-yüksek şiddet sınıfında (dNBR 0,48); toprak yüzeyi büyük olasılıkla açıkta.",True
EGE_2021_04_005770,DIKIM_ADAYI,ERISIM_ZOR,0.3279,"kızılçam, fıstıkçamı",toparlanma=0.33 <0.35,"Aktif dikim adayı. Doğal toparlanma zayıf kalıyor, eğim (18,3°) dikime elverişli.","Modelin tahminine göre yangın öncesi örtünün ancak %33 kadarı iki yılda geri gelecek — kendi başına kapanmayacak bir açık var. En yakın yol 3,75 km — erişim ve lojistik bu karede belirleyici olacak. Yetişme ortamı: Ege kuşağı, 557 m, orta eğimli (10–25°). Bu koşullar için önerilen türler: kızılçam, fıstıkçamı. Tür önerisi sistemin çıkarımı değil, dışarıdan verilen tablodan okunmuştur. Tablo: ÖRNEK TABLO — OGM tür-yetişme ortamı rehberi ile değiştirilecek",True
EGE_2021_04_005771,EROZYON_ONCE,ERISIM_ZOR,0.3049,"kızılçam, fıstıkçamı",toparlanma=0.30 egim=32.3>=25 <0.35,"Önce erozyon kontrolü. Toparlanma tahmini zayıf ve eğim 32,3° — dikimden önce toprak tutma önlemi gerekiyor.","Modelin tahminine göre yangın öncesi örtünün ancak %30 kadarı iki yılda geri gelecek. Dik yamaçta çıplak toprak ilk sağanakta taşınır; stabilizasyon yapılmadan yapılan dikim de birlikte gider. En yakın yol 3,54 km — erişim ve lojistik bu karede belirleyici olacak. Yetişme ortamı: Ege kuşağı, 584 m, dik yamaç (25°+). Bu koşullar için önerilen türler: kızılçam, fıstıkçamı. Tür önerisi sistemin çıkarımı değil, dışarıdan verilen tablodan okunmuştur. Tablo: ÖRNEK TABLO — OGM tür-yetişme ortamı rehberi ile değiştirilecek",True
EGE_2021_04_005772,EROZYON_ONCE,ERISIM_ZOR,0.26,"kızılçam, fıstıkçamı",toparlanma=0.26 egim=33.2>=25 <0.35,"Önce erozyon kontrolü. Toparlanma tahmini zayıf ve eğim 33,2° — dikimden önce toprak tutma önlemi gerekiyor.","Modelin tahminine göre yangın öncesi örtünün ancak %26 kadarı iki yılda geri gelecek. Dik yamaçta çıplak toprak ilk sağanakta taşınır; stabilizasyon yapılmadan yapılan dikim de birlikte gider. En yakın yol 3,33 km — erişim ve lojistik bu karede belirleyici olacak. Yetişme ortamı: Ege kuşağı, 732 m, dik yamaç (25°+). Bu koşullar için önerilen türler: kızılçam, fıstıkçamı. Tür önerisi sistemin çıkarımı değil, dışarıdan verilen tablodan okunmuştur. Tablo: ÖRNEK TABLO — OGM tür-yetişme ortamı rehberi ile değiştirilecek",True
EGE_2021_04_005773,EROZYON_ONCE,ERISIM_ZOR,0.2749,"kızılçam, fıstıkçamı",toparlanma=0.27 egim=28.3>=25 <0.35,"Önce erozyon kontrolü. Toparlanma tahmini zayıf ve eğim 28,3° — dikimden önce toprak tutma önlemi gerekiyor.","Modelin tahminine göre yangın öncesi örtünün ancak %27 kadarı iki yılda geri gelecek. Dik yamaçta çıplak toprak ilk sağanakta taşınır; stabilizasyon yapılmadan yapılan dikim de birlikte gider. En yakın yol 3,14 km — erişim ve lojistik bu karede belirleyici olacak. Yetişme ortamı: Ege kuşağı, 765 m, dik yamaç (25°+). Bu koşullar için önerilen türler: kızılçam, fıstıkçamı. Tür önerisi sistemin çıkarımı değil, dışarıdan verilen tablodan okunmuştur. Tablo: ÖRNEK TABLO — OGM tür-yetişme ortamı rehberi ile değiştirilecek",True
EGE_2021_04_005774,EROZYON_ONCE,ERISIM_ZOR|AGIR_YANMIS,0.3149,"karaçam, sedir",toparlanma=0.31 egim=26.7>=25 <0.35,"Önce erozyon kontrolü. Toparlanma tahmini zayıf ve eğim 26,7° — dikimden önce toprak tutma önlemi gerekiyor.","Modelin tahminine göre yangın öncesi örtünün ancak %31 kadarı iki yılda geri gelecek. Dik yamaçta çıplak toprak ilk sağanakta taşınır; stabilizasyon yapılmadan yapılan dikim de birlikte gider. En yakın yol 2,95 km — erişim ve lojistik bu karede belirleyici olacak. Yangın orta-yüksek şiddet sınıfında (dNBR 0,52); toprak yüzeyi büyük olasılıkla açıkta. Yetişme ortamı: Ege kuşağı, 811 m, dik yamaç (25°+). Bu koşullar için önerilen türler: karaçam, sedir. Tür önerisi sistemin çıkarımı değil, dışarıdan verilen tablodan okunmuştur. Tablo: ÖRNEK TABLO — OGM tür-yetişme ortamı rehberi ile değiştirilecek",True
EGE_2021_04_005775,EROZYON_ONCE,ERISIM_ZOR|AGIR_YANMIS,0.2632,"karaçam, sedir",toparlanma=0.26 egim=30.3>=25 <0.35,"Önce erozyon kontrolü. Toparlanma tahmini zayıf ve eğim 30,3° — dikimden önce toprak tutma önlemi gerekiyor.","Modelin tahminine göre yangın öncesi örtünün ancak %26 kadarı iki yılda geri gelecek. Dik yamaçta çıplak toprak ilk sağanakta taşınır; stabilizasyon yapılmadan yapılan dikim de birlikte gider. En yakın yol 2,77 km — erişim ve lojistik bu karede belirleyici olacak. Yangın orta-yüksek şiddet sınıfında (dNBR 0,64); toprak yüzeyi büyük olasılıkla açıkta. Yetişme ortamı: Ege kuşağı, 943 m, dik yamaç (25°+). Bu koşullar için önerilen türler: karaçam, sedir. Tür önerisi sistemin çıkarımı değil, dışarıdan verilen tablodan okunmuştur. Tablo: ÖRNEK TABLO — OGM tür-yetişme ortamı rehberi ile değiştirilecek",True
EGE_2021_04_005776,EROZYON_ONCE,ERISIM_ZOR|AGIR_YANMIS,0.231,"karaçam, sedir",toparlanma=0.23 egim=32.8>=25 <0.35,"Önce erozyon kontrolü. Toparlanma tahmini zayıf ve eğim 32,8° — dikimden önce toprak tutma önlemi gerekiyor.","Modelin tahminine göre yangın öncesi örtünün ancak %23 kadarı iki yılda geri gelecek. Dik yamaçta çıplak toprak ilk sağanakta taşınır; stabilizasyon yapılmadan yapılan dikim de birlikte gider. En yakın yol 2,60 km — erişim ve lojistik bu karede belirleyici olacak. Yangın yüksek şiddet sınıfında (dNBR 0,69); toprak yüzeyi büyük olasılıkla açıkta. Yetişme ortamı: Ege kuşağı, 1082 m, dik yamaç (25°+). Bu koşullar için önerilen türler: karaçam, sedir. Tür önerisi sistemin çıkarımı değil, dışarıdan verilen tablodan okunmuştur. Tablo: ÖRNEK TABLO — OGM tür-yetişme ortamı rehberi ile değiştirilecek",True
EGE_2021_04_005777,EROZYON_ONCE,ERISIM_ZOR|AGIR_YANMIS,0.2394,"karaçam, sedir",toparlanma=0.24 egim=26.8>=25 <0.35,"Önce erozyon kontrolü. Toparlanma tahmini zayıf ve eğim 26,8° — dikimden önce toprak tutma önlemi gerekiyor.","Modelin tahminine göre yangın öncesi örtünün ancak %24 kadarı iki yılda geri gelecek. Dik yamaçta çıplak toprak ilk sağanakta taşınır; stabilizasyon yapılmadan yapılan dikim de birlikte gider. En yakın yol 2,44 km — erişim ve lojistik bu karede belirleyici olacak. Yangın yüksek şiddet sınıfında (dNBR 0,66); toprak yüzeyi büyük olasılıkla açıkta. Yetişme ortamı: Ege kuşağı, 1215 m, dik yamaç (25°+). Bu koşullar için önerilen türler: karaçam, sedir. Tür önerisi sistemin çıkarımı değil, dışarıdan verilen tablodan okunmuştur. Tablo: ÖRNEK TABLO — OGM tür-yetişme ortamı rehberi ile değiştirilecek",True
EGE_2021_04_005778,DIKIM_ADAYI,ERISIM_ZOR,0.3268,"karaçam, sedir",toparlanma=0.33 <0.35,"Aktif dikim adayı. Doğal toparlanma zayıf kalıyor, eğim (22,0°) dikime elverişli.","Modelin tahminine göre yangın öncesi örtünün ancak %33 kadarı iki yılda geri gelecek — kendi başına kapanmayacak bir açık var. En yakın yol 2,20 km — erişim ve lojistik bu karede belirleyici olacak. Yetişme ortamı: Ege kuşağı, 1217 m, orta eğimli (10–25°). Bu koşullar için önerilen türler: karaçam, sedir. Tür önerisi sistemin çıkarımı değil, dışarıdan verilen tablodan okunmuştur. Tablo: ÖRNEK TABLO — OGM tür-yetişme ortamı rehberi ile değiştirilecek",True
EGE_2021_04_005779,IZLE,DIK_YAMAC,,,prediction_status=low_severity,"İzle, müdahale etme. Yangın bu kareyi ağır yakmamış (düşük şiddet, dNBR 0,25).","Model bu rejimde tahmin üretmiyor. Kendi toparlanması bekleniyor, müdahale listesine alınmıyor. Eğim 25,8° ile yüksek; makineli çalışma sınırlı olabilir.",True
EGE_2021_04_005783,IZLE,,,,prediction_status=low_severity,"İzle, müdahale etme. Yangın bu kareyi ağır yakmamış (düşük şiddet, dNBR 0,18).","Model bu rejimde tahmin üretmiyor. Kendi toparlanması bekleniyor, müdahale listesine alınmıyor.",True
EGE_2021_04_005784,IZLE,DIK_YAMAC,,,prediction_status=low_severity,"İzle, müdahale etme. Yangın bu kareyi ağır yakmamış (düşük şiddet, dNBR 0,17).","Model bu rejimde tahmin üretmiyor. Kendi toparlanması bekleniyor, müdahale listesine alınmıyor. Eğim 25,8° ile yüksek; makineli çalışma sınırlı olabilir.",True
EGE_2021_04_005785,IZLE,DIK_YAMAC,,,prediction_status=low_severity,"İzle, müdahale etme. Yangın bu kareyi ağır yakmamış (düşük şiddet, dNBR 0,25).","Model bu rejimde tahmin üretmiyor. Kendi toparlanması bekleniyor, müdahale listesine alınmıyor. Eğim 31,4° ile yüksek; makineli çalışma sınırlı olabilir.",True
EGE_2021_04_005786,ONCELIGE_GORE,,0.3709,,toparlanma=0.37 0.35..0.50,Öncelik sırasına göre değerlendir. Kısmi toparlanma bekleniyor; müdahale kararı bütçeye ve sıraya bağlı.,Modelin tahminine göre yangın öncesi örtünün %37 kadarı iki yılda geri gelecek. Ne kendi kapanacak kadar iyi ne de acil müdahale gerektirecek kadar kötü — öncelik skoru bu kareyi sıranın neresine koyduğuna bakın.,True
EGE_2021_04_005787,IZLE,DIK_YAMAC,,,prediction_status=low_severity,"İzle, müdahale etme. Yangın bu kareyi ağır yakmamış (düşük şiddet, dNBR 0,21).","Model bu rejimde tahmin üretmiyor. Kendi toparlanması bekleniyor, müdahale listesine alınmıyor. Eğim 26,5° ile yüksek; makineli çalışma sınırlı olabilir.",True
EGE_2021_04_005788,IZLE,DIK_YAMAC,,,prediction_status=low_severity,"İzle, müdahale etme. Yangın bu kareyi ağır yakmamış (düşük şiddet, dNBR 0,17).","Model bu rejimde tahmin üretmiyor. Kendi toparlanması bekleniyor, müdahale listesine alınmıyor. Eğim 29,9° ile yüksek; makineli çalışma sınırlı olabilir.",True
EGE_2021_04_005793,IZLE,DIK_YAMAC,,,prediction_status=low_severity,"İzle, müdahale etme. Yangın bu kareyi ağır yakmamış (düşük şiddet, dNBR 0,19).","Model bu rejimde tahmin üretmiyor. Kendi toparlanması bekleniyor, müdahale listesine alınmıyor. Eğim 25,3° ile yüksek; makineli çalışma sınırlı olabilir.",True
EGE_2021_04_005794,IZLE,DIK_YAMAC,,,prediction_status=low_severity,"İzle, müdahale etme. Yangın bu kareyi ağır yakmamış (düşük şiddet, dNBR 0,19).","Model bu rejimde tahmin üretmiyor. Kendi toparlanması bekleniyor, müdahale listesine alınmıyor. Eğim 29,1° ile yüksek; makineli çalışma sınırlı olabilir.",True
EGE_2021_04_005795,IZLE,DIK_YAMAC,,,prediction_status=low_severity,"İzle, müdahale etme. Yangın bu kareyi ağır yakmamış (düşük şiddet, dNBR 0,18).","Model bu rejimde tahmin üretmiyor. Kendi toparlanması bekleniyor, müdahale listesine alınmıyor. Eğim 31,0° ile yüksek; makineli çalışma sınırlı olabilir.",True
EGE_2021_04_005796,IZLE,DIK_YAMAC,,,prediction_status=low_severity,"İzle, müdahale etme. Yangın bu kareyi ağır yakmamış (düşük şiddet, dNBR 0,27).","Model bu rejimde tahmin üretmiyor. Kendi toparlanması bekleniyor, müdahale listesine alınmıyor. Eğim 30,6° ile yüksek; makineli çalışma sınırlı olabilir.",True
EGE_2021_04_005797,EROZYON_ONCE,,0.3195,"karaçam, sedir",toparlanma=0.32 egim=29.3>=25 <0.35,"Önce erozyon kontrolü. Toparlanma tahmini zayıf ve eğim 29,3° — dikimden önce toprak tutma önlemi gerekiyor.","Modelin tahminine göre yangın öncesi örtünün ancak %32 kadarı iki yılda geri gelecek. Dik yamaçta çıplak toprak ilk sağanakta taşınır; stabilizasyon yapılmadan yapılan dikim de birlikte gider. Yetişme ortamı: Ege kuşağı, 877 m, dik yamaç (25°+). Bu koşullar için önerilen türler: karaçam, sedir. Tür önerisi sistemin çıkarımı değil, dışarıdan verilen tablodan okunmuştur. Tablo: ÖRNEK TABLO — OGM tür-yetişme ortamı rehberi ile değiştirilecek",True
EGE_2021_04_005798,DIKIM_ADAYI,,0.3363,"karaçam, sedir",toparlanma=0.34 <0.35,"Aktif dikim adayı. Doğal toparlanma zayıf kalıyor, eğim (17,4°) dikime elverişli.","Modelin tahminine göre yangın öncesi örtünün ancak %34 kadarı iki yılda geri gelecek — kendi başına kapanmayacak bir açık var. Yetişme ortamı: Ege kuşağı, 946 m, orta eğimli (10–25°). Bu koşullar için önerilen türler: karaçam, sedir. Tür önerisi sistemin çıkarımı değil, dışarıdan verilen tablodan okunmuştur. Tablo: ÖRNEK TABLO — OGM tür-yetişme ortamı rehberi ile değiştirilecek",True
EGE_2021_04_005799,ONCELIGE_GORE,ESKIDEN_ORMAN_DEGIL|AGIR_YANMIS,0.3944,,toparlanma=0.39 0.35..0.50,Öncelik sırasına göre değerlendir. Kısmi toparlanma bekleniyor; müdahale kararı bütçeye ve sıraya bağlı.,"Modelin tahminine göre yangın öncesi örtünün %39 kadarı iki yılda geri gelecek. Ne kendi kapanacak kadar iyi ne de acil müdahale gerektirecek kadar kötü — öncelik skoru bu kareyi sıranın neresine koyduğuna bakın. Yangın öncesi örtü otlak ve çalılık idi; orman kurma değil, mevcut örtünün onarımı düşünülmeli. Yangın orta-yüksek şiddet sınıfında (dNBR 0,47); toprak yüzeyi büyük olasılıkla açıkta.",True
EGE_2021_04_005800,IZLE,,,,prediction_status=low_severity,"İzle, müdahale etme. Yangın bu kareyi ağır yakmamış (düşük şiddet, dNBR 0,27).","Model bu rejimde tahmin üretmiyor. Kendi toparlanması bekleniyor, müdahale listesine alınmıyor.",True
EGE_2021_04_005852,DIKIM_ADAYI,,0.3456,"kızılçam, fıstıkçamı",toparlanma=0.35 <0.35,"Aktif dikim adayı. Doğal toparlanma zayıf kalıyor, eğim (23,5°) dikime elverişli.","Modelin tahminine göre yangın öncesi örtünün ancak %35 kadarı iki yılda geri gelecek — kendi başına kapanmayacak bir açık var. Yetişme ortamı: Ege kuşağı, 526 m, orta eğimli (10–25°). Bu koşullar için önerilen türler: kızılçam, fıstıkçamı. Tür önerisi sistemin çıkarımı değil, dışarıdan verilen tablodan okunmuştur. Tablo: ÖRNEK TABLO — OGM tür-yetişme ortamı rehberi ile değiştirilecek",True
EGE_2021_04_005853,ONCELIGE_GORE,ESKIDEN_ORMAN_DEGIL,0.4237,,toparlanma=0.42 0.35..0.50,Öncelik sırasına göre değerlendir. Kısmi toparlanma bekleniyor; müdahale kararı bütçeye ve sıraya bağlı.,"Modelin tahminine göre yangın öncesi örtünün %42 kadarı iki yılda geri gelecek. Ne kendi kapanacak kadar iyi ne de acil müdahale gerektirecek kadar kötü — öncelik skoru bu kareyi sıranın neresine koyduğuna bakın. Yangın öncesi örtü otlak ve çalılık idi; orman kurma değil, mevcut örtünün onarımı düşünülmeli.",True
EGE_2021_04_005854,ONCELIGE_GORE,SEYREK_ORTU,0.3691,,toparlanma=0.37 0.35..0.50,Öncelik sırasına göre değerlendir. Kısmi toparlanma bekleniyor; müdahale kararı bütçeye ve sıraya bağlı.,Modelin tahminine göre yangın öncesi örtünün %37 kadarı iki yılda geri gelecek. Ne kendi kapanacak kadar iyi ne de acil müdahale gerektirecek kadar kötü — öncelik skoru bu kareyi sıranın neresine koyduğuna bakın. Yangın öncesi ağaç örtüsü zaten seyrekti (%29) — buradaki açığın tamamı yangından kaynaklanmıyor olabilir.,True
EGE_2021_04_005855,IZLE,,,,prediction_status=low_severity,"İzle, müdahale etme. Yangın bu kareyi ağır yakmamış (orta-düşük şiddet, dNBR 0,33).","Model bu rejimde tahmin üretmiyor. Kendi toparlanması bekleniyor, müdahale listesine alınmıyor.",True
EGE_2021_04_005856,IZLE,,,,prediction_status=low_severity,"İzle, müdahale etme. Yangın bu kareyi ağır yakmamış (düşük şiddet, dNBR 0,24).","Model bu rejimde tahmin üretmiyor. Kendi toparlanması bekleniyor, müdahale listesine alınmıyor.",True
EGE_2021_04_005857,ONCELIGE_GORE,,0.391,,toparlanma=0.39 0.35..0.50,Öncelik sırasına göre değerlendir. Kısmi toparlanma bekleniyor; müdahale kararı bütçeye ve sıraya bağlı.,Modelin tahminine göre yangın öncesi örtünün %39 kadarı iki yılda geri gelecek. Ne kendi kapanacak kadar iyi ne de acil müdahale gerektirecek kadar kötü — öncelik skoru bu kareyi sıranın neresine koyduğuna bakın.,True
EGE_2021_04_005858,IZLE,,,,prediction_status=low_severity,"İzle, müdahale etme. Yangın bu kareyi ağır yakmamış (düşük şiddet, dNBR 0,19).","Model bu rejimde tahmin üretmiyor. Kendi toparlanması bekleniyor, müdahale listesine alınmıyor.",True
EGE_2021_04_005859,IZLE,,,,prediction_status=low_severity,"İzle, müdahale etme. Yangın bu kareyi ağır yakmamış (düşük şiddet, dNBR 0,13).","Model bu rejimde tahmin üretmiyor. Kendi toparlanması bekleniyor, müdahale listesine alınmıyor.",True
EGE_2021_04_005862,IZLE,,,,prediction_status=low_severity,"İzle, müdahale etme. Yangın bu kareyi ağır yakmamış (düşük şiddet, dNBR 0,16).","Model bu rejimde tahmin üretmiyor. Kendi toparlanması bekleniyor, müdahale listesine alınmıyor.",True
EGE_2021_04_005863,IZLE,,,,prediction_status=low_severity,"İzle, müdahale etme. Yangın bu kareyi ağır yakmamış (düşük şiddet, dNBR 0,16).","Model bu rejimde tahmin üretmiyor. Kendi toparlanması bekleniyor, müdahale listesine alınmıyor.",True
EGE_2021_04_005864,IZLE,,,,prediction_status=low_severity,"İzle, müdahale etme. Yangın bu kareyi ağır yakmamış (düşük şiddet, dNBR 0,14).","Model bu rejimde tahmin üretmiyor. Kendi toparlanması bekleniyor, müdahale listesine alınmıyor.",True
EGE_2021_04_005865,IZLE,,,,prediction_status=low_severity,"İzle, müdahale etme. Yangın bu kareyi ağır yakmamış (düşük şiddet, dNBR 0,17).","Model bu rejimde tahmin üretmiyor. Kendi toparlanması bekleniyor, müdahale listesine alınmıyor.",True
EGE_2021_04_005866,IZLE,,,,prediction_status=low_severity,"İzle, müdahale etme. Yangın bu kareyi ağır yakmamış (düşük şiddet, dNBR 0,16).","Model bu rejimde tahmin üretmiyor. Kendi toparlanması bekleniyor, müdahale listesine alınmıyor.",True
EGE_2021_04_005867,IZLE,DIK_YAMAC,,,prediction_status=low_severity,"İzle, müdahale etme. Yangın bu kareyi ağır yakmamış (düşük şiddet, dNBR 0,14).","Model bu rejimde tahmin üretmiyor. Kendi toparlanması bekleniyor, müdahale listesine alınmıyor. Eğim 32,3° ile yüksek; makineli çalışma sınırlı olabilir.",True
EGE_2021_04_005872,ONCELIGE_GORE,ERISIM_ZOR|DIK_YAMAC,0.4198,,toparlanma=0.42 0.35..0.50,Öncelik sırasına göre değerlendir. Kısmi toparlanma bekleniyor; müdahale kararı bütçeye ve sıraya bağlı.,"Modelin tahminine göre yangın öncesi örtünün %42 kadarı iki yılda geri gelecek. Ne kendi kapanacak kadar iyi ne de acil müdahale gerektirecek kadar kötü — öncelik skoru bu kareyi sıranın neresine koyduğuna bakın. En yakın yol 2,61 km — erişim ve lojistik bu karede belirleyici olacak. Eğim 32,2° ile yüksek; makineli çalışma sınırlı olabilir.",True
EGE_2021_04_005873,EROZYON_ONCE,ERISIM_ZOR|AGIR_YANMIS,0.3311,"karaçam, sedir",toparlanma=0.33 egim=33.0>=25 <0.35,"Önce erozyon kontrolü. Toparlanma tahmini zayıf ve eğim 33,0° — dikimden önce toprak tutma önlemi gerekiyor.","Modelin tahminine göre yangın öncesi örtünün ancak %33 kadarı iki yılda geri gelecek. Dik yamaçta çıplak toprak ilk sağanakta taşınır; stabilizasyon yapılmadan yapılan dikim de birlikte gider. En yakın yol 2,85 km — erişim ve lojistik bu karede belirleyici olacak. Yangın yüksek şiddet sınıfında (dNBR 0,82); toprak yüzeyi büyük olasılıkla açıkta. Yetişme ortamı: Ege kuşağı, 1005 m, dik yamaç (25°+). Bu koşullar için önerilen türler: karaçam, sedir. Tür önerisi sistemin çıkarımı değil, dışarıdan verilen tablodan okunmuştur. Tablo: ÖRNEK TABLO — OGM tür-yetişme ortamı rehberi ile değiştirilecek",True
EGE_2021_04_005874,EROZYON_ONCE,ERISIM_ZOR|AGIR_YANMIS,0.2721,"karaçam, sedir",toparlanma=0.27 egim=26.5>=25 <0.35,"Önce erozyon kontrolü. Toparlanma tahmini zayıf ve eğim 26,5° — dikimden önce toprak tutma önlemi gerekiyor.","Modelin tahminine göre yangın öncesi örtünün ancak %27 kadarı iki yılda geri gelecek. Dik yamaçta çıplak toprak ilk sağanakta taşınır; stabilizasyon yapılmadan yapılan dikim de birlikte gider. En yakın yol 3,10 km — erişim ve lojistik bu karede belirleyici olacak. Yangın yüksek şiddet sınıfında (dNBR 1,04); toprak yüzeyi büyük olasılıkla açıkta. Yetişme ortamı: Ege kuşağı, 864 m, dik yamaç (25°+). Bu koşullar için önerilen türler: karaçam, sedir. Tür önerisi sistemin çıkarımı değil, dışarıdan verilen tablodan okunmuştur. Tablo: ÖRNEK TABLO — OGM tür-yetişme ortamı rehberi ile değiştirilecek",True
EGE_2021_04_005875,DIKIM_ADAYI,ERISIM_ZOR|AGIR_YANMIS,0.3235,"kızılçam, fıstıkçamı",toparlanma=0.32 <0.35,"Aktif dikim adayı. Doğal toparlanma zayıf kalıyor, eğim (18,0°) dikime elverişli.","Modelin tahminine göre yangın öncesi örtünün ancak %32 kadarı iki yılda geri gelecek — kendi başına kapanmayacak bir açık var. En yakın yol 3,35 km — erişim ve lojistik bu karede belirleyici olacak. Yangın yüksek şiddet sınıfında (dNBR 0,88); toprak yüzeyi büyük olasılıkla açıkta. Yetişme ortamı: Ege kuşağı, 765 m, orta eğimli (10–25°). Bu koşullar için önerilen türler: kızılçam, fıstıkçamı. Tür önerisi sistemin çıkarımı değil, dışarıdan verilen tablodan okunmuştur. Tablo: ÖRNEK TABLO — OGM tür-yetişme ortamı rehberi ile değiştirilecek",True
EGE_2021_04_005877,ONCELIGE_GORE,ERISIM_ZOR|DIK_YAMAC|AGIR_YANMIS,0.3715,,toparlanma=0.37 0.35..0.50,Öncelik sırasına göre değerlendir. Kısmi toparlanma bekleniyor; müdahale kararı bütçeye ve sıraya bağlı.,"Modelin tahminine göre yangın öncesi örtünün %37 kadarı iki yılda geri gelecek. Ne kendi kapanacak kadar iyi ne de acil müdahale gerektirecek kadar kötü — öncelik skoru bu kareyi sıranın neresine koyduğuna bakın. En yakın yol 3,84 km — erişim ve lojistik bu karede belirleyici olacak. Eğim 30,1° ile yüksek; makineli çalışma sınırlı olabilir. Yangın orta-yüksek şiddet sınıfında (dNBR 0,58); toprak yüzeyi büyük olasılıkla açıkta.",True
EGE_2021_04_005878,EROZYON_ONCE,ERISIM_ZOR,0.3051,"kızılçam, fıstıkçamı",toparlanma=0.31 egim=32.4>=25 <0.35,"Önce erozyon kontrolü. Toparlanma tahmini zayıf ve eğim 32,4° — dikimden önce toprak tutma önlemi gerekiyor.","Modelin tahminine göre yangın öncesi örtünün ancak %31 kadarı iki yılda geri gelecek. Dik yamaçta çıplak toprak ilk sağanakta taşınır; stabilizasyon yapılmadan yapılan dikim de birlikte gider. En yakın yol 3,62 km — erişim ve lojistik bu karede belirleyici olacak. Yetişme ortamı: Ege kuşağı, 599 m, dik yamaç (25°+). Bu koşullar için önerilen türler: kızılçam, fıstıkçamı. Tür önerisi sistemin çıkarımı değil, dışarıdan verilen tablodan okunmuştur. Tablo: ÖRNEK TABLO — OGM tür-yetişme ortamı rehberi ile değiştirilecek",True
EGE_2021_04_005879,DIKIM_ADAYI,ERISIM_ZOR,0.3321,"kızılçam, fıstıkçamı",toparlanma=0.33 <0.35,"Aktif dikim adayı. Doğal toparlanma zayıf kalıyor, eğim (16,0°) dikime elverişli.","Modelin tahminine göre yangın öncesi örtünün ancak %33 kadarı iki yılda geri gelecek — kendi başına kapanmayacak bir açık var. En yakın yol 3,41 km — erişim ve lojistik bu karede belirleyici olacak. Yetişme ortamı: Ege kuşağı, 509 m, orta eğimli (10–25°). Bu koşullar için önerilen türler: kızılçam, fıstıkçamı. Tür önerisi sistemin çıkarımı değil, dışarıdan verilen tablodan okunmuştur. Tablo: ÖRNEK TABLO — OGM tür-yetişme ortamı rehberi ile değiştirilecek",True
EGE_2021_04_005880,EROZYON_ONCE,ERISIM_ZOR,0.2963,"kızılçam, fıstıkçamı",toparlanma=0.30 egim=29.9>=25 <0.35,"Önce erozyon kontrolü. Toparlanma tahmini zayıf ve eğim 29,9° — dikimden önce toprak tutma önlemi gerekiyor.","Modelin tahminine göre yangın öncesi örtünün ancak %30 kadarı iki yılda geri gelecek. Dik yamaçta çıplak toprak ilk sağanakta taşınır; stabilizasyon yapılmadan yapılan dikim de birlikte gider. En yakın yol 3,19 km — erişim ve lojistik bu karede belirleyici olacak. Yetişme ortamı: Ege kuşağı, 595 m, dik yamaç (25°+). Bu koşullar için önerilen türler: kızılçam, fıstıkçamı. Tür önerisi sistemin çıkarımı değil, dışarıdan verilen tablodan okunmuştur. Tablo: ÖRNEK TABLO — OGM tür-yetişme ortamı rehberi ile değiştirilecek",True
EGE_2021_04_005882,DIKIM_ADAYI,ERISIM_ZOR|AGIR_YANMIS,0.3484,"karaçam, sedir",toparlanma=0.35 <0.35,"Aktif dikim adayı. Doğal toparlanma zayıf kalıyor, eğim (24,1°) dikime elverişli.","Modelin tahminine göre yangın öncesi örtünün ancak %35 kadarı iki yılda geri gelecek — kendi başına kapanmayacak bir açık var. En yakın yol 2,78 km — erişim ve lojistik bu karede belirleyici olacak. Yangın orta-yüksek şiddet sınıfında (dNBR 0,49); toprak yüzeyi büyük olasılıkla açıkta. Yetişme ortamı: Ege kuşağı, 807 m, orta eğimli (10–25°). Bu koşullar için önerilen türler: karaçam, sedir. Tür önerisi sistemin çıkarımı değil, dışarıdan verilen tablodan okunmuştur. Tablo: ÖRNEK TABLO — OGM tür-yetişme ortamı rehberi ile değiştirilecek",True
EGE_2021_04_005883,DIKIM_ADAYI,ERISIM_ZOR|AGIR_YANMIS,0.2914,"karaçam, sedir",toparlanma=0.29 <0.35,"Aktif dikim adayı. Doğal toparlanma zayıf kalıyor, eğim (24,4°) dikime elverişli.","Modelin tahminine göre yangın öncesi örtünün ancak %29 kadarı iki yılda geri gelecek — kendi başına kapanmayacak bir açık var. En yakın yol 2,59 km — erişim ve lojistik bu karede belirleyici olacak. Yangın orta-yüksek şiddet sınıfında (dNBR 0,56); toprak yüzeyi büyük olasılıkla açıkta. Yetişme ortamı: Ege kuşağı, 910 m, orta eğimli (10–25°). Bu koşullar için önerilen türler: karaçam, sedir. Tür önerisi sistemin çıkarımı değil, dışarıdan verilen tablodan okunmuştur. Tablo: ÖRNEK TABLO — OGM tür-yetişme ortamı rehberi ile değiştirilecek",True
EGE_2021_04_005884,EROZYON_ONCE,ERISIM_ZOR|AGIR_YANMIS,0.2319,"karaçam, sedir",toparlanma=0.23 egim=30.1>=25 <0.35,"Önce erozyon kontrolü. Toparlanma tahmini zayıf ve eğim 30,1° — dikimden önce toprak tutma önlemi gerekiyor.","Modelin tahminine göre yangın öncesi örtünün ancak %23 kadarı iki yılda geri gelecek. Dik yamaçta çıplak toprak ilk sağanakta taşınır; stabilizasyon yapılmadan yapılan dikim de birlikte gider. En yakın yol 2,41 km — erişim ve lojistik bu karede belirleyici olacak. Yangın yüksek şiddet sınıfında (dNBR 0,81); toprak yüzeyi büyük olasılıkla açıkta. Yetişme ortamı: Ege kuşağı, 1013 m, dik yamaç (25°+). Bu koşullar için önerilen türler: karaçam, sedir. Tür önerisi sistemin çıkarımı değil, dışarıdan verilen tablodan okunmuştur. Tablo: ÖRNEK TABLO — OGM tür-yetişme ortamı rehberi ile değiştirilecek",True
EGE_2021_04_005885,DIKIM_ADAYI,ERISIM_ZOR|AGIR_YANMIS,0.2915,"karaçam, sedir",toparlanma=0.29 <0.35,"Aktif dikim adayı. Doğal toparlanma zayıf kalıyor, eğim (22,5°) dikime elverişli.","Modelin tahminine göre yangın öncesi örtünün ancak %29 kadarı iki yılda geri gelecek — kendi başına kapanmayacak bir açık var. En yakın yol 2,25 km — erişim ve lojistik bu karede belirleyici olacak. Yangın yüksek şiddet sınıfında (dNBR 0,67); toprak yüzeyi büyük olasılıkla açıkta. Yetişme ortamı: Ege kuşağı, 1129 m, orta eğimli (10–25°). Bu koşullar için önerilen türler: karaçam, sedir. Tür önerisi sistemin çıkarımı değil, dışarıdan verilen tablodan okunmuştur. Tablo: ÖRNEK TABLO — OGM tür-yetişme ortamı rehberi ile değiştirilecek",True
EGE_2021_04_005886,DIKIM_ADAYI,ERISIM_ZOR,0.3139,"karaçam, sedir",toparlanma=0.31 <0.35,"Aktif dikim adayı. Doğal toparlanma zayıf kalıyor, eğim (18,9°) dikime elverişli.","Modelin tahminine göre yangın öncesi örtünün ancak %31 kadarı iki yılda geri gelecek — kendi başına kapanmayacak bir açık var. En yakın yol 2,09 km — erişim ve lojistik bu karede belirleyici olacak. Yetişme ortamı: Ege kuşağı, 1150 m, orta eğimli (10–25°). Bu koşullar için önerilen türler: karaçam, sedir. Tür önerisi sistemin çıkarımı değil, dışarıdan verilen tablodan okunmuştur. Tablo: ÖRNEK TABLO — OGM tür-yetişme ortamı rehberi ile değiştirilecek",True
EGE_2021_04_005887,ONCELIGE_GORE,,0.37,,toparlanma=0.37 0.35..0.50,Öncelik sırasına göre değerlendir. Kısmi toparlanma bekleniyor; müdahale kararı bütçeye ve sıraya bağlı.,Modelin tahminine göre yangın öncesi örtünün %37 kadarı iki yılda geri gelecek. Ne kendi kapanacak kadar iyi ne de acil müdahale gerektirecek kadar kötü — öncelik skoru bu kareyi sıranın neresine koyduğuna bakın.,True
EGE_2021_04_005888,ONCELIGE_GORE,,0.391,,toparlanma=0.39 0.35..0.50,Öncelik sırasına göre değerlendir. Kısmi toparlanma bekleniyor; müdahale kararı bütçeye ve sıraya bağlı.,Modelin tahminine göre yangın öncesi örtünün %39 kadarı iki yılda geri gelecek. Ne kendi kapanacak kadar iyi ne de acil müdahale gerektirecek kadar kötü — öncelik skoru bu kareyi sıranın neresine koyduğuna bakın.,True
EGE_2021_04_005889,ONCELIGE_GORE,,0.4243,,toparlanma=0.42 0.35..0.50,Öncelik sırasına göre değerlendir. Kısmi toparlanma bekleniyor; müdahale kararı bütçeye ve sıraya bağlı.,Modelin tahminine göre yangın öncesi örtünün %42 kadarı iki yılda geri gelecek. Ne kendi kapanacak kadar iyi ne de acil müdahale gerektirecek kadar kötü — öncelik skoru bu kareyi sıranın neresine koyduğuna bakın.,True
EGE_2021_04_005890,IZLE,,,,prediction_status=low_severity,"İzle, müdahale etme. Yangın bu kareyi ağır yakmamış (düşük şiddet, dNBR 0,22).","Model bu rejimde tahmin üretmiyor. Kendi toparlanması bekleniyor, müdahale listesine alınmıyor.",True
EGE_2021_04_005891,IZLE,DIK_YAMAC,,,prediction_status=low_severity,"İzle, müdahale etme. Yangın bu kareyi ağır yakmamış (düşük şiddet, dNBR 0,23).","Model bu rejimde tahmin üretmiyor. Kendi toparlanması bekleniyor, müdahale listesine alınmıyor. Eğim 30,2° ile yüksek; makineli çalışma sınırlı olabilir.",True
EGE_2021_04_005892,EROZYON_ONCE,,0.2375,"karaçam, sedir",toparlanma=0.24 egim=32.8>=25 <0.35,"Önce erozyon kontrolü. Toparlanma tahmini zayıf ve eğim 32,8° — dikimden önce toprak tutma önlemi gerekiyor.","Modelin tahminine göre yangın öncesi örtünün ancak %24 kadarı iki yılda geri gelecek. Dik yamaçta çıplak toprak ilk sağanakta taşınır; stabilizasyon yapılmadan yapılan dikim de birlikte gider. Yetişme ortamı: Ege kuşağı, 914 m, dik yamaç (25°+). Bu koşullar için önerilen türler: karaçam, sedir. Tür önerisi sistemin çıkarımı değil, dışarıdan verilen tablodan okunmuştur. Tablo: ÖRNEK TABLO — OGM tür-yetişme ortamı rehberi ile değiştirilecek",True
EGE_2021_04_005893,EROZYON_ONCE,AGIR_YANMIS,0.2664,"karaçam, sedir",toparlanma=0.27 egim=32.3>=25 <0.35,"Önce erozyon kontrolü. Toparlanma tahmini zayıf ve eğim 32,3° — dikimden önce toprak tutma önlemi gerekiyor.","Modelin tahminine göre yangın öncesi örtünün ancak %27 kadarı iki yılda geri gelecek. Dik yamaçta çıplak toprak ilk sağanakta taşınır; stabilizasyon yapılmadan yapılan dikim de birlikte gider. Yangın orta-yüksek şiddet sınıfında (dNBR 0,48); toprak yüzeyi büyük olasılıkla açıkta. Yetişme ortamı: Ege kuşağı, 852 m, dik yamaç (25°+). Bu koşullar için önerilen türler: karaçam, sedir. Tür önerisi sistemin çıkarımı değil, dışarıdan verilen tablodan okunmuştur. Tablo: ÖRNEK TABLO — OGM tür-yetişme ortamı rehberi ile değiştirilecek",True
EGE_2021_04_005894,IZLE,DIK_YAMAC,,,prediction_status=low_severity,"İzle, müdahale etme. Yangın bu kareyi ağır yakmamış (düşük şiddet, dNBR 0,26).","Model bu rejimde tahmin üretmiyor. Kendi toparlanması bekleniyor, müdahale listesine alınmıyor. Eğim 28,0° ile yüksek; makineli çalışma sınırlı olabilir.",True
EGE_2021_04_005895,IZLE,,,,prediction_status=low_severity,"İzle, müdahale etme. Yangın bu kareyi ağır yakmamış (düşük şiddet, dNBR 0,20).","Model bu rejimde tahmin üretmiyor. Kendi toparlanması bekleniyor, müdahale listesine alınmıyor.",True
EGE_2021_04_005896,IZLE,,,,prediction_status=low_severity,"İzle, müdahale etme. Yangın bu kareyi ağır yakmamış (düşük şiddet, dNBR 0,14).","Model bu rejimde tahmin üretmiyor. Kendi toparlanması bekleniyor, müdahale listesine alınmıyor.",True
EGE_2021_04_005900,IZLE,DIK_YAMAC,,,prediction_status=low_severity,"İzle, müdahale etme. Yangın bu kareyi ağır yakmamış (düşük şiddet, dNBR 0,23).","Model bu rejimde tahmin üretmiyor. Kendi toparlanması bekleniyor, müdahale listesine alınmıyor. Eğim 31,8° ile yüksek; makineli çalışma sınırlı olabilir.",True
EGE_2021_04_005901,IZLE,DIK_YAMAC,,,prediction_status=low_severity,"İzle, müdahale etme. Yangın bu kareyi ağır yakmamış (düşük şiddet, dNBR 0,22).","Model bu rejimde tahmin üretmiyor. Kendi toparlanması bekleniyor, müdahale listesine alınmıyor. Eğim 26,1° ile yüksek; makineli çalışma sınırlı olabilir.",True
EGE_2021_04_005902,IZLE,DIK_YAMAC,,,prediction_status=low_severity,"İzle, müdahale etme. Yangın bu kareyi ağır yakmamış (düşük şiddet, dNBR 0,12).","Model bu rejimde tahmin üretmiyor. Kendi toparlanması bekleniyor, müdahale listesine alınmıyor. Eğim 34,3° ile yüksek; makineli çalışma sınırlı olabilir.",True
EGE_2021_04_005905,IZLE,,,,prediction_status=low_severity,"İzle, müdahale etme. Yangın bu kareyi ağır yakmamış (düşük şiddet, dNBR 0,25).","Model bu rejimde tahmin üretmiyor. Kendi toparlanması bekleniyor, müdahale listesine alınmıyor.",True
EGE_2021_04_005906,DIKIM_ADAYI,,0.3096,"karaçam, sedir",toparlanma=0.31 <0.35,"Aktif dikim adayı. Doğal toparlanma zayıf kalıyor, eğim (20,8°) dikime elverişli.","Modelin tahminine göre yangın öncesi örtünün ancak %31 kadarı iki yılda geri gelecek — kendi başına kapanmayacak bir açık var. Yetişme ortamı: Ege kuşağı, 867 m, orta eğimli (10–25°). Bu koşullar için önerilen türler: karaçam, sedir. Tür önerisi sistemin çıkarımı değil, dışarıdan verilen tablodan okunmuştur. Tablo: ÖRNEK TABLO — OGM tür-yetişme ortamı rehberi ile değiştirilecek",True
EGE_2021_04_005907,IZLE,,,,prediction_status=low_severity,"İzle, müdahale etme. Yangın bu kareyi ağır yakmamış (düşük şiddet, dNBR 0,18).","Model bu rejimde tahmin üretmiyor. Kendi toparlanması bekleniyor, müdahale listesine alınmıyor.",True
EGE_2021_04_005958,IZLE,DIK_YAMAC,,,prediction_status=low_severity,"İzle, müdahale etme. Yangın bu kareyi ağır yakmamış (düşük şiddet, dNBR 0,11).","Model bu rejimde tahmin üretmiyor. Kendi toparlanması bekleniyor, müdahale listesine alınmıyor. Eğim 25,4° ile yüksek; makineli çalışma sınırlı olabilir.",True
EGE_2021_04_005959,IZLE,,,,prediction_status=low_severity,"İzle, müdahale etme. Yangın bu kareyi ağır yakmamış (düşük şiddet, dNBR 0,13).","Model bu rejimde tahmin üretmiyor. Kendi toparlanması bekleniyor, müdahale listesine alınmıyor.",True
EGE_2021_04_005960,IZLE,DIK_YAMAC,,,prediction_status=low_severity,"İzle, müdahale etme. Yangın bu kareyi ağır yakmamış (düşük şiddet, dNBR 0,17).","Model bu rejimde tahmin üretmiyor. Kendi toparlanması bekleniyor, müdahale listesine alınmıyor. Eğim 29,9° ile yüksek; makineli çalışma sınırlı olabilir.",True
EGE_2021_04_005961,ONCELIGE_GORE,,0.3834,,toparlanma=0.38 0.35..0.50,Öncelik sırasına göre değerlendir. Kısmi toparlanma bekleniyor; müdahale kararı bütçeye ve sıraya bağlı.,Modelin tahminine göre yangın öncesi örtünün %38 kadarı iki yılda geri gelecek. Ne kendi kapanacak kadar iyi ne de acil müdahale gerektirecek kadar kötü — öncelik skoru bu kareyi sıranın neresine koyduğuna bakın.,True
EGE_2021_04_005962,DIKIM_ADAYI,AGIR_YANMIS,0.2718,"kızılçam, fıstıkçamı",toparlanma=0.27 <0.35,"Aktif dikim adayı. Doğal toparlanma zayıf kalıyor, eğim (17,8°) dikime elverişli.","Modelin tahminine göre yangın öncesi örtünün ancak %27 kadarı iki yılda geri gelecek — kendi başına kapanmayacak bir açık var. Yangın orta-yüksek şiddet sınıfında (dNBR 0,44); toprak yüzeyi büyük olasılıkla açıkta. Yetişme ortamı: Ege kuşağı, 609 m, orta eğimli (10–25°). Bu koşullar için önerilen türler: kızılçam, fıstıkçamı. Tür önerisi sistemin çıkarımı değil, dışarıdan verilen tablodan okunmuştur. Tablo: ÖRNEK TABLO — OGM tür-yetişme ortamı rehberi ile değiştirilecek",True
EGE_2021_04_005963,IZLE,,,,prediction_status=low_severity,"İzle, müdahale etme. Yangın bu kareyi ağır yakmamış (düşük şiddet, dNBR 0,26).","Model bu rejimde tahmin üretmiyor. Kendi toparlanması bekleniyor, müdahale listesine alınmıyor.",True
EGE_2021_04_005964,IZLE,,,,prediction_status=low_severity,"İzle, müdahale etme. Yangın bu kareyi ağır yakmamış (düşük şiddet, dNBR 0,22).","Model bu rejimde tahmin üretmiyor. Kendi toparlanması bekleniyor, müdahale listesine alınmıyor.",True
EGE_2021_04_005965,IZLE,,,,prediction_status=low_severity,"İzle, müdahale etme. Yangın bu kareyi ağır yakmamış (düşük şiddet, dNBR 0,17).","Model bu rejimde tahmin üretmiyor. Kendi toparlanması bekleniyor, müdahale listesine alınmıyor.",True
EGE_2021_04_005966,IZLE,,,,prediction_status=low_severity,"İzle, müdahale etme. Yangın bu kareyi ağır yakmamış (düşük şiddet, dNBR 0,17).","Model bu rejimde tahmin üretmiyor. Kendi toparlanması bekleniyor, müdahale listesine alınmıyor.",True
EGE_2021_04_005967,IZLE,,,,prediction_status=low_severity,"İzle, müdahale etme. Yangın bu kareyi ağır yakmamış (düşük şiddet, dNBR 0,24).","Model bu rejimde tahmin üretmiyor. Kendi toparlanması bekleniyor, müdahale listesine alınmıyor.",True
EGE_2021_04_005968,ONCELIGE_GORE,,0.3738,,toparlanma=0.37 0.35..0.50,Öncelik sırasına göre değerlendir. Kısmi toparlanma bekleniyor; müdahale kararı bütçeye ve sıraya bağlı.,Modelin tahminine göre yangın öncesi örtünün %37 kadarı iki yılda geri gelecek. Ne kendi kapanacak kadar iyi ne de acil müdahale gerektirecek kadar kötü — öncelik skoru bu kareyi sıranın neresine koyduğuna bakın.,True
EGE_2021_04_005969,IZLE,,,,prediction_status=low_severity,"İzle, müdahale etme. Yangın bu kareyi ağır yakmamış (düşük şiddet, dNBR 0,24).","Model bu rejimde tahmin üretmiyor. Kendi toparlanması bekleniyor, müdahale listesine alınmıyor.",True
EGE_2021_04_005970,IZLE,,,,prediction_status=low_severity,"İzle, müdahale etme. Yangın bu kareyi ağır yakmamış (düşük şiddet, dNBR 0,21).","Model bu rejimde tahmin üretmiyor. Kendi toparlanması bekleniyor, müdahale listesine alınmıyor.",True
EGE_2021_04_005971,IZLE,,,,prediction_status=low_severity,"İzle, müdahale etme. Yangın bu kareyi ağır yakmamış (düşük şiddet, dNBR 0,16).","Model bu rejimde tahmin üretmiyor. Kendi toparlanması bekleniyor, müdahale listesine alınmıyor.",True
EGE_2021_04_005972,IZLE,,,,prediction_status=low_severity,"İzle, müdahale etme. Yangın bu kareyi ağır yakmamış (düşük şiddet, dNBR 0,10).","Model bu rejimde tahmin üretmiyor. Kendi toparlanması bekleniyor, müdahale listesine alınmıyor.",True
EGE_2021_04_005974,IZLE,,,,prediction_status=low_severity,"İzle, müdahale etme. Yangın bu kareyi ağır yakmamış (düşük şiddet, dNBR 0,15).","Model bu rejimde tahmin üretmiyor. Kendi toparlanması bekleniyor, müdahale listesine alınmıyor.",True
EGE_2021_04_005975,IZLE,DIK_YAMAC,,,prediction_status=low_severity,"İzle, müdahale etme. Yangın bu kareyi ağır yakmamış (düşük şiddet, dNBR 0,16).","Model bu rejimde tahmin üretmiyor. Kendi toparlanması bekleniyor, müdahale listesine alınmıyor. Eğim 32,6° ile yüksek; makineli çalışma sınırlı olabilir.",True
EGE_2021_04_005976,IZLE,DIK_YAMAC,,,prediction_status=low_severity,"İzle, müdahale etme. Yangın bu kareyi ağır yakmamış (düşük şiddet, dNBR 0,13).","Model bu rejimde tahmin üretmiyor. Kendi toparlanması bekleniyor, müdahale listesine alınmıyor. Eğim 34,0° ile yüksek; makineli çalışma sınırlı olabilir.",True
EGE_2021_04_005979,IZLE,ERISIM_ZOR|ESKIDEN_ORMAN_DEGIL|DIK_YAMAC,,,prediction_status=low_severity,"İzle, müdahale etme. Yangın bu kareyi ağır yakmamış (düşük şiddet, dNBR 0,12).","Model bu rejimde tahmin üretmiyor. Kendi toparlanması bekleniyor, müdahale listesine alınmıyor. En yakın yol 2,33 km — erişim ve lojistik bu karede belirleyici olacak. Yangın öncesi örtü otlak ve çalılık idi; orman kurma değil, mevcut örtünün onarımı düşünülmeli. Eğim 32,8° ile yüksek; makineli çalışma sınırlı olabilir.",True
EGE_2021_04_005980,EROZYON_ONCE,ERISIM_ZOR|AGIR_YANMIS,0.2246,"karaçam, sedir",toparlanma=0.22 egim=28.3>=25 <0.35,"Önce erozyon kontrolü. Toparlanma tahmini zayıf ve eğim 28,3° — dikimden önce toprak tutma önlemi gerekiyor.","Modelin tahminine göre yangın öncesi örtünün ancak %22 kadarı iki yılda geri gelecek. Dik yamaçta çıplak toprak ilk sağanakta taşınır; stabilizasyon yapılmadan yapılan dikim de birlikte gider. En yakın yol 2,58 km — erişim ve lojistik bu karede belirleyici olacak. Yangın orta-yüksek şiddet sınıfında (dNBR 0,62); toprak yüzeyi büyük olasılıkla açıkta. Yetişme ortamı: Ege kuşağı, 1178 m, dik yamaç (25°+). Bu koşullar için önerilen türler: karaçam, sedir. Tür önerisi sistemin çıkarımı değil, dışarıdan verilen tablodan okunmuştur. Tablo: ÖRNEK TABLO — OGM tür-yetişme ortamı rehberi ile değiştirilecek",True
EGE_2021_04_005981,EROZYON_ONCE,ERISIM_ZOR|AGIR_YANMIS,0.2098,"karaçam, sedir",toparlanma=0.21 egim=32.5>=25 <0.35,"Önce erozyon kontrolü. Toparlanma tahmini zayıf ve eğim 32,5° — dikimden önce toprak tutma önlemi gerekiyor.","Modelin tahminine göre yangın öncesi örtünün ancak %21 kadarı iki yılda geri gelecek. Dik yamaçta çıplak toprak ilk sağanakta taşınır; stabilizasyon yapılmadan yapılan dikim de birlikte gider. En yakın yol 2,83 km — erişim ve lojistik bu karede belirleyici olacak. Yangın yüksek şiddet sınıfında (dNBR 0,93); toprak yüzeyi büyük olasılıkla açıkta. Yetişme ortamı: Ege kuşağı, 1015 m, dik yamaç (25°+). Bu koşullar için önerilen türler: karaçam, sedir. Tür önerisi sistemin çıkarımı değil, dışarıdan verilen tablodan okunmuştur. Tablo: ÖRNEK TABLO — OGM tür-yetişme ortamı rehberi ile değiştirilecek",True
EGE_2021_04_005982,DIKIM_ADAYI,ERISIM_ZOR|AGIR_YANMIS,0.2912,"karaçam, sedir",toparlanma=0.29 <0.35,"Aktif dikim adayı. Doğal toparlanma zayıf kalıyor, eğim (23,9°) dikime elverişli.","Modelin tahminine göre yangın öncesi örtünün ancak %29 kadarı iki yılda geri gelecek — kendi başına kapanmayacak bir açık var. En yakın yol 3,08 km — erişim ve lojistik bu karede belirleyici olacak. Yangın yüksek şiddet sınıfında (dNBR 0,89); toprak yüzeyi büyük olasılıkla açıkta. Yetişme ortamı: Ege kuşağı, 880 m, orta eğimli (10–25°). Bu koşullar için önerilen türler: karaçam, sedir. Tür önerisi sistemin çıkarımı değil, dışarıdan verilen tablodan okunmuştur. Tablo: ÖRNEK TABLO — OGM tür-yetişme ortamı rehberi ile değiştirilecek",True
EGE_2021_04_005984,ONCELIGE_GORE,ERISIM_ZOR|AGIR_YANMIS,0.3835,,toparlanma=0.38 0.35..0.50,Öncelik sırasına göre değerlendir. Kısmi toparlanma bekleniyor; müdahale kararı bütçeye ve sıraya bağlı.,"Modelin tahminine göre yangın öncesi örtünün %38 kadarı iki yılda geri gelecek. Ne kendi kapanacak kadar iyi ne de acil müdahale gerektirecek kadar kötü — öncelik skoru bu kareyi sıranın neresine koyduğuna bakın. En yakın yol 3,58 km — erişim ve lojistik bu karede belirleyici olacak. Yangın orta-yüksek şiddet sınıfında (dNBR 0,50); toprak yüzeyi büyük olasılıkla açıkta.",True
EGE_2021_04_005985,EROZYON_ONCE,ERISIM_ZOR|AGIR_YANMIS,0.3119,"kızılçam, fıstıkçamı",toparlanma=0.31 egim=26.9>=25 <0.35,"Önce erozyon kontrolü. Toparlanma tahmini zayıf ve eğim 26,9° — dikimden önce toprak tutma önlemi gerekiyor.","Modelin tahminine göre yangın öncesi örtünün ancak %31 kadarı iki yılda geri gelecek. Dik yamaçta çıplak toprak ilk sağanakta taşınır; stabilizasyon yapılmadan yapılan dikim de birlikte gider. En yakın yol 3,74 km — erişim ve lojistik bu karede belirleyici olacak. Yangın orta-yüksek şiddet sınıfında (dNBR 0,47); toprak yüzeyi büyük olasılıkla açıkta. Yetişme ortamı: Ege kuşağı, 780 m, dik yamaç (25°+). Bu koşullar için önerilen türler: kızılçam, fıstıkçamı. Tür önerisi sistemin çıkarımı değil, dışarıdan verilen tablodan okunmuştur. Tablo: ÖRNEK TABLO — OGM tür-yetişme ortamı rehberi ile değiştirilecek",True
EGE_2021_04_005986,EROZYON_ONCE,ERISIM_ZOR,0.2757,"kızılçam, fıstıkçamı",toparlanma=0.28 egim=35.8>=25 <0.35,"Önce erozyon kontrolü. Toparlanma tahmini zayıf ve eğim 35,8° — dikimden önce toprak tutma önlemi gerekiyor.","Modelin tahminine göre yangın öncesi örtünün ancak %28 kadarı iki yılda geri gelecek. Dik yamaçta çıplak toprak ilk sağanakta taşınır; stabilizasyon yapılmadan yapılan dikim de birlikte gider. En yakın yol 3,51 km — erişim ve lojistik bu karede belirleyici olacak. Yetişme ortamı: Ege kuşağı, 662 m, dik yamaç (25°+). Bu koşullar için önerilen türler: kızılçam, fıstıkçamı. Tür önerisi sistemin çıkarımı değil, dışarıdan verilen tablodan okunmuştur. Tablo: ÖRNEK TABLO — OGM tür-yetişme ortamı rehberi ile değiştirilecek",True
EGE_2021_04_005987,DIKIM_ADAYI,ERISIM_ZOR|AGIR_YANMIS,0.3252,"kızılçam, fıstıkçamı",toparlanma=0.33 <0.35,"Aktif dikim adayı. Doğal toparlanma zayıf kalıyor, eğim (21,6°) dikime elverişli.","Modelin tahminine göre yangın öncesi örtünün ancak %33 kadarı iki yılda geri gelecek — kendi başına kapanmayacak bir açık var. En yakın yol 3,29 km — erişim ve lojistik bu karede belirleyici olacak. Yangın orta-yüksek şiddet sınıfında (dNBR 0,45); toprak yüzeyi büyük olasılıkla açıkta. Yetişme ortamı: Ege kuşağı, 506 m, orta eğimli (10–25°). Bu koşullar için önerilen türler: kızılçam, fıstıkçamı. Tür önerisi sistemin çıkarımı değil, dışarıdan verilen tablodan okunmuştur. Tablo: ÖRNEK TABLO — OGM tür-yetişme ortamı rehberi ile değiştirilecek",True
EGE_2021_04_005989,EROZYON_ONCE,ERISIM_ZOR|AGIR_YANMIS,0.3106,"kızılçam, fıstıkçamı",toparlanma=0.31 egim=29.7>=25 <0.35,"Önce erozyon kontrolü. Toparlanma tahmini zayıf ve eğim 29,7° — dikimden önce toprak tutma önlemi gerekiyor.","Modelin tahminine göre yangın öncesi örtünün ancak %31 kadarı iki yılda geri gelecek. Dik yamaçta çıplak toprak ilk sağanakta taşınır; stabilizasyon yapılmadan yapılan dikim de birlikte gider. En yakın yol 2,85 km — erişim ve lojistik bu karede belirleyici olacak. Yangın orta-yüksek şiddet sınıfında (dNBR 0,45); toprak yüzeyi büyük olasılıkla açıkta. Yetişme ortamı: Ege kuşağı, 698 m, dik yamaç (25°+). Bu koşullar için önerilen türler: kızılçam, fıstıkçamı. Tür önerisi sistemin çıkarımı değil, dışarıdan verilen tablodan okunmuştur. Tablo: ÖRNEK TABLO — OGM tür-yetişme ortamı rehberi ile değiştirilecek",True
EGE_2021_04_005990,ONCELIGE_GORE,ERISIM_ZOR,0.3557,,toparlanma=0.36 0.35..0.50,Öncelik sırasına göre değerlendir. Kısmi toparlanma bekleniyor; müdahale kararı bütçeye ve sıraya bağlı.,"Modelin tahminine göre yangın öncesi örtünün %36 kadarı iki yılda geri gelecek. Ne kendi kapanacak kadar iyi ne de acil müdahale gerektirecek kadar kötü — öncelik skoru bu kareyi sıranın neresine koyduğuna bakın. En yakın yol 2,64 km — erişim ve lojistik bu karede belirleyici olacak.",True
EGE_2021_04_005991,DIKIM_ADAYI,ERISIM_ZOR|AGIR_YANMIS,0.3475,"karaçam, sedir",toparlanma=0.35 <0.35,"Aktif dikim adayı. Doğal toparlanma zayıf kalıyor, eğim (17,8°) dikime elverişli.","Modelin tahminine göre yangın öncesi örtünün ancak %35 kadarı iki yılda geri gelecek — kendi başına kapanmayacak bir açık var. En yakın yol 2,43 km — erişim ve lojistik bu karede belirleyici olacak. Yangın orta-yüksek şiddet sınıfında (dNBR 0,52); toprak yüzeyi büyük olasılıkla açıkta. Yetişme ortamı: Ege kuşağı, 866 m, orta eğimli (10–25°). Bu koşullar için önerilen türler: karaçam, sedir. Tür önerisi sistemin çıkarımı değil, dışarıdan verilen tablodan okunmuştur. Tablo: ÖRNEK TABLO — OGM tür-yetişme ortamı rehberi ile değiştirilecek",True
EGE_2021_04_005992,EROZYON_ONCE,ERISIM_ZOR|AGIR_YANMIS,0.2887,"karaçam, sedir",toparlanma=0.29 egim=29.5>=25 <0.35,"Önce erozyon kontrolü. Toparlanma tahmini zayıf ve eğim 29,5° — dikimden önce toprak tutma önlemi gerekiyor.","Modelin tahminine göre yangın öncesi örtünün ancak %29 kadarı iki yılda geri gelecek. Dik yamaçta çıplak toprak ilk sağanakta taşınır; stabilizasyon yapılmadan yapılan dikim de birlikte gider. En yakın yol 2,24 km — erişim ve lojistik bu karede belirleyici olacak. Yangın yüksek şiddet sınıfında (dNBR 0,76); toprak yüzeyi büyük olasılıkla açıkta. Yetişme ortamı: Ege kuşağı, 972 m, dik yamaç (25°+). Bu koşullar için önerilen türler: karaçam, sedir. Tür önerisi sistemin çıkarımı değil, dışarıdan verilen tablodan okunmuştur. Tablo: ÖRNEK TABLO — OGM tür-yetişme ortamı rehberi ile değiştirilecek",True
EGE_2021_04_005993,DIKIM_ADAYI,ERISIM_ZOR|AGIR_YANMIS,0.3095,"karaçam, sedir",toparlanma=0.31 <0.35,"Aktif dikim adayı. Doğal toparlanma zayıf kalıyor, eğim (16,8°) dikime elverişli.","Modelin tahminine göre yangın öncesi örtünün ancak %31 kadarı iki yılda geri gelecek — kendi başına kapanmayacak bir açık var. En yakın yol 2,06 km — erişim ve lojistik bu karede belirleyici olacak. Yangın orta-yüksek şiddet sınıfında (dNBR 0,58); toprak yüzeyi büyük olasılıkla açıkta. Yetişme ortamı: Ege kuşağı, 1075 m, orta eğimli (10–25°). Bu koşullar için önerilen türler: karaçam, sedir. Tür önerisi sistemin çıkarımı değil, dışarıdan verilen tablodan okunmuştur. Tablo: ÖRNEK TABLO — OGM tür-yetişme ortamı rehberi ile değiştirilecek",True
EGE_2021_04_005994,DIKIM_ADAYI,,0.3313,"karaçam, sedir",toparlanma=0.33 <0.35,"Aktif dikim adayı. Doğal toparlanma zayıf kalıyor, eğim (15,9°) dikime elverişli.","Modelin tahminine göre yangın öncesi örtünün ancak %33 kadarı iki yılda geri gelecek — kendi başına kapanmayacak bir açık var. Yetişme ortamı: Ege kuşağı, 1078 m, orta eğimli (10–25°). Bu koşullar için önerilen türler: karaçam, sedir. Tür önerisi sistemin çıkarımı değil, dışarıdan verilen tablodan okunmuştur. Tablo: ÖRNEK TABLO — OGM tür-yetişme ortamı rehberi ile değiştirilecek",True
EGE_2021_04_005995,ONCELIGE_GORE,,0.3624,,toparlanma=0.36 0.35..0.50,Öncelik sırasına göre değerlendir. Kısmi toparlanma bekleniyor; müdahale kararı bütçeye ve sıraya bağlı.,Modelin tahminine göre yangın öncesi örtünün %36 kadarı iki yılda geri gelecek. Ne kendi kapanacak kadar iyi ne de acil müdahale gerektirecek kadar kötü — öncelik skoru bu kareyi sıranın neresine koyduğuna bakın.,True
EGE_2021_04_005996,EROZYON_ONCE,,0.2635,"karaçam, sedir",toparlanma=0.26 egim=33.6>=25 <0.35,"Önce erozyon kontrolü. Toparlanma tahmini zayıf ve eğim 33,6° — dikimden önce toprak tutma önlemi gerekiyor.","Modelin tahminine göre yangın öncesi örtünün ancak %26 kadarı iki yılda geri gelecek. Dik yamaçta çıplak toprak ilk sağanakta taşınır; stabilizasyon yapılmadan yapılan dikim de birlikte gider. Yetişme ortamı: Ege kuşağı, 997 m, dik yamaç (25°+). Bu koşullar için önerilen türler: karaçam, sedir. Tür önerisi sistemin çıkarımı değil, dışarıdan verilen tablodan okunmuştur. Tablo: ÖRNEK TABLO — OGM tür-yetişme ortamı rehberi ile değiştirilecek",True
EGE_2021_04_005997,EROZYON_ONCE,,0.3055,"karaçam, sedir",toparlanma=0.31 egim=31.9>=25 <0.35,"Önce erozyon kontrolü. Toparlanma tahmini zayıf ve eğim 31,9° — dikimden önce toprak tutma önlemi gerekiyor.","Modelin tahminine göre yangın öncesi örtünün ancak %31 kadarı iki yılda geri gelecek. Dik yamaçta çıplak toprak ilk sağanakta taşınır; stabilizasyon yapılmadan yapılan dikim de birlikte gider. Yetişme ortamı: Ege kuşağı, 1021 m, dik yamaç (25°+). Bu koşullar için önerilen türler: karaçam, sedir. Tür önerisi sistemin çıkarımı değil, dışarıdan verilen tablodan okunmuştur. Tablo: ÖRNEK TABLO — OGM tür-yetişme ortamı rehberi ile değiştirilecek",True
EGE_2021_04_005998,IZLE,DIK_YAMAC,,,prediction_status=low_severity,"İzle, müdahale etme. Yangın bu kareyi ağır yakmamış (düşük şiddet, dNBR 0,22).","Model bu rejimde tahmin üretmiyor. Kendi toparlanması bekleniyor, müdahale listesine alınmıyor. Eğim 35,0° ile yüksek; makineli çalışma sınırlı olabilir.",True
EGE_2021_04_005999,EROZYON_ONCE,,0.2811,"karaçam, sedir",toparlanma=0.28 egim=31.9>=25 <0.35,"Önce erozyon kontrolü. Toparlanma tahmini zayıf ve eğim 31,9° — dikimden önce toprak tutma önlemi gerekiyor.","Modelin tahminine göre yangın öncesi örtünün ancak %28 kadarı iki yılda geri gelecek. Dik yamaçta çıplak toprak ilk sağanakta taşınır; stabilizasyon yapılmadan yapılan dikim de birlikte gider. Yetişme ortamı: Ege kuşağı, 856 m, dik yamaç (25°+). Bu koşullar için önerilen türler: karaçam, sedir. Tür önerisi sistemin çıkarımı değil, dışarıdan verilen tablodan okunmuştur. Tablo: ÖRNEK TABLO — OGM tür-yetişme ortamı rehberi ile değiştirilecek",True
EGE_2021_04_006000,EROZYON_ONCE,,0.2503,"kızılçam, fıstıkçamı",toparlanma=0.25 egim=30.1>=25 <0.35,"Önce erozyon kontrolü. Toparlanma tahmini zayıf ve eğim 30,1° — dikimden önce toprak tutma önlemi gerekiyor.","Modelin tahminine göre yangın öncesi örtünün ancak %25 kadarı iki yılda geri gelecek. Dik yamaçta çıplak toprak ilk sağanakta taşınır; stabilizasyon yapılmadan yapılan dikim de birlikte gider. Yetişme ortamı: Ege kuşağı, 769 m, dik yamaç (25°+). Bu koşullar için önerilen türler: kızılçam, fıstıkçamı. Tür önerisi sistemin çıkarımı değil, dışarıdan verilen tablodan okunmuştur. Tablo: ÖRNEK TABLO — OGM tür-yetişme ortamı rehberi ile değiştirilecek",True
EGE_2021_04_006001,EROZYON_ONCE,,0.3055,"kızılçam, fıstıkçamı",toparlanma=0.31 egim=29.9>=25 <0.35,"Önce erozyon kontrolü. Toparlanma tahmini zayıf ve eğim 29,9° — dikimden önce toprak tutma önlemi gerekiyor.","Modelin tahminine göre yangın öncesi örtünün ancak %31 kadarı iki yılda geri gelecek. Dik yamaçta çıplak toprak ilk sağanakta taşınır; stabilizasyon yapılmadan yapılan dikim de birlikte gider. Yetişme ortamı: Ege kuşağı, 704 m, dik yamaç (25°+). Bu koşullar için önerilen türler: kızılçam, fıstıkçamı. Tür önerisi sistemin çıkarımı değil, dışarıdan verilen tablodan okunmuştur. Tablo: ÖRNEK TABLO — OGM tür-yetişme ortamı rehberi ile değiştirilecek",True
EGE_2021_04_006002,IZLE,,,,prediction_status=low_severity,"İzle, müdahale etme. Yangın bu kareyi ağır yakmamış (düşük şiddet, dNBR 0,20).","Model bu rejimde tahmin üretmiyor. Kendi toparlanması bekleniyor, müdahale listesine alınmıyor.",True
EGE_2021_04_006003,ONCELIGE_GORE,,0.401,,toparlanma=0.40 0.35..0.50,Öncelik sırasına göre değerlendir. Kısmi toparlanma bekleniyor; müdahale kararı bütçeye ve sıraya bağlı.,Modelin tahminine göre yangın öncesi örtünün %40 kadarı iki yılda geri gelecek. Ne kendi kapanacak kadar iyi ne de acil müdahale gerektirecek kadar kötü — öncelik skoru bu kareyi sıranın neresine koyduğuna bakın.,True
EGE_2021_04_006004,IZLE,,,,prediction_status=low_severity,"İzle, müdahale etme. Yangın bu kareyi ağır yakmamış (düşük şiddet, dNBR 0,21).","Model bu rejimde tahmin üretmiyor. Kendi toparlanması bekleniyor, müdahale listesine alınmıyor.",True
EGE_2021_04_006008,IZLE,DIK_YAMAC,,,prediction_status=low_severity,"İzle, müdahale etme. Yangın bu kareyi ağır yakmamış (düşük şiddet, dNBR 0,10).","Model bu rejimde tahmin üretmiyor. Kendi toparlanması bekleniyor, müdahale listesine alınmıyor. Eğim 28,6° ile yüksek; makineli çalışma sınırlı olabilir.",True
EGE_2021_04_006009,IZLE,DIK_YAMAC,,,prediction_status=low_severity,"İzle, müdahale etme. Yangın bu kareyi ağır yakmamış (düşük şiddet, dNBR 0,23).","Model bu rejimde tahmin üretmiyor. Kendi toparlanması bekleniyor, müdahale listesine alınmıyor. Eğim 30,6° ile yüksek; makineli çalışma sınırlı olabilir.",True
EGE_2021_04_006013,IZLE,,,,prediction_status=low_severity,"İzle, müdahale etme. Yangın bu kareyi ağır yakmamış (düşük şiddet, dNBR 0,23).","Model bu rejimde tahmin üretmiyor. Kendi toparlanması bekleniyor, müdahale listesine alınmıyor.",True
EGE_2021_04_006014,IZLE,,,,prediction_status=low_severity,"İzle, müdahale etme. Yangın bu kareyi ağır yakmamış (düşük şiddet, dNBR 0,21).","Model bu rejimde tahmin üretmiyor. Kendi toparlanması bekleniyor, müdahale listesine alınmıyor.",True
EGE_2021_04_006066,IZLE,,,,prediction_status=low_severity,"İzle, müdahale etme. Yangın bu kareyi ağır yakmamış (düşük şiddet, dNBR 0,23).","Model bu rejimde tahmin üretmiyor. Kendi toparlanması bekleniyor, müdahale listesine alınmıyor.",True
EGE_2021_04_006067,IZLE,,,,prediction_status=low_severity,"İzle, müdahale etme. Yangın bu kareyi ağır yakmamış (düşük şiddet, dNBR 0,18).","Model bu rejimde tahmin üretmiyor. Kendi toparlanması bekleniyor, müdahale listesine alınmıyor.",True
EGE_2021_04_006068,IZLE,,,,prediction_status=low_severity,"İzle, müdahale etme. Yangın bu kareyi ağır yakmamış (düşük şiddet, dNBR 0,19).","Model bu rejimde tahmin üretmiyor. Kendi toparlanması bekleniyor, müdahale listesine alınmıyor.",True
EGE_2021_04_006069,ONCELIGE_GORE,DIK_YAMAC|AGIR_YANMIS,0.4037,,toparlanma=0.40 0.35..0.50,Öncelik sırasına göre değerlendir. Kısmi toparlanma bekleniyor; müdahale kararı bütçeye ve sıraya bağlı.,"Modelin tahminine göre yangın öncesi örtünün %40 kadarı iki yılda geri gelecek. Ne kendi kapanacak kadar iyi ne de acil müdahale gerektirecek kadar kötü — öncelik skoru bu kareyi sıranın neresine koyduğuna bakın. Eğim 27,9° ile yüksek; makineli çalışma sınırlı olabilir. Yangın orta-yüksek şiddet sınıfında (dNBR 0,49); toprak yüzeyi büyük olasılıkla açıkta.",True
EGE_2021_04_006070,DIKIM_ADAYI,,0.316,"kızılçam, fıstıkçamı",toparlanma=0.32 <0.35,"Aktif dikim adayı. Doğal toparlanma zayıf kalıyor, eğim (24,4°) dikime elverişli.","Modelin tahminine göre yangın öncesi örtünün ancak %32 kadarı iki yılda geri gelecek — kendi başına kapanmayacak bir açık var. Yetişme ortamı: Ege kuşağı, 585 m, orta eğimli (10–25°). Bu koşullar için önerilen türler: kızılçam, fıstıkçamı. Tür önerisi sistemin çıkarımı değil, dışarıdan verilen tablodan okunmuştur. Tablo: ÖRNEK TABLO — OGM tür-yetişme ortamı rehberi ile değiştirilecek",True
EGE_2021_04_006071,DIKIM_ADAYI,,0.3472,"kızılçam, fıstıkçamı",toparlanma=0.35 <0.35,"Aktif dikim adayı. Doğal toparlanma zayıf kalıyor, eğim (17,2°) dikime elverişli.","Modelin tahminine göre yangın öncesi örtünün ancak %35 kadarı iki yılda geri gelecek — kendi başına kapanmayacak bir açık var. Yetişme ortamı: Ege kuşağı, 675 m, orta eğimli (10–25°). Bu koşullar için önerilen türler: kızılçam, fıstıkçamı. Tür önerisi sistemin çıkarımı değil, dışarıdan verilen tablodan okunmuştur. Tablo: ÖRNEK TABLO — OGM tür-yetişme ortamı rehberi ile değiştirilecek",True
EGE_2021_04_006072,IZLE,,,,prediction_status=low_severity,"İzle, müdahale etme. Yangın bu kareyi ağır yakmamış (düşük şiddet, dNBR 0,19).","Model bu rejimde tahmin üretmiyor. Kendi toparlanması bekleniyor, müdahale listesine alınmıyor.",True
EGE_2021_04_006073,IZLE,,,,prediction_status=low_severity,"İzle, müdahale etme. Yangın bu kareyi ağır yakmamış (düşük şiddet, dNBR 0,15).","Model bu rejimde tahmin üretmiyor. Kendi toparlanması bekleniyor, müdahale listesine alınmıyor.",True
EGE_2021_04_006074,GENCLESME_IZLE,,0.5019,,toparlanma=0.50 >=0.50,Doğal gençleşmeyi izle. Doğal toparlanma yeterli görünüyor.,Modelin tahminine göre yangın öncesi örtünün %50 kadarı iki yılda geri geliyor — bu yangınlarda ölçtüğümüz tipik toparlanmanın üstünde. Müdahale yerine izleme öneriliyor; kaynak daha zayıf karelere ayrılmalı.,True
EGE_2021_04_006075,ONCELIGE_GORE,,0.4468,,toparlanma=0.45 0.35..0.50,Öncelik sırasına göre değerlendir. Kısmi toparlanma bekleniyor; müdahale kararı bütçeye ve sıraya bağlı.,Modelin tahminine göre yangın öncesi örtünün %45 kadarı iki yılda geri gelecek. Ne kendi kapanacak kadar iyi ne de acil müdahale gerektirecek kadar kötü — öncelik skoru bu kareyi sıranın neresine koyduğuna bakın.,True
EGE_2021_04_006076,IZLE,,,,prediction_status=low_severity,"İzle, müdahale etme. Yangın bu kareyi ağır yakmamış (düşük şiddet, dNBR 0,14).","Model bu rejimde tahmin üretmiyor. Kendi toparlanması bekleniyor, müdahale listesine alınmıyor.",True
EGE_2021_04_006077,IZLE,,,,prediction_status=low_severity,"İzle, müdahale etme. Yangın bu kareyi ağır yakmamış (düşük şiddet, dNBR 0,17).","Model bu rejimde tahmin üretmiyor. Kendi toparlanması bekleniyor, müdahale listesine alınmıyor.",True
EGE_2021_04_006078,IZLE,,,,prediction_status=low_severity,"İzle, müdahale etme. Yangın bu kareyi ağır yakmamış (düşük şiddet, dNBR 0,14).","Model bu rejimde tahmin üretmiyor. Kendi toparlanması bekleniyor, müdahale listesine alınmıyor.",True
EGE_2021_04_006079,IZLE,,,,prediction_status=low_severity,"İzle, müdahale etme. Yangın bu kareyi ağır yakmamış (düşük şiddet, dNBR 0,15).","Model bu rejimde tahmin üretmiyor. Kendi toparlanması bekleniyor, müdahale listesine alınmıyor.",True
EGE_2021_04_006080,IZLE,,,,prediction_status=low_severity,"İzle, müdahale etme. Yangın bu kareyi ağır yakmamış (düşük şiddet, dNBR 0,18).","Model bu rejimde tahmin üretmiyor. Kendi toparlanması bekleniyor, müdahale listesine alınmıyor.",True
EGE_2021_04_006081,IZLE,,,,prediction_status=low_severity,"İzle, müdahale etme. Yangın bu kareyi ağır yakmamış (düşük şiddet, dNBR 0,24).","Model bu rejimde tahmin üretmiyor. Kendi toparlanması bekleniyor, müdahale listesine alınmıyor.",True
EGE_2021_04_006082,IZLE,DIK_YAMAC,,,prediction_status=low_severity,"İzle, müdahale etme. Yangın bu kareyi ağır yakmamış (düşük şiddet, dNBR 0,16).","Model bu rejimde tahmin üretmiyor. Kendi toparlanması bekleniyor, müdahale listesine alınmıyor. Eğim 28,4° ile yüksek; makineli çalışma sınırlı olabilir.",True
EGE_2021_04_006083,IZLE,DIK_YAMAC,,,prediction_status=low_severity,"İzle, müdahale etme. Yangın bu kareyi ağır yakmamış (düşük şiddet, dNBR 0,13).","Model bu rejimde tahmin üretmiyor. Kendi toparlanması bekleniyor, müdahale listesine alınmıyor. Eğim 41,8° ile yüksek; makineli çalışma sınırlı olabilir.",True
EGE_2021_04_006085,IZLE,DIK_YAMAC,,,prediction_status=low_severity,"İzle, müdahale etme. Yangın bu kareyi ağır yakmamış (düşük şiddet, dNBR 0,15).","Model bu rejimde tahmin üretmiyor. Kendi toparlanması bekleniyor, müdahale listesine alınmıyor. Eğim 28,8° ile yüksek; makineli çalışma sınırlı olabilir.",True
EGE_2021_04_006086,IZLE,ERISIM_ZOR|DIK_YAMAC,,,prediction_status=low_severity,"İzle, müdahale etme. Yangın bu kareyi ağır yakmamış (düşük şiddet, dNBR 0,21).","Model bu rejimde tahmin üretmiyor. Kendi toparlanması bekleniyor, müdahale listesine alınmıyor. En yakın yol 2,07 km — erişim ve lojistik bu karede belirleyici olacak. Eğim 33,5° ile yüksek; makineli çalışma sınırlı olabilir.",True
EGE_2021_04_006087,IZLE,ERISIM_ZOR|DIK_YAMAC,,,prediction_status=low_severity,"İzle, müdahale etme. Yangın bu kareyi ağır yakmamış (düşük şiddet, dNBR 0,22).","Model bu rejimde tahmin üretmiyor. Kendi toparlanması bekleniyor, müdahale listesine alınmıyor. En yakın yol 2,32 km — erişim ve lojistik bu karede belirleyici olacak. Eğim 37,2° ile yüksek; makineli çalışma sınırlı olabilir.",True
EGE_2021_04_006088,EROZYON_ONCE,ERISIM_ZOR|AGIR_YANMIS,0.2803,"karaçam, sedir",toparlanma=0.28 egim=30.8>=25 <0.35,"Önce erozyon kontrolü. Toparlanma tahmini zayıf ve eğim 30,8° — dikimden önce toprak tutma önlemi gerekiyor.","Modelin tahminine göre yangın öncesi örtünün ancak %28 kadarı iki yılda geri gelecek. Dik yamaçta çıplak toprak ilk sağanakta taşınır; stabilizasyon yapılmadan yapılan dikim de birlikte gider. En yakın yol 2,57 km — erişim ve lojistik bu karede belirleyici olacak. Yangın orta-yüksek şiddet sınıfında (dNBR 0,53); toprak yüzeyi büyük olasılıkla açıkta. Yetişme ortamı: Ege kuşağı, 1097 m, dik yamaç (25°+). Bu koşullar için önerilen türler: karaçam, sedir. Tür önerisi sistemin çıkarımı değil, dışarıdan verilen tablodan okunmuştur. Tablo: ÖRNEK TABLO — OGM tür-yetişme ortamı rehberi ile değiştirilecek",True
EGE_2021_04_006089,EROZYON_ONCE,ERISIM_ZOR|AGIR_YANMIS,0.2385,"karaçam, sedir",toparlanma=0.24 egim=29.3>=25 <0.35,"Önce erozyon kontrolü. Toparlanma tahmini zayıf ve eğim 29,3° — dikimden önce toprak tutma önlemi gerekiyor.","Modelin tahminine göre yangın öncesi örtünün ancak %24 kadarı iki yılda geri gelecek. Dik yamaçta çıplak toprak ilk sağanakta taşınır; stabilizasyon yapılmadan yapılan dikim de birlikte gider. En yakın yol 2,82 km — erişim ve lojistik bu karede belirleyici olacak. Yangın yüksek şiddet sınıfında (dNBR 0,95); toprak yüzeyi büyük olasılıkla açıkta. Yetişme ortamı: Ege kuşağı, 1004 m, dik yamaç (25°+). Bu koşullar için önerilen türler: karaçam, sedir. Tür önerisi sistemin çıkarımı değil, dışarıdan verilen tablodan okunmuştur. Tablo: ÖRNEK TABLO — OGM tür-yetişme ortamı rehberi ile değiştirilecek",True
EGE_2021_04_006090,DIKIM_ADAYI,ERISIM_ZOR|AGIR_YANMIS,0.2979,"karaçam, sedir",toparlanma=0.30 <0.35,"Aktif dikim adayı. Doğal toparlanma zayıf kalıyor, eğim (22,4°) dikime elverişli.","Modelin tahminine göre yangın öncesi örtünün ancak %30 kadarı iki yılda geri gelecek — kendi başına kapanmayacak bir açık var. En yakın yol 3,07 km — erişim ve lojistik bu karede belirleyici olacak. Yangın yüksek şiddet sınıfında (dNBR 0,83); toprak yüzeyi büyük olasılıkla açıkta. Yetişme ortamı: Ege kuşağı, 902 m, orta eğimli (10–25°). Bu koşullar için önerilen türler: karaçam, sedir. Tür önerisi sistemin çıkarımı değil, dışarıdan verilen tablodan okunmuştur. Tablo: ÖRNEK TABLO — OGM tür-yetişme ortamı rehberi ile değiştirilecek",True
EGE_2021_04_006091,DIKIM_ADAYI,ERISIM_ZOR|AGIR_YANMIS,0.3334,"karaçam, sedir",toparlanma=0.33 <0.35,"Aktif dikim adayı. Doğal toparlanma zayıf kalıyor, eğim (19,8°) dikime elverişli.","Modelin tahminine göre yangın öncesi örtünün ancak %33 kadarı iki yılda geri gelecek — kendi başına kapanmayacak bir açık var. En yakın yol 3,32 km — erişim ve lojistik bu karede belirleyici olacak. Yangın orta-yüksek şiddet sınıfında (dNBR 0,58); toprak yüzeyi büyük olasılıkla açıkta. Yetişme ortamı: Ege kuşağı, 825 m, orta eğimli (10–25°). Bu koşullar için önerilen türler: karaçam, sedir. Tür önerisi sistemin çıkarımı değil, dışarıdan verilen tablodan okunmuştur. Tablo: ÖRNEK TABLO — OGM tür-yetişme ortamı rehberi ile değiştirilecek",True
EGE_2021_04_006092,EROZYON_ONCE,ERISIM_ZOR|AGIR_YANMIS,0.3319,"kızılçam, fıstıkçamı",toparlanma=0.33 egim=26.2>=25 <0.35,"Önce erozyon kontrolü. Toparlanma tahmini zayıf ve eğim 26,2° — dikimden önce toprak tutma önlemi gerekiyor.","Modelin tahminine göre yangın öncesi örtünün ancak %33 kadarı iki yılda geri gelecek. Dik yamaçta çıplak toprak ilk sağanakta taşınır; stabilizasyon yapılmadan yapılan dikim de birlikte gider. En yakın yol 3,57 km — erişim ve lojistik bu karede belirleyici olacak. Yangın orta-yüksek şiddet sınıfında (dNBR 0,46); toprak yüzeyi büyük olasılıkla açıkta. Yetişme ortamı: Ege kuşağı, 728 m, dik yamaç (25°+). Bu koşullar için önerilen türler: kızılçam, fıstıkçamı. Tür önerisi sistemin çıkarımı değil, dışarıdan verilen tablodan okunmuştur. Tablo: ÖRNEK TABLO — OGM tür-yetişme ortamı rehberi ile değiştirilecek",True
EGE_2021_04_006093,EROZYON_ONCE,ERISIM_ZOR,0.2966,"kızılçam, fıstıkçamı",toparlanma=0.30 egim=27.8>=25 <0.35,"Önce erozyon kontrolü. Toparlanma tahmini zayıf ve eğim 27,8° — dikimden önce toprak tutma önlemi gerekiyor.","Modelin tahminine göre yangın öncesi örtünün ancak %30 kadarı iki yılda geri gelecek. Dik yamaçta çıplak toprak ilk sağanakta taşınır; stabilizasyon yapılmadan yapılan dikim de birlikte gider. En yakın yol 3,65 km — erişim ve lojistik bu karede belirleyici olacak. Yetişme ortamı: Ege kuşağı, 650 m, dik yamaç (25°+). Bu koşullar için önerilen türler: kızılçam, fıstıkçamı. Tür önerisi sistemin çıkarımı değil, dışarıdan verilen tablodan okunmuştur. Tablo: ÖRNEK TABLO — OGM tür-yetişme ortamı rehberi ile değiştirilecek",True
EGE_2021_04_006094,EROZYON_ONCE,ERISIM_ZOR,0.2799,"kızılçam, fıstıkçamı",toparlanma=0.28 egim=32.3>=25 <0.35,"Önce erozyon kontrolü. Toparlanma tahmini zayıf ve eğim 32,3° — dikimden önce toprak tutma önlemi gerekiyor.","Modelin tahminine göre yangın öncesi örtünün ancak %28 kadarı iki yılda geri gelecek. Dik yamaçta çıplak toprak ilk sağanakta taşınır; stabilizasyon yapılmadan yapılan dikim de birlikte gider. En yakın yol 3,41 km — erişim ve lojistik bu karede belirleyici olacak. Yetişme ortamı: Ege kuşağı, 575 m, dik yamaç (25°+). Bu koşullar için önerilen türler: kızılçam, fıstıkçamı. Tür önerisi sistemin çıkarımı değil, dışarıdan verilen tablodan okunmuştur. Tablo: ÖRNEK TABLO — OGM tür-yetişme ortamı rehberi ile değiştirilecek",True
EGE_2021_04_006095,DIKIM_ADAYI,ERISIM_ZOR,0.3361,"kızılçam, fıstıkçamı",toparlanma=0.34 <0.35,"Aktif dikim adayı. Doğal toparlanma zayıf kalıyor, eğim (19,7°) dikime elverişli.","Modelin tahminine göre yangın öncesi örtünün ancak %34 kadarı iki yılda geri gelecek — kendi başına kapanmayacak bir açık var. En yakın yol 3,18 km — erişim ve lojistik bu karede belirleyici olacak. Yetişme ortamı: Ege kuşağı, 480 m, orta eğimli (10–25°). Bu koşullar için önerilen türler: kızılçam, fıstıkçamı. Tür önerisi sistemin çıkarımı değil, dışarıdan verilen tablodan okunmuştur. Tablo: ÖRNEK TABLO — OGM tür-yetişme ortamı rehberi ile değiştirilecek",True
EGE_2021_04_006097,EROZYON_ONCE,ERISIM_ZOR,0.285,"kızılçam, fıstıkçamı",toparlanma=0.28 egim=31.3>=25 <0.35,"Önce erozyon kontrolü. Toparlanma tahmini zayıf ve eğim 31,3° — dikimden önce toprak tutma önlemi gerekiyor.","Modelin tahminine göre yangın öncesi örtünün ancak %28 kadarı iki yılda geri gelecek. Dik yamaçta çıplak toprak ilk sağanakta taşınır; stabilizasyon yapılmadan yapılan dikim de birlikte gider. En yakın yol 2,73 km — erişim ve lojistik bu karede belirleyici olacak. Yetişme ortamı: Ege kuşağı, 767 m, dik yamaç (25°+). Bu koşullar için önerilen türler: kızılçam, fıstıkçamı. Tür önerisi sistemin çıkarımı değil, dışarıdan verilen tablodan okunmuştur. Tablo: ÖRNEK TABLO — OGM tür-yetişme ortamı rehberi ile değiştirilecek",True
EGE_2021_04_006098,DIKIM_ADAYI,ERISIM_ZOR|AGIR_YANMIS,0.3362,"karaçam, sedir",toparlanma=0.34 <0.35,"Aktif dikim adayı. Doğal toparlanma zayıf kalıyor, eğim (16,8°) dikime elverişli.","Modelin tahminine göre yangın öncesi örtünün ancak %34 kadarı iki yılda geri gelecek — kendi başına kapanmayacak bir açık var. En yakın yol 2,51 km — erişim ve lojistik bu karede belirleyici olacak. Yangın orta-yüksek şiddet sınıfında (dNBR 0,51); toprak yüzeyi büyük olasılıkla açıkta. Yetişme ortamı: Ege kuşağı, 849 m, orta eğimli (10–25°). Bu koşullar için önerilen türler: karaçam, sedir. Tür önerisi sistemin çıkarımı değil, dışarıdan verilen tablodan okunmuştur. Tablo: ÖRNEK TABLO — OGM tür-yetişme ortamı rehberi ile değiştirilecek",True
EGE_2021_04_006099,DIKIM_ADAYI,ERISIM_ZOR|AGIR_YANMIS,0.2833,"karaçam, sedir",toparlanma=0.28 <0.35,"Aktif dikim adayı. Doğal toparlanma zayıf kalıyor, eğim (19,5°) dikime elverişli.","Modelin tahminine göre yangın öncesi örtünün ancak %28 kadarı iki yılda geri gelecek — kendi başına kapanmayacak bir açık var. En yakın yol 2,29 km — erişim ve lojistik bu karede belirleyici olacak. Yangın yüksek şiddet sınıfında (dNBR 0,75); toprak yüzeyi büyük olasılıkla açıkta. Yetişme ortamı: Ege kuşağı, 842 m, orta eğimli (10–25°). Bu koşullar için önerilen türler: karaçam, sedir. Tür önerisi sistemin çıkarımı değil, dışarıdan verilen tablodan okunmuştur. Tablo: ÖRNEK TABLO — OGM tür-yetişme ortamı rehberi ile değiştirilecek",True
EGE_2021_04_006100,EROZYON_ONCE,ERISIM_ZOR|AGIR_YANMIS,0.2219,"karaçam, sedir",toparlanma=0.22 egim=29.8>=25 <0.35,"Önce erozyon kontrolü. Toparlanma tahmini zayıf ve eğim 29,8° — dikimden önce toprak tutma önlemi gerekiyor.","Modelin tahminine göre yangın öncesi örtünün ancak %22 kadarı iki yılda geri gelecek. Dik yamaçta çıplak toprak ilk sağanakta taşınır; stabilizasyon yapılmadan yapılan dikim de birlikte gider. En yakın yol 2,08 km — erişim ve lojistik bu karede belirleyici olacak. Yangın yüksek şiddet sınıfında (dNBR 0,69); toprak yüzeyi büyük olasılıkla açıkta. Yetişme ortamı: Ege kuşağı, 878 m, dik yamaç (25°+). Bu koşullar için önerilen türler: karaçam, sedir. Tür önerisi sistemin çıkarımı değil, dışarıdan verilen tablodan okunmuştur. Tablo: ÖRNEK TABLO — OGM tür-yetişme ortamı rehberi ile değiştirilecek",True
EGE_2021_04_006101,EROZYON_ONCE,AGIR_YANMIS,0.2474,"karaçam, sedir",toparlanma=0.25 egim=29.1>=25 <0.35,"Önce erozyon kontrolü. Toparlanma tahmini zayıf ve eğim 29,1° — dikimden önce toprak tutma önlemi gerekiyor.","Modelin tahminine göre yangın öncesi örtünün ancak %25 kadarı iki yılda geri gelecek. Dik yamaçta çıplak toprak ilk sağanakta taşınır; stabilizasyon yapılmadan yapılan dikim de birlikte gider. Yangın orta-yüksek şiddet sınıfında (dNBR 0,57); toprak yüzeyi büyük olasılıkla açıkta. Yetişme ortamı: Ege kuşağı, 992 m, dik yamaç (25°+). Bu koşullar için önerilen türler: karaçam, sedir. Tür önerisi sistemin çıkarımı değil, dışarıdan verilen tablodan okunmuştur. Tablo: ÖRNEK TABLO — OGM tür-yetişme ortamı rehberi ile değiştirilecek",True
EGE_2021_04_006102,DIKIM_ADAYI,,0.349,"karaçam, sedir",toparlanma=0.35 <0.35,"Aktif dikim adayı. Doğal toparlanma zayıf kalıyor, eğim (14,9°) dikime elverişli.","Modelin tahminine göre yangın öncesi örtünün ancak %35 kadarı iki yılda geri gelecek — kendi başına kapanmayacak bir açık var. Yetişme ortamı: Ege kuşağı, 1031 m, orta eğimli (10–25°). Bu koşullar için önerilen türler: karaçam, sedir. Tür önerisi sistemin çıkarımı değil, dışarıdan verilen tablodan okunmuştur. Tablo: ÖRNEK TABLO — OGM tür-yetişme ortamı rehberi ile değiştirilecek",True
EGE_2021_04_006103,IZLE,DIK_YAMAC,,,prediction_status=low_severity,"İzle, müdahale etme. Yangın bu kareyi ağır yakmamış (düşük şiddet, dNBR 0,23).","Model bu rejimde tahmin üretmiyor. Kendi toparlanması bekleniyor, müdahale listesine alınmıyor. Eğim 27,5° ile yüksek; makineli çalışma sınırlı olabilir.",True
EGE_2021_04_006104,IZLE,DIK_YAMAC,,,prediction_status=low_severity,"İzle, müdahale etme. Yangın bu kareyi ağır yakmamış (düşük şiddet, dNBR 0,21).","Model bu rejimde tahmin üretmiyor. Kendi toparlanması bekleniyor, müdahale listesine alınmıyor. Eğim 26,7° ile yüksek; makineli çalışma sınırlı olabilir.",True
EGE_2021_04_006105,IZLE,DIK_YAMAC,,,prediction_status=low_severity,"İzle, müdahale etme. Yangın bu kareyi ağır yakmamış (düşük şiddet, dNBR 0,23).","Model bu rejimde tahmin üretmiyor. Kendi toparlanması bekleniyor, müdahale listesine alınmıyor. Eğim 33,0° ile yüksek; makineli çalışma sınırlı olabilir.",True
EGE_2021_04_006106,IZLE,DIK_YAMAC,,,prediction_status=low_severity,"İzle, müdahale etme. Yangın bu kareyi ağır yakmamış (düşük şiddet, dNBR 0,26).","Model bu rejimde tahmin üretmiyor. Kendi toparlanması bekleniyor, müdahale listesine alınmıyor. Eğim 31,0° ile yüksek; makineli çalışma sınırlı olabilir.",True
EGE_2021_04_006107,IZLE,DIK_YAMAC,,,prediction_status=low_severity,"İzle, müdahale etme. Yangın bu kareyi ağır yakmamış (orta-düşük şiddet, dNBR 0,37).","Model bu rejimde tahmin üretmiyor. Kendi toparlanması bekleniyor, müdahale listesine alınmıyor. Eğim 26,2° ile yüksek; makineli çalışma sınırlı olabilir.",True
EGE_2021_04_006108,DIKIM_ADAYI,,0.2932,"kızılçam, fıstıkçamı",toparlanma=0.29 <0.35,"Aktif dikim adayı. Doğal toparlanma zayıf kalıyor, eğim (22,6°) dikime elverişli.","Modelin tahminine göre yangın öncesi örtünün ancak %29 kadarı iki yılda geri gelecek — kendi başına kapanmayacak bir açık var. Yetişme ortamı: Ege kuşağı, 667 m, orta eğimli (10–25°). Bu koşullar için önerilen türler: kızılçam, fıstıkçamı. Tür önerisi sistemin çıkarımı değil, dışarıdan verilen tablodan okunmuştur. Tablo: ÖRNEK TABLO — OGM tür-yetişme ortamı rehberi ile değiştirilecek",True
EGE_2021_04_006109,IZLE,,,,prediction_status=low_severity,"İzle, müdahale etme. Yangın bu kareyi ağır yakmamış (düşük şiddet, dNBR 0,21).","Model bu rejimde tahmin üretmiyor. Kendi toparlanması bekleniyor, müdahale listesine alınmıyor.",True
EGE_2021_04_006110,IZLE,,,,prediction_status=low_severity,"İzle, müdahale etme. Yangın bu kareyi ağır yakmamış (düşük şiddet, dNBR 0,22).","Model bu rejimde tahmin üretmiyor. Kendi toparlanması bekleniyor, müdahale listesine alınmıyor.",True
EGE_2021_04_006111,IZLE,,,,prediction_status=low_severity,"İzle, müdahale etme. Yangın bu kareyi ağır yakmamış (düşük şiddet, dNBR 0,26).","Model bu rejimde tahmin üretmiyor. Kendi toparlanması bekleniyor, müdahale listesine alınmıyor.",True
EGE_2021_04_006112,IZLE,,,,prediction_status=low_severity,"İzle, müdahale etme. Yangın bu kareyi ağır yakmamış (düşük şiddet, dNBR 0,13).","Model bu rejimde tahmin üretmiyor. Kendi toparlanması bekleniyor, müdahale listesine alınmıyor.",True
EGE_2021_04_006117,IZLE,DIK_YAMAC,,,prediction_status=low_severity,"İzle, müdahale etme. Yangın bu kareyi ağır yakmamış (düşük şiddet, dNBR 0,17).","Model bu rejimde tahmin üretmiyor. Kendi toparlanması bekleniyor, müdahale listesine alınmıyor. Eğim 27,2° ile yüksek; makineli çalışma sınırlı olabilir.",True
EGE_2021_04_006176,GENCLESME_IZLE,,0.5544,,toparlanma=0.55 >=0.50,Doğal gençleşmeyi izle. Doğal toparlanma yeterli görünüyor.,Modelin tahminine göre yangın öncesi örtünün %55 kadarı iki yılda geri geliyor — bu yangınlarda ölçtüğümüz tipik toparlanmanın üstünde. Müdahale yerine izleme öneriliyor; kaynak daha zayıf karelere ayrılmalı.,True
EGE_2021_04_006177,ONCELIGE_GORE,AGIR_YANMIS,0.4002,,toparlanma=0.40 0.35..0.50,Öncelik sırasına göre değerlendir. Kısmi toparlanma bekleniyor; müdahale kararı bütçeye ve sıraya bağlı.,"Modelin tahminine göre yangın öncesi örtünün %40 kadarı iki yılda geri gelecek. Ne kendi kapanacak kadar iyi ne de acil müdahale gerektirecek kadar kötü — öncelik skoru bu kareyi sıranın neresine koyduğuna bakın. Yangın orta-yüksek şiddet sınıfında (dNBR 0,56); toprak yüzeyi büyük olasılıkla açıkta.",True
EGE_2021_04_006178,DIKIM_ADAYI,,0.3365,"kızılçam, fıstıkçamı",toparlanma=0.34 <0.35,"Aktif dikim adayı. Doğal toparlanma zayıf kalıyor, eğim (22,6°) dikime elverişli.","Modelin tahminine göre yangın öncesi örtünün ancak %34 kadarı iki yılda geri gelecek — kendi başına kapanmayacak bir açık var. Yetişme ortamı: Ege kuşağı, 555 m, orta eğimli (10–25°). Bu koşullar için önerilen türler: kızılçam, fıstıkçamı. Tür önerisi sistemin çıkarımı değil, dışarıdan verilen tablodan okunmuştur. Tablo: ÖRNEK TABLO — OGM tür-yetişme ortamı rehberi ile değiştirilecek",True
EGE_2021_04_006179,IZLE,DIK_YAMAC,,,prediction_status=low_severity,"İzle, müdahale etme. Yangın bu kareyi ağır yakmamış (düşük şiddet, dNBR 0,22).","Model bu rejimde tahmin üretmiyor. Kendi toparlanması bekleniyor, müdahale listesine alınmıyor. Eğim 26,7° ile yüksek; makineli çalışma sınırlı olabilir.",True
EGE_2021_04_006182,IZLE,,,,prediction_status=low_severity,"İzle, müdahale etme. Yangın bu kareyi ağır yakmamış (düşük şiddet, dNBR 0,21).","Model bu rejimde tahmin üretmiyor. Kendi toparlanması bekleniyor, müdahale listesine alınmıyor.",True
EGE_2021_04_006183,ONCELIGE_GORE,,0.4247,,toparlanma=0.42 0.35..0.50,Öncelik sırasına göre değerlendir. Kısmi toparlanma bekleniyor; müdahale kararı bütçeye ve sıraya bağlı.,Modelin tahminine göre yangın öncesi örtünün %42 kadarı iki yılda geri gelecek. Ne kendi kapanacak kadar iyi ne de acil müdahale gerektirecek kadar kötü — öncelik skoru bu kareyi sıranın neresine koyduğuna bakın.,True
EGE_2021_04_006184,DIKIM_ADAYI,,0.332,"karaçam, sedir",toparlanma=0.33 <0.35,"Aktif dikim adayı. Doğal toparlanma zayıf kalıyor, eğim (18,8°) dikime elverişli.","Modelin tahminine göre yangın öncesi örtünün ancak %33 kadarı iki yılda geri gelecek — kendi başına kapanmayacak bir açık var. Yetişme ortamı: Ege kuşağı, 900 m, orta eğimli (10–25°). Bu koşullar için önerilen türler: karaçam, sedir. Tür önerisi sistemin çıkarımı değil, dışarıdan verilen tablodan okunmuştur. Tablo: ÖRNEK TABLO — OGM tür-yetişme ortamı rehberi ile değiştirilecek",True
EGE_2021_04_006185,IZLE,,,,prediction_status=low_severity,"İzle, müdahale etme. Yangın bu kareyi ağır yakmamış (düşük şiddet, dNBR 0,17).","Model bu rejimde tahmin üretmiyor. Kendi toparlanması bekleniyor, müdahale listesine alınmıyor.",True
EGE_2021_04_006192,IZLE,,,,prediction_status=low_severity,"İzle, müdahale etme. Yangın bu kareyi ağır yakmamış (düşük şiddet, dNBR 0,11).","Model bu rejimde tahmin üretmiyor. Kendi toparlanması bekleniyor, müdahale listesine alınmıyor.",True
EGE_2021_04_006193,IZLE,DIK_YAMAC,,,prediction_status=low_severity,"İzle, müdahale etme. Yangın bu kareyi ağır yakmamış (düşük şiddet, dNBR 0,25).","Model bu rejimde tahmin üretmiyor. Kendi toparlanması bekleniyor, müdahale listesine alınmıyor. Eğim 25,4° ile yüksek; makineli çalışma sınırlı olabilir.",True
EGE_2021_04_006194,EROZYON_ONCE,ERISIM_ZOR|AGIR_YANMIS,0.3275,"kızılçam, fıstıkçamı",toparlanma=0.33 egim=28.3>=25 <0.35,"Önce erozyon kontrolü. Toparlanma tahmini zayıf ve eğim 28,3° — dikimden önce toprak tutma önlemi gerekiyor.","Modelin tahminine göre yangın öncesi örtünün ancak %33 kadarı iki yılda geri gelecek. Dik yamaçta çıplak toprak ilk sağanakta taşınır; stabilizasyon yapılmadan yapılan dikim de birlikte gider. En yakın yol 2,10 km — erişim ve lojistik bu karede belirleyici olacak. Yangın orta-yüksek şiddet sınıfında (dNBR 0,56); toprak yüzeyi büyük olasılıkla açıkta. Yetişme ortamı: Ege kuşağı, 799 m, dik yamaç (25°+). Bu koşullar için önerilen türler: kızılçam, fıstıkçamı. Tür önerisi sistemin çıkarımı değil, dışarıdan verilen tablodan okunmuştur. Tablo: ÖRNEK TABLO — OGM tür-yetişme ortamı rehberi ile değiştirilecek",True
EGE_2021_04_006195,EROZYON_ONCE,ERISIM_ZOR|AGIR_YANMIS,0.3057,"karaçam, sedir",toparlanma=0.31 egim=28.1>=25 <0.35,"Önce erozyon kontrolü. Toparlanma tahmini zayıf ve eğim 28,1° — dikimden önce toprak tutma önlemi gerekiyor.","Modelin tahminine göre yangın öncesi örtünün ancak %31 kadarı iki yılda geri gelecek. Dik yamaçta çıplak toprak ilk sağanakta taşınır; stabilizasyon yapılmadan yapılan dikim de birlikte gider. En yakın yol 2,35 km — erişim ve lojistik bu karede belirleyici olacak. Yangın orta-yüksek şiddet sınıfında (dNBR 0,57); toprak yüzeyi büyük olasılıkla açıkta. Yetişme ortamı: Ege kuşağı, 893 m, dik yamaç (25°+). Bu koşullar için önerilen türler: karaçam, sedir. Tür önerisi sistemin çıkarımı değil, dışarıdan verilen tablodan okunmuştur. Tablo: ÖRNEK TABLO — OGM tür-yetişme ortamı rehberi ile değiştirilecek",True
EGE_2021_04_006196,EROZYON_ONCE,ERISIM_ZOR|AGIR_YANMIS,0.2878,"karaçam, sedir",toparlanma=0.29 egim=27.6>=25 <0.35,"Önce erozyon kontrolü. Toparlanma tahmini zayıf ve eğim 27,6° — dikimden önce toprak tutma önlemi gerekiyor.","Modelin tahminine göre yangın öncesi örtünün ancak %29 kadarı iki yılda geri gelecek. Dik yamaçta çıplak toprak ilk sağanakta taşınır; stabilizasyon yapılmadan yapılan dikim de birlikte gider. En yakın yol 2,59 km — erişim ve lojistik bu karede belirleyici olacak. Yangın yüksek şiddet sınıfında (dNBR 0,79); toprak yüzeyi büyük olasılıkla açıkta. Yetişme ortamı: Ege kuşağı, 967 m, dik yamaç (25°+). Bu koşullar için önerilen türler: karaçam, sedir. Tür önerisi sistemin çıkarımı değil, dışarıdan verilen tablodan okunmuştur. Tablo: ÖRNEK TABLO — OGM tür-yetişme ortamı rehberi ile değiştirilecek",True
EGE_2021_04_006197,DIKIM_ADAYI,ERISIM_ZOR|AGIR_YANMIS,0.3084,"karaçam, sedir",toparlanma=0.31 <0.35,"Aktif dikim adayı. Doğal toparlanma zayıf kalıyor, eğim (23,8°) dikime elverişli.","Modelin tahminine göre yangın öncesi örtünün ancak %31 kadarı iki yılda geri gelecek — kendi başına kapanmayacak bir açık var. En yakın yol 2,84 km — erişim ve lojistik bu karede belirleyici olacak. Yangın yüksek şiddet sınıfında (dNBR 0,76); toprak yüzeyi büyük olasılıkla açıkta. Yetişme ortamı: Ege kuşağı, 928 m, orta eğimli (10–25°). Bu koşullar için önerilen türler: karaçam, sedir. Tür önerisi sistemin çıkarımı değil, dışarıdan verilen tablodan okunmuştur. Tablo: ÖRNEK TABLO — OGM tür-yetişme ortamı rehberi ile değiştirilecek",True
EGE_2021_04_006198,DIKIM_ADAYI,ERISIM_ZOR|AGIR_YANMIS,0.3385,"karaçam, sedir",toparlanma=0.34 <0.35,"Aktif dikim adayı. Doğal toparlanma zayıf kalıyor, eğim (20,2°) dikime elverişli.","Modelin tahminine göre yangın öncesi örtünün ancak %34 kadarı iki yılda geri gelecek — kendi başına kapanmayacak bir açık var. En yakın yol 3,09 km — erişim ve lojistik bu karede belirleyici olacak. Yangın orta-yüksek şiddet sınıfında (dNBR 0,60); toprak yüzeyi büyük olasılıkla açıkta. Yetişme ortamı: Ege kuşağı, 844 m, orta eğimli (10–25°). Bu koşullar için önerilen türler: karaçam, sedir. Tür önerisi sistemin çıkarımı değil, dışarıdan verilen tablodan okunmuştur. Tablo: ÖRNEK TABLO — OGM tür-yetişme ortamı rehberi ile değiştirilecek",True
EGE_2021_04_006199,DIKIM_ADAYI,ERISIM_ZOR,0.3398,"kızılçam, fıstıkçamı",toparlanma=0.34 <0.35,"Aktif dikim adayı. Doğal toparlanma zayıf kalıyor, eğim (20,3°) dikime elverişli.","Modelin tahminine göre yangın öncesi örtünün ancak %34 kadarı iki yılda geri gelecek — kendi başına kapanmayacak bir açık var. En yakın yol 3,34 km — erişim ve lojistik bu karede belirleyici olacak. Yetişme ortamı: Ege kuşağı, 787 m, orta eğimli (10–25°). Bu koşullar için önerilen türler: kızılçam, fıstıkçamı. Tür önerisi sistemin çıkarımı değil, dışarıdan verilen tablodan okunmuştur. Tablo: ÖRNEK TABLO — OGM tür-yetişme ortamı rehberi ile değiştirilecek",True
EGE_2021_04_006200,DIKIM_ADAYI,ERISIM_ZOR|AGIR_YANMIS,0.3324,"kızılçam, fıstıkçamı",toparlanma=0.33 <0.35,"Aktif dikim adayı. Doğal toparlanma zayıf kalıyor, eğim (22,6°) dikime elverişli.","Modelin tahminine göre yangın öncesi örtünün ancak %33 kadarı iki yılda geri gelecek — kendi başına kapanmayacak bir açık var. En yakın yol 3,59 km — erişim ve lojistik bu karede belirleyici olacak. Yangın orta-yüksek şiddet sınıfında (dNBR 0,53); toprak yüzeyi büyük olasılıkla açıkta. Yetişme ortamı: Ege kuşağı, 765 m, orta eğimli (10–25°). Bu koşullar için önerilen türler: kızılçam, fıstıkçamı. Tür önerisi sistemin çıkarımı değil, dışarıdan verilen tablodan okunmuştur. Tablo: ÖRNEK TABLO — OGM tür-yetişme ortamı rehberi ile değiştirilecek",True
EGE_2021_04_006201,EROZYON_ONCE,ERISIM_ZOR,0.3275,"kızılçam, fıstıkçamı",toparlanma=0.33 egim=30.3>=25 <0.35,"Önce erozyon kontrolü. Toparlanma tahmini zayıf ve eğim 30,3° — dikimden önce toprak tutma önlemi gerekiyor.","Modelin tahminine göre yangın öncesi örtünün ancak %33 kadarı iki yılda geri gelecek. Dik yamaçta çıplak toprak ilk sağanakta taşınır; stabilizasyon yapılmadan yapılan dikim de birlikte gider. En yakın yol 3,57 km — erişim ve lojistik bu karede belirleyici olacak. Yetişme ortamı: Ege kuşağı, 693 m, dik yamaç (25°+). Bu koşullar için önerilen türler: kızılçam, fıstıkçamı. Tür önerisi sistemin çıkarımı değil, dışarıdan verilen tablodan okunmuştur. Tablo: ÖRNEK TABLO — OGM tür-yetişme ortamı rehberi ile değiştirilecek",True
EGE_2021_04_006202,EROZYON_ONCE,ERISIM_ZOR,0.3134,"kızılçam, fıstıkçamı",toparlanma=0.31 egim=30.8>=25 <0.35,"Önce erozyon kontrolü. Toparlanma tahmini zayıf ve eğim 30,8° — dikimden önce toprak tutma önlemi gerekiyor.","Modelin tahminine göre yangın öncesi örtünün ancak %31 kadarı iki yılda geri gelecek. Dik yamaçta çıplak toprak ilk sağanakta taşınır; stabilizasyon yapılmadan yapılan dikim de birlikte gider. En yakın yol 3,33 km — erişim ve lojistik bu karede belirleyici olacak. Yetişme ortamı: Ege kuşağı, 533 m, dik yamaç (25°+). Bu koşullar için önerilen türler: kızılçam, fıstıkçamı. Tür önerisi sistemin çıkarımı değil, dışarıdan verilen tablodan okunmuştur. Tablo: ÖRNEK TABLO — OGM tür-yetişme ortamı rehberi ile değiştirilecek",True
EGE_2021_04_006203,IZLE,ERISIM_ZOR,,,prediction_status=low_severity,"İzle, müdahale etme. Yangın bu kareyi ağır yakmamış (düşük şiddet, dNBR 0,25).","Model bu rejimde tahmin üretmiyor. Kendi toparlanması bekleniyor, müdahale listesine alınmıyor. En yakın yol 3,09 km — erişim ve lojistik bu karede belirleyici olacak.",True
EGE_2021_04_006204,EROZYON_ONCE,ERISIM_ZOR,0.159,"kızılçam, fıstıkçamı",toparlanma=0.16 egim=33.7>=25 <0.35,"Önce erozyon kontrolü. Toparlanma tahmini zayıf ve eğim 33,7° — dikimden önce toprak tutma önlemi gerekiyor.","Modelin tahminine göre yangın öncesi örtünün ancak %16 kadarı iki yılda geri gelecek. Dik yamaçta çıplak toprak ilk sağanakta taşınır; stabilizasyon yapılmadan yapılan dikim de birlikte gider. En yakın yol 2,86 km — erişim ve lojistik bu karede belirleyici olacak. Yetişme ortamı: Ege kuşağı, 639 m, dik yamaç (25°+). Bu koşullar için önerilen türler: kızılçam, fıstıkçamı. Tür önerisi sistemin çıkarımı değil, dışarıdan verilen tablodan okunmuştur. Tablo: ÖRNEK TABLO — OGM tür-yetişme ortamı rehberi ile değiştirilecek",True
EGE_2021_04_006205,DIKIM_ADAYI,ERISIM_ZOR,0.3205,"kızılçam, fıstıkçamı",toparlanma=0.32 <0.35,"Aktif dikim adayı. Doğal toparlanma zayıf kalıyor, eğim (17,2°) dikime elverişli.","Modelin tahminine göre yangın öncesi örtünün ancak %32 kadarı iki yılda geri gelecek — kendi başına kapanmayacak bir açık var. En yakın yol 2,62 km — erişim ve lojistik bu karede belirleyici olacak. Yetişme ortamı: Ege kuşağı, 748 m, orta eğimli (10–25°). Bu koşullar için önerilen türler: kızılçam, fıstıkçamı. Tür önerisi sistemin çıkarımı değil, dışarıdan verilen tablodan okunmuştur. Tablo: ÖRNEK TABLO — OGM tür-yetişme ortamı rehberi ile değiştirilecek",True
EGE_2021_04_006206,DIKIM_ADAYI,ERISIM_ZOR|AGIR_YANMIS,0.3246,"kızılçam, fıstıkçamı",toparlanma=0.32 <0.35,"Aktif dikim adayı. Doğal toparlanma zayıf kalıyor, eğim (15,9°) dikime elverişli.","Modelin tahminine göre yangın öncesi örtünün ancak %32 kadarı iki yılda geri gelecek — kendi başına kapanmayacak bir açık var. En yakın yol 2,39 km — erişim ve lojistik bu karede belirleyici olacak. Yangın orta-yüksek şiddet sınıfında (dNBR 0,49); toprak yüzeyi büyük olasılıkla açıkta. Yetişme ortamı: Ege kuşağı, 777 m, orta eğimli (10–25°). Bu koşullar için önerilen türler: kızılçam, fıstıkçamı. Tür önerisi sistemin çıkarımı değil, dışarıdan verilen tablodan okunmuştur. Tablo: ÖRNEK TABLO — OGM tür-yetişme ortamı rehberi ile değiştirilecek",True
EGE_2021_04_006207,DIKIM_ADAYI,ERISIM_ZOR|AGIR_YANMIS,0.2963,"kızılçam, fıstıkçamı",toparlanma=0.30 <0.35,"Aktif dikim adayı. Doğal toparlanma zayıf kalıyor, eğim (21,3°) dikime elverişli.","Modelin tahminine göre yangın öncesi örtünün ancak %30 kadarı iki yılda geri gelecek — kendi başına kapanmayacak bir açık var. En yakın yol 2,17 km — erişim ve lojistik bu karede belirleyici olacak. Yangın yüksek şiddet sınıfında (dNBR 0,68); toprak yüzeyi büyük olasılıkla açıkta. Yetişme ortamı: Ege kuşağı, 742 m, orta eğimli (10–25°). Bu koşullar için önerilen türler: kızılçam, fıstıkçamı. Tür önerisi sistemin çıkarımı değil, dışarıdan verilen tablodan okunmuştur. Tablo: ÖRNEK TABLO — OGM tür-yetişme ortamı rehberi ile değiştirilecek",True
EGE_2021_04_006208,EROZYON_ONCE,AGIR_YANMIS,0.285,"kızılçam, fıstıkçamı",toparlanma=0.29 egim=25.2>=25 <0.35,"Önce erozyon kontrolü. Toparlanma tahmini zayıf ve eğim 25,2° — dikimden önce toprak tutma önlemi gerekiyor.","Modelin tahminine göre yangın öncesi örtünün ancak %29 kadarı iki yılda geri gelecek. Dik yamaçta çıplak toprak ilk sağanakta taşınır; stabilizasyon yapılmadan yapılan dikim de birlikte gider. Yangın orta-yüksek şiddet sınıfında (dNBR 0,60); toprak yüzeyi büyük olasılıkla açıkta. Yetişme ortamı: Ege kuşağı, 780 m, dik yamaç (25°+). Bu koşullar için önerilen türler: kızılçam, fıstıkçamı. Tür önerisi sistemin çıkarımı değil, dışarıdan verilen tablodan okunmuştur. Tablo: ÖRNEK TABLO — OGM tür-yetişme ortamı rehberi ile değiştirilecek",True
EGE_2021_04_006209,EROZYON_ONCE,AGIR_YANMIS,0.2403,"karaçam, sedir",toparlanma=0.24 egim=33.5>=25 <0.35,"Önce erozyon kontrolü. Toparlanma tahmini zayıf ve eğim 33,5° — dikimden önce toprak tutma önlemi gerekiyor.","Modelin tahminine göre yangın öncesi örtünün ancak %24 kadarı iki yılda geri gelecek. Dik yamaçta çıplak toprak ilk sağanakta taşınır; stabilizasyon yapılmadan yapılan dikim de birlikte gider. Yangın orta-yüksek şiddet sınıfında (dNBR 0,55); toprak yüzeyi büyük olasılıkla açıkta. Yetişme ortamı: Ege kuşağı, 901 m, dik yamaç (25°+). Bu koşullar için önerilen türler: karaçam, sedir. Tür önerisi sistemin çıkarımı değil, dışarıdan verilen tablodan okunmuştur. Tablo: ÖRNEK TABLO — OGM tür-yetişme ortamı rehberi ile değiştirilecek",True
EGE_2021_04_006210,IZLE,DIK_YAMAC,,,prediction_status=low_severity,"İzle, müdahale etme. Yangın bu kareyi ağır yakmamış (düşük şiddet, dNBR 0,26).","Model bu rejimde tahmin üretmiyor. Kendi toparlanması bekleniyor, müdahale listesine alınmıyor. Eğim 26,2° ile yüksek; makineli çalışma sınırlı olabilir.",True
EGE_2021_04_006211,IZLE,DIK_YAMAC,,,prediction_status=low_severity,"İzle, müdahale etme. Yangın bu kareyi ağır yakmamış (düşük şiddet, dNBR 0,19).","Model bu rejimde tahmin üretmiyor. Kendi toparlanması bekleniyor, müdahale listesine alınmıyor. Eğim 28,9° ile yüksek; makineli çalışma sınırlı olabilir.",True
EGE_2021_04_006212,IZLE,DIK_YAMAC,,,prediction_status=low_severity,"İzle, müdahale etme. Yangın bu kareyi ağır yakmamış (düşük şiddet, dNBR 0,21).","Model bu rejimde tahmin üretmiyor. Kendi toparlanması bekleniyor, müdahale listesine alınmıyor. Eğim 25,3° ile yüksek; makineli çalışma sınırlı olabilir.",True
EGE_2021_04_006213,IZLE,SEYREK_ORTU,,,prediction_status=low_severity,"İzle, müdahale etme. Yangın bu kareyi ağır yakmamış (orta-düşük şiddet, dNBR 0,35).","Model bu rejimde tahmin üretmiyor. Kendi toparlanması bekleniyor, müdahale listesine alınmıyor. Yangın öncesi ağaç örtüsü zaten seyrekti (%21) — buradaki açığın tamamı yangından kaynaklanmıyor olabilir.",True
EGE_2021_04_006214,DIKIM_ADAYI,SEYREK_ORTU,0.2335,"kızılçam, fıstıkçamı",toparlanma=0.23 <0.35,"Aktif dikim adayı. Doğal toparlanma zayıf kalıyor, eğim (21,6°) dikime elverişli.","Modelin tahminine göre yangın öncesi örtünün ancak %23 kadarı iki yılda geri gelecek — kendi başına kapanmayacak bir açık var. Yangın öncesi ağaç örtüsü zaten seyrekti (%18) — buradaki açığın tamamı yangından kaynaklanmıyor olabilir. Yetişme ortamı: Ege kuşağı, 685 m, orta eğimli (10–25°). Bu koşullar için önerilen türler: kızılçam, fıstıkçamı. Tür önerisi sistemin çıkarımı değil, dışarıdan verilen tablodan okunmuştur. Tablo: ÖRNEK TABLO — OGM tür-yetişme ortamı rehberi ile değiştirilecek",True
EGE_2021_04_006215,DIKIM_ADAYI,,0.2918,"kızılçam, fıstıkçamı",toparlanma=0.29 <0.35,"Aktif dikim adayı. Doğal toparlanma zayıf kalıyor, eğim (20,4°) dikime elverişli.","Modelin tahminine göre yangın öncesi örtünün ancak %29 kadarı iki yılda geri gelecek — kendi başına kapanmayacak bir açık var. Yetişme ortamı: Ege kuşağı, 650 m, orta eğimli (10–25°). Bu koşullar için önerilen türler: kızılçam, fıstıkçamı. Tür önerisi sistemin çıkarımı değil, dışarıdan verilen tablodan okunmuştur. Tablo: ÖRNEK TABLO — OGM tür-yetişme ortamı rehberi ile değiştirilecek",True
EGE_2021_04_006216,IZLE,SEYREK_ORTU,,,prediction_status=low_severity,"İzle, müdahale etme. Yangın bu kareyi ağır yakmamış (orta-düşük şiddet, dNBR 0,31).","Model bu rejimde tahmin üretmiyor. Kendi toparlanması bekleniyor, müdahale listesine alınmıyor. Yangın öncesi ağaç örtüsü zaten seyrekti (%20) — buradaki açığın tamamı yangından kaynaklanmıyor olabilir.",True
EGE_2021_04_006217,IZLE,,,,prediction_status=low_severity,"İzle, müdahale etme. Yangın bu kareyi ağır yakmamış (düşük şiddet, dNBR 0,22).","Model bu rejimde tahmin üretmiyor. Kendi toparlanması bekleniyor, müdahale listesine alınmıyor.",True
EGE_2021_04_006218,IZLE,,,,prediction_status=low_severity,"İzle, müdahale etme. Yangın bu kareyi ağır yakmamış (düşük şiddet, dNBR 0,12).","Model bu rejimde tahmin üretmiyor. Kendi toparlanması bekleniyor, müdahale listesine alınmıyor.",True
EGE_2021_04_006219,IZLE,,,,prediction_status=low_severity,"İzle, müdahale etme. Yangın bu kareyi ağır yakmamış (düşük şiddet, dNBR 0,15).","Model bu rejimde tahmin üretmiyor. Kendi toparlanması bekleniyor, müdahale listesine alınmıyor.",True
EGE_2021_04_006284,IZLE,,,,prediction_status=low_severity,"İzle, müdahale etme. Yangın bu kareyi ağır yakmamış (düşük şiddet, dNBR 0,13).","Model bu rejimde tahmin üretmiyor. Kendi toparlanması bekleniyor, müdahale listesine alınmıyor.",True
EGE_2021_04_006290,IZLE,,,,prediction_status=low_severity,"İzle, müdahale etme. Yangın bu kareyi ağır yakmamış (düşük şiddet, dNBR 0,16).","Model bu rejimde tahmin üretmiyor. Kendi toparlanması bekleniyor, müdahale listesine alınmıyor.",True
EGE_2021_04_006291,IZLE,,,,prediction_status=low_severity,"İzle, müdahale etme. Yangın bu kareyi ağır yakmamış (düşük şiddet, dNBR 0,18).","Model bu rejimde tahmin üretmiyor. Kendi toparlanması bekleniyor, müdahale listesine alınmıyor.",True
EGE_2021_04_006301,GENCLESME_IZLE,,0.5202,,toparlanma=0.52 >=0.50,Doğal gençleşmeyi izle. Doğal toparlanma yeterli görünüyor.,Modelin tahminine göre yangın öncesi örtünün %52 kadarı iki yılda geri geliyor — bu yangınlarda ölçtüğümüz tipik toparlanmanın üstünde. Müdahale yerine izleme öneriliyor; kaynak daha zayıf karelere ayrılmalı.,True
EGE_2021_04_006302,DIKIM_ADAYI,ERISIM_ZOR|AGIR_YANMIS,0.3488,"kızılçam, fıstıkçamı",toparlanma=0.35 <0.35,"Aktif dikim adayı. Doğal toparlanma zayıf kalıyor, eğim (23,5°) dikime elverişli.","Modelin tahminine göre yangın öncesi örtünün ancak %35 kadarı iki yılda geri gelecek — kendi başına kapanmayacak bir açık var. En yakın yol 2,15 km — erişim ve lojistik bu karede belirleyici olacak. Yangın orta-yüksek şiddet sınıfında (dNBR 0,47); toprak yüzeyi büyük olasılıkla açıkta. Yetişme ortamı: Ege kuşağı, 728 m, orta eğimli (10–25°). Bu koşullar için önerilen türler: kızılçam, fıstıkçamı. Tür önerisi sistemin çıkarımı değil, dışarıdan verilen tablodan okunmuştur. Tablo: ÖRNEK TABLO — OGM tür-yetişme ortamı rehberi ile değiştirilecek",True
EGE_2021_04_006303,ONCELIGE_GORE,ERISIM_ZOR|AGIR_YANMIS,0.3593,,toparlanma=0.36 0.35..0.50,Öncelik sırasına göre değerlendir. Kısmi toparlanma bekleniyor; müdahale kararı bütçeye ve sıraya bağlı.,"Modelin tahminine göre yangın öncesi örtünün %36 kadarı iki yılda geri gelecek. Ne kendi kapanacak kadar iyi ne de acil müdahale gerektirecek kadar kötü — öncelik skoru bu kareyi sıranın neresine koyduğuna bakın. En yakın yol 2,39 km — erişim ve lojistik bu karede belirleyici olacak. Yangın orta-yüksek şiddet sınıfında (dNBR 0,65); toprak yüzeyi büyük olasılıkla açıkta.",True
EGE_2021_04_006304,DIKIM_ADAYI,ERISIM_ZOR|AGIR_YANMIS,0.2475,"karaçam, sedir",toparlanma=0.25 <0.35,"Aktif dikim adayı. Doğal toparlanma zayıf kalıyor, eğim (23,2°) dikime elverişli.","Modelin tahminine göre yangın öncesi örtünün ancak %25 kadarı iki yılda geri gelecek — kendi başına kapanmayacak bir açık var. En yakın yol 2,64 km — erişim ve lojistik bu karede belirleyici olacak. Yangın yüksek şiddet sınıfında (dNBR 0,90); toprak yüzeyi büyük olasılıkla açıkta. Yetişme ortamı: Ege kuşağı, 851 m, orta eğimli (10–25°). Bu koşullar için önerilen türler: karaçam, sedir. Tür önerisi sistemin çıkarımı değil, dışarıdan verilen tablodan okunmuştur. Tablo: ÖRNEK TABLO — OGM tür-yetişme ortamı rehberi ile değiştirilecek",True
EGE_2021_04_006305,DIKIM_ADAYI,ERISIM_ZOR|AGIR_YANMIS,0.269,"karaçam, sedir",toparlanma=0.27 <0.35,"Aktif dikim adayı. Doğal toparlanma zayıf kalıyor, eğim (23,6°) dikime elverişli.","Modelin tahminine göre yangın öncesi örtünün ancak %27 kadarı iki yılda geri gelecek — kendi başına kapanmayacak bir açık var. En yakın yol 2,88 km — erişim ve lojistik bu karede belirleyici olacak. Yangın yüksek şiddet sınıfında (dNBR 0,83); toprak yüzeyi büyük olasılıkla açıkta. Yetişme ortamı: Ege kuşağı, 843 m, orta eğimli (10–25°). Bu koşullar için önerilen türler: karaçam, sedir. Tür önerisi sistemin çıkarımı değil, dışarıdan verilen tablodan okunmuştur. Tablo: ÖRNEK TABLO — OGM tür-yetişme ortamı rehberi ile değiştirilecek",True
EGE_2021_04_006306,DIKIM_ADAYI,ERISIM_ZOR|AGIR_YANMIS,0.3304,"karaçam, sedir",toparlanma=0.33 <0.35,"Aktif dikim adayı. Doğal toparlanma zayıf kalıyor, eğim (18,0°) dikime elverişli.","Modelin tahminine göre yangın öncesi örtünün ancak %33 kadarı iki yılda geri gelecek — kendi başına kapanmayacak bir açık var. En yakın yol 3,13 km — erişim ve lojistik bu karede belirleyici olacak. Yangın orta-yüksek şiddet sınıfında (dNBR 0,65); toprak yüzeyi büyük olasılıkla açıkta. Yetişme ortamı: Ege kuşağı, 812 m, orta eğimli (10–25°). Bu koşullar için önerilen türler: karaçam, sedir. Tür önerisi sistemin çıkarımı değil, dışarıdan verilen tablodan okunmuştur. Tablo: ÖRNEK TABLO — OGM tür-yetişme ortamı rehberi ile değiştirilecek",True
EGE_2021_04_006307,DIKIM_ADAYI,ERISIM_ZOR|AGIR_YANMIS,0.3074,"kızılçam, fıstıkçamı",toparlanma=0.31 <0.35,"Aktif dikim adayı. Doğal toparlanma zayıf kalıyor, eğim (20,3°) dikime elverişli.","Modelin tahminine göre yangın öncesi örtünün ancak %31 kadarı iki yılda geri gelecek — kendi başına kapanmayacak bir açık var. En yakın yol 3,27 km — erişim ve lojistik bu karede belirleyici olacak. Yangın orta-yüksek şiddet sınıfında (dNBR 0,48); toprak yüzeyi büyük olasılıkla açıkta. Yetişme ortamı: Ege kuşağı, 734 m, orta eğimli (10–25°). Bu koşullar için önerilen türler: kızılçam, fıstıkçamı. Tür önerisi sistemin çıkarımı değil, dışarıdan verilen tablodan okunmuştur. Tablo: ÖRNEK TABLO — OGM tür-yetişme ortamı rehberi ile değiştirilecek",True
EGE_2021_04_006308,DIKIM_ADAYI,ERISIM_ZOR|AGIR_YANMIS,0.3112,"kızılçam, fıstıkçamı",toparlanma=0.31 <0.35,"Aktif dikim adayı. Doğal toparlanma zayıf kalıyor, eğim (20,2°) dikime elverişli.","Modelin tahminine göre yangın öncesi örtünün ancak %31 kadarı iki yılda geri gelecek — kendi başına kapanmayacak bir açık var. En yakın yol 3,42 km — erişim ve lojistik bu karede belirleyici olacak. Yangın orta-yüksek şiddet sınıfında (dNBR 0,50); toprak yüzeyi büyük olasılıkla açıkta. Yetişme ortamı: Ege kuşağı, 672 m, orta eğimli (10–25°). Bu koşullar için önerilen türler: kızılçam, fıstıkçamı. Tür önerisi sistemin çıkarımı değil, dışarıdan verilen tablodan okunmuştur. Tablo: ÖRNEK TABLO — OGM tür-yetişme ortamı rehberi ile değiştirilecek",True
EGE_2021_04_006309,EROZYON_ONCE,ERISIM_ZOR,0.2876,"kızılçam, fıstıkçamı",toparlanma=0.29 egim=26.6>=25 <0.35,"Önce erozyon kontrolü. Toparlanma tahmini zayıf ve eğim 26,6° — dikimden önce toprak tutma önlemi gerekiyor.","Modelin tahminine göre yangın öncesi örtünün ancak %29 kadarı iki yılda geri gelecek. Dik yamaçta çıplak toprak ilk sağanakta taşınır; stabilizasyon yapılmadan yapılan dikim de birlikte gider. En yakın yol 3,51 km — erişim ve lojistik bu karede belirleyici olacak. Yetişme ortamı: Ege kuşağı, 666 m, dik yamaç (25°+). Bu koşullar için önerilen türler: kızılçam, fıstıkçamı. Tür önerisi sistemin çıkarımı değil, dışarıdan verilen tablodan okunmuştur. Tablo: ÖRNEK TABLO — OGM tür-yetişme ortamı rehberi ile değiştirilecek",True
EGE_2021_04_006310,EROZYON_ONCE,ERISIM_ZOR,0.2954,"kızılçam, fıstıkçamı",toparlanma=0.30 egim=31.0>=25 <0.35,"Önce erozyon kontrolü. Toparlanma tahmini zayıf ve eğim 31,0° — dikimden önce toprak tutma önlemi gerekiyor.","Modelin tahminine göre yangın öncesi örtünün ancak %30 kadarı iki yılda geri gelecek. Dik yamaçta çıplak toprak ilk sağanakta taşınır; stabilizasyon yapılmadan yapılan dikim de birlikte gider. En yakın yol 3,27 km — erişim ve lojistik bu karede belirleyici olacak. Yetişme ortamı: Ege kuşağı, 508 m, dik yamaç (25°+). Bu koşullar için önerilen türler: kızılçam, fıstıkçamı. Tür önerisi sistemin çıkarımı değil, dışarıdan verilen tablodan okunmuştur. Tablo: ÖRNEK TABLO — OGM tür-yetişme ortamı rehberi ile değiştirilecek",True
EGE_2021_04_006311,IZLE,ERISIM_ZOR|DIK_YAMAC,,,prediction_status=low_severity,"İzle, müdahale etme. Yangın bu kareyi ağır yakmamış (düşük şiddet, dNBR 0,25).","Model bu rejimde tahmin üretmiyor. Kendi toparlanması bekleniyor, müdahale listesine alınmıyor. En yakın yol 3,02 km — erişim ve lojistik bu karede belirleyici olacak. Eğim 28,7° ile yüksek; makineli çalışma sınırlı olabilir.",True
EGE_2021_04_006312,EROZYON_ONCE,ERISIM_ZOR,0.3257,"kızılçam, fıstıkçamı",toparlanma=0.33 egim=32.9>=25 <0.35,"Önce erozyon kontrolü. Toparlanma tahmini zayıf ve eğim 32,9° — dikimden önce toprak tutma önlemi gerekiyor.","Modelin tahminine göre yangın öncesi örtünün ancak %33 kadarı iki yılda geri gelecek. Dik yamaçta çıplak toprak ilk sağanakta taşınır; stabilizasyon yapılmadan yapılan dikim de birlikte gider. En yakın yol 2,78 km — erişim ve lojistik bu karede belirleyici olacak. Yetişme ortamı: Ege kuşağı, 682 m, dik yamaç (25°+). Bu koşullar için önerilen türler: kızılçam, fıstıkçamı. Tür önerisi sistemin çıkarımı değil, dışarıdan verilen tablodan okunmuştur. Tablo: ÖRNEK TABLO — OGM tür-yetişme ortamı rehberi ile değiştirilecek",True
EGE_2021_04_006313,DIKIM_ADAYI,ERISIM_ZOR|AGIR_YANMIS,0.3157,"kızılçam, fıstıkçamı",toparlanma=0.32 <0.35,"Aktif dikim adayı. Doğal toparlanma zayıf kalıyor, eğim (17,9°) dikime elverişli.","Modelin tahminine göre yangın öncesi örtünün ancak %32 kadarı iki yılda geri gelecek — kendi başına kapanmayacak bir açık var. En yakın yol 2,54 km — erişim ve lojistik bu karede belirleyici olacak. Yangın orta-yüksek şiddet sınıfında (dNBR 0,58); toprak yüzeyi büyük olasılıkla açıkta. Yetişme ortamı: Ege kuşağı, 743 m, orta eğimli (10–25°). Bu koşullar için önerilen türler: kızılçam, fıstıkçamı. Tür önerisi sistemin çıkarımı değil, dışarıdan verilen tablodan okunmuştur. Tablo: ÖRNEK TABLO — OGM tür-yetişme ortamı rehberi ile değiştirilecek",True
EGE_2021_04_006314,EROZYON_ONCE,ERISIM_ZOR|AGIR_YANMIS,0.279,"kızılçam, fıstıkçamı",toparlanma=0.28 egim=25.5>=25 <0.35,"Önce erozyon kontrolü. Toparlanma tahmini zayıf ve eğim 25,5° — dikimden önce toprak tutma önlemi gerekiyor.","Modelin tahminine göre yangın öncesi örtünün ancak %28 kadarı iki yılda geri gelecek. Dik yamaçta çıplak toprak ilk sağanakta taşınır; stabilizasyon yapılmadan yapılan dikim de birlikte gider. En yakın yol 2,30 km — erişim ve lojistik bu karede belirleyici olacak. Yangın orta-yüksek şiddet sınıfında (dNBR 0,48); toprak yüzeyi büyük olasılıkla açıkta. Yetişme ortamı: Ege kuşağı, 706 m, dik yamaç (25°+). Bu koşullar için önerilen türler: kızılçam, fıstıkçamı. Tür önerisi sistemin çıkarımı değil, dışarıdan verilen tablodan okunmuştur. Tablo: ÖRNEK TABLO — OGM tür-yetişme ortamı rehberi ile değiştirilecek",True
EGE_2021_04_006315,DIKIM_ADAYI,ERISIM_ZOR,0.3158,"kızılçam, fıstıkçamı",toparlanma=0.32 <0.35,"Aktif dikim adayı. Doğal toparlanma zayıf kalıyor, eğim (18,2°) dikime elverişli.","Modelin tahminine göre yangın öncesi örtünün ancak %32 kadarı iki yılda geri gelecek — kendi başına kapanmayacak bir açık var. En yakın yol 2,07 km — erişim ve lojistik bu karede belirleyici olacak. Yetişme ortamı: Ege kuşağı, 666 m, orta eğimli (10–25°). Bu koşullar için önerilen türler: kızılçam, fıstıkçamı. Tür önerisi sistemin çıkarımı değil, dışarıdan verilen tablodan okunmuştur. Tablo: ÖRNEK TABLO — OGM tür-yetişme ortamı rehberi ile değiştirilecek",True
EGE_2021_04_006316,DIKIM_ADAYI,,0.3014,"kızılçam, fıstıkçamı",toparlanma=0.30 <0.35,"Aktif dikim adayı. Doğal toparlanma zayıf kalıyor, eğim (18,9°) dikime elverişli.","Modelin tahminine göre yangın öncesi örtünün ancak %30 kadarı iki yılda geri gelecek — kendi başına kapanmayacak bir açık var. Yetişme ortamı: Ege kuşağı, 710 m, orta eğimli (10–25°). Bu koşullar için önerilen türler: kızılçam, fıstıkçamı. Tür önerisi sistemin çıkarımı değil, dışarıdan verilen tablodan okunmuştur. Tablo: ÖRNEK TABLO — OGM tür-yetişme ortamı rehberi ile değiştirilecek",True
EGE_2021_04_006317,EROZYON_ONCE,,0.2848,"kızılçam, fıstıkçamı",toparlanma=0.28 egim=28.3>=25 <0.35,"Önce erozyon kontrolü. Toparlanma tahmini zayıf ve eğim 28,3° — dikimden önce toprak tutma önlemi gerekiyor.","Modelin tahminine göre yangın öncesi örtünün ancak %28 kadarı iki yılda geri gelecek. Dik yamaçta çıplak toprak ilk sağanakta taşınır; stabilizasyon yapılmadan yapılan dikim de birlikte gider. Yetişme ortamı: Ege kuşağı, 757 m, dik yamaç (25°+). Bu koşullar için önerilen türler: kızılçam, fıstıkçamı. Tür önerisi sistemin çıkarımı değil, dışarıdan verilen tablodan okunmuştur. Tablo: ÖRNEK TABLO — OGM tür-yetişme ortamı rehberi ile değiştirilecek",True
EGE_2021_04_006318,IZLE,,,,prediction_status=low_severity,"İzle, müdahale etme. Yangın bu kareyi ağır yakmamış (düşük şiddet, dNBR 0,25).","Model bu rejimde tahmin üretmiyor. Kendi toparlanması bekleniyor, müdahale listesine alınmıyor.",True
EGE_2021_04_006319,IZLE,,,,prediction_status=low_severity,"İzle, müdahale etme. Yangın bu kareyi ağır yakmamış (düşük şiddet, dNBR 0,24).","Model bu rejimde tahmin üretmiyor. Kendi toparlanması bekleniyor, müdahale listesine alınmıyor.",True
EGE_2021_04_006320,IZLE,,,,prediction_status=low_severity,"İzle, müdahale etme. Yangın bu kareyi ağır yakmamış (düşük şiddet, dNBR 0,20).","Model bu rejimde tahmin üretmiyor. Kendi toparlanması bekleniyor, müdahale listesine alınmıyor.",True
EGE_2021_04_006321,ONCELIGE_GORE,,0.4575,,toparlanma=0.46 0.35..0.50,Öncelik sırasına göre değerlendir. Kısmi toparlanma bekleniyor; müdahale kararı bütçeye ve sıraya bağlı.,Modelin tahminine göre yangın öncesi örtünün %46 kadarı iki yılda geri gelecek. Ne kendi kapanacak kadar iyi ne de acil müdahale gerektirecek kadar kötü — öncelik skoru bu kareyi sıranın neresine koyduğuna bakın.,True
EGE_2021_04_006322,ONCELIGE_GORE,,0.3799,,toparlanma=0.38 0.35..0.50,Öncelik sırasına göre değerlendir. Kısmi toparlanma bekleniyor; müdahale kararı bütçeye ve sıraya bağlı.,Modelin tahminine göre yangın öncesi örtünün %38 kadarı iki yılda geri gelecek. Ne kendi kapanacak kadar iyi ne de acil müdahale gerektirecek kadar kötü — öncelik skoru bu kareyi sıranın neresine koyduğuna bakın.,True
EGE_2021_04_006323,DIKIM_ADAYI,,0.2917,"kızılçam, fıstıkçamı",toparlanma=0.29 <0.35,"Aktif dikim adayı. Doğal toparlanma zayıf kalıyor, eğim (17,8°) dikime elverişli.","Modelin tahminine göre yangın öncesi örtünün ancak %29 kadarı iki yılda geri gelecek — kendi başına kapanmayacak bir açık var. Yetişme ortamı: Ege kuşağı, 566 m, orta eğimli (10–25°). Bu koşullar için önerilen türler: kızılçam, fıstıkçamı. Tür önerisi sistemin çıkarımı değil, dışarıdan verilen tablodan okunmuştur. Tablo: ÖRNEK TABLO — OGM tür-yetişme ortamı rehberi ile değiştirilecek",True
EGE_2021_04_006324,DIKIM_ADAYI,,0.3065,"kızılçam, fıstıkçamı",toparlanma=0.31 <0.35,"Aktif dikim adayı. Doğal toparlanma zayıf kalıyor, eğim (14,3°) dikime elverişli.","Modelin tahminine göre yangın öncesi örtünün ancak %31 kadarı iki yılda geri gelecek — kendi başına kapanmayacak bir açık var. Yetişme ortamı: Ege kuşağı, 541 m, orta eğimli (10–25°). Bu koşullar için önerilen türler: kızılçam, fıstıkçamı. Tür önerisi sistemin çıkarımı değil, dışarıdan verilen tablodan okunmuştur. Tablo: ÖRNEK TABLO — OGM tür-yetişme ortamı rehberi ile değiştirilecek",True
EGE_2021_04_006325,IZLE,,,,prediction_status=low_severity,"İzle, müdahale etme. Yangın bu kareyi ağır yakmamış (düşük şiddet, dNBR 0,16).","Model bu rejimde tahmin üretmiyor. Kendi toparlanması bekleniyor, müdahale listesine alınmıyor.",True
EGE_2021_04_006396,IZLE,,,,prediction_status=low_severity,"İzle, müdahale etme. Yangın bu kareyi ağır yakmamış (düşük şiddet, dNBR 0,18).","Model bu rejimde tahmin üretmiyor. Kendi toparlanması bekleniyor, müdahale listesine alınmıyor.",True
EGE_2021_04_006397,IZLE,,,,prediction_status=low_severity,"İzle, müdahale etme. Yangın bu kareyi ağır yakmamış (düşük şiddet, dNBR 0,24).","Model bu rejimde tahmin üretmiyor. Kendi toparlanması bekleniyor, müdahale listesine alınmıyor.",True
EGE_2021_04_006398,IZLE,,,,prediction_status=low_severity,"İzle, müdahale etme. Yangın bu kareyi ağır yakmamış (düşük şiddet, dNBR 0,21).","Model bu rejimde tahmin üretmiyor. Kendi toparlanması bekleniyor, müdahale listesine alınmıyor.",True
EGE_2021_04_006402,IZLE,,,,prediction_status=low_severity,"İzle, müdahale etme. Yangın bu kareyi ağır yakmamış (düşük şiddet, dNBR 0,10).","Model bu rejimde tahmin üretmiyor. Kendi toparlanması bekleniyor, müdahale listesine alınmıyor.",True
EGE_2021_04_006404,IZLE,,,,prediction_status=low_severity,"İzle, müdahale etme. Yangın bu kareyi ağır yakmamış (düşük şiddet, dNBR 0,12).","Model bu rejimde tahmin üretmiyor. Kendi toparlanması bekleniyor, müdahale listesine alınmıyor.",True
EGE_2021_04_006409,IZLE,ERISIM_ZOR,,,prediction_status=low_severity,"İzle, müdahale etme. Yangın bu kareyi ağır yakmamış (düşük şiddet, dNBR 0,26).","Model bu rejimde tahmin üretmiyor. Kendi toparlanması bekleniyor, müdahale listesine alınmıyor. En yakın yol 2,00 km — erişim ve lojistik bu karede belirleyici olacak.",True
EGE_2021_04_006410,ONCELIGE_GORE,ERISIM_ZOR|DIK_YAMAC|AGIR_YANMIS,0.3661,,toparlanma=0.37 0.35..0.50,Öncelik sırasına göre değerlendir. Kısmi toparlanma bekleniyor; müdahale kararı bütçeye ve sıraya bağlı.,"Modelin tahminine göre yangın öncesi örtünün %37 kadarı iki yılda geri gelecek. Ne kendi kapanacak kadar iyi ne de acil müdahale gerektirecek kadar kötü — öncelik skoru bu kareyi sıranın neresine koyduğuna bakın. En yakın yol 2,23 km — erişim ve lojistik bu karede belirleyici olacak. Eğim 25,9° ile yüksek; makineli çalışma sınırlı olabilir. Yangın orta-yüksek şiddet sınıfında (dNBR 0,57); toprak yüzeyi büyük olasılıkla açıkta.",True
EGE_2021_04_006411,ONCELIGE_GORE,ERISIM_ZOR|AGIR_YANMIS,0.3503,,toparlanma=0.35 0.35..0.50,Öncelik sırasına göre değerlendir. Kısmi toparlanma bekleniyor; müdahale kararı bütçeye ve sıraya bağlı.,"Modelin tahminine göre yangın öncesi örtünün %35 kadarı iki yılda geri gelecek. Ne kendi kapanacak kadar iyi ne de acil müdahale gerektirecek kadar kötü — öncelik skoru bu kareyi sıranın neresine koyduğuna bakın. En yakın yol 2,43 km — erişim ve lojistik bu karede belirleyici olacak. Yangın yüksek şiddet sınıfında (dNBR 0,85); toprak yüzeyi büyük olasılıkla açıkta.",True
EGE_2021_04_006412,DIKIM_ADAYI,ERISIM_ZOR|AGIR_YANMIS,0.2734,"kızılçam, fıstıkçamı",toparlanma=0.27 <0.35,"Aktif dikim adayı. Doğal toparlanma zayıf kalıyor, eğim (16,9°) dikime elverişli.","Modelin tahminine göre yangın öncesi örtünün ancak %27 kadarı iki yılda geri gelecek — kendi başına kapanmayacak bir açık var. En yakın yol 2,64 km — erişim ve lojistik bu karede belirleyici olacak. Yangın yüksek şiddet sınıfında (dNBR 0,74); toprak yüzeyi büyük olasılıkla açıkta. Yetişme ortamı: Ege kuşağı, 786 m, orta eğimli (10–25°). Bu koşullar için önerilen türler: kızılçam, fıstıkçamı. Tür önerisi sistemin çıkarımı değil, dışarıdan verilen tablodan okunmuştur. Tablo: ÖRNEK TABLO — OGM tür-yetişme ortamı rehberi ile değiştirilecek",True
EGE_2021_04_006413,DIKIM_ADAYI,ERISIM_ZOR|AGIR_YANMIS,0.2553,"kızılçam, fıstıkçamı",toparlanma=0.26 <0.35,"Aktif dikim adayı. Doğal toparlanma zayıf kalıyor, eğim (19,1°) dikime elverişli.","Modelin tahminine göre yangın öncesi örtünün ancak %26 kadarı iki yılda geri gelecek — kendi başına kapanmayacak bir açık var. En yakın yol 2,79 km — erişim ve lojistik bu karede belirleyici olacak. Yangın orta-yüksek şiddet sınıfında (dNBR 0,50); toprak yüzeyi büyük olasılıkla açıkta. Yetişme ortamı: Ege kuşağı, 742 m, orta eğimli (10–25°). Bu koşullar için önerilen türler: kızılçam, fıstıkçamı. Tür önerisi sistemin çıkarımı değil, dışarıdan verilen tablodan okunmuştur. Tablo: ÖRNEK TABLO — OGM tür-yetişme ortamı rehberi ile değiştirilecek",True
EGE_2021_04_006414,DIKIM_ADAYI,ERISIM_ZOR|AGIR_YANMIS,0.2751,"kızılçam, fıstıkçamı",toparlanma=0.28 <0.35,"Aktif dikim adayı. Doğal toparlanma zayıf kalıyor, eğim (23,6°) dikime elverişli.","Modelin tahminine göre yangın öncesi örtünün ancak %28 kadarı iki yılda geri gelecek — kendi başına kapanmayacak bir açık var. En yakın yol 2,92 km — erişim ve lojistik bu karede belirleyici olacak. Yangın orta-yüksek şiddet sınıfında (dNBR 0,54); toprak yüzeyi büyük olasılıkla açıkta. Yetişme ortamı: Ege kuşağı, 752 m, orta eğimli (10–25°). Bu koşullar için önerilen türler: kızılçam, fıstıkçamı. Tür önerisi sistemin çıkarımı değil, dışarıdan verilen tablodan okunmuştur. Tablo: ÖRNEK TABLO — OGM tür-yetişme ortamı rehberi ile değiştirilecek",True
EGE_2021_04_006415,DIKIM_ADAYI,ERISIM_ZOR|AGIR_YANMIS,0.3282,"kızılçam, fıstıkçamı",toparlanma=0.33 <0.35,"Aktif dikim adayı. Doğal toparlanma zayıf kalıyor, eğim (19,5°) dikime elverişli.","Modelin tahminine göre yangın öncesi örtünün ancak %33 kadarı iki yılda geri gelecek — kendi başına kapanmayacak bir açık var. En yakın yol 3,07 km — erişim ve lojistik bu karede belirleyici olacak. Yangın yüksek şiddet sınıfında (dNBR 0,77); toprak yüzeyi büyük olasılıkla açıkta. Yetişme ortamı: Ege kuşağı, 697 m, orta eğimli (10–25°). Bu koşullar için önerilen türler: kızılçam, fıstıkçamı. Tür önerisi sistemin çıkarımı değil, dışarıdan verilen tablodan okunmuştur. Tablo: ÖRNEK TABLO — OGM tür-yetişme ortamı rehberi ile değiştirilecek",True
EGE_2021_04_006416,DIKIM_ADAYI,ERISIM_ZOR|AGIR_YANMIS,0.3414,"kızılçam, fıstıkçamı",toparlanma=0.34 <0.35,"Aktif dikim adayı. Doğal toparlanma zayıf kalıyor, eğim (15,9°) dikime elverişli.","Modelin tahminine göre yangın öncesi örtünün ancak %34 kadarı iki yılda geri gelecek — kendi başına kapanmayacak bir açık var. En yakın yol 3,23 km — erişim ve lojistik bu karede belirleyici olacak. Yangın orta-yüksek şiddet sınıfında (dNBR 0,61); toprak yüzeyi büyük olasılıkla açıkta. Yetişme ortamı: Ege kuşağı, 632 m, orta eğimli (10–25°). Bu koşullar için önerilen türler: kızılçam, fıstıkçamı. Tür önerisi sistemin çıkarımı değil, dışarıdan verilen tablodan okunmuştur. Tablo: ÖRNEK TABLO — OGM tür-yetişme ortamı rehberi ile değiştirilecek",True
EGE_2021_04_006417,DIKIM_ADAYI,ERISIM_ZOR,0.3096,"kızılçam, fıstıkçamı",toparlanma=0.31 <0.35,"Aktif dikim adayı. Doğal toparlanma zayıf kalıyor, eğim (23,9°) dikime elverişli.","Modelin tahminine göre yangın öncesi örtünün ancak %31 kadarı iki yılda geri gelecek — kendi başına kapanmayacak bir açık var. En yakın yol 3,31 km — erişim ve lojistik bu karede belirleyici olacak. Yetişme ortamı: Ege kuşağı, 588 m, orta eğimli (10–25°). Bu koşullar için önerilen türler: kızılçam, fıstıkçamı. Tür önerisi sistemin çıkarımı değil, dışarıdan verilen tablodan okunmuştur. Tablo: ÖRNEK TABLO — OGM tür-yetişme ortamı rehberi ile değiştirilecek",True
EGE_2021_04_006418,EROZYON_ONCE,ERISIM_ZOR,0.317,"kızılçam, fıstıkçamı",toparlanma=0.32 egim=27.4>=25 <0.35,"Önce erozyon kontrolü. Toparlanma tahmini zayıf ve eğim 27,4° — dikimden önce toprak tutma önlemi gerekiyor.","Modelin tahminine göre yangın öncesi örtünün ancak %32 kadarı iki yılda geri gelecek. Dik yamaçta çıplak toprak ilk sağanakta taşınır; stabilizasyon yapılmadan yapılan dikim de birlikte gider. En yakın yol 3,22 km — erişim ve lojistik bu karede belirleyici olacak. Yetişme ortamı: Ege kuşağı, 472 m, dik yamaç (25°+). Bu koşullar için önerilen türler: kızılçam, fıstıkçamı. Tür önerisi sistemin çıkarımı değil, dışarıdan verilen tablodan okunmuştur. Tablo: ÖRNEK TABLO — OGM tür-yetişme ortamı rehberi ile değiştirilecek",True
EGE_2021_04_006419,IZLE,ERISIM_ZOR|DIK_YAMAC,,,prediction_status=low_severity,"İzle, müdahale etme. Yangın bu kareyi ağır yakmamış (düşük şiddet, dNBR 0,23).","Model bu rejimde tahmin üretmiyor. Kendi toparlanması bekleniyor, müdahale listesine alınmıyor. En yakın yol 2,97 km — erişim ve lojistik bu karede belirleyici olacak. Eğim 27,8° ile yüksek; makineli çalışma sınırlı olabilir.",True
EGE_2021_04_006420,EROZYON_ONCE,ERISIM_ZOR|AGIR_YANMIS,0.2826,"kızılçam, fıstıkçamı",toparlanma=0.28 egim=31.8>=25 <0.35,"Önce erozyon kontrolü. Toparlanma tahmini zayıf ve eğim 31,8° — dikimden önce toprak tutma önlemi gerekiyor.","Modelin tahminine göre yangın öncesi örtünün ancak %28 kadarı iki yılda geri gelecek. Dik yamaçta çıplak toprak ilk sağanakta taşınır; stabilizasyon yapılmadan yapılan dikim de birlikte gider. En yakın yol 2,73 km — erişim ve lojistik bu karede belirleyici olacak. Yangın orta-yüksek şiddet sınıfında (dNBR 0,45); toprak yüzeyi büyük olasılıkla açıkta. Yetişme ortamı: Ege kuşağı, 606 m, dik yamaç (25°+). Bu koşullar için önerilen türler: kızılçam, fıstıkçamı. Tür önerisi sistemin çıkarımı değil, dışarıdan verilen tablodan okunmuştur. Tablo: ÖRNEK TABLO — OGM tür-yetişme ortamı rehberi ile değiştirilecek",True
EGE_2021_04_006421,EROZYON_ONCE,ERISIM_ZOR|AGIR_YANMIS,0.2344,"kızılçam, fıstıkçamı",toparlanma=0.23 egim=31.3>=25 <0.35,"Önce erozyon kontrolü. Toparlanma tahmini zayıf ve eğim 31,3° — dikimden önce toprak tutma önlemi gerekiyor.","Modelin tahminine göre yangın öncesi örtünün ancak %23 kadarı iki yılda geri gelecek. Dik yamaçta çıplak toprak ilk sağanakta taşınır; stabilizasyon yapılmadan yapılan dikim de birlikte gider. En yakın yol 2,48 km — erişim ve lojistik bu karede belirleyici olacak. Yangın orta-yüksek şiddet sınıfında (dNBR 0,55); toprak yüzeyi büyük olasılıkla açıkta. Yetişme ortamı: Ege kuşağı, 617 m, dik yamaç (25°+). Bu koşullar için önerilen türler: kızılçam, fıstıkçamı. Tür önerisi sistemin çıkarımı değil, dışarıdan verilen tablodan okunmuştur. Tablo: ÖRNEK TABLO — OGM tür-yetişme ortamı rehberi ile değiştirilecek",True
EGE_2021_04_006422,DIKIM_ADAYI,ERISIM_ZOR,0.2916,"kızılçam, fıstıkçamı",toparlanma=0.29 <0.35,"Aktif dikim adayı. Doğal toparlanma zayıf kalıyor, eğim (22,3°) dikime elverişli.","Modelin tahminine göre yangın öncesi örtünün ancak %29 kadarı iki yılda geri gelecek — kendi başına kapanmayacak bir açık var. En yakın yol 2,24 km — erişim ve lojistik bu karede belirleyici olacak. Yetişme ortamı: Ege kuşağı, 588 m, orta eğimli (10–25°). Bu koşullar için önerilen türler: kızılçam, fıstıkçamı. Tür önerisi sistemin çıkarımı değil, dışarıdan verilen tablodan okunmuştur. Tablo: ÖRNEK TABLO — OGM tür-yetişme ortamı rehberi ile değiştirilecek",True
EGE_2021_04_006424,DIKIM_ADAYI,,0.3435,"kızılçam, fıstıkçamı",toparlanma=0.34 <0.35,"Aktif dikim adayı. Doğal toparlanma zayıf kalıyor, eğim (15,8°) dikime elverişli.","Modelin tahminine göre yangın öncesi örtünün ancak %34 kadarı iki yılda geri gelecek — kendi başına kapanmayacak bir açık var. Yetişme ortamı: Ege kuşağı, 642 m, orta eğimli (10–25°). Bu koşullar için önerilen türler: kızılçam, fıstıkçamı. Tür önerisi sistemin çıkarımı değil, dışarıdan verilen tablodan okunmuştur. Tablo: ÖRNEK TABLO — OGM tür-yetişme ortamı rehberi ile değiştirilecek",True
EGE_2021_04_006425,ONCELIGE_GORE,,0.3531,,toparlanma=0.35 0.35..0.50,Öncelik sırasına göre değerlendir. Kısmi toparlanma bekleniyor; müdahale kararı bütçeye ve sıraya bağlı.,Modelin tahminine göre yangın öncesi örtünün %35 kadarı iki yılda geri gelecek. Ne kendi kapanacak kadar iyi ne de acil müdahale gerektirecek kadar kötü — öncelik skoru bu kareyi sıranın neresine koyduğuna bakın.,True
EGE_2021_04_006426,DIKIM_ADAYI,,0.3415,"kızılçam, fıstıkçamı",toparlanma=0.34 <0.35,"Aktif dikim adayı. Doğal toparlanma zayıf kalıyor, eğim (17,0°) dikime elverişli.","Modelin tahminine göre yangın öncesi örtünün ancak %34 kadarı iki yılda geri gelecek — kendi başına kapanmayacak bir açık var. Yetişme ortamı: Ege kuşağı, 769 m, orta eğimli (10–25°). Bu koşullar için önerilen türler: kızılçam, fıstıkçamı. Tür önerisi sistemin çıkarımı değil, dışarıdan verilen tablodan okunmuştur. Tablo: ÖRNEK TABLO — OGM tür-yetişme ortamı rehberi ile değiştirilecek",True
EGE_2021_04_006427,IZLE,SEYREK_ORTU,,,prediction_status=low_severity,"İzle, müdahale etme. Yangın bu kareyi ağır yakmamış (orta-düşük şiddet, dNBR 0,37).","Model bu rejimde tahmin üretmiyor. Kendi toparlanması bekleniyor, müdahale listesine alınmıyor. Yangın öncesi ağaç örtüsü zaten seyrekti (%10) — buradaki açığın tamamı yangından kaynaklanmıyor olabilir.",True
EGE_2021_04_006428,IZLE,SEYREK_ORTU,,,prediction_status=low_severity,"İzle, müdahale etme. Yangın bu kareyi ağır yakmamış (orta-düşük şiddet, dNBR 0,32).","Model bu rejimde tahmin üretmiyor. Kendi toparlanması bekleniyor, müdahale listesine alınmıyor. Yangın öncesi ağaç örtüsü zaten seyrekti (%20) — buradaki açığın tamamı yangından kaynaklanmıyor olabilir.",True
EGE_2021_04_006429,IZLE,ESKIDEN_ORMAN_DEGIL,,,prediction_status=low_severity,"İzle, müdahale etme. Yangın bu kareyi ağır yakmamış (orta-düşük şiddet, dNBR 0,38).","Model bu rejimde tahmin üretmiyor. Kendi toparlanması bekleniyor, müdahale listesine alınmıyor. Yangın öncesi örtü otlak ve çalılık idi; orman kurma değil, mevcut örtünün onarımı düşünülmeli.",True
EGE_2021_04_006430,GENCLESME_IZLE,ESKIDEN_ORMAN_DEGIL,0.5304,,toparlanma=0.53 >=0.50,Doğal gençleşmeyi izle. Doğal toparlanma yeterli görünüyor.,"Modelin tahminine göre yangın öncesi örtünün %53 kadarı iki yılda geri geliyor — bu yangınlarda ölçtüğümüz tipik toparlanmanın üstünde. Müdahale yerine izleme öneriliyor; kaynak daha zayıf karelere ayrılmalı. Yangın öncesi örtü otlak ve çalılık idi; orman kurma değil, mevcut örtünün onarımı düşünülmeli.",True
EGE_2021_04_006431,ONCELIGE_GORE,,0.4349,,toparlanma=0.43 0.35..0.50,Öncelik sırasına göre değerlendir. Kısmi toparlanma bekleniyor; müdahale kararı bütçeye ve sıraya bağlı.,Modelin tahminine göre yangın öncesi örtünün %43 kadarı iki yılda geri gelecek. Ne kendi kapanacak kadar iyi ne de acil müdahale gerektirecek kadar kötü — öncelik skoru bu kareyi sıranın neresine koyduğuna bakın.,True
EGE_2021_04_006432,ONCELIGE_GORE,,0.4341,,toparlanma=0.43 0.35..0.50,Öncelik sırasına göre değerlendir. Kısmi toparlanma bekleniyor; müdahale kararı bütçeye ve sıraya bağlı.,Modelin tahminine göre yangın öncesi örtünün %43 kadarı iki yılda geri gelecek. Ne kendi kapanacak kadar iyi ne de acil müdahale gerektirecek kadar kötü — öncelik skoru bu kareyi sıranın neresine koyduğuna bakın.,True
EGE_2021_04_006505,IZLE,,,,prediction_status=low_severity,"İzle, müdahale etme. Yangın bu kareyi ağır yakmamış (düşük şiddet, dNBR 0,10).","Model bu rejimde tahmin üretmiyor. Kendi toparlanması bekleniyor, müdahale listesine alınmıyor.",True
EGE_2021_04_006516,IZLE,,,,prediction_status=low_severity,"İzle, müdahale etme. Yangın bu kareyi ağır yakmamış (düşük şiddet, dNBR 0,11).","Model bu rejimde tahmin üretmiyor. Kendi toparlanması bekleniyor, müdahale listesine alınmıyor.",True
EGE_2021_04_006517,ONCELIGE_GORE,DIK_YAMAC,0.3879,,toparlanma=0.39 0.35..0.50,Öncelik sırasına göre değerlendir. Kısmi toparlanma bekleniyor; müdahale kararı bütçeye ve sıraya bağlı.,"Modelin tahminine göre yangın öncesi örtünün %39 kadarı iki yılda geri gelecek. Ne kendi kapanacak kadar iyi ne de acil müdahale gerektirecek kadar kötü — öncelik skoru bu kareyi sıranın neresine koyduğuna bakın. Eğim 30,3° ile yüksek; makineli çalışma sınırlı olabilir.",True
EGE_2021_04_006518,DIKIM_ADAYI,ERISIM_ZOR|AGIR_YANMIS,0.3217,"kızılçam, fıstıkçamı",toparlanma=0.32 <0.35,"Aktif dikim adayı. Doğal toparlanma zayıf kalıyor, eğim (21,1°) dikime elverişli.","Modelin tahminine göre yangın öncesi örtünün ancak %32 kadarı iki yılda geri gelecek — kendi başına kapanmayacak bir açık var. En yakın yol 2,08 km — erişim ve lojistik bu karede belirleyici olacak. Yangın orta-yüksek şiddet sınıfında (dNBR 0,64); toprak yüzeyi büyük olasılıkla açıkta. Yetişme ortamı: Ege kuşağı, 723 m, orta eğimli (10–25°). Bu koşullar için önerilen türler: kızılçam, fıstıkçamı. Tür önerisi sistemin çıkarımı değil, dışarıdan verilen tablodan okunmuştur. Tablo: ÖRNEK TABLO — OGM tür-yetişme ortamı rehberi ile değiştirilecek",True
EGE_2021_04_006519,DIKIM_ADAYI,ERISIM_ZOR|AGIR_YANMIS,0.2507,"kızılçam, fıstıkçamı",toparlanma=0.25 <0.35,"Aktif dikim adayı. Doğal toparlanma zayıf kalıyor, eğim (24,6°) dikime elverişli.","Modelin tahminine göre yangın öncesi örtünün ancak %25 kadarı iki yılda geri gelecek — kendi başına kapanmayacak bir açık var. En yakın yol 2,29 km — erişim ve lojistik bu karede belirleyici olacak. Yangın yüksek şiddet sınıfında (dNBR 0,83); toprak yüzeyi büyük olasılıkla açıkta. Yetişme ortamı: Ege kuşağı, 739 m, orta eğimli (10–25°). Bu koşullar için önerilen türler: kızılçam, fıstıkçamı. Tür önerisi sistemin çıkarımı değil, dışarıdan verilen tablodan okunmuştur. Tablo: ÖRNEK TABLO — OGM tür-yetişme ortamı rehberi ile değiştirilecek",True
EGE_2021_04_006520,DIKIM_ADAYI,ERISIM_ZOR|AGIR_YANMIS,0.2604,"kızılçam, fıstıkçamı",toparlanma=0.26 <0.35,"Aktif dikim adayı. Doğal toparlanma zayıf kalıyor, eğim (24,2°) dikime elverişli.","Modelin tahminine göre yangın öncesi örtünün ancak %26 kadarı iki yılda geri gelecek — kendi başına kapanmayacak bir açık var. En yakın yol 2,45 km — erişim ve lojistik bu karede belirleyici olacak. Yangın yüksek şiddet sınıfında (dNBR 0,75); toprak yüzeyi büyük olasılıkla açıkta. Yetişme ortamı: Ege kuşağı, 722 m, orta eğimli (10–25°). Bu koşullar için önerilen türler: kızılçam, fıstıkçamı. Tür önerisi sistemin çıkarımı değil, dışarıdan verilen tablodan okunmuştur. Tablo: ÖRNEK TABLO — OGM tür-yetişme ortamı rehberi ile değiştirilecek",True
EGE_2021_04_006521,DIKIM_ADAYI,ERISIM_ZOR|AGIR_YANMIS,0.3027,"kızılçam, fıstıkçamı",toparlanma=0.30 <0.35,"Aktif dikim adayı. Doğal toparlanma zayıf kalıyor, eğim (13,5°) dikime elverişli.","Modelin tahminine göre yangın öncesi örtünün ancak %30 kadarı iki yılda geri gelecek — kendi başına kapanmayacak bir açık var. En yakın yol 2,58 km — erişim ve lojistik bu karede belirleyici olacak. Yangın orta-yüksek şiddet sınıfında (dNBR 0,45); toprak yüzeyi büyük olasılıkla açıkta. Yetişme ortamı: Ege kuşağı, 722 m, orta eğimli (10–25°). Bu koşullar için önerilen türler: kızılçam, fıstıkçamı. Tür önerisi sistemin çıkarımı değil, dışarıdan verilen tablodan okunmuştur. Tablo: ÖRNEK TABLO — OGM tür-yetişme ortamı rehberi ile değiştirilecek",True
EGE_2021_04_006522,DIKIM_ADAYI,ERISIM_ZOR|AGIR_YANMIS,0.3358,"kızılçam, fıstıkçamı",toparlanma=0.34 <0.35,"Aktif dikim adayı. Doğal toparlanma zayıf kalıyor, eğim (19,6°) dikime elverişli.","Modelin tahminine göre yangın öncesi örtünün ancak %34 kadarı iki yılda geri gelecek — kendi başına kapanmayacak bir açık var. En yakın yol 2,72 km — erişim ve lojistik bu karede belirleyici olacak. Yangın orta-yüksek şiddet sınıfında (dNBR 0,58); toprak yüzeyi büyük olasılıkla açıkta. Yetişme ortamı: Ege kuşağı, 666 m, orta eğimli (10–25°). Bu koşullar için önerilen türler: kızılçam, fıstıkçamı. Tür önerisi sistemin çıkarımı değil, dışarıdan verilen tablodan okunmuştur. Tablo: ÖRNEK TABLO — OGM tür-yetişme ortamı rehberi ile değiştirilecek",True
EGE_2021_04_006523,DIKIM_ADAYI,ERISIM_ZOR|AGIR_YANMIS,0.3122,"kızılçam, fıstıkçamı",toparlanma=0.31 <0.35,"Aktif dikim adayı. Doğal toparlanma zayıf kalıyor, eğim (20,1°) dikime elverişli.","Modelin tahminine göre yangın öncesi örtünün ancak %31 kadarı iki yılda geri gelecek — kendi başına kapanmayacak bir açık var. En yakın yol 2,88 km — erişim ve lojistik bu karede belirleyici olacak. Yangın orta-yüksek şiddet sınıfında (dNBR 0,66); toprak yüzeyi büyük olasılıkla açıkta. Yetişme ortamı: Ege kuşağı, 619 m, orta eğimli (10–25°). Bu koşullar için önerilen türler: kızılçam, fıstıkçamı. Tür önerisi sistemin çıkarımı değil, dışarıdan verilen tablodan okunmuştur. Tablo: ÖRNEK TABLO — OGM tür-yetişme ortamı rehberi ile değiştirilecek",True
EGE_2021_04_006524,DIKIM_ADAYI,ERISIM_ZOR|AGIR_YANMIS,0.3408,"kızılçam, fıstıkçamı",toparlanma=0.34 <0.35,"Aktif dikim adayı. Doğal toparlanma zayıf kalıyor, eğim (18,6°) dikime elverişli.","Modelin tahminine göre yangın öncesi örtünün ancak %34 kadarı iki yılda geri gelecek — kendi başına kapanmayacak bir açık var. En yakın yol 3,05 km — erişim ve lojistik bu karede belirleyici olacak. Yangın orta-yüksek şiddet sınıfında (dNBR 0,47); toprak yüzeyi büyük olasılıkla açıkta. Yetişme ortamı: Ege kuşağı, 584 m, orta eğimli (10–25°). Bu koşullar için önerilen türler: kızılçam, fıstıkçamı. Tür önerisi sistemin çıkarımı değil, dışarıdan verilen tablodan okunmuştur. Tablo: ÖRNEK TABLO — OGM tür-yetişme ortamı rehberi ile değiştirilecek",True
EGE_2021_04_006525,ONCELIGE_GORE,ERISIM_ZOR|AGIR_YANMIS,0.3514,,toparlanma=0.35 0.35..0.50,Öncelik sırasına göre değerlendir. Kısmi toparlanma bekleniyor; müdahale kararı bütçeye ve sıraya bağlı.,"Modelin tahminine göre yangın öncesi örtünün %35 kadarı iki yılda geri gelecek. Ne kendi kapanacak kadar iyi ne de acil müdahale gerektirecek kadar kötü — öncelik skoru bu kareyi sıranın neresine koyduğuna bakın. En yakın yol 3,06 km — erişim ve lojistik bu karede belirleyici olacak. Yangın orta-yüksek şiddet sınıfında (dNBR 0,48); toprak yüzeyi büyük olasılıkla açıkta.",True
EGE_2021_04_006526,ONCELIGE_GORE,ERISIM_ZOR|AGIR_YANMIS,0.3567,,toparlanma=0.36 0.35..0.50,Öncelik sırasına göre değerlendir. Kısmi toparlanma bekleniyor; müdahale kararı bütçeye ve sıraya bağlı.,"Modelin tahminine göre yangın öncesi örtünün %36 kadarı iki yılda geri gelecek. Ne kendi kapanacak kadar iyi ne de acil müdahale gerektirecek kadar kötü — öncelik skoru bu kareyi sıranın neresine koyduğuna bakın. En yakın yol 3,07 km — erişim ve lojistik bu karede belirleyici olacak. Yangın orta-yüksek şiddet sınıfında (dNBR 0,47); toprak yüzeyi büyük olasılıkla açıkta.",True
EGE_2021_04_006527,IZLE,ERISIM_ZOR,,,prediction_status=low_severity,"İzle, müdahale etme. Yangın bu kareyi ağır yakmamış (düşük şiddet, dNBR 0,26).","Model bu rejimde tahmin üretmiyor. Kendi toparlanması bekleniyor, müdahale listesine alınmıyor. En yakın yol 2,94 km — erişim ve lojistik bu karede belirleyici olacak.",True
EGE_2021_04_006528,EROZYON_ONCE,ERISIM_ZOR,0.2974,"kızılçam, fıstıkçamı",toparlanma=0.30 egim=25.3>=25 <0.35,"Önce erozyon kontrolü. Toparlanma tahmini zayıf ve eğim 25,3° — dikimden önce toprak tutma önlemi gerekiyor.","Modelin tahminine göre yangın öncesi örtünün ancak %30 kadarı iki yılda geri gelecek. Dik yamaçta çıplak toprak ilk sağanakta taşınır; stabilizasyon yapılmadan yapılan dikim de birlikte gider. En yakın yol 2,69 km — erişim ve lojistik bu karede belirleyici olacak. Yetişme ortamı: Ege kuşağı, 467 m, dik yamaç (25°+). Bu koşullar için önerilen türler: kızılçam, fıstıkçamı. Tür önerisi sistemin çıkarımı değil, dışarıdan verilen tablodan okunmuştur. Tablo: ÖRNEK TABLO — OGM tür-yetişme ortamı rehberi ile değiştirilecek",True
EGE_2021_04_006529,DIKIM_ADAYI,ERISIM_ZOR,0.3181,"kızılçam, fıstıkçamı",toparlanma=0.32 <0.35,"Aktif dikim adayı. Doğal toparlanma zayıf kalıyor, eğim (19,3°) dikime elverişli.","Modelin tahminine göre yangın öncesi örtünün ancak %32 kadarı iki yılda geri gelecek — kendi başına kapanmayacak bir açık var. En yakın yol 2,45 km — erişim ve lojistik bu karede belirleyici olacak. Yetişme ortamı: Ege kuşağı, 493 m, orta eğimli (10–25°). Bu koşullar için önerilen türler: kızılçam, fıstıkçamı. Tür önerisi sistemin çıkarımı değil, dışarıdan verilen tablodan okunmuştur. Tablo: ÖRNEK TABLO — OGM tür-yetişme ortamı rehberi ile değiştirilecek",True
EGE_2021_04_006530,DIKIM_ADAYI,ERISIM_ZOR,0.3407,"kızılçam, fıstıkçamı",toparlanma=0.34 <0.35,"Aktif dikim adayı. Doğal toparlanma zayıf kalıyor, eğim (16,0°) dikime elverişli.","Modelin tahminine göre yangın öncesi örtünün ancak %34 kadarı iki yılda geri gelecek — kendi başına kapanmayacak bir açık var. En yakın yol 2,20 km — erişim ve lojistik bu karede belirleyici olacak. Yetişme ortamı: Ege kuşağı, 530 m, orta eğimli (10–25°). Bu koşullar için önerilen türler: kızılçam, fıstıkçamı. Tür önerisi sistemin çıkarımı değil, dışarıdan verilen tablodan okunmuştur. Tablo: ÖRNEK TABLO — OGM tür-yetişme ortamı rehberi ile değiştirilecek",True
EGE_2021_04_006531,ONCELIGE_GORE,,0.3931,,toparlanma=0.39 0.35..0.50,Öncelik sırasına göre değerlendir. Kısmi toparlanma bekleniyor; müdahale kararı bütçeye ve sıraya bağlı.,Modelin tahminine göre yangın öncesi örtünün %39 kadarı iki yılda geri gelecek. Ne kendi kapanacak kadar iyi ne de acil müdahale gerektirecek kadar kötü — öncelik skoru bu kareyi sıranın neresine koyduğuna bakın.,True
EGE_2021_04_006532,DIKIM_ADAYI,,0.345,"kızılçam, fıstıkçamı",toparlanma=0.35 <0.35,"Aktif dikim adayı. Doğal toparlanma zayıf kalıyor, eğim (17,2°) dikime elverişli.","Modelin tahminine göre yangın öncesi örtünün ancak %35 kadarı iki yılda geri gelecek — kendi başına kapanmayacak bir açık var. Yetişme ortamı: Ege kuşağı, 652 m, orta eğimli (10–25°). Bu koşullar için önerilen türler: kızılçam, fıstıkçamı. Tür önerisi sistemin çıkarımı değil, dışarıdan verilen tablodan okunmuştur. Tablo: ÖRNEK TABLO — OGM tür-yetişme ortamı rehberi ile değiştirilecek",True
EGE_2021_04_006533,DIKIM_ADAYI,,0.3241,"kızılçam, fıstıkçamı",toparlanma=0.32 <0.35,"Aktif dikim adayı. Doğal toparlanma zayıf kalıyor, eğim (15,9°) dikime elverişli.","Modelin tahminine göre yangın öncesi örtünün ancak %32 kadarı iki yılda geri gelecek — kendi başına kapanmayacak bir açık var. Yetişme ortamı: Ege kuşağı, 706 m, orta eğimli (10–25°). Bu koşullar için önerilen türler: kızılçam, fıstıkçamı. Tür önerisi sistemin çıkarımı değil, dışarıdan verilen tablodan okunmuştur. Tablo: ÖRNEK TABLO — OGM tür-yetişme ortamı rehberi ile değiştirilecek",True
EGE_2021_04_006534,ONCELIGE_GORE,,0.3828,,toparlanma=0.38 0.35..0.50,Öncelik sırasına göre değerlendir. Kısmi toparlanma bekleniyor; müdahale kararı bütçeye ve sıraya bağlı.,Modelin tahminine göre yangın öncesi örtünün %38 kadarı iki yılda geri gelecek. Ne kendi kapanacak kadar iyi ne de acil müdahale gerektirecek kadar kötü — öncelik skoru bu kareyi sıranın neresine koyduğuna bakın.,True
EGE_2021_04_006535,IZLE,SEYREK_ORTU,,,prediction_status=low_severity,"İzle, müdahale etme. Yangın bu kareyi ağır yakmamış (orta-düşük şiddet, dNBR 0,34).","Model bu rejimde tahmin üretmiyor. Kendi toparlanması bekleniyor, müdahale listesine alınmıyor. Yangın öncesi ağaç örtüsü zaten seyrekti (%3) — buradaki açığın tamamı yangından kaynaklanmıyor olabilir.",True
EGE_2021_04_006536,IZLE,ESKIDEN_ORMAN_DEGIL,,,prediction_status=low_severity,"İzle, müdahale etme. Yangın bu kareyi ağır yakmamış (orta-düşük şiddet, dNBR 0,30).","Model bu rejimde tahmin üretmiyor. Kendi toparlanması bekleniyor, müdahale listesine alınmıyor. Yangın öncesi örtü otlak ve çalılık idi; orman kurma değil, mevcut örtünün onarımı düşünülmeli.",True
EGE_2021_04_006537,IZLE,SEYREK_ORTU,,,prediction_status=low_severity,"İzle, müdahale etme. Yangın bu kareyi ağır yakmamış (orta-düşük şiddet, dNBR 0,38).","Model bu rejimde tahmin üretmiyor. Kendi toparlanması bekleniyor, müdahale listesine alınmıyor. Yangın öncesi ağaç örtüsü zaten seyrekti (%0) — buradaki açığın tamamı yangından kaynaklanmıyor olabilir.",True
EGE_2021_04_006538,IZLE,SEYREK_ORTU|DIK_YAMAC,,,prediction_status=low_severity,"İzle, müdahale etme. Yangın bu kareyi ağır yakmamış (orta-düşük şiddet, dNBR 0,34).","Model bu rejimde tahmin üretmiyor. Kendi toparlanması bekleniyor, müdahale listesine alınmıyor. Yangın öncesi ağaç örtüsü zaten seyrekti (%17) — buradaki açığın tamamı yangından kaynaklanmıyor olabilir. Eğim 25,1° ile yüksek; makineli çalışma sınırlı olabilir.",True
EGE_2021_04_006539,IZLE,,,,prediction_status=low_severity,"İzle, müdahale etme. Yangın bu kareyi ağır yakmamış (düşük şiddet, dNBR 0,26).","Model bu rejimde tahmin üretmiyor. Kendi toparlanması bekleniyor, müdahale listesine alınmıyor.",True
EGE_2021_04_006626,DIKIM_ADAYI,,0.3059,"kızılçam, fıstıkçamı",toparlanma=0.31 <0.35,"Aktif dikim adayı. Doğal toparlanma zayıf kalıyor, eğim (24,9°) dikime elverişli.","Modelin tahminine göre yangın öncesi örtünün ancak %31 kadarı iki yılda geri gelecek — kendi başına kapanmayacak bir açık var. Yetişme ortamı: Ege kuşağı, 614 m, orta eğimli (10–25°). Bu koşullar için önerilen türler: kızılçam, fıstıkçamı. Tür önerisi sistemin çıkarımı değil, dışarıdan verilen tablodan okunmuştur. Tablo: ÖRNEK TABLO — OGM tür-yetişme ortamı rehberi ile değiştirilecek",True
EGE_2021_04_006627,EROZYON_ONCE,ERISIM_ZOR|AGIR_YANMIS,0.2583,"kızılçam, fıstıkçamı",toparlanma=0.26 egim=26.5>=25 <0.35,"Önce erozyon kontrolü. Toparlanma tahmini zayıf ve eğim 26,5° — dikimden önce toprak tutma önlemi gerekiyor.","Modelin tahminine göre yangın öncesi örtünün ancak %26 kadarı iki yılda geri gelecek. Dik yamaçta çıplak toprak ilk sağanakta taşınır; stabilizasyon yapılmadan yapılan dikim de birlikte gider. En yakın yol 2,11 km — erişim ve lojistik bu karede belirleyici olacak. Yangın yüksek şiddet sınıfında (dNBR 0,76); toprak yüzeyi büyük olasılıkla açıkta. Yetişme ortamı: Ege kuşağı, 638 m, dik yamaç (25°+). Bu koşullar için önerilen türler: kızılçam, fıstıkçamı. Tür önerisi sistemin çıkarımı değil, dışarıdan verilen tablodan okunmuştur. Tablo: ÖRNEK TABLO — OGM tür-yetişme ortamı rehberi ile değiştirilecek",True
EGE_2021_04_006628,DIKIM_ADAYI,ERISIM_ZOR|AGIR_YANMIS,0.3296,"kızılçam, fıstıkçamı",toparlanma=0.33 <0.35,"Aktif dikim adayı. Doğal toparlanma zayıf kalıyor, eğim (21,4°) dikime elverişli.","Modelin tahminine göre yangın öncesi örtünün ancak %33 kadarı iki yılda geri gelecek — kendi başına kapanmayacak bir açık var. En yakın yol 2,23 km — erişim ve lojistik bu karede belirleyici olacak. Yangın yüksek şiddet sınıfında (dNBR 0,89); toprak yüzeyi büyük olasılıkla açıkta. Yetişme ortamı: Ege kuşağı, 630 m, orta eğimli (10–25°). Bu koşullar için önerilen türler: kızılçam, fıstıkçamı. Tür önerisi sistemin çıkarımı değil, dışarıdan verilen tablodan okunmuştur. Tablo: ÖRNEK TABLO — OGM tür-yetişme ortamı rehberi ile değiştirilecek",True
EGE_2021_04_006629,DIKIM_ADAYI,ERISIM_ZOR|AGIR_YANMIS,0.3212,"kızılçam, fıstıkçamı",toparlanma=0.32 <0.35,"Aktif dikim adayı. Doğal toparlanma zayıf kalıyor, eğim (17,1°) dikime elverişli.","Modelin tahminine göre yangın öncesi örtünün ancak %32 kadarı iki yılda geri gelecek — kendi başına kapanmayacak bir açık var. En yakın yol 2,37 km — erişim ve lojistik bu karede belirleyici olacak. Yangın orta-yüksek şiddet sınıfında (dNBR 0,66); toprak yüzeyi büyük olasılıkla açıkta. Yetişme ortamı: Ege kuşağı, 696 m, orta eğimli (10–25°). Bu koşullar için önerilen türler: kızılçam, fıstıkçamı. Tür önerisi sistemin çıkarımı değil, dışarıdan verilen tablodan okunmuştur. Tablo: ÖRNEK TABLO — OGM tür-yetişme ortamı rehberi ile değiştirilecek",True
EGE_2021_04_006630,IZLE,ERISIM_ZOR,,,prediction_status=low_severity,"İzle, müdahale etme. Yangın bu kareyi ağır yakmamış (orta-yüksek şiddet, dNBR 0,49).","Model bu rejimde tahmin üretmiyor. Kendi toparlanması bekleniyor, müdahale listesine alınmıyor. En yakın yol 2,52 km — erişim ve lojistik bu karede belirleyici olacak.",True
EGE_2021_04_006631,EROZYON_ONCE,ERISIM_ZOR|AGIR_YANMIS,0.3429,"kızılçam, fıstıkçamı",toparlanma=0.34 egim=26.1>=25 <0.35,"Önce erozyon kontrolü. Toparlanma tahmini zayıf ve eğim 26,1° — dikimden önce toprak tutma önlemi gerekiyor.","Modelin tahminine göre yangın öncesi örtünün ancak %34 kadarı iki yılda geri gelecek. Dik yamaçta çıplak toprak ilk sağanakta taşınır; stabilizasyon yapılmadan yapılan dikim de birlikte gider. En yakın yol 2,69 km — erişim ve lojistik bu karede belirleyici olacak. Yangın orta-yüksek şiddet sınıfında (dNBR 0,53); toprak yüzeyi büyük olasılıkla açıkta. Yetişme ortamı: Ege kuşağı, 671 m, dik yamaç (25°+). Bu koşullar için önerilen türler: kızılçam, fıstıkçamı. Tür önerisi sistemin çıkarımı değil, dışarıdan verilen tablodan okunmuştur. Tablo: ÖRNEK TABLO — OGM tür-yetişme ortamı rehberi ile değiştirilecek",True
EGE_2021_04_006634,DIKIM_ADAYI,ERISIM_ZOR|AGIR_YANMIS,0.3157,"kızılçam, fıstıkçamı",toparlanma=0.32 <0.35,"Aktif dikim adayı. Doğal toparlanma zayıf kalıyor, eğim (22,7°) dikime elverişli.","Modelin tahminine göre yangın öncesi örtünün ancak %32 kadarı iki yılda geri gelecek — kendi başına kapanmayacak bir açık var. En yakın yol 2,82 km — erişim ve lojistik bu karede belirleyici olacak. Yangın orta-yüksek şiddet sınıfında (dNBR 0,45); toprak yüzeyi büyük olasılıkla açıkta. Yetişme ortamı: Ege kuşağı, 422 m, orta eğimli (10–25°). Bu koşullar için önerilen türler: kızılçam, fıstıkçamı. Tür önerisi sistemin çıkarımı değil, dışarıdan verilen tablodan okunmuştur. Tablo: ÖRNEK TABLO — OGM tür-yetişme ortamı rehberi ile değiştirilecek",True
EGE_2021_04_006635,DIKIM_ADAYI,ERISIM_ZOR,0.3428,"kızılçam, fıstıkçamı",toparlanma=0.34 <0.35,"Aktif dikim adayı. Doğal toparlanma zayıf kalıyor, eğim (16,6°) dikime elverişli.","Modelin tahminine göre yangın öncesi örtünün ancak %34 kadarı iki yılda geri gelecek — kendi başına kapanmayacak bir açık var. En yakın yol 2,86 km — erişim ve lojistik bu karede belirleyici olacak. Yetişme ortamı: Ege kuşağı, 406 m, orta eğimli (10–25°). Bu koşullar için önerilen türler: kızılçam, fıstıkçamı. Tür önerisi sistemin çıkarımı değil, dışarıdan verilen tablodan okunmuştur. Tablo: ÖRNEK TABLO — OGM tür-yetişme ortamı rehberi ile değiştirilecek",True
EGE_2021_04_006636,ONCELIGE_GORE,ERISIM_ZOR,0.3702,,toparlanma=0.37 0.35..0.50,Öncelik sırasına göre değerlendir. Kısmi toparlanma bekleniyor; müdahale kararı bütçeye ve sıraya bağlı.,"Modelin tahminine göre yangın öncesi örtünün %37 kadarı iki yılda geri gelecek. Ne kendi kapanacak kadar iyi ne de acil müdahale gerektirecek kadar kötü — öncelik skoru bu kareyi sıranın neresine koyduğuna bakın. En yakın yol 2,69 km — erişim ve lojistik bu karede belirleyici olacak.",True
EGE_2021_04_006637,DIKIM_ADAYI,ERISIM_ZOR,0.3384,"kızılçam, fıstıkçamı",toparlanma=0.34 <0.35,"Aktif dikim adayı. Doğal toparlanma zayıf kalıyor, eğim (24,7°) dikime elverişli.","Modelin tahminine göre yangın öncesi örtünün ancak %34 kadarı iki yılda geri gelecek — kendi başına kapanmayacak bir açık var. En yakın yol 2,44 km — erişim ve lojistik bu karede belirleyici olacak. Yetişme ortamı: Ege kuşağı, 548 m, orta eğimli (10–25°). Bu koşullar için önerilen türler: kızılçam, fıstıkçamı. Tür önerisi sistemin çıkarımı değil, dışarıdan verilen tablodan okunmuştur. Tablo: ÖRNEK TABLO — OGM tür-yetişme ortamı rehberi ile değiştirilecek",True
EGE_2021_04_006638,DIKIM_ADAYI,ERISIM_ZOR,0.342,"kızılçam, fıstıkçamı",toparlanma=0.34 <0.35,"Aktif dikim adayı. Doğal toparlanma zayıf kalıyor, eğim (15,8°) dikime elverişli.","Modelin tahminine göre yangın öncesi örtünün ancak %34 kadarı iki yılda geri gelecek — kendi başına kapanmayacak bir açık var. En yakın yol 2,19 km — erişim ve lojistik bu karede belirleyici olacak. Yetişme ortamı: Ege kuşağı, 594 m, orta eğimli (10–25°). Bu koşullar için önerilen türler: kızılçam, fıstıkçamı. Tür önerisi sistemin çıkarımı değil, dışarıdan verilen tablodan okunmuştur. Tablo: ÖRNEK TABLO — OGM tür-yetişme ortamı rehberi ile değiştirilecek",True
EGE_2021_04_006639,DIKIM_ADAYI,,0.3369,"kızılçam, fıstıkçamı",toparlanma=0.34 <0.35,"Aktif dikim adayı. Doğal toparlanma zayıf kalıyor, eğim (13,8°) dikime elverişli.","Modelin tahminine göre yangın öncesi örtünün ancak %34 kadarı iki yılda geri gelecek — kendi başına kapanmayacak bir açık var. Yetişme ortamı: Ege kuşağı, 627 m, orta eğimli (10–25°). Bu koşullar için önerilen türler: kızılçam, fıstıkçamı. Tür önerisi sistemin çıkarımı değil, dışarıdan verilen tablodan okunmuştur. Tablo: ÖRNEK TABLO — OGM tür-yetişme ortamı rehberi ile değiştirilecek",True
EGE_2021_04_006640,IZLE,,,,prediction_status=low_severity,"İzle, müdahale etme. Yangın bu kareyi ağır yakmamış (düşük şiddet, dNBR 0,26).","Model bu rejimde tahmin üretmiyor. Kendi toparlanması bekleniyor, müdahale listesine alınmıyor.",True
EGE_2021_04_006641,IZLE,,,,prediction_status=low_severity,"İzle, müdahale etme. Yangın bu kareyi ağır yakmamış (düşük şiddet, dNBR 0,23).","Model bu rejimde tahmin üretmiyor. Kendi toparlanması bekleniyor, müdahale listesine alınmıyor.",True
EGE_2021_04_006642,IZLE,,,,prediction_status=low_severity,"İzle, müdahale etme. Yangın bu kareyi ağır yakmamış (düşük şiddet, dNBR 0,26).","Model bu rejimde tahmin üretmiyor. Kendi toparlanması bekleniyor, müdahale listesine alınmıyor.",True
EGE_2021_04_006643,IZLE,ESKIDEN_ORMAN_DEGIL,,,prediction_status=low_severity,"İzle, müdahale etme. Yangın bu kareyi ağır yakmamış (orta-düşük şiddet, dNBR 0,30).","Model bu rejimde tahmin üretmiyor. Kendi toparlanması bekleniyor, müdahale listesine alınmıyor. Yangın öncesi örtü otlak ve çalılık idi; orman kurma değil, mevcut örtünün onarımı düşünülmeli.",True
EGE_2021_04_006644,GENCLESME_IZLE,ESKIDEN_ORMAN_DEGIL,0.5727,,toparlanma=0.57 >=0.50,Doğal gençleşmeyi izle. Doğal toparlanma yeterli görünüyor.,"Modelin tahminine göre yangın öncesi örtünün %57 kadarı iki yılda geri geliyor — bu yangınlarda ölçtüğümüz tipik toparlanmanın üstünde. Müdahale yerine izleme öneriliyor; kaynak daha zayıf karelere ayrılmalı. Yangın öncesi örtü otlak ve çalılık idi; orman kurma değil, mevcut örtünün onarımı düşünülmeli.",True
EGE_2021_04_006645,GENCLESME_IZLE,ESKIDEN_ORMAN_DEGIL|AGIR_YANMIS,0.5809,,toparlanma=0.58 >=0.50,Doğal gençleşmeyi izle. Doğal toparlanma yeterli görünüyor.,"Modelin tahminine göre yangın öncesi örtünün %58 kadarı iki yılda geri geliyor — bu yangınlarda ölçtüğümüz tipik toparlanmanın üstünde. Müdahale yerine izleme öneriliyor; kaynak daha zayıf karelere ayrılmalı. Yangın öncesi örtü otlak ve çalılık idi; orman kurma değil, mevcut örtünün onarımı düşünülmeli. Yangın orta-yüksek şiddet sınıfında (dNBR 0,46); toprak yüzeyi büyük olasılıkla açıkta.",True
EGE_2021_04_006646,IZLE,ESKIDEN_ORMAN_DEGIL,,,prediction_status=low_severity,"İzle, müdahale etme. Yangın bu kareyi ağır yakmamış (düşük şiddet, dNBR 0,20).","Model bu rejimde tahmin üretmiyor. Kendi toparlanması bekleniyor, müdahale listesine alınmıyor. Yangın öncesi örtü otlak ve çalılık idi; orman kurma değil, mevcut örtünün onarımı düşünülmeli.",True
EGE_2021_04_006647,IZLE,,,,prediction_status=low_severity,"İzle, müdahale etme. Yangın bu kareyi ağır yakmamış (düşük şiddet, dNBR 0,19).","Model bu rejimde tahmin üretmiyor. Kendi toparlanması bekleniyor, müdahale listesine alınmıyor.",True
EGE_2021_04_006648,IZLE,,,,prediction_status=low_severity,"İzle, müdahale etme. Yangın bu kareyi ağır yakmamış (düşük şiddet, dNBR 0,16).","Model bu rejimde tahmin üretmiyor. Kendi toparlanması bekleniyor, müdahale listesine alınmıyor.",True
EGE_2021_04_006649,IZLE,,,,prediction_status=low_severity,"İzle, müdahale etme. Yangın bu kareyi ağır yakmamış (düşük şiddet, dNBR 0,16).","Model bu rejimde tahmin üretmiyor. Kendi toparlanması bekleniyor, müdahale listesine alınmıyor.",True
EGE_2021_04_006734,ONCELIGE_GORE,,0.3761,,toparlanma=0.38 0.35..0.50,Öncelik sırasına göre değerlendir. Kısmi toparlanma bekleniyor; müdahale kararı bütçeye ve sıraya bağlı.,Modelin tahminine göre yangın öncesi örtünün %38 kadarı iki yılda geri gelecek. Ne kendi kapanacak kadar iyi ne de acil müdahale gerektirecek kadar kötü — öncelik skoru bu kareyi sıranın neresine koyduğuna bakın.,True
EGE_2021_04_006735,DIKIM_ADAYI,AGIR_YANMIS,0.2849,"kızılçam, fıstıkçamı",toparlanma=0.28 <0.35,"Aktif dikim adayı. Doğal toparlanma zayıf kalıyor, eğim (21,8°) dikime elverişli.","Modelin tahminine göre yangın öncesi örtünün ancak %28 kadarı iki yılda geri gelecek — kendi başına kapanmayacak bir açık var. Yangın yüksek şiddet sınıfında (dNBR 0,67); toprak yüzeyi büyük olasılıkla açıkta. Yetişme ortamı: Ege kuşağı, 537 m, orta eğimli (10–25°). Bu koşullar için önerilen türler: kızılçam, fıstıkçamı. Tür önerisi sistemin çıkarımı değil, dışarıdan verilen tablodan okunmuştur. Tablo: ÖRNEK TABLO — OGM tür-yetişme ortamı rehberi ile değiştirilecek",True
EGE_2021_04_006736,DIKIM_ADAYI,ERISIM_ZOR|AGIR_YANMIS,0.3209,"kızılçam, fıstıkçamı",toparlanma=0.32 <0.35,"Aktif dikim adayı. Doğal toparlanma zayıf kalıyor, eğim (20,6°) dikime elverişli.","Modelin tahminine göre yangın öncesi örtünün ancak %32 kadarı iki yılda geri gelecek — kendi başına kapanmayacak bir açık var. En yakın yol 2,02 km — erişim ve lojistik bu karede belirleyici olacak. Yangın yüksek şiddet sınıfında (dNBR 0,72); toprak yüzeyi büyük olasılıkla açıkta. Yetişme ortamı: Ege kuşağı, 585 m, orta eğimli (10–25°). Bu koşullar için önerilen türler: kızılçam, fıstıkçamı. Tür önerisi sistemin çıkarımı değil, dışarıdan verilen tablodan okunmuştur. Tablo: ÖRNEK TABLO — OGM tür-yetişme ortamı rehberi ile değiştirilecek",True
EGE_2021_04_006737,DIKIM_ADAYI,ERISIM_ZOR|AGIR_YANMIS,0.3049,"kızılçam, fıstıkçamı",toparlanma=0.30 <0.35,"Aktif dikim adayı. Doğal toparlanma zayıf kalıyor, eğim (19,5°) dikime elverişli.","Modelin tahminine göre yangın öncesi örtünün ancak %30 kadarı iki yılda geri gelecek — kendi başına kapanmayacak bir açık var. En yakın yol 2,17 km — erişim ve lojistik bu karede belirleyici olacak. Yangın yüksek şiddet sınıfında (dNBR 0,74); toprak yüzeyi büyük olasılıkla açıkta. Yetişme ortamı: Ege kuşağı, 624 m, orta eğimli (10–25°). Bu koşullar için önerilen türler: kızılçam, fıstıkçamı. Tür önerisi sistemin çıkarımı değil, dışarıdan verilen tablodan okunmuştur. Tablo: ÖRNEK TABLO — OGM tür-yetişme ortamı rehberi ile değiştirilecek",True
EGE_2021_04_006738,DIKIM_ADAYI,ERISIM_ZOR|AGIR_YANMIS,0.3338,"kızılçam, fıstıkçamı",toparlanma=0.33 <0.35,"Aktif dikim adayı. Doğal toparlanma zayıf kalıyor, eğim (20,1°) dikime elverişli.","Modelin tahminine göre yangın öncesi örtünün ancak %33 kadarı iki yılda geri gelecek — kendi başına kapanmayacak bir açık var. En yakın yol 2,34 km — erişim ve lojistik bu karede belirleyici olacak. Yangın yüksek şiddet sınıfında (dNBR 0,73); toprak yüzeyi büyük olasılıkla açıkta. Yetişme ortamı: Ege kuşağı, 713 m, orta eğimli (10–25°). Bu koşullar için önerilen türler: kızılçam, fıstıkçamı. Tür önerisi sistemin çıkarımı değil, dışarıdan verilen tablodan okunmuştur. Tablo: ÖRNEK TABLO — OGM tür-yetişme ortamı rehberi ile değiştirilecek",True
EGE_2021_04_006739,ONCELIGE_GORE,ERISIM_ZOR|AGIR_YANMIS,0.3578,,toparlanma=0.36 0.35..0.50,Öncelik sırasına göre değerlendir. Kısmi toparlanma bekleniyor; müdahale kararı bütçeye ve sıraya bağlı.,"Modelin tahminine göre yangın öncesi örtünün %36 kadarı iki yılda geri gelecek. Ne kendi kapanacak kadar iyi ne de acil müdahale gerektirecek kadar kötü — öncelik skoru bu kareyi sıranın neresine koyduğuna bakın. En yakın yol 2,52 km — erişim ve lojistik bu karede belirleyici olacak. Yangın orta-yüksek şiddet sınıfında (dNBR 0,66); toprak yüzeyi büyük olasılıkla açıkta.",True
EGE_2021_04_006740,ONCELIGE_GORE,ERISIM_ZOR|ESKIDEN_ORMAN_DEGIL|AGIR_YANMIS,0.3916,,toparlanma=0.39 0.35..0.50,Öncelik sırasına göre değerlendir. Kısmi toparlanma bekleniyor; müdahale kararı bütçeye ve sıraya bağlı.,"Modelin tahminine göre yangın öncesi örtünün %39 kadarı iki yılda geri gelecek. Ne kendi kapanacak kadar iyi ne de acil müdahale gerektirecek kadar kötü — öncelik skoru bu kareyi sıranın neresine koyduğuna bakın. En yakın yol 2,57 km — erişim ve lojistik bu karede belirleyici olacak. Yangın öncesi örtü otlak ve çalılık idi; orman kurma değil, mevcut örtünün onarımı düşünülmeli. Yangın orta-yüksek şiddet sınıfında (dNBR 0,60); toprak yüzeyi büyük olasılıkla açıkta.",True
EGE_2021_04_006741,EROZYON_ONCE,ERISIM_ZOR|AGIR_YANMIS,0.3023,"kızılçam, fıstıkçamı",toparlanma=0.30 egim=29.7>=25 <0.35,"Önce erozyon kontrolü. Toparlanma tahmini zayıf ve eğim 29,7° — dikimden önce toprak tutma önlemi gerekiyor.","Modelin tahminine göre yangın öncesi örtünün ancak %30 kadarı iki yılda geri gelecek. Dik yamaçta çıplak toprak ilk sağanakta taşınır; stabilizasyon yapılmadan yapılan dikim de birlikte gider. En yakın yol 2,56 km — erişim ve lojistik bu karede belirleyici olacak. Yangın orta-yüksek şiddet sınıfında (dNBR 0,55); toprak yüzeyi büyük olasılıkla açıkta. Yetişme ortamı: Ege kuşağı, 565 m, dik yamaç (25°+). Bu koşullar için önerilen türler: kızılçam, fıstıkçamı. Tür önerisi sistemin çıkarımı değil, dışarıdan verilen tablodan okunmuştur. Tablo: ÖRNEK TABLO — OGM tür-yetişme ortamı rehberi ile değiştirilecek",True
EGE_2021_04_006742,DIKIM_ADAYI,ERISIM_ZOR|AGIR_YANMIS,0.2826,"kızılçam, fıstıkçamı",toparlanma=0.28 <0.35,"Aktif dikim adayı. Doğal toparlanma zayıf kalıyor, eğim (22,9°) dikime elverişli.","Modelin tahminine göre yangın öncesi örtünün ancak %28 kadarı iki yılda geri gelecek — kendi başına kapanmayacak bir açık var. En yakın yol 2,57 km — erişim ve lojistik bu karede belirleyici olacak. Yangın orta-yüksek şiddet sınıfında (dNBR 0,53); toprak yüzeyi büyük olasılıkla açıkta. Yetişme ortamı: Ege kuşağı, 403 m, orta eğimli (10–25°). Bu koşullar için önerilen türler: kızılçam, fıstıkçamı. Tür önerisi sistemin çıkarımı değil, dışarıdan verilen tablodan okunmuştur. Tablo: ÖRNEK TABLO — OGM tür-yetişme ortamı rehberi ile değiştirilecek",True
EGE_2021_04_006743,DIKIM_ADAYI,ERISIM_ZOR|AGIR_YANMIS,0.2495,"kızılçam, fıstıkçamı",toparlanma=0.25 <0.35,"Aktif dikim adayı. Doğal toparlanma zayıf kalıyor, eğim (24,7°) dikime elverişli.","Modelin tahminine göre yangın öncesi örtünün ancak %25 kadarı iki yılda geri gelecek — kendi başına kapanmayacak bir açık var. En yakın yol 2,61 km — erişim ve lojistik bu karede belirleyici olacak. Yangın orta-yüksek şiddet sınıfında (dNBR 0,58); toprak yüzeyi büyük olasılıkla açıkta. Yetişme ortamı: Ege kuşağı, 427 m, orta eğimli (10–25°). Bu koşullar için önerilen türler: kızılçam, fıstıkçamı. Tür önerisi sistemin çıkarımı değil, dışarıdan verilen tablodan okunmuştur. Tablo: ÖRNEK TABLO — OGM tür-yetişme ortamı rehberi ile değiştirilecek",True
EGE_2021_04_006744,DIKIM_ADAYI,ERISIM_ZOR|AGIR_YANMIS,0.3324,"kızılçam, fıstıkçamı",toparlanma=0.33 <0.35,"Aktif dikim adayı. Doğal toparlanma zayıf kalıyor, eğim (22,3°) dikime elverişli.","Modelin tahminine göre yangın öncesi örtünün ancak %33 kadarı iki yılda geri gelecek — kendi başına kapanmayacak bir açık var. En yakın yol 2,67 km — erişim ve lojistik bu karede belirleyici olacak. Yangın orta-yüksek şiddet sınıfında (dNBR 0,58); toprak yüzeyi büyük olasılıkla açıkta. Yetişme ortamı: Ege kuşağı, 535 m, orta eğimli (10–25°). Bu koşullar için önerilen türler: kızılçam, fıstıkçamı. Tür önerisi sistemin çıkarımı değil, dışarıdan verilen tablodan okunmuştur. Tablo: ÖRNEK TABLO — OGM tür-yetişme ortamı rehberi ile değiştirilecek",True
EGE_2021_04_006745,ONCELIGE_GORE,ERISIM_ZOR,0.4117,,toparlanma=0.41 0.35..0.50,Öncelik sırasına göre değerlendir. Kısmi toparlanma bekleniyor; müdahale kararı bütçeye ve sıraya bağlı.,"Modelin tahminine göre yangın öncesi örtünün %41 kadarı iki yılda geri gelecek. Ne kendi kapanacak kadar iyi ne de acil müdahale gerektirecek kadar kötü — öncelik skoru bu kareyi sıranın neresine koyduğuna bakın. En yakın yol 2,45 km — erişim ve lojistik bu karede belirleyici olacak.",True
EGE_2021_04_006746,IZLE,ERISIM_ZOR,,,prediction_status=low_severity,"İzle, müdahale etme. Yangın bu kareyi ağır yakmamış (düşük şiddet, dNBR 0,23).","Model bu rejimde tahmin üretmiyor. Kendi toparlanması bekleniyor, müdahale listesine alınmıyor. En yakın yol 2,20 km — erişim ve lojistik bu karede belirleyici olacak.",True
EGE_2021_04_006747,IZLE,,,,prediction_status=low_severity,"İzle, müdahale etme. Yangın bu kareyi ağır yakmamış (düşük şiddet, dNBR 0,17).","Model bu rejimde tahmin üretmiyor. Kendi toparlanması bekleniyor, müdahale listesine alınmıyor.",True
EGE_2021_04_006748,DIKIM_ADAYI,,0.3325,"kızılçam, fıstıkçamı",toparlanma=0.33 <0.35,"Aktif dikim adayı. Doğal toparlanma zayıf kalıyor, eğim (14,0°) dikime elverişli.","Modelin tahminine göre yangın öncesi örtünün ancak %33 kadarı iki yılda geri gelecek — kendi başına kapanmayacak bir açık var. Yetişme ortamı: Ege kuşağı, 587 m, orta eğimli (10–25°). Bu koşullar için önerilen türler: kızılçam, fıstıkçamı. Tür önerisi sistemin çıkarımı değil, dışarıdan verilen tablodan okunmuştur. Tablo: ÖRNEK TABLO — OGM tür-yetişme ortamı rehberi ile değiştirilecek",True
EGE_2021_04_006749,ONCELIGE_GORE,,0.3629,,toparlanma=0.36 0.35..0.50,Öncelik sırasına göre değerlendir. Kısmi toparlanma bekleniyor; müdahale kararı bütçeye ve sıraya bağlı.,Modelin tahminine göre yangın öncesi örtünün %36 kadarı iki yılda geri gelecek. Ne kendi kapanacak kadar iyi ne de acil müdahale gerektirecek kadar kötü — öncelik skoru bu kareyi sıranın neresine koyduğuna bakın.,True
EGE_2021_04_006750,IZLE,,,,prediction_status=low_severity,"İzle, müdahale etme. Yangın bu kareyi ağır yakmamış (düşük şiddet, dNBR 0,20).","Model bu rejimde tahmin üretmiyor. Kendi toparlanması bekleniyor, müdahale listesine alınmıyor.",True
EGE_2021_04_006751,IZLE,ESKIDEN_ORMAN_DEGIL,,,prediction_status=low_severity,"İzle, müdahale etme. Yangın bu kareyi ağır yakmamış (orta-düşük şiddet, dNBR 0,34).","Model bu rejimde tahmin üretmiyor. Kendi toparlanması bekleniyor, müdahale listesine alınmıyor. Yangın öncesi örtü otlak ve çalılık idi; orman kurma değil, mevcut örtünün onarımı düşünülmeli.",True
EGE_2021_04_006752,GENCLESME_IZLE,ESKIDEN_ORMAN_DEGIL,0.6099,,toparlanma=0.61 >=0.50,Doğal gençleşmeyi izle. Doğal toparlanma yeterli görünüyor.,"Modelin tahminine göre yangın öncesi örtünün %61 kadarı iki yılda geri geliyor — bu yangınlarda ölçtüğümüz tipik toparlanmanın üstünde. Müdahale yerine izleme öneriliyor; kaynak daha zayıf karelere ayrılmalı. Yangın öncesi örtü otlak ve çalılık idi; orman kurma değil, mevcut örtünün onarımı düşünülmeli.",True
EGE_2021_04_006753,IZLE,ESKIDEN_ORMAN_DEGIL,,,prediction_status=low_severity,"İzle, müdahale etme. Yangın bu kareyi ağır yakmamış (orta-düşük şiddet, dNBR 0,29).","Model bu rejimde tahmin üretmiyor. Kendi toparlanması bekleniyor, müdahale listesine alınmıyor. Yangın öncesi örtü otlak ve çalılık idi; orman kurma değil, mevcut örtünün onarımı düşünülmeli.",True
EGE_2021_04_006755,IZLE,,,,prediction_status=low_severity,"İzle, müdahale etme. Yangın bu kareyi ağır yakmamış (düşük şiddet, dNBR 0,20).","Model bu rejimde tahmin üretmiyor. Kendi toparlanması bekleniyor, müdahale listesine alınmıyor.",True
EGE_2021_04_006756,IZLE,,,,prediction_status=low_severity,"İzle, müdahale etme. Yangın bu kareyi ağır yakmamış (düşük şiddet, dNBR 0,23).","Model bu rejimde tahmin üretmiyor. Kendi toparlanması bekleniyor, müdahale listesine alınmıyor.",True
EGE_2021_04_006757,IZLE,,,,prediction_status=low_severity,"İzle, müdahale etme. Yangın bu kareyi ağır yakmamış (düşük şiddet, dNBR 0,24).","Model bu rejimde tahmin üretmiyor. Kendi toparlanması bekleniyor, müdahale listesine alınmıyor.",True
EGE_2021_04_006758,IZLE,,,,prediction_status=low_severity,"İzle, müdahale etme. Yangın bu kareyi ağır yakmamış (düşük şiddet, dNBR 0,14).","Model bu rejimde tahmin üretmiyor. Kendi toparlanması bekleniyor, müdahale listesine alınmıyor.",True
EGE_2021_04_006841,IZLE,,,,prediction_status=low_severity,"İzle, müdahale etme. Yangın bu kareyi ağır yakmamış (düşük şiddet, dNBR 0,12).","Model bu rejimde tahmin üretmiyor. Kendi toparlanması bekleniyor, müdahale listesine alınmıyor.",True
EGE_2021_04_006842,DIKIM_ADAYI,,0.3131,"kızılçam, fıstıkçamı",toparlanma=0.31 <0.35,"Aktif dikim adayı. Doğal toparlanma zayıf kalıyor, eğim (17,1°) dikime elverişli.","Modelin tahminine göre yangın öncesi örtünün ancak %31 kadarı iki yılda geri gelecek — kendi başına kapanmayacak bir açık var. Yetişme ortamı: Ege kuşağı, 523 m, orta eğimli (10–25°). Bu koşullar için önerilen türler: kızılçam, fıstıkçamı. Tür önerisi sistemin çıkarımı değil, dışarıdan verilen tablodan okunmuştur. Tablo: ÖRNEK TABLO — OGM tür-yetişme ortamı rehberi ile değiştirilecek",True
EGE_2021_04_006843,DIKIM_ADAYI,AGIR_YANMIS,0.3048,"kızılçam, fıstıkçamı",toparlanma=0.30 <0.35,"Aktif dikim adayı. Doğal toparlanma zayıf kalıyor, eğim (17,4°) dikime elverişli.","Modelin tahminine göre yangın öncesi örtünün ancak %30 kadarı iki yılda geri gelecek — kendi başına kapanmayacak bir açık var. Yangın orta-yüksek şiddet sınıfında (dNBR 0,54); toprak yüzeyi büyük olasılıkla açıkta. Yetişme ortamı: Ege kuşağı, 475 m, orta eğimli (10–25°). Bu koşullar için önerilen türler: kızılçam, fıstıkçamı. Tür önerisi sistemin çıkarımı değil, dışarıdan verilen tablodan okunmuştur. Tablo: ÖRNEK TABLO — OGM tür-yetişme ortamı rehberi ile değiştirilecek",True
EGE_2021_04_006844,DIKIM_ADAYI,AGIR_YANMIS,0.3222,"kızılçam, fıstıkçamı",toparlanma=0.32 <0.35,"Aktif dikim adayı. Doğal toparlanma zayıf kalıyor, eğim (21,0°) dikime elverişli.","Modelin tahminine göre yangın öncesi örtünün ancak %32 kadarı iki yılda geri gelecek — kendi başına kapanmayacak bir açık var. Yangın orta-yüksek şiddet sınıfında (dNBR 0,49); toprak yüzeyi büyük olasılıkla açıkta. Yetişme ortamı: Ege kuşağı, 520 m, orta eğimli (10–25°). Bu koşullar için önerilen türler: kızılçam, fıstıkçamı. Tür önerisi sistemin çıkarımı değil, dışarıdan verilen tablodan okunmuştur. Tablo: ÖRNEK TABLO — OGM tür-yetişme ortamı rehberi ile değiştirilecek",True
EGE_2021_04_006846,ONCELIGE_GORE,ERISIM_ZOR|AGIR_YANMIS,0.3985,,toparlanma=0.40 0.35..0.50,Öncelik sırasına göre değerlendir. Kısmi toparlanma bekleniyor; müdahale kararı bütçeye ve sıraya bağlı.,"Modelin tahminine göre yangın öncesi örtünün %40 kadarı iki yılda geri gelecek. Ne kendi kapanacak kadar iyi ne de acil müdahale gerektirecek kadar kötü — öncelik skoru bu kareyi sıranın neresine koyduğuna bakın. En yakın yol 2,17 km — erişim ve lojistik bu karede belirleyici olacak. Yangın orta-yüksek şiddet sınıfında (dNBR 0,60); toprak yüzeyi büyük olasılıkla açıkta.",True
EGE_2021_04_006847,ONCELIGE_GORE,ERISIM_ZOR|AGIR_YANMIS,0.3595,,toparlanma=0.36 0.35..0.50,Öncelik sırasına göre değerlendir. Kısmi toparlanma bekleniyor; müdahale kararı bütçeye ve sıraya bağlı.,"Modelin tahminine göre yangın öncesi örtünün %36 kadarı iki yılda geri gelecek. Ne kendi kapanacak kadar iyi ne de acil müdahale gerektirecek kadar kötü — öncelik skoru bu kareyi sıranın neresine koyduğuna bakın. En yakın yol 2,36 km — erişim ve lojistik bu karede belirleyici olacak. Yangın yüksek şiddet sınıfında (dNBR 0,70); toprak yüzeyi büyük olasılıkla açıkta.",True
EGE_2021_04_006848,ONCELIGE_GORE,ERISIM_ZOR|ESKIDEN_ORMAN_DEGIL|AGIR_YANMIS,0.4458,,toparlanma=0.45 0.35..0.50,Öncelik sırasına göre değerlendir. Kısmi toparlanma bekleniyor; müdahale kararı bütçeye ve sıraya bağlı.,"Modelin tahminine göre yangın öncesi örtünün %45 kadarı iki yılda geri gelecek. Ne kendi kapanacak kadar iyi ne de acil müdahale gerektirecek kadar kötü — öncelik skoru bu kareyi sıranın neresine koyduğuna bakın. En yakın yol 2,33 km — erişim ve lojistik bu karede belirleyici olacak. Yangın öncesi örtü otlak ve çalılık idi; orman kurma değil, mevcut örtünün onarımı düşünülmeli. Yangın orta-yüksek şiddet sınıfında (dNBR 0,61); toprak yüzeyi büyük olasılıkla açıkta.",True
EGE_2021_04_006849,EROZYON_ONCE,ERISIM_ZOR|AGIR_YANMIS,0.3087,"kızılçam, fıstıkçamı",toparlanma=0.31 egim=26.0>=25 <0.35,"Önce erozyon kontrolü. Toparlanma tahmini zayıf ve eğim 26,0° — dikimden önce toprak tutma önlemi gerekiyor.","Modelin tahminine göre yangın öncesi örtünün ancak %31 kadarı iki yılda geri gelecek. Dik yamaçta çıplak toprak ilk sağanakta taşınır; stabilizasyon yapılmadan yapılan dikim de birlikte gider. En yakın yol 2,31 km — erişim ve lojistik bu karede belirleyici olacak. Yangın orta-yüksek şiddet sınıfında (dNBR 0,60); toprak yüzeyi büyük olasılıkla açıkta. Yetişme ortamı: Ege kuşağı, 565 m, dik yamaç (25°+). Bu koşullar için önerilen türler: kızılçam, fıstıkçamı. Tür önerisi sistemin çıkarımı değil, dışarıdan verilen tablodan okunmuştur. Tablo: ÖRNEK TABLO — OGM tür-yetişme ortamı rehberi ile değiştirilecek",True
EGE_2021_04_006850,EROZYON_ONCE,ERISIM_ZOR|AGIR_YANMIS,0.2718,"kızılçam, fıstıkçamı",toparlanma=0.27 egim=27.0>=25 <0.35,"Önce erozyon kontrolü. Toparlanma tahmini zayıf ve eğim 27,0° — dikimden önce toprak tutma önlemi gerekiyor.","Modelin tahminine göre yangın öncesi örtünün ancak %27 kadarı iki yılda geri gelecek. Dik yamaçta çıplak toprak ilk sağanakta taşınır; stabilizasyon yapılmadan yapılan dikim de birlikte gider. En yakın yol 2,33 km — erişim ve lojistik bu karede belirleyici olacak. Yangın orta-yüksek şiddet sınıfında (dNBR 0,61); toprak yüzeyi büyük olasılıkla açıkta. Yetişme ortamı: Ege kuşağı, 415 m, dik yamaç (25°+). Bu koşullar için önerilen türler: kızılçam, fıstıkçamı. Tür önerisi sistemin çıkarımı değil, dışarıdan verilen tablodan okunmuştur. Tablo: ÖRNEK TABLO — OGM tür-yetişme ortamı rehberi ile değiştirilecek",True
EGE_2021_04_006851,DIKIM_ADAYI,ERISIM_ZOR|AGIR_YANMIS,0.2362,"kızılçam, fıstıkçamı",toparlanma=0.24 <0.35,"Aktif dikim adayı. Doğal toparlanma zayıf kalıyor, eğim (18,7°) dikime elverişli.","Modelin tahminine göre yangın öncesi örtünün ancak %24 kadarı iki yılda geri gelecek — kendi başına kapanmayacak bir açık var. En yakın yol 2,37 km — erişim ve lojistik bu karede belirleyici olacak. Yangın orta-yüksek şiddet sınıfında (dNBR 0,60); toprak yüzeyi büyük olasılıkla açıkta. Yetişme ortamı: Ege kuşağı, 381 m, orta eğimli (10–25°). Bu koşullar için önerilen türler: kızılçam, fıstıkçamı. Tür önerisi sistemin çıkarımı değil, dışarıdan verilen tablodan okunmuştur. Tablo: ÖRNEK TABLO — OGM tür-yetişme ortamı rehberi ile değiştirilecek",True
EGE_2021_04_006852,DIKIM_ADAYI,ERISIM_ZOR|AGIR_YANMIS,0.3123,"kızılçam, fıstıkçamı",toparlanma=0.31 <0.35,"Aktif dikim adayı. Doğal toparlanma zayıf kalıyor, eğim (23,5°) dikime elverişli.","Modelin tahminine göre yangın öncesi örtünün ancak %31 kadarı iki yılda geri gelecek — kendi başına kapanmayacak bir açık var. En yakın yol 2,43 km — erişim ve lojistik bu karede belirleyici olacak. Yangın orta-yüksek şiddet sınıfında (dNBR 0,64); toprak yüzeyi büyük olasılıkla açıkta. Yetişme ortamı: Ege kuşağı, 478 m, orta eğimli (10–25°). Bu koşullar için önerilen türler: kızılçam, fıstıkçamı. Tür önerisi sistemin çıkarımı değil, dışarıdan verilen tablodan okunmuştur. Tablo: ÖRNEK TABLO — OGM tür-yetişme ortamı rehberi ile değiştirilecek",True
EGE_2021_04_006853,DIKIM_ADAYI,ERISIM_ZOR,0.3468,"kızılçam, fıstıkçamı",toparlanma=0.35 <0.35,"Aktif dikim adayı. Doğal toparlanma zayıf kalıyor, eğim (20,5°) dikime elverişli.","Modelin tahminine göre yangın öncesi örtünün ancak %35 kadarı iki yılda geri gelecek — kendi başına kapanmayacak bir açık var. En yakın yol 2,49 km — erişim ve lojistik bu karede belirleyici olacak. Yetişme ortamı: Ege kuşağı, 492 m, orta eğimli (10–25°). Bu koşullar için önerilen türler: kızılçam, fıstıkçamı. Tür önerisi sistemin çıkarımı değil, dışarıdan verilen tablodan okunmuştur. Tablo: ÖRNEK TABLO — OGM tür-yetişme ortamı rehberi ile değiştirilecek",True
EGE_2021_04_006854,IZLE,ERISIM_ZOR,,,prediction_status=low_severity,"İzle, müdahale etme. Yangın bu kareyi ağır yakmamış (düşük şiddet, dNBR 0,27).","Model bu rejimde tahmin üretmiyor. Kendi toparlanması bekleniyor, müdahale listesine alınmıyor. En yakın yol 2,25 km — erişim ve lojistik bu karede belirleyici olacak.",True
EGE_2021_04_006855,IZLE,ERISIM_ZOR,,,prediction_status=low_severity,"İzle, müdahale etme. Yangın bu kareyi ağır yakmamış (düşük şiddet, dNBR 0,24).","Model bu rejimde tahmin üretmiyor. Kendi toparlanması bekleniyor, müdahale listesine alınmıyor. En yakın yol 2,00 km — erişim ve lojistik bu karede belirleyici olacak.",True
EGE_2021_04_006856,IZLE,,,,prediction_status=low_severity,"İzle, müdahale etme. Yangın bu kareyi ağır yakmamış (düşük şiddet, dNBR 0,25).","Model bu rejimde tahmin üretmiyor. Kendi toparlanması bekleniyor, müdahale listesine alınmıyor.",True
EGE_2021_04_006857,ONCELIGE_GORE,,0.4593,,toparlanma=0.46 0.35..0.50,Öncelik sırasına göre değerlendir. Kısmi toparlanma bekleniyor; müdahale kararı bütçeye ve sıraya bağlı.,Modelin tahminine göre yangın öncesi örtünün %46 kadarı iki yılda geri gelecek. Ne kendi kapanacak kadar iyi ne de acil müdahale gerektirecek kadar kötü — öncelik skoru bu kareyi sıranın neresine koyduğuna bakın.,True
EGE_2021_04_006863,IZLE,,,,prediction_status=low_severity,"İzle, müdahale etme. Yangın bu kareyi ağır yakmamış (düşük şiddet, dNBR 0,12).","Model bu rejimde tahmin üretmiyor. Kendi toparlanması bekleniyor, müdahale listesine alınmıyor.",True
EGE_2021_04_006864,IZLE,,,,prediction_status=low_severity,"İzle, müdahale etme. Yangın bu kareyi ağır yakmamış (düşük şiddet, dNBR 0,12).","Model bu rejimde tahmin üretmiyor. Kendi toparlanması bekleniyor, müdahale listesine alınmıyor.",True
EGE_2021_04_006865,IZLE,,,,prediction_status=low_severity,"İzle, müdahale etme. Yangın bu kareyi ağır yakmamış (düşük şiddet, dNBR 0,21).","Model bu rejimde tahmin üretmiyor. Kendi toparlanması bekleniyor, müdahale listesine alınmıyor.",True
EGE_2021_04_006866,IZLE,,,,prediction_status=low_severity,"İzle, müdahale etme. Yangın bu kareyi ağır yakmamış (düşük şiddet, dNBR 0,19).","Model bu rejimde tahmin üretmiyor. Kendi toparlanması bekleniyor, müdahale listesine alınmıyor.",True
EGE_2021_04_006867,IZLE,,,,prediction_status=low_severity,"İzle, müdahale etme. Yangın bu kareyi ağır yakmamış (düşük şiddet, dNBR 0,20).","Model bu rejimde tahmin üretmiyor. Kendi toparlanması bekleniyor, müdahale listesine alınmıyor.",True
EGE_2021_04_006868,IZLE,,,,prediction_status=low_severity,"İzle, müdahale etme. Yangın bu kareyi ağır yakmamış (düşük şiddet, dNBR 0,11).","Model bu rejimde tahmin üretmiyor. Kendi toparlanması bekleniyor, müdahale listesine alınmıyor.",True
EGE_2021_04_006949,IZLE,,,,prediction_status=low_severity,"İzle, müdahale etme. Yangın bu kareyi ağır yakmamış (düşük şiddet, dNBR 0,15).","Model bu rejimde tahmin üretmiyor. Kendi toparlanması bekleniyor, müdahale listesine alınmıyor.",True
EGE_2021_04_006950,DIKIM_ADAYI,AGIR_YANMIS,0.2803,"kızılçam, fıstıkçamı",toparlanma=0.28 <0.35,"Aktif dikim adayı. Doğal toparlanma zayıf kalıyor, eğim (19,0°) dikime elverişli.","Modelin tahminine göre yangın öncesi örtünün ancak %28 kadarı iki yılda geri gelecek — kendi başına kapanmayacak bir açık var. Yangın orta-yüksek şiddet sınıfında (dNBR 0,53); toprak yüzeyi büyük olasılıkla açıkta. Yetişme ortamı: Ege kuşağı, 455 m, orta eğimli (10–25°). Bu koşullar için önerilen türler: kızılçam, fıstıkçamı. Tür önerisi sistemin çıkarımı değil, dışarıdan verilen tablodan okunmuştur. Tablo: ÖRNEK TABLO — OGM tür-yetişme ortamı rehberi ile değiştirilecek",True
EGE_2021_04_006951,DIKIM_ADAYI,AGIR_YANMIS,0.3429,"kızılçam, fıstıkçamı",toparlanma=0.34 <0.35,"Aktif dikim adayı. Doğal toparlanma zayıf kalıyor, eğim (18,0°) dikime elverişli.","Modelin tahminine göre yangın öncesi örtünün ancak %34 kadarı iki yılda geri gelecek — kendi başına kapanmayacak bir açık var. Yangın orta-yüksek şiddet sınıfında (dNBR 0,61); toprak yüzeyi büyük olasılıkla açıkta. Yetişme ortamı: Ege kuşağı, 436 m, orta eğimli (10–25°). Bu koşullar için önerilen türler: kızılçam, fıstıkçamı. Tür önerisi sistemin çıkarımı değil, dışarıdan verilen tablodan okunmuştur. Tablo: ÖRNEK TABLO — OGM tür-yetişme ortamı rehberi ile değiştirilecek",True
EGE_2021_04_006952,EROZYON_ONCE,AGIR_YANMIS,0.3491,"kızılçam, fıstıkçamı",toparlanma=0.35 egim=30.8>=25 <0.35,"Önce erozyon kontrolü. Toparlanma tahmini zayıf ve eğim 30,8° — dikimden önce toprak tutma önlemi gerekiyor.","Modelin tahminine göre yangın öncesi örtünün ancak %35 kadarı iki yılda geri gelecek. Dik yamaçta çıplak toprak ilk sağanakta taşınır; stabilizasyon yapılmadan yapılan dikim de birlikte gider. Yangın orta-yüksek şiddet sınıfında (dNBR 0,54); toprak yüzeyi büyük olasılıkla açıkta. Yetişme ortamı: Ege kuşağı, 546 m, dik yamaç (25°+). Bu koşullar için önerilen türler: kızılçam, fıstıkçamı. Tür önerisi sistemin çıkarımı değil, dışarıdan verilen tablodan okunmuştur. Tablo: ÖRNEK TABLO — OGM tür-yetişme ortamı rehberi ile değiştirilecek",True
EGE_2021_04_006953,ONCELIGE_GORE,AGIR_YANMIS,0.3556,,toparlanma=0.36 0.35..0.50,Öncelik sırasına göre değerlendir. Kısmi toparlanma bekleniyor; müdahale kararı bütçeye ve sıraya bağlı.,"Modelin tahminine göre yangın öncesi örtünün %36 kadarı iki yılda geri gelecek. Ne kendi kapanacak kadar iyi ne de acil müdahale gerektirecek kadar kötü — öncelik skoru bu kareyi sıranın neresine koyduğuna bakın. Yangın orta-yüksek şiddet sınıfında (dNBR 0,52); toprak yüzeyi büyük olasılıkla açıkta.",True
EGE_2021_04_006954,DIKIM_ADAYI,ERISIM_ZOR|AGIR_YANMIS,0.3282,"kızılçam, fıstıkçamı",toparlanma=0.33 <0.35,"Aktif dikim adayı. Doğal toparlanma zayıf kalıyor, eğim (8,3°) dikime elverişli.","Modelin tahminine göre yangın öncesi örtünün ancak %33 kadarı iki yılda geri gelecek — kendi başına kapanmayacak bir açık var. En yakın yol 2,02 km — erişim ve lojistik bu karede belirleyici olacak. Yangın orta-yüksek şiddet sınıfında (dNBR 0,48); toprak yüzeyi büyük olasılıkla açıkta. Yetişme ortamı: Ege kuşağı, 696 m, düz-hafif eğimli (0–10°). Bu koşullar için önerilen türler: kızılçam, fıstıkçamı. Tür önerisi sistemin çıkarımı değil, dışarıdan verilen tablodan okunmuştur. Tablo: ÖRNEK TABLO — OGM tür-yetişme ortamı rehberi ile değiştirilecek",True
EGE_2021_04_006955,ONCELIGE_GORE,ERISIM_ZOR|ESKIDEN_ORMAN_DEGIL,0.4388,,toparlanma=0.44 0.35..0.50,Öncelik sırasına göre değerlendir. Kısmi toparlanma bekleniyor; müdahale kararı bütçeye ve sıraya bağlı.,"Modelin tahminine göre yangın öncesi örtünün %44 kadarı iki yılda geri gelecek. Ne kendi kapanacak kadar iyi ne de acil müdahale gerektirecek kadar kötü — öncelik skoru bu kareyi sıranın neresine koyduğuna bakın. En yakın yol 2,12 km — erişim ve lojistik bu karede belirleyici olacak. Yangın öncesi örtü otlak ve çalılık idi; orman kurma değil, mevcut örtünün onarımı düşünülmeli.",True
EGE_2021_04_006956,ONCELIGE_GORE,ERISIM_ZOR|ESKIDEN_ORMAN_DEGIL|AGIR_YANMIS,0.4252,,toparlanma=0.43 0.35..0.50,Öncelik sırasına göre değerlendir. Kısmi toparlanma bekleniyor; müdahale kararı bütçeye ve sıraya bağlı.,"Modelin tahminine göre yangın öncesi örtünün %43 kadarı iki yılda geri gelecek. Ne kendi kapanacak kadar iyi ne de acil müdahale gerektirecek kadar kötü — öncelik skoru bu kareyi sıranın neresine koyduğuna bakın. En yakın yol 2,08 km — erişim ve lojistik bu karede belirleyici olacak. Yangın öncesi örtü otlak ve çalılık idi; orman kurma değil, mevcut örtünün onarımı düşünülmeli. Yangın orta-yüksek şiddet sınıfında (dNBR 0,61); toprak yüzeyi büyük olasılıkla açıkta.",True
EGE_2021_04_006957,DIKIM_ADAYI,ERISIM_ZOR|AGIR_YANMIS,0.3241,"kızılçam, fıstıkçamı",toparlanma=0.32 <0.35,"Aktif dikim adayı. Doğal toparlanma zayıf kalıyor, eğim (22,5°) dikime elverişli.","Modelin tahminine göre yangın öncesi örtünün ancak %32 kadarı iki yılda geri gelecek — kendi başına kapanmayacak bir açık var. En yakın yol 2,06 km — erişim ve lojistik bu karede belirleyici olacak. Yangın orta-yüksek şiddet sınıfında (dNBR 0,56); toprak yüzeyi büyük olasılıkla açıkta. Yetişme ortamı: Ege kuşağı, 559 m, orta eğimli (10–25°). Bu koşullar için önerilen türler: kızılçam, fıstıkçamı. Tür önerisi sistemin çıkarımı değil, dışarıdan verilen tablodan okunmuştur. Tablo: ÖRNEK TABLO — OGM tür-yetişme ortamı rehberi ile değiştirilecek",True
EGE_2021_04_006958,DIKIM_ADAYI,ERISIM_ZOR|AGIR_YANMIS,0.3206,"kızılçam, fıstıkçamı",toparlanma=0.32 <0.35,"Aktif dikim adayı. Doğal toparlanma zayıf kalıyor, eğim (22,5°) dikime elverişli.","Modelin tahminine göre yangın öncesi örtünün ancak %32 kadarı iki yılda geri gelecek — kendi başına kapanmayacak bir açık var. En yakın yol 2,08 km — erişim ve lojistik bu karede belirleyici olacak. Yangın orta-yüksek şiddet sınıfında (dNBR 0,64); toprak yüzeyi büyük olasılıkla açıkta. Yetişme ortamı: Ege kuşağı, 448 m, orta eğimli (10–25°). Bu koşullar için önerilen türler: kızılçam, fıstıkçamı. Tür önerisi sistemin çıkarımı değil, dışarıdan verilen tablodan okunmuştur. Tablo: ÖRNEK TABLO — OGM tür-yetişme ortamı rehberi ile değiştirilecek",True
EGE_2021_04_006959,DIKIM_ADAYI,ERISIM_ZOR|AGIR_YANMIS,0.2672,"kızılçam, fıstıkçamı",toparlanma=0.27 <0.35,"Aktif dikim adayı. Doğal toparlanma zayıf kalıyor, eğim (17,9°) dikime elverişli.","Modelin tahminine göre yangın öncesi örtünün ancak %27 kadarı iki yılda geri gelecek — kendi başına kapanmayacak bir açık var. En yakın yol 2,12 km — erişim ve lojistik bu karede belirleyici olacak. Yangın orta-yüksek şiddet sınıfında (dNBR 0,46); toprak yüzeyi büyük olasılıkla açıkta. Yetişme ortamı: Ege kuşağı, 375 m, orta eğimli (10–25°). Bu koşullar için önerilen türler: kızılçam, fıstıkçamı. Tür önerisi sistemin çıkarımı değil, dışarıdan verilen tablodan okunmuştur. Tablo: ÖRNEK TABLO — OGM tür-yetişme ortamı rehberi ile değiştirilecek",True
EGE_2021_04_006960,DIKIM_ADAYI,ERISIM_ZOR,0.3222,"kızılçam, fıstıkçamı",toparlanma=0.32 <0.35,"Aktif dikim adayı. Doğal toparlanma zayıf kalıyor, eğim (21,8°) dikime elverişli.","Modelin tahminine göre yangın öncesi örtünün ancak %32 kadarı iki yılda geri gelecek — kendi başına kapanmayacak bir açık var. En yakın yol 2,20 km — erişim ve lojistik bu karede belirleyici olacak. Yetişme ortamı: Ege kuşağı, 403 m, orta eğimli (10–25°). Bu koşullar için önerilen türler: kızılçam, fıstıkçamı. Tür önerisi sistemin çıkarımı değil, dışarıdan verilen tablodan okunmuştur. Tablo: ÖRNEK TABLO — OGM tür-yetişme ortamı rehberi ile değiştirilecek",True
EGE_2021_04_006964,ONCELIGE_GORE,,0.4422,,toparlanma=0.44 0.35..0.50,Öncelik sırasına göre değerlendir. Kısmi toparlanma bekleniyor; müdahale kararı bütçeye ve sıraya bağlı.,Modelin tahminine göre yangın öncesi örtünün %44 kadarı iki yılda geri gelecek. Ne kendi kapanacak kadar iyi ne de acil müdahale gerektirecek kadar kötü — öncelik skoru bu kareyi sıranın neresine koyduğuna bakın.,True
EGE_2021_04_006965,GENCLESME_IZLE,,0.5016,,toparlanma=0.50 >=0.50,Doğal gençleşmeyi izle. Doğal toparlanma yeterli görünüyor.,Modelin tahminine göre yangın öncesi örtünün %50 kadarı iki yılda geri geliyor — bu yangınlarda ölçtüğümüz tipik toparlanmanın üstünde. Müdahale yerine izleme öneriliyor; kaynak daha zayıf karelere ayrılmalı.,True
EGE_2021_04_006972,IZLE,,,,prediction_status=low_severity,"İzle, müdahale etme. Yangın bu kareyi ağır yakmamış (düşük şiddet, dNBR 0,17).","Model bu rejimde tahmin üretmiyor. Kendi toparlanması bekleniyor, müdahale listesine alınmıyor.",True
EGE_2021_04_006973,IZLE,,,,prediction_status=low_severity,"İzle, müdahale etme. Yangın bu kareyi ağır yakmamış (düşük şiddet, dNBR 0,21).","Model bu rejimde tahmin üretmiyor. Kendi toparlanması bekleniyor, müdahale listesine alınmıyor.",True
EGE_2021_04_006974,IZLE,,,,prediction_status=low_severity,"İzle, müdahale etme. Yangın bu kareyi ağır yakmamış (düşük şiddet, dNBR 0,20).","Model bu rejimde tahmin üretmiyor. Kendi toparlanması bekleniyor, müdahale listesine alınmıyor.",True
EGE_2021_04_006975,IZLE,,,,prediction_status=low_severity,"İzle, müdahale etme. Yangın bu kareyi ağır yakmamış (düşük şiddet, dNBR 0,11).","Model bu rejimde tahmin üretmiyor. Kendi toparlanması bekleniyor, müdahale listesine alınmıyor.",True
EGE_2021_04_007057,IZLE,,,,prediction_status=low_severity,"İzle, müdahale etme. Yangın bu kareyi ağır yakmamış (düşük şiddet, dNBR 0,20).","Model bu rejimde tahmin üretmiyor. Kendi toparlanması bekleniyor, müdahale listesine alınmıyor.",True
EGE_2021_04_007058,DIKIM_ADAYI,AGIR_YANMIS,0.3239,"kızılçam, fıstıkçamı",toparlanma=0.32 <0.35,"Aktif dikim adayı. Doğal toparlanma zayıf kalıyor, eğim (14,5°) dikime elverişli.","Modelin tahminine göre yangın öncesi örtünün ancak %32 kadarı iki yılda geri gelecek — kendi başına kapanmayacak bir açık var. Yangın orta-yüksek şiddet sınıfında (dNBR 0,47); toprak yüzeyi büyük olasılıkla açıkta. Yetişme ortamı: Ege kuşağı, 415 m, orta eğimli (10–25°). Bu koşullar için önerilen türler: kızılçam, fıstıkçamı. Tür önerisi sistemin çıkarımı değil, dışarıdan verilen tablodan okunmuştur. Tablo: ÖRNEK TABLO — OGM tür-yetişme ortamı rehberi ile değiştirilecek",True
EGE_2021_04_007059,ONCELIGE_GORE,DIK_YAMAC|AGIR_YANMIS,0.358,,toparlanma=0.36 0.35..0.50,Öncelik sırasına göre değerlendir. Kısmi toparlanma bekleniyor; müdahale kararı bütçeye ve sıraya bağlı.,"Modelin tahminine göre yangın öncesi örtünün %36 kadarı iki yılda geri gelecek. Ne kendi kapanacak kadar iyi ne de acil müdahale gerektirecek kadar kötü — öncelik skoru bu kareyi sıranın neresine koyduğuna bakın. Eğim 26,2° ile yüksek; makineli çalışma sınırlı olabilir. Yangın orta-yüksek şiddet sınıfında (dNBR 0,57); toprak yüzeyi büyük olasılıkla açıkta.",True
EGE_2021_04_007060,EROZYON_ONCE,AGIR_YANMIS,0.3033,"kızılçam, fıstıkçamı",toparlanma=0.30 egim=26.3>=25 <0.35,"Önce erozyon kontrolü. Toparlanma tahmini zayıf ve eğim 26,3° — dikimden önce toprak tutma önlemi gerekiyor.","Modelin tahminine göre yangın öncesi örtünün ancak %30 kadarı iki yılda geri gelecek. Dik yamaçta çıplak toprak ilk sağanakta taşınır; stabilizasyon yapılmadan yapılan dikim de birlikte gider. Yangın orta-yüksek şiddet sınıfında (dNBR 0,53); toprak yüzeyi büyük olasılıkla açıkta. Yetişme ortamı: Ege kuşağı, 573 m, dik yamaç (25°+). Bu koşullar için önerilen türler: kızılçam, fıstıkçamı. Tür önerisi sistemin çıkarımı değil, dışarıdan verilen tablodan okunmuştur. Tablo: ÖRNEK TABLO — OGM tür-yetişme ortamı rehberi ile değiştirilecek",True
EGE_2021_04_007061,DIKIM_ADAYI,AGIR_YANMIS,0.3254,"kızılçam, fıstıkçamı",toparlanma=0.33 <0.35,"Aktif dikim adayı. Doğal toparlanma zayıf kalıyor, eğim (16,9°) dikime elverişli.","Modelin tahminine göre yangın öncesi örtünün ancak %33 kadarı iki yılda geri gelecek — kendi başına kapanmayacak bir açık var. Yangın orta-yüksek şiddet sınıfında (dNBR 0,50); toprak yüzeyi büyük olasılıkla açıkta. Yetişme ortamı: Ege kuşağı, 642 m, orta eğimli (10–25°). Bu koşullar için önerilen türler: kızılçam, fıstıkçamı. Tür önerisi sistemin çıkarımı değil, dışarıdan verilen tablodan okunmuştur. Tablo: ÖRNEK TABLO — OGM tür-yetişme ortamı rehberi ile değiştirilecek",True
EGE_2021_04_007062,ONCELIGE_GORE,AGIR_YANMIS,0.3725,,toparlanma=0.37 0.35..0.50,Öncelik sırasına göre değerlendir. Kısmi toparlanma bekleniyor; müdahale kararı bütçeye ve sıraya bağlı.,"Modelin tahminine göre yangın öncesi örtünün %37 kadarı iki yılda geri gelecek. Ne kendi kapanacak kadar iyi ne de acil müdahale gerektirecek kadar kötü — öncelik skoru bu kareyi sıranın neresine koyduğuna bakın. Yangın orta-yüksek şiddet sınıfında (dNBR 0,46); toprak yüzeyi büyük olasılıkla açıkta.",True
EGE_2021_04_007063,IZLE,ESKIDEN_ORMAN_DEGIL,,,prediction_status=low_severity,"İzle, müdahale etme. Yangın bu kareyi ağır yakmamış (orta-düşük şiddet, dNBR 0,29).","Model bu rejimde tahmin üretmiyor. Kendi toparlanması bekleniyor, müdahale listesine alınmıyor. Yangın öncesi örtü otlak ve çalılık idi; orman kurma değil, mevcut örtünün onarımı düşünülmeli.",True
EGE_2021_04_007064,ONCELIGE_GORE,ESKIDEN_ORMAN_DEGIL|AGIR_YANMIS,0.374,,toparlanma=0.37 0.35..0.50,Öncelik sırasına göre değerlendir. Kısmi toparlanma bekleniyor; müdahale kararı bütçeye ve sıraya bağlı.,"Modelin tahminine göre yangın öncesi örtünün %37 kadarı iki yılda geri gelecek. Ne kendi kapanacak kadar iyi ne de acil müdahale gerektirecek kadar kötü — öncelik skoru bu kareyi sıranın neresine koyduğuna bakın. Yangın öncesi örtü otlak ve çalılık idi; orman kurma değil, mevcut örtünün onarımı düşünülmeli. Yangın orta-yüksek şiddet sınıfında (dNBR 0,55); toprak yüzeyi büyük olasılıkla açıkta.",True
EGE_2021_04_007065,ONCELIGE_GORE,ESKIDEN_ORMAN_DEGIL|AGIR_YANMIS,0.3881,,toparlanma=0.39 0.35..0.50,Öncelik sırasına göre değerlendir. Kısmi toparlanma bekleniyor; müdahale kararı bütçeye ve sıraya bağlı.,"Modelin tahminine göre yangın öncesi örtünün %39 kadarı iki yılda geri gelecek. Ne kendi kapanacak kadar iyi ne de acil müdahale gerektirecek kadar kötü — öncelik skoru bu kareyi sıranın neresine koyduğuna bakın. Yangın öncesi örtü otlak ve çalılık idi; orman kurma değil, mevcut örtünün onarımı düşünülmeli. Yangın orta-yüksek şiddet sınıfında (dNBR 0,63); toprak yüzeyi büyük olasılıkla açıkta.",True
EGE_2021_04_007066,DIKIM_ADAYI,AGIR_YANMIS,0.3392,"kızılçam, fıstıkçamı",toparlanma=0.34 <0.35,"Aktif dikim adayı. Doğal toparlanma zayıf kalıyor, eğim (15,4°) dikime elverişli.","Modelin tahminine göre yangın öncesi örtünün ancak %34 kadarı iki yılda geri gelecek — kendi başına kapanmayacak bir açık var. Yangın orta-yüksek şiddet sınıfında (dNBR 0,53); toprak yüzeyi büyük olasılıkla açıkta. Yetişme ortamı: Ege kuşağı, 483 m, orta eğimli (10–25°). Bu koşullar için önerilen türler: kızılçam, fıstıkçamı. Tür önerisi sistemin çıkarımı değil, dışarıdan verilen tablodan okunmuştur. Tablo: ÖRNEK TABLO — OGM tür-yetişme ortamı rehberi ile değiştirilecek",True
EGE_2021_04_007067,DIKIM_ADAYI,AGIR_YANMIS,0.3367,"kızılçam, fıstıkçamı",toparlanma=0.34 <0.35,"Aktif dikim adayı. Doğal toparlanma zayıf kalıyor, eğim (18,7°) dikime elverişli.","Modelin tahminine göre yangın öncesi örtünün ancak %34 kadarı iki yılda geri gelecek — kendi başına kapanmayacak bir açık var. Yangın orta-yüksek şiddet sınıfında (dNBR 0,60); toprak yüzeyi büyük olasılıkla açıkta. Yetişme ortamı: Ege kuşağı, 410 m, orta eğimli (10–25°). Bu koşullar için önerilen türler: kızılçam, fıstıkçamı. Tür önerisi sistemin çıkarımı değil, dışarıdan verilen tablodan okunmuştur. Tablo: ÖRNEK TABLO — OGM tür-yetişme ortamı rehberi ile değiştirilecek",True
EGE_2021_04_007068,DIKIM_ADAYI,AGIR_YANMIS,0.3368,"kızılçam, fıstıkçamı",toparlanma=0.34 <0.35,"Aktif dikim adayı. Doğal toparlanma zayıf kalıyor, eğim (22,2°) dikime elverişli.","Modelin tahminine göre yangın öncesi örtünün ancak %34 kadarı iki yılda geri gelecek — kendi başına kapanmayacak bir açık var. Yangın orta-yüksek şiddet sınıfında (dNBR 0,55); toprak yüzeyi büyük olasılıkla açıkta. Yetişme ortamı: Ege kuşağı, 394 m, orta eğimli (10–25°). Bu koşullar için önerilen türler: kızılçam, fıstıkçamı. Tür önerisi sistemin çıkarımı değil, dışarıdan verilen tablodan okunmuştur. Tablo: ÖRNEK TABLO — OGM tür-yetişme ortamı rehberi ile değiştirilecek",True
EGE_2021_04_007069,EROZYON_ONCE,ERISIM_ZOR,0.3201,"kızılçam, fıstıkçamı",toparlanma=0.32 egim=26.6>=25 <0.35,"Önce erozyon kontrolü. Toparlanma tahmini zayıf ve eğim 26,6° — dikimden önce toprak tutma önlemi gerekiyor.","Modelin tahminine göre yangın öncesi örtünün ancak %32 kadarı iki yılda geri gelecek. Dik yamaçta çıplak toprak ilk sağanakta taşınır; stabilizasyon yapılmadan yapılan dikim de birlikte gider. En yakın yol 2,07 km — erişim ve lojistik bu karede belirleyici olacak. Yetişme ortamı: Ege kuşağı, 524 m, dik yamaç (25°+). Bu koşullar için önerilen türler: kızılçam, fıstıkçamı. Tür önerisi sistemin çıkarımı değil, dışarıdan verilen tablodan okunmuştur. Tablo: ÖRNEK TABLO — OGM tür-yetişme ortamı rehberi ile değiştirilecek",True
EGE_2021_04_007070,DIKIM_ADAYI,ERISIM_ZOR,0.3239,"kızılçam, fıstıkçamı",toparlanma=0.32 <0.35,"Aktif dikim adayı. Doğal toparlanma zayıf kalıyor, eğim (16,8°) dikime elverişli.","Modelin tahminine göre yangın öncesi örtünün ancak %32 kadarı iki yılda geri gelecek — kendi başına kapanmayacak bir açık var. En yakın yol 2,10 km — erişim ve lojistik bu karede belirleyici olacak. Yetişme ortamı: Ege kuşağı, 614 m, orta eğimli (10–25°). Bu koşullar için önerilen türler: kızılçam, fıstıkçamı. Tür önerisi sistemin çıkarımı değil, dışarıdan verilen tablodan okunmuştur. Tablo: ÖRNEK TABLO — OGM tür-yetişme ortamı rehberi ile değiştirilecek",True
EGE_2021_04_007071,IZLE,,,,prediction_status=low_severity,"İzle, müdahale etme. Yangın bu kareyi ağır yakmamış (düşük şiddet, dNBR 0,26).","Model bu rejimde tahmin üretmiyor. Kendi toparlanması bekleniyor, müdahale listesine alınmıyor.",True
EGE_2021_04_007072,IZLE,,,,prediction_status=low_severity,"İzle, müdahale etme. Yangın bu kareyi ağır yakmamış (düşük şiddet, dNBR 0,20).","Model bu rejimde tahmin üretmiyor. Kendi toparlanması bekleniyor, müdahale listesine alınmıyor.",True
EGE_2021_04_007073,IZLE,,,,prediction_status=low_severity,"İzle, müdahale etme. Yangın bu kareyi ağır yakmamış (düşük şiddet, dNBR 0,20).","Model bu rejimde tahmin üretmiyor. Kendi toparlanması bekleniyor, müdahale listesine alınmıyor.",True
EGE_2021_04_007080,IZLE,,,,prediction_status=low_severity,"İzle, müdahale etme. Yangın bu kareyi ağır yakmamış (düşük şiddet, dNBR 0,23).","Model bu rejimde tahmin üretmiyor. Kendi toparlanması bekleniyor, müdahale listesine alınmıyor.",True
EGE_2021_04_007081,IZLE,,,,prediction_status=low_severity,"İzle, müdahale etme. Yangın bu kareyi ağır yakmamış (düşük şiddet, dNBR 0,16).","Model bu rejimde tahmin üretmiyor. Kendi toparlanması bekleniyor, müdahale listesine alınmıyor.",True
EGE_2021_04_007082,IZLE,,,,prediction_status=low_severity,"İzle, müdahale etme. Yangın bu kareyi ağır yakmamış (düşük şiddet, dNBR 0,23).","Model bu rejimde tahmin üretmiyor. Kendi toparlanması bekleniyor, müdahale listesine alınmıyor.",True
EGE_2021_04_007083,IZLE,,,,prediction_status=low_severity,"İzle, müdahale etme. Yangın bu kareyi ağır yakmamış (düşük şiddet, dNBR 0,21).","Model bu rejimde tahmin üretmiyor. Kendi toparlanması bekleniyor, müdahale listesine alınmıyor.",True
EGE_2021_04_007140,KAPSAM_DISI,,,,land_cover=Tarim,"Ağaçlandırma kapsamı dışı. Bu kare tarım alanı olarak sınıflanmış, orman rehabilitasyonu hedefi değil.",Öncelik sıralamasına dahil edilmiyor.,False
EGE_2021_04_007164,IZLE,,,,prediction_status=low_severity,"İzle, müdahale etme. Yangın bu kareyi ağır yakmamış (düşük şiddet, dNBR 0,16).","Model bu rejimde tahmin üretmiyor. Kendi toparlanması bekleniyor, müdahale listesine alınmıyor.",True
EGE_2021_04_007165,ONCELIGE_GORE,ESKIDEN_ORMAN_DEGIL|AGIR_YANMIS,0.4058,,toparlanma=0.41 0.35..0.50,Öncelik sırasına göre değerlendir. Kısmi toparlanma bekleniyor; müdahale kararı bütçeye ve sıraya bağlı.,"Modelin tahminine göre yangın öncesi örtünün %41 kadarı iki yılda geri gelecek. Ne kendi kapanacak kadar iyi ne de acil müdahale gerektirecek kadar kötü — öncelik skoru bu kareyi sıranın neresine koyduğuna bakın. Yangın öncesi örtü otlak ve çalılık idi; orman kurma değil, mevcut örtünün onarımı düşünülmeli. Yangın orta-yüksek şiddet sınıfında (dNBR 0,51); toprak yüzeyi büyük olasılıkla açıkta.",True
EGE_2021_04_007166,ONCELIGE_GORE,AGIR_YANMIS,0.3816,,toparlanma=0.38 0.35..0.50,Öncelik sırasına göre değerlendir. Kısmi toparlanma bekleniyor; müdahale kararı bütçeye ve sıraya bağlı.,"Modelin tahminine göre yangın öncesi örtünün %38 kadarı iki yılda geri gelecek. Ne kendi kapanacak kadar iyi ne de acil müdahale gerektirecek kadar kötü — öncelik skoru bu kareyi sıranın neresine koyduğuna bakın. Yangın orta-yüksek şiddet sınıfında (dNBR 0,46); toprak yüzeyi büyük olasılıkla açıkta.",True
EGE_2021_04_007167,DIKIM_ADAYI,AGIR_YANMIS,0.3262,"kızılçam, fıstıkçamı",toparlanma=0.33 <0.35,"Aktif dikim adayı. Doğal toparlanma zayıf kalıyor, eğim (23,2°) dikime elverişli.","Modelin tahminine göre yangın öncesi örtünün ancak %33 kadarı iki yılda geri gelecek — kendi başına kapanmayacak bir açık var. Yangın orta-yüksek şiddet sınıfında (dNBR 0,59); toprak yüzeyi büyük olasılıkla açıkta. Yetişme ortamı: Ege kuşağı, 445 m, orta eğimli (10–25°). Bu koşullar için önerilen türler: kızılçam, fıstıkçamı. Tür önerisi sistemin çıkarımı değil, dışarıdan verilen tablodan okunmuştur. Tablo: ÖRNEK TABLO — OGM tür-yetişme ortamı rehberi ile değiştirilecek",True
EGE_2021_04_007168,DIKIM_ADAYI,AGIR_YANMIS,0.3229,"kızılçam, fıstıkçamı",toparlanma=0.32 <0.35,"Aktif dikim adayı. Doğal toparlanma zayıf kalıyor, eğim (20,2°) dikime elverişli.","Modelin tahminine göre yangın öncesi örtünün ancak %32 kadarı iki yılda geri gelecek — kendi başına kapanmayacak bir açık var. Yangın orta-yüksek şiddet sınıfında (dNBR 0,56); toprak yüzeyi büyük olasılıkla açıkta. Yetişme ortamı: Ege kuşağı, 507 m, orta eğimli (10–25°). Bu koşullar için önerilen türler: kızılçam, fıstıkçamı. Tür önerisi sistemin çıkarımı değil, dışarıdan verilen tablodan okunmuştur. Tablo: ÖRNEK TABLO — OGM tür-yetişme ortamı rehberi ile değiştirilecek",True
EGE_2021_04_007169,DIKIM_ADAYI,AGIR_YANMIS,0.2978,"kızılçam, fıstıkçamı",toparlanma=0.30 <0.35,"Aktif dikim adayı. Doğal toparlanma zayıf kalıyor, eğim (23,2°) dikime elverişli.","Modelin tahminine göre yangın öncesi örtünün ancak %30 kadarı iki yılda geri gelecek — kendi başına kapanmayacak bir açık var. Yangın orta-yüksek şiddet sınıfında (dNBR 0,58); toprak yüzeyi büyük olasılıkla açıkta. Yetişme ortamı: Ege kuşağı, 587 m, orta eğimli (10–25°). Bu koşullar için önerilen türler: kızılçam, fıstıkçamı. Tür önerisi sistemin çıkarımı değil, dışarıdan verilen tablodan okunmuştur. Tablo: ÖRNEK TABLO — OGM tür-yetişme ortamı rehberi ile değiştirilecek",True
EGE_2021_04_007170,DIKIM_ADAYI,AGIR_YANMIS,0.3479,"kızılçam, fıstıkçamı",toparlanma=0.35 <0.35,"Aktif dikim adayı. Doğal toparlanma zayıf kalıyor, eğim (12,2°) dikime elverişli.","Modelin tahminine göre yangın öncesi örtünün ancak %35 kadarı iki yılda geri gelecek — kendi başına kapanmayacak bir açık var. Yangın orta-yüksek şiddet sınıfında (dNBR 0,51); toprak yüzeyi büyük olasılıkla açıkta. Yetişme ortamı: Ege kuşağı, 669 m, orta eğimli (10–25°). Bu koşullar için önerilen türler: kızılçam, fıstıkçamı. Tür önerisi sistemin çıkarımı değil, dışarıdan verilen tablodan okunmuştur. Tablo: ÖRNEK TABLO — OGM tür-yetişme ortamı rehberi ile değiştirilecek",True
EGE_2021_04_007171,ONCELIGE_GORE,AGIR_YANMIS,0.3658,,toparlanma=0.37 0.35..0.50,Öncelik sırasına göre değerlendir. Kısmi toparlanma bekleniyor; müdahale kararı bütçeye ve sıraya bağlı.,"Modelin tahminine göre yangın öncesi örtünün %37 kadarı iki yılda geri gelecek. Ne kendi kapanacak kadar iyi ne de acil müdahale gerektirecek kadar kötü — öncelik skoru bu kareyi sıranın neresine koyduğuna bakın. Yangın orta-yüksek şiddet sınıfında (dNBR 0,47); toprak yüzeyi büyük olasılıkla açıkta.",True
EGE_2021_04_007172,ONCELIGE_GORE,AGIR_YANMIS,0.4037,,toparlanma=0.40 0.35..0.50,Öncelik sırasına göre değerlendir. Kısmi toparlanma bekleniyor; müdahale kararı bütçeye ve sıraya bağlı.,"Modelin tahminine göre yangın öncesi örtünün %40 kadarı iki yılda geri gelecek. Ne kendi kapanacak kadar iyi ne de acil müdahale gerektirecek kadar kötü — öncelik skoru bu kareyi sıranın neresine koyduğuna bakın. Yangın orta-yüksek şiddet sınıfında (dNBR 0,49); toprak yüzeyi büyük olasılıkla açıkta.",True
EGE_2021_04_007173,ONCELIGE_GORE,ESKIDEN_ORMAN_DEGIL|DIK_YAMAC|AGIR_YANMIS,0.4555,,toparlanma=0.46 0.35..0.50,Öncelik sırasına göre değerlendir. Kısmi toparlanma bekleniyor; müdahale kararı bütçeye ve sıraya bağlı.,"Modelin tahminine göre yangın öncesi örtünün %46 kadarı iki yılda geri gelecek. Ne kendi kapanacak kadar iyi ne de acil müdahale gerektirecek kadar kötü — öncelik skoru bu kareyi sıranın neresine koyduğuna bakın. Yangın öncesi örtü otlak ve çalılık idi; orman kurma değil, mevcut örtünün onarımı düşünülmeli. Eğim 26,7° ile yüksek; makineli çalışma sınırlı olabilir. Yangın orta-yüksek şiddet sınıfında (dNBR 0,48); toprak yüzeyi büyük olasılıkla açıkta.",True
EGE_2021_04_007174,ONCELIGE_GORE,DIK_YAMAC,0.3557,,toparlanma=0.36 0.35..0.50,Öncelik sırasına göre değerlendir. Kısmi toparlanma bekleniyor; müdahale kararı bütçeye ve sıraya bağlı.,"Modelin tahminine göre yangın öncesi örtünün %36 kadarı iki yılda geri gelecek. Ne kendi kapanacak kadar iyi ne de acil müdahale gerektirecek kadar kötü — öncelik skoru bu kareyi sıranın neresine koyduğuna bakın. Eğim 25,3° ile yüksek; makineli çalışma sınırlı olabilir.",True
EGE_2021_04_007175,EROZYON_ONCE,,0.3346,"kızılçam, fıstıkçamı",toparlanma=0.33 egim=25.9>=25 <0.35,"Önce erozyon kontrolü. Toparlanma tahmini zayıf ve eğim 25,9° — dikimden önce toprak tutma önlemi gerekiyor.","Modelin tahminine göre yangın öncesi örtünün ancak %33 kadarı iki yılda geri gelecek. Dik yamaçta çıplak toprak ilk sağanakta taşınır; stabilizasyon yapılmadan yapılan dikim de birlikte gider. Yetişme ortamı: Ege kuşağı, 428 m, dik yamaç (25°+). Bu koşullar için önerilen türler: kızılçam, fıstıkçamı. Tür önerisi sistemin çıkarımı değil, dışarıdan verilen tablodan okunmuştur. Tablo: ÖRNEK TABLO — OGM tür-yetişme ortamı rehberi ile değiştirilecek",True
EGE_2021_04_007176,ONCELIGE_GORE,,0.4316,,toparlanma=0.43 0.35..0.50,Öncelik sırasına göre değerlendir. Kısmi toparlanma bekleniyor; müdahale kararı bütçeye ve sıraya bağlı.,Modelin tahminine göre yangın öncesi örtünün %43 kadarı iki yılda geri gelecek. Ne kendi kapanacak kadar iyi ne de acil müdahale gerektirecek kadar kötü — öncelik skoru bu kareyi sıranın neresine koyduğuna bakın.,True
EGE_2021_04_007177,ONCELIGE_GORE,,0.3604,,toparlanma=0.36 0.35..0.50,Öncelik sırasına göre değerlendir. Kısmi toparlanma bekleniyor; müdahale kararı bütçeye ve sıraya bağlı.,Modelin tahminine göre yangın öncesi örtünün %36 kadarı iki yılda geri gelecek. Ne kendi kapanacak kadar iyi ne de acil müdahale gerektirecek kadar kötü — öncelik skoru bu kareyi sıranın neresine koyduğuna bakın.,True
EGE_2021_04_007178,ONCELIGE_GORE,ERISIM_ZOR,0.3503,,toparlanma=0.35 0.35..0.50,Öncelik sırasına göre değerlendir. Kısmi toparlanma bekleniyor; müdahale kararı bütçeye ve sıraya bağlı.,"Modelin tahminine göre yangın öncesi örtünün %35 kadarı iki yılda geri gelecek. Ne kendi kapanacak kadar iyi ne de acil müdahale gerektirecek kadar kötü — öncelik skoru bu kareyi sıranın neresine koyduğuna bakın. En yakın yol 2,00 km — erişim ve lojistik bu karede belirleyici olacak.",True
EGE_2021_04_007179,IZLE,,,,prediction_status=low_severity,"İzle, müdahale etme. Yangın bu kareyi ağır yakmamış (orta-düşük şiddet, dNBR 0,29).","Model bu rejimde tahmin üretmiyor. Kendi toparlanması bekleniyor, müdahale listesine alınmıyor.",True
EGE_2021_04_007180,IZLE,,,,prediction_status=low_severity,"İzle, müdahale etme. Yangın bu kareyi ağır yakmamış (düşük şiddet, dNBR 0,11).","Model bu rejimde tahmin üretmiyor. Kendi toparlanması bekleniyor, müdahale listesine alınmıyor.",True
EGE_2021_04_007183,IZLE,ESKIDEN_ORMAN_DEGIL,,,prediction_status=low_severity,"İzle, müdahale etme. Yangın bu kareyi ağır yakmamış (düşük şiddet, dNBR 0,20).","Model bu rejimde tahmin üretmiyor. Kendi toparlanması bekleniyor, müdahale listesine alınmıyor. Yangın öncesi örtü otlak ve çalılık idi; orman kurma değil, mevcut örtünün onarımı düşünülmeli.",True
EGE_2021_04_007188,IZLE,,,,prediction_status=low_severity,"İzle, müdahale etme. Yangın bu kareyi ağır yakmamış (düşük şiddet, dNBR 0,17).","Model bu rejimde tahmin üretmiyor. Kendi toparlanması bekleniyor, müdahale listesine alınmıyor.",True
EGE_2021_04_007189,IZLE,,,,prediction_status=low_severity,"İzle, müdahale etme. Yangın bu kareyi ağır yakmamış (düşük şiddet, dNBR 0,18).","Model bu rejimde tahmin üretmiyor. Kendi toparlanması bekleniyor, müdahale listesine alınmıyor.",True
EGE_2021_04_007190,IZLE,,,,prediction_status=low_severity,"İzle, müdahale etme. Yangın bu kareyi ağır yakmamış (düşük şiddet, dNBR 0,14).","Model bu rejimde tahmin üretmiyor. Kendi toparlanması bekleniyor, müdahale listesine alınmıyor.",True
EGE_2021_04_007191,IZLE,,,,prediction_status=low_severity,"İzle, müdahale etme. Yangın bu kareyi ağır yakmamış (düşük şiddet, dNBR 0,18).","Model bu rejimde tahmin üretmiyor. Kendi toparlanması bekleniyor, müdahale listesine alınmıyor.",True
EGE_2021_04_007192,IZLE,,,,prediction_status=low_severity,"İzle, müdahale etme. Yangın bu kareyi ağır yakmamış (düşük şiddet, dNBR 0,21).","Model bu rejimde tahmin üretmiyor. Kendi toparlanması bekleniyor, müdahale listesine alınmıyor.",True
EGE_2021_04_007249,KAPSAM_DISI,,,,land_cover=Tarim,"Ağaçlandırma kapsamı dışı. Bu kare tarım alanı olarak sınıflanmış, orman rehabilitasyonu hedefi değil.",Öncelik sıralamasına dahil edilmiyor.,False
EGE_2021_04_007272,IZLE,ESKIDEN_ORMAN_DEGIL,,,prediction_status=low_severity,"İzle, müdahale etme. Yangın bu kareyi ağır yakmamış (orta-düşük şiddet, dNBR 0,28).","Model bu rejimde tahmin üretmiyor. Kendi toparlanması bekleniyor, müdahale listesine alınmıyor. Yangın öncesi örtü otlak ve çalılık idi; orman kurma değil, mevcut örtünün onarımı düşünülmeli.",True
EGE_2021_04_007273,ONCELIGE_GORE,ESKIDEN_ORMAN_DEGIL|AGIR_YANMIS,0.3852,,toparlanma=0.39 0.35..0.50,Öncelik sırasına göre değerlendir. Kısmi toparlanma bekleniyor; müdahale kararı bütçeye ve sıraya bağlı.,"Modelin tahminine göre yangın öncesi örtünün %39 kadarı iki yılda geri gelecek. Ne kendi kapanacak kadar iyi ne de acil müdahale gerektirecek kadar kötü — öncelik skoru bu kareyi sıranın neresine koyduğuna bakın. Yangın öncesi örtü otlak ve çalılık idi; orman kurma değil, mevcut örtünün onarımı düşünülmeli. Yangın orta-yüksek şiddet sınıfında (dNBR 0,48); toprak yüzeyi büyük olasılıkla açıkta.",True
EGE_2021_04_007274,ONCELIGE_GORE,AGIR_YANMIS,0.3929,,toparlanma=0.39 0.35..0.50,Öncelik sırasına göre değerlendir. Kısmi toparlanma bekleniyor; müdahale kararı bütçeye ve sıraya bağlı.,"Modelin tahminine göre yangın öncesi örtünün %39 kadarı iki yılda geri gelecek. Ne kendi kapanacak kadar iyi ne de acil müdahale gerektirecek kadar kötü — öncelik skoru bu kareyi sıranın neresine koyduğuna bakın. Yangın orta-yüksek şiddet sınıfında (dNBR 0,52); toprak yüzeyi büyük olasılıkla açıkta.",True
EGE_2021_04_007275,DIKIM_ADAYI,AGIR_YANMIS,0.2913,"kızılçam, fıstıkçamı",toparlanma=0.29 <0.35,"Aktif dikim adayı. Doğal toparlanma zayıf kalıyor, eğim (17,1°) dikime elverişli.","Modelin tahminine göre yangın öncesi örtünün ancak %29 kadarı iki yılda geri gelecek — kendi başına kapanmayacak bir açık var. Yangın yüksek şiddet sınıfında (dNBR 0,71); toprak yüzeyi büyük olasılıkla açıkta. Yetişme ortamı: Ege kuşağı, 403 m, orta eğimli (10–25°). Bu koşullar için önerilen türler: kızılçam, fıstıkçamı. Tür önerisi sistemin çıkarımı değil, dışarıdan verilen tablodan okunmuştur. Tablo: ÖRNEK TABLO — OGM tür-yetişme ortamı rehberi ile değiştirilecek",True
EGE_2021_04_007276,DIKIM_ADAYI,AGIR_YANMIS,0.3124,"kızılçam, fıstıkçamı",toparlanma=0.31 <0.35,"Aktif dikim adayı. Doğal toparlanma zayıf kalıyor, eğim (20,6°) dikime elverişli.","Modelin tahminine göre yangın öncesi örtünün ancak %31 kadarı iki yılda geri gelecek — kendi başına kapanmayacak bir açık var. Yangın orta-yüksek şiddet sınıfında (dNBR 0,64); toprak yüzeyi büyük olasılıkla açıkta. Yetişme ortamı: Ege kuşağı, 464 m, orta eğimli (10–25°). Bu koşullar için önerilen türler: kızılçam, fıstıkçamı. Tür önerisi sistemin çıkarımı değil, dışarıdan verilen tablodan okunmuştur. Tablo: ÖRNEK TABLO — OGM tür-yetişme ortamı rehberi ile değiştirilecek",True
EGE_2021_04_007277,DIKIM_ADAYI,AGIR_YANMIS,0.3133,"kızılçam, fıstıkçamı",toparlanma=0.31 <0.35,"Aktif dikim adayı. Doğal toparlanma zayıf kalıyor, eğim (22,0°) dikime elverişli.","Modelin tahminine göre yangın öncesi örtünün ancak %31 kadarı iki yılda geri gelecek — kendi başına kapanmayacak bir açık var. Yangın orta-yüksek şiddet sınıfında (dNBR 0,54); toprak yüzeyi büyük olasılıkla açıkta. Yetişme ortamı: Ege kuşağı, 568 m, orta eğimli (10–25°). Bu koşullar için önerilen türler: kızılçam, fıstıkçamı. Tür önerisi sistemin çıkarımı değil, dışarıdan verilen tablodan okunmuştur. Tablo: ÖRNEK TABLO — OGM tür-yetişme ortamı rehberi ile değiştirilecek",True
EGE_2021_04_007278,DIKIM_ADAYI,,0.3246,"kızılçam, fıstıkçamı",toparlanma=0.32 <0.35,"Aktif dikim adayı. Doğal toparlanma zayıf kalıyor, eğim (12,2°) dikime elverişli.","Modelin tahminine göre yangın öncesi örtünün ancak %32 kadarı iki yılda geri gelecek — kendi başına kapanmayacak bir açık var. Yetişme ortamı: Ege kuşağı, 633 m, orta eğimli (10–25°). Bu koşullar için önerilen türler: kızılçam, fıstıkçamı. Tür önerisi sistemin çıkarımı değil, dışarıdan verilen tablodan okunmuştur. Tablo: ÖRNEK TABLO — OGM tür-yetişme ortamı rehberi ile değiştirilecek",True
EGE_2021_04_007279,DIKIM_ADAYI,AGIR_YANMIS,0.3338,"kızılçam, fıstıkçamı",toparlanma=0.33 <0.35,"Aktif dikim adayı. Doğal toparlanma zayıf kalıyor, eğim (7,9°) dikime elverişli.","Modelin tahminine göre yangın öncesi örtünün ancak %33 kadarı iki yılda geri gelecek — kendi başına kapanmayacak bir açık var. Yangın orta-yüksek şiddet sınıfında (dNBR 0,44); toprak yüzeyi büyük olasılıkla açıkta. Yetişme ortamı: Ege kuşağı, 648 m, düz-hafif eğimli (0–10°). Bu koşullar için önerilen türler: kızılçam, fıstıkçamı. Tür önerisi sistemin çıkarımı değil, dışarıdan verilen tablodan okunmuştur. Tablo: ÖRNEK TABLO — OGM tür-yetişme ortamı rehberi ile değiştirilecek",True
EGE_2021_04_007280,ONCELIGE_GORE,AGIR_YANMIS,0.3545,,toparlanma=0.35 0.35..0.50,Öncelik sırasına göre değerlendir. Kısmi toparlanma bekleniyor; müdahale kararı bütçeye ve sıraya bağlı.,"Modelin tahminine göre yangın öncesi örtünün %35 kadarı iki yılda geri gelecek. Ne kendi kapanacak kadar iyi ne de acil müdahale gerektirecek kadar kötü — öncelik skoru bu kareyi sıranın neresine koyduğuna bakın. Yangın orta-yüksek şiddet sınıfında (dNBR 0,56); toprak yüzeyi büyük olasılıkla açıkta.",True
EGE_2021_04_007281,ONCELIGE_GORE,,0.4138,,toparlanma=0.41 0.35..0.50,Öncelik sırasına göre değerlendir. Kısmi toparlanma bekleniyor; müdahale kararı bütçeye ve sıraya bağlı.,Modelin tahminine göre yangın öncesi örtünün %41 kadarı iki yılda geri gelecek. Ne kendi kapanacak kadar iyi ne de acil müdahale gerektirecek kadar kötü — öncelik skoru bu kareyi sıranın neresine koyduğuna bakın.,True
EGE_2021_04_007282,ONCELIGE_GORE,ESKIDEN_ORMAN_DEGIL|DIK_YAMAC|AGIR_YANMIS,0.3842,,toparlanma=0.38 0.35..0.50,Öncelik sırasına göre değerlendir. Kısmi toparlanma bekleniyor; müdahale kararı bütçeye ve sıraya bağlı.,"Modelin tahminine göre yangın öncesi örtünün %38 kadarı iki yılda geri gelecek. Ne kendi kapanacak kadar iyi ne de acil müdahale gerektirecek kadar kötü — öncelik skoru bu kareyi sıranın neresine koyduğuna bakın. Yangın öncesi örtü otlak ve çalılık idi; orman kurma değil, mevcut örtünün onarımı düşünülmeli. Eğim 26,0° ile yüksek; makineli çalışma sınırlı olabilir. Yangın orta-yüksek şiddet sınıfında (dNBR 0,52); toprak yüzeyi büyük olasılıkla açıkta.",True
EGE_2021_04_007283,ONCELIGE_GORE,ESKIDEN_ORMAN_DEGIL|DIK_YAMAC,0.4643,,toparlanma=0.46 0.35..0.50,Öncelik sırasına göre değerlendir. Kısmi toparlanma bekleniyor; müdahale kararı bütçeye ve sıraya bağlı.,"Modelin tahminine göre yangın öncesi örtünün %46 kadarı iki yılda geri gelecek. Ne kendi kapanacak kadar iyi ne de acil müdahale gerektirecek kadar kötü — öncelik skoru bu kareyi sıranın neresine koyduğuna bakın. Yangın öncesi örtü otlak ve çalılık idi; orman kurma değil, mevcut örtünün onarımı düşünülmeli. Eğim 31,9° ile yüksek; makineli çalışma sınırlı olabilir.",True
EGE_2021_04_007284,IZLE,ESKIDEN_ORMAN_DEGIL,,,prediction_status=low_severity,"İzle, müdahale etme. Yangın bu kareyi ağır yakmamış (düşük şiddet, dNBR 0,15).","Model bu rejimde tahmin üretmiyor. Kendi toparlanması bekleniyor, müdahale listesine alınmıyor. Yangın öncesi örtü otlak ve çalılık idi; orman kurma değil, mevcut örtünün onarımı düşünülmeli.",True
EGE_2021_04_007285,IZLE,DIK_YAMAC,,,prediction_status=low_severity,"İzle, müdahale etme. Yangın bu kareyi ağır yakmamış (düşük şiddet, dNBR 0,19).","Model bu rejimde tahmin üretmiyor. Kendi toparlanması bekleniyor, müdahale listesine alınmıyor. Eğim 31,1° ile yüksek; makineli çalışma sınırlı olabilir.",True
EGE_2021_04_007287,IZLE,,,,prediction_status=low_severity,"İzle, müdahale etme. Yangın bu kareyi ağır yakmamış (düşük şiddet, dNBR 0,26).","Model bu rejimde tahmin üretmiyor. Kendi toparlanması bekleniyor, müdahale listesine alınmıyor.",True
EGE_2021_04_007288,IZLE,,,,prediction_status=low_severity,"İzle, müdahale etme. Yangın bu kareyi ağır yakmamış (düşük şiddet, dNBR 0,15).","Model bu rejimde tahmin üretmiyor. Kendi toparlanması bekleniyor, müdahale listesine alınmıyor.",True
EGE_2021_04_007290,IZLE,,,,prediction_status=low_severity,"İzle, müdahale etme. Yangın bu kareyi ağır yakmamış (düşük şiddet, dNBR 0,21).","Model bu rejimde tahmin üretmiyor. Kendi toparlanması bekleniyor, müdahale listesine alınmıyor.",True
EGE_2021_04_007291,ONCELIGE_GORE,ESKIDEN_ORMAN_DEGIL,0.4462,,toparlanma=0.45 0.35..0.50,Öncelik sırasına göre değerlendir. Kısmi toparlanma bekleniyor; müdahale kararı bütçeye ve sıraya bağlı.,"Modelin tahminine göre yangın öncesi örtünün %45 kadarı iki yılda geri gelecek. Ne kendi kapanacak kadar iyi ne de acil müdahale gerektirecek kadar kötü — öncelik skoru bu kareyi sıranın neresine koyduğuna bakın. Yangın öncesi örtü otlak ve çalılık idi; orman kurma değil, mevcut örtünün onarımı düşünülmeli.",True
EGE_2021_04_007292,ONCELIGE_GORE,,0.4733,,toparlanma=0.47 0.35..0.50,Öncelik sırasına göre değerlendir. Kısmi toparlanma bekleniyor; müdahale kararı bütçeye ve sıraya bağlı.,Modelin tahminine göre yangın öncesi örtünün %47 kadarı iki yılda geri gelecek. Ne kendi kapanacak kadar iyi ne de acil müdahale gerektirecek kadar kötü — öncelik skoru bu kareyi sıranın neresine koyduğuna bakın.,True
EGE_2021_04_007293,ONCELIGE_GORE,,0.3521,,toparlanma=0.35 0.35..0.50,Öncelik sırasına göre değerlendir. Kısmi toparlanma bekleniyor; müdahale kararı bütçeye ve sıraya bağlı.,Modelin tahminine göre yangın öncesi örtünün %35 kadarı iki yılda geri gelecek. Ne kendi kapanacak kadar iyi ne de acil müdahale gerektirecek kadar kötü — öncelik skoru bu kareyi sıranın neresine koyduğuna bakın.,True
EGE_2021_04_007294,IZLE,,,,prediction_status=low_severity,"İzle, müdahale etme. Yangın bu kareyi ağır yakmamış (düşük şiddet, dNBR 0,25).","Model bu rejimde tahmin üretmiyor. Kendi toparlanması bekleniyor, müdahale listesine alınmıyor.",True
EGE_2021_04_007295,ONCELIGE_GORE,,0.3751,,toparlanma=0.38 0.35..0.50,Öncelik sırasına göre değerlendir. Kısmi toparlanma bekleniyor; müdahale kararı bütçeye ve sıraya bağlı.,Modelin tahminine göre yangın öncesi örtünün %38 kadarı iki yılda geri gelecek. Ne kendi kapanacak kadar iyi ne de acil müdahale gerektirecek kadar kötü — öncelik skoru bu kareyi sıranın neresine koyduğuna bakın.,True
EGE_2021_04_007296,ONCELIGE_GORE,,0.3805,,toparlanma=0.38 0.35..0.50,Öncelik sırasına göre değerlendir. Kısmi toparlanma bekleniyor; müdahale kararı bütçeye ve sıraya bağlı.,Modelin tahminine göre yangın öncesi örtünün %38 kadarı iki yılda geri gelecek. Ne kendi kapanacak kadar iyi ne de acil müdahale gerektirecek kadar kötü — öncelik skoru bu kareyi sıranın neresine koyduğuna bakın.,True
EGE_2021_04_007297,ONCELIGE_GORE,,0.3917,,toparlanma=0.39 0.35..0.50,Öncelik sırasına göre değerlendir. Kısmi toparlanma bekleniyor; müdahale kararı bütçeye ve sıraya bağlı.,Modelin tahminine göre yangın öncesi örtünün %39 kadarı iki yılda geri gelecek. Ne kendi kapanacak kadar iyi ne de acil müdahale gerektirecek kadar kötü — öncelik skoru bu kareyi sıranın neresine koyduğuna bakın.,True
EGE_2021_04_007298,ONCELIGE_GORE,,0.3708,,toparlanma=0.37 0.35..0.50,Öncelik sırasına göre değerlendir. Kısmi toparlanma bekleniyor; müdahale kararı bütçeye ve sıraya bağlı.,Modelin tahminine göre yangın öncesi örtünün %37 kadarı iki yılda geri gelecek. Ne kendi kapanacak kadar iyi ne de acil müdahale gerektirecek kadar kötü — öncelik skoru bu kareyi sıranın neresine koyduğuna bakın.,True
EGE_2021_04_007299,IZLE,,,,prediction_status=low_severity,"İzle, müdahale etme. Yangın bu kareyi ağır yakmamış (düşük şiddet, dNBR 0,20).","Model bu rejimde tahmin üretmiyor. Kendi toparlanması bekleniyor, müdahale listesine alınmıyor.",True
EGE_2021_04_007345,KAPSAM_DISI,,,,land_cover=Yerlesim,"Ağaçlandırma kapsamı dışı. Bu kare yerleşim alanı olarak sınıflanmış, orman rehabilitasyonu hedefi değil.",Öncelik sıralamasına dahil edilmiyor.,False
EGE_2021_04_007382,ONCELIGE_GORE,AGIR_YANMIS,0.3505,,toparlanma=0.35 0.35..0.50,Öncelik sırasına göre değerlendir. Kısmi toparlanma bekleniyor; müdahale kararı bütçeye ve sıraya bağlı.,"Modelin tahminine göre yangın öncesi örtünün %35 kadarı iki yılda geri gelecek. Ne kendi kapanacak kadar iyi ne de acil müdahale gerektirecek kadar kötü — öncelik skoru bu kareyi sıranın neresine koyduğuna bakın. Yangın yüksek şiddet sınıfında (dNBR 0,72); toprak yüzeyi büyük olasılıkla açıkta.",True
EGE_2021_04_007383,DIKIM_ADAYI,AGIR_YANMIS,0.3496,"kızılçam, fıstıkçamı",toparlanma=0.35 <0.35,"Aktif dikim adayı. Doğal toparlanma zayıf kalıyor, eğim (16,6°) dikime elverişli.","Modelin tahminine göre yangın öncesi örtünün ancak %35 kadarı iki yılda geri gelecek — kendi başına kapanmayacak bir açık var. Yangın yüksek şiddet sınıfında (dNBR 0,72); toprak yüzeyi büyük olasılıkla açıkta. Yetişme ortamı: Ege kuşağı, 379 m, orta eğimli (10–25°). Bu koşullar için önerilen türler: kızılçam, fıstıkçamı. Tür önerisi sistemin çıkarımı değil, dışarıdan verilen tablodan okunmuştur. Tablo: ÖRNEK TABLO — OGM tür-yetişme ortamı rehberi ile değiştirilecek",True
EGE_2021_04_007384,ONCELIGE_GORE,AGIR_YANMIS,0.3543,,toparlanma=0.35 0.35..0.50,Öncelik sırasına göre değerlendir. Kısmi toparlanma bekleniyor; müdahale kararı bütçeye ve sıraya bağlı.,"Modelin tahminine göre yangın öncesi örtünün %35 kadarı iki yılda geri gelecek. Ne kendi kapanacak kadar iyi ne de acil müdahale gerektirecek kadar kötü — öncelik skoru bu kareyi sıranın neresine koyduğuna bakın. Yangın yüksek şiddet sınıfında (dNBR 0,71); toprak yüzeyi büyük olasılıkla açıkta.",True
EGE_2021_04_007385,ONCELIGE_GORE,ESKIDEN_ORMAN_DEGIL|AGIR_YANMIS,0.359,,toparlanma=0.36 0.35..0.50,Öncelik sırasına göre değerlendir. Kısmi toparlanma bekleniyor; müdahale kararı bütçeye ve sıraya bağlı.,"Modelin tahminine göre yangın öncesi örtünün %36 kadarı iki yılda geri gelecek. Ne kendi kapanacak kadar iyi ne de acil müdahale gerektirecek kadar kötü — öncelik skoru bu kareyi sıranın neresine koyduğuna bakın. Yangın öncesi örtü otlak ve çalılık idi; orman kurma değil, mevcut örtünün onarımı düşünülmeli. Yangın orta-yüksek şiddet sınıfında (dNBR 0,56); toprak yüzeyi büyük olasılıkla açıkta.",True
EGE_2021_04_007386,DIKIM_ADAYI,AGIR_YANMIS,0.3014,"kızılçam, fıstıkçamı",toparlanma=0.30 <0.35,"Aktif dikim adayı. Doğal toparlanma zayıf kalıyor, eğim (16,3°) dikime elverişli.","Modelin tahminine göre yangın öncesi örtünün ancak %30 kadarı iki yılda geri gelecek — kendi başına kapanmayacak bir açık var. Yangın orta-yüksek şiddet sınıfında (dNBR 0,62); toprak yüzeyi büyük olasılıkla açıkta. Yetişme ortamı: Ege kuşağı, 584 m, orta eğimli (10–25°). Bu koşullar için önerilen türler: kızılçam, fıstıkçamı. Tür önerisi sistemin çıkarımı değil, dışarıdan verilen tablodan okunmuştur. Tablo: ÖRNEK TABLO — OGM tür-yetişme ortamı rehberi ile değiştirilecek",True
EGE_2021_04_007387,ONCELIGE_GORE,AGIR_YANMIS,0.3915,,toparlanma=0.39 0.35..0.50,Öncelik sırasına göre değerlendir. Kısmi toparlanma bekleniyor; müdahale kararı bütçeye ve sıraya bağlı.,"Modelin tahminine göre yangın öncesi örtünün %39 kadarı iki yılda geri gelecek. Ne kendi kapanacak kadar iyi ne de acil müdahale gerektirecek kadar kötü — öncelik skoru bu kareyi sıranın neresine koyduğuna bakın. Yangın orta-yüksek şiddet sınıfında (dNBR 0,45); toprak yüzeyi büyük olasılıkla açıkta.",True
EGE_2021_04_007388,ONCELIGE_GORE,,0.4284,,toparlanma=0.43 0.35..0.50,Öncelik sırasına göre değerlendir. Kısmi toparlanma bekleniyor; müdahale kararı bütçeye ve sıraya bağlı.,Modelin tahminine göre yangın öncesi örtünün %43 kadarı iki yılda geri gelecek. Ne kendi kapanacak kadar iyi ne de acil müdahale gerektirecek kadar kötü — öncelik skoru bu kareyi sıranın neresine koyduğuna bakın.,True
EGE_2021_04_007389,DIKIM_ADAYI,AGIR_YANMIS,0.2729,"kızılçam, fıstıkçamı",toparlanma=0.27 <0.35,"Aktif dikim adayı. Doğal toparlanma zayıf kalıyor, eğim (17,1°) dikime elverişli.","Modelin tahminine göre yangın öncesi örtünün ancak %27 kadarı iki yılda geri gelecek — kendi başına kapanmayacak bir açık var. Yangın yüksek şiddet sınıfında (dNBR 0,66); toprak yüzeyi büyük olasılıkla açıkta. Yetişme ortamı: Ege kuşağı, 656 m, orta eğimli (10–25°). Bu koşullar için önerilen türler: kızılçam, fıstıkçamı. Tür önerisi sistemin çıkarımı değil, dışarıdan verilen tablodan okunmuştur. Tablo: ÖRNEK TABLO — OGM tür-yetişme ortamı rehberi ile değiştirilecek",True
EGE_2021_04_007390,DIKIM_ADAYI,AGIR_YANMIS,0.3293,"kızılçam, fıstıkçamı",toparlanma=0.33 <0.35,"Aktif dikim adayı. Doğal toparlanma zayıf kalıyor, eğim (16,6°) dikime elverişli.","Modelin tahminine göre yangın öncesi örtünün ancak %33 kadarı iki yılda geri gelecek — kendi başına kapanmayacak bir açık var. Yangın orta-yüksek şiddet sınıfında (dNBR 0,55); toprak yüzeyi büyük olasılıkla açıkta. Yetişme ortamı: Ege kuşağı, 667 m, orta eğimli (10–25°). Bu koşullar için önerilen türler: kızılçam, fıstıkçamı. Tür önerisi sistemin çıkarımı değil, dışarıdan verilen tablodan okunmuştur. Tablo: ÖRNEK TABLO — OGM tür-yetişme ortamı rehberi ile değiştirilecek",True
EGE_2021_04_007391,IZLE,ESKIDEN_ORMAN_DEGIL|DIK_YAMAC,,,prediction_status=low_severity,"İzle, müdahale etme. Yangın bu kareyi ağır yakmamış (düşük şiddet, dNBR 0,21).","Model bu rejimde tahmin üretmiyor. Kendi toparlanması bekleniyor, müdahale listesine alınmıyor. Yangın öncesi örtü otlak ve çalılık idi; orman kurma değil, mevcut örtünün onarımı düşünülmeli. Eğim 34,4° ile yüksek; makineli çalışma sınırlı olabilir.",True
EGE_2021_04_007392,IZLE,ESKIDEN_ORMAN_DEGIL|DIK_YAMAC,,,prediction_status=low_severity,"İzle, müdahale etme. Yangın bu kareyi ağır yakmamış (düşük şiddet, dNBR 0,12).","Model bu rejimde tahmin üretmiyor. Kendi toparlanması bekleniyor, müdahale listesine alınmıyor. Yangın öncesi örtü otlak ve çalılık idi; orman kurma değil, mevcut örtünün onarımı düşünülmeli. Eğim 25,8° ile yüksek; makineli çalışma sınırlı olabilir.",True
EGE_2021_04_007393,IZLE,DIK_YAMAC,,,prediction_status=low_severity,"İzle, müdahale etme. Yangın bu kareyi ağır yakmamış (düşük şiddet, dNBR 0,18).","Model bu rejimde tahmin üretmiyor. Kendi toparlanması bekleniyor, müdahale listesine alınmıyor. Eğim 28,9° ile yüksek; makineli çalışma sınırlı olabilir.",True
EGE_2021_04_007394,DIKIM_ADAYI,,0.3253,"kızılçam, fıstıkçamı",toparlanma=0.33 <0.35,"Aktif dikim adayı. Doğal toparlanma zayıf kalıyor, eğim (23,3°) dikime elverişli.","Modelin tahminine göre yangın öncesi örtünün ancak %33 kadarı iki yılda geri gelecek — kendi başına kapanmayacak bir açık var. Yetişme ortamı: Ege kuşağı, 566 m, orta eğimli (10–25°). Bu koşullar için önerilen türler: kızılçam, fıstıkçamı. Tür önerisi sistemin çıkarımı değil, dışarıdan verilen tablodan okunmuştur. Tablo: ÖRNEK TABLO — OGM tür-yetişme ortamı rehberi ile değiştirilecek",True
EGE_2021_04_007395,IZLE,,,,prediction_status=low_severity,"İzle, müdahale etme. Yangın bu kareyi ağır yakmamış (düşük şiddet, dNBR 0,26).","Model bu rejimde tahmin üretmiyor. Kendi toparlanması bekleniyor, müdahale listesine alınmıyor.",True
EGE_2021_04_007396,IZLE,,,,prediction_status=low_severity,"İzle, müdahale etme. Yangın bu kareyi ağır yakmamış (düşük şiddet, dNBR 0,17).","Model bu rejimde tahmin üretmiyor. Kendi toparlanması bekleniyor, müdahale listesine alınmıyor.",True
EGE_2021_04_007398,IZLE,,,,prediction_status=low_severity,"İzle, müdahale etme. Yangın bu kareyi ağır yakmamış (düşük şiddet, dNBR 0,19).","Model bu rejimde tahmin üretmiyor. Kendi toparlanması bekleniyor, müdahale listesine alınmıyor.",True
EGE_2021_04_007399,DIKIM_ADAYI,,0.3334,"kızılçam, fıstıkçamı",toparlanma=0.33 <0.35,"Aktif dikim adayı. Doğal toparlanma zayıf kalıyor, eğim (15,0°) dikime elverişli.","Modelin tahminine göre yangın öncesi örtünün ancak %33 kadarı iki yılda geri gelecek — kendi başına kapanmayacak bir açık var. Yetişme ortamı: Ege kuşağı, 678 m, orta eğimli (10–25°). Bu koşullar için önerilen türler: kızılçam, fıstıkçamı. Tür önerisi sistemin çıkarımı değil, dışarıdan verilen tablodan okunmuştur. Tablo: ÖRNEK TABLO — OGM tür-yetişme ortamı rehberi ile değiştirilecek",True
EGE_2021_04_007400,IZLE,,,,prediction_status=low_severity,"İzle, müdahale etme. Yangın bu kareyi ağır yakmamış (düşük şiddet, dNBR 0,25).","Model bu rejimde tahmin üretmiyor. Kendi toparlanması bekleniyor, müdahale listesine alınmıyor.",True
EGE_2021_04_007401,DIKIM_ADAYI,,0.2847,"kızılçam, fıstıkçamı",toparlanma=0.28 <0.35,"Aktif dikim adayı. Doğal toparlanma zayıf kalıyor, eğim (18,6°) dikime elverişli.","Modelin tahminine göre yangın öncesi örtünün ancak %28 kadarı iki yılda geri gelecek — kendi başına kapanmayacak bir açık var. Yetişme ortamı: Ege kuşağı, 675 m, orta eğimli (10–25°). Bu koşullar için önerilen türler: kızılçam, fıstıkçamı. Tür önerisi sistemin çıkarımı değil, dışarıdan verilen tablodan okunmuştur. Tablo: ÖRNEK TABLO — OGM tür-yetişme ortamı rehberi ile değiştirilecek",True
EGE_2021_04_007402,DIKIM_ADAYI,AGIR_YANMIS,0.2867,"kızılçam, fıstıkçamı",toparlanma=0.29 <0.35,"Aktif dikim adayı. Doğal toparlanma zayıf kalıyor, eğim (16,4°) dikime elverişli.","Modelin tahminine göre yangın öncesi örtünün ancak %29 kadarı iki yılda geri gelecek — kendi başına kapanmayacak bir açık var. Yangın orta-yüksek şiddet sınıfında (dNBR 0,51); toprak yüzeyi büyük olasılıkla açıkta. Yetişme ortamı: Ege kuşağı, 709 m, orta eğimli (10–25°). Bu koşullar için önerilen türler: kızılçam, fıstıkçamı. Tür önerisi sistemin çıkarımı değil, dışarıdan verilen tablodan okunmuştur. Tablo: ÖRNEK TABLO — OGM tür-yetişme ortamı rehberi ile değiştirilecek",True
EGE_2021_04_007403,DIKIM_ADAYI,AGIR_YANMIS,0.3121,"kızılçam, fıstıkçamı",toparlanma=0.31 <0.35,"Aktif dikim adayı. Doğal toparlanma zayıf kalıyor, eğim (11,3°) dikime elverişli.","Modelin tahminine göre yangın öncesi örtünün ancak %31 kadarı iki yılda geri gelecek — kendi başına kapanmayacak bir açık var. Yangın orta-yüksek şiddet sınıfında (dNBR 0,47); toprak yüzeyi büyük olasılıkla açıkta. Yetişme ortamı: Ege kuşağı, 737 m, orta eğimli (10–25°). Bu koşullar için önerilen türler: kızılçam, fıstıkçamı. Tür önerisi sistemin çıkarımı değil, dışarıdan verilen tablodan okunmuştur. Tablo: ÖRNEK TABLO — OGM tür-yetişme ortamı rehberi ile değiştirilecek",True
EGE_2021_04_007404,DIKIM_ADAYI,AGIR_YANMIS,0.2881,"kızılçam, fıstıkçamı",toparlanma=0.29 <0.35,"Aktif dikim adayı. Doğal toparlanma zayıf kalıyor, eğim (16,3°) dikime elverişli.","Modelin tahminine göre yangın öncesi örtünün ancak %29 kadarı iki yılda geri gelecek — kendi başına kapanmayacak bir açık var. Yangın orta-yüksek şiddet sınıfında (dNBR 0,45); toprak yüzeyi büyük olasılıkla açıkta. Yetişme ortamı: Ege kuşağı, 726 m, orta eğimli (10–25°). Bu koşullar için önerilen türler: kızılçam, fıstıkçamı. Tür önerisi sistemin çıkarımı değil, dışarıdan verilen tablodan okunmuştur. Tablo: ÖRNEK TABLO — OGM tür-yetişme ortamı rehberi ile değiştirilecek",True
EGE_2021_04_007405,DIKIM_ADAYI,AGIR_YANMIS,0.2836,"kızılçam, fıstıkçamı",toparlanma=0.28 <0.35,"Aktif dikim adayı. Doğal toparlanma zayıf kalıyor, eğim (19,6°) dikime elverişli.","Modelin tahminine göre yangın öncesi örtünün ancak %28 kadarı iki yılda geri gelecek — kendi başına kapanmayacak bir açık var. Yangın orta-yüksek şiddet sınıfında (dNBR 0,54); toprak yüzeyi büyük olasılıkla açıkta. Yetişme ortamı: Ege kuşağı, 688 m, orta eğimli (10–25°). Bu koşullar için önerilen türler: kızılçam, fıstıkçamı. Tür önerisi sistemin çıkarımı değil, dışarıdan verilen tablodan okunmuştur. Tablo: ÖRNEK TABLO — OGM tür-yetişme ortamı rehberi ile değiştirilecek",True
EGE_2021_04_007406,DIKIM_ADAYI,AGIR_YANMIS,0.3087,"kızılçam, fıstıkçamı",toparlanma=0.31 <0.35,"Aktif dikim adayı. Doğal toparlanma zayıf kalıyor, eğim (19,1°) dikime elverişli.","Modelin tahminine göre yangın öncesi örtünün ancak %31 kadarı iki yılda geri gelecek — kendi başına kapanmayacak bir açık var. Yangın orta-yüksek şiddet sınıfında (dNBR 0,49); toprak yüzeyi büyük olasılıkla açıkta. Yetişme ortamı: Ege kuşağı, 705 m, orta eğimli (10–25°). Bu koşullar için önerilen türler: kızılçam, fıstıkçamı. Tür önerisi sistemin çıkarımı değil, dışarıdan verilen tablodan okunmuştur. Tablo: ÖRNEK TABLO — OGM tür-yetişme ortamı rehberi ile değiştirilecek",True
EGE_2021_04_007407,IZLE,,,,prediction_status=low_severity,"İzle, müdahale etme. Yangın bu kareyi ağır yakmamış (düşük şiddet, dNBR 0,18).","Model bu rejimde tahmin üretmiyor. Kendi toparlanması bekleniyor, müdahale listesine alınmıyor.",True
EGE_2021_04_007489,ONCELIGE_GORE,AGIR_YANMIS,0.4569,,toparlanma=0.46 0.35..0.50,Öncelik sırasına göre değerlendir. Kısmi toparlanma bekleniyor; müdahale kararı bütçeye ve sıraya bağlı.,"Modelin tahminine göre yangın öncesi örtünün %46 kadarı iki yılda geri gelecek. Ne kendi kapanacak kadar iyi ne de acil müdahale gerektirecek kadar kötü — öncelik skoru bu kareyi sıranın neresine koyduğuna bakın. Yangın orta-yüksek şiddet sınıfında (dNBR 0,46); toprak yüzeyi büyük olasılıkla açıkta.",True
EGE_2021_04_007490,ONCELIGE_GORE,AGIR_YANMIS,0.3591,,toparlanma=0.36 0.35..0.50,Öncelik sırasına göre değerlendir. Kısmi toparlanma bekleniyor; müdahale kararı bütçeye ve sıraya bağlı.,"Modelin tahminine göre yangın öncesi örtünün %36 kadarı iki yılda geri gelecek. Ne kendi kapanacak kadar iyi ne de acil müdahale gerektirecek kadar kötü — öncelik skoru bu kareyi sıranın neresine koyduğuna bakın. Yangın yüksek şiddet sınıfında (dNBR 0,77); toprak yüzeyi büyük olasılıkla açıkta.",True
EGE_2021_04_007491,DIKIM_ADAYI,AGIR_YANMIS,0.3432,"kızılçam, fıstıkçamı",toparlanma=0.34 <0.35,"Aktif dikim adayı. Doğal toparlanma zayıf kalıyor, eğim (20,0°) dikime elverişli.","Modelin tahminine göre yangın öncesi örtünün ancak %34 kadarı iki yılda geri gelecek — kendi başına kapanmayacak bir açık var. Yangın orta-yüksek şiddet sınıfında (dNBR 0,65); toprak yüzeyi büyük olasılıkla açıkta. Yetişme ortamı: Ege kuşağı, 402 m, orta eğimli (10–25°). Bu koşullar için önerilen türler: kızılçam, fıstıkçamı. Tür önerisi sistemin çıkarımı değil, dışarıdan verilen tablodan okunmuştur. Tablo: ÖRNEK TABLO — OGM tür-yetişme ortamı rehberi ile değiştirilecek",True
EGE_2021_04_007492,ONCELIGE_GORE,AGIR_YANMIS,0.3781,,toparlanma=0.38 0.35..0.50,Öncelik sırasına göre değerlendir. Kısmi toparlanma bekleniyor; müdahale kararı bütçeye ve sıraya bağlı.,"Modelin tahminine göre yangın öncesi örtünün %38 kadarı iki yılda geri gelecek. Ne kendi kapanacak kadar iyi ne de acil müdahale gerektirecek kadar kötü — öncelik skoru bu kareyi sıranın neresine koyduğuna bakın. Yangın orta-yüksek şiddet sınıfında (dNBR 0,63); toprak yüzeyi büyük olasılıkla açıkta.",True
EGE_2021_04_007493,ONCELIGE_GORE,AGIR_YANMIS,0.3666,,toparlanma=0.37 0.35..0.50,Öncelik sırasına göre değerlendir. Kısmi toparlanma bekleniyor; müdahale kararı bütçeye ve sıraya bağlı.,"Modelin tahminine göre yangın öncesi örtünün %37 kadarı iki yılda geri gelecek. Ne kendi kapanacak kadar iyi ne de acil müdahale gerektirecek kadar kötü — öncelik skoru bu kareyi sıranın neresine koyduğuna bakın. Yangın orta-yüksek şiddet sınıfında (dNBR 0,50); toprak yüzeyi büyük olasılıkla açıkta.",True
EGE_2021_04_007494,DIKIM_ADAYI,AGIR_YANMIS,0.3231,"kızılçam, fıstıkçamı",toparlanma=0.32 <0.35,"Aktif dikim adayı. Doğal toparlanma zayıf kalıyor, eğim (12,0°) dikime elverişli.","Modelin tahminine göre yangın öncesi örtünün ancak %32 kadarı iki yılda geri gelecek — kendi başına kapanmayacak bir açık var. Yangın orta-yüksek şiddet sınıfında (dNBR 0,56); toprak yüzeyi büyük olasılıkla açıkta. Yetişme ortamı: Ege kuşağı, 520 m, orta eğimli (10–25°). Bu koşullar için önerilen türler: kızılçam, fıstıkçamı. Tür önerisi sistemin çıkarımı değil, dışarıdan verilen tablodan okunmuştur. Tablo: ÖRNEK TABLO — OGM tür-yetişme ortamı rehberi ile değiştirilecek",True
EGE_2021_04_007495,DIKIM_ADAYI,AGIR_YANMIS,0.3094,"kızılçam, fıstıkçamı",toparlanma=0.31 <0.35,"Aktif dikim adayı. Doğal toparlanma zayıf kalıyor, eğim (17,9°) dikime elverişli.","Modelin tahminine göre yangın öncesi örtünün ancak %31 kadarı iki yılda geri gelecek — kendi başına kapanmayacak bir açık var. Yangın yüksek şiddet sınıfında (dNBR 0,67); toprak yüzeyi büyük olasılıkla açıkta. Yetişme ortamı: Ege kuşağı, 535 m, orta eğimli (10–25°). Bu koşullar için önerilen türler: kızılçam, fıstıkçamı. Tür önerisi sistemin çıkarımı değil, dışarıdan verilen tablodan okunmuştur. Tablo: ÖRNEK TABLO — OGM tür-yetişme ortamı rehberi ile değiştirilecek",True
EGE_2021_04_007496,DIKIM_ADAYI,AGIR_YANMIS,0.2695,"kızılçam, fıstıkçamı",toparlanma=0.27 <0.35,"Aktif dikim adayı. Doğal toparlanma zayıf kalıyor, eğim (22,9°) dikime elverişli.","Modelin tahminine göre yangın öncesi örtünün ancak %27 kadarı iki yılda geri gelecek — kendi başına kapanmayacak bir açık var. Yangın yüksek şiddet sınıfında (dNBR 0,69); toprak yüzeyi büyük olasılıkla açıkta. Yetişme ortamı: Ege kuşağı, 530 m, orta eğimli (10–25°). Bu koşullar için önerilen türler: kızılçam, fıstıkçamı. Tür önerisi sistemin çıkarımı değil, dışarıdan verilen tablodan okunmuştur. Tablo: ÖRNEK TABLO — OGM tür-yetişme ortamı rehberi ile değiştirilecek",True
EGE_2021_04_007497,DIKIM_ADAYI,AGIR_YANMIS,0.2751,"kızılçam, fıstıkçamı",toparlanma=0.28 <0.35,"Aktif dikim adayı. Doğal toparlanma zayıf kalıyor, eğim (19,8°) dikime elverişli.","Modelin tahminine göre yangın öncesi örtünün ancak %28 kadarı iki yılda geri gelecek — kendi başına kapanmayacak bir açık var. Yangın yüksek şiddet sınıfında (dNBR 0,81); toprak yüzeyi büyük olasılıkla açıkta. Yetişme ortamı: Ege kuşağı, 589 m, orta eğimli (10–25°). Bu koşullar için önerilen türler: kızılçam, fıstıkçamı. Tür önerisi sistemin çıkarımı değil, dışarıdan verilen tablodan okunmuştur. Tablo: ÖRNEK TABLO — OGM tür-yetişme ortamı rehberi ile değiştirilecek",True
EGE_2021_04_007498,DIKIM_ADAYI,,0.3286,"kızılçam, fıstıkçamı",toparlanma=0.33 <0.35,"Aktif dikim adayı. Doğal toparlanma zayıf kalıyor, eğim (15,9°) dikime elverişli.","Modelin tahminine göre yangın öncesi örtünün ancak %33 kadarı iki yılda geri gelecek — kendi başına kapanmayacak bir açık var. Yetişme ortamı: Ege kuşağı, 605 m, orta eğimli (10–25°). Bu koşullar için önerilen türler: kızılçam, fıstıkçamı. Tür önerisi sistemin çıkarımı değil, dışarıdan verilen tablodan okunmuştur. Tablo: ÖRNEK TABLO — OGM tür-yetişme ortamı rehberi ile değiştirilecek",True
EGE_2021_04_007499,IZLE,,,,prediction_status=low_severity,"İzle, müdahale etme. Yangın bu kareyi ağır yakmamış (düşük şiddet, dNBR 0,21).","Model bu rejimde tahmin üretmiyor. Kendi toparlanması bekleniyor, müdahale listesine alınmıyor.",True
EGE_2021_04_007500,IZLE,ESKIDEN_ORMAN_DEGIL|DIK_YAMAC,,,prediction_status=low_severity,"İzle, müdahale etme. Yangın bu kareyi ağır yakmamış (düşük şiddet, dNBR 0,12).","Model bu rejimde tahmin üretmiyor. Kendi toparlanması bekleniyor, müdahale listesine alınmıyor. Yangın öncesi örtü otlak ve çalılık idi; orman kurma değil, mevcut örtünün onarımı düşünülmeli. Eğim 36,1° ile yüksek; makineli çalışma sınırlı olabilir.",True
EGE_2021_04_007501,IZLE,ESKIDEN_ORMAN_DEGIL|DIK_YAMAC,,,prediction_status=low_severity,"İzle, müdahale etme. Yangın bu kareyi ağır yakmamış (düşük şiddet, dNBR 0,15).","Model bu rejimde tahmin üretmiyor. Kendi toparlanması bekleniyor, müdahale listesine alınmıyor. Yangın öncesi örtü otlak ve çalılık idi; orman kurma değil, mevcut örtünün onarımı düşünülmeli. Eğim 28,0° ile yüksek; makineli çalışma sınırlı olabilir.",True
EGE_2021_04_007502,DIKIM_ADAYI,,0.3399,"kızılçam, fıstıkçamı",toparlanma=0.34 <0.35,"Aktif dikim adayı. Doğal toparlanma zayıf kalıyor, eğim (22,1°) dikime elverişli.","Modelin tahminine göre yangın öncesi örtünün ancak %34 kadarı iki yılda geri gelecek — kendi başına kapanmayacak bir açık var. Yetişme ortamı: Ege kuşağı, 569 m, orta eğimli (10–25°). Bu koşullar için önerilen türler: kızılçam, fıstıkçamı. Tür önerisi sistemin çıkarımı değil, dışarıdan verilen tablodan okunmuştur. Tablo: ÖRNEK TABLO — OGM tür-yetişme ortamı rehberi ile değiştirilecek",True
EGE_2021_04_007503,DIKIM_ADAYI,,0.3333,"kızılçam, fıstıkçamı",toparlanma=0.33 <0.35,"Aktif dikim adayı. Doğal toparlanma zayıf kalıyor, eğim (20,0°) dikime elverişli.","Modelin tahminine göre yangın öncesi örtünün ancak %33 kadarı iki yılda geri gelecek — kendi başına kapanmayacak bir açık var. Yetişme ortamı: Ege kuşağı, 644 m, orta eğimli (10–25°). Bu koşullar için önerilen türler: kızılçam, fıstıkçamı. Tür önerisi sistemin çıkarımı değil, dışarıdan verilen tablodan okunmuştur. Tablo: ÖRNEK TABLO — OGM tür-yetişme ortamı rehberi ile değiştirilecek",True
EGE_2021_04_007504,ONCELIGE_GORE,AGIR_YANMIS,0.455,,toparlanma=0.46 0.35..0.50,Öncelik sırasına göre değerlendir. Kısmi toparlanma bekleniyor; müdahale kararı bütçeye ve sıraya bağlı.,"Modelin tahminine göre yangın öncesi örtünün %46 kadarı iki yılda geri gelecek. Ne kendi kapanacak kadar iyi ne de acil müdahale gerektirecek kadar kötü — öncelik skoru bu kareyi sıranın neresine koyduğuna bakın. Yangın orta-yüksek şiddet sınıfında (dNBR 0,51); toprak yüzeyi büyük olasılıkla açıkta.",True
EGE_2021_04_007505,IZLE,,,,prediction_status=low_severity,"İzle, müdahale etme. Yangın bu kareyi ağır yakmamış (düşük şiddet, dNBR 0,23).","Model bu rejimde tahmin üretmiyor. Kendi toparlanması bekleniyor, müdahale listesine alınmıyor.",True
EGE_2021_04_007506,IZLE,,,,prediction_status=low_severity,"İzle, müdahale etme. Yangın bu kareyi ağır yakmamış (düşük şiddet, dNBR 0,17).","Model bu rejimde tahmin üretmiyor. Kendi toparlanması bekleniyor, müdahale listesine alınmıyor.",True
EGE_2021_04_007507,IZLE,,,,prediction_status=low_severity,"İzle, müdahale etme. Yangın bu kareyi ağır yakmamış (düşük şiddet, dNBR 0,16).","Model bu rejimde tahmin üretmiyor. Kendi toparlanması bekleniyor, müdahale listesine alınmıyor.",True
EGE_2021_04_007508,IZLE,,,,prediction_status=low_severity,"İzle, müdahale etme. Yangın bu kareyi ağır yakmamış (düşük şiddet, dNBR 0,23).","Model bu rejimde tahmin üretmiyor. Kendi toparlanması bekleniyor, müdahale listesine alınmıyor.",True
EGE_2021_04_007509,DIKIM_ADAYI,AGIR_YANMIS,0.3434,"kızılçam, fıstıkçamı",toparlanma=0.34 <0.35,"Aktif dikim adayı. Doğal toparlanma zayıf kalıyor, eğim (16,1°) dikime elverişli.","Modelin tahminine göre yangın öncesi örtünün ancak %34 kadarı iki yılda geri gelecek — kendi başına kapanmayacak bir açık var. Yangın orta-yüksek şiddet sınıfında (dNBR 0,46); toprak yüzeyi büyük olasılıkla açıkta. Yetişme ortamı: Ege kuşağı, 623 m, orta eğimli (10–25°). Bu koşullar için önerilen türler: kızılçam, fıstıkçamı. Tür önerisi sistemin çıkarımı değil, dışarıdan verilen tablodan okunmuştur. Tablo: ÖRNEK TABLO — OGM tür-yetişme ortamı rehberi ile değiştirilecek",True
EGE_2021_04_007510,DIKIM_ADAYI,AGIR_YANMIS,0.2858,"kızılçam, fıstıkçamı",toparlanma=0.29 <0.35,"Aktif dikim adayı. Doğal toparlanma zayıf kalıyor, eğim (17,0°) dikime elverişli.","Modelin tahminine göre yangın öncesi örtünün ancak %29 kadarı iki yılda geri gelecek — kendi başına kapanmayacak bir açık var. Yangın orta-yüksek şiddet sınıfında (dNBR 0,56); toprak yüzeyi büyük olasılıkla açıkta. Yetişme ortamı: Ege kuşağı, 667 m, orta eğimli (10–25°). Bu koşullar için önerilen türler: kızılçam, fıstıkçamı. Tür önerisi sistemin çıkarımı değil, dışarıdan verilen tablodan okunmuştur. Tablo: ÖRNEK TABLO — OGM tür-yetişme ortamı rehberi ile değiştirilecek",True
EGE_2021_04_007511,DIKIM_ADAYI,,0.2993,"kızılçam, fıstıkçamı",toparlanma=0.30 <0.35,"Aktif dikim adayı. Doğal toparlanma zayıf kalıyor, eğim (14,0°) dikime elverişli.","Modelin tahminine göre yangın öncesi örtünün ancak %30 kadarı iki yılda geri gelecek — kendi başına kapanmayacak bir açık var. Yetişme ortamı: Ege kuşağı, 688 m, orta eğimli (10–25°). Bu koşullar için önerilen türler: kızılçam, fıstıkçamı. Tür önerisi sistemin çıkarımı değil, dışarıdan verilen tablodan okunmuştur. Tablo: ÖRNEK TABLO — OGM tür-yetişme ortamı rehberi ile değiştirilecek",True
EGE_2021_04_007512,IZLE,ESKIDEN_ORMAN_DEGIL,,,prediction_status=low_severity,"İzle, müdahale etme. Yangın bu kareyi ağır yakmamış (orta-düşük şiddet, dNBR 0,28).","Model bu rejimde tahmin üretmiyor. Kendi toparlanması bekleniyor, müdahale listesine alınmıyor. Yangın öncesi örtü otlak ve çalılık idi; orman kurma değil, mevcut örtünün onarımı düşünülmeli.",True
EGE_2021_04_007513,ONCELIGE_GORE,,0.3797,,toparlanma=0.38 0.35..0.50,Öncelik sırasına göre değerlendir. Kısmi toparlanma bekleniyor; müdahale kararı bütçeye ve sıraya bağlı.,Modelin tahminine göre yangın öncesi örtünün %38 kadarı iki yılda geri gelecek. Ne kendi kapanacak kadar iyi ne de acil müdahale gerektirecek kadar kötü — öncelik skoru bu kareyi sıranın neresine koyduğuna bakın.,True
EGE_2021_04_007514,IZLE,,,,prediction_status=low_severity,"İzle, müdahale etme. Yangın bu kareyi ağır yakmamış (düşük şiddet, dNBR 0,18).","Model bu rejimde tahmin üretmiyor. Kendi toparlanması bekleniyor, müdahale listesine alınmıyor.",True
EGE_2021_04_007597,ONCELIGE_GORE,AGIR_YANMIS,0.4478,,toparlanma=0.45 0.35..0.50,Öncelik sırasına göre değerlendir. Kısmi toparlanma bekleniyor; müdahale kararı bütçeye ve sıraya bağlı.,"Modelin tahminine göre yangın öncesi örtünün %45 kadarı iki yılda geri gelecek. Ne kendi kapanacak kadar iyi ne de acil müdahale gerektirecek kadar kötü — öncelik skoru bu kareyi sıranın neresine koyduğuna bakın. Yangın orta-yüksek şiddet sınıfında (dNBR 0,44); toprak yüzeyi büyük olasılıkla açıkta.",True
EGE_2021_04_007598,ONCELIGE_GORE,AGIR_YANMIS,0.3875,,toparlanma=0.39 0.35..0.50,Öncelik sırasına göre değerlendir. Kısmi toparlanma bekleniyor; müdahale kararı bütçeye ve sıraya bağlı.,"Modelin tahminine göre yangın öncesi örtünün %39 kadarı iki yılda geri gelecek. Ne kendi kapanacak kadar iyi ne de acil müdahale gerektirecek kadar kötü — öncelik skoru bu kareyi sıranın neresine koyduğuna bakın. Yangın yüksek şiddet sınıfında (dNBR 0,92); toprak yüzeyi büyük olasılıkla açıkta.",True
EGE_2021_04_007599,EROZYON_ONCE,AGIR_YANMIS,0.325,"kızılçam, fıstıkçamı",toparlanma=0.32 egim=25.1>=25 <0.35,"Önce erozyon kontrolü. Toparlanma tahmini zayıf ve eğim 25,1° — dikimden önce toprak tutma önlemi gerekiyor.","Modelin tahminine göre yangın öncesi örtünün ancak %32 kadarı iki yılda geri gelecek. Dik yamaçta çıplak toprak ilk sağanakta taşınır; stabilizasyon yapılmadan yapılan dikim de birlikte gider. Yangın yüksek şiddet sınıfında (dNBR 0,78); toprak yüzeyi büyük olasılıkla açıkta. Yetişme ortamı: Ege kuşağı, 422 m, dik yamaç (25°+). Bu koşullar için önerilen türler: kızılçam, fıstıkçamı. Tür önerisi sistemin çıkarımı değil, dışarıdan verilen tablodan okunmuştur. Tablo: ÖRNEK TABLO — OGM tür-yetişme ortamı rehberi ile değiştirilecek",True
EGE_2021_04_007600,DIKIM_ADAYI,AGIR_YANMIS,0.3387,"kızılçam, fıstıkçamı",toparlanma=0.34 <0.35,"Aktif dikim adayı. Doğal toparlanma zayıf kalıyor, eğim (17,2°) dikime elverişli.","Modelin tahminine göre yangın öncesi örtünün ancak %34 kadarı iki yılda geri gelecek — kendi başına kapanmayacak bir açık var. Yangın yüksek şiddet sınıfında (dNBR 0,72); toprak yüzeyi büyük olasılıkla açıkta. Yetişme ortamı: Ege kuşağı, 523 m, orta eğimli (10–25°). Bu koşullar için önerilen türler: kızılçam, fıstıkçamı. Tür önerisi sistemin çıkarımı değil, dışarıdan verilen tablodan okunmuştur. Tablo: ÖRNEK TABLO — OGM tür-yetişme ortamı rehberi ile değiştirilecek",True
EGE_2021_04_007601,ONCELIGE_GORE,AGIR_YANMIS,0.3502,,toparlanma=0.35 0.35..0.50,Öncelik sırasına göre değerlendir. Kısmi toparlanma bekleniyor; müdahale kararı bütçeye ve sıraya bağlı.,"Modelin tahminine göre yangın öncesi örtünün %35 kadarı iki yılda geri gelecek. Ne kendi kapanacak kadar iyi ne de acil müdahale gerektirecek kadar kötü — öncelik skoru bu kareyi sıranın neresine koyduğuna bakın. Yangın orta-yüksek şiddet sınıfında (dNBR 0,53); toprak yüzeyi büyük olasılıkla açıkta.",True
EGE_2021_04_007602,DIKIM_ADAYI,AGIR_YANMIS,0.3173,"kızılçam, fıstıkçamı",toparlanma=0.32 <0.35,"Aktif dikim adayı. Doğal toparlanma zayıf kalıyor, eğim (14,2°) dikime elverişli.","Modelin tahminine göre yangın öncesi örtünün ancak %32 kadarı iki yılda geri gelecek — kendi başına kapanmayacak bir açık var. Yangın orta-yüksek şiddet sınıfında (dNBR 0,61); toprak yüzeyi büyük olasılıkla açıkta. Yetişme ortamı: Ege kuşağı, 496 m, orta eğimli (10–25°). Bu koşullar için önerilen türler: kızılçam, fıstıkçamı. Tür önerisi sistemin çıkarımı değil, dışarıdan verilen tablodan okunmuştur. Tablo: ÖRNEK TABLO — OGM tür-yetişme ortamı rehberi ile değiştirilecek",True
EGE_2021_04_007603,ONCELIGE_GORE,AGIR_YANMIS,0.356,,toparlanma=0.36 0.35..0.50,Öncelik sırasına göre değerlendir. Kısmi toparlanma bekleniyor; müdahale kararı bütçeye ve sıraya bağlı.,"Modelin tahminine göre yangın öncesi örtünün %36 kadarı iki yılda geri gelecek. Ne kendi kapanacak kadar iyi ne de acil müdahale gerektirecek kadar kötü — öncelik skoru bu kareyi sıranın neresine koyduğuna bakın. Yangın orta-yüksek şiddet sınıfında (dNBR 0,53); toprak yüzeyi büyük olasılıkla açıkta.",True
EGE_2021_04_007604,DIKIM_ADAYI,AGIR_YANMIS,0.3282,"kızılçam, fıstıkçamı",toparlanma=0.33 <0.35,"Aktif dikim adayı. Doğal toparlanma zayıf kalıyor, eğim (14,4°) dikime elverişli.","Modelin tahminine göre yangın öncesi örtünün ancak %33 kadarı iki yılda geri gelecek — kendi başına kapanmayacak bir açık var. Yangın yüksek şiddet sınıfında (dNBR 0,73); toprak yüzeyi büyük olasılıkla açıkta. Yetişme ortamı: Ege kuşağı, 462 m, orta eğimli (10–25°). Bu koşullar için önerilen türler: kızılçam, fıstıkçamı. Tür önerisi sistemin çıkarımı değil, dışarıdan verilen tablodan okunmuştur. Tablo: ÖRNEK TABLO — OGM tür-yetişme ortamı rehberi ile değiştirilecek",True
EGE_2021_04_007605,DIKIM_ADAYI,AGIR_YANMIS,0.2848,"kızılçam, fıstıkçamı",toparlanma=0.28 <0.35,"Aktif dikim adayı. Doğal toparlanma zayıf kalıyor, eğim (18,2°) dikime elverişli.","Modelin tahminine göre yangın öncesi örtünün ancak %28 kadarı iki yılda geri gelecek — kendi başına kapanmayacak bir açık var. Yangın yüksek şiddet sınıfında (dNBR 0,71); toprak yüzeyi büyük olasılıkla açıkta. Yetişme ortamı: Ege kuşağı, 524 m, orta eğimli (10–25°). Bu koşullar için önerilen türler: kızılçam, fıstıkçamı. Tür önerisi sistemin çıkarımı değil, dışarıdan verilen tablodan okunmuştur. Tablo: ÖRNEK TABLO — OGM tür-yetişme ortamı rehberi ile değiştirilecek",True
EGE_2021_04_007606,DIKIM_ADAYI,AGIR_YANMIS,0.3325,"kızılçam, fıstıkçamı",toparlanma=0.33 <0.35,"Aktif dikim adayı. Doğal toparlanma zayıf kalıyor, eğim (11,8°) dikime elverişli.","Modelin tahminine göre yangın öncesi örtünün ancak %33 kadarı iki yılda geri gelecek — kendi başına kapanmayacak bir açık var. Yangın orta-yüksek şiddet sınıfında (dNBR 0,54); toprak yüzeyi büyük olasılıkla açıkta. Yetişme ortamı: Ege kuşağı, 541 m, orta eğimli (10–25°). Bu koşullar için önerilen türler: kızılçam, fıstıkçamı. Tür önerisi sistemin çıkarımı değil, dışarıdan verilen tablodan okunmuştur. Tablo: ÖRNEK TABLO — OGM tür-yetişme ortamı rehberi ile değiştirilecek",True
EGE_2021_04_007607,ONCELIGE_GORE,,0.3877,,toparlanma=0.39 0.35..0.50,Öncelik sırasına göre değerlendir. Kısmi toparlanma bekleniyor; müdahale kararı bütçeye ve sıraya bağlı.,Modelin tahminine göre yangın öncesi örtünün %39 kadarı iki yılda geri gelecek. Ne kendi kapanacak kadar iyi ne de acil müdahale gerektirecek kadar kötü — öncelik skoru bu kareyi sıranın neresine koyduğuna bakın.,True
EGE_2021_04_007608,IZLE,ESKIDEN_ORMAN_DEGIL,,,prediction_status=low_severity,"İzle, müdahale etme. Yangın bu kareyi ağır yakmamış (düşük şiddet, dNBR 0,14).","Model bu rejimde tahmin üretmiyor. Kendi toparlanması bekleniyor, müdahale listesine alınmıyor. Yangın öncesi örtü otlak ve çalılık idi; orman kurma değil, mevcut örtünün onarımı düşünülmeli.",True
EGE_2021_04_007609,IZLE,ESKIDEN_ORMAN_DEGIL|DIK_YAMAC,,,prediction_status=low_severity,"İzle, müdahale etme. Yangın bu kareyi ağır yakmamış (düşük şiddet, dNBR 0,26).","Model bu rejimde tahmin üretmiyor. Kendi toparlanması bekleniyor, müdahale listesine alınmıyor. Yangın öncesi örtü otlak ve çalılık idi; orman kurma değil, mevcut örtünün onarımı düşünülmeli. Eğim 33,3° ile yüksek; makineli çalışma sınırlı olabilir.",True
EGE_2021_04_007610,ONCELIGE_GORE,,0.3813,,toparlanma=0.38 0.35..0.50,Öncelik sırasına göre değerlendir. Kısmi toparlanma bekleniyor; müdahale kararı bütçeye ve sıraya bağlı.,Modelin tahminine göre yangın öncesi örtünün %38 kadarı iki yılda geri gelecek. Ne kendi kapanacak kadar iyi ne de acil müdahale gerektirecek kadar kötü — öncelik skoru bu kareyi sıranın neresine koyduğuna bakın.,True
EGE_2021_04_007611,ONCELIGE_GORE,AGIR_YANMIS,0.3509,,toparlanma=0.35 0.35..0.50,Öncelik sırasına göre değerlendir. Kısmi toparlanma bekleniyor; müdahale kararı bütçeye ve sıraya bağlı.,"Modelin tahminine göre yangın öncesi örtünün %35 kadarı iki yılda geri gelecek. Ne kendi kapanacak kadar iyi ne de acil müdahale gerektirecek kadar kötü — öncelik skoru bu kareyi sıranın neresine koyduğuna bakın. Yangın orta-yüksek şiddet sınıfında (dNBR 0,57); toprak yüzeyi büyük olasılıkla açıkta.",True
EGE_2021_04_007612,DIKIM_ADAYI,AGIR_YANMIS,0.3203,"kızılçam, fıstıkçamı",toparlanma=0.32 <0.35,"Aktif dikim adayı. Doğal toparlanma zayıf kalıyor, eğim (21,6°) dikime elverişli.","Modelin tahminine göre yangın öncesi örtünün ancak %32 kadarı iki yılda geri gelecek — kendi başına kapanmayacak bir açık var. Yangın yüksek şiddet sınıfında (dNBR 0,78); toprak yüzeyi büyük olasılıkla açıkta. Yetişme ortamı: Ege kuşağı, 718 m, orta eğimli (10–25°). Bu koşullar için önerilen türler: kızılçam, fıstıkçamı. Tür önerisi sistemin çıkarımı değil, dışarıdan verilen tablodan okunmuştur. Tablo: ÖRNEK TABLO — OGM tür-yetişme ortamı rehberi ile değiştirilecek",True
EGE_2021_04_007613,ONCELIGE_GORE,,0.4496,,toparlanma=0.45 0.35..0.50,Öncelik sırasına göre değerlendir. Kısmi toparlanma bekleniyor; müdahale kararı bütçeye ve sıraya bağlı.,Modelin tahminine göre yangın öncesi örtünün %45 kadarı iki yılda geri gelecek. Ne kendi kapanacak kadar iyi ne de acil müdahale gerektirecek kadar kötü — öncelik skoru bu kareyi sıranın neresine koyduğuna bakın.,True
EGE_2021_04_007614,ONCELIGE_GORE,,0.3727,,toparlanma=0.37 0.35..0.50,Öncelik sırasına göre değerlendir. Kısmi toparlanma bekleniyor; müdahale kararı bütçeye ve sıraya bağlı.,Modelin tahminine göre yangın öncesi örtünün %37 kadarı iki yılda geri gelecek. Ne kendi kapanacak kadar iyi ne de acil müdahale gerektirecek kadar kötü — öncelik skoru bu kareyi sıranın neresine koyduğuna bakın.,True
EGE_2021_04_007615,IZLE,,,,prediction_status=low_severity,"İzle, müdahale etme. Yangın bu kareyi ağır yakmamış (düşük şiddet, dNBR 0,25).","Model bu rejimde tahmin üretmiyor. Kendi toparlanması bekleniyor, müdahale listesine alınmıyor.",True
EGE_2021_04_007616,IZLE,DIK_YAMAC,,,prediction_status=low_severity,"İzle, müdahale etme. Yangın bu kareyi ağır yakmamış (düşük şiddet, dNBR 0,25).","Model bu rejimde tahmin üretmiyor. Kendi toparlanması bekleniyor, müdahale listesine alınmıyor. Eğim 26,7° ile yüksek; makineli çalışma sınırlı olabilir.",True
EGE_2021_04_007617,EROZYON_ONCE,AGIR_YANMIS,0.3352,"kızılçam, fıstıkçamı",toparlanma=0.34 egim=25.7>=25 <0.35,"Önce erozyon kontrolü. Toparlanma tahmini zayıf ve eğim 25,7° — dikimden önce toprak tutma önlemi gerekiyor.","Modelin tahminine göre yangın öncesi örtünün ancak %34 kadarı iki yılda geri gelecek. Dik yamaçta çıplak toprak ilk sağanakta taşınır; stabilizasyon yapılmadan yapılan dikim de birlikte gider. Yangın orta-yüksek şiddet sınıfında (dNBR 0,46); toprak yüzeyi büyük olasılıkla açıkta. Yetişme ortamı: Ege kuşağı, 542 m, dik yamaç (25°+). Bu koşullar için önerilen türler: kızılçam, fıstıkçamı. Tür önerisi sistemin çıkarımı değil, dışarıdan verilen tablodan okunmuştur. Tablo: ÖRNEK TABLO — OGM tür-yetişme ortamı rehberi ile değiştirilecek",True
EGE_2021_04_007618,DIKIM_ADAYI,AGIR_YANMIS,0.2535,"kızılçam, fıstıkçamı",toparlanma=0.25 <0.35,"Aktif dikim adayı. Doğal toparlanma zayıf kalıyor, eğim (23,0°) dikime elverişli.","Modelin tahminine göre yangın öncesi örtünün ancak %25 kadarı iki yılda geri gelecek — kendi başına kapanmayacak bir açık var. Yangın orta-yüksek şiddet sınıfında (dNBR 0,60); toprak yüzeyi büyük olasılıkla açıkta. Yetişme ortamı: Ege kuşağı, 590 m, orta eğimli (10–25°). Bu koşullar için önerilen türler: kızılçam, fıstıkçamı. Tür önerisi sistemin çıkarımı değil, dışarıdan verilen tablodan okunmuştur. Tablo: ÖRNEK TABLO — OGM tür-yetişme ortamı rehberi ile değiştirilecek",True
EGE_2021_04_007619,DIKIM_ADAYI,,0.3236,"kızılçam, fıstıkçamı",toparlanma=0.32 <0.35,"Aktif dikim adayı. Doğal toparlanma zayıf kalıyor, eğim (18,8°) dikime elverişli.","Modelin tahminine göre yangın öncesi örtünün ancak %32 kadarı iki yılda geri gelecek — kendi başına kapanmayacak bir açık var. Yetişme ortamı: Ege kuşağı, 623 m, orta eğimli (10–25°). Bu koşullar için önerilen türler: kızılçam, fıstıkçamı. Tür önerisi sistemin çıkarımı değil, dışarıdan verilen tablodan okunmuştur. Tablo: ÖRNEK TABLO — OGM tür-yetişme ortamı rehberi ile değiştirilecek",True
EGE_2021_04_007620,ONCELIGE_GORE,,0.4483,,toparlanma=0.45 0.35..0.50,Öncelik sırasına göre değerlendir. Kısmi toparlanma bekleniyor; müdahale kararı bütçeye ve sıraya bağlı.,Modelin tahminine göre yangın öncesi örtünün %45 kadarı iki yılda geri gelecek. Ne kendi kapanacak kadar iyi ne de acil müdahale gerektirecek kadar kötü — öncelik skoru bu kareyi sıranın neresine koyduğuna bakın.,True
EGE_2021_04_007621,IZLE,,,,prediction_status=low_severity,"İzle, müdahale etme. Yangın bu kareyi ağır yakmamış (düşük şiddet, dNBR 0,17).","Model bu rejimde tahmin üretmiyor. Kendi toparlanması bekleniyor, müdahale listesine alınmıyor.",True
EGE_2021_04_007705,DIKIM_ADAYI,AGIR_YANMIS,0.3455,"kızılçam, fıstıkçamı",toparlanma=0.35 <0.35,"Aktif dikim adayı. Doğal toparlanma zayıf kalıyor, eğim (16,5°) dikime elverişli.","Modelin tahminine göre yangın öncesi örtünün ancak %35 kadarı iki yılda geri gelecek — kendi başına kapanmayacak bir açık var. Yangın orta-yüksek şiddet sınıfında (dNBR 0,66); toprak yüzeyi büyük olasılıkla açıkta. Yetişme ortamı: Ege kuşağı, 226 m, orta eğimli (10–25°). Bu koşullar için önerilen türler: kızılçam, fıstıkçamı. Tür önerisi sistemin çıkarımı değil, dışarıdan verilen tablodan okunmuştur. Tablo: ÖRNEK TABLO — OGM tür-yetişme ortamı rehberi ile değiştirilecek",True
EGE_2021_04_007706,EROZYON_ONCE,AGIR_YANMIS,0.3087,"kızılçam, fıstıkçamı",toparlanma=0.31 egim=25.1>=25 <0.35,"Önce erozyon kontrolü. Toparlanma tahmini zayıf ve eğim 25,1° — dikimden önce toprak tutma önlemi gerekiyor.","Modelin tahminine göre yangın öncesi örtünün ancak %31 kadarı iki yılda geri gelecek. Dik yamaçta çıplak toprak ilk sağanakta taşınır; stabilizasyon yapılmadan yapılan dikim de birlikte gider. Yangın yüksek şiddet sınıfında (dNBR 0,78); toprak yüzeyi büyük olasılıkla açıkta. Yetişme ortamı: Ege kuşağı, 300 m, dik yamaç (25°+). Bu koşullar için önerilen türler: kızılçam, fıstıkçamı. Tür önerisi sistemin çıkarımı değil, dışarıdan verilen tablodan okunmuştur. Tablo: ÖRNEK TABLO — OGM tür-yetişme ortamı rehberi ile değiştirilecek",True
EGE_2021_04_007707,EROZYON_ONCE,AGIR_YANMIS,0.281,"kızılçam, fıstıkçamı",toparlanma=0.28 egim=28.8>=25 <0.35,"Önce erozyon kontrolü. Toparlanma tahmini zayıf ve eğim 28,8° — dikimden önce toprak tutma önlemi gerekiyor.","Modelin tahminine göre yangın öncesi örtünün ancak %28 kadarı iki yılda geri gelecek. Dik yamaçta çıplak toprak ilk sağanakta taşınır; stabilizasyon yapılmadan yapılan dikim de birlikte gider. Yangın yüksek şiddet sınıfında (dNBR 0,68); toprak yüzeyi büyük olasılıkla açıkta. Yetişme ortamı: Ege kuşağı, 383 m, dik yamaç (25°+). Bu koşullar için önerilen türler: kızılçam, fıstıkçamı. Tür önerisi sistemin çıkarımı değil, dışarıdan verilen tablodan okunmuştur. Tablo: ÖRNEK TABLO — OGM tür-yetişme ortamı rehberi ile değiştirilecek",True
EGE_2021_04_007708,EROZYON_ONCE,AGIR_YANMIS,0.2956,"kızılçam, fıstıkçamı",toparlanma=0.30 egim=27.1>=25 <0.35,"Önce erozyon kontrolü. Toparlanma tahmini zayıf ve eğim 27,1° — dikimden önce toprak tutma önlemi gerekiyor.","Modelin tahminine göre yangın öncesi örtünün ancak %30 kadarı iki yılda geri gelecek. Dik yamaçta çıplak toprak ilk sağanakta taşınır; stabilizasyon yapılmadan yapılan dikim de birlikte gider. Yangın orta-yüksek şiddet sınıfında (dNBR 0,61); toprak yüzeyi büyük olasılıkla açıkta. Yetişme ortamı: Ege kuşağı, 460 m, dik yamaç (25°+). Bu koşullar için önerilen türler: kızılçam, fıstıkçamı. Tür önerisi sistemin çıkarımı değil, dışarıdan verilen tablodan okunmuştur. Tablo: ÖRNEK TABLO — OGM tür-yetişme ortamı rehberi ile değiştirilecek",True
EGE_2021_04_007709,DIKIM_ADAYI,AGIR_YANMIS,0.2755,"kızılçam, fıstıkçamı",toparlanma=0.28 <0.35,"Aktif dikim adayı. Doğal toparlanma zayıf kalıyor, eğim (22,6°) dikime elverişli.","Modelin tahminine göre yangın öncesi örtünün ancak %28 kadarı iki yılda geri gelecek — kendi başına kapanmayacak bir açık var. Yangın orta-yüksek şiddet sınıfında (dNBR 0,56); toprak yüzeyi büyük olasılıkla açıkta. Yetişme ortamı: Ege kuşağı, 480 m, orta eğimli (10–25°). Bu koşullar için önerilen türler: kızılçam, fıstıkçamı. Tür önerisi sistemin çıkarımı değil, dışarıdan verilen tablodan okunmuştur. Tablo: ÖRNEK TABLO — OGM tür-yetişme ortamı rehberi ile değiştirilecek",True
EGE_2021_04_007710,DIKIM_ADAYI,AGIR_YANMIS,0.3023,"kızılçam, fıstıkçamı",toparlanma=0.30 <0.35,"Aktif dikim adayı. Doğal toparlanma zayıf kalıyor, eğim (17,1°) dikime elverişli.","Modelin tahminine göre yangın öncesi örtünün ancak %30 kadarı iki yılda geri gelecek — kendi başına kapanmayacak bir açık var. Yangın orta-yüksek şiddet sınıfında (dNBR 0,63); toprak yüzeyi büyük olasılıkla açıkta. Yetişme ortamı: Ege kuşağı, 436 m, orta eğimli (10–25°). Bu koşullar için önerilen türler: kızılçam, fıstıkçamı. Tür önerisi sistemin çıkarımı değil, dışarıdan verilen tablodan okunmuştur. Tablo: ÖRNEK TABLO — OGM tür-yetişme ortamı rehberi ile değiştirilecek",True
EGE_2021_04_007711,DIKIM_ADAYI,AGIR_YANMIS,0.3134,"kızılçam, fıstıkçamı",toparlanma=0.31 <0.35,"Aktif dikim adayı. Doğal toparlanma zayıf kalıyor, eğim (16,1°) dikime elverişli.","Modelin tahminine göre yangın öncesi örtünün ancak %31 kadarı iki yılda geri gelecek — kendi başına kapanmayacak bir açık var. Yangın orta-yüksek şiddet sınıfında (dNBR 0,60); toprak yüzeyi büyük olasılıkla açıkta. Yetişme ortamı: Ege kuşağı, 435 m, orta eğimli (10–25°). Bu koşullar için önerilen türler: kızılçam, fıstıkçamı. Tür önerisi sistemin çıkarımı değil, dışarıdan verilen tablodan okunmuştur. Tablo: ÖRNEK TABLO — OGM tür-yetişme ortamı rehberi ile değiştirilecek",True
EGE_2021_04_007712,DIKIM_ADAYI,AGIR_YANMIS,0.3048,"kızılçam, fıstıkçamı",toparlanma=0.30 <0.35,"Aktif dikim adayı. Doğal toparlanma zayıf kalıyor, eğim (14,2°) dikime elverişli.","Modelin tahminine göre yangın öncesi örtünün ancak %30 kadarı iki yılda geri gelecek — kendi başına kapanmayacak bir açık var. Yangın yüksek şiddet sınıfında (dNBR 0,73); toprak yüzeyi büyük olasılıkla açıkta. Yetişme ortamı: Ege kuşağı, 423 m, orta eğimli (10–25°). Bu koşullar için önerilen türler: kızılçam, fıstıkçamı. Tür önerisi sistemin çıkarımı değil, dışarıdan verilen tablodan okunmuştur. Tablo: ÖRNEK TABLO — OGM tür-yetişme ortamı rehberi ile değiştirilecek",True
EGE_2021_04_007713,DIKIM_ADAYI,AGIR_YANMIS,0.29,"kızılçam, fıstıkçamı",toparlanma=0.29 <0.35,"Aktif dikim adayı. Doğal toparlanma zayıf kalıyor, eğim (16,6°) dikime elverişli.","Modelin tahminine göre yangın öncesi örtünün ancak %29 kadarı iki yılda geri gelecek — kendi başına kapanmayacak bir açık var. Yangın yüksek şiddet sınıfında (dNBR 0,90); toprak yüzeyi büyük olasılıkla açıkta. Yetişme ortamı: Ege kuşağı, 475 m, orta eğimli (10–25°). Bu koşullar için önerilen türler: kızılçam, fıstıkçamı. Tür önerisi sistemin çıkarımı değil, dışarıdan verilen tablodan okunmuştur. Tablo: ÖRNEK TABLO — OGM tür-yetişme ortamı rehberi ile değiştirilecek",True
EGE_2021_04_007714,DIKIM_ADAYI,AGIR_YANMIS,0.302,"kızılçam, fıstıkçamı",toparlanma=0.30 <0.35,"Aktif dikim adayı. Doğal toparlanma zayıf kalıyor, eğim (12,0°) dikime elverişli.","Modelin tahminine göre yangın öncesi örtünün ancak %30 kadarı iki yılda geri gelecek — kendi başına kapanmayacak bir açık var. Yangın yüksek şiddet sınıfında (dNBR 0,73); toprak yüzeyi büyük olasılıkla açıkta. Yetişme ortamı: Ege kuşağı, 508 m, orta eğimli (10–25°). Bu koşullar için önerilen türler: kızılçam, fıstıkçamı. Tür önerisi sistemin çıkarımı değil, dışarıdan verilen tablodan okunmuştur. Tablo: ÖRNEK TABLO — OGM tür-yetişme ortamı rehberi ile değiştirilecek",True
EGE_2021_04_007715,ONCELIGE_GORE,,0.3993,,toparlanma=0.40 0.35..0.50,Öncelik sırasına göre değerlendir. Kısmi toparlanma bekleniyor; müdahale kararı bütçeye ve sıraya bağlı.,Modelin tahminine göre yangın öncesi örtünün %40 kadarı iki yılda geri gelecek. Ne kendi kapanacak kadar iyi ne de acil müdahale gerektirecek kadar kötü — öncelik skoru bu kareyi sıranın neresine koyduğuna bakın.,True
EGE_2021_04_007716,IZLE,,,,prediction_status=low_severity,"İzle, müdahale etme. Yangın bu kareyi ağır yakmamış (düşük şiddet, dNBR 0,13).","Model bu rejimde tahmin üretmiyor. Kendi toparlanması bekleniyor, müdahale listesine alınmıyor.",True
EGE_2021_04_007717,IZLE,ESKIDEN_ORMAN_DEGIL|DIK_YAMAC,,,prediction_status=low_severity,"İzle, müdahale etme. Yangın bu kareyi ağır yakmamış (düşük şiddet, dNBR 0,12).","Model bu rejimde tahmin üretmiyor. Kendi toparlanması bekleniyor, müdahale listesine alınmıyor. Yangın öncesi örtü otlak ve çalılık idi; orman kurma değil, mevcut örtünün onarımı düşünülmeli. Eğim 36,7° ile yüksek; makineli çalışma sınırlı olabilir.",True
EGE_2021_04_007718,DIKIM_ADAYI,,0.3325,"kızılçam, fıstıkçamı",toparlanma=0.33 <0.35,"Aktif dikim adayı. Doğal toparlanma zayıf kalıyor, eğim (21,5°) dikime elverişli.","Modelin tahminine göre yangın öncesi örtünün ancak %33 kadarı iki yılda geri gelecek — kendi başına kapanmayacak bir açık var. Yetişme ortamı: Ege kuşağı, 578 m, orta eğimli (10–25°). Bu koşullar için önerilen türler: kızılçam, fıstıkçamı. Tür önerisi sistemin çıkarımı değil, dışarıdan verilen tablodan okunmuştur. Tablo: ÖRNEK TABLO — OGM tür-yetişme ortamı rehberi ile değiştirilecek",True
EGE_2021_04_007719,DIKIM_ADAYI,AGIR_YANMIS,0.3118,"kızılçam, fıstıkçamı",toparlanma=0.31 <0.35,"Aktif dikim adayı. Doğal toparlanma zayıf kalıyor, eğim (23,3°) dikime elverişli.","Modelin tahminine göre yangın öncesi örtünün ancak %31 kadarı iki yılda geri gelecek — kendi başına kapanmayacak bir açık var. Yangın orta-yüksek şiddet sınıfında (dNBR 0,59); toprak yüzeyi büyük olasılıkla açıkta. Yetişme ortamı: Ege kuşağı, 678 m, orta eğimli (10–25°). Bu koşullar için önerilen türler: kızılçam, fıstıkçamı. Tür önerisi sistemin çıkarımı değil, dışarıdan verilen tablodan okunmuştur. Tablo: ÖRNEK TABLO — OGM tür-yetişme ortamı rehberi ile değiştirilecek",True
EGE_2021_04_007720,ONCELIGE_GORE,AGIR_YANMIS,0.3666,,toparlanma=0.37 0.35..0.50,Öncelik sırasına göre değerlendir. Kısmi toparlanma bekleniyor; müdahale kararı bütçeye ve sıraya bağlı.,"Modelin tahminine göre yangın öncesi örtünün %37 kadarı iki yılda geri gelecek. Ne kendi kapanacak kadar iyi ne de acil müdahale gerektirecek kadar kötü — öncelik skoru bu kareyi sıranın neresine koyduğuna bakın. Yangın orta-yüksek şiddet sınıfında (dNBR 0,56); toprak yüzeyi büyük olasılıkla açıkta.",True
EGE_2021_04_007721,DIKIM_ADAYI,AGIR_YANMIS,0.3117,"kızılçam, fıstıkçamı",toparlanma=0.31 <0.35,"Aktif dikim adayı. Doğal toparlanma zayıf kalıyor, eğim (21,1°) dikime elverişli.","Modelin tahminine göre yangın öncesi örtünün ancak %31 kadarı iki yılda geri gelecek — kendi başına kapanmayacak bir açık var. Yangın orta-yüksek şiddet sınıfında (dNBR 0,51); toprak yüzeyi büyük olasılıkla açıkta. Yetişme ortamı: Ege kuşağı, 743 m, orta eğimli (10–25°). Bu koşullar için önerilen türler: kızılçam, fıstıkçamı. Tür önerisi sistemin çıkarımı değil, dışarıdan verilen tablodan okunmuştur. Tablo: ÖRNEK TABLO — OGM tür-yetişme ortamı rehberi ile değiştirilecek",True
EGE_2021_04_007722,EROZYON_ONCE,,0.3147,"kızılçam, fıstıkçamı",toparlanma=0.31 egim=26.0>=25 <0.35,"Önce erozyon kontrolü. Toparlanma tahmini zayıf ve eğim 26,0° — dikimden önce toprak tutma önlemi gerekiyor.","Modelin tahminine göre yangın öncesi örtünün ancak %31 kadarı iki yılda geri gelecek. Dik yamaçta çıplak toprak ilk sağanakta taşınır; stabilizasyon yapılmadan yapılan dikim de birlikte gider. Yetişme ortamı: Ege kuşağı, 665 m, dik yamaç (25°+). Bu koşullar için önerilen türler: kızılçam, fıstıkçamı. Tür önerisi sistemin çıkarımı değil, dışarıdan verilen tablodan okunmuştur. Tablo: ÖRNEK TABLO — OGM tür-yetişme ortamı rehberi ile değiştirilecek",True
EGE_2021_04_007723,ONCELIGE_GORE,ESKIDEN_ORMAN_DEGIL,0.4087,,toparlanma=0.41 0.35..0.50,Öncelik sırasına göre değerlendir. Kısmi toparlanma bekleniyor; müdahale kararı bütçeye ve sıraya bağlı.,"Modelin tahminine göre yangın öncesi örtünün %41 kadarı iki yılda geri gelecek. Ne kendi kapanacak kadar iyi ne de acil müdahale gerektirecek kadar kötü — öncelik skoru bu kareyi sıranın neresine koyduğuna bakın. Yangın öncesi örtü otlak ve çalılık idi; orman kurma değil, mevcut örtünün onarımı düşünülmeli.",True
EGE_2021_04_007724,ONCELIGE_GORE,ESKIDEN_ORMAN_DEGIL,0.4393,,toparlanma=0.44 0.35..0.50,Öncelik sırasına göre değerlendir. Kısmi toparlanma bekleniyor; müdahale kararı bütçeye ve sıraya bağlı.,"Modelin tahminine göre yangın öncesi örtünün %44 kadarı iki yılda geri gelecek. Ne kendi kapanacak kadar iyi ne de acil müdahale gerektirecek kadar kötü — öncelik skoru bu kareyi sıranın neresine koyduğuna bakın. Yangın öncesi örtü otlak ve çalılık idi; orman kurma değil, mevcut örtünün onarımı düşünülmeli.",True
EGE_2021_04_007725,ONCELIGE_GORE,,0.3726,,toparlanma=0.37 0.35..0.50,Öncelik sırasına göre değerlendir. Kısmi toparlanma bekleniyor; müdahale kararı bütçeye ve sıraya bağlı.,Modelin tahminine göre yangın öncesi örtünün %37 kadarı iki yılda geri gelecek. Ne kendi kapanacak kadar iyi ne de acil müdahale gerektirecek kadar kötü — öncelik skoru bu kareyi sıranın neresine koyduğuna bakın.,True
EGE_2021_04_007726,DIKIM_ADAYI,,0.2896,"kızılçam, fıstıkçamı",toparlanma=0.29 <0.35,"Aktif dikim adayı. Doğal toparlanma zayıf kalıyor, eğim (24,7°) dikime elverişli.","Modelin tahminine göre yangın öncesi örtünün ancak %29 kadarı iki yılda geri gelecek — kendi başına kapanmayacak bir açık var. Yetişme ortamı: Ege kuşağı, 523 m, orta eğimli (10–25°). Bu koşullar için önerilen türler: kızılçam, fıstıkçamı. Tür önerisi sistemin çıkarımı değil, dışarıdan verilen tablodan okunmuştur. Tablo: ÖRNEK TABLO — OGM tür-yetişme ortamı rehberi ile değiştirilecek",True
EGE_2021_04_007727,IZLE,DIK_YAMAC,,,prediction_status=low_severity,"İzle, müdahale etme. Yangın bu kareyi ağır yakmamış (düşük şiddet, dNBR 0,27).","Model bu rejimde tahmin üretmiyor. Kendi toparlanması bekleniyor, müdahale listesine alınmıyor. Eğim 29,0° ile yüksek; makineli çalışma sınırlı olabilir.",True
EGE_2021_04_007728,IZLE,,,,prediction_status=low_severity,"İzle, müdahale etme. Yangın bu kareyi ağır yakmamış (düşük şiddet, dNBR 0,23).","Model bu rejimde tahmin üretmiyor. Kendi toparlanması bekleniyor, müdahale listesine alınmıyor.",True
EGE_2021_04_007813,ONCELIGE_GORE,,0.3937,,toparlanma=0.39 0.35..0.50,Öncelik sırasına göre değerlendir. Kısmi toparlanma bekleniyor; müdahale kararı bütçeye ve sıraya bağlı.,Modelin tahminine göre yangın öncesi örtünün %39 kadarı iki yılda geri gelecek. Ne kendi kapanacak kadar iyi ne de acil müdahale gerektirecek kadar kötü — öncelik skoru bu kareyi sıranın neresine koyduğuna bakın.,True
EGE_2021_04_007814,DIKIM_ADAYI,AGIR_YANMIS,0.3031,"kızılçam, fıstıkçamı",toparlanma=0.30 <0.35,"Aktif dikim adayı. Doğal toparlanma zayıf kalıyor, eğim (17,2°) dikime elverişli.","Modelin tahminine göre yangın öncesi örtünün ancak %30 kadarı iki yılda geri gelecek — kendi başına kapanmayacak bir açık var. Yangın orta-yüksek şiddet sınıfında (dNBR 0,56); toprak yüzeyi büyük olasılıkla açıkta. Yetişme ortamı: Ege kuşağı, 201 m, orta eğimli (10–25°). Bu koşullar için önerilen türler: kızılçam, fıstıkçamı. Tür önerisi sistemin çıkarımı değil, dışarıdan verilen tablodan okunmuştur. Tablo: ÖRNEK TABLO — OGM tür-yetişme ortamı rehberi ile değiştirilecek",True
EGE_2021_04_007815,DIKIM_ADAYI,AGIR_YANMIS,0.332,"kızılçam, fıstıkçamı",toparlanma=0.33 <0.35,"Aktif dikim adayı. Doğal toparlanma zayıf kalıyor, eğim (22,9°) dikime elverişli.","Modelin tahminine göre yangın öncesi örtünün ancak %33 kadarı iki yılda geri gelecek — kendi başına kapanmayacak bir açık var. Yangın orta-yüksek şiddet sınıfında (dNBR 0,63); toprak yüzeyi büyük olasılıkla açıkta. Yetişme ortamı: Ege kuşağı, 264 m, orta eğimli (10–25°). Bu koşullar için önerilen türler: kızılçam, fıstıkçamı. Tür önerisi sistemin çıkarımı değil, dışarıdan verilen tablodan okunmuştur. Tablo: ÖRNEK TABLO — OGM tür-yetişme ortamı rehberi ile değiştirilecek",True
EGE_2021_04_007816,EROZYON_ONCE,AGIR_YANMIS,0.2848,"kızılçam, fıstıkçamı",toparlanma=0.28 egim=28.8>=25 <0.35,"Önce erozyon kontrolü. Toparlanma tahmini zayıf ve eğim 28,8° — dikimden önce toprak tutma önlemi gerekiyor.","Modelin tahminine göre yangın öncesi örtünün ancak %28 kadarı iki yılda geri gelecek. Dik yamaçta çıplak toprak ilk sağanakta taşınır; stabilizasyon yapılmadan yapılan dikim de birlikte gider. Yangın orta-yüksek şiddet sınıfında (dNBR 0,65); toprak yüzeyi büyük olasılıkla açıkta. Yetişme ortamı: Ege kuşağı, 329 m, dik yamaç (25°+). Bu koşullar için önerilen türler: kızılçam, fıstıkçamı. Tür önerisi sistemin çıkarımı değil, dışarıdan verilen tablodan okunmuştur. Tablo: ÖRNEK TABLO — OGM tür-yetişme ortamı rehberi ile değiştirilecek",True
EGE_2021_04_007817,DIKIM_ADAYI,AGIR_YANMIS,0.2734,"kızılçam, fıstıkçamı",toparlanma=0.27 <0.35,"Aktif dikim adayı. Doğal toparlanma zayıf kalıyor, eğim (20,0°) dikime elverişli.","Modelin tahminine göre yangın öncesi örtünün ancak %27 kadarı iki yılda geri gelecek — kendi başına kapanmayacak bir açık var. Yangın orta-yüksek şiddet sınıfında (dNBR 0,61); toprak yüzeyi büyük olasılıkla açıkta. Yetişme ortamı: Ege kuşağı, 372 m, orta eğimli (10–25°). Bu koşullar için önerilen türler: kızılçam, fıstıkçamı. Tür önerisi sistemin çıkarımı değil, dışarıdan verilen tablodan okunmuştur. Tablo: ÖRNEK TABLO — OGM tür-yetişme ortamı rehberi ile değiştirilecek",True
EGE_2021_04_007818,DIKIM_ADAYI,AGIR_YANMIS,0.2862,"kızılçam, fıstıkçamı",toparlanma=0.29 <0.35,"Aktif dikim adayı. Doğal toparlanma zayıf kalıyor, eğim (18,2°) dikime elverişli.","Modelin tahminine göre yangın öncesi örtünün ancak %29 kadarı iki yılda geri gelecek — kendi başına kapanmayacak bir açık var. Yangın orta-yüksek şiddet sınıfında (dNBR 0,56); toprak yüzeyi büyük olasılıkla açıkta. Yetişme ortamı: Ege kuşağı, 362 m, orta eğimli (10–25°). Bu koşullar için önerilen türler: kızılçam, fıstıkçamı. Tür önerisi sistemin çıkarımı değil, dışarıdan verilen tablodan okunmuştur. Tablo: ÖRNEK TABLO — OGM tür-yetişme ortamı rehberi ile değiştirilecek",True
EGE_2021_04_007819,DIKIM_ADAYI,AGIR_YANMIS,0.3119,"kızılçam, fıstıkçamı",toparlanma=0.31 <0.35,"Aktif dikim adayı. Doğal toparlanma zayıf kalıyor, eğim (17,0°) dikime elverişli.","Modelin tahminine göre yangın öncesi örtünün ancak %31 kadarı iki yılda geri gelecek — kendi başına kapanmayacak bir açık var. Yangın orta-yüksek şiddet sınıfında (dNBR 0,51); toprak yüzeyi büyük olasılıkla açıkta. Yetişme ortamı: Ege kuşağı, 359 m, orta eğimli (10–25°). Bu koşullar için önerilen türler: kızılçam, fıstıkçamı. Tür önerisi sistemin çıkarımı değil, dışarıdan verilen tablodan okunmuştur. Tablo: ÖRNEK TABLO — OGM tür-yetişme ortamı rehberi ile değiştirilecek",True
EGE_2021_04_007820,ONCELIGE_GORE,AGIR_YANMIS,0.409,,toparlanma=0.41 0.35..0.50,Öncelik sırasına göre değerlendir. Kısmi toparlanma bekleniyor; müdahale kararı bütçeye ve sıraya bağlı.,"Modelin tahminine göre yangın öncesi örtünün %41 kadarı iki yılda geri gelecek. Ne kendi kapanacak kadar iyi ne de acil müdahale gerektirecek kadar kötü — öncelik skoru bu kareyi sıranın neresine koyduğuna bakın. Yangın orta-yüksek şiddet sınıfında (dNBR 0,46); toprak yüzeyi büyük olasılıkla açıkta.",True
EGE_2021_04_007821,DIKIM_ADAYI,AGIR_YANMIS,0.2753,"kızılçam, fıstıkçamı",toparlanma=0.28 <0.35,"Aktif dikim adayı. Doğal toparlanma zayıf kalıyor, eğim (19,0°) dikime elverişli.","Modelin tahminine göre yangın öncesi örtünün ancak %28 kadarı iki yılda geri gelecek — kendi başına kapanmayacak bir açık var. Yangın yüksek şiddet sınıfında (dNBR 0,72); toprak yüzeyi büyük olasılıkla açıkta. Yetişme ortamı: Ege kuşağı, 416 m, orta eğimli (10–25°). Bu koşullar için önerilen türler: kızılçam, fıstıkçamı. Tür önerisi sistemin çıkarımı değil, dışarıdan verilen tablodan okunmuştur. Tablo: ÖRNEK TABLO — OGM tür-yetişme ortamı rehberi ile değiştirilecek",True
EGE_2021_04_007822,DIKIM_ADAYI,AGIR_YANMIS,0.2755,"kızılçam, fıstıkçamı",toparlanma=0.28 <0.35,"Aktif dikim adayı. Doğal toparlanma zayıf kalıyor, eğim (17,8°) dikime elverişli.","Modelin tahminine göre yangın öncesi örtünün ancak %28 kadarı iki yılda geri gelecek — kendi başına kapanmayacak bir açık var. Yangın orta-yüksek şiddet sınıfında (dNBR 0,66); toprak yüzeyi büyük olasılıkla açıkta. Yetişme ortamı: Ege kuşağı, 435 m, orta eğimli (10–25°). Bu koşullar için önerilen türler: kızılçam, fıstıkçamı. Tür önerisi sistemin çıkarımı değil, dışarıdan verilen tablodan okunmuştur. Tablo: ÖRNEK TABLO — OGM tür-yetişme ortamı rehberi ile değiştirilecek",True
EGE_2021_04_007823,DIKIM_ADAYI,AGIR_YANMIS,0.318,"kızılçam, fıstıkçamı",toparlanma=0.32 <0.35,"Aktif dikim adayı. Doğal toparlanma zayıf kalıyor, eğim (16,8°) dikime elverişli.","Modelin tahminine göre yangın öncesi örtünün ancak %32 kadarı iki yılda geri gelecek — kendi başına kapanmayacak bir açık var. Yangın orta-yüksek şiddet sınıfında (dNBR 0,52); toprak yüzeyi büyük olasılıkla açıkta. Yetişme ortamı: Ege kuşağı, 437 m, orta eğimli (10–25°). Bu koşullar için önerilen türler: kızılçam, fıstıkçamı. Tür önerisi sistemin çıkarımı değil, dışarıdan verilen tablodan okunmuştur. Tablo: ÖRNEK TABLO — OGM tür-yetişme ortamı rehberi ile değiştirilecek",True
EGE_2021_04_007824,IZLE,DIK_YAMAC,,,prediction_status=low_severity,"İzle, müdahale etme. Yangın bu kareyi ağır yakmamış (düşük şiddet, dNBR 0,21).","Model bu rejimde tahmin üretmiyor. Kendi toparlanması bekleniyor, müdahale listesine alınmıyor. Eğim 27,0° ile yüksek; makineli çalışma sınırlı olabilir.",True
EGE_2021_04_007825,IZLE,ESKIDEN_ORMAN_DEGIL|DIK_YAMAC,,,prediction_status=low_severity,"İzle, müdahale etme. Yangın bu kareyi ağır yakmamış (düşük şiddet, dNBR 0,18).","Model bu rejimde tahmin üretmiyor. Kendi toparlanması bekleniyor, müdahale listesine alınmıyor. Yangın öncesi örtü otlak ve çalılık idi; orman kurma değil, mevcut örtünün onarımı düşünülmeli. Eğim 32,9° ile yüksek; makineli çalışma sınırlı olabilir.",True
EGE_2021_04_007826,EROZYON_ONCE,ESKIDEN_ORMAN_DEGIL,0.3298,"maki türleri, kermes meşesi",toparlanma=0.33 egim=33.6>=25 <0.35,"Önce erozyon kontrolü. Toparlanma tahmini zayıf ve eğim 33,6° — dikimden önce toprak tutma önlemi gerekiyor.","Modelin tahminine göre yangın öncesi örtünün ancak %33 kadarı iki yılda geri gelecek. Dik yamaçta çıplak toprak ilk sağanakta taşınır; stabilizasyon yapılmadan yapılan dikim de birlikte gider. Yangın öncesi örtü otlak ve çalılık idi; orman kurma değil, mevcut örtünün onarımı düşünülmeli. Yetişme ortamı: Ege kuşağı, 543 m, dik yamaç (25°+). Bu koşullar için önerilen türler: maki türleri, kermes meşesi. Tür önerisi sistemin çıkarımı değil, dışarıdan verilen tablodan okunmuştur. Tablo: ÖRNEK TABLO — OGM tür-yetişme ortamı rehberi ile değiştirilecek",True
EGE_2021_04_007827,DIKIM_ADAYI,AGIR_YANMIS,0.276,"kızılçam, fıstıkçamı",toparlanma=0.28 <0.35,"Aktif dikim adayı. Doğal toparlanma zayıf kalıyor, eğim (23,3°) dikime elverişli.","Modelin tahminine göre yangın öncesi örtünün ancak %28 kadarı iki yılda geri gelecek — kendi başına kapanmayacak bir açık var. Yangın orta-yüksek şiddet sınıfında (dNBR 0,61); toprak yüzeyi büyük olasılıkla açıkta. Yetişme ortamı: Ege kuşağı, 645 m, orta eğimli (10–25°). Bu koşullar için önerilen türler: kızılçam, fıstıkçamı. Tür önerisi sistemin çıkarımı değil, dışarıdan verilen tablodan okunmuştur. Tablo: ÖRNEK TABLO — OGM tür-yetişme ortamı rehberi ile değiştirilecek",True
EGE_2021_04_007828,EROZYON_ONCE,AGIR_YANMIS,0.2273,"kızılçam, fıstıkçamı",toparlanma=0.23 egim=25.7>=25 <0.35,"Önce erozyon kontrolü. Toparlanma tahmini zayıf ve eğim 25,7° — dikimden önce toprak tutma önlemi gerekiyor.","Modelin tahminine göre yangın öncesi örtünün ancak %23 kadarı iki yılda geri gelecek. Dik yamaçta çıplak toprak ilk sağanakta taşınır; stabilizasyon yapılmadan yapılan dikim de birlikte gider. Yangın yüksek şiddet sınıfında (dNBR 0,75); toprak yüzeyi büyük olasılıkla açıkta. Yetişme ortamı: Ege kuşağı, 709 m, dik yamaç (25°+). Bu koşullar için önerilen türler: kızılçam, fıstıkçamı. Tür önerisi sistemin çıkarımı değil, dışarıdan verilen tablodan okunmuştur. Tablo: ÖRNEK TABLO — OGM tür-yetişme ortamı rehberi ile değiştirilecek",True
EGE_2021_04_007829,EROZYON_ONCE,AGIR_YANMIS,0.257,"kızılçam, fıstıkçamı",toparlanma=0.26 egim=29.7>=25 <0.35,"Önce erozyon kontrolü. Toparlanma tahmini zayıf ve eğim 29,7° — dikimden önce toprak tutma önlemi gerekiyor.","Modelin tahminine göre yangın öncesi örtünün ancak %26 kadarı iki yılda geri gelecek. Dik yamaçta çıplak toprak ilk sağanakta taşınır; stabilizasyon yapılmadan yapılan dikim de birlikte gider. Yangın orta-yüksek şiddet sınıfında (dNBR 0,56); toprak yüzeyi büyük olasılıkla açıkta. Yetişme ortamı: Ege kuşağı, 664 m, dik yamaç (25°+). Bu koşullar için önerilen türler: kızılçam, fıstıkçamı. Tür önerisi sistemin çıkarımı değil, dışarıdan verilen tablodan okunmuştur. Tablo: ÖRNEK TABLO — OGM tür-yetişme ortamı rehberi ile değiştirilecek",True
EGE_2021_04_007830,ONCELIGE_GORE,SEYREK_ORTU|DIK_YAMAC,0.387,,toparlanma=0.39 0.35..0.50,Öncelik sırasına göre değerlendir. Kısmi toparlanma bekleniyor; müdahale kararı bütçeye ve sıraya bağlı.,"Modelin tahminine göre yangın öncesi örtünün %39 kadarı iki yılda geri gelecek. Ne kendi kapanacak kadar iyi ne de acil müdahale gerektirecek kadar kötü — öncelik skoru bu kareyi sıranın neresine koyduğuna bakın. Yangın öncesi ağaç örtüsü zaten seyrekti (%27) — buradaki açığın tamamı yangından kaynaklanmıyor olabilir. Eğim 30,6° ile yüksek; makineli çalışma sınırlı olabilir.",True
EGE_2021_04_007831,ONCELIGE_GORE,,0.3917,,toparlanma=0.39 0.35..0.50,Öncelik sırasına göre değerlendir. Kısmi toparlanma bekleniyor; müdahale kararı bütçeye ve sıraya bağlı.,Modelin tahminine göre yangın öncesi örtünün %39 kadarı iki yılda geri gelecek. Ne kendi kapanacak kadar iyi ne de acil müdahale gerektirecek kadar kötü — öncelik skoru bu kareyi sıranın neresine koyduğuna bakın.,True
EGE_2021_04_007832,DIKIM_ADAYI,AGIR_YANMIS,0.3061,"kızılçam, fıstıkçamı",toparlanma=0.31 <0.35,"Aktif dikim adayı. Doğal toparlanma zayıf kalıyor, eğim (20,7°) dikime elverişli.","Modelin tahminine göre yangın öncesi örtünün ancak %31 kadarı iki yılda geri gelecek — kendi başına kapanmayacak bir açık var. Yangın orta-yüksek şiddet sınıfında (dNBR 0,52); toprak yüzeyi büyük olasılıkla açıkta. Yetişme ortamı: Ege kuşağı, 470 m, orta eğimli (10–25°). Bu koşullar için önerilen türler: kızılçam, fıstıkçamı. Tür önerisi sistemin çıkarımı değil, dışarıdan verilen tablodan okunmuştur. Tablo: ÖRNEK TABLO — OGM tür-yetişme ortamı rehberi ile değiştirilecek",True
EGE_2021_04_007833,IZLE,,,,prediction_status=low_severity,"İzle, müdahale etme. Yangın bu kareyi ağır yakmamış (düşük şiddet, dNBR 0,26).","Model bu rejimde tahmin üretmiyor. Kendi toparlanması bekleniyor, müdahale listesine alınmıyor.",True
EGE_2021_04_007834,IZLE,,,,prediction_status=low_severity,"İzle, müdahale etme. Yangın bu kareyi ağır yakmamış (düşük şiddet, dNBR 0,12).","Model bu rejimde tahmin üretmiyor. Kendi toparlanması bekleniyor, müdahale listesine alınmıyor.",True
EGE_2021_04_007835,IZLE,,,,prediction_status=low_severity,"İzle, müdahale etme. Yangın bu kareyi ağır yakmamış (düşük şiddet, dNBR 0,12).","Model bu rejimde tahmin üretmiyor. Kendi toparlanması bekleniyor, müdahale listesine alınmıyor.",True
EGE_2021_04_007922,IZLE,,,,prediction_status=low_severity,"İzle, müdahale etme. Yangın bu kareyi ağır yakmamış (düşük şiddet, dNBR 0,12).","Model bu rejimde tahmin üretmiyor. Kendi toparlanması bekleniyor, müdahale listesine alınmıyor.",True
EGE_2021_04_007923,IZLE,,,,prediction_status=low_severity,"İzle, müdahale etme. Yangın bu kareyi ağır yakmamış (düşük şiddet, dNBR 0,27).","Model bu rejimde tahmin üretmiyor. Kendi toparlanması bekleniyor, müdahale listesine alınmıyor.",True
EGE_2021_04_007924,ONCELIGE_GORE,,0.4646,,toparlanma=0.46 0.35..0.50,Öncelik sırasına göre değerlendir. Kısmi toparlanma bekleniyor; müdahale kararı bütçeye ve sıraya bağlı.,Modelin tahminine göre yangın öncesi örtünün %46 kadarı iki yılda geri gelecek. Ne kendi kapanacak kadar iyi ne de acil müdahale gerektirecek kadar kötü — öncelik skoru bu kareyi sıranın neresine koyduğuna bakın.,True
EGE_2021_04_007925,ONCELIGE_GORE,,0.3629,,toparlanma=0.36 0.35..0.50,Öncelik sırasına göre değerlendir. Kısmi toparlanma bekleniyor; müdahale kararı bütçeye ve sıraya bağlı.,Modelin tahminine göre yangın öncesi örtünün %36 kadarı iki yılda geri gelecek. Ne kendi kapanacak kadar iyi ne de acil müdahale gerektirecek kadar kötü — öncelik skoru bu kareyi sıranın neresine koyduğuna bakın.,True
EGE_2021_04_007926,IZLE,,,,prediction_status=low_severity,"İzle, müdahale etme. Yangın bu kareyi ağır yakmamış (düşük şiddet, dNBR 0,23).","Model bu rejimde tahmin üretmiyor. Kendi toparlanması bekleniyor, müdahale listesine alınmıyor.",True
EGE_2021_04_007927,IZLE,,,,prediction_status=low_severity,"İzle, müdahale etme. Yangın bu kareyi ağır yakmamış (düşük şiddet, dNBR 0,23).","Model bu rejimde tahmin üretmiyor. Kendi toparlanması bekleniyor, müdahale listesine alınmıyor.",True
EGE_2021_04_007928,IZLE,,,,prediction_status=low_severity,"İzle, müdahale etme. Yangın bu kareyi ağır yakmamış (düşük şiddet, dNBR 0,15).","Model bu rejimde tahmin üretmiyor. Kendi toparlanması bekleniyor, müdahale listesine alınmıyor.",True
EGE_2021_04_007929,ONCELIGE_GORE,,0.4022,,toparlanma=0.40 0.35..0.50,Öncelik sırasına göre değerlendir. Kısmi toparlanma bekleniyor; müdahale kararı bütçeye ve sıraya bağlı.,Modelin tahminine göre yangın öncesi örtünün %40 kadarı iki yılda geri gelecek. Ne kendi kapanacak kadar iyi ne de acil müdahale gerektirecek kadar kötü — öncelik skoru bu kareyi sıranın neresine koyduğuna bakın.,True
EGE_2021_04_007930,DIKIM_ADAYI,,0.3089,"kızılçam, fıstıkçamı",toparlanma=0.31 <0.35,"Aktif dikim adayı. Doğal toparlanma zayıf kalıyor, eğim (14,6°) dikime elverişli.","Modelin tahminine göre yangın öncesi örtünün ancak %31 kadarı iki yılda geri gelecek — kendi başına kapanmayacak bir açık var. Yetişme ortamı: Ege kuşağı, 369 m, orta eğimli (10–25°). Bu koşullar için önerilen türler: kızılçam, fıstıkçamı. Tür önerisi sistemin çıkarımı değil, dışarıdan verilen tablodan okunmuştur. Tablo: ÖRNEK TABLO — OGM tür-yetişme ortamı rehberi ile değiştirilecek",True
EGE_2021_04_007931,ONCELIGE_GORE,AGIR_YANMIS,0.3619,,toparlanma=0.36 0.35..0.50,Öncelik sırasına göre değerlendir. Kısmi toparlanma bekleniyor; müdahale kararı bütçeye ve sıraya bağlı.,"Modelin tahminine göre yangın öncesi örtünün %36 kadarı iki yılda geri gelecek. Ne kendi kapanacak kadar iyi ne de acil müdahale gerektirecek kadar kötü — öncelik skoru bu kareyi sıranın neresine koyduğuna bakın. Yangın orta-yüksek şiddet sınıfında (dNBR 0,44); toprak yüzeyi büyük olasılıkla açıkta.",True
EGE_2021_04_007932,IZLE,,,,prediction_status=low_severity,"İzle, müdahale etme. Yangın bu kareyi ağır yakmamış (düşük şiddet, dNBR 0,19).","Model bu rejimde tahmin üretmiyor. Kendi toparlanması bekleniyor, müdahale listesine alınmıyor.",True
EGE_2021_04_007933,IZLE,ESKIDEN_ORMAN_DEGIL,,,prediction_status=low_severity,"İzle, müdahale etme. Yangın bu kareyi ağır yakmamış (düşük şiddet, dNBR 0,10).","Model bu rejimde tahmin üretmiyor. Kendi toparlanması bekleniyor, müdahale listesine alınmıyor. Yangın öncesi örtü otlak ve çalılık idi; orman kurma değil, mevcut örtünün onarımı düşünülmeli.",True
EGE_2021_04_007934,ONCELIGE_GORE,ESKIDEN_ORMAN_DEGIL|DIK_YAMAC,0.3536,,toparlanma=0.35 0.35..0.50,Öncelik sırasına göre değerlendir. Kısmi toparlanma bekleniyor; müdahale kararı bütçeye ve sıraya bağlı.,"Modelin tahminine göre yangın öncesi örtünün %35 kadarı iki yılda geri gelecek. Ne kendi kapanacak kadar iyi ne de acil müdahale gerektirecek kadar kötü — öncelik skoru bu kareyi sıranın neresine koyduğuna bakın. Yangın öncesi örtü otlak ve çalılık idi; orman kurma değil, mevcut örtünün onarımı düşünülmeli. Eğim 34,9° ile yüksek; makineli çalışma sınırlı olabilir.",True
EGE_2021_04_007935,EROZYON_ONCE,AGIR_YANMIS,0.2535,"kızılçam, fıstıkçamı",toparlanma=0.25 egim=28.0>=25 <0.35,"Önce erozyon kontrolü. Toparlanma tahmini zayıf ve eğim 28,0° — dikimden önce toprak tutma önlemi gerekiyor.","Modelin tahminine göre yangın öncesi örtünün ancak %25 kadarı iki yılda geri gelecek. Dik yamaçta çıplak toprak ilk sağanakta taşınır; stabilizasyon yapılmadan yapılan dikim de birlikte gider. Yangın orta-yüksek şiddet sınıfında (dNBR 0,54); toprak yüzeyi büyük olasılıkla açıkta. Yetişme ortamı: Ege kuşağı, 541 m, dik yamaç (25°+). Bu koşullar için önerilen türler: kızılçam, fıstıkçamı. Tür önerisi sistemin çıkarımı değil, dışarıdan verilen tablodan okunmuştur. Tablo: ÖRNEK TABLO — OGM tür-yetişme ortamı rehberi ile değiştirilecek",True
EGE_2021_04_007936,EROZYON_ONCE,AGIR_YANMIS,0.2621,"kızılçam, fıstıkçamı",toparlanma=0.26 egim=33.3>=25 <0.35,"Önce erozyon kontrolü. Toparlanma tahmini zayıf ve eğim 33,3° — dikimden önce toprak tutma önlemi gerekiyor.","Modelin tahminine göre yangın öncesi örtünün ancak %26 kadarı iki yılda geri gelecek. Dik yamaçta çıplak toprak ilk sağanakta taşınır; stabilizasyon yapılmadan yapılan dikim de birlikte gider. Yangın orta-yüksek şiddet sınıfında (dNBR 0,61); toprak yüzeyi büyük olasılıkla açıkta. Yetişme ortamı: Ege kuşağı, 583 m, dik yamaç (25°+). Bu koşullar için önerilen türler: kızılçam, fıstıkçamı. Tür önerisi sistemin çıkarımı değil, dışarıdan verilen tablodan okunmuştur. Tablo: ÖRNEK TABLO — OGM tür-yetişme ortamı rehberi ile değiştirilecek",True
EGE_2021_04_007937,EROZYON_ONCE,AGIR_YANMIS,0.3237,"kızılçam, fıstıkçamı",toparlanma=0.32 egim=32.2>=25 <0.35,"Önce erozyon kontrolü. Toparlanma tahmini zayıf ve eğim 32,2° — dikimden önce toprak tutma önlemi gerekiyor.","Modelin tahminine göre yangın öncesi örtünün ancak %32 kadarı iki yılda geri gelecek. Dik yamaçta çıplak toprak ilk sağanakta taşınır; stabilizasyon yapılmadan yapılan dikim de birlikte gider. Yangın orta-yüksek şiddet sınıfında (dNBR 0,45); toprak yüzeyi büyük olasılıkla açıkta. Yetişme ortamı: Ege kuşağı, 541 m, dik yamaç (25°+). Bu koşullar için önerilen türler: kızılçam, fıstıkçamı. Tür önerisi sistemin çıkarımı değil, dışarıdan verilen tablodan okunmuştur. Tablo: ÖRNEK TABLO — OGM tür-yetişme ortamı rehberi ile değiştirilecek",True
EGE_2021_04_007938,ONCELIGE_GORE,DIK_YAMAC,0.3578,,toparlanma=0.36 0.35..0.50,Öncelik sırasına göre değerlendir. Kısmi toparlanma bekleniyor; müdahale kararı bütçeye ve sıraya bağlı.,"Modelin tahminine göre yangın öncesi örtünün %36 kadarı iki yılda geri gelecek. Ne kendi kapanacak kadar iyi ne de acil müdahale gerektirecek kadar kötü — öncelik skoru bu kareyi sıranın neresine koyduğuna bakın. Eğim 29,1° ile yüksek; makineli çalışma sınırlı olabilir.",True
EGE_2021_04_007939,ONCELIGE_GORE,,0.4133,,toparlanma=0.41 0.35..0.50,Öncelik sırasına göre değerlendir. Kısmi toparlanma bekleniyor; müdahale kararı bütçeye ve sıraya bağlı.,Modelin tahminine göre yangın öncesi örtünün %41 kadarı iki yılda geri gelecek. Ne kendi kapanacak kadar iyi ne de acil müdahale gerektirecek kadar kötü — öncelik skoru bu kareyi sıranın neresine koyduğuna bakın.,True
EGE_2021_04_007940,IZLE,,,,prediction_status=low_severity,"İzle, müdahale etme. Yangın bu kareyi ağır yakmamış (düşük şiddet, dNBR 0,26).","Model bu rejimde tahmin üretmiyor. Kendi toparlanması bekleniyor, müdahale listesine alınmıyor.",True
EGE_2021_04_007941,IZLE,,,,prediction_status=low_severity,"İzle, müdahale etme. Yangın bu kareyi ağır yakmamış (düşük şiddet, dNBR 0,18).","Model bu rejimde tahmin üretmiyor. Kendi toparlanması bekleniyor, müdahale listesine alınmıyor.",True
EGE_2021_04_008037,IZLE,,,,prediction_status=low_severity,"İzle, müdahale etme. Yangın bu kareyi ağır yakmamış (düşük şiddet, dNBR 0,10).","Model bu rejimde tahmin üretmiyor. Kendi toparlanması bekleniyor, müdahale listesine alınmıyor.",True
EGE_2021_04_008038,IZLE,,,,prediction_status=low_severity,"İzle, müdahale etme. Yangın bu kareyi ağır yakmamış (düşük şiddet, dNBR 0,27).","Model bu rejimde tahmin üretmiyor. Kendi toparlanması bekleniyor, müdahale listesine alınmıyor.",True
EGE_2021_04_008039,ONCELIGE_GORE,,0.3955,,toparlanma=0.40 0.35..0.50,Öncelik sırasına göre değerlendir. Kısmi toparlanma bekleniyor; müdahale kararı bütçeye ve sıraya bağlı.,Modelin tahminine göre yangın öncesi örtünün %40 kadarı iki yılda geri gelecek. Ne kendi kapanacak kadar iyi ne de acil müdahale gerektirecek kadar kötü — öncelik skoru bu kareyi sıranın neresine koyduğuna bakın.,True
EGE_2021_04_008042,IZLE,,,,prediction_status=low_severity,"İzle, müdahale etme. Yangın bu kareyi ağır yakmamış (düşük şiddet, dNBR 0,27).","Model bu rejimde tahmin üretmiyor. Kendi toparlanması bekleniyor, müdahale listesine alınmıyor.",True
EGE_2021_04_008043,EROZYON_ONCE,AGIR_YANMIS,0.2599,"kızılçam, fıstıkçamı",toparlanma=0.26 egim=28.1>=25 <0.35,"Önce erozyon kontrolü. Toparlanma tahmini zayıf ve eğim 28,1° — dikimden önce toprak tutma önlemi gerekiyor.","Modelin tahminine göre yangın öncesi örtünün ancak %26 kadarı iki yılda geri gelecek. Dik yamaçta çıplak toprak ilk sağanakta taşınır; stabilizasyon yapılmadan yapılan dikim de birlikte gider. Yangın orta-yüksek şiddet sınıfında (dNBR 0,52); toprak yüzeyi büyük olasılıkla açıkta. Yetişme ortamı: Ege kuşağı, 418 m, dik yamaç (25°+). Bu koşullar için önerilen türler: kızılçam, fıstıkçamı. Tür önerisi sistemin çıkarımı değil, dışarıdan verilen tablodan okunmuştur. Tablo: ÖRNEK TABLO — OGM tür-yetişme ortamı rehberi ile değiştirilecek",True
EGE_2021_04_008044,ONCELIGE_GORE,DIK_YAMAC,0.3855,,toparlanma=0.39 0.35..0.50,Öncelik sırasına göre değerlendir. Kısmi toparlanma bekleniyor; müdahale kararı bütçeye ve sıraya bağlı.,"Modelin tahminine göre yangın öncesi örtünün %39 kadarı iki yılda geri gelecek. Ne kendi kapanacak kadar iyi ne de acil müdahale gerektirecek kadar kötü — öncelik skoru bu kareyi sıranın neresine koyduğuna bakın. Eğim 31,0° ile yüksek; makineli çalışma sınırlı olabilir.",True
EGE_2021_04_008045,IZLE,DIK_YAMAC,,,prediction_status=low_severity,"İzle, müdahale etme. Yangın bu kareyi ağır yakmamış (düşük şiddet, dNBR 0,18).","Model bu rejimde tahmin üretmiyor. Kendi toparlanması bekleniyor, müdahale listesine alınmıyor. Eğim 30,2° ile yüksek; makineli çalışma sınırlı olabilir.",True
EGE_2021_04_008046,IZLE,DIK_YAMAC,,,prediction_status=low_severity,"İzle, müdahale etme. Yangın bu kareyi ağır yakmamış (düşük şiddet, dNBR 0,12).","Model bu rejimde tahmin üretmiyor. Kendi toparlanması bekleniyor, müdahale listesine alınmıyor. Eğim 25,2° ile yüksek; makineli çalışma sınırlı olabilir.",True
EGE_2021_04_008048,IZLE,,,,prediction_status=low_severity,"İzle, müdahale etme. Yangın bu kareyi ağır yakmamış (düşük şiddet, dNBR 0,13).","Model bu rejimde tahmin üretmiyor. Kendi toparlanması bekleniyor, müdahale listesine alınmıyor.",True
EGE_2021_04_008049,IZLE,,,,prediction_status=low_severity,"İzle, müdahale etme. Yangın bu kareyi ağır yakmamış (düşük şiddet, dNBR 0,17).","Model bu rejimde tahmin üretmiyor. Kendi toparlanması bekleniyor, müdahale listesine alınmıyor.",True
EGE_2021_04_008146,IZLE,,,,prediction_status=low_severity,"İzle, müdahale etme. Yangın bu kareyi ağır yakmamış (düşük şiddet, dNBR 0,22).","Model bu rejimde tahmin üretmiyor. Kendi toparlanması bekleniyor, müdahale listesine alınmıyor.",True
EGE_2021_04_008150,IZLE,,,,prediction_status=low_severity,"İzle, müdahale etme. Yangın bu kareyi ağır yakmamış (düşük şiddet, dNBR 0,12).","Model bu rejimde tahmin üretmiyor. Kendi toparlanması bekleniyor, müdahale listesine alınmıyor.",True
EGE_2021_04_008151,IZLE,,,,prediction_status=low_severity,"İzle, müdahale etme. Yangın bu kareyi ağır yakmamış (düşük şiddet, dNBR 0,23).","Model bu rejimde tahmin üretmiyor. Kendi toparlanması bekleniyor, müdahale listesine alınmıyor.",True
EGE_2021_04_008152,IZLE,,,,prediction_status=low_severity,"İzle, müdahale etme. Yangın bu kareyi ağır yakmamış (düşük şiddet, dNBR 0,18).","Model bu rejimde tahmin üretmiyor. Kendi toparlanması bekleniyor, müdahale listesine alınmıyor.",True
EGE_2021_04_010912,KAPSAM_DISI,,,,land_cover=Tarim,"Ağaçlandırma kapsamı dışı. Bu kare tarım alanı olarak sınıflanmış, orman rehabilitasyonu hedefi değil.",Öncelik sıralamasına dahil edilmiyor.,False
