fire_id,cell_id,lat,lon,tree_cover,tree_cover_annual,burn_severity_dnbr,slope_deg,elevation_m,road_distance_km,ndvi_before,ndvi_after,ndvi_drop,severity_class,land_cover,prediction_status,recovery_gap_pred,priority_score,priority_class
IAN_2024_01,IAN_2024_01_000060,38.75276,29.06999,0.4611746,0.0,0.17118528,21.980087,772.1003,0.39623964,0.3213218,0.16380826,0.15751353,dusuk,Otlak/calilik,low_severity,,0.0,DUSUK
IAN_2024_01,IAN_2024_01_000061,38.75271,29.07287,0.5468064,0.0,0.16546832,30.736582,780.23663,0.53938156,0.32899764,0.17628062,0.15271702,dusuk,Otlak/calilik,low_severity,,0.0,DUSUK
IAN_2024_01,IAN_2024_01_000062,38.75266,29.07574,0.0,0.0,0.20426431,31.83723,796.6077,0.6082924,0.32740265,0.14689371,0.18050894,dusuk,Tarim,low_severity,,0.0,DUSUK
IAN_2024_01,IAN_2024_01_000063,38.75261,29.07862,0.0,0.0,0.14911658,34.730267,819.48596,0.37577683,0.28270513,0.13549626,0.14720887,dusuk,Otlak/calilik,low_severity,,0.0,DUSUK
IAN_2024_01,IAN_2024_01_000064,38.75255,29.08149,0.0,0.0,0.13219106,34.666286,823.0027,0.19338259,0.27315933,0.1539838,0.11917552,dusuk,Tarim,low_severity,,0.0,DUSUK
IAN_2024_01,IAN_2024_01_000065,38.7525,29.08437,0.0,0.0,0.15701988,35.714863,831.9299,0.24204426,0.24150603,0.109957345,0.13154867,dusuk,Tarim,low_severity,,0.0,DUSUK
IAN_2024_01,IAN_2024_01_000066,38.75245,29.08724,0.0,0.0,0.14207548,35.10672,827.54517,0.45251963,0.25684917,0.13219544,0.12465373,dusuk,Tarim,low_severity,,0.0,DUSUK
IAN_2024_01,IAN_2024_01_000067,38.7524,29.09012,0.0,0.0,0.16596214,36.280724,835.91833,0.68990046,0.2978707,0.14891517,0.14895552,dusuk,Tarim,low_severity,,0.0,DUSUK
IAN_2024_01,IAN_2024_01_000068,38.75235,29.09299,0.0,0.0,0.21139751,36.796406,843.2291,0.93389034,0.3309768,0.12596624,0.20501058,dusuk,Tarim,low_severity,,0.0,DUSUK
IAN_2024_01,IAN_2024_01_000069,38.7523,29.09587,0.0,0.0,0.1253898,35.542377,828.1738,0.83158976,0.28779793,0.18031546,0.10748246,dusuk,Otlak/calilik,low_severity,,0.0,DUSUK
IAN_2024_01,IAN_2024_01_000070,38.75225,29.09874,0.0,0.0,0.13486598,33.32894,807.8893,0.7571612,0.27022874,0.15463606,0.11559269,dusuk,Otlak/calilik,low_severity,,0.0,DUSUK
IAN_2024_01,IAN_2024_01_000071,38.75219,29.10162,0.0,0.0,0.11184213,30.663109,787.6655,0.7616066,0.28349683,0.19554569,0.08795114,dusuk,Otlak/calilik,low_severity,,0.0,DUSUK
IAN_2024_01,IAN_2024_01_000072,38.75214,29.1045,0.0,0.0,0.13667038,31.217718,791.9385,0.84368014,0.30336934,0.19497019,0.10839915,dusuk,Otlak/calilik,low_severity,,0.0,DUSUK
IAN_2024_01,IAN_2024_01_000080,38.75173,29.1275,0.0,0.0,0.10877094,9.818054,714.15826,0.64402187,0.22836983,0.08728033,0.1410895,dusuk,Otlak/calilik,low_severity,,0.0,DUSUK
IAN_2024_01,IAN_2024_01_000086,38.75141,29.14475,0.0,0.0,0.13412565,3.9123535,647.31744,1.6312546,0.26835325,0.10374458,0.16460867,dusuk,Otlak/calilik,low_severity,,0.0,DUSUK
IAN_2024_01,IAN_2024_01_000088,38.75131,29.1505,0.11178819,0.053110622,0.12394504,4.1352034,645.832,1.5591083,0.29569012,0.11763033,0.17805979,dusuk,Otlak/calilik,low_severity,,0.0,DUSUK
IAN_2024_01,IAN_2024_01_000105,38.7504,29.19937,0.0,0.0,0.16631311,4.8282123,583.9886,0.09327249,0.2970326,0.15846834,0.13856426,dusuk,Tarim,low_severity,,0.0,DUSUK
IAN_2024_01,IAN_2024_01_000113,38.75056,29.06705,0.0021116207,0.0,0.15468165,11.446488,763.38904,0.4965807,0.31081575,0.15966706,0.15114869,dusuk,Otlak/calilik,low_severity,,0.0,DUSUK
IAN_2024_01,IAN_2024_01_000116,38.75041,29.07568,0.023157904,0.0,0.11306469,6.2764225,808.6995,0.58745027,0.28354147,0.16379815,0.11974332,dusuk,Otlak/calilik,low_severity,,0.0,DUSUK
IAN_2024_01,IAN_2024_01_000117,38.75035,29.07855,0.029604943,0.0,0.117658116,4.527159,829.57104,0.34100792,0.2559079,0.14825746,0.10765043,dusuk,Otlak/calilik,low_severity,,0.0,DUSUK
IAN_2024_01,IAN_2024_01_000118,38.7503,29.08143,0.0,0.0,0.19230182,3.379553,831.5448,0.111691564,0.27979243,0.11192778,0.16786465,dusuk,Tarim,low_severity,,0.0,DUSUK
IAN_2024_01,IAN_2024_01_000119,38.75025,29.0843,0.0,0.0,0.13069364,2.7417412,832.1867,0.18347645,0.23751338,0.12579662,0.11171676,dusuk,Tarim,low_severity,,0.0,DUSUK
IAN_2024_01,IAN_2024_01_000120,38.7502,29.08718,0.0,0.0,0.14491016,2.9208133,823.5368,0.42408985,0.28974235,0.14236233,0.14738002,dusuk,Tarim,low_severity,,0.0,DUSUK
IAN_2024_01,IAN_2024_01_000121,38.75015,29.09005,0.0,0.0,0.14208333,2.8231177,836.3769,0.6715957,0.27039605,0.13681449,0.13358156,dusuk,Tarim,low_severity,,0.0,DUSUK
IAN_2024_01,IAN_2024_01_000122,38.7501,29.09293,0.0,0.0,0.15881509,3.144827,838.1838,0.9204506,0.2715133,0.13941939,0.13209392,dusuk,Tarim,low_severity,,0.0,DUSUK
IAN_2024_01,IAN_2024_01_000125,38.74994,29.10155,0.0,0.0,0.10459138,8.109249,792.3797,1.0084633,0.28189272,0.174723,0.10716972,dusuk,Otlak/calilik,low_severity,,0.0,DUSUK
IAN_2024_01,IAN_2024_01_000126,38.74989,29.10443,0.058227394,0.0,0.1839149,6.510112,771.87146,1.0717974,0.32197362,0.1606453,0.16132832,dusuk,Otlak/calilik,low_severity,,0.0,DUSUK
IAN_2024_01,IAN_2024_01_000127,38.74984,29.1073,0.0,0.0,0.103563756,5.8272433,775.12274,0.93706787,0.24474621,0.14463845,0.10010776,dusuk,Otlak/calilik,low_severity,,0.0,DUSUK
IAN_2024_01,IAN_2024_01_000137,38.74932,29.13605,0.058231186,0.0,0.1017167,5.406392,677.3049,1.2324256,0.27633858,0.17133847,0.10500011,dusuk,Otlak/calilik,low_severity,,0.0,DUSUK
IAN_2024_01,IAN_2024_01_000138,38.74926,29.13893,0.0,0.0,0.20391488,5.5126677,660.95013,1.479851,0.315446,0.12022294,0.19522305,dusuk,Otlak/calilik,low_severity,,0.0,DUSUK
IAN_2024_01,IAN_2024_01_000159,38.74814,29.1993,0.0,0.0,0.11649336,4.9910064,580.53925,0.32118717,0.24856019,0.13083875,0.11772144,dusuk,Tarim,low_severity,,0.0,DUSUK
IAN_2024_01,IAN_2024_01_000166,38.74836,29.06411,0.058224387,0.0,0.15546393,5.825208,755.93506,0.16214843,0.3061471,0.16388714,0.14225996,dusuk,Otlak/calilik,low_severity,,0.0,DUSUK
IAN_2024_01,IAN_2024_01_000167,38.74831,29.06699,0.05149161,0.0,0.13981695,4.5242233,773.59064,0.41026416,0.2868266,0.15218839,0.13463822,dusuk,Otlak/calilik,low_severity,,0.0,DUSUK
IAN_2024_01,IAN_2024_01_000168,38.74826,29.06986,0.0012969354,0.0,0.15912041,4.1024094,785.7996,0.6598039,0.27944547,0.13488092,0.14456455,dusuk,Otlak/calilik,low_severity,,0.0,DUSUK
IAN_2024_01,IAN_2024_01_000169,38.74821,29.07274,0.0,0.0,0.12378984,4.98316,804.5205,0.53876513,0.2512584,0.14892574,0.10233267,dusuk,Otlak/calilik,low_severity,,0.0,DUSUK
IAN_2024_01,IAN_2024_01_000170,38.74815,29.07561,0.0015481951,0.0,0.14888518,4.2071223,823.2767,0.37015864,0.25357354,0.12959036,0.123983175,dusuk,Otlak/calilik,low_severity,,0.0,DUSUK
IAN_2024_01,IAN_2024_01_000172,38.74805,29.08136,0.0,0.0,0.13877015,2.1153462,840.17786,0.33548948,0.26081344,0.13872826,0.122085184,dusuk,Tarim,low_severity,,0.0,DUSUK
IAN_2024_01,IAN_2024_01_000175,38.7479,29.08999,0.0,0.0,0.11563228,3.930303,831.8351,0.7423739,0.2490674,0.14526154,0.103805855,dusuk,Tarim,low_severity,,0.0,DUSUK
IAN_2024_01,IAN_2024_01_000176,38.74785,29.09286,0.0,0.0,0.13158342,3.775023,833.6885,0.9732973,0.27068603,0.14020538,0.13048065,dusuk,Tarim,low_severity,,0.0,DUSUK
IAN_2024_01,IAN_2024_01_000179,38.74769,29.10149,0.0,0.0,0.16841951,5.885866,770.73505,1.2565634,0.29458845,0.1507899,0.14379855,dusuk,Otlak/calilik,low_severity,,0.0,DUSUK
IAN_2024_01,IAN_2024_01_000180,38.74764,29.10436,0.09909227,0.0,0.22210032,4.2508464,754.40063,1.2906141,0.34860176,0.16619517,0.18240659,dusuk,Otlak/calilik,low_severity,,0.0,DUSUK
IAN_2024_01,IAN_2024_01_000181,38.74759,29.10724,0.011823144,0.0,0.13091528,5.320418,755.5194,1.1288755,0.26345664,0.15129456,0.11216208,dusuk,Otlak/calilik,low_severity,,0.0,DUSUK
IAN_2024_01,IAN_2024_01_000221,38.74606,29.06692,0.014887001,0.0,0.11059537,5.6403193,786.42926,0.46372512,0.27445304,0.15296772,0.12148532,dusuk,Otlak/calilik,low_severity,,0.0,DUSUK
IAN_2024_01,IAN_2024_01_000224,38.7459,29.07555,0.0,0.0,0.100267574,2.1792,825.3455,0.1954847,0.25604182,0.16191736,0.094124466,dusuk,Otlak/calilik,low_severity,,0.0,DUSUK
IAN_2024_01,IAN_2024_01_000225,38.74585,29.07842,0.0,0.0,0.1312227,4.006062,829.5121,0.09981882,0.2724848,0.14880982,0.12367499,dusuk,Tarim,low_severity,,0.0,DUSUK
IAN_2024_01,IAN_2024_01_000226,38.7458,29.0813,0.0,0.0,0.100428425,2.449542,831.97705,0.15581767,0.24721178,0.15613559,0.091076195,dusuk,Tarim,low_severity,,0.0,DUSUK
IAN_2024_01,IAN_2024_01_000229,38.74565,29.08992,0.0,0.0,0.100654185,3.9777672,828.87115,0.8759561,0.22387394,0.14675966,0.077114284,dusuk,Otlak/calilik,low_severity,,0.0,DUSUK
IAN_2024_01,IAN_2024_01_000230,38.7456,29.0928,0.054451607,0.0,0.12052382,5.097238,823.31604,1.0827676,0.30394924,0.19161034,0.1123389,dusuk,Tarim,low_severity,,0.0,DUSUK
IAN_2024_01,IAN_2024_01_000231,38.74554,29.09567,0.04993591,0.0,0.117914684,5.847406,797.3835,1.3013741,0.29359645,0.17851998,0.11507647,dusuk,Otlak/calilik,low_severity,,0.0,DUSUK
IAN_2024_01,IAN_2024_01_000233,38.74544,29.10142,0.0,0.0,0.10435738,7.218678,781.04517,1.5052923,0.29277462,0.19924074,0.09353387,dusuk,Otlak/calilik,low_severity,,0.0,DUSUK
IAN_2024_01,IAN_2024_01_000244,38.74487,29.13305,0.013969488,0.0,0.1069618,4.049692,692.6537,0.8797163,0.24283375,0.13653381,0.10629994,dusuk,Otlak/calilik,low_severity,,0.0,DUSUK
IAN_2024_01,IAN_2024_01_000249,38.7446,29.14742,0.0,0.0,0.13135123,5.428587,645.20056,0.8843336,0.30470324,0.12253256,0.18217067,dusuk,Tarim,low_severity,,0.0,DUSUK
IAN_2024_01,IAN_2024_01_000250,38.74455,29.15029,0.09887234,0.0,0.10140317,4.4856806,632.7999,0.95118254,0.32679766,0.16649424,0.16030343,dusuk,Tarim,low_severity,,0.0,DUSUK
IAN_2024_01,IAN_2024_01_000254,38.74434,29.16179,0.03896535,0.109437585,0.13320997,2.973861,642.31824,0.51784647,0.27698326,0.111192495,0.16579077,dusuk,Otlak/calilik,low_severity,,0.0,DUSUK
IAN_2024_01,IAN_2024_01_000255,38.74429,29.16467,0.28835574,0.20035085,0.13572077,2.905241,642.9395,0.4155023,0.30348164,0.14605747,0.15742417,dusuk,Otlak/calilik,low_severity,,0.0,DUSUK
IAN_2024_01,IAN_2024_01_000281,38.7435,29.08411,0.0,0.0,0.10768126,3.127086,827.7017,0.3999569,0.29827148,0.20577288,0.0924986,dusuk,Otlak/calilik,low_severity,,0.0,DUSUK
IAN_2024_01,IAN_2024_01_000285,38.74329,29.09561,0.058231752,0.0,0.10274189,5.1458116,813.3565,1.3786439,0.33412954,0.2116062,0.12252334,dusuk,Otlak/calilik,low_severity,,0.0,DUSUK
IAN_2024_01,IAN_2024_01_000292,38.74293,29.11573,0.11646832,0.060913846,0.110406384,5.6671233,703.3972,0.6969445,0.30062032,0.20408809,0.096532226,dusuk,Otlak/calilik,low_severity,,0.0,DUSUK
IAN_2024_01,IAN_2024_01_000297,38.74267,29.1301,0.017099803,0.0,0.12071912,3.067179,703.05786,0.5399643,0.26128656,0.13657795,0.12470861,dusuk,Otlak/calilik,low_severity,,0.0,DUSUK
IAN_2024_01,IAN_2024_01_000308,38.74209,29.16173,0.0,0.0,0.12572464,2.5036,631.7604,0.3543376,0.25631407,0.104836315,0.15147775,dusuk,Otlak/calilik,low_severity,,0.0,DUSUK
IAN_2024_01,IAN_2024_01_000314,38.74177,29.17897,0.12800218,0.21147095,0.119014665,5.431122,566.8339,0.4023777,0.38594487,0.25244457,0.13350031,dusuk,Tarim,low_severity,,0.0,DUSUK
IAN_2024_01,IAN_2024_01_000315,38.74171,29.18185,0.044373207,0.0,0.101302356,2.203538,563.4718,0.35074168,0.34112898,0.19624247,0.14488651,dusuk,Tarim,low_severity,,0.0,DUSUK
IAN_2024_01,IAN_2024_01_000338,38.74109,29.09267,0.0039489786,0.0,0.10822739,3.1527553,827.44464,1.1899574,0.31920654,0.20693025,0.112276286,dusuk,Otlak/calilik,low_severity,,0.0,DUSUK
IAN_2024_01,IAN_2024_01_000343,38.74083,29.10704,0.032344196,0.0,0.14228044,4.3984866,729.06573,1.0157084,0.29266483,0.17035803,0.122306794,dusuk,Otlak/calilik,low_severity,,0.0,DUSUK
IAN_2024_01,IAN_2024_01_000346,38.74068,29.11566,0.0,0.0,0.11880578,4.09387,699.1819,0.5336964,0.2419992,0.13425532,0.107743874,dusuk,Tarim,low_severity,,0.0,DUSUK
IAN_2024_01,IAN_2024_01_000347,38.74063,29.11854,0.0,0.0,0.1957252,3.5496302,684.34985,0.4425818,0.30102858,0.12642336,0.17460522,dusuk,Tarim,low_severity,,0.0,DUSUK
IAN_2024_01,IAN_2024_01_000348,38.74057,29.12141,0.0,0.0,0.1785624,5.1294894,692.4976,0.20483461,0.30064768,0.12530106,0.17534661,dusuk,Tarim,low_severity,,0.0,DUSUK
IAN_2024_01,IAN_2024_01_000349,38.74052,29.12429,0.0,0.0,0.11119049,2.5934033,711.5331,0.00956918,0.24442157,0.14079756,0.103624016,dusuk,Otlak/calilik,low_severity,,0.0,DUSUK
IAN_2024_01,IAN_2024_01_000350,38.74047,29.12716,0.0,0.0,0.10884808,1.8401561,711.69556,0.24048227,0.22281368,0.111992165,0.110821515,dusuk,Otlak/calilik,low_severity,,0.0,DUSUK
IAN_2024_01,IAN_2024_01_000351,38.74042,29.13004,0.046763394,0.0,0.12419784,3.1755931,714.67993,0.49048126,0.2750979,0.14903891,0.126059,dusuk,Otlak/calilik,low_severity,,0.0,DUSUK
IAN_2024_01,IAN_2024_01_000358,38.74005,29.15016,0.0,0.0,0.11781771,4.7201214,641.30566,0.5278728,0.26432884,0.1011807,0.16314813,dusuk,Otlak/calilik,low_severity,,0.0,DUSUK
IAN_2024_01,IAN_2024_01_000359,38.74,29.15303,0.0014270778,0.1031061,0.11630755,2.9173934,629.82837,0.72550124,0.3038944,0.17029184,0.13360256,dusuk,Otlak/calilik,low_severity,,0.0,DUSUK
IAN_2024_01,IAN_2024_01_000360,38.73994,29.15591,0.0,0.0004918547,0.11776146,5.551151,621.43353,0.81761754,0.2987547,0.16903637,0.12971832,dusuk,Tarim,low_severity,,0.0,DUSUK
IAN_2024_01,IAN_2024_01_000362,38.73984,29.16166,0.0,0.0,0.10110249,2.9570794,622.7855,0.3190679,0.22039461,0.10120936,0.119185254,dusuk,Otlak/calilik,low_severity,,0.0,DUSUK
IAN_2024_01,IAN_2024_01_000396,38.73863,29.1041,0.0,0.0,0.14840078,6.1412773,752.0953,1.1547422,0.25733924,0.14498985,0.11234939,dusuk,Otlak/calilik,low_severity,,0.0,DUSUK
IAN_2024_01,IAN_2024_01_000397,38.73858,29.10697,0.0,0.0,0.19326793,4.559107,739.5337,0.91350186,0.29187566,0.12932128,0.16255438,dusuk,Tarim,low_severity,,0.0,DUSUK
IAN_2024_01,IAN_2024_01_000398,38.73853,29.10985,0.0,0.0,0.17160487,4.029067,721.8189,0.67863226,0.27517152,0.13521157,0.13995995,dusuk,Tarim,low_severity,,0.0,DUSUK
IAN_2024_01,IAN_2024_01_000399,38.73848,29.11272,0.0,0.0,0.13361332,3.8061965,706.59985,0.45999765,0.28419396,0.15703818,0.12715578,dusuk,Tarim,low_severity,,0.0,DUSUK
IAN_2024_01,IAN_2024_01_000400,38.73843,29.1156,0.0,0.0,0.1616322,3.2058518,692.6334,0.29606408,0.3163768,0.14737517,0.16900164,dusuk,Tarim,low_severity,,0.0,DUSUK
IAN_2024_01,IAN_2024_01_000401,38.73837,29.11847,0.0,0.0,0.13892746,3.0780568,679.0836,0.2978423,0.2864825,0.14209953,0.14438298,dusuk,Tarim,low_severity,,0.0,DUSUK
IAN_2024_01,IAN_2024_01_000402,38.73832,29.12135,0.15195397,0.0,0.12790585,6.6337695,697.0259,0.32680956,0.2695625,0.15898839,0.110574126,dusuk,Tarim,low_severity,,0.0,DUSUK
IAN_2024_01,IAN_2024_01_000403,38.73827,29.12422,0.04672783,0.0,0.11251518,2.4981039,713.58673,0.21426731,0.23731035,0.14135352,0.09595683,dusuk,Otlak/calilik,low_severity,,0.0,DUSUK
IAN_2024_01,IAN_2024_01_000404,38.73822,29.1271,0.041600093,0.0,0.111678965,2.564758,719.2889,0.33168733,0.21702704,0.10552479,0.111502245,dusuk,Yerlesim,low_severity,,0.0,DUSUK
IAN_2024_01,IAN_2024_01_000409,38.73796,29.14147,0.065747134,0.0,0.11357392,4.332422,709.2854,0.39999184,0.23879662,0.12389429,0.11490233,dusuk,Tarim,low_severity,,0.0,DUSUK
IAN_2024_01,IAN_2024_01_000412,38.7378,29.15009,0.0,0.0,0.14931501,3.1162407,637.6311,0.3912805,0.28618598,0.10080891,0.18537706,dusuk,Tarim,low_severity,,0.0,DUSUK
IAN_2024_01,IAN_2024_01_000413,38.73774,29.15297,0.0,0.0,0.1742306,2.7187407,631.64307,0.63308984,0.31026924,0.11433634,0.1959329,dusuk,Tarim,low_severity,,0.0,DUSUK
IAN_2024_01,IAN_2024_01_000417,38.73753,29.16446,0.0,0.0,0.10196618,3.1500268,607.23224,0.20612185,0.2613901,0.14084415,0.12054594,dusuk,Otlak/calilik,low_severity,,0.0,DUSUK
IAN_2024_01,IAN_2024_01_000418,38.73748,29.16734,0.17165244,0.04715643,0.10608721,6.3328037,611.2544,0.07940248,0.24626201,0.15701133,0.089250684,dusuk,Yerlesim,low_severity,,0.0,DUSUK
IAN_2024_01,IAN_2024_01_000420,38.73737,29.17309,0.026500061,0.0,0.15391663,2.3209913,562.4354,0.3898854,0.4436317,0.28095996,0.16267174,dusuk,Otlak/calilik,low_severity,,0.0,DUSUK
IAN_2024_01,IAN_2024_01_000428,38.73694,29.19608,0.012452314,0.0,0.11748515,3.4295573,718.40656,0.6240978,0.2517045,0.116414085,0.13529043,dusuk,Tarim,low_severity,,0.0,DUSUK
IAN_2024_01,IAN_2024_01_000443,38.73674,29.08391,0.0,0.0,0.10624533,8.031699,777.3455,0.96181405,0.24474823,0.12557727,0.119170964,dusuk,Otlak/calilik,low_severity,,0.0,DUSUK
IAN_2024_01,IAN_2024_01_000447,38.73654,29.09541,0.0,0.0,0.12395753,5.922091,808.569,1.6400299,0.2349557,0.1422719,0.09268379,dusuk,Otlak/calilik,low_severity,,0.0,DUSUK
IAN_2024_01,IAN_2024_01_000449,38.73643,29.10116,0.06830018,0.0,0.1076961,7.6856046,746.8317,1.3730242,0.28447407,0.188471,0.09600307,dusuk,Otlak/calilik,low_severity,,0.0,DUSUK
IAN_2024_01,IAN_2024_01_000450,38.73638,29.10403,0.15358688,0.0,0.12400326,4.7008986,729.7319,1.1230546,0.28928626,0.18227038,0.10701588,dusuk,Otlak/calilik,low_severity,,0.0,DUSUK
IAN_2024_01,IAN_2024_01_000451,38.73633,29.10691,0.0,0.043407872,0.111016676,5.006205,722.18854,0.87310237,0.27226776,0.17176113,0.10050663,dusuk,Otlak/calilik,low_severity,,0.0,DUSUK
IAN_2024_01,IAN_2024_01_000452,38.73628,29.10978,0.012168743,0.03423918,0.102233544,4.0294375,709.90784,0.6231885,0.2718848,0.18222016,0.08966464,dusuk,Tarim,low_severity,,0.0,DUSUK
IAN_2024_01,IAN_2024_01_000453,38.73623,29.11266,0.03272414,0.0,0.14084637,3.3607283,701.28253,0.37338984,0.2987588,0.14295988,0.15579893,dusuk,Tarim,low_severity,,0.0,DUSUK
IAN_2024_01,IAN_2024_01_000454,38.73618,29.11553,0.015247615,0.0,0.15722272,4.879822,686.97186,0.12440281,0.30516636,0.1352741,0.16989227,dusuk,Tarim,low_severity,,0.0,DUSUK
IAN_2024_01,IAN_2024_01_000455,38.73612,29.11841,0.0,0.0,0.14927493,4.3318844,676.6111,0.12857743,0.29384676,0.13907719,0.15476957,dusuk,Tarim,low_severity,,0.0,DUSUK
IAN_2024_01,IAN_2024_01_000457,38.73602,29.12415,0.2797359,0.02948727,0.104361825,3.9181664,699.0705,0.14329605,0.28422785,0.19629657,0.087931275,dusuk,Tarim,low_severity,,0.0,DUSUK
IAN_2024_01,IAN_2024_01_000463,38.7357,29.1414,0.1749619,0.0,0.109316856,7.8749723,686.7446,0.39930466,0.23091063,0.13634607,0.09456456,dusuk,Otlak/calilik,low_severity,,0.0,DUSUK
IAN_2024_01,IAN_2024_01_000466,38.73555,29.15002,0.0,0.0,0.11894031,3.6772559,643.68866,0.390578,0.27116758,0.11106181,0.16010576,dusuk,Tarim,low_severity,,0.0,DUSUK
IAN_2024_01,IAN_2024_01_000467,38.73549,29.1529,0.03013397,0.0,0.14195499,3.1641345,630.7618,0.6326559,0.2832263,0.10518129,0.17804502,dusuk,Tarim,low_severity,,0.0,DUSUK
IAN_2024_01,IAN_2024_01_000469,38.73539,29.15865,0.04138511,0.0,0.10057901,5.9183264,610.5371,0.76350284,0.23207432,0.11428995,0.11778437,dusuk,Otlak/calilik,low_severity,,0.0,DUSUK
IAN_2024_01,IAN_2024_01_000474,38.73512,29.17302,0.22007763,0.15022047,0.12027192,4.687825,567.04376,0.34700507,0.33913264,0.20507663,0.134056,dusuk,Tarim,low_severity,,0.0,DUSUK
IAN_2024_01,IAN_2024_01_000475,38.73507,29.17589,0.022574812,0.013189734,0.106630564,4.1936264,577.5094,0.5544612,0.2791685,0.13958514,0.13958335,dusuk,Tarim,low_severity,,0.0,DUSUK
IAN_2024_01,IAN_2024_01_000476,38.73501,29.17877,0.0,0.0,0.1351742,4.5794096,582.3633,0.4506504,0.2879232,0.118006766,0.16991642,dusuk,Tarim,low_severity,,0.0,DUSUK
IAN_2024_01,IAN_2024_01_000495,38.73459,29.0781,0.08591887,0.0,0.11099751,5.256917,775.7153,1.0908918,0.25585952,0.13326195,0.122597575,dusuk,Otlak/calilik,low_severity,,0.0,DUSUK
IAN_2024_01,IAN_2024_01_000503,38.73418,29.10109,0.059213717,0.0,0.16212353,5.828314,740.1096,1.3072613,0.31199527,0.1610362,0.15095907,dusuk,Otlak/calilik,low_severity,,0.0,DUSUK
IAN_2024_01,IAN_2024_01_000504,38.73413,29.10397,0.17728435,0.0,0.13454708,2.9843078,728.5088,1.0752283,0.3286375,0.19830903,0.13032848,dusuk,Otlak/calilik,low_severity,,0.0,DUSUK
IAN_2024_01,IAN_2024_01_000505,38.73408,29.10684,0.1190369,0.15371928,0.10897587,3.1366336,718.33185,0.8534049,0.2960165,0.19508292,0.1009336,dusuk,Tarim,low_severity,,0.0,DUSUK
IAN_2024_01,IAN_2024_01_000508,38.73392,29.11546,0.07258828,0.0,0.13464192,4.2002077,678.8686,0.2613392,0.31409574,0.17783624,0.1362595,dusuk,Tarim,low_severity,,0.0,DUSUK
IAN_2024_01,IAN_2024_01_000509,38.73387,29.11834,0.0,0.0,0.14732598,3.947456,677.0251,0.13269313,0.27567273,0.14086258,0.13481015,dusuk,Yerlesim,low_severity,,0.0,DUSUK
IAN_2024_01,IAN_2024_01_000510,38.73382,29.12121,0.0,0.0,0.12677681,3.766174,687.7083,0.042830303,0.259959,0.13397361,0.1259854,dusuk,Yerlesim,low_severity,,0.0,DUSUK
IAN_2024_01,IAN_2024_01_000511,38.73377,29.12409,0.08302465,0.10651719,0.14530091,5.0794754,695.2715,0.16726527,0.27261293,0.15260825,0.120004684,dusuk,Tarim,low_severity,,0.0,DUSUK
IAN_2024_01,IAN_2024_01_000516,38.73351,29.13846,0.1488088,0.14162248,0.10638891,6.233533,694.7611,0.73225176,0.2809342,0.1551589,0.1257753,dusuk,Otlak/calilik,low_severity,,0.0,DUSUK
IAN_2024_01,IAN_2024_01_000517,38.73345,29.14133,0.015366416,0.0,0.1460387,4.2508464,672.4503,0.53281796,0.30881912,0.12821472,0.1806044,dusuk,Otlak/calilik,low_severity,,0.0,DUSUK
IAN_2024_01,IAN_2024_01_000520,38.73329,29.14996,0.17788829,0.046765137,0.1763105,4.709031,649.69116,0.5263097,0.33109087,0.134047,0.19704387,dusuk,Otlak/calilik,low_severity,,0.0,DUSUK
IAN_2024_01,IAN_2024_01_000521,38.73324,29.15283,0.23527287,0.13052304,0.11054784,3.5057182,643.392,0.7243647,0.31040114,0.16298911,0.14741203,dusuk,Tarim,low_severity,,0.0,DUSUK
IAN_2024_01,IAN_2024_01_000529,38.73282,29.17582,0.4646054,0.5181463,0.10381223,5.1761217,564.3242,0.32306945,0.40837324,0.29695022,0.111423016,dusuk,Tarim,low_severity,,0.0,DUSUK
IAN_2024_01,IAN_2024_01_000530,38.73276,29.1787,0.0,0.0,0.1226892,3.678185,574.79443,0.49647442,0.28435227,0.13299258,0.15135969,dusuk,Tarim,low_severity,,0.0,DUSUK
IAN_2024_01,IAN_2024_01_000531,38.73271,29.18157,0.0,0.0,0.1016257,3.394501,580.497,0.6541588,0.24448219,0.11169764,0.13278455,dusuk,Tarim,low_severity,,0.0,DUSUK
IAN_2024_01,IAN_2024_01_000556,38.73198,29.09815,0.33847377,0.0,0.12701374,6.9792237,753.84937,1.2209636,0.27650255,0.17662787,0.099874675,dusuk,Otlak/calilik,low_severity,,0.0,DUSUK
IAN_2024_01,IAN_2024_01_000557,38.73193,29.10103,0.23156925,0.14810406,0.19605081,3.8649824,746.2715,1.2214602,0.30653423,0.12203634,0.1844979,dusuk,Otlak/calilik,low_severity,,0.0,DUSUK
IAN_2024_01,IAN_2024_01_000558,38.73188,29.1039,0.00051170104,0.0,0.16561553,5.636222,735.7373,0.99905896,0.30740505,0.13589239,0.17151266,dusuk,Otlak/calilik,low_severity,,0.0,DUSUK
IAN_2024_01,IAN_2024_01_000559,38.73183,29.10677,0.0,0.0,0.12142098,4.285134,713.08984,0.7551838,0.2636587,0.12466324,0.13899547,dusuk,Tarim,low_severity,,0.0,DUSUK
IAN_2024_01,IAN_2024_01_000560,38.73178,29.10965,0.0,0.0,0.113214344,3.2937052,699.28674,0.5171909,0.3096243,0.16742343,0.14220089,dusuk,Tarim,low_severity,,0.0,DUSUK
IAN_2024_01,IAN_2024_01_000562,38.73167,29.1154,0.24091496,0.0,0.15581176,3.195482,672.0531,0.19197403,0.33510718,0.20027886,0.13482831,dusuk,Tarim,low_severity,,0.0,DUSUK
IAN_2024_01,IAN_2024_01_000563,38.73162,29.11827,0.0,0.0,0.21948384,2.506565,672.8066,0.17431419,0.26126465,0.09942703,0.16183762,dusuk,Tarim,low_severity,,0.0,DUSUK
IAN_2024_01,IAN_2024_01_000564,38.73157,29.12115,0.0,0.0,0.18920305,3.4507413,680.2142,0.17381863,0.2843312,0.110287204,0.174044,dusuk,Tarim,low_severity,,0.0,DUSUK
IAN_2024_01,IAN_2024_01_000565,38.73152,29.12402,0.3837277,0.3026291,0.13835159,8.548895,700.09863,0.37897867,0.29889572,0.16146463,0.13743109,dusuk,Tarim,low_severity,,0.0,DUSUK
IAN_2024_01,IAN_2024_01_000570,38.73125,29.13839,0.36520705,0.3056309,0.10923562,8.526653,699.16644,0.88636523,0.28984806,0.174826,0.11502206,dusuk,Otlak/calilik,low_severity,,0.0,DUSUK
IAN_2024_01,IAN_2024_01_000571,38.7312,29.14127,0.25569788,0.0,0.12776373,5.0806756,684.60815,0.7303052,0.31709498,0.13375075,0.18334423,dusuk,Otlak/calilik,low_severity,,0.0,DUSUK
IAN_2024_01,IAN_2024_01_000584,38.73051,29.17863,0.0,0.0,0.10828369,4.313477,582.6188,0.4104065,0.25434503,0.12831068,0.12603435,dusuk,Tarim,low_severity,,0.0,DUSUK
IAN_2024_01,IAN_2024_01_000585,38.73046,29.1815,0.0,0.0,0.10034029,1.3658736,579.8113,0.65995944,0.24287575,0.10580956,0.13706619,dusuk,Tarim,low_severity,,0.0,DUSUK
IAN_2024_01,IAN_2024_01_000592,38.73008,29.20162,0.0,0.0,0.117552176,4.4022765,657.9761,0.7397653,0.23041558,0.10570037,0.12471521,dusuk,Tarim,low_severity,,0.0,DUSUK
IAN_2024_01,IAN_2024_01_000610,38.72973,29.09809,0.032986335,0.0,0.12680084,4.361631,732.9283,0.97255045,0.2591415,0.13727796,0.121863544,dusuk,Otlak/calilik,low_severity,,0.0,DUSUK
IAN_2024_01,IAN_2024_01_000615,38.72947,29.11246,0.0,0.0,0.14510342,5.3002357,670.56195,0.23806077,0.30313545,0.18144935,0.1216861,dusuk,Tarim,low_severity,,0.0,DUSUK
IAN_2024_01,IAN_2024_01_000616,38.72942,29.11533,0.0,0.0,0.2338866,2.3795857,665.07874,0.062102716,0.33638954,0.14274852,0.19364102,dusuk,Tarim,low_severity,,0.0,DUSUK
IAN_2024_01,IAN_2024_01_000617,38.72937,29.11821,0.036912765,0.0,0.23195755,4.282222,675.09247,0.27575454,0.3071982,0.10472226,0.20247594,dusuk,Tarim,low_severity,,0.0,DUSUK
IAN_2024_01,IAN_2024_01_000618,38.72932,29.12108,0.5960803,0.6157771,0.10201754,8.368381,700.14215,0.3915114,0.31978643,0.22201943,0.097766995,dusuk,Tarim,low_severity,,0.0,DUSUK
IAN_2024_01,IAN_2024_01_000620,38.72921,29.12683,0.38592458,0.417236,0.10668872,6.669517,739.25964,0.7187617,0.3108889,0.1900039,0.120884985,dusuk,Agaclik,low_severity,,0.0,DUSUK
IAN_2024_01,IAN_2024_01_000621,38.72916,29.1297,0.49289018,0.44681558,0.10445553,4.5503044,741.6635,0.87153107,0.29297003,0.17416732,0.11880271,dusuk,Tarim,low_severity,,0.0,DUSUK
IAN_2024_01,IAN_2024_01_000622,38.72911,29.13258,0.0,0.047106635,0.10974685,2.5733075,748.52106,1.057316,0.24687646,0.120026276,0.12685019,dusuk,Tarim,low_severity,,0.0,DUSUK
IAN_2024_01,IAN_2024_01_000631,38.72863,29.15844,0.107413895,0.30213076,0.1296635,4.772317,629.5475,1.1343639,0.29268348,0.127296,0.16538748,dusuk,Otlak/calilik,low_severity,,0.0,DUSUK
IAN_2024_01,IAN_2024_01_000635,38.72842,29.16994,0.21986467,0.13698393,0.17594853,1.8917482,557.18616,0.40502003,0.36153933,0.17377369,0.18776564,dusuk,Otlak/calilik,low_severity,,0.0,DUSUK
IAN_2024_01,IAN_2024_01_000636,38.72837,29.17281,0.1965862,0.20072624,0.13690105,3.3425684,559.6073,0.23696879,0.38743278,0.22654705,0.16088574,dusuk,Tarim,low_severity,,0.0,DUSUK
IAN_2024_01,IAN_2024_01_000637,38.72831,29.17569,0.0,0.0,0.10534298,3.6436656,564.2861,0.27067912,0.25265115,0.13388291,0.118768245,dusuk,Tarim,low_severity,,0.0,DUSUK
IAN_2024_01,IAN_2024_01_000638,38.72826,29.17856,0.0,0.0,0.122781076,2.9845133,573.93146,0.46409068,0.26178306,0.1142565,0.14752656,dusuk,Tarim,low_severity,,0.0,DUSUK
IAN_2024_01,IAN_2024_01_000641,38.7281,29.18718,0.0,0.0,0.11572947,2.556258,595.7774,0.16845171,0.25547445,0.11342053,0.14205392,dusuk,Otlak/calilik,low_severity,,0.0,DUSUK
IAN_2024_01,IAN_2024_01_000642,38.72804,29.19006,0.0,0.0,0.11162966,4.8815203,607.80396,0.22457418,0.2616401,0.107387036,0.15425307,dusuk,Otlak/calilik,low_severity,,0.0,DUSUK
IAN_2024_01,IAN_2024_01_000645,38.72788,29.19868,0.0,0.0,0.11857304,1.5231979,661.5003,0.5903523,0.25818506,0.1020067,0.15617836,dusuk,Tarim,low_severity,,0.0,DUSUK
IAN_2024_01,IAN_2024_01_000658,38.72779,29.08077,0.009721976,0.0077980645,0.118253596,3.7231822,733.42737,1.7730423,0.24939667,0.10971991,0.13967675,dusuk,Otlak/calilik,low_severity,,0.0,DUSUK
IAN_2024_01,IAN_2024_01_000668,38.72727,29.10952,0.0,0.0,0.19408128,4.36168,672.0933,0.5713946,0.31493407,0.15252277,0.1624113,dusuk,Tarim,low_severity,,0.0,DUSUK
IAN_2024_01,IAN_2024_01_000669,38.72722,29.11239,0.044668473,0.0,0.17649604,2.4375415,661.66705,0.3855848,0.29457355,0.14570715,0.1488664,dusuk,Tarim,low_severity,,0.0,DUSUK
IAN_2024_01,IAN_2024_01_000670,38.72717,29.11526,0.0,0.0,0.21933177,2.1660035,668.80304,0.1882059,0.29848891,0.11028056,0.18820836,dusuk,Tarim,low_severity,,0.0,DUSUK
IAN_2024_01,IAN_2024_01_000671,38.72712,29.11814,0.0,0.0,0.16453993,4.146,675.5526,0.16645531,0.26639625,0.13838997,0.12800628,dusuk,Tarim,low_severity,,0.0,DUSUK
IAN_2024_01,IAN_2024_01_000676,38.72686,29.13251,0.20000143,0.11089235,0.10144883,2.2238004,744.9017,1.2248921,0.269668,0.15319315,0.11647487,dusuk,Tarim,low_severity,,0.0,DUSUK
IAN_2024_01,IAN_2024_01_000681,38.72659,29.14688,0.43237063,0.42766017,0.10541375,5.4947023,685.84705,1.1303326,0.3115367,0.18360385,0.12793285,dusuk,Agaclik,low_severity,,0.0,DUSUK
IAN_2024_01,IAN_2024_01_000682,38.72654,29.14975,0.011814201,0.037527323,0.10790353,5.7357864,691.4482,1.1833656,0.27650833,0.14807075,0.12843758,dusuk,Otlak/calilik,low_severity,,0.0,DUSUK
IAN_2024_01,IAN_2024_01_000685,38.72638,29.15838,0.10909987,0.122149326,0.15489167,4.8916507,642.7118,1.209423,0.3257236,0.12681082,0.19891277,dusuk,Otlak/calilik,low_severity,,0.0,DUSUK
IAN_2024_01,IAN_2024_01_000686,38.72633,29.16125,0.0,0.0,0.11006447,2.7614832,640.23883,0.98085743,0.2626688,0.10308541,0.15958337,dusuk,Otlak/calilik,low_severity,,0.0,DUSUK
IAN_2024_01,IAN_2024_01_000687,38.72628,29.16412,0.18710409,0.13980223,0.13118505,4.963407,641.57965,0.76580584,0.29414916,0.13227665,0.1618725,dusuk,Otlak/calilik,low_severity,,0.0,DUSUK
IAN_2024_01,IAN_2024_01_000689,38.72617,29.16987,0.38821927,0.46124548,0.11451393,3.5809667,558.3297,0.45849016,0.4027624,0.28551042,0.11725199,dusuk,Otlak/calilik,low_severity,,0.0,DUSUK
IAN_2024_01,IAN_2024_01_000698,38.72569,29.19574,0.069944106,0.073314935,0.1023565,2.619002,652.35236,0.61965996,0.25677657,0.13120468,0.12557189,dusuk,Tarim,low_severity,,0.0,DUSUK
IAN_2024_01,IAN_2024_01_000699,38.72563,29.19861,0.0,0.0,0.14402233,2.2324834,663.54486,0.4029688,0.2754442,0.10135113,0.17409308,dusuk,Tarim,low_severity,,0.0,DUSUK
IAN_2024_01,IAN_2024_01_000700,38.72558,29.20149,0.0,0.0,0.105256975,3.751456,666.50635,0.25251853,0.23091003,0.09182459,0.13908544,dusuk,Tarim,low_severity,,0.0,DUSUK
IAN_2024_01,IAN_2024_01_000719,38.72518,29.10083,0.11761554,0.008641887,0.14627014,3.5964084,709.827,0.4819461,0.26611844,0.13791582,0.12820262,dusuk,Otlak/calilik,low_severity,,0.0,DUSUK
IAN_2024_01,IAN_2024_01_000720,38.72513,29.1037,0.18020679,0.05227196,0.11225076,5.7178736,707.8404,0.59873617,0.27240372,0.19612813,0.07627559,dusuk,Otlak/calilik,low_severity,,0.0,DUSUK
IAN_2024_01,IAN_2024_01_000721,38.72507,29.10658,0.042184085,0.0,0.12912811,4.3454227,686.4186,0.78083163,0.28406996,0.1622172,0.121852756,dusuk,Tarim,low_severity,,0.0,DUSUK
IAN_2024_01,IAN_2024_01_000722,38.72502,29.10945,0.0,0.0,0.1688287,2.8514876,673.605,0.6524546,0.3068996,0.12723812,0.17966148,dusuk,Tarim,low_severity,,0.0,DUSUK
IAN_2024_01,IAN_2024_01_000724,38.72492,29.1152,0.15956585,0.0,0.14207932,1.989613,664.8258,0.1878001,0.27252325,0.16118121,0.11134204,dusuk,Tarim,low_severity,,0.0,DUSUK
IAN_2024_01,IAN_2024_01_000725,38.72487,29.11807,0.0,0.0,0.2164572,2.2525249,669.29846,0.16599633,0.30663356,0.12599462,0.18063894,dusuk,Tarim,low_severity,,0.0,DUSUK
IAN_2024_01,IAN_2024_01_000726,38.72481,29.12095,0.098024294,0.069623716,0.143361,3.519505,676.3701,0.3805794,0.26474118,0.15818396,0.10655722,dusuk,Tarim,low_severity,,0.0,DUSUK
IAN_2024_01,IAN_2024_01_000729,38.72466,29.12957,0.2361148,0.24740455,0.12401666,5.871395,741.73444,1.1165565,0.27533764,0.1459507,0.12938693,dusuk,Tarim,low_severity,,0.0,DUSUK
IAN_2024_01,IAN_2024_01_000730,38.7246,29.13244,0.0,0.014141635,0.16575904,2.0402327,750.5427,1.3652781,0.27231815,0.10700564,0.16531251,dusuk,Tarim,low_severity,,0.0,DUSUK
IAN_2024_01,IAN_2024_01_000731,38.72455,29.13532,0.15719004,0.086208515,0.1464504,3.7473826,745.46375,1.5783393,0.26828676,0.12158351,0.14670326,dusuk,Tarim,low_severity,,0.0,DUSUK
IAN_2024_01,IAN_2024_01_000740,38.72408,29.16118,0.0,0.0,0.11344237,2.6712697,650.015,0.8967708,0.23872,0.101813406,0.1369066,dusuk,Tarim,low_severity,,0.0,DUSUK
IAN_2024_01,IAN_2024_01_000741,38.72402,29.16406,0.2592984,0.25476533,0.11479959,6.0475874,643.1429,0.6546565,0.2974859,0.15319516,0.14429073,dusuk,Tarim,low_severity,,0.0,DUSUK
IAN_2024_01,IAN_2024_01_000752,38.72343,29.19567,0.0,0.0,0.11833951,2.8631587,653.3499,0.56819576,0.22540376,0.09981723,0.12558652,dusuk,Tarim,low_severity,,0.0,DUSUK
IAN_2024_01,IAN_2024_01_000753,38.72338,29.19854,0.0,0.0,0.12287158,1.4727049,663.21375,0.31820095,0.23714003,0.09967012,0.13746992,dusuk,Tarim,low_severity,,0.0,DUSUK
IAN_2024_01,IAN_2024_01_000754,38.72333,29.20142,0.0,0.0,0.12565458,3.3463244,660.5424,0.06824405,0.24583039,0.11403391,0.13179648,dusuk,Tarim,low_severity,,0.0,DUSUK
IAN_2024_01,IAN_2024_01_000774,38.72287,29.10364,0.0,0.0,0.15111595,3.47002,696.17914,0.43426648,0.2424672,0.13850603,0.10396117,dusuk,Tarim,low_severity,,0.0,DUSUK
IAN_2024_01,IAN_2024_01_000775,38.72282,29.10651,0.067806885,0.0,0.13371299,5.602339,683.93,0.66317445,0.27934152,0.19496112,0.0843804,dusuk,Tarim,low_severity,,0.0,DUSUK
IAN_2024_01,IAN_2024_01_000778,38.72267,29.11513,0.008769096,0.0,0.1211911,1.9200823,672.76117,0.40014532,0.24635069,0.15259588,0.09375481,dusuk,Otlak/calilik,low_severity,,0.0,DUSUK
IAN_2024_01,IAN_2024_01_000779,38.72261,29.11801,0.0,0.0,0.22088276,2.4743,673.49304,0.39038724,0.30335438,0.11200071,0.19135368,dusuk,Tarim,low_severity,,0.0,DUSUK
IAN_2024_01,IAN_2024_01_000780,38.72256,29.12088,0.04163045,0.0,0.21986777,3.796079,679.6089,0.519315,0.31918448,0.11565621,0.20352827,dusuk,Tarim,low_severity,,0.0,DUSUK
IAN_2024_01,IAN_2024_01_000781,38.72251,29.12375,0.0,0.0,0.15741386,2.5976555,684.8986,0.7155236,0.24039908,0.12661722,0.113781855,dusuk,Tarim,low_severity,,0.0,DUSUK
IAN_2024_01,IAN_2024_01_000797,38.72167,29.16974,0.2248837,0.3930263,0.12917227,4.969462,557.4365,0.13945058,0.35548812,0.22411743,0.1313707,dusuk,Otlak/calilik,low_severity,,0.0,DUSUK
IAN_2024_01,IAN_2024_01_000799,38.72156,29.17548,0.065113746,0.027182616,0.105554946,5.442976,639.8804,0.37841922,0.2601189,0.11754477,0.14257413,dusuk,Tarim,low_severity,,0.0,DUSUK
IAN_2024_01,IAN_2024_01_000805,38.72124,29.19273,0.0026530463,0.03381133,0.11123143,1.2151786,645.984,0.7337221,0.26664692,0.13861941,0.12802751,dusuk,Tarim,low_severity,,0.0,DUSUK
IAN_2024_01,IAN_2024_01_000806,38.72118,29.1956,0.0,0.0,0.12389531,2.261067,650.5329,0.62186366,0.26674446,0.10578707,0.1609574,dusuk,Tarim,low_severity,,0.0,DUSUK
IAN_2024_01,IAN_2024_01_000807,38.72113,29.19847,0.0,0.0,0.11939812,1.6475077,660.55536,0.4033752,0.23355773,0.09557051,0.13798723,dusuk,Tarim,low_severity,,0.0,DUSUK
IAN_2024_01,IAN_2024_01_000808,38.72107,29.20135,0.0,0.0,0.1371798,3.0954757,658.0231,0.25229833,0.25014633,0.10032785,0.14981848,dusuk,Tarim,low_severity,,0.0,DUSUK
IAN_2024_01,IAN_2024_01_000832,38.72042,29.11507,0.0,0.0,0.16097254,1.5282896,674.3732,0.64028406,0.2523372,0.11503587,0.13730133,dusuk,Tarim,low_severity,,0.0,DUSUK
IAN_2024_01,IAN_2024_01_000833,38.72036,29.11794,0.035184313,0.018450165,0.20031306,4.895673,684.513,0.6342315,0.24846855,0.104298905,0.14416964,dusuk,Tarim,low_severity,,0.0,DUSUK
IAN_2024_01,IAN_2024_01_000834,38.72031,29.12081,0.8513695,0.691855,0.102398366,9.172441,706.7746,0.7207881,0.3122663,0.22402358,0.08824271,dusuk,Agaclik,low_severity,,0.0,DUSUK
IAN_2024_01,IAN_2024_01_000835,38.72026,29.12369,0.49359915,0.5125375,0.12599505,5.9379644,699.7148,0.87282383,0.2824557,0.18301696,0.09943876,dusuk,Agaclik,low_severity,,0.0,DUSUK
IAN_2024_01,IAN_2024_01_000836,38.72021,29.12656,0.2228552,0.29110333,0.104378335,7.1371202,707.4484,1.0625947,0.24427134,0.17873073,0.06554061,dusuk,Agaclik,low_severity,,0.0,DUSUK
IAN_2024_01,IAN_2024_01_000848,38.71957,29.16105,0.0,0.0,0.12897675,1.8995112,648.11774,0.9118902,0.25080788,0.10884285,0.14196503,dusuk,Tarim,low_severity,,0.0,DUSUK
IAN_2024_01,IAN_2024_01_000853,38.71931,29.17542,0.16936602,0.0142065855,0.10069062,3.8711758,645.28577,0.37176204,0.29171616,0.17653617,0.115179986,dusuk,Otlak/calilik,low_severity,,0.0,DUSUK
IAN_2024_01,IAN_2024_01_000857,38.71909,29.18691,0.23554607,0.060913846,0.14133482,3.5528014,643.8936,0.23530464,0.31507653,0.15035598,0.16472055,dusuk,Otlak/calilik,low_severity,,0.0,DUSUK
IAN_2024_01,IAN_2024_01_000858,38.71904,29.18978,0.0,0.0,0.10555716,1.8341404,649.12,0.4172722,0.27105668,0.13480961,0.13624707,dusuk,Otlak/calilik,low_severity,,0.0,DUSUK
IAN_2024_01,IAN_2024_01_000860,38.71893,29.19553,0.0,0.0,0.1272552,2.404453,655.86505,0.7549866,0.26954782,0.11244474,0.15710308,dusuk,Tarim,low_severity,,0.0,DUSUK
IAN_2024_01,IAN_2024_01_000876,38.71868,29.08626,0.0,0.0,0.108569555,2.7084558,722.7603,0.8422787,0.21330754,0.102970175,0.11033737,dusuk,Tarim,low_severity,,0.0,DUSUK
IAN_2024_01,IAN_2024_01_000885,38.71822,29.11213,0.009570814,0.043656364,0.15993991,3.2675376,663.7494,0.9578754,0.30796343,0.15810803,0.1498554,dusuk,Tarim,low_severity,,0.0,DUSUK
IAN_2024_01,IAN_2024_01_000886,38.71816,29.115,0.0,0.0,0.16719338,3.514536,670.12103,0.88589567,0.25555533,0.117878154,0.13767718,dusuk,Tarim,low_severity,,0.0,DUSUK
IAN_2024_01,IAN_2024_01_000887,38.71811,29.11787,0.30400446,0.33456182,0.14624418,6.471095,690.751,0.88153106,0.26505932,0.13931455,0.12574477,dusuk,Tarim,low_severity,,0.0,DUSUK
IAN_2024_01,IAN_2024_01_000896,38.71764,29.14374,0.101266325,0.06254538,0.10727039,4.640608,705.86694,2.1278515,0.2904871,0.14813168,0.14235543,dusuk,Otlak/calilik,low_severity,,0.0,DUSUK
IAN_2024_01,IAN_2024_01_000900,38.71743,29.15523,0.0,0.0,0.14449948,3.0993898,652.97406,1.4073186,0.26758525,0.142782,0.124803245,dusuk,Otlak/calilik,low_severity,,0.0,DUSUK
IAN_2024_01,IAN_2024_01_000901,38.71738,29.15811,0.0,0.0,0.13431498,2.9201326,642.6015,1.1583947,0.22803338,0.105815016,0.12221836,dusuk,Tarim,low_severity,,0.0,DUSUK
IAN_2024_01,IAN_2024_01_000902,38.71732,29.16098,0.059255127,0.0,0.108522356,1.973144,642.1441,0.91006094,0.2734968,0.14985657,0.12364024,dusuk,Tarim,low_severity,,0.0,DUSUK
IAN_2024_01,IAN_2024_01_000907,38.71706,29.17535,0.0071489364,0.0,0.107323915,4.6721783,652.83795,0.36725223,0.2573386,0.12961486,0.12772375,dusuk,Otlak/calilik,low_severity,,0.0,DUSUK
IAN_2024_01,IAN_2024_01_000910,38.7169,29.18397,0.19826312,0.095865846,0.10288945,2.8995447,663.3922,0.14416943,0.2737587,0.13736048,0.13639823,dusuk,Otlak/calilik,low_severity,,0.0,DUSUK
IAN_2024_01,IAN_2024_01_000911,38.71684,29.18684,0.0,0.0,0.19249707,2.4325497,658.5983,0.120551474,0.32886815,0.0938655,0.23500265,dusuk,Otlak/calilik,low_severity,,0.0,DUSUK
IAN_2024_01,IAN_2024_01_000912,38.71679,29.18971,0.0,0.0,0.13938813,1.369033,656.16565,0.365076,0.26556778,0.11091207,0.15465571,dusuk,Tarim,low_severity,,0.0,DUSUK
IAN_2024_01,IAN_2024_01_000938,38.71602,29.10919,0.09023652,0.2068285,0.11672282,2.8129668,652.83386,1.0277745,0.3114234,0.18521008,0.12621331,dusuk,Tarim,low_severity,,0.0,DUSUK
IAN_2024_01,IAN_2024_01_000939,38.71596,29.11206,0.0,0.0,0.23017976,2.6430924,660.4171,1.1905346,0.3047175,0.10129847,0.20341904,dusuk,Tarim,low_severity,,0.0,DUSUK
IAN_2024_01,IAN_2024_01_000940,38.71591,29.11493,0.0,0.0,0.15731065,3.203531,673.57385,1.1334277,0.26411167,0.1169721,0.14713956,dusuk,Tarim,low_severity,,0.0,DUSUK
IAN_2024_01,IAN_2024_01_000941,38.71586,29.11781,0.22047812,0.24082154,0.12376298,4.898139,684.09576,1.1300197,0.25784558,0.14323723,0.11460835,dusuk,Tarim,low_severity,,0.0,DUSUK
IAN_2024_01,IAN_2024_01_000950,38.71539,29.14367,0.36060834,0.50182843,0.11812088,7.8756104,721.5983,2.2982278,0.33774102,0.17777944,0.15996158,dusuk,Otlak/calilik,low_severity,,0.0,DUSUK
IAN_2024_01,IAN_2024_01_000954,38.71518,29.15516,0.021521173,0.0010560489,0.31078374,3.9923713,654.7058,1.449901,0.2932058,0.081632406,0.21157339,orta-dusuk,Tarim,predicted,0.1537,0.1989,DUSUK
IAN_2024_01,IAN_2024_01_000955,38.71512,29.15804,0.0,0.0,0.3152161,2.0327952,642.39514,1.2097708,0.3005248,0.10092385,0.19960095,orta-dusuk,Tarim,low_severity,,0.0,DUSUK
IAN_2024_01,IAN_2024_01_000961,38.71481,29.17528,0.0,0.0,0.10394414,5.6660705,648.9445,0.5064992,0.23601553,0.11034319,0.12567234,dusuk,Otlak/calilik,low_severity,,0.0,DUSUK
IAN_2024_01,IAN_2024_01_000962,38.71475,29.17815,0.0,0.0,0.11707669,2.0081139,658.3073,0.5715565,0.21950641,0.11196239,0.10754402,dusuk,Otlak/calilik,low_severity,,0.0,DUSUK
IAN_2024_01,IAN_2024_01_000963,38.7147,29.18103,0.0,0.0,0.1277452,2.806391,657.5726,0.48600554,0.24776682,0.12880483,0.11896199,dusuk,Otlak/calilik,low_severity,,0.0,DUSUK
IAN_2024_01,IAN_2024_01_000964,38.71464,29.1839,0.0,0.0,0.12058115,2.0393171,654.43195,0.32395867,0.25875062,0.119984135,0.13876648,dusuk,Otlak/calilik,low_severity,,0.0,DUSUK
IAN_2024_01,IAN_2024_01_000965,38.71459,29.18677,0.0,0.0,0.12286238,1.6783942,655.6546,0.31416085,0.2765804,0.11102344,0.16555695,dusuk,Tarim,low_severity,,0.0,DUSUK
IAN_2024_01,IAN_2024_01_000968,38.71443,29.19539,0.0,0.0,0.12165625,0.9575789,664.0475,0.91101074,0.2558192,0.13194045,0.12387875,dusuk,Tarim,low_severity,,0.0,DUSUK
IAN_2024_01,IAN_2024_01_000980,38.71438,29.07464,0.0,0.0,0.13497892,3.653424,712.8365,0.48315102,0.22048737,0.108156234,0.11233114,dusuk,Otlak/calilik,low_severity,,0.0,DUSUK
IAN_2024_01,IAN_2024_01_000992,38.71377,29.10912,0.028724933,0.0,0.14742604,2.8193223,654.75824,1.1774645,0.26807207,0.14178917,0.1262829,dusuk,Tarim,low_severity,,0.0,DUSUK
IAN_2024_01,IAN_2024_01_000993,38.71371,29.11199,0.0,0.0,0.14888938,1.8665539,660.9204,1.3739126,0.25717062,0.1201723,0.13699833,dusuk,Otlak/calilik,low_severity,,0.0,DUSUK
IAN_2024_01,IAN_2024_01_000994,38.71366,29.11487,0.0,0.0,0.14888825,2.6859436,666.816,1.3818487,0.2699893,0.14527337,0.12471594,dusuk,Otlak/calilik,low_severity,,0.0,DUSUK
IAN_2024_01,IAN_2024_01_000995,38.71361,29.11774,0.15689555,0.10693875,0.123469606,3.9873953,680.05756,1.3790547,0.26477155,0.15018466,0.11458689,dusuk,Otlak/calilik,low_severity,,0.0,DUSUK
IAN_2024_01,IAN_2024_01_001000,38.71335,29.13211,0.07300221,0.17070688,0.10187236,3.2567015,765.98883,1.9334481,0.29270267,0.14124833,0.15145434,dusuk,Otlak/calilik,low_severity,,0.0,DUSUK
IAN_2024_01,IAN_2024_01_001008,38.71293,29.1551,0.018790152,0.0012575692,0.33479238,2.9175324,656.4547,1.5326056,0.31921083,0.0729578,0.24625303,orta-dusuk,Tarim,predicted,0.1782,0.2388,DUSUK
IAN_2024_01,IAN_2024_01_001009,38.71287,29.15797,0.0,0.0,0.35153085,1.9559355,648.4416,1.3077509,0.30423814,0.083879456,0.22035868,orta-dusuk,Tarim,predicted,0.1491,0.1542,DUSUK
IAN_2024_01,IAN_2024_01_001010,38.71282,29.16084,0.0,0.0,0.17204157,1.2874306,644.76904,1.0938671,0.2690948,0.15732244,0.11177236,dusuk,Tarim,low_severity,,0.0,DUSUK
IAN_2024_01,IAN_2024_01_001011,38.71277,29.16372,0.0,0.0,0.11624706,1.8510131,640.44135,0.8988203,0.25449368,0.11964545,0.13484824,dusuk,Tarim,low_severity,,0.0,DUSUK
IAN_2024_01,IAN_2024_01_001016,38.7125,29.17808,0.0,0.0,0.111816004,3.7902594,647.57904,0.33699167,0.20360866,0.104543954,0.09906471,dusuk,Otlak/calilik,low_severity,,0.0,DUSUK
IAN_2024_01,IAN_2024_01_001017,38.71245,29.18096,0.0,0.0,0.16118419,2.5129802,645.9898,0.5016017,0.2674865,0.11762731,0.1498592,dusuk,Otlak/calilik,low_severity,,0.0,DUSUK
IAN_2024_01,IAN_2024_01_001018,38.71239,29.18383,0.0,0.0,0.1332035,1.5168424,647.2455,0.56045836,0.20302178,0.09832423,0.10469755,dusuk,Tarim,low_severity,,0.0,DUSUK
IAN_2024_01,IAN_2024_01_001020,38.71229,29.18958,0.0,0.0,0.1169768,1.259286,653.4164,0.6531533,0.23212183,0.100594774,0.13152705,dusuk,Tarim,low_severity,,0.0,DUSUK
IAN_2024_01,IAN_2024_01_001047,38.71146,29.11193,0.0,0.0,0.1310493,2.1758926,656.9303,1.4588434,0.26385915,0.13528591,0.12857324,dusuk,Otlak/calilik,low_severity,,0.0,DUSUK
IAN_2024_01,IAN_2024_01_001048,38.71141,29.1148,0.0,0.0,0.15987024,3.0586684,666.5881,1.6307523,0.28883505,0.13164324,0.15719181,dusuk,Otlak/calilik,low_severity,,0.0,DUSUK
IAN_2024_01,IAN_2024_01_001053,38.71115,29.12917,0.42153215,0.26808202,0.17537646,3.3951142,777.47595,1.9674305,0.260727,0.12844944,0.13227755,dusuk,Otlak/calilik,low_severity,,0.0,DUSUK
IAN_2024_01,IAN_2024_01_001054,38.7111,29.13204,0.29794756,0.43365583,0.11975752,4.333771,774.2931,2.1185062,0.26043814,0.14933212,0.11110602,dusuk,Otlak/calilik,low_severity,,0.0,DUSUK
IAN_2024_01,IAN_2024_01_001061,38.71073,29.15216,0.15907718,0.24957848,0.17715618,5.848922,677.20514,1.4859217,0.2936344,0.12672961,0.1669048,dusuk,Tarim,low_severity,,0.0,DUSUK
IAN_2024_01,IAN_2024_01_001062,38.71067,29.15503,0.0059571415,0.00054282683,0.29918844,4.2422805,667.2087,1.4033971,0.27254266,0.085231915,0.18731074,orta-dusuk,Tarim,low_severity,,0.0,DUSUK
IAN_2024_01,IAN_2024_01_001063,38.71062,29.1579,0.0,0.0,0.3963583,2.646723,653.5628,1.3623813,0.28760663,0.07145646,0.21615016,orta-dusuk,Tarim,predicted,0.14,0.138,DUSUK
IAN_2024_01,IAN_2024_01_001064,38.71057,29.16078,0.0,0.0,0.2664388,1.377186,646.1404,1.2522829,0.258038,0.09862873,0.15940928,dusuk,Tarim,low_severity,,0.0,DUSUK
IAN_2024_01,IAN_2024_01_001069,38.7103,29.17514,0.0,0.0,0.105023555,4.0669746,637.4548,0.1113958,0.2539732,0.16568789,0.0882853,dusuk,Otlak/calilik,low_severity,,0.0,DUSUK
IAN_2024_01,IAN_2024_01_001070,38.71025,29.17802,0.0,0.0,0.18321578,4.42365,647.31274,0.15914057,0.28794092,0.11204556,0.17589536,dusuk,Tarim,low_severity,,0.0,DUSUK
IAN_2024_01,IAN_2024_01_001071,38.7102,29.18089,0.0,0.0,0.15626614,3.6022146,647.59265,0.3759838,0.251502,0.10910158,0.14240043,dusuk,Tarim,low_severity,,0.0,DUSUK
IAN_2024_01,IAN_2024_01_001072,38.71014,29.18376,0.0,0.0,0.13884321,1.5643029,646.19006,0.5310199,0.27297056,0.13781439,0.13515617,dusuk,Tarim,low_severity,,0.0,DUSUK
IAN_2024_01,IAN_2024_01_001073,38.71009,29.18664,0.0,0.0,0.14476267,1.2896645,647.3183,0.65336794,0.2734264,0.1329773,0.1404491,dusuk,Tarim,low_severity,,0.0,DUSUK
IAN_2024_01,IAN_2024_01_001074,38.71003,29.18951,0.0,0.0,0.11325167,2.9680274,647.9587,0.8347438,0.23999721,0.13113163,0.108865574,dusuk,Tarim,low_severity,,0.0,DUSUK
IAN_2024_01,IAN_2024_01_001087,38.70993,29.07163,0.0,0.0,0.115657926,1.1792927,697.6327,0.23802352,0.21436395,0.10114524,0.11321871,dusuk,Tarim,low_severity,,0.0,DUSUK
IAN_2024_01,IAN_2024_01_001091,38.70973,29.08313,0.0070216656,0.0,0.11225626,1.2095904,691.3169,0.19679032,0.21442677,0.11302054,0.10140623,dusuk,Tarim,low_severity,,0.0,DUSUK
IAN_2024_01,IAN_2024_01_001101,38.70921,29.11186,0.0,0.0,0.1622702,3.056091,661.5904,1.517818,0.25156796,0.102772206,0.14879575,dusuk,Otlak/calilik,low_severity,,0.0,DUSUK
IAN_2024_01,IAN_2024_01_001102,38.70916,29.11473,0.19676447,0.16739683,0.1296795,6.542098,677.9751,1.7569518,0.26243818,0.12685597,0.13558221,dusuk,Otlak/calilik,low_severity,,0.0,DUSUK
IAN_2024_01,IAN_2024_01_001105,38.709,29.12335,0.72202647,0.59319854,0.13045622,8.29886,762.56226,1.9713088,0.34421217,0.23842521,0.105786964,dusuk,Agaclik,low_severity,,0.0,DUSUK
IAN_2024_01,IAN_2024_01_001106,38.70895,29.12623,1.0,1.0,0.18368828,9.344295,763.97064,2.0623639,0.289542,0.13633001,0.15321198,dusuk,Agaclik,low_severity,,0.0,DUSUK
IAN_2024_01,IAN_2024_01_001107,38.7089,29.1291,1.0,1.0,0.3598422,6.00548,779.11566,2.1784468,0.31127334,0.08645116,0.22482218,orta-dusuk,Agaclik,predicted,0.2831,0.5507,YUKSEK
IAN_2024_01,IAN_2024_01_001108,38.70885,29.13197,1.0,1.0,0.345546,11.074634,752.6502,2.315797,0.285341,0.07568428,0.20965672,orta-dusuk,Agaclik,predicted,0.2821,0.6458,YUKSEK
IAN_2024_01,IAN_2024_01_001109,38.70879,29.13485,0.96520245,1.0,0.28551155,10.558993,734.94196,2.370439,0.27102104,0.09387515,0.1771459,orta-dusuk,Agaclik,low_severity,,0.0,DUSUK
IAN_2024_01,IAN_2024_01_001110,38.70874,29.13772,0.8228174,0.90804774,0.22118427,5.9560905,769.54193,2.1583283,0.30688035,0.18136501,0.12551534,dusuk,Agaclik,low_severity,,0.0,DUSUK
IAN_2024_01,IAN_2024_01_001111,38.70869,29.14059,0.7571278,0.9092107,0.17009686,5.4871306,768.67664,1.9480609,0.29762465,0.19893351,0.098691136,dusuk,Agaclik,low_severity,,0.0,DUSUK
IAN_2024_01,IAN_2024_01_001116,38.70842,29.15496,0.25961894,0.30628642,0.17807947,6.4565687,675.52545,1.1630734,0.23720726,0.11983223,0.11737503,dusuk,Tarim,low_severity,,0.0,DUSUK
IAN_2024_01,IAN_2024_01_001117,38.70837,29.15783,0.0,0.0,0.35701746,3.0361252,655.127,1.1132383,0.27883843,0.07038982,0.2084486,orta-dusuk,Tarim,predicted,0.1401,0.1693,DUSUK
IAN_2024_01,IAN_2024_01_001118,38.70832,29.16071,0.0,0.0,0.29776323,1.5899984,646.1185,1.1184182,0.26962242,0.08539826,0.18422416,orta-dusuk,Tarim,low_severity,,0.0,DUSUK
IAN_2024_01,IAN_2024_01_001124,38.708,29.17795,0.0,0.0,0.12938762,3.8774288,657.78937,0.13632165,0.26372707,0.11624773,0.14747934,dusuk,Yerlesim,low_severity,,0.0,DUSUK
IAN_2024_01,IAN_2024_01_001125,38.70794,29.18082,0.0,0.0,0.103860036,3.8173804,664.8293,0.26865783,0.26079017,0.1309486,0.12984157,dusuk,Tarim,low_severity,,0.0,DUSUK
IAN_2024_01,IAN_2024_01_001126,38.70789,29.18369,0.0,0.0,0.11048335,4.427518,648.73035,0.30345437,0.28742212,0.1266098,0.16081232,dusuk,Tarim,low_severity,,0.0,DUSUK
IAN_2024_01,IAN_2024_01_001127,38.70784,29.18657,0.0,0.0,0.10395626,4.301879,639.15796,0.4868183,0.28446022,0.15854067,0.12591955,dusuk,Tarim,low_severity,,0.0,DUSUK
IAN_2024_01,IAN_2024_01_001155,38.70696,29.11179,0.016888944,0.032747477,0.16340718,4.436574,666.5548,1.6137903,0.24432765,0.08832961,0.15599804,dusuk,Otlak/calilik,low_severity,,0.0,DUSUK
IAN_2024_01,IAN_2024_01_001159,38.70675,29.12329,1.0,1.0,0.11385346,14.971039,733.08527,2.2104084,0.28333187,0.1820567,0.101275176,dusuk,Agaclik,low_severity,,0.0,DUSUK
IAN_2024_01,IAN_2024_01_001160,38.7067,29.12616,1.0,1.0,0.1285978,13.8474045,728.0394,2.2919843,0.3196478,0.19804142,0.121606365,dusuk,Agaclik,low_severity,,0.0,DUSUK
IAN_2024_01,IAN_2024_01_001161,38.70665,29.12903,1.0,1.0,0.34367472,10.553282,772.52747,2.3969727,0.30869135,0.097736225,0.21095513,orta-dusuk,Agaclik,predicted,0.2833,0.6306,YUKSEK
IAN_2024_01,IAN_2024_01_001162,38.70659,29.13191,1.0,1.0,0.42958516,13.63045,729.17944,2.3909373,0.30723697,0.06504319,0.24219379,orta-dusuk,Agaclik,predicted,0.302,0.7522,COK_YUKSEK
IAN_2024_01,IAN_2024_01_001163,38.70654,29.13478,1.0,1.0,0.40403068,9.275722,712.2543,2.1976843,0.2895369,0.06620221,0.22333468,orta-dusuk,Agaclik,predicted,0.2791,0.6087,YUKSEK
IAN_2024_01,IAN_2024_01_001164,38.70649,29.13765,1.0,1.0,0.3642313,9.816035,758.03076,2.016941,0.2714878,0.07283786,0.19864994,orta-dusuk,Agaclik,low_severity,,0.0,DUSUK
IAN_2024_01,IAN_2024_01_001165,38.70644,29.14053,1.0,1.0,0.30586445,13.013488,733.79144,1.8174592,0.23737375,0.06900443,0.16836932,orta-dusuk,Agaclik,low_severity,,0.0,DUSUK
IAN_2024_01,IAN_2024_01_001166,38.70638,29.1434,0.8885289,0.94828016,0.32324308,11.044586,748.32367,1.6014736,0.28589898,0.0904762,0.19542278,orta-dusuk,Agaclik,low_severity,,0.0,DUSUK
IAN_2024_01,IAN_2024_01_001167,38.70633,29.14627,0.77470505,0.8750186,0.1987784,14.196096,718.64496,1.3968813,0.26003706,0.12138431,0.13865276,dusuk,Agaclik,low_severity,,0.0,DUSUK
IAN_2024_01,IAN_2024_01_001169,38.70623,29.15202,0.70440906,0.8122093,0.14067146,8.277741,682.55084,1.0485213,0.2547462,0.16605541,0.08869079,dusuk,Agaclik,low_severity,,0.0,DUSUK
IAN_2024_01,IAN_2024_01_001170,38.70617,29.15489,0.0624894,0.12361651,0.19746967,4.382135,663.9027,0.9278775,0.22443652,0.09381051,0.13062601,dusuk,Tarim,low_severity,,0.0,DUSUK
IAN_2024_01,IAN_2024_01_001171,38.70612,29.15777,0.0,0.0,0.27969268,2.6072907,650.49475,0.8645902,0.24158227,0.07311231,0.16846997,orta-dusuk,Tarim,low_severity,,0.0,DUSUK
IAN_2024_01,IAN_2024_01_001172,38.70607,29.16064,0.0,0.0,0.26843253,1.4107845,643.7345,0.8712497,0.27596042,0.08940643,0.18655398,dusuk,Tarim,low_severity,,0.0,DUSUK
IAN_2024_01,IAN_2024_01_001176,38.70585,29.17213,0.16365059,0.0,0.12665278,9.920603,637.83844,0.36536366,0.28039476,0.16118449,0.11921027,dusuk,Otlak/calilik,low_severity,,0.0,DUSUK
IAN_2024_01,IAN_2024_01_001177,38.7058,29.17501,0.0,0.0,0.13686037,3.6705089,654.3152,0.26663494,0.2693501,0.12116102,0.1481891,dusuk,Otlak/calilik,low_severity,,0.0,DUSUK
IAN_2024_01,IAN_2024_01_001178,38.70575,29.17788,0.0,0.0,0.14774394,2.8026528,659.426,0.33105442,0.2770798,0.1145355,0.16254428,dusuk,Otlak/calilik,low_severity,,0.0,DUSUK
IAN_2024_01,IAN_2024_01_001183,38.70548,29.19224,0.0,0.0,0.12808342,1.61812,596.65076,0.5115775,0.2431288,0.11840813,0.12472068,dusuk,Tarim,low_severity,,0.0,DUSUK
IAN_2024_01,IAN_2024_01_001184,38.70542,29.19512,0.0,0.0,0.1378423,1.9792277,603.41705,0.60800064,0.28218108,0.15085575,0.13132533,dusuk,Tarim,low_severity,,0.0,DUSUK
IAN_2024_01,IAN_2024_01_001186,38.70532,29.20086,0.0,0.0,0.23282313,4.151702,619.3632,0.9800874,0.3596925,0.14668792,0.21300459,dusuk,Tarim,low_severity,,0.0,DUSUK
IAN_2024_01,IAN_2024_01_001212,38.70455,29.12035,1.0,1.0,0.12277143,15.310402,699.8858,2.0631762,0.29083014,0.18349141,0.10733873,dusuk,Agaclik,low_severity,,0.0,DUSUK
IAN_2024_01,IAN_2024_01_001213,38.7045,29.12322,1.0,1.0,0.11472941,10.55486,681.75934,2.0969067,0.3262382,0.22175343,0.10448475,dusuk,Agaclik,low_severity,,0.0,DUSUK
IAN_2024_01,IAN_2024_01_001214,38.70445,29.12609,1.0,1.0,0.20679551,11.862926,724.9277,2.159245,0.3476482,0.198338,0.1493102,dusuk,Agaclik,low_severity,,0.0,DUSUK
IAN_2024_01,IAN_2024_01_001215,38.70439,29.12897,1.0,1.0,0.35406518,12.693994,731.0858,2.2478123,0.27017874,0.07051317,0.19966558,orta-dusuk,Agaclik,low_severity,,0.0,DUSUK
IAN_2024_01,IAN_2024_01_001216,38.70434,29.13184,1.0,1.0,0.35191357,10.436011,694.93097,2.2477582,0.2895501,0.07294816,0.21660194,orta-dusuk,Agaclik,predicted,0.2833,0.6415,YUKSEK
IAN_2024_01,IAN_2024_01_001217,38.70429,29.13471,1.0,1.0,0.3974617,11.192153,711.87317,2.040993,0.3091413,0.0775657,0.23157561,orta-dusuk,Agaclik,predicted,0.2914,0.7002,YUKSEK
IAN_2024_01,IAN_2024_01_001219,38.70418,29.14046,1.0,1.0,0.3022166,10.9006195,692.26807,1.6634668,0.223401,0.06509888,0.15830211,orta-dusuk,Agaclik,low_severity,,0.0,DUSUK
IAN_2024_01,IAN_2024_01_001220,38.70413,29.14333,1.0,1.0,0.36164755,13.32913,711.7262,1.4825432,0.27917793,0.06961959,0.20955834,orta-dusuk,Agaclik,predicted,0.2817,0.7693,COK_YUKSEK
IAN_2024_01,IAN_2024_01_001221,38.70408,29.14621,1.0,1.0,0.39436844,9.660214,671.54834,1.2587669,0.30168998,0.073902056,0.22778793,orta-dusuk,Agaclik,predicted,0.2827,0.7125,YUKSEK
IAN_2024_01,IAN_2024_01_001222,38.70403,29.14908,0.9693898,1.0,0.27771807,6.443044,668.6712,1.0469259,0.27179748,0.091120794,0.18067668,orta-dusuk,Agaclik,low_severity,,0.0,DUSUK
IAN_2024_01,IAN_2024_01_001223,38.70397,29.15195,0.48469803,0.5147209,0.2642664,3.7898407,665.8794,0.8559285,0.24499044,0.07554442,0.16944602,dusuk,Agaclik,low_severity,,0.0,DUSUK
IAN_2024_01,IAN_2024_01_001225,38.70387,29.1577,0.0,0.0,0.22058506,2.3047535,644.65015,0.6170356,0.22704351,0.09096904,0.13607447,dusuk,Tarim,low_severity,,0.0,DUSUK
IAN_2024_01,IAN_2024_01_001226,38.70381,29.16057,0.053097136,0.0,0.11323923,1.4082992,639.2705,0.62633276,0.23978046,0.15701896,0.0827615,dusuk,Tarim,low_severity,,0.0,DUSUK
IAN_2024_01,IAN_2024_01_001227,38.70376,29.16345,0.104378745,0.0,0.10054782,2.1548696,637.46893,0.72722244,0.21569169,0.12691364,0.08877805,dusuk,Tarim,low_severity,,0.0,DUSUK
IAN_2024_01,IAN_2024_01_001230,38.7036,29.17206,0.0,0.0,0.10310271,8.150483,644.8579,0.5738537,0.2519339,0.13484436,0.11708954,dusuk,Otlak/calilik,low_severity,,0.0,DUSUK
IAN_2024_01,IAN_2024_01_001231,38.70355,29.17494,0.0,0.0,0.10234289,2.7263057,657.1944,0.51663494,0.23592997,0.115135044,0.12079492,dusuk,Otlak/calilik,low_severity,,0.0,DUSUK
IAN_2024_01,IAN_2024_01_001237,38.70323,29.19218,0.0,0.0,0.1575241,1.7042924,595.9426,0.2692465,0.22565313,0.08378257,0.14187056,dusuk,Tarim,low_severity,,0.0,DUSUK
IAN_2024_01,IAN_2024_01_001238,38.70317,29.19505,0.0,0.0,0.206276,2.5348582,603.58386,0.42479044,0.29336965,0.08875911,0.20461054,dusuk,Tarim,low_severity,,0.0,DUSUK
IAN_2024_01,IAN_2024_01_001239,38.70312,29.19792,0.0,0.0,0.23128945,3.022688,613.6285,0.64296204,0.328997,0.0946023,0.23439468,dusuk,Tarim,low_severity,,0.0,DUSUK
IAN_2024_01,IAN_2024_01_001240,38.70306,29.20079,0.0,0.0,0.18799135,3.5731082,625.4768,0.85525674,0.31187892,0.11509211,0.1967868,dusuk,Tarim,low_severity,,0.0,DUSUK
IAN_2024_01,IAN_2024_01_001247,38.70328,29.06569,0.0,0.0,0.10628864,1.9729295,677.12384,1.0200617,0.22090867,0.102556355,0.11835232,dusuk,Tarim,low_severity,,0.0,DUSUK
IAN_2024_01,IAN_2024_01_001263,38.70246,29.11166,1.0,1.0,0.22067514,11.483807,728.98566,1.8921983,0.32734245,0.15911832,0.16822413,dusuk,Agaclik,low_severity,,0.0,DUSUK
IAN_2024_01,IAN_2024_01_001264,38.7024,29.11453,1.0,1.0,0.22661199,13.166411,687.7478,1.8398111,0.27901372,0.09697154,0.18204218,dusuk,Agaclik,low_severity,,0.0,DUSUK
IAN_2024_01,IAN_2024_01_001265,38.70235,29.11741,1.0,1.0,0.18409961,14.173761,669.0522,1.8097587,0.27160588,0.11629436,0.15531152,dusuk,Agaclik,low_severity,,0.0,DUSUK
IAN_2024_01,IAN_2024_01_001266,38.7023,29.12028,1.0,1.0,0.21433988,10.258849,659.2952,1.8139867,0.3099348,0.115486376,0.19444841,dusuk,Agaclik,low_severity,,0.0,DUSUK
IAN_2024_01,IAN_2024_01_001267,38.70225,29.12315,1.0,1.0,0.2888304,12.61669,686.78394,1.8522606,0.36320496,0.12893012,0.23427483,orta-dusuk,Agaclik,predicted,0.313,0.8107,COK_YUKSEK
IAN_2024_01,IAN_2024_01_001268,38.7022,29.12603,1.0,1.0,0.35274056,11.482944,727.7853,1.9225479,0.3094851,0.09054468,0.21894044,orta-dusuk,Agaclik,predicted,0.2886,0.7091,YUKSEK
IAN_2024_01,IAN_2024_01_001269,38.70214,29.1289,1.0,1.0,0.3586391,13.479943,701.1176,2.0215123,0.2659046,0.06481885,0.20108575,orta-dusuk,Agaclik,predicted,0.2752,0.7049,YUKSEK
IAN_2024_01,IAN_2024_01_001270,38.70209,29.13177,1.0,1.0,0.35117918,7.2004232,668.05884,2.1244419,0.28051722,0.073229656,0.20728756,orta-dusuk,Agaclik,predicted,0.267,0.5351,YUKSEK
IAN_2024_01,IAN_2024_01_001271,38.70204,29.13465,1.0,1.0,0.4195893,9.983415,700.4175,1.904334,0.28743434,0.07136642,0.21606791,orta-dusuk,Agaclik,predicted,0.2709,0.627,YUKSEK
IAN_2024_01,IAN_2024_01_001273,38.70193,29.14039,0.9660778,1.0,0.27938983,4.902938,667.5017,1.4926344,0.22853124,0.07436758,0.15416366,orta-dusuk,Agaclik,low_severity,,0.0,DUSUK
IAN_2024_01,IAN_2024_01_001274,38.70188,29.14327,0.98129326,1.0,0.3688511,7.8003306,667.1512,1.3100352,0.26724583,0.068083964,0.19916186,orta-dusuk,Agaclik,low_severity,,0.0,DUSUK
IAN_2024_01,IAN_2024_01_001275,38.70183,29.14614,1.0,1.0,0.43109977,4.9744134,649.8823,1.153008,0.3079344,0.07211841,0.235816,orta-dusuk,Agaclik,predicted,0.2727,0.5912,YUKSEK
IAN_2024_01,IAN_2024_01_001276,38.70178,29.14901,0.4419898,0.7338634,0.25327498,3.7171085,649.1401,0.92426753,0.25134683,0.07288812,0.1784587,dusuk,Agaclik,low_severity,,0.0,DUSUK
IAN_2024_01,IAN_2024_01_001277,38.70172,29.15189,0.9686488,0.79698884,0.33771694,4.079743,657.10565,0.70059276,0.2808078,0.077723324,0.20308447,orta-dusuk,Agaclik,predicted,0.2406,0.5199,YUKSEK
IAN_2024_01,IAN_2024_01_001278,38.70167,29.15476,0.39937946,0.31628683,0.19249783,3.8560998,648.59796,0.50238425,0.23921318,0.09760781,0.14160538,dusuk,Tarim,low_severity,,0.0,DUSUK
IAN_2024_01,IAN_2024_01_001279,38.70162,29.15763,0.0,0.0,0.21175976,1.6436886,639.02765,0.37275955,0.23045804,0.102284975,0.12817305,dusuk,Yerlesim,low_severity,,0.0,DUSUK
IAN_2024_01,IAN_2024_01_001284,38.70135,29.172,0.0,0.0,0.1152177,6.2649164,637.4073,0.80630356,0.22219232,0.109863296,0.11232902,dusuk,Otlak/calilik,low_severity,,0.0,DUSUK
IAN_2024_01,IAN_2024_01_001288,38.70114,29.18349,0.0,0.0,0.101125345,4.2841034,594.8577,0.52191174,0.20401628,0.10455184,0.09946445,dusuk,Otlak/calilik,low_severity,,0.0,DUSUK
IAN_2024_01,IAN_2024_01_001291,38.70098,29.19211,0.0,0.0,0.14252841,2.1991274,597.92413,0.0909714,0.2082007,0.07290286,0.13529783,dusuk,Tarim,low_severity,,0.0,DUSUK
IAN_2024_01,IAN_2024_01_001292,38.70092,29.19498,0.0,0.0,0.16633558,3.436586,609.0752,0.34092382,0.27817672,0.11579682,0.1623799,dusuk,Tarim,low_severity,,0.0,DUSUK
IAN_2024_01,IAN_2024_01_001293,38.70087,29.19785,0.0,0.0,0.10130188,2.1374238,615.1198,0.5909165,0.23631021,0.10669107,0.12961915,dusuk,Tarim,low_severity,,0.0,DUSUK
IAN_2024_01,IAN_2024_01_001301,38.70103,29.06563,0.0,0.0,0.11785823,2.6253226,671.0459,1.2562228,0.23432909,0.103915766,0.13041332,dusuk,Tarim,low_severity,,0.0,DUSUK
IAN_2024_01,IAN_2024_01_001316,38.70026,29.10872,1.0,1.0,0.10100143,12.563095,653.5304,1.7714721,0.3161235,0.18133289,0.1347906,dusuk,Agaclik,low_severity,,0.0,DUSUK
IAN_2024_01,IAN_2024_01_001317,38.7002,29.1116,0.94173205,1.0,0.23053113,10.637412,702.51117,1.6668638,0.29609677,0.11967969,0.17641708,dusuk,Agaclik,low_severity,,0.0,DUSUK
IAN_2024_01,IAN_2024_01_001318,38.70015,29.11447,1.0,1.0,0.2641549,11.127008,664.9331,1.5949157,0.2898559,0.09541498,0.19444092,dusuk,Agaclik,low_severity,,0.0,DUSUK
IAN_2024_01,IAN_2024_01_001319,38.7001,29.11734,1.0,1.0,0.21501645,7.003164,635.4489,1.5601531,0.27865547,0.09985672,0.17879875,dusuk,Agaclik,low_severity,,0.0,DUSUK
IAN_2024_01,IAN_2024_01_001320,38.70005,29.12021,1.0,1.0,0.21251386,10.850419,639.88306,1.5650556,0.26293522,0.09808257,0.16485265,dusuk,Agaclik,low_severity,,0.0,DUSUK
IAN_2024_01,IAN_2024_01_001321,38.7,29.12309,1.0,1.0,0.2778419,13.016526,705.7016,1.6092609,0.29453105,0.10191272,0.19261833,orta-dusuk,Agaclik,low_severity,,0.0,DUSUK
IAN_2024_01,IAN_2024_01_001322,38.69994,29.12596,1.0,1.0,0.43423417,11.859783,702.3969,1.6896869,0.31632608,0.07057868,0.2457474,orta-dusuk,Agaclik,predicted,0.2987,0.7676,COK_YUKSEK
IAN_2024_01,IAN_2024_01_001323,38.69989,29.12883,1.0,1.0,0.37324572,9.205793,659.4909,1.8014892,0.2818186,0.06831261,0.21350598,orta-dusuk,Agaclik,predicted,0.2726,0.6243,YUKSEK
IAN_2024_01,IAN_2024_01_001324,38.69984,29.13171,0.8107815,1.0,0.30856535,6.5278807,653.40186,1.9329551,0.26592538,0.081542134,0.18438324,orta-dusuk,Agaclik,low_severity,,0.0,DUSUK
IAN_2024_01,IAN_2024_01_001325,38.69979,29.13458,1.0,1.0,0.3748046,10.802221,690.1847,1.7922955,0.27605647,0.07652151,0.19953495,orta-dusuk,Agaclik,low_severity,,0.0,DUSUK
IAN_2024_01,IAN_2024_01_001327,38.69968,29.14033,0.9687299,1.0,0.3131765,4.6277246,654.1633,1.3467714,0.2216097,0.07175664,0.14985305,orta-dusuk,Agaclik,low_severity,,0.0,DUSUK
IAN_2024_01,IAN_2024_01_001328,38.69963,29.1432,0.96310896,1.0,0.39557478,5.5353136,649.12537,1.1410644,0.2799374,0.07306275,0.20687464,orta-dusuk,Agaclik,predicted,0.2524,0.5458,YUKSEK
IAN_2024_01,IAN_2024_01_001329,38.69958,29.14607,1.0,1.0,0.42026737,3.2780957,637.85394,0.9566937,0.31509793,0.08298464,0.23211329,orta-dusuk,Agaclik,predicted,0.2667,0.5547,YUKSEK
IAN_2024_01,IAN_2024_01_001330,38.69952,29.14894,0.27803254,0.28538728,0.23622634,2.9280362,637.7389,0.8083921,0.2324897,0.078856066,0.15363364,dusuk,Otlak/calilik,low_severity,,0.0,DUSUK
IAN_2024_01,IAN_2024_01_001331,38.69947,29.15182,0.1953223,0.11603744,0.2349692,3.6150646,643.32904,0.6115937,0.22682226,0.07484312,0.15197913,dusuk,Otlak/calilik,low_severity,,0.0,DUSUK
IAN_2024_01,IAN_2024_01_001332,38.69942,29.15469,0.15711,0.20238705,0.17463836,2.8853073,640.9296,0.36824805,0.21003303,0.09572698,0.11430605,dusuk,Tarim,low_severity,,0.0,DUSUK
IAN_2024_01,IAN_2024_01_001333,38.69937,29.15756,0.7243312,0.07152999,0.11368902,5.782581,629.18146,0.14888372,0.27323037,0.22083941,0.052390963,dusuk,Otlak/calilik,low_severity,,0.0,DUSUK
IAN_2024_01,IAN_2024_01_001336,38.69921,29.16618,0.3517291,0.18274154,0.11117773,7.1161366,552.4232,0.46665004,0.3107577,0.24626148,0.06449622,dusuk,Otlak/calilik,low_severity,,0.0,DUSUK
IAN_2024_01,IAN_2024_01_001341,38.69894,29.18055,0.0,0.0,0.1030311,3.486871,582.24493,0.48808342,0.20738259,0.119391456,0.08799113,dusuk,Otlak/calilik,low_severity,,0.0,DUSUK
IAN_2024_01,IAN_2024_01_001342,38.69889,29.18342,0.0,0.0,0.1245778,2.6127074,583.6731,0.5235178,0.2182323,0.12262401,0.095608294,dusuk,Otlak/calilik,low_severity,,0.0,DUSUK
IAN_2024_01,IAN_2024_01_001344,38.69878,29.18917,0.0,0.0,0.111758724,2.1575594,589.27094,0.2414262,0.22556612,0.10115409,0.12441203,dusuk,Tarim,low_severity,,0.0,DUSUK
IAN_2024_01,IAN_2024_01_001345,38.69872,29.19204,0.07418041,0.0,0.103355594,2.2868547,593.18823,0.26278874,0.23362882,0.11527952,0.11834931,dusuk,Tarim,low_severity,,0.0,DUSUK
IAN_2024_01,IAN_2024_01_001346,38.69867,29.19491,0.0,0.0,0.17246297,2.9646602,597.49884,0.42072695,0.2659621,0.0993458,0.16661629,dusuk,Tarim,low_severity,,0.0,DUSUK
IAN_2024_01,IAN_2024_01_001347,38.69862,29.19778,0.0,0.0,0.13196337,3.2800353,605.26575,0.64028466,0.25243676,0.09976797,0.15266879,dusuk,Tarim,low_severity,,0.0,DUSUK
IAN_2024_01,IAN_2024_01_001348,38.69856,29.20066,0.0,0.0,0.111029446,4.9485145,613.74805,0.54101634,0.23798805,0.13766778,0.10032028,dusuk,Tarim,low_severity,,0.0,DUSUK
IAN_2024_01,IAN_2024_01_001349,38.69851,29.20353,0.0,0.0,0.10042186,2.7474904,,0.3188889,0.22207394,0.13800088,0.08407307,dusuk,Tarim,no_data,,,
IAN_2024_01,IAN_2024_01_001370,38.69801,29.10866,1.0,1.0,0.13220286,15.037823,662.89307,1.5562663,0.33787853,0.18021634,0.15766218,dusuk,Agaclik,low_severity,,0.0,DUSUK
IAN_2024_01,IAN_2024_01_001371,38.69795,29.11153,0.8154332,1.0,0.23514822,12.452458,704.79517,1.4360663,0.289477,0.12631541,0.16316158,dusuk,Agaclik,low_severity,,0.0,DUSUK
IAN_2024_01,IAN_2024_01_001372,38.6979,29.1144,1.0,1.0,0.32706815,14.271858,656.461,1.3518904,0.31349263,0.093918346,0.21957427,orta-dusuk,Agaclik,predicted,0.2957,0.8421,COK_YUKSEK
IAN_2024_01,IAN_2024_01_001373,38.69785,29.11728,1.0,1.0,0.23560412,6.4422355,616.89453,1.3106979,0.27797318,0.09263059,0.18534258,dusuk,Agaclik,low_severity,,0.0,DUSUK
IAN_2024_01,IAN_2024_01_001374,38.6978,29.12015,1.0,1.0,0.22431636,11.834983,635.6035,1.3165298,0.20657659,0.0787476,0.12782899,dusuk,Agaclik,low_severity,,0.0,DUSUK
IAN_2024_01,IAN_2024_01_001375,38.69775,29.12302,0.9417289,1.0,0.23398326,12.869797,692.5875,1.3687848,0.20225269,0.07776136,0.12449133,dusuk,Agaclik,low_severity,,0.0,DUSUK
IAN_2024_01,IAN_2024_01_001376,38.69769,29.12589,0.94172853,1.0,0.36143512,11.967728,689.0752,1.4624956,0.28921992,0.077480644,0.21173927,orta-dusuk,Agaclik,predicted,0.2772,0.7284,YUKSEK
IAN_2024_01,IAN_2024_01_001377,38.69764,29.12877,1.0,1.0,0.3687556,10.841572,650.5041,1.5903505,0.3058787,0.08171095,0.22416775,orta-dusuk,Agaclik,predicted,0.2856,0.7166,YUKSEK
IAN_2024_01,IAN_2024_01_001378,38.69759,29.13164,0.8376402,1.0,0.3051567,6.6739063,637.5863,1.6906649,0.26780108,0.0830092,0.18479188,orta-dusuk,Agaclik,low_severity,,0.0,DUSUK
IAN_2024_01,IAN_2024_01_001379,38.69754,29.13451,1.0,1.0,0.38405067,7.6068573,653.07416,1.7097248,0.26356858,0.07023865,0.19332993,orta-dusuk,Agaclik,low_severity,,0.0,DUSUK
IAN_2024_01,IAN_2024_01_001380,38.69748,29.13739,1.0,1.0,0.32566574,7.436711,651.1469,1.4701679,0.20703529,0.07641125,0.13062404,orta-dusuk,Agaclik,low_severity,,0.0,DUSUK
IAN_2024_01,IAN_2024_01_001381,38.69743,29.14026,0.96734667,1.0,0.30536255,5.3711925,639.1567,1.2347585,0.20487194,0.07665202,0.12821992,orta-dusuk,Agaclik,low_severity,,0.0,DUSUK
IAN_2024_01,IAN_2024_01_001382,38.69738,29.14313,0.8564128,1.0,0.3463735,4.625632,631.22015,1.0064112,0.2590384,0.078400634,0.18063775,orta-dusuk,Agaclik,low_severity,,0.0,DUSUK
IAN_2024_01,IAN_2024_01_001383,38.69733,29.146,0.96138823,1.0,0.31791627,3.6319177,625.03375,0.7912638,0.27498066,0.08869124,0.18628943,orta-dusuk,Agaclik,low_severity,,0.0,DUSUK
IAN_2024_01,IAN_2024_01_001384,38.69727,29.14888,0.64718246,0.84408784,0.24526128,3.693796,625.18024,0.6036003,0.22732165,0.084360294,0.14296135,dusuk,Agaclik,low_severity,,0.0,DUSUK
IAN_2024_01,IAN_2024_01_001385,38.69722,29.15175,0.73001224,0.73670423,0.22339973,5.3532434,630.63947,0.47704118,0.27343422,0.15184715,0.12158707,dusuk,Agaclik,low_severity,,0.0,DUSUK
IAN_2024_01,IAN_2024_01_001386,38.69717,29.15462,0.7091744,0.83365655,0.14594327,8.10307,621.7288,0.37924045,0.27583784,0.20033443,0.07550341,dusuk,Agaclik,low_severity,,0.0,DUSUK
IAN_2024_01,IAN_2024_01_001390,38.69695,29.16611,0.0,0.0,0.11934171,4.280064,554.88586,0.2389806,0.29025126,0.17583981,0.11441144,dusuk,Otlak/calilik,low_severity,,0.0,DUSUK
IAN_2024_01,IAN_2024_01_001395,38.69669,29.18048,0.0,0.0,0.10140233,2.253076,571.4241,0.30729,0.26415467,0.18935494,0.07479973,dusuk,Otlak/calilik,low_severity,,0.0,DUSUK
IAN_2024_01,IAN_2024_01_001400,38.69642,29.19484,0.27530608,0.34709492,0.15927927,7.951956,600.42175,0.5343292,0.3179856,0.19549212,0.122493476,dusuk,Tarim,low_severity,,0.0,DUSUK
IAN_2024_01,IAN_2024_01_001401,38.69636,29.19771,0.0,0.0,0.16472983,2.0002084,596.72076,0.75948966,0.26545662,0.13492064,0.13053598,dusuk,Tarim,low_severity,,0.0,DUSUK
IAN_2024_01,IAN_2024_01_001402,38.69631,29.20059,0.0,0.0,0.16789168,5.864451,601.076,0.5107015,0.23958807,0.11586129,0.12372678,dusuk,Tarim,low_severity,,0.0,DUSUK
IAN_2024_01,IAN_2024_01_001403,38.69626,29.20346,0.0,0.0,0.14484239,4.1903005,,0.26421097,0.25008917,0.13545069,0.11463848,dusuk,Tarim,no_data,,,
IAN_2024_01,IAN_2024_01_001406,38.69668,29.05688,0.09306177,0.0,0.10591321,7.030774,588.7045,2.0365357,0.32480967,0.2023156,0.12249407,dusuk,Otlak/calilik,low_severity,,0.0,DUSUK
IAN_2024_01,IAN_2024_01_001422,38.69586,29.10284,0.3345212,0.32008284,0.16441932,3.6605732,602.4831,1.7103139,0.26853713,0.11327276,0.15526438,dusuk,Agaclik,low_severity,,0.0,DUSUK
IAN_2024_01,IAN_2024_01_001424,38.69575,29.10859,0.9541416,1.0,0.11937011,12.511512,675.6652,1.3530766,0.30160218,0.17390165,0.12770054,dusuk,Agaclik,low_severity,,0.0,DUSUK
IAN_2024_01,IAN_2024_01_001425,38.6957,29.11146,0.64263785,1.0,0.1284346,17.013206,649.0254,1.2129047,0.23009259,0.11352183,0.116570756,dusuk,Agaclik,low_severity,,0.0,DUSUK
IAN_2024_01,IAN_2024_01_001426,38.69565,29.11434,1.0,1.0,0.24429132,9.770361,618.38837,1.1119618,0.2785709,0.09406992,0.18450096,dusuk,Agaclik,low_severity,,0.0,DUSUK
IAN_2024_01,IAN_2024_01_001427,38.6956,29.11721,1.0,1.0,0.2668839,5.728043,602.1168,1.0614992,0.27247605,0.088955894,0.18352015,dusuk,Agaclik,low_severity,,0.0,DUSUK
IAN_2024_01,IAN_2024_01_001428,38.69555,29.12008,1.0,1.0,0.26986024,11.463503,623.3958,1.0686917,0.23492749,0.08352621,0.15140128,dusuk,Agaclik,low_severity,,0.0,DUSUK
IAN_2024_01,IAN_2024_01_001429,38.69549,29.12295,1.0,1.0,0.28973708,10.822947,675.7082,1.1324413,0.23452592,0.08020662,0.1543193,orta-dusuk,Agaclik,low_severity,,0.0,DUSUK
IAN_2024_01,IAN_2024_01_001430,38.69544,29.12583,1.0,1.0,0.40121034,10.748955,650.7605,1.2440839,0.3059823,0.075327486,0.2306548,orta-dusuk,Agaclik,predicted,0.2856,0.746,YUKSEK
IAN_2024_01,IAN_2024_01_001431,38.69539,29.1287,1.0,1.0,0.34842053,6.756867,624.1581,1.3921444,0.27750096,0.07683139,0.20066956,orta-dusuk,Agaclik,predicted,0.258,0.5658,YUKSEK
IAN_2024_01,IAN_2024_01_001432,38.69534,29.13157,1.0,1.0,0.32613942,5.459421,615.6216,1.450993,0.28606457,0.08371365,0.20235091,orta-dusuk,Agaclik,predicted,0.2599,0.5377,YUKSEK
IAN_2024_01,IAN_2024_01_001433,38.69528,29.13445,1.0,1.0,0.39576995,6.9389954,624.3292,1.5461534,0.2861647,0.07619848,0.20996621,orta-dusuk,Agaclik,predicted,0.2592,0.5593,YUKSEK
IAN_2024_01,IAN_2024_01_001434,38.69523,29.13732,1.0,1.0,0.33589002,6.7210116,622.4793,1.4132336,0.20220265,0.074574016,0.12762862,orta-dusuk,Agaclik,low_severity,,0.0,DUSUK
IAN_2024_01,IAN_2024_01_001435,38.69518,29.14019,1.0,1.0,0.34624654,6.8134403,617.37683,1.1663893,0.22688802,0.07981693,0.1470711,orta-dusuk,Agaclik,low_severity,,0.0,DUSUK
IAN_2024_01,IAN_2024_01_001436,38.69513,29.14306,1.0,1.0,0.31626073,4.739493,617.38904,0.9212487,0.25291878,0.074025616,0.17889316,orta-dusuk,Agaclik,low_severity,,0.0,DUSUK
IAN_2024_01,IAN_2024_01_001437,38.69507,29.14594,0.94172436,1.0,0.26527733,5.723522,609.0276,0.6796573,0.25530005,0.104256816,0.15104324,dusuk,Agaclik,low_severity,,0.0,DUSUK
IAN_2024_01,IAN_2024_01_001438,38.69502,29.14881,0.58320373,0.703556,0.3163328,7.466113,603.8941,0.44740242,0.25900936,0.081703454,0.1773059,orta-dusuk,Agaclik,low_severity,,0.0,DUSUK
IAN_2024_01,IAN_2024_01_001439,38.69497,29.15168,0.22955126,0.18179534,0.11940484,7.3173313,597.1472,0.2518012,0.2322931,0.1499123,0.0823808,dusuk,Tarim,low_severity,,0.0,DUSUK
IAN_2024_01,IAN_2024_01_001440,38.69492,29.15456,0.0034307933,0.00041843488,0.12110841,4.5436015,591.7985,0.22724164,0.23322037,0.113463156,0.11975721,dusuk,Tarim,low_severity,,0.0,DUSUK
IAN_2024_01,IAN_2024_01_001443,38.69476,29.16317,0.2774642,0.0823194,0.11190912,3.96865,560.39166,0.12574306,0.24029419,0.16138607,0.078908116,dusuk,Tarim,low_severity,,0.0,DUSUK
IAN_2024_01,IAN_2024_01_001445,38.69465,29.16892,0.030847391,0.04247605,0.13014936,3.1067166,570.0822,0.2629653,0.25100768,0.112718955,0.13828872,dusuk,Otlak/calilik,low_severity,,0.0,DUSUK
IAN_2024_01,IAN_2024_01_001446,38.6946,29.17179,0.16969395,0.119834155,0.17188162,4.660133,573.5046,0.49699792,0.28781056,0.13255003,0.15526053,dusuk,Otlak/calilik,low_severity,,0.0,DUSUK
IAN_2024_01,IAN_2024_01_001447,38.69454,29.17466,0.0,0.0,0.13689163,3.9560325,575.70306,0.25471732,0.26150298,0.15013355,0.11136943,dusuk,Otlak/calilik,low_severity,,0.0,DUSUK
IAN_2024_01,IAN_2024_01_001448,38.69449,29.17754,0.0,0.0,0.165719,1.6113131,574.7282,0.08806175,0.23599154,0.09379755,0.14219399,dusuk,Otlak/calilik,low_severity,,0.0,DUSUK
IAN_2024_01,IAN_2024_01_001449,38.69444,29.18041,0.0,0.0,0.13084681,1.768484,575.46436,0.27500698,0.24389036,0.113852985,0.13003737,dusuk,Otlak/calilik,low_severity,,0.0,DUSUK
IAN_2024_01,IAN_2024_01_001455,38.69411,29.19765,0.42922732,0.10628527,0.103226766,11.157272,615.08154,0.81849974,0.3332548,0.2530089,0.08024591,dusuk,Otlak/calilik,low_severity,,0.0,DUSUK
IAN_2024_01,IAN_2024_01_001459,38.69447,29.05394,0.13359705,0.0,0.13991281,11.023537,584.4301,2.3839312,0.2721666,0.12973239,0.14243422,dusuk,Otlak/calilik,low_severity,,0.0,DUSUK
IAN_2024_01,IAN_2024_01_001478,38.6935,29.10852,1.0,1.0,0.2714316,10.390464,700.6458,1.16819,0.3320371,0.13760273,0.19443436,orta-dusuk,Agaclik,low_severity,,0.0,DUSUK
IAN_2024_01,IAN_2024_01_001479,38.69345,29.1114,1.0,1.0,0.23193602,15.514172,637.14996,1.0024915,0.31368816,0.09878254,0.21490562,dusuk,Agaclik,low_severity,,0.0,DUSUK
IAN_2024_01,IAN_2024_01_001480,38.6934,29.11427,0.8243021,0.7617456,0.19282083,6.4046235,594.785,0.8776734,0.26104808,0.10401442,0.15703365,dusuk,Agaclik,low_severity,,0.0,DUSUK
IAN_2024_01,IAN_2024_01_001481,38.69335,29.11714,0.83576864,0.88626206,0.24606644,5.351621,589.6994,0.8127927,0.25126928,0.09697476,0.15429452,dusuk,Agaclik,low_severity,,0.0,DUSUK
IAN_2024_01,IAN_2024_01_001483,38.69324,29.12289,1.0,1.0,0.26503158,13.235748,692.9017,0.9034793,0.24567953,0.094480485,0.15119904,dusuk,Agaclik,low_severity,,0.0,DUSUK
IAN_2024_01,IAN_2024_01_001484,38.69319,29.12576,1.0,1.0,0.4047863,14.390773,676.40106,1.0399982,0.3388227,0.08959829,0.2492244,orta-dusuk,Agaclik,predicted,0.3102,0.9149,COK_YUKSEK
IAN_2024_01,IAN_2024_01_001485,38.69314,29.12863,1.0,1.0,0.3519997,8.463626,621.75397,1.1476946,0.29480606,0.07998244,0.21482363,orta-dusuk,Agaclik,predicted,0.2732,0.6691,YUKSEK
IAN_2024_01,IAN_2024_01_001486,38.69309,29.13151,1.0,1.0,0.37019867,4.4278574,599.481,1.2154887,0.2907089,0.07399781,0.21671109,orta-dusuk,Agaclik,predicted,0.2624,0.5438,YUKSEK
IAN_2024_01,IAN_2024_01_001487,38.69303,29.13438,0.8954029,1.0,0.28281146,4.5601897,596.80005,1.327638,0.25325102,0.08318055,0.17007047,orta-dusuk,Agaclik,low_severity,,0.0,DUSUK
IAN_2024_01,IAN_2024_01_001488,38.69298,29.13725,0.8217564,0.7862201,0.187491,4.936167,592.9226,1.3993087,0.22312999,0.114886016,0.10824397,dusuk,Agaclik,low_severity,,0.0,DUSUK
IAN_2024_01,IAN_2024_01_001489,38.69293,29.14012,0.6836606,0.5488446,0.15071388,4.924544,588.7831,1.1494781,0.24932216,0.13996223,0.109359935,dusuk,Agaclik,low_severity,,0.0,DUSUK
IAN_2024_01,IAN_2024_01_001490,38.69288,29.143,0.64288837,0.6454427,0.13710438,6.554176,588.7432,0.8997414,0.23490502,0.13699806,0.09790696,dusuk,Agaclik,low_severity,,0.0,DUSUK
IAN_2024_01,IAN_2024_01_001493,38.69272,29.15162,0.0,0.0,0.118346706,2.4351315,579.7339,0.15569009,0.2065075,0.106662974,0.09984453,dusuk,Tarim,low_severity,,0.0,DUSUK
IAN_2024_01,IAN_2024_01_001494,38.69266,29.15449,0.0,0.0,0.12621713,2.7332213,580.15845,0.1116885,0.23551118,0.111766875,0.12374431,dusuk,Tarim,low_severity,,0.0,DUSUK
IAN_2024_01,IAN_2024_01_001495,38.69261,29.15736,0.10031367,0.044080272,0.10952969,2.9767215,573.9777,0.35455498,0.24560839,0.1618391,0.08376929,dusuk,Tarim,low_severity,,0.0,DUSUK
IAN_2024_01,IAN_2024_01_001498,38.69245,29.16598,0.18931809,0.0,0.12786348,2.7528033,548.45056,0.14750347,0.26289248,0.15766269,0.105229795,dusuk,Otlak/calilik,low_severity,,0.0,DUSUK
IAN_2024_01,IAN_2024_01_001501,38.69229,29.1746,0.41926658,0.54709756,0.1110737,4.7049813,592.3644,0.41362134,0.26678684,0.19017987,0.076606974,dusuk,Agaclik,low_severity,,0.0,DUSUK
IAN_2024_01,IAN_2024_01_001502,38.69224,29.17747,0.00092871545,0.05351075,0.18118498,2.8620713,582.47107,0.33757454,0.2328647,0.087539926,0.14532477,dusuk,Otlak/calilik,low_severity,,0.0,DUSUK
IAN_2024_01,IAN_2024_01_001503,38.69218,29.18034,0.0,0.0,0.20106414,1.817423,580.70374,0.42641592,0.28071487,0.085761055,0.19495381,dusuk,Otlak/calilik,low_severity,,0.0,DUSUK
IAN_2024_01,IAN_2024_01_001504,38.69213,29.18321,0.0062161144,0.0,0.11160681,3.3759391,587.978,0.6121311,0.25908273,0.10742989,0.15165284,dusuk,Otlak/calilik,low_severity,,0.0,DUSUK
IAN_2024_01,IAN_2024_01_001527,38.69151,29.09409,0.47341588,0.22507364,0.12926824,3.4904535,558.00934,1.6138644,0.35411623,0.21041816,0.14369807,dusuk,Otlak/calilik,low_severity,,0.0,DUSUK
IAN_2024_01,IAN_2024_01_001532,38.69125,29.10846,0.96686447,1.0,0.11527191,12.905855,686.06464,1.0116912,0.26993322,0.15962847,0.11030476,dusuk,Agaclik,low_severity,,0.0,DUSUK
IAN_2024_01,IAN_2024_01_001533,38.6912,29.11133,0.93860143,1.0,0.115487635,17.519125,628.64,0.81476414,0.2681062,0.12778798,0.14031821,dusuk,Agaclik,low_severity,,0.0,DUSUK
IAN_2024_01,IAN_2024_01_001534,38.69115,29.1142,0.8265736,0.8646816,0.12865798,5.919151,584.3426,0.6551046,0.26619667,0.13860936,0.1275873,dusuk,Agaclik,low_severity,,0.0,DUSUK
IAN_2024_01,IAN_2024_01_001535,38.6911,29.11708,1.0,1.0,0.13929391,4.801935,581.8923,0.56522864,0.23274231,0.12459335,0.10814896,dusuk,Agaclik,low_severity,,0.0,DUSUK
IAN_2024_01,IAN_2024_01_001536,38.69104,29.11995,0.95434844,1.0,0.193946,9.639646,606.817,0.5786232,0.22684231,0.098232865,0.12860945,dusuk,Agaclik,low_severity,,0.0,DUSUK
IAN_2024_01,IAN_2024_01_001537,38.69099,29.12282,0.8508396,1.0,0.13225608,16.770145,656.69684,0.689294,0.25300074,0.14783102,0.10516971,dusuk,Agaclik,low_severity,,0.0,DUSUK
IAN_2024_01,IAN_2024_01_001538,38.69094,29.12569,1.0,1.0,0.19557089,15.179433,642.8679,0.86049265,0.24932098,0.098209396,0.15111159,dusuk,Agaclik,low_severity,,0.0,DUSUK
IAN_2024_01,IAN_2024_01_001539,38.69089,29.12857,1.0,1.0,0.28927505,5.0044518,618.85187,0.90234995,0.30194923,0.094108924,0.20784031,orta-dusuk,Agaclik,predicted,0.2692,0.6044,YUKSEK
IAN_2024_01,IAN_2024_01_001540,38.69083,29.13144,1.0,1.0,0.30578536,5.7471776,596.2707,0.98714,0.29855365,0.09178299,0.20677066,orta-dusuk,Agaclik,predicted,0.2664,0.6048,YUKSEK
IAN_2024_01,IAN_2024_01_001541,38.69078,29.13431,0.9241316,1.0,0.27512217,3.2946167,582.4979,1.1223437,0.2585339,0.084248275,0.17428562,orta-dusuk,Agaclik,low_severity,,0.0,DUSUK
IAN_2024_01,IAN_2024_01_001542,38.69073,29.13718,0.81788045,0.76297075,0.25362736,3.0799456,581.3436,1.2922326,0.25725663,0.0899106,0.16734603,dusuk,Agaclik,low_severity,,0.0,DUSUK
IAN_2024_01,IAN_2024_01_001543,38.69068,29.14006,0.5013213,0.5376825,0.18536104,2.4525094,576.1706,1.1862273,0.24134599,0.11523497,0.12611102,dusuk,Otlak/calilik,low_severity,,0.0,DUSUK
IAN_2024_01,IAN_2024_01_001547,38.69047,29.15155,0.042572454,0.0,0.14487796,1.9767772,572.6894,0.3317755,0.23210572,0.10351005,0.12859567,dusuk,Tarim,low_severity,,0.0,DUSUK
IAN_2024_01,IAN_2024_01_001548,38.69041,29.15442,0.0,0.0,0.16623147,1.4385413,573.7591,0.31354406,0.2469604,0.09564189,0.15131852,dusuk,Tarim,low_severity,,0.0,DUSUK
IAN_2024_01,IAN_2024_01_001549,38.69036,29.15729,0.27705535,0.07124449,0.13257529,3.1929824,568.2014,0.45994,0.23987256,0.1395039,0.10036866,dusuk,Tarim,low_severity,,0.0,DUSUK
IAN_2024_01,IAN_2024_01_001551,38.69025,29.16304,0.36922553,0.0,0.1107758,3.9993482,555.27246,0.38661933,0.30924106,0.24444205,0.06479901,dusuk,Tarim,low_severity,,0.0,DUSUK
IAN_2024_01,IAN_2024_01_001552,38.6902,29.16591,0.2686076,0.0,0.109515324,4.557206,551.80457,0.18298428,0.2726072,0.19427902,0.07832819,dusuk,Tarim,low_severity,,0.0,DUSUK
IAN_2024_01,IAN_2024_01_001556,38.68999,29.1774,0.0082077095,0.15623967,0.15774414,3.3858616,589.64966,0.5875017,0.27180794,0.09641722,0.17539072,dusuk,Tarim,low_severity,,0.0,DUSUK
IAN_2024_01,IAN_2024_01_001557,38.68993,29.18027,0.20329718,0.17611542,0.14346735,6.9696355,593.5358,0.6426758,0.29334152,0.1176056,0.17573592,dusuk,Tarim,low_severity,,0.0,DUSUK
IAN_2024_01,IAN_2024_01_001580,38.68931,29.09116,0.5507769,0.66135514,0.115428135,6.141533,563.4666,1.2633523,0.31310746,0.19613692,0.11697054,dusuk,Agaclik,low_severity,,0.0,DUSUK
IAN_2024_01,IAN_2024_01_001581,38.68926,29.09403,0.35798317,0.59714335,0.15133919,6.171176,559.42316,1.4262689,0.35148326,0.1953955,0.15608776,dusuk,Agaclik,low_severity,,0.0,DUSUK
IAN_2024_01,IAN_2024_01_001583,38.68915,29.09977,1.0,1.0,0.14721854,4.450416,603.08826,1.6237015,0.2973047,0.14637604,0.15092865,dusuk,Agaclik,low_severity,,0.0,DUSUK
IAN_2024_01,IAN_2024_01_001584,38.6891,29.10265,1.0,1.0,0.1826615,3.6928744,614.01385,1.3790315,0.27120027,0.10702162,0.16417864,dusuk,Agaclik,low_severity,,0.0,DUSUK
IAN_2024_01,IAN_2024_01_001585,38.68905,29.10552,1.0,1.0,0.22148259,3.8656106,624.0965,1.1366835,0.2546743,0.08015835,0.17451593,dusuk,Agaclik,low_severity,,0.0,DUSUK
IAN_2024_01,IAN_2024_01_001586,38.689,29.10839,0.9125167,1.0,0.23421669,9.761488,628.24896,0.89853805,0.26574564,0.08496006,0.18078558,dusuk,Agaclik,low_severity,,0.0,DUSUK
IAN_2024_01,IAN_2024_01_001587,38.68895,29.11126,0.9783166,1.0,0.22606415,8.8264,607.47095,0.6690979,0.30188453,0.10104442,0.20084012,dusuk,Agaclik,low_severity,,0.0,DUSUK
IAN_2024_01,IAN_2024_01_001588,38.6889,29.11414,0.93591475,0.98845434,0.1842384,6.410477,575.4633,0.46153378,0.27210736,0.12108423,0.15102313,dusuk,Agaclik,low_severity,,0.0,DUSUK
IAN_2024_01,IAN_2024_01_001592,38.68869,29.12563,1.0,1.0,0.13290434,9.342204,597.9294,0.6332914,0.27849954,0.15960076,0.11889878,dusuk,Agaclik,low_severity,,0.0,DUSUK
IAN_2024_01,IAN_2024_01_001593,38.68863,29.1285,1.0,1.0,0.2148433,6.6943336,613.571,0.6605058,0.31189245,0.13958022,0.17231223,dusuk,Agaclik,low_severity,,0.0,DUSUK
IAN_2024_01,IAN_2024_01_001594,38.68858,29.13137,0.90718365,1.0,0.14303409,6.8900948,586.0283,0.77231973,0.2758876,0.15838997,0.11749764,dusuk,Agaclik,low_severity,,0.0,DUSUK
IAN_2024_01,IAN_2024_01_001595,38.68853,29.13424,0.8968944,0.95689577,0.12182798,2.831724,571.48944,0.93898225,0.2558022,0.1600931,0.095709115,dusuk,Agaclik,low_severity,,0.0,DUSUK
IAN_2024_01,IAN_2024_01_001596,38.68848,29.13712,0.2817126,0.19024321,0.13862522,2.2179317,570.1472,1.1366167,0.24049623,0.1422767,0.09821953,dusuk,Otlak/calilik,low_severity,,0.0,DUSUK
IAN_2024_01,IAN_2024_01_001597,38.68843,29.13999,0.32500938,0.023219038,0.16390269,2.3685002,565.56616,1.2719948,0.23804423,0.11720225,0.12084198,dusuk,Otlak/calilik,low_severity,,0.0,DUSUK
IAN_2024_01,IAN_2024_01_001601,38.68821,29.15148,0.2527235,0.030576164,0.11519285,3.8377662,565.85205,0.56648964,0.22263327,0.13446072,0.088172555,dusuk,Tarim,low_severity,,0.0,DUSUK
IAN_2024_01,IAN_2024_01_001602,38.68816,29.15435,0.08982033,0.0,0.12523147,2.9948034,571.10754,0.5560085,0.2171557,0.09859901,0.118556686,dusuk,Tarim,low_severity,,0.0,DUSUK
IAN_2024_01,IAN_2024_01_001604,38.68806,29.1601,0.20026346,0.0,0.10850481,4.748068,562.4794,0.7260797,0.27227688,0.19961157,0.072665304,dusuk,Tarim,low_severity,,0.0,DUSUK
IAN_2024_01,IAN_2024_01_001605,38.688,29.16297,0.18946125,0.0,0.110202685,3.8770754,559.0319,0.5349771,0.2624917,0.1895146,0.072977096,dusuk,Tarim,low_severity,,0.0,DUSUK
IAN_2024_01,IAN_2024_01_001607,38.6879,29.16872,0.12646703,0.0,0.10549177,3.1482034,573.65314,0.42334142,0.2143648,0.14982997,0.06453483,dusuk,Tarim,low_severity,,0.0,DUSUK
IAN_2024_01,IAN_2024_01_001634,38.68706,29.09109,0.19846657,0.25053835,0.22515753,3.9929492,551.63025,1.0727273,0.30043367,0.12160754,0.17882612,dusuk,Otlak/calilik,low_severity,,0.0,DUSUK
IAN_2024_01,IAN_2024_01_001635,38.68701,29.09396,0.4252048,0.41466668,0.13827166,12.398883,569.2467,1.2605269,0.29378423,0.16721852,0.12656571,dusuk,Agaclik,low_severity,,0.0,DUSUK
IAN_2024_01,IAN_2024_01_001636,38.68695,29.09684,1.0,1.0,0.14140387,6.9806247,618.2042,1.467008,0.29956982,0.173469,0.12610081,dusuk,Agaclik,low_severity,,0.0,DUSUK
IAN_2024_01,IAN_2024_01_001637,38.6869,29.09971,1.0,1.0,0.2505237,4.1919727,623.76825,1.5953864,0.2992942,0.12146574,0.17782846,dusuk,Agaclik,low_severity,,0.0,DUSUK
IAN_2024_01,IAN_2024_01_001638,38.68685,29.10258,1.0,1.0,0.25660473,4.254324,626.127,1.3455777,0.2817367,0.103748254,0.17798844,dusuk,Agaclik,low_severity,,0.0,DUSUK
IAN_2024_01,IAN_2024_01_001639,38.6868,29.10545,0.96414393,0.99196845,0.20615658,2.370018,617.68054,1.0958561,0.2718016,0.10697782,0.16482377,dusuk,Agaclik,low_severity,,0.0,DUSUK
IAN_2024_01,IAN_2024_01_001640,38.68675,29.10833,0.57645553,0.66236377,0.24570619,2.9465685,613.4432,0.84629905,0.25966093,0.08616881,0.17349212,dusuk,Agaclik,low_severity,,0.0,DUSUK
IAN_2024_01,IAN_2024_01_001641,38.6867,29.1112,0.8863894,0.708117,0.24906771,4.3650837,598.7794,0.5971126,0.28232104,0.09681082,0.18551022,dusuk,Agaclik,low_severity,,0.0,DUSUK
IAN_2024_01,IAN_2024_01_001642,38.68664,29.11407,0.9337607,0.9655432,0.20254777,6.771535,577.0222,0.34909147,0.29876852,0.13232157,0.16644695,dusuk,Agaclik,low_severity,,0.0,DUSUK
IAN_2024_01,IAN_2024_01_001643,38.68659,29.11694,0.16605037,0.09699206,0.100927025,4.3371205,559.38116,0.11039133,0.22175361,0.13269287,0.08906074,dusuk,Otlak/calilik,low_severity,,0.0,DUSUK
IAN_2024_01,IAN_2024_01_001651,38.68617,29.13992,0.5027984,0.0,0.112208314,2.3172104,559.2739,1.2546474,0.2599896,0.16054282,0.09944677,dusuk,Otlak/calilik,low_severity,,0.0,DUSUK
IAN_2024_01,IAN_2024_01_001654,38.68602,29.14854,0.3866264,0.32122254,0.1185435,5.0231857,544.9506,0.8907924,0.2674238,0.18459511,0.0828287,dusuk,Tarim,low_severity,,0.0,DUSUK
IAN_2024_01,IAN_2024_01_001658,38.6858,29.16003,0.10690517,0.0,0.10379876,5.6460257,549.32214,0.8882104,0.23236728,0.15604682,0.076320454,dusuk,Tarim,low_severity,,0.0,DUSUK
IAN_2024_01,IAN_2024_01_001659,38.68575,29.1629,0.2965277,0.0,0.14501572,3.8073769,545.1968,0.74022055,0.27675322,0.17535833,0.10139489,dusuk,Tarim,low_severity,,0.0,DUSUK
IAN_2024_01,IAN_2024_01_001688,38.68481,29.09102,0.085619174,4.2458058e-05,0.19045559,3.877765,545.39294,0.9112787,0.30457103,0.13656664,0.1680044,dusuk,Otlak/calilik,low_severity,,0.0,DUSUK
IAN_2024_01,IAN_2024_01_001705,38.68392,29.13986,0.060682427,0.0,0.12285116,3.1991272,546.8183,1.2025691,0.22141889,0.11793086,0.10348803,dusuk,Tarim,low_severity,,0.0,DUSUK
IAN_2024_01,IAN_2024_01_001706,38.68387,29.14273,0.055063438,0.0,0.13693096,2.5090587,542.34265,1.379448,0.22205174,0.1098667,0.11218504,dusuk,Tarim,low_severity,,0.0,DUSUK
IAN_2024_01,IAN_2024_01_001707,38.68382,29.1456,0.3484797,0.10482907,0.13048242,2.7266984,537.32495,1.2313049,0.25293833,0.16523671,0.08770162,dusuk,Tarim,low_severity,,0.0,DUSUK
IAN_2024_01,IAN_2024_01_001708,38.68376,29.14847,0.017692616,0.056603227,0.17965972,1.3809596,534.0603,1.1199762,0.25636235,0.12544504,0.13091731,dusuk,Tarim,low_severity,,0.0,DUSUK
IAN_2024_01,IAN_2024_01_001709,38.68371,29.15135,0.34212044,0.32295924,0.121212795,5.137493,546.1561,1.0571574,0.27375007,0.19128601,0.082464054,dusuk,Tarim,low_severity,,0.0,DUSUK
IAN_2024_01,IAN_2024_01_001710,38.68366,29.15422,0.21556892,0.18975376,0.13369176,3.1001594,562.577,1.0515782,0.28655028,0.17363882,0.11291146,dusuk,Tarim,low_severity,,0.0,DUSUK
IAN_2024_01,IAN_2024_01_001711,38.68361,29.15709,0.42170826,0.50494546,0.13420177,5.6440125,545.36743,1.1041067,0.30311164,0.21255775,0.090553895,dusuk,Tarim,low_severity,,0.0,DUSUK
IAN_2024_01,IAN_2024_01_001712,38.68355,29.15996,0.0,0.0,0.11985918,0.9473431,536.48486,1.0842711,0.23727737,0.13260454,0.104672834,dusuk,Tarim,low_severity,,0.0,DUSUK
IAN_2024_01,IAN_2024_01_001713,38.6835,29.16283,0.15859221,0.0,0.15765065,0.9555119,537.43555,0.9667742,0.29365718,0.1598993,0.13375789,dusuk,Tarim,low_severity,,0.0,DUSUK
IAN_2024_01,IAN_2024_01_001714,38.68345,29.16571,0.0,0.0,0.16223219,2.241318,543.16425,0.904799,0.21514815,0.1022293,0.112918854,dusuk,Tarim,low_severity,,0.0,DUSUK
IAN_2024_01,IAN_2024_01_001716,38.68334,29.17145,0.19723275,0.008623951,0.13358667,3.003897,557.0093,0.98065215,0.2360774,0.14016417,0.09591323,dusuk,Otlak/calilik,low_severity,,0.0,DUSUK
IAN_2024_01,IAN_2024_01_001738,38.68276,29.07947,0.43165636,0.5224697,0.10050468,6.654441,569.65796,0.36383647,0.253225,0.16041191,0.09281309,dusuk,Agaclik,low_severity,,0.0,DUSUK
IAN_2024_01,IAN_2024_01_001742,38.68255,29.09096,0.22120714,0.10189357,0.17204635,6.4245524,543.7219,0.78759456,0.29859644,0.14003325,0.1585632,dusuk,Tarim,low_severity,,0.0,DUSUK
IAN_2024_01,IAN_2024_01_001750,38.68214,29.11394,0.2585366,0.0,0.10552395,7.424041,535.0156,0.5608633,0.2579416,0.14566001,0.11228159,dusuk,Tarim,low_severity,,0.0,DUSUK
IAN_2024_01,IAN_2024_01_001751,38.68209,29.11681,0.0,0.0,0.12780347,2.2130713,528.92554,0.45264676,0.21246514,0.11591833,0.09654681,dusuk,Tarim,low_severity,,0.0,DUSUK
IAN_2024_01,IAN_2024_01_001752,38.68204,29.11968,0.062901184,0.011076831,0.10668886,3.7139733,530.0567,0.4692659,0.23370846,0.14668599,0.08702247,dusuk,Tarim,low_severity,,0.0,DUSUK
IAN_2024_01,IAN_2024_01_001756,38.68183,29.13117,0.11881421,0.1775636,0.11761382,5.423339,550.711,0.46105883,0.22715205,0.111225694,0.115926355,dusuk,Tarim,low_severity,,0.0,DUSUK
IAN_2024_01,IAN_2024_01_001757,38.68178,29.13404,0.33847567,0.028651029,0.10175566,3.459532,540.0125,0.70553887,0.23992981,0.15223438,0.087695435,dusuk,Tarim,low_severity,,0.0,DUSUK
IAN_2024_01,IAN_2024_01_001758,38.68172,29.13692,0.29537407,0.0,0.14869031,3.3214726,538.28046,0.9528877,0.2638523,0.13722692,0.12662537,dusuk,Tarim,low_severity,,0.0,DUSUK
IAN_2024_01,IAN_2024_01_001759,38.68167,29.13979,0.0,0.0,0.18610524,1.8390452,536.7027,1.2013346,0.23555726,0.079852484,0.15570477,dusuk,Tarim,low_severity,,0.0,DUSUK
IAN_2024_01,IAN_2024_01_001760,38.68162,29.14266,0.0,0.0,0.17722917,1.6621705,535.2277,1.4503154,0.20915698,0.09802897,0.111128,dusuk,Tarim,low_severity,,0.0,DUSUK
IAN_2024_01,IAN_2024_01_001765,38.68135,29.15702,0.6356231,0.7290641,0.10376856,8.294622,557.1423,1.3434608,0.3094473,0.22871824,0.08072905,dusuk,Agaclik,low_severity,,0.0,DUSUK
IAN_2024_01,IAN_2024_01_001766,38.6813,29.15989,0.0,0.0,0.1637485,1.6220547,537.1195,1.298988,0.28805715,0.15203524,0.13602191,dusuk,Tarim,low_severity,,0.0,DUSUK
IAN_2024_01,IAN_2024_01_001767,38.68125,29.16277,0.1442656,0.0,0.15540175,1.3480746,537.12366,1.2026547,0.29055074,0.17156269,0.11898805,dusuk,Tarim,low_severity,,0.0,DUSUK
IAN_2024_01,IAN_2024_01_001768,38.6812,29.16564,0.0,0.0,0.13607353,2.9230444,545.83,1.1534241,0.21754304,0.09700282,0.12054022,dusuk,Tarim,low_severity,,0.0,DUSUK
IAN_2024_01,IAN_2024_01_001772,38.68098,29.17713,0.23557441,0.24779806,0.113207474,6.325417,573.9538,1.2365043,0.22410601,0.14174286,0.08236316,dusuk,Otlak/calilik,low_severity,,0.0,DUSUK
IAN_2024_01,IAN_2024_01_001793,38.68046,29.08228,0.0,0.0,0.11978648,2.4960318,550.629,0.015689854,0.21361348,0.096538484,0.117074996,dusuk,Tarim,low_severity,,0.0,DUSUK
IAN_2024_01,IAN_2024_01_001795,38.68035,29.08802,0.0045857225,0.020040788,0.15073495,2.342578,540.14594,0.43416342,0.22943485,0.09951703,0.12991782,dusuk,Tarim,low_severity,,0.0,DUSUK
IAN_2024_01,IAN_2024_01_001796,38.6803,29.09089,0.49455687,0.47424123,0.11401083,8.793565,548.6156,0.6401857,0.30231073,0.1977148,0.10459593,dusuk,Tarim,low_severity,,0.0,DUSUK
IAN_2024_01,IAN_2024_01_001809,38.67963,29.12823,0.0,0.0,0.11420865,4.6130724,543.4903,0.41760966,0.22821593,0.11784184,0.11037409,dusuk,Tarim,low_severity,,0.0,DUSUK
IAN_2024_01,IAN_2024_01_001821,38.679,29.1627,0.09682487,0.0,0.12938902,2.919045,545.2746,1.4432963,0.2527909,0.1357916,0.1169993,dusuk,Tarim,low_severity,,0.0,DUSUK
IAN_2024_01,IAN_2024_01_001849,38.6781,29.08796,0.0,0.0,0.19639273,2.5084918,536.7511,0.30895716,0.2967418,0.11591723,0.18082458,dusuk,Tarim,low_severity,,0.0,DUSUK
IAN_2024_01,IAN_2024_01_001869,38.67706,29.1454,0.07278915,0.0,0.119494796,1.2632226,531.41125,1.8049071,0.23911329,0.13791077,0.10120252,dusuk,Tarim,low_severity,,0.0,DUSUK
IAN_2024_01,IAN_2024_01_001870,38.67701,29.14827,0.0,0.0,0.19558188,2.009552,537.85956,1.8403406,0.27142695,0.09658022,0.17484672,dusuk,Tarim,low_severity,,0.0,DUSUK
IAN_2024_01,IAN_2024_01_001873,38.67685,29.15689,0.69422287,0.7420043,0.11805091,8.878425,568.32153,1.8307261,0.30582684,0.21241489,0.09341195,dusuk,Agaclik,low_severity,,0.0,DUSUK
IAN_2024_01,IAN_2024_01_001876,38.67669,29.1655,0.2631127,0.036974423,0.11652389,2.6431737,557.6719,1.5455308,0.24930704,0.14080113,0.108505905,dusuk,Otlak/calilik,low_severity,,0.0,DUSUK
IAN_2024_01,IAN_2024_01_001903,38.67585,29.08789,0.026578328,0.0,0.14972377,2.7431593,532.0718,0.09805074,0.26765376,0.10949749,0.15815628,dusuk,Tarim,low_severity,,0.0,DUSUK
IAN_2024_01,IAN_2024_01_001916,38.67518,29.12523,0.57770944,0.66792667,0.10141733,7.4397497,538.5439,0.8707772,0.39646137,0.30276635,0.093695015,dusuk,Agaclik,low_severity,,0.0,DUSUK
IAN_2024_01,IAN_2024_01_001919,38.67502,29.13384,0.031223098,0.022500018,0.17239617,0.66545075,529.20667,1.113051,0.34277284,0.1884264,0.15434644,dusuk,Tarim,low_severity,,0.0,DUSUK
IAN_2024_01,IAN_2024_01_001920,38.67497,29.13672,0.006705893,0.0038523688,0.18625371,0.68560547,530.3589,1.2841699,0.32066518,0.1586991,0.16196609,dusuk,Tarim,low_severity,,0.0,DUSUK
IAN_2024_01,IAN_2024_01_001921,38.67492,29.13959,0.0,0.0,0.16245246,0.60175616,532.01483,1.4508624,0.293885,0.14644307,0.14744192,dusuk,Tarim,low_severity,,0.0,DUSUK
IAN_2024_01,IAN_2024_01_001922,38.67486,29.14246,0.0,0.0,0.19645652,0.80278516,532.35913,1.5931877,0.26990736,0.09302687,0.17688048,dusuk,Tarim,low_severity,,0.0,DUSUK
IAN_2024_01,IAN_2024_01_001923,38.67481,29.14533,0.022353632,0.0,0.21698521,2.9965448,536.215,1.6967402,0.3126437,0.114223555,0.19842015,dusuk,Tarim,low_severity,,0.0,DUSUK
IAN_2024_01,IAN_2024_01_001924,38.67476,29.1482,0.051159803,0.0,0.116292104,3.5198529,544.7549,1.6134155,0.23790377,0.130974,0.10692978,dusuk,Tarim,low_severity,,0.0,DUSUK
IAN_2024_01,IAN_2024_01_001925,38.67471,29.15108,0.103251524,0.15350986,0.13463748,5.461603,554.61285,1.5659796,0.260055,0.12612072,0.13393429,dusuk,Otlak/calilik,low_severity,,0.0,DUSUK
IAN_2024_01,IAN_2024_01_001930,38.67444,29.16544,0.22644746,0.0,0.11896171,8.198966,574.0401,1.3909396,0.2896496,0.1661439,0.12350571,dusuk,Otlak/calilik,low_severity,,0.0,DUSUK
IAN_2024_01,IAN_2024_01_001954,38.67375,29.07921,0.010407563,0.0,0.10506479,1.952511,539.5006,0.30068702,0.234223,0.13371831,0.10050468,dusuk,Tarim,low_severity,,0.0,DUSUK
IAN_2024_01,IAN_2024_01_001955,38.6737,29.08208,0.014831682,0.0,0.11615538,3.2439787,537.6526,0.22196257,0.21462166,0.10351708,0.111104585,dusuk,Tarim,low_severity,,0.0,DUSUK
IAN_2024_01,IAN_2024_01_001956,38.67365,29.08495,0.09668066,0.0,0.13838345,2.389744,529.9021,0.10925877,0.24418837,0.11921527,0.124973096,dusuk,Tarim,low_severity,,0.0,DUSUK
IAN_2024_01,IAN_2024_01_001957,38.6736,29.08783,0.22449748,0.0,0.11428026,3.7744446,532.33575,0.1463703,0.28705263,0.17216171,0.11489092,dusuk,Tarim,low_severity,,0.0,DUSUK
IAN_2024_01,IAN_2024_01_001966,38.67314,29.11367,0.22171408,0.13194536,0.18981048,1.1039743,523.2348,0.6078839,0.3143682,0.16288242,0.15148577,dusuk,Tarim,low_severity,,0.0,DUSUK
IAN_2024_01,IAN_2024_01_001967,38.67308,29.11655,0.11658028,0.0,0.11820855,1.539215,527.9758,0.72090834,0.23917326,0.12786058,0.11131269,dusuk,Tarim,low_severity,,0.0,DUSUK
IAN_2024_01,IAN_2024_01_001973,38.67277,29.13378,0.13752367,0.093240246,0.13668078,2.7499638,536.3342,1.0259017,0.26538622,0.12078501,0.14460121,dusuk,Tarim,low_severity,,0.0,DUSUK
IAN_2024_01,IAN_2024_01_001974,38.67272,29.13665,0.061620418,0.015964245,0.17882925,1.4556812,534.3955,1.1116291,0.22921601,0.08014908,0.14906693,dusuk,Tarim,low_severity,,0.0,DUSUK
IAN_2024_01,IAN_2024_01_001975,38.67267,29.13952,0.0,0.0,0.20408827,0.67423415,534.33954,1.2425637,0.28495425,0.09607492,0.18887934,dusuk,Tarim,low_severity,,0.0,DUSUK
IAN_2024_01,IAN_2024_01_001976,38.67261,29.14239,0.14929101,0.09808074,0.14159572,5.4190836,540.393,1.4061329,0.26161143,0.12940991,0.13220152,dusuk,Tarim,low_severity,,0.0,DUSUK
IAN_2024_01,IAN_2024_01_001997,38.67149,29.2027,0.0,0.0,0.13559434,1.1334634,640.42084,0.73581904,0.23024222,0.10397816,0.12626407,dusuk,Otlak/calilik,low_severity,,0.0,DUSUK
IAN_2024_01,IAN_2024_01_001999,38.67196,29.0533,0.0,0.0,0.14356926,23.50508,530.89307,1.4109927,0.20115426,0.11825408,0.08290018,dusuk,Tarim,low_severity,,0.0,DUSUK
IAN_2024_01,IAN_2024_01_002010,38.6714,29.08489,0.14947073,0.0,0.13141665,4.3630447,530.9448,0.14687575,0.32005468,0.21592113,0.10413355,dusuk,Tarim,low_severity,,0.0,DUSUK
IAN_2024_01,IAN_2024_01_002011,38.67135,29.08776,0.12619771,0.0,0.13410062,2.5849493,525.22656,0.14864765,0.30309415,0.18749607,0.11559808,dusuk,Tarim,low_severity,,0.0,DUSUK
IAN_2024_01,IAN_2024_01_002020,38.67088,29.11361,0.0028234362,0.010537492,0.12437679,1.6596088,525.3216,0.37550518,0.2768521,0.15781087,0.119041234,dusuk,Tarim,low_severity,,0.0,DUSUK
IAN_2024_01,IAN_2024_01_002022,38.67078,29.11935,0.15207037,0.08487608,0.12072639,5.6134124,542.893,0.75257975,0.26217538,0.1295464,0.13262898,dusuk,Tarim,low_severity,,0.0,DUSUK
IAN_2024_01,IAN_2024_01_002029,38.67041,29.13945,0.09444352,0.0,0.19677791,1.2610244,537.2666,1.0525814,0.3054309,0.11897606,0.18645483,dusuk,Tarim,low_severity,,0.0,DUSUK
IAN_2024_01,IAN_2024_01_002030,38.67036,29.14233,0.27948925,0.20979364,0.13822198,8.86856,549.5447,1.2414398,0.3139143,0.18247741,0.13143688,dusuk,Tarim,low_severity,,0.0,DUSUK
IAN_2024_01,IAN_2024_01_002050,38.66929,29.19976,0.0,0.0,0.15098254,1.1487873,636.20435,0.8522472,0.25647545,0.11535855,0.1411169,dusuk,Otlak/calilik,low_severity,,0.0,DUSUK
IAN_2024_01,IAN_2024_01_002053,38.66971,29.05323,0.0,0.0,0.12634754,25.049759,520.10077,1.1612197,0.21531068,0.16121899,0.054091692,dusuk,Tarim,low_severity,,0.0,DUSUK
IAN_2024_01,IAN_2024_01_002062,38.66925,29.07908,0.0,0.0,0.10043043,3.8248045,529.1076,0.6936126,0.23336166,0.1426554,0.09070626,dusuk,Otlak/calilik,low_severity,,0.0,DUSUK
IAN_2024_01,IAN_2024_01_002073,38.66868,29.11067,0.015189549,0.0,0.14175844,1.6085231,524.3075,0.11090279,0.2761283,0.12997645,0.14615184,dusuk,Tarim,low_severity,,0.0,DUSUK
IAN_2024_01,IAN_2024_01_002081,38.66827,29.13364,0.21370421,0.108171105,0.10159738,2.2364826,551.3371,0.55263025,0.24372917,0.12143335,0.12229583,dusuk,Tarim,low_severity,,0.0,DUSUK
IAN_2024_01,IAN_2024_01_002083,38.66816,29.13939,0.20336162,0.060913846,0.16814372,2.195703,541.1834,0.8926873,0.29566687,0.14576092,0.14990595,dusuk,Tarim,low_severity,,0.0,DUSUK
IAN_2024_01,IAN_2024_01_002084,38.66811,29.14226,0.1271085,0.10588441,0.14860524,3.9397361,542.90063,1.1091149,0.29029542,0.16568848,0.12460694,dusuk,Tarim,low_severity,,0.0,DUSUK
IAN_2024_01,IAN_2024_01_002104,38.66704,29.19969,0.0,0.0,0.1283796,0.9107449,636.29694,0.9348327,0.21532142,0.09769072,0.117630705,dusuk,Otlak/calilik,low_severity,,0.0,DUSUK
IAN_2024_01,IAN_2024_01_002107,38.66746,29.05317,0.0,0.0,0.15816239,26.0132,513.7158,0.9115712,0.24955986,0.18684842,0.06271145,dusuk,Tarim,low_severity,,0.0,DUSUK
IAN_2024_01,IAN_2024_01_002108,38.66741,29.05604,0.0,0.0,0.17409405,1.7423645,516.15283,0.93069595,0.28093034,0.14334424,0.1375861,dusuk,Tarim,low_severity,,0.0,DUSUK
IAN_2024_01,IAN_2024_01_002109,38.66735,29.05891,0.0,0.0,0.17334355,2.4719985,515.53253,0.9628854,0.22442244,0.11867003,0.10575241,dusuk,Tarim,low_severity,,0.0,DUSUK
IAN_2024_01,IAN_2024_01_002114,38.6671,29.07327,0.14025134,0.059838023,0.10813002,4.02891,518.35187,0.7919953,0.25294593,0.1803646,0.072581336,dusuk,Otlak/calilik,low_severity,,0.0,DUSUK
IAN_2024_01,IAN_2024_01_002116,38.667,29.07901,0.0,0.0,0.1185115,1.6849264,517.87335,0.51310533,0.22794785,0.14924914,0.07869871,dusuk,Tarim,low_severity,,0.0,DUSUK
IAN_2024_01,IAN_2024_01_002117,38.66695,29.08189,0.0,0.0,0.21178895,0.8773358,517.5013,0.40476218,0.30800214,0.123210505,0.18479164,dusuk,Tarim,low_severity,,0.0,DUSUK
IAN_2024_01,IAN_2024_01_002118,38.6669,29.08476,0.0,0.0,0.17847097,0.6062658,517.5042,0.1555389,0.27646467,0.13007262,0.14639205,dusuk,Tarim,low_severity,,0.0,DUSUK
IAN_2024_01,IAN_2024_01_002119,38.66685,29.08763,0.0,0.0,0.16301593,0.58487475,516.643,0.097735785,0.29018784,0.15056984,0.139618,dusuk,Tarim,low_severity,,0.0,DUSUK
IAN_2024_01,IAN_2024_01_002121,38.66674,29.09337,0.06368836,0.0,0.10211721,0.24731413,516.6843,0.5960471,0.27142224,0.17064638,0.10077585,dusuk,Tarim,low_severity,,0.0,DUSUK
IAN_2024_01,IAN_2024_01_002122,38.66669,29.09624,0.3354487,0.3149509,0.11292446,0.42565683,517.1981,0.5313614,0.33884013,0.26907378,0.06976634,dusuk,Tarim,low_severity,,0.0,DUSUK
IAN_2024_01,IAN_2024_01_002127,38.66643,29.1106,0.0,0.007970587,0.11409506,5.628728,534.1773,0.10579052,0.2517455,0.10300057,0.14874493,dusuk,Tarim,low_severity,,0.0,DUSUK
IAN_2024_01,IAN_2024_01_002128,38.66638,29.11347,0.37471986,0.3640324,0.13436002,8.415369,551.1793,0.24283095,0.28340235,0.1523838,0.13101855,dusuk,Agaclik,low_severity,,0.0,DUSUK
IAN_2024_01,IAN_2024_01_002135,38.66602,29.13358,0.42960462,0.46325922,0.102758035,3.385024,558.966,0.3454898,0.24831372,0.12860891,0.11970481,dusuk,Tarim,low_severity,,0.0,DUSUK
IAN_2024_01,IAN_2024_01_002136,38.66596,29.13645,0.034546774,0.017809588,0.14866905,2.037912,552.19574,0.5500986,0.24598518,0.10914383,0.13684136,dusuk,Tarim,low_severity,,0.0,DUSUK
IAN_2024_01,IAN_2024_01_002137,38.66591,29.13932,0.12105972,0.0039852937,0.101572126,2.3798344,545.0987,0.7815713,0.2295922,0.14000809,0.08958411,dusuk,Tarim,low_severity,,0.0,DUSUK
IAN_2024_01,IAN_2024_01_002138,38.66586,29.14219,0.0505857,0.060913846,0.12546194,1.4908303,541.67596,1.0218116,0.29942322,0.19905148,0.10037173,dusuk,Tarim,low_severity,,0.0,DUSUK
IAN_2024_01,IAN_2024_01_002154,38.66501,29.18814,0.0,0.0,0.12618844,1.6156124,647.4246,0.5406478,0.2155658,0.101158276,0.114407524,dusuk,Otlak/calilik,low_severity,,0.0,DUSUK
IAN_2024_01,IAN_2024_01_002157,38.66485,29.19675,0.0,0.0,0.104633644,1.881312,630.4865,0.88963854,0.21368791,0.10205521,0.111632705,dusuk,Otlak/calilik,low_severity,,0.0,DUSUK
IAN_2024_01,IAN_2024_01_002162,38.66515,29.05597,0.0,0.0,0.1683007,1.3234507,508.56534,0.6882773,0.20912401,0.09735349,0.111770526,dusuk,Tarim,low_severity,,0.0,DUSUK
IAN_2024_01,IAN_2024_01_002163,38.6651,29.05885,0.0,0.0,0.18337007,0.92120576,508.1403,0.7213261,0.2240682,0.101634234,0.12243396,dusuk,Tarim,low_severity,,0.0,DUSUK
IAN_2024_01,IAN_2024_01_002164,38.66505,29.06172,0.0,0.0,0.15449356,1.8645858,509.7537,0.8307201,0.2541926,0.13723588,0.11695671,dusuk,Tarim,low_severity,,0.0,DUSUK
IAN_2024_01,IAN_2024_01_002165,38.665,29.06459,0.010950231,0.004273384,0.15831499,5.2758627,515.3514,0.99241143,0.28331363,0.15527835,0.12803528,dusuk,Tarim,low_severity,,0.0,DUSUK
IAN_2024_01,IAN_2024_01_002166,38.66495,29.06746,0.4152631,0.12889916,0.114216134,5.487584,519.4979,1.093994,0.3186229,0.23935378,0.07926911,dusuk,Otlak/calilik,low_severity,,0.0,DUSUK
IAN_2024_01,IAN_2024_01_002171,38.6647,29.08182,0.0007468135,0.0,0.1748985,0.6579577,514.52026,0.26553637,0.29698932,0.1470865,0.14990282,dusuk,Tarim,low_severity,,0.0,DUSUK
IAN_2024_01,IAN_2024_01_002172,38.66465,29.08469,0.0,0.0,0.19074887,0.54337025,514.8937,0.30452216,0.27275625,0.10597645,0.1667798,dusuk,Tarim,low_severity,,0.0,DUSUK
IAN_2024_01,IAN_2024_01_002173,38.66459,29.08756,0.0,0.0,0.17393608,0.27284408,515.43524,0.28622782,0.28468168,0.104320616,0.18036106,dusuk,Tarim,low_severity,,0.0,DUSUK
IAN_2024_01,IAN_2024_01_002174,38.66454,29.09044,0.0,0.0,0.16907737,0.15444732,516.01544,0.43178555,0.25902787,0.112145595,0.14688227,dusuk,Tarim,low_severity,,0.0,DUSUK
IAN_2024_01,IAN_2024_01_002180,38.66423,29.10766,0.07630783,0.053873915,0.13565233,6.811524,541.2428,0.18547729,0.2832473,0.12835246,0.15489483,dusuk,Tarim,low_severity,,0.0,DUSUK
IAN_2024_01,IAN_2024_01_002190,38.66371,29.13638,0.40933672,0.41331273,0.12536603,3.1772587,562.53876,0.49149922,0.27728465,0.15829976,0.11898489,dusuk,Agaclik,low_severity,,0.0,DUSUK
IAN_2024_01,IAN_2024_01_002193,38.66355,29.145,0.09487595,0.0,0.117801264,4.8005137,552.00073,0.7426052,0.25011724,0.13599566,0.114121586,dusuk,Tarim,low_severity,,0.0,DUSUK
IAN_2024_01,IAN_2024_01_002208,38.66276,29.18807,0.0,0.0,0.117581315,2.2782614,640.3827,0.739886,0.22083116,0.10469481,0.11613634,dusuk,Otlak/calilik,low_severity,,0.0,DUSUK
IAN_2024_01,IAN_2024_01_002209,38.6627,29.19094,0.0,0.0,0.11823066,3.713752,633.6384,0.8346446,0.20038305,0.11314253,0.087240525,dusuk,Otlak/calilik,low_severity,,0.0,DUSUK
IAN_2024_01,IAN_2024_01_002212,38.66254,29.19955,0.0,0.0,0.10372171,2.9118764,631.85297,1.2426126,0.24541163,0.114764705,0.13064693,dusuk,Otlak/calilik,low_severity,,0.0,DUSUK
IAN_2024_01,IAN_2024_01_002218,38.6628,29.06165,0.3063534,0.20274276,0.12627804,0.78413683,508.7357,0.6389515,0.2696432,0.22670008,0.042943105,dusuk,Tarim,low_severity,,0.0,DUSUK
IAN_2024_01,IAN_2024_01_002219,38.66275,29.06453,0.40172967,0.46296063,0.14383256,3.4135118,514.1004,0.8384769,0.3684271,0.25885886,0.10956824,dusuk,Otlak/calilik,low_severity,,0.0,DUSUK
IAN_2024_01,IAN_2024_01_002221,38.66265,29.07027,0.15465243,0.21650717,0.13694187,3.465898,514.45984,0.79812574,0.37317818,0.2655791,0.10759908,dusuk,Otlak/calilik,low_severity,,0.0,DUSUK
IAN_2024_01,IAN_2024_01_002224,38.6625,29.07888,0.47208577,0.06608392,0.10211711,1.4836167,513.6508,0.087293975,0.33756652,0.26914638,0.06842014,dusuk,Tarim,low_severity,,0.0,DUSUK
IAN_2024_01,IAN_2024_01_002227,38.66234,29.0875,0.14077003,0.0,0.119258136,1.7049388,516.2896,0.19409005,0.26303953,0.15861712,0.104422405,dusuk,Tarim,low_severity,,0.0,DUSUK
IAN_2024_01,IAN_2024_01_002228,38.66229,29.09037,0.2621154,0.0,0.10950951,4.1000853,521.0845,0.2542332,0.2931245,0.1997174,0.093407094,dusuk,Tarim,low_severity,,0.0,DUSUK
IAN_2024_01,IAN_2024_01_002232,38.66209,29.10186,0.0,0.0,0.20409644,4.5778193,532.31006,0.13605657,0.2963664,0.08836305,0.20800334,dusuk,Tarim,low_severity,,0.0,DUSUK
IAN_2024_01,IAN_2024_01_002233,38.66203,29.10473,0.28415856,0.060913846,0.1224678,9.106172,555.08795,0.33046234,0.29444015,0.16172183,0.13271832,dusuk,Tarim,low_severity,,0.0,DUSUK
IAN_2024_01,IAN_2024_01_002234,38.66198,29.1076,0.025368234,0.049670964,0.14312977,6.48243,549.5806,0.39341158,0.26936135,0.11700907,0.15235227,dusuk,Otlak/calilik,low_severity,,0.0,DUSUK
IAN_2024_01,IAN_2024_01_002262,38.66051,29.188,0.0,0.0,0.1015645,2.4476714,630.8282,0.87595505,0.25827444,0.12492104,0.1333534,dusuk,Otlak/calilik,low_severity,,0.0,DUSUK
IAN_2024_01,IAN_2024_01_002265,38.66034,29.19661,0.0,0.0,0.12233024,1.9202664,624.9317,1.2933005,0.28744444,0.12462782,0.16281661,dusuk,Otlak/calilik,low_severity,,0.0,DUSUK
IAN_2024_01,IAN_2024_01_002266,38.66029,29.19948,0.0,0.0,0.11376356,2.301514,630.23615,1.4375927,0.27587694,0.11584307,0.16003387,dusuk,Otlak/calilik,low_severity,,0.0,DUSUK
IAN_2024_01,IAN_2024_01_002267,38.66024,29.20236,0.0,0.0,0.10451423,5.7548313,627.5739,1.5958431,0.24860421,0.10923295,0.13937126,dusuk,Otlak/calilik,low_severity,,0.0,DUSUK
IAN_2024_01,IAN_2024_01_002269,38.6607,29.05297,0.24650116,0.43066338,0.28096992,27.063173,506.40634,0.16898027,0.30625963,0.11240081,0.19385883,orta-dusuk,Tarim,low_severity,,0.0,DUSUK
IAN_2024_01,IAN_2024_01_002270,38.66065,29.05585,0.37455696,0.49914557,0.30986598,0.6172064,506.7749,0.19014591,0.35274154,0.124679066,0.22806248,orta-dusuk,Tarim,predicted,0.2051,0.3882,ORTA
IAN_2024_01,IAN_2024_01_002271,38.6606,29.05872,0.25911662,0.18038568,0.21539354,1.1637082,508.42587,0.28572303,0.27345616,0.13054653,0.14290963,dusuk,Tarim,low_severity,,0.0,DUSUK
IAN_2024_01,IAN_2024_01_002272,38.66055,29.06159,0.03273805,0.076005995,0.21613747,3.1449277,513.34265,0.50142014,0.24417657,0.11244114,0.13173543,dusuk,Otlak/calilik,low_severity,,0.0,DUSUK
IAN_2024_01,IAN_2024_01_002273,38.6605,29.06446,0.116589464,0.0,0.19721231,7.745045,535.71545,0.73905796,0.25371853,0.13445166,0.11926687,dusuk,Otlak/calilik,low_severity,,0.0,DUSUK
IAN_2024_01,IAN_2024_01_002274,38.66045,29.06733,0.27717063,0.0,0.18923366,7.794041,551.2599,0.9828485,0.30358136,0.18725613,0.11632523,dusuk,Otlak/calilik,low_severity,,0.0,DUSUK
IAN_2024_01,IAN_2024_01_002275,38.6604,29.0702,0.5139062,0.0,0.14089084,11.130317,551.3914,0.8136224,0.32870293,0.2623517,0.066351235,dusuk,Otlak/calilik,low_severity,,0.0,DUSUK
IAN_2024_01,IAN_2024_01_002276,38.66035,29.07307,0.06071552,0.0,0.13282645,5.0643,523.87634,0.57200223,0.27385187,0.15259196,0.12125991,dusuk,Tarim,low_severity,,0.0,DUSUK
IAN_2024_01,IAN_2024_01_002277,38.6603,29.07595,0.0734424,0.0,0.1052411,3.0950067,523.76465,0.34262478,0.25760177,0.16785526,0.089746505,dusuk,Tarim,low_severity,,0.0,DUSUK
IAN_2024_01,IAN_2024_01_002278,38.66024,29.07882,0.002673662,0.0,0.12326247,3.4046788,525.40405,0.18054615,0.28201413,0.18109654,0.10091759,dusuk,Tarim,low_severity,,0.0,DUSUK
IAN_2024_01,IAN_2024_01_002280,38.66014,29.08456,0.0,0.0,0.104879975,3.5820932,536.77454,0.17961536,0.20164727,0.117218114,0.08442915,dusuk,Tarim,low_severity,,0.0,DUSUK
IAN_2024_01,IAN_2024_01_002281,38.66009,29.08743,0.0,0.0,0.10807726,3.3386676,528.3362,0.24605896,0.2438413,0.14482109,0.09902021,dusuk,Tarim,low_severity,,0.0,DUSUK
IAN_2024_01,IAN_2024_01_002285,38.65989,29.09892,0.0,0.0,0.10445106,2.6089113,534.53125,0.24162842,0.21029824,0.10894774,0.1013505,dusuk,Otlak/calilik,low_severity,,0.0,DUSUK
IAN_2024_01,IAN_2024_01_002286,38.65983,29.10179,0.0,0.0,0.11696243,4.9832053,545.1608,0.3613179,0.23540136,0.10756571,0.12783566,dusuk,Otlak/calilik,low_severity,,0.0,DUSUK
IAN_2024_01,IAN_2024_01_002300,38.6591,29.14199,0.18375799,0.20687325,0.15135607,3.0047445,553.5276,0.94672817,0.282323,0.13752536,0.14479764,dusuk,Tarim,low_severity,,0.0,DUSUK
IAN_2024_01,IAN_2024_01_002301,38.65905,29.14486,0.07273379,0.0,0.12897724,0.9182725,548.053,0.703901,0.33450183,0.20646468,0.12803715,dusuk,Tarim,low_severity,,0.0,DUSUK
IAN_2024_01,IAN_2024_01_002321,38.65798,29.20229,0.0,0.0,0.10558561,8.350527,620.8076,1.5194428,0.23758146,0.14147156,0.0961099,dusuk,Otlak/calilik,low_severity,,0.0,DUSUK
IAN_2024_01,IAN_2024_01_002324,38.6584,29.05578,0.027687728,0.0,0.11966256,2.0726864,512.88446,0.024277397,0.22542582,0.13019311,0.09523271,dusuk,Tarim,low_severity,,0.0,DUSUK
IAN_2024_01,IAN_2024_01_002325,38.65835,29.05865,0.0,0.0,0.19125915,2.9862823,516.10596,0.2231609,0.20921595,0.10265567,0.10656028,dusuk,Tarim,low_severity,,0.0,DUSUK
IAN_2024_01,IAN_2024_01_002326,38.6583,29.06152,0.0,0.0,0.21321332,5.68238,523.8511,0.4685993,0.2297722,0.10659291,0.12317929,dusuk,Otlak/calilik,low_severity,,0.0,DUSUK
IAN_2024_01,IAN_2024_01_002327,38.65825,29.0644,0.0,0.0,0.18267664,6.5214496,539.0128,0.7171958,0.23697737,0.12375885,0.113218516,dusuk,Otlak/calilik,low_severity,,0.0,DUSUK
IAN_2024_01,IAN_2024_01_002328,38.6582,29.06727,0.0,0.0,0.1645169,4.4319334,553.13135,0.9665166,0.23103172,0.1256527,0.105379015,dusuk,Otlak/calilik,low_severity,,0.0,DUSUK
IAN_2024_01,IAN_2024_01_002329,38.65815,29.07014,0.009440574,0.0,0.1620927,8.212761,550.01434,0.90108716,0.24483775,0.13142268,0.11341506,dusuk,Otlak/calilik,low_severity,,0.0,DUSUK
IAN_2024_01,IAN_2024_01_002330,38.6581,29.07301,0.0,0.0,0.16848534,3.586486,528.2554,0.69077003,0.25429407,0.11832751,0.13596655,dusuk,Tarim,low_severity,,0.0,DUSUK
IAN_2024_01,IAN_2024_01_002331,38.65804,29.07588,0.0,0.0,0.17120123,2.215343,531.7043,0.49769208,0.2691052,0.11609797,0.15300722,dusuk,Tarim,low_severity,,0.0,DUSUK
IAN_2024_01,IAN_2024_01_002332,38.65799,29.07875,0.0,0.0,0.1609678,3.3228397,537.6344,0.26338658,0.28480762,0.13210928,0.15269834,dusuk,Tarim,low_severity,,0.0,DUSUK
IAN_2024_01,IAN_2024_01_002335,38.65784,29.08737,0.0,0.0,0.16520137,1.7816498,535.2601,0.075780995,0.23751289,0.10069193,0.13682096,dusuk,Tarim,low_severity,,0.0,DUSUK
IAN_2024_01,IAN_2024_01_002339,38.65763,29.09885,0.0,0.0,0.108869806,3.0417745,545.088,0.46698898,0.23523171,0.10205816,0.13317356,dusuk,Otlak/calilik,low_severity,,0.0,DUSUK
IAN_2024_01,IAN_2024_01_002340,38.65758,29.10172,0.0,0.0,0.11595033,5.624079,557.7134,0.5935802,0.25068814,0.11470415,0.13598399,dusuk,Otlak/calilik,low_severity,,0.0,DUSUK
IAN_2024_01,IAN_2024_01_002341,38.65753,29.1046,0.28873327,0.3577127,0.12202938,7.913136,574.5904,0.69120246,0.27531666,0.13075265,0.144564,dusuk,Otlak/calilik,low_severity,,0.0,DUSUK
IAN_2024_01,IAN_2024_01_002367,38.65616,29.17925,0.021729004,0.010366135,0.11345391,2.231549,648.26624,0.9451183,0.21914618,0.097149625,0.12199655,dusuk,Otlak/calilik,low_severity,,0.0,DUSUK
IAN_2024_01,IAN_2024_01_002377,38.6562,29.05285,0.01777893,0.0,0.11825812,25.45453,518.13776,0.32902852,0.2783721,0.2125105,0.06586161,dusuk,Tarim,low_severity,,0.0,DUSUK
IAN_2024_01,IAN_2024_01_002380,38.65605,29.06146,0.058297977,0.0,0.13782896,8.662499,555.1867,0.54429924,0.29351044,0.20432356,0.08918688,dusuk,Otlak/calilik,low_severity,,0.0,DUSUK
IAN_2024_01,IAN_2024_01_002381,38.656,29.06433,0.0,0.0,0.15901823,5.868617,541.3478,0.77161455,0.26536793,0.14266789,0.122700036,dusuk,Otlak/calilik,low_severity,,0.0,DUSUK
IAN_2024_01,IAN_2024_01_002382,38.65595,29.0672,0.0,0.0,0.13011298,4.216527,552.23224,0.8519912,0.2522562,0.14794877,0.10430744,dusuk,Otlak/calilik,low_severity,,0.0,DUSUK
IAN_2024_01,IAN_2024_01_002383,38.65589,29.07007,0.07725825,0.0,0.1931993,4.638084,547.5167,0.9584065,0.25883868,0.12227161,0.13656707,dusuk,Tarim,low_severity,,0.0,DUSUK
IAN_2024_01,IAN_2024_01_002384,38.65584,29.07295,0.09220473,0.0,0.13698961,3.3703215,535.3582,0.82231003,0.24153553,0.120439306,0.12109622,dusuk,Yerlesim,low_severity,,0.0,DUSUK
IAN_2024_01,IAN_2024_01_002385,38.65579,29.07582,0.0,0.0,0.12468402,2.4297042,536.6012,0.61062986,0.21788342,0.09891882,0.118964605,dusuk,Tarim,low_severity,,0.0,DUSUK
IAN_2024_01,IAN_2024_01_002389,38.65559,29.0873,0.0,0.0,0.12448299,1.7419974,541.5343,0.27557305,0.3733658,0.2455188,0.12784699,dusuk,Tarim,low_severity,,0.0,DUSUK
IAN_2024_01,IAN_2024_01_002390,38.65554,29.09017,0.0,0.0,0.1528589,1.7582623,543.9193,0.24855746,0.33951163,0.18850073,0.1510109,dusuk,Tarim,low_severity,,0.0,DUSUK
IAN_2024_01,IAN_2024_01_002391,38.65549,29.09304,0.0,0.0,0.14503555,1.5835301,547.2231,0.3359545,0.23801787,0.08462696,0.15339091,dusuk,Tarim,low_severity,,0.0,DUSUK
IAN_2024_01,IAN_2024_01_002392,38.65543,29.09592,0.0,0.0,0.1268683,1.9326626,551.8089,0.507743,0.23204754,0.09510224,0.1369453,dusuk,Otlak/calilik,low_severity,,0.0,DUSUK
IAN_2024_01,IAN_2024_01_002393,38.65538,29.09879,0.0,0.0,0.111438364,2.8600595,554.44977,0.6665453,0.24793822,0.12218863,0.12574959,dusuk,Otlak/calilik,low_severity,,0.0,DUSUK
IAN_2024_01,IAN_2024_01_002394,38.65533,29.10166,0.013711507,0.003997101,0.13937788,7.229782,569.4486,0.7981428,0.27068818,0.1246771,0.14601108,dusuk,Otlak/calilik,low_severity,,0.0,DUSUK
IAN_2024_01,IAN_2024_01_002431,38.65395,29.05278,0.15253837,0.0,0.11039831,24.083658,525.2381,0.5772148,0.29384488,0.2440659,0.049778983,dusuk,Tarim,low_severity,,0.0,DUSUK
IAN_2024_01,IAN_2024_01_002439,38.65354,29.07575,0.0,0.0,0.10098425,2.5519555,540.88995,0.76589614,0.2281447,0.13122529,0.09691942,dusuk,Tarim,low_severity,,0.0,DUSUK
IAN_2024_01,IAN_2024_01_002441,38.65344,29.08149,0.0,0.0,0.112733714,3.3141942,542.0357,0.6256121,0.27540523,0.1426099,0.13279533,dusuk,Tarim,low_severity,,0.0,DUSUK
IAN_2024_01,IAN_2024_01_002443,38.65334,29.08724,0.0,0.0,0.121235535,2.4536564,549.94543,0.5207094,0.28410065,0.16329446,0.12080619,dusuk,Tarim,low_severity,,0.0,DUSUK
IAN_2024_01,IAN_2024_01_002445,38.65323,29.09298,0.0,0.0,0.18474025,2.2173412,554.8231,0.5469175,0.27903035,0.10598877,0.17304158,dusuk,Otlak/calilik,low_severity,,0.0,DUSUK
IAN_2024_01,IAN_2024_01_002446,38.65318,29.09585,0.0,0.0,0.20010898,2.5271719,559.48334,0.68934995,0.29299417,0.09817569,0.19481848,dusuk,Otlak/calilik,low_severity,,0.0,DUSUK
IAN_2024_01,IAN_2024_01_002447,38.65313,29.09872,0.0,0.0,0.13751265,3.2477965,564.74506,0.85341793,0.24755818,0.11307306,0.13448513,dusuk,Otlak/calilik,low_severity,,0.0,DUSUK
IAN_2024_01,IAN_2024_01_002448,38.65308,29.10159,0.34393746,0.27860346,0.11847575,7.229109,585.11914,1.0197067,0.26577103,0.16138008,0.10439095,dusuk,Otlak/calilik,low_severity,,0.0,DUSUK
IAN_2024_01,IAN_2024_01_002481,38.65134,29.19634,0.110303484,0.0,0.10772291,3.9653652,607.38965,0.71550345,0.22746654,0.13917857,0.088287964,dusuk,Otlak/calilik,low_severity,,0.0,DUSUK
IAN_2024_01,IAN_2024_01_002488,38.65154,29.06133,0.0,0.0,0.12167229,1.2030139,550.56946,0.39284804,0.2467875,0.14609915,0.10068835,dusuk,Tarim,low_severity,,0.0,DUSUK
IAN_2024_01,IAN_2024_01_002492,38.65134,29.07282,0.0,0.0,0.11914643,1.9497014,551.66034,0.6862925,0.2309403,0.1214689,0.109471396,dusuk,Tarim,low_severity,,0.0,DUSUK
IAN_2024_01,IAN_2024_01_002529,38.64941,29.17904,0.2835856,0.056022752,0.11166791,5.6883492,583.9668,0.8140453,0.29522145,0.20239787,0.09282358,dusuk,Tarim,low_severity,,0.0,DUSUK
IAN_2024_01,IAN_2024_01_002530,38.64936,29.18191,0.21987234,0.060913846,0.10928013,4.1931214,588.4648,0.56478876,0.27561587,0.15801817,0.1175977,dusuk,Tarim,low_severity,,0.0,DUSUK
IAN_2024_01,IAN_2024_01_002535,38.64909,29.19627,0.0,0.0,0.14744408,3.5562453,597.12115,0.68961525,0.2643053,0.13550119,0.1288041,dusuk,Otlak/calilik,low_severity,,0.0,DUSUK
IAN_2024_01,IAN_2024_01_002536,38.64903,29.19914,0.022316428,0.0,0.17685923,3.2004557,599.0609,0.93908775,0.27847278,0.13144629,0.1470265,dusuk,Otlak/calilik,low_severity,,0.0,DUSUK
IAN_2024_01,IAN_2024_01_002537,38.64898,29.20201,0.0,0.0,0.114139944,4.598261,604.98254,1.1293098,0.24201018,0.16084728,0.0811629,dusuk,Otlak/calilik,low_severity,,0.0,DUSUK
IAN_2024_01,IAN_2024_01_002539,38.64944,29.05265,0.0,0.0,0.12974057,22.829689,532.59845,0.8545297,0.230621,0.12368074,0.106940255,dusuk,Tarim,low_severity,,0.0,DUSUK
IAN_2024_01,IAN_2024_01_002540,38.64939,29.05552,0.0,0.0,0.16285773,1.988483,534.72815,0.7422236,0.22762065,0.09410648,0.13351417,dusuk,Tarim,low_severity,,0.0,DUSUK
IAN_2024_01,IAN_2024_01_002541,38.64934,29.05839,0.0,0.0,0.124091536,3.6417048,549.0494,0.49350774,0.2075822,0.10856992,0.099012285,dusuk,Tarim,low_severity,,0.0,DUSUK
IAN_2024_01,IAN_2024_01_002545,38.64914,29.06988,0.0,0.0,0.108237095,2.575303,563.5294,0.51397085,0.20401657,0.091789655,0.11222691,dusuk,Tarim,low_severity,,0.0,DUSUK
IAN_2024_01,IAN_2024_01_002546,38.64909,29.07275,0.0,0.0,0.112469785,2.7757225,560.1727,0.54369307,0.24373561,0.124639936,0.119095676,dusuk,Tarim,low_severity,,0.0,DUSUK
IAN_2024_01,IAN_2024_01_002550,38.64889,29.08423,0.024008969,0.0,0.10789465,8.068957,567.94244,0.55355126,0.3260537,0.22792125,0.09813246,dusuk,Otlak/calilik,low_severity,,0.0,DUSUK
IAN_2024_01,IAN_2024_01_002553,38.64873,29.09285,0.28366876,0.10411346,0.12187345,5.271104,581.7302,1.0230472,0.2821434,0.18126634,0.10087708,dusuk,Tarim,low_severity,,0.0,DUSUK
IAN_2024_01,IAN_2024_01_002571,38.64779,29.14453,0.5636682,0.5014845,0.1195004,5.822,576.8392,0.69825345,0.2780995,0.15698941,0.1211101,dusuk,Agaclik,low_severity,,0.0,DUSUK
IAN_2024_01,IAN_2024_01_002573,38.64769,29.15027,0.18534738,0.0,0.12580557,4.2856913,565.02893,0.37795267,0.30778784,0.16739279,0.14039505,dusuk,Tarim,low_severity,,0.0,DUSUK
IAN_2024_01,IAN_2024_01_002581,38.64726,29.17323,0.13138653,0.0115610575,0.10196094,4.671779,577.65826,0.68013555,0.3048643,0.21180269,0.093061596,dusuk,Tarim,low_severity,,0.0,DUSUK
IAN_2024_01,IAN_2024_01_002585,38.64705,29.18472,0.2322517,0.051374838,0.122085646,4.9129753,598.34534,0.43465716,0.3185296,0.19964948,0.11888012,dusuk,Otlak/calilik,low_severity,,0.0,DUSUK
IAN_2024_01,IAN_2024_01_002590,38.64678,29.19907,0.11709901,0.0,0.1786065,6.4314466,611.4192,0.9851445,0.31774622,0.15174904,0.16599718,dusuk,Otlak/calilik,low_severity,,0.0,DUSUK
IAN_2024_01,IAN_2024_01_002591,38.64673,29.20194,0.26203832,0.0,0.17513116,8.582524,611.5171,0.8992981,0.3154142,0.16292334,0.15249085,dusuk,Otlak/calilik,low_severity,,0.0,DUSUK
IAN_2024_01,IAN_2024_01_002593,38.64719,29.05259,0.0,0.0,0.13337933,21.39781,541.0192,0.60453147,0.25795949,0.15337819,0.1045813,dusuk,Tarim,low_severity,,0.0,DUSUK
IAN_2024_01,IAN_2024_01_002594,38.64714,29.05546,0.016428541,0.0,0.16048022,2.7946873,542.49396,0.65521854,0.21529375,0.105139896,0.110153854,dusuk,Tarim,low_severity,,0.0,DUSUK
IAN_2024_01,IAN_2024_01_002605,38.64658,29.08704,0.11557775,0.0,0.10775412,4.0433874,573.5874,0.75579625,0.26645768,0.15714502,0.10931265,dusuk,Tarim,low_severity,,0.0,DUSUK
IAN_2024_01,IAN_2024_01_002606,38.64653,29.08991,0.43799803,0.0,0.100188226,4.449269,585.45557,1.0056999,0.27167976,0.17448536,0.0971944,dusuk,Otlak/calilik,low_severity,,0.0,DUSUK
IAN_2024_01,IAN_2024_01_002625,38.64554,29.14446,0.18688485,0.21084158,0.14475003,3.0913732,572.635,0.59592706,0.28649113,0.13358006,0.15291107,dusuk,Tarim,low_severity,,0.0,DUSUK
IAN_2024_01,IAN_2024_01_002627,38.64544,29.1502,0.49550083,0.46496338,0.10417677,8.828946,586.3879,0.16076681,0.27127767,0.16452035,0.10675731,dusuk,Tarim,low_severity,,0.0,DUSUK
IAN_2024_01,IAN_2024_01_002649,38.64484,29.05827,0.0,0.0,0.12246834,2.25955,551.1625,0.6151436,0.22620957,0.1289315,0.09727807,dusuk,Tarim,low_severity,,0.0,DUSUK
IAN_2024_01,IAN_2024_01_002653,38.64464,29.06975,0.078039855,0.0,0.12183948,3.6938899,584.68396,0.41571948,0.22071359,0.11836414,0.102349445,dusuk,Tarim,low_severity,,0.0,DUSUK
IAN_2024_01,IAN_2024_01_002679,38.64329,29.14439,0.0,0.0039300118,0.1924946,2.5902617,571.7862,0.5896611,0.3013798,0.11022495,0.19115485,dusuk,Tarim,low_severity,,0.0,DUSUK
IAN_2024_01,IAN_2024_01_002696,38.64239,29.19319,0.0,0.0,0.11456093,3.253681,640.36237,0.91385144,0.23049,0.12757224,0.10291776,dusuk,Otlak/calilik,low_severity,,0.0,DUSUK
IAN_2024_01,IAN_2024_01_002703,38.64259,29.0582,0.0,0.0,0.113541245,2.8357265,560.4414,0.51345783,0.21948734,0.11124535,0.10824199,dusuk,Tarim,low_severity,,0.0,DUSUK
IAN_2024_01,IAN_2024_01_002731,38.64115,29.13858,0.2085197,0.14276578,0.119943626,4.3332744,590.6721,1.137785,0.25261134,0.12330868,0.12930265,dusuk,Otlak/calilik,low_severity,,0.0,DUSUK
IAN_2024_01,IAN_2024_01_002732,38.64109,29.14145,0.0,0.0,0.16433246,1.9632756,577.9064,0.90410894,0.2830568,0.12434137,0.15871543,dusuk,Otlak/calilik,low_severity,,0.0,DUSUK
IAN_2024_01,IAN_2024_01_002733,38.64104,29.14432,0.023085086,0.037408393,0.16065001,5.7577896,578.8139,0.68210804,0.26305017,0.1037491,0.15930107,dusuk,Tarim,low_severity,,0.0,DUSUK
IAN_2024_01,IAN_2024_01_002749,38.64019,29.19025,0.13886519,0.0,0.105981,4.231412,644.5601,0.99644667,0.27752188,0.16304392,0.11447796,dusuk,Otlak/calilik,low_severity,,0.0,DUSUK
IAN_2024_01,IAN_2024_01_002750,38.64014,29.19312,0.030331742,0.0,0.11443959,4.246768,649.766,0.877264,0.25292152,0.14145836,0.11146316,dusuk,Otlak/calilik,low_severity,,0.0,DUSUK
IAN_2024_01,IAN_2024_01_002751,38.64008,29.19599,0.0,0.0,0.11543916,3.811922,656.55524,0.81931585,0.2106937,0.1167041,0.0939896,dusuk,Otlak/calilik,low_severity,,0.0,DUSUK
IAN_2024_01,IAN_2024_01_002753,38.63997,29.20174,0.0,0.0,0.12356359,4.3751945,669.6739,0.39865643,0.21749377,0.11399141,0.10350236,dusuk,Otlak/calilik,low_severity,,0.0,DUSUK
IAN_2024_01,IAN_2024_01_002786,38.63884,29.14139,0.0011059287,0.0,0.17791286,4.9130893,579.5792,1.0295553,0.30726543,0.11199375,0.19527167,dusuk,Otlak/calilik,low_severity,,0.0,DUSUK
IAN_2024_01,IAN_2024_01_002802,38.63799,29.18731,0.0018575772,0.0,0.101614386,3.721691,650.331,0.99781275,0.24528623,0.15240313,0.092883095,dusuk,Otlak/calilik,low_severity,,0.0,DUSUK
IAN_2024_01,IAN_2024_01_002803,38.63794,29.19018,0.01645661,0.0,0.12411455,4.473192,657.8016,0.8045598,0.26313126,0.13362658,0.12950468,dusuk,Otlak/calilik,low_severity,,0.0,DUSUK
IAN_2024_01,IAN_2024_01_002804,38.63788,29.19306,0.0360942,0.0,0.10835519,4.409588,656.3996,0.65115494,0.24370691,0.13610384,0.10760307,dusuk,Otlak/calilik,low_severity,,0.0,DUSUK
IAN_2024_01,IAN_2024_01_002805,38.63783,29.19593,0.0,0.0,0.1316507,5.746281,667.6297,0.5706917,0.22691783,0.102945395,0.12397244,dusuk,Otlak/calilik,low_severity,,0.0,DUSUK
IAN_2024_01,IAN_2024_01_002814,38.63793,29.06668,0.0,0.0,0.10210596,15.253611,595.9662,0.62692946,0.2553384,0.1363219,0.1190165,dusuk,Otlak/calilik,low_severity,,0.0,DUSUK
IAN_2024_01,IAN_2024_01_002839,38.63664,29.13845,0.55879796,0.33572993,0.10085622,8.238847,590.8969,1.2194269,0.27393502,0.18610363,0.08783139,dusuk,Agaclik,low_severity,,0.0,DUSUK
IAN_2024_01,IAN_2024_01_002840,38.63659,29.14132,0.0,0.103439696,0.105304465,9.901874,581.9534,1.0632516,0.23868136,0.12455699,0.11412437,dusuk,Otlak/calilik,low_severity,,0.0,DUSUK
