cell_id,hukum,ek_kosullar,toparlanma_orani,tur_onerisi,tetikleyen,ozet,ayrinti,zamanlama_notu_var
KAR_2024_01_000072,IZLE,DUSUK_GUVEN,,,prediction_status=low_severity,"İzle, müdahale etme. Yangın bu kareyi ağır yakmamış (düşük şiddet, dNBR 0,10).","Model bu rejimde tahmin üretmiyor. Kendi toparlanması bekleniyor, müdahale listesine alınmıyor. Bu bölgede referans yangınımız az — tahmin belirsizliği diğer bölgelerden yüksek, saha doğrulaması önerilir.",True
KAR_2024_01_000073,KAPSAM_DISI,,,,land_cover=Tarim,"Ağaçlandırma kapsamı dışı. Bu kare tarım alanı olarak sınıflanmış, orman rehabilitasyonu hedefi değil.",Öncelik sıralamasına dahil edilmiyor.,False
KAR_2024_01_000131,IZLE,DIK_YAMAC|DUSUK_GUVEN,,,prediction_status=low_severity,"İzle, müdahale etme. Yangın bu kareyi ağır yakmamış (düşük şiddet, dNBR 0,16).","Model bu rejimde tahmin üretmiyor. Kendi toparlanması bekleniyor, müdahale listesine alınmıyor. Eğim 39,9° ile yüksek; makineli çalışma sınırlı olabilir. Bu bölgede referans yangınımız az — tahmin belirsizliği diğer bölgelerden yüksek, saha doğrulaması önerilir.",True
KAR_2024_01_000140,KAPSAM_DISI,,,,land_cover=Tarim,"Ağaçlandırma kapsamı dışı. Bu kare tarım alanı olarak sınıflanmış, orman rehabilitasyonu hedefi değil.",Öncelik sıralamasına dahil edilmiyor.,False
KAR_2024_01_000196,IZLE,DUSUK_GUVEN,,,prediction_status=low_severity,"İzle, müdahale etme. Yangın bu kareyi ağır yakmamış (düşük şiddet, dNBR 0,10).","Model bu rejimde tahmin üretmiyor. Kendi toparlanması bekleniyor, müdahale listesine alınmıyor. Bu bölgede referans yangınımız az — tahmin belirsizliği diğer bölgelerden yüksek, saha doğrulaması önerilir.",True
KAR_2024_01_000246,IZLE,DIK_YAMAC|DUSUK_GUVEN,,,prediction_status=low_severity,"İzle, müdahale etme. Yangın bu kareyi ağır yakmamış (düşük şiddet, dNBR 0,11).","Model bu rejimde tahmin üretmiyor. Kendi toparlanması bekleniyor, müdahale listesine alınmıyor. Eğim 31,4° ile yüksek; makineli çalışma sınırlı olabilir. Bu bölgede referans yangınımız az — tahmin belirsizliği diğer bölgelerden yüksek, saha doğrulaması önerilir.",True
KAR_2024_01_000336,IZLE,DUSUK_GUVEN,,,prediction_status=low_severity,"İzle, müdahale etme. Yangın bu kareyi ağır yakmamış (düşük şiddet, dNBR 0,12).","Model bu rejimde tahmin üretmiyor. Kendi toparlanması bekleniyor, müdahale listesine alınmıyor. Bu bölgede referans yangınımız az — tahmin belirsizliği diğer bölgelerden yüksek, saha doğrulaması önerilir.",True
KAR_2024_01_000360,IZLE,DUSUK_GUVEN,,,prediction_status=low_severity,"İzle, müdahale etme. Yangın bu kareyi ağır yakmamış (düşük şiddet, dNBR 0,10).","Model bu rejimde tahmin üretmiyor. Kendi toparlanması bekleniyor, müdahale listesine alınmıyor. Bu bölgede referans yangınımız az — tahmin belirsizliği diğer bölgelerden yüksek, saha doğrulaması önerilir.",True
KAR_2024_01_000361,IZLE,DUSUK_GUVEN,,,prediction_status=low_severity,"İzle, müdahale etme. Yangın bu kareyi ağır yakmamış (düşük şiddet, dNBR 0,15).","Model bu rejimde tahmin üretmiyor. Kendi toparlanması bekleniyor, müdahale listesine alınmıyor. Bu bölgede referans yangınımız az — tahmin belirsizliği diğer bölgelerden yüksek, saha doğrulaması önerilir.",True
KAR_2024_01_000386,IZLE,DUSUK_GUVEN,,,prediction_status=low_severity,"İzle, müdahale etme. Yangın bu kareyi ağır yakmamış (düşük şiddet, dNBR 0,15).","Model bu rejimde tahmin üretmiyor. Kendi toparlanması bekleniyor, müdahale listesine alınmıyor. Bu bölgede referans yangınımız az — tahmin belirsizliği diğer bölgelerden yüksek, saha doğrulaması önerilir.",True
KAR_2024_01_000403,IZLE,DUSUK_GUVEN,,,prediction_status=low_severity,"İzle, müdahale etme. Yangın bu kareyi ağır yakmamış (düşük şiddet, dNBR 0,13).","Model bu rejimde tahmin üretmiyor. Kendi toparlanması bekleniyor, müdahale listesine alınmıyor. Bu bölgede referans yangınımız az — tahmin belirsizliği diğer bölgelerden yüksek, saha doğrulaması önerilir.",True
KAR_2024_01_000450,IZLE,DUSUK_GUVEN,,,prediction_status=low_severity,"İzle, müdahale etme. Yangın bu kareyi ağır yakmamış (düşük şiddet, dNBR 0,10).","Model bu rejimde tahmin üretmiyor. Kendi toparlanması bekleniyor, müdahale listesine alınmıyor. Bu bölgede referans yangınımız az — tahmin belirsizliği diğer bölgelerden yüksek, saha doğrulaması önerilir.",True
KAR_2024_01_000451,IZLE,DUSUK_GUVEN,,,prediction_status=low_severity,"İzle, müdahale etme. Yangın bu kareyi ağır yakmamış (düşük şiddet, dNBR 0,12).","Model bu rejimde tahmin üretmiyor. Kendi toparlanması bekleniyor, müdahale listesine alınmıyor. Bu bölgede referans yangınımız az — tahmin belirsizliği diğer bölgelerden yüksek, saha doğrulaması önerilir.",True
KAR_2024_01_000459,IZLE,ESKIDEN_ORMAN_DEGIL|DUSUK_GUVEN,,,prediction_status=low_severity,"İzle, müdahale etme. Yangın bu kareyi ağır yakmamış (düşük şiddet, dNBR 0,14).","Model bu rejimde tahmin üretmiyor. Kendi toparlanması bekleniyor, müdahale listesine alınmıyor. Yangın öncesi örtü otlak ve çalılık idi; orman kurma değil, mevcut örtünün onarımı düşünülmeli. Bu bölgede referans yangınımız az — tahmin belirsizliği diğer bölgelerden yüksek, saha doğrulaması önerilir.",True
KAR_2024_01_000470,KAPSAM_DISI,,,,land_cover=Yerlesim,"Ağaçlandırma kapsamı dışı. Bu kare yerleşim alanı olarak sınıflanmış, orman rehabilitasyonu hedefi değil.",Öncelik sıralamasına dahil edilmiyor.,False
KAR_2024_01_000526,IZLE,DUSUK_GUVEN,,,prediction_status=low_severity,"İzle, müdahale etme. Yangın bu kareyi ağır yakmamış (düşük şiddet, dNBR 0,18).","Model bu rejimde tahmin üretmiyor. Kendi toparlanması bekleniyor, müdahale listesine alınmıyor. Bu bölgede referans yangınımız az — tahmin belirsizliği diğer bölgelerden yüksek, saha doğrulaması önerilir.",True
KAR_2024_01_000527,IZLE,DUSUK_GUVEN,,,prediction_status=low_severity,"İzle, müdahale etme. Yangın bu kareyi ağır yakmamış (düşük şiddet, dNBR 0,17).","Model bu rejimde tahmin üretmiyor. Kendi toparlanması bekleniyor, müdahale listesine alınmıyor. Bu bölgede referans yangınımız az — tahmin belirsizliği diğer bölgelerden yüksek, saha doğrulaması önerilir.",True
KAR_2024_01_000655,IZLE,DUSUK_GUVEN,,,prediction_status=low_severity,"İzle, müdahale etme. Yangın bu kareyi ağır yakmamış (düşük şiddet, dNBR 0,13).","Model bu rejimde tahmin üretmiyor. Kendi toparlanması bekleniyor, müdahale listesine alınmıyor. Bu bölgede referans yangınımız az — tahmin belirsizliği diğer bölgelerden yüksek, saha doğrulaması önerilir.",True
KAR_2024_01_000660,IZLE,DUSUK_GUVEN,,,prediction_status=low_severity,"İzle, müdahale etme. Yangın bu kareyi ağır yakmamış (düşük şiddet, dNBR 0,12).","Model bu rejimde tahmin üretmiyor. Kendi toparlanması bekleniyor, müdahale listesine alınmıyor. Bu bölgede referans yangınımız az — tahmin belirsizliği diğer bölgelerden yüksek, saha doğrulaması önerilir.",True
KAR_2024_01_000723,IZLE,DUSUK_GUVEN,,,prediction_status=low_severity,"İzle, müdahale etme. Yangın bu kareyi ağır yakmamış (düşük şiddet, dNBR 0,11).","Model bu rejimde tahmin üretmiyor. Kendi toparlanması bekleniyor, müdahale listesine alınmıyor. Bu bölgede referans yangınımız az — tahmin belirsizliği diğer bölgelerden yüksek, saha doğrulaması önerilir.",True
KAR_2024_01_000803,IZLE,DUSUK_GUVEN,,,prediction_status=low_severity,"İzle, müdahale etme. Yangın bu kareyi ağır yakmamış (düşük şiddet, dNBR 0,11).","Model bu rejimde tahmin üretmiyor. Kendi toparlanması bekleniyor, müdahale listesine alınmıyor. Bu bölgede referans yangınımız az — tahmin belirsizliği diğer bölgelerden yüksek, saha doğrulaması önerilir.",True
KAR_2024_01_000859,IZLE,DUSUK_GUVEN,,,prediction_status=low_severity,"İzle, müdahale etme. Yangın bu kareyi ağır yakmamış (düşük şiddet, dNBR 0,11).","Model bu rejimde tahmin üretmiyor. Kendi toparlanması bekleniyor, müdahale listesine alınmıyor. Bu bölgede referans yangınımız az — tahmin belirsizliği diğer bölgelerden yüksek, saha doğrulaması önerilir.",True
KAR_2024_01_000860,KAPSAM_DISI,,,,land_cover=Tarim,"Ağaçlandırma kapsamı dışı. Bu kare tarım alanı olarak sınıflanmış, orman rehabilitasyonu hedefi değil.",Öncelik sıralamasına dahil edilmiyor.,False
KAR_2024_01_000869,IZLE,DUSUK_GUVEN,,,prediction_status=low_severity,"İzle, müdahale etme. Yangın bu kareyi ağır yakmamış (düşük şiddet, dNBR 0,11).","Model bu rejimde tahmin üretmiyor. Kendi toparlanması bekleniyor, müdahale listesine alınmıyor. Bu bölgede referans yangınımız az — tahmin belirsizliği diğer bölgelerden yüksek, saha doğrulaması önerilir.",True
KAR_2024_01_000871,IZLE,ESKIDEN_ORMAN_DEGIL|DUSUK_GUVEN,,,prediction_status=low_severity,"İzle, müdahale etme. Yangın bu kareyi ağır yakmamış (düşük şiddet, dNBR 0,11).","Model bu rejimde tahmin üretmiyor. Kendi toparlanması bekleniyor, müdahale listesine alınmıyor. Yangın öncesi örtü otlak ve çalılık idi; orman kurma değil, mevcut örtünün onarımı düşünülmeli. Bu bölgede referans yangınımız az — tahmin belirsizliği diğer bölgelerden yüksek, saha doğrulaması önerilir.",True
KAR_2024_01_000872,IZLE,ESKIDEN_ORMAN_DEGIL|DUSUK_GUVEN,,,prediction_status=low_severity,"İzle, müdahale etme. Yangın bu kareyi ağır yakmamış (düşük şiddet, dNBR 0,12).","Model bu rejimde tahmin üretmiyor. Kendi toparlanması bekleniyor, müdahale listesine alınmıyor. Yangın öncesi örtü otlak ve çalılık idi; orman kurma değil, mevcut örtünün onarımı düşünülmeli. Bu bölgede referans yangınımız az — tahmin belirsizliği diğer bölgelerden yüksek, saha doğrulaması önerilir.",True
KAR_2024_01_000939,IZLE,DUSUK_GUVEN,,,prediction_status=low_severity,"İzle, müdahale etme. Yangın bu kareyi ağır yakmamış (düşük şiddet, dNBR 0,12).","Model bu rejimde tahmin üretmiyor. Kendi toparlanması bekleniyor, müdahale listesine alınmıyor. Bu bölgede referans yangınımız az — tahmin belirsizliği diğer bölgelerden yüksek, saha doğrulaması önerilir.",True
KAR_2024_01_001061,KAPSAM_DISI,,,,land_cover=Tarim,"Ağaçlandırma kapsamı dışı. Bu kare tarım alanı olarak sınıflanmış, orman rehabilitasyonu hedefi değil.",Öncelik sıralamasına dahil edilmiyor.,False
KAR_2024_01_001128,KAPSAM_DISI,,,,land_cover=Tarim,"Ağaçlandırma kapsamı dışı. Bu kare tarım alanı olarak sınıflanmış, orman rehabilitasyonu hedefi değil.",Öncelik sıralamasına dahil edilmiyor.,False
KAR_2024_01_001198,KAPSAM_DISI,,,,land_cover=Tarim,"Ağaçlandırma kapsamı dışı. Bu kare tarım alanı olarak sınıflanmış, orman rehabilitasyonu hedefi değil.",Öncelik sıralamasına dahil edilmiyor.,False
KAR_2024_01_001336,IZLE,DUSUK_GUVEN,,,prediction_status=low_severity,"İzle, müdahale etme. Yangın bu kareyi ağır yakmamış (düşük şiddet, dNBR 0,12).","Model bu rejimde tahmin üretmiyor. Kendi toparlanması bekleniyor, müdahale listesine alınmıyor. Bu bölgede referans yangınımız az — tahmin belirsizliği diğer bölgelerden yüksek, saha doğrulaması önerilir.",True
KAR_2024_01_001356,IZLE,DUSUK_GUVEN,,,prediction_status=low_severity,"İzle, müdahale etme. Yangın bu kareyi ağır yakmamış (düşük şiddet, dNBR 0,18).","Model bu rejimde tahmin üretmiyor. Kendi toparlanması bekleniyor, müdahale listesine alınmıyor. Bu bölgede referans yangınımız az — tahmin belirsizliği diğer bölgelerden yüksek, saha doğrulaması önerilir.",True
KAR_2024_01_001401,IZLE,DUSUK_GUVEN,,,prediction_status=low_severity,"İzle, müdahale etme. Yangın bu kareyi ağır yakmamış (düşük şiddet, dNBR 0,11).","Model bu rejimde tahmin üretmiyor. Kendi toparlanması bekleniyor, müdahale listesine alınmıyor. Bu bölgede referans yangınımız az — tahmin belirsizliği diğer bölgelerden yüksek, saha doğrulaması önerilir.",True
KAR_2024_01_001402,IZLE,DUSUK_GUVEN,,,prediction_status=low_severity,"İzle, müdahale etme. Yangın bu kareyi ağır yakmamış (düşük şiddet, dNBR 0,12).","Model bu rejimde tahmin üretmiyor. Kendi toparlanması bekleniyor, müdahale listesine alınmıyor. Bu bölgede referans yangınımız az — tahmin belirsizliği diğer bölgelerden yüksek, saha doğrulaması önerilir.",True
KAR_2024_01_001403,IZLE,DUSUK_GUVEN,,,prediction_status=low_severity,"İzle, müdahale etme. Yangın bu kareyi ağır yakmamış (düşük şiddet, dNBR 0,13).","Model bu rejimde tahmin üretmiyor. Kendi toparlanması bekleniyor, müdahale listesine alınmıyor. Bu bölgede referans yangınımız az — tahmin belirsizliği diğer bölgelerden yüksek, saha doğrulaması önerilir.",True
KAR_2024_01_001404,IZLE,DUSUK_GUVEN,,,prediction_status=low_severity,"İzle, müdahale etme. Yangın bu kareyi ağır yakmamış (düşük şiddet, dNBR 0,16).","Model bu rejimde tahmin üretmiyor. Kendi toparlanması bekleniyor, müdahale listesine alınmıyor. Bu bölgede referans yangınımız az — tahmin belirsizliği diğer bölgelerden yüksek, saha doğrulaması önerilir.",True
KAR_2024_01_001405,IZLE,DUSUK_GUVEN,,,prediction_status=low_severity,"İzle, müdahale etme. Yangın bu kareyi ağır yakmamış (düşük şiddet, dNBR 0,13).","Model bu rejimde tahmin üretmiyor. Kendi toparlanması bekleniyor, müdahale listesine alınmıyor. Bu bölgede referans yangınımız az — tahmin belirsizliği diğer bölgelerden yüksek, saha doğrulaması önerilir.",True
KAR_2024_01_001424,IZLE,DUSUK_GUVEN,,,prediction_status=low_severity,"İzle, müdahale etme. Yangın bu kareyi ağır yakmamış (düşük şiddet, dNBR 0,13).","Model bu rejimde tahmin üretmiyor. Kendi toparlanması bekleniyor, müdahale listesine alınmıyor. Bu bölgede referans yangınımız az — tahmin belirsizliği diğer bölgelerden yüksek, saha doğrulaması önerilir.",True
KAR_2024_01_001465,IZLE,DUSUK_GUVEN,,,prediction_status=low_severity,"İzle, müdahale etme. Yangın bu kareyi ağır yakmamış (düşük şiddet, dNBR 0,10).","Model bu rejimde tahmin üretmiyor. Kendi toparlanması bekleniyor, müdahale listesine alınmıyor. Bu bölgede referans yangınımız az — tahmin belirsizliği diğer bölgelerden yüksek, saha doğrulaması önerilir.",True
KAR_2024_01_001467,IZLE,DUSUK_GUVEN,,,prediction_status=low_severity,"İzle, müdahale etme. Yangın bu kareyi ağır yakmamış (düşük şiddet, dNBR 0,10).","Model bu rejimde tahmin üretmiyor. Kendi toparlanması bekleniyor, müdahale listesine alınmıyor. Bu bölgede referans yangınımız az — tahmin belirsizliği diğer bölgelerden yüksek, saha doğrulaması önerilir.",True
KAR_2024_01_001468,IZLE,DUSUK_GUVEN,,,prediction_status=low_severity,"İzle, müdahale etme. Yangın bu kareyi ağır yakmamış (düşük şiddet, dNBR 0,13).","Model bu rejimde tahmin üretmiyor. Kendi toparlanması bekleniyor, müdahale listesine alınmıyor. Bu bölgede referans yangınımız az — tahmin belirsizliği diğer bölgelerden yüksek, saha doğrulaması önerilir.",True
KAR_2024_01_001469,IZLE,DUSUK_GUVEN,,,prediction_status=low_severity,"İzle, müdahale etme. Yangın bu kareyi ağır yakmamış (düşük şiddet, dNBR 0,22).","Model bu rejimde tahmin üretmiyor. Kendi toparlanması bekleniyor, müdahale listesine alınmıyor. Bu bölgede referans yangınımız az — tahmin belirsizliği diğer bölgelerden yüksek, saha doğrulaması önerilir.",True
KAR_2024_01_001470,DIKIM_ADAYI,ESKIDEN_ORMAN_DEGIL|DUSUK_GUVEN,0.1435,"maki türleri, kermes meşesi",toparlanma=0.14 <0.35,"Aktif dikim adayı. Doğal toparlanma zayıf kalıyor, eğim (15,2°) dikime elverişli.","Modelin tahminine göre yangın öncesi örtünün ancak %14 kadarı iki yılda geri gelecek — kendi başına kapanmayacak bir açık var. Yangın öncesi örtü otlak ve çalılık idi; orman kurma değil, mevcut örtünün onarımı düşünülmeli. Bu bölgede referans yangınımız az — tahmin belirsizliği diğer bölgelerden yüksek, saha doğrulaması önerilir. Yetişme ortamı: Karadeniz kuşağı, 1297 m, orta eğimli (10–25°). Bu koşullar için önerilen türler: maki türleri, kermes meşesi. Tür önerisi sistemin çıkarımı değil, dışarıdan verilen tablodan okunmuştur. Tablo: ÖRNEK TABLO — OGM tür-yetişme ortamı rehberi ile değiştirilecek",True
KAR_2024_01_001471,DIKIM_ADAYI,ESKIDEN_ORMAN_DEGIL|DUSUK_GUVEN,0.0875,"maki türleri, kermes meşesi",toparlanma=0.09 <0.35,"Aktif dikim adayı. Doğal toparlanma zayıf kalıyor, eğim (17,3°) dikime elverişli.","Modelin tahminine göre yangın öncesi örtünün ancak %9 kadarı iki yılda geri gelecek — kendi başına kapanmayacak bir açık var. Yangın öncesi örtü otlak ve çalılık idi; orman kurma değil, mevcut örtünün onarımı düşünülmeli. Bu bölgede referans yangınımız az — tahmin belirsizliği diğer bölgelerden yüksek, saha doğrulaması önerilir. Yetişme ortamı: Karadeniz kuşağı, 1299 m, orta eğimli (10–25°). Bu koşullar için önerilen türler: maki türleri, kermes meşesi. Tür önerisi sistemin çıkarımı değil, dışarıdan verilen tablodan okunmuştur. Tablo: ÖRNEK TABLO — OGM tür-yetişme ortamı rehberi ile değiştirilecek",True
KAR_2024_01_001472,DIKIM_ADAYI,ESKIDEN_ORMAN_DEGIL|DUSUK_GUVEN,0.0494,"maki türleri, kermes meşesi",toparlanma=0.05 <0.35,"Aktif dikim adayı. Doğal toparlanma zayıf kalıyor, eğim (18,7°) dikime elverişli.","Modelin tahminine göre yangın öncesi örtünün ancak %5 kadarı iki yılda geri gelecek — kendi başına kapanmayacak bir açık var. Yangın öncesi örtü otlak ve çalılık idi; orman kurma değil, mevcut örtünün onarımı düşünülmeli. Bu bölgede referans yangınımız az — tahmin belirsizliği diğer bölgelerden yüksek, saha doğrulaması önerilir. Yetişme ortamı: Karadeniz kuşağı, 1290 m, orta eğimli (10–25°). Bu koşullar için önerilen türler: maki türleri, kermes meşesi. Tür önerisi sistemin çıkarımı değil, dışarıdan verilen tablodan okunmuştur. Tablo: ÖRNEK TABLO — OGM tür-yetişme ortamı rehberi ile değiştirilecek",True
KAR_2024_01_001473,IZLE,DUSUK_GUVEN,,,prediction_status=low_severity,"İzle, müdahale etme. Yangın bu kareyi ağır yakmamış (düşük şiddet, dNBR 0,17).","Model bu rejimde tahmin üretmiyor. Kendi toparlanması bekleniyor, müdahale listesine alınmıyor. Bu bölgede referans yangınımız az — tahmin belirsizliği diğer bölgelerden yüksek, saha doğrulaması önerilir.",True
KAR_2024_01_001474,IZLE,DUSUK_GUVEN,,,prediction_status=low_severity,"İzle, müdahale etme. Yangın bu kareyi ağır yakmamış (düşük şiddet, dNBR 0,14).","Model bu rejimde tahmin üretmiyor. Kendi toparlanması bekleniyor, müdahale listesine alınmıyor. Bu bölgede referans yangınımız az — tahmin belirsizliği diğer bölgelerden yüksek, saha doğrulaması önerilir.",True
KAR_2024_01_001478,KAPSAM_DISI,,,,land_cover=Yerlesim,"Ağaçlandırma kapsamı dışı. Bu kare yerleşim alanı olarak sınıflanmış, orman rehabilitasyonu hedefi değil.",Öncelik sıralamasına dahil edilmiyor.,False
KAR_2024_01_001480,KAPSAM_DISI,,,,land_cover=Tarim,"Ağaçlandırma kapsamı dışı. Bu kare tarım alanı olarak sınıflanmış, orman rehabilitasyonu hedefi değil.",Öncelik sıralamasına dahil edilmiyor.,False
KAR_2024_01_001535,IZLE,DUSUK_GUVEN,,,prediction_status=low_severity,"İzle, müdahale etme. Yangın bu kareyi ağır yakmamış (düşük şiddet, dNBR 0,26).","Model bu rejimde tahmin üretmiyor. Kendi toparlanması bekleniyor, müdahale listesine alınmıyor. Bu bölgede referans yangınımız az — tahmin belirsizliği diğer bölgelerden yüksek, saha doğrulaması önerilir.",True
KAR_2024_01_001536,DIKIM_ADAYI,ESKIDEN_ORMAN_DEGIL|DUSUK_GUVEN,0.1723,"maki türleri, kermes meşesi",toparlanma=0.17 <0.35,"Aktif dikim adayı. Doğal toparlanma zayıf kalıyor, eğim (15,5°) dikime elverişli.","Modelin tahminine göre yangın öncesi örtünün ancak %17 kadarı iki yılda geri gelecek — kendi başına kapanmayacak bir açık var. Yangın öncesi örtü otlak ve çalılık idi; orman kurma değil, mevcut örtünün onarımı düşünülmeli. Bu bölgede referans yangınımız az — tahmin belirsizliği diğer bölgelerden yüksek, saha doğrulaması önerilir. Yetişme ortamı: Karadeniz kuşağı, 1260 m, orta eğimli (10–25°). Bu koşullar için önerilen türler: maki türleri, kermes meşesi. Tür önerisi sistemin çıkarımı değil, dışarıdan verilen tablodan okunmuştur. Tablo: ÖRNEK TABLO — OGM tür-yetişme ortamı rehberi ile değiştirilecek",True
KAR_2024_01_001537,DIKIM_ADAYI,ESKIDEN_ORMAN_DEGIL|DUSUK_GUVEN,0.1139,"maki türleri, kermes meşesi",toparlanma=0.11 <0.35,"Aktif dikim adayı. Doğal toparlanma zayıf kalıyor, eğim (17,8°) dikime elverişli.","Modelin tahminine göre yangın öncesi örtünün ancak %11 kadarı iki yılda geri gelecek — kendi başına kapanmayacak bir açık var. Yangın öncesi örtü otlak ve çalılık idi; orman kurma değil, mevcut örtünün onarımı düşünülmeli. Bu bölgede referans yangınımız az — tahmin belirsizliği diğer bölgelerden yüksek, saha doğrulaması önerilir. Yetişme ortamı: Karadeniz kuşağı, 1245 m, orta eğimli (10–25°). Bu koşullar için önerilen türler: maki türleri, kermes meşesi. Tür önerisi sistemin çıkarımı değil, dışarıdan verilen tablodan okunmuştur. Tablo: ÖRNEK TABLO — OGM tür-yetişme ortamı rehberi ile değiştirilecek",True
KAR_2024_01_001538,DIKIM_ADAYI,ESKIDEN_ORMAN_DEGIL|DUSUK_GUVEN,0.1192,"maki türleri, kermes meşesi",toparlanma=0.12 <0.35,"Aktif dikim adayı. Doğal toparlanma zayıf kalıyor, eğim (12,9°) dikime elverişli.","Modelin tahminine göre yangın öncesi örtünün ancak %12 kadarı iki yılda geri gelecek — kendi başına kapanmayacak bir açık var. Yangın öncesi örtü otlak ve çalılık idi; orman kurma değil, mevcut örtünün onarımı düşünülmeli. Bu bölgede referans yangınımız az — tahmin belirsizliği diğer bölgelerden yüksek, saha doğrulaması önerilir. Yetişme ortamı: Karadeniz kuşağı, 1232 m, orta eğimli (10–25°). Bu koşullar için önerilen türler: maki türleri, kermes meşesi. Tür önerisi sistemin çıkarımı değil, dışarıdan verilen tablodan okunmuştur. Tablo: ÖRNEK TABLO — OGM tür-yetişme ortamı rehberi ile değiştirilecek",True
KAR_2024_01_001539,DIKIM_ADAYI,ESKIDEN_ORMAN_DEGIL|DUSUK_GUVEN,0.0785,"maki türleri, kermes meşesi",toparlanma=0.08 <0.35,"Aktif dikim adayı. Doğal toparlanma zayıf kalıyor, eğim (11,5°) dikime elverişli.","Modelin tahminine göre yangın öncesi örtünün ancak %8 kadarı iki yılda geri gelecek — kendi başına kapanmayacak bir açık var. Yangın öncesi örtü otlak ve çalılık idi; orman kurma değil, mevcut örtünün onarımı düşünülmeli. Bu bölgede referans yangınımız az — tahmin belirsizliği diğer bölgelerden yüksek, saha doğrulaması önerilir. Yetişme ortamı: Karadeniz kuşağı, 1226 m, orta eğimli (10–25°). Bu koşullar için önerilen türler: maki türleri, kermes meşesi. Tür önerisi sistemin çıkarımı değil, dışarıdan verilen tablodan okunmuştur. Tablo: ÖRNEK TABLO — OGM tür-yetişme ortamı rehberi ile değiştirilecek",True
KAR_2024_01_001540,DIKIM_ADAYI,DUSUK_GUVEN,0.0488,,toparlanma=0.05 <0.35,"Aktif dikim adayı. Doğal toparlanma zayıf kalıyor, eğim (12,5°) dikime elverişli.","Modelin tahminine göre yangın öncesi örtünün ancak %5 kadarı iki yılda geri gelecek — kendi başına kapanmayacak bir açık var. Bu bölgede referans yangınımız az — tahmin belirsizliği diğer bölgelerden yüksek, saha doğrulaması önerilir. Yetişme ortamı: Karadeniz kuşağı, 1222 m, orta eğimli (10–25°). Tür seçimi için yetişme ortamı rehberine başvurulmalı.",True
KAR_2024_01_001541,IZLE,DUSUK_GUVEN,,,prediction_status=low_severity,"İzle, müdahale etme. Yangın bu kareyi ağır yakmamış (düşük şiddet, dNBR 0,26).","Model bu rejimde tahmin üretmiyor. Kendi toparlanması bekleniyor, müdahale listesine alınmıyor. Bu bölgede referans yangınımız az — tahmin belirsizliği diğer bölgelerden yüksek, saha doğrulaması önerilir.",True
KAR_2024_01_001542,IZLE,DUSUK_GUVEN,,,prediction_status=low_severity,"İzle, müdahale etme. Yangın bu kareyi ağır yakmamış (düşük şiddet, dNBR 0,13).","Model bu rejimde tahmin üretmiyor. Kendi toparlanması bekleniyor, müdahale listesine alınmıyor. Bu bölgede referans yangınımız az — tahmin belirsizliği diğer bölgelerden yüksek, saha doğrulaması önerilir.",True
KAR_2024_01_001601,IZLE,DUSUK_GUVEN,,,prediction_status=low_severity,"İzle, müdahale etme. Yangın bu kareyi ağır yakmamış (düşük şiddet, dNBR 0,17).","Model bu rejimde tahmin üretmiyor. Kendi toparlanması bekleniyor, müdahale listesine alınmıyor. Bu bölgede referans yangınımız az — tahmin belirsizliği diğer bölgelerden yüksek, saha doğrulaması önerilir.",True
KAR_2024_01_001602,DIKIM_ADAYI,DUSUK_GUVEN,0.1148,,toparlanma=0.11 <0.35,"Aktif dikim adayı. Doğal toparlanma zayıf kalıyor, eğim (16,1°) dikime elverişli.","Modelin tahminine göre yangın öncesi örtünün ancak %11 kadarı iki yılda geri gelecek — kendi başına kapanmayacak bir açık var. Bu bölgede referans yangınımız az — tahmin belirsizliği diğer bölgelerden yüksek, saha doğrulaması önerilir. Yetişme ortamı: Karadeniz kuşağı, 1278 m, orta eğimli (10–25°). Tür seçimi için yetişme ortamı rehberine başvurulmalı.",True
KAR_2024_01_001603,DIKIM_ADAYI,ESKIDEN_ORMAN_DEGIL|DUSUK_GUVEN,0.079,"maki türleri, kermes meşesi",toparlanma=0.08 <0.35,"Aktif dikim adayı. Doğal toparlanma zayıf kalıyor, eğim (15,8°) dikime elverişli.","Modelin tahminine göre yangın öncesi örtünün ancak %8 kadarı iki yılda geri gelecek — kendi başına kapanmayacak bir açık var. Yangın öncesi örtü otlak ve çalılık idi; orman kurma değil, mevcut örtünün onarımı düşünülmeli. Bu bölgede referans yangınımız az — tahmin belirsizliği diğer bölgelerden yüksek, saha doğrulaması önerilir. Yetişme ortamı: Karadeniz kuşağı, 1229 m, orta eğimli (10–25°). Bu koşullar için önerilen türler: maki türleri, kermes meşesi. Tür önerisi sistemin çıkarımı değil, dışarıdan verilen tablodan okunmuştur. Tablo: ÖRNEK TABLO — OGM tür-yetişme ortamı rehberi ile değiştirilecek",True
KAR_2024_01_001604,DIKIM_ADAYI,ESKIDEN_ORMAN_DEGIL|DUSUK_GUVEN,0.1339,"maki türleri, kermes meşesi",toparlanma=0.13 <0.35,"Aktif dikim adayı. Doğal toparlanma zayıf kalıyor, eğim (13,5°) dikime elverişli.","Modelin tahminine göre yangın öncesi örtünün ancak %13 kadarı iki yılda geri gelecek — kendi başına kapanmayacak bir açık var. Yangın öncesi örtü otlak ve çalılık idi; orman kurma değil, mevcut örtünün onarımı düşünülmeli. Bu bölgede referans yangınımız az — tahmin belirsizliği diğer bölgelerden yüksek, saha doğrulaması önerilir. Yetişme ortamı: Karadeniz kuşağı, 1198 m, orta eğimli (10–25°). Bu koşullar için önerilen türler: maki türleri, kermes meşesi. Tür önerisi sistemin çıkarımı değil, dışarıdan verilen tablodan okunmuştur. Tablo: ÖRNEK TABLO — OGM tür-yetişme ortamı rehberi ile değiştirilecek",True
KAR_2024_01_001605,DIKIM_ADAYI,ESKIDEN_ORMAN_DEGIL|DUSUK_GUVEN,0.0769,"maki türleri, kermes meşesi",toparlanma=0.08 <0.35,"Aktif dikim adayı. Doğal toparlanma zayıf kalıyor, eğim (12,1°) dikime elverişli.","Modelin tahminine göre yangın öncesi örtünün ancak %8 kadarı iki yılda geri gelecek — kendi başına kapanmayacak bir açık var. Yangın öncesi örtü otlak ve çalılık idi; orman kurma değil, mevcut örtünün onarımı düşünülmeli. Bu bölgede referans yangınımız az — tahmin belirsizliği diğer bölgelerden yüksek, saha doğrulaması önerilir. Yetişme ortamı: Karadeniz kuşağı, 1180 m, orta eğimli (10–25°). Bu koşullar için önerilen türler: maki türleri, kermes meşesi. Tür önerisi sistemin çıkarımı değil, dışarıdan verilen tablodan okunmuştur. Tablo: ÖRNEK TABLO — OGM tür-yetişme ortamı rehberi ile değiştirilecek",True
KAR_2024_01_001606,DIKIM_ADAYI,DUSUK_GUVEN,0.0,"meşe, kayın, karaçam",toparlanma=0.00 <0.35,"Aktif dikim adayı. Doğal toparlanma zayıf kalıyor, eğim (10,2°) dikime elverişli.","Modelin tahminine göre yangın öncesi örtünün ancak %0 kadarı iki yılda geri gelecek — kendi başına kapanmayacak bir açık var. Bu bölgede referans yangınımız az — tahmin belirsizliği diğer bölgelerden yüksek, saha doğrulaması önerilir. Yetişme ortamı: Karadeniz kuşağı, 1182 m, orta eğimli (10–25°). Bu koşullar için önerilen türler: meşe, kayın, karaçam. Tür önerisi sistemin çıkarımı değil, dışarıdan verilen tablodan okunmuştur. Tablo: ÖRNEK TABLO — OGM tür-yetişme ortamı rehberi ile değiştirilecek",True
KAR_2024_01_001607,DIKIM_ADAYI,DUSUK_GUVEN,0.0092,,toparlanma=0.01 <0.35,"Aktif dikim adayı. Doğal toparlanma zayıf kalıyor, eğim (9,2°) dikime elverişli.","Modelin tahminine göre yangın öncesi örtünün ancak %1 kadarı iki yılda geri gelecek — kendi başına kapanmayacak bir açık var. Bu bölgede referans yangınımız az — tahmin belirsizliği diğer bölgelerden yüksek, saha doğrulaması önerilir. Yetişme ortamı: Karadeniz kuşağı, 1215 m, düz-hafif eğimli (0–10°). Tür seçimi için yetişme ortamı rehberine başvurulmalı.",True
KAR_2024_01_001608,IZLE,ESKIDEN_ORMAN_DEGIL|DUSUK_GUVEN,,,prediction_status=low_severity,"İzle, müdahale etme. Yangın bu kareyi ağır yakmamış (düşük şiddet, dNBR 0,21).","Model bu rejimde tahmin üretmiyor. Kendi toparlanması bekleniyor, müdahale listesine alınmıyor. Yangın öncesi örtü otlak ve çalılık idi; orman kurma değil, mevcut örtünün onarımı düşünülmeli. Bu bölgede referans yangınımız az — tahmin belirsizliği diğer bölgelerden yüksek, saha doğrulaması önerilir.",True
KAR_2024_01_001609,IZLE,ESKIDEN_ORMAN_DEGIL|DUSUK_GUVEN,,,prediction_status=low_severity,"İzle, müdahale etme. Yangın bu kareyi ağır yakmamış (düşük şiddet, dNBR 0,22).","Model bu rejimde tahmin üretmiyor. Kendi toparlanması bekleniyor, müdahale listesine alınmıyor. Yangın öncesi örtü otlak ve çalılık idi; orman kurma değil, mevcut örtünün onarımı düşünülmeli. Bu bölgede referans yangınımız az — tahmin belirsizliği diğer bölgelerden yüksek, saha doğrulaması önerilir.",True
KAR_2024_01_001610,IZLE,ESKIDEN_ORMAN_DEGIL|DUSUK_GUVEN,,,prediction_status=low_severity,"İzle, müdahale etme. Yangın bu kareyi ağır yakmamış (düşük şiddet, dNBR 0,10).","Model bu rejimde tahmin üretmiyor. Kendi toparlanması bekleniyor, müdahale listesine alınmıyor. Yangın öncesi örtü otlak ve çalılık idi; orman kurma değil, mevcut örtünün onarımı düşünülmeli. Bu bölgede referans yangınımız az — tahmin belirsizliği diğer bölgelerden yüksek, saha doğrulaması önerilir.",True
KAR_2024_01_001614,KAPSAM_DISI,,,,land_cover=Yerlesim,"Ağaçlandırma kapsamı dışı. Bu kare yerleşim alanı olarak sınıflanmış, orman rehabilitasyonu hedefi değil.",Öncelik sıralamasına dahil edilmiyor.,False
KAR_2024_01_001615,KAPSAM_DISI,,,,land_cover=Tarim,"Ağaçlandırma kapsamı dışı. Bu kare tarım alanı olarak sınıflanmış, orman rehabilitasyonu hedefi değil.",Öncelik sıralamasına dahil edilmiyor.,False
KAR_2024_01_001626,IZLE,DUSUK_GUVEN,,,prediction_status=low_severity,"İzle, müdahale etme. Yangın bu kareyi ağır yakmamış (düşük şiddet, dNBR 0,11).","Model bu rejimde tahmin üretmiyor. Kendi toparlanması bekleniyor, müdahale listesine alınmıyor. Bu bölgede referans yangınımız az — tahmin belirsizliği diğer bölgelerden yüksek, saha doğrulaması önerilir.",True
KAR_2024_01_001667,IZLE,DUSUK_GUVEN,,,prediction_status=low_severity,"İzle, müdahale etme. Yangın bu kareyi ağır yakmamış (düşük şiddet, dNBR 0,18).","Model bu rejimde tahmin üretmiyor. Kendi toparlanması bekleniyor, müdahale listesine alınmıyor. Bu bölgede referans yangınımız az — tahmin belirsizliği diğer bölgelerden yüksek, saha doğrulaması önerilir.",True
KAR_2024_01_001668,DIKIM_ADAYI,ESKIDEN_ORMAN_DEGIL|DUSUK_GUVEN,0.2232,"maki türleri, kermes meşesi",toparlanma=0.22 <0.35,"Aktif dikim adayı. Doğal toparlanma zayıf kalıyor, eğim (16,5°) dikime elverişli.","Modelin tahminine göre yangın öncesi örtünün ancak %22 kadarı iki yılda geri gelecek — kendi başına kapanmayacak bir açık var. Yangın öncesi örtü otlak ve çalılık idi; orman kurma değil, mevcut örtünün onarımı düşünülmeli. Bu bölgede referans yangınımız az — tahmin belirsizliği diğer bölgelerden yüksek, saha doğrulaması önerilir. Yetişme ortamı: Karadeniz kuşağı, 1264 m, orta eğimli (10–25°). Bu koşullar için önerilen türler: maki türleri, kermes meşesi. Tür önerisi sistemin çıkarımı değil, dışarıdan verilen tablodan okunmuştur. Tablo: ÖRNEK TABLO — OGM tür-yetişme ortamı rehberi ile değiştirilecek",True
KAR_2024_01_001669,DIKIM_ADAYI,ESKIDEN_ORMAN_DEGIL|DUSUK_GUVEN,0.1121,"maki türleri, kermes meşesi",toparlanma=0.11 <0.35,"Aktif dikim adayı. Doğal toparlanma zayıf kalıyor, eğim (19,3°) dikime elverişli.","Modelin tahminine göre yangın öncesi örtünün ancak %11 kadarı iki yılda geri gelecek — kendi başına kapanmayacak bir açık var. Yangın öncesi örtü otlak ve çalılık idi; orman kurma değil, mevcut örtünün onarımı düşünülmeli. Bu bölgede referans yangınımız az — tahmin belirsizliği diğer bölgelerden yüksek, saha doğrulaması önerilir. Yetişme ortamı: Karadeniz kuşağı, 1233 m, orta eğimli (10–25°). Bu koşullar için önerilen türler: maki türleri, kermes meşesi. Tür önerisi sistemin çıkarımı değil, dışarıdan verilen tablodan okunmuştur. Tablo: ÖRNEK TABLO — OGM tür-yetişme ortamı rehberi ile değiştirilecek",True
KAR_2024_01_001670,DIKIM_ADAYI,ESKIDEN_ORMAN_DEGIL|DUSUK_GUVEN,0.174,"maki türleri, kermes meşesi",toparlanma=0.17 <0.35,"Aktif dikim adayı. Doğal toparlanma zayıf kalıyor, eğim (15,3°) dikime elverişli.","Modelin tahminine göre yangın öncesi örtünün ancak %17 kadarı iki yılda geri gelecek — kendi başına kapanmayacak bir açık var. Yangın öncesi örtü otlak ve çalılık idi; orman kurma değil, mevcut örtünün onarımı düşünülmeli. Bu bölgede referans yangınımız az — tahmin belirsizliği diğer bölgelerden yüksek, saha doğrulaması önerilir. Yetişme ortamı: Karadeniz kuşağı, 1205 m, orta eğimli (10–25°). Bu koşullar için önerilen türler: maki türleri, kermes meşesi. Tür önerisi sistemin çıkarımı değil, dışarıdan verilen tablodan okunmuştur. Tablo: ÖRNEK TABLO — OGM tür-yetişme ortamı rehberi ile değiştirilecek",True
KAR_2024_01_001671,DIKIM_ADAYI,ESKIDEN_ORMAN_DEGIL|DUSUK_GUVEN,0.1504,"maki türleri, kermes meşesi",toparlanma=0.15 <0.35,"Aktif dikim adayı. Doğal toparlanma zayıf kalıyor, eğim (15,4°) dikime elverişli.","Modelin tahminine göre yangın öncesi örtünün ancak %15 kadarı iki yılda geri gelecek — kendi başına kapanmayacak bir açık var. Yangın öncesi örtü otlak ve çalılık idi; orman kurma değil, mevcut örtünün onarımı düşünülmeli. Bu bölgede referans yangınımız az — tahmin belirsizliği diğer bölgelerden yüksek, saha doğrulaması önerilir. Yetişme ortamı: Karadeniz kuşağı, 1176 m, orta eğimli (10–25°). Bu koşullar için önerilen türler: maki türleri, kermes meşesi. Tür önerisi sistemin çıkarımı değil, dışarıdan verilen tablodan okunmuştur. Tablo: ÖRNEK TABLO — OGM tür-yetişme ortamı rehberi ile değiştirilecek",True
KAR_2024_01_001672,DIKIM_ADAYI,DUSUK_GUVEN,0.0874,"meşe, kayın, karaçam",toparlanma=0.09 <0.35,"Aktif dikim adayı. Doğal toparlanma zayıf kalıyor, eğim (9,7°) dikime elverişli.","Modelin tahminine göre yangın öncesi örtünün ancak %9 kadarı iki yılda geri gelecek — kendi başına kapanmayacak bir açık var. Bu bölgede referans yangınımız az — tahmin belirsizliği diğer bölgelerden yüksek, saha doğrulaması önerilir. Yetişme ortamı: Karadeniz kuşağı, 1150 m, düz-hafif eğimli (0–10°). Bu koşullar için önerilen türler: meşe, kayın, karaçam. Tür önerisi sistemin çıkarımı değil, dışarıdan verilen tablodan okunmuştur. Tablo: ÖRNEK TABLO — OGM tür-yetişme ortamı rehberi ile değiştirilecek",True
KAR_2024_01_001673,DIKIM_ADAYI,AGIR_YANMIS|DUSUK_GUVEN,0.0384,"meşe, kayın, karaçam",toparlanma=0.04 <0.35,"Aktif dikim adayı. Doğal toparlanma zayıf kalıyor, eğim (12,5°) dikime elverişli.","Modelin tahminine göre yangın öncesi örtünün ancak %4 kadarı iki yılda geri gelecek — kendi başına kapanmayacak bir açık var. Yangın orta-yüksek şiddet sınıfında (dNBR 0,46); toprak yüzeyi büyük olasılıkla açıkta. Bu bölgede referans yangınımız az — tahmin belirsizliği diğer bölgelerden yüksek, saha doğrulaması önerilir. Yetişme ortamı: Karadeniz kuşağı, 1168 m, orta eğimli (10–25°). Bu koşullar için önerilen türler: meşe, kayın, karaçam. Tür önerisi sistemin çıkarımı değil, dışarıdan verilen tablodan okunmuştur. Tablo: ÖRNEK TABLO — OGM tür-yetişme ortamı rehberi ile değiştirilecek",True
KAR_2024_01_001674,DIKIM_ADAYI,AGIR_YANMIS|DUSUK_GUVEN,0.0458,,toparlanma=0.05 <0.35,"Aktif dikim adayı. Doğal toparlanma zayıf kalıyor, eğim (14,7°) dikime elverişli.","Modelin tahminine göre yangın öncesi örtünün ancak %5 kadarı iki yılda geri gelecek — kendi başına kapanmayacak bir açık var. Yangın orta-yüksek şiddet sınıfında (dNBR 0,47); toprak yüzeyi büyük olasılıkla açıkta. Bu bölgede referans yangınımız az — tahmin belirsizliği diğer bölgelerden yüksek, saha doğrulaması önerilir. Yetişme ortamı: Karadeniz kuşağı, 1213 m, orta eğimli (10–25°). Tür seçimi için yetişme ortamı rehberine başvurulmalı.",True
KAR_2024_01_001675,DIKIM_ADAYI,DUSUK_GUVEN,0.0436,,toparlanma=0.04 <0.35,"Aktif dikim adayı. Doğal toparlanma zayıf kalıyor, eğim (9,8°) dikime elverişli.","Modelin tahminine göre yangın öncesi örtünün ancak %4 kadarı iki yılda geri gelecek — kendi başına kapanmayacak bir açık var. Bu bölgede referans yangınımız az — tahmin belirsizliği diğer bölgelerden yüksek, saha doğrulaması önerilir. Yetişme ortamı: Karadeniz kuşağı, 1228 m, düz-hafif eğimli (0–10°). Tür seçimi için yetişme ortamı rehberine başvurulmalı.",True
KAR_2024_01_001676,IZLE,ESKIDEN_ORMAN_DEGIL|DUSUK_GUVEN,,,prediction_status=low_severity,"İzle, müdahale etme. Yangın bu kareyi ağır yakmamış (düşük şiddet, dNBR 0,15).","Model bu rejimde tahmin üretmiyor. Kendi toparlanması bekleniyor, müdahale listesine alınmıyor. Yangın öncesi örtü otlak ve çalılık idi; orman kurma değil, mevcut örtünün onarımı düşünülmeli. Bu bölgede referans yangınımız az — tahmin belirsizliği diğer bölgelerden yüksek, saha doğrulaması önerilir.",True
KAR_2024_01_001677,IZLE,ESKIDEN_ORMAN_DEGIL|DUSUK_GUVEN,,,prediction_status=low_severity,"İzle, müdahale etme. Yangın bu kareyi ağır yakmamış (düşük şiddet, dNBR 0,17).","Model bu rejimde tahmin üretmiyor. Kendi toparlanması bekleniyor, müdahale listesine alınmıyor. Yangın öncesi örtü otlak ve çalılık idi; orman kurma değil, mevcut örtünün onarımı düşünülmeli. Bu bölgede referans yangınımız az — tahmin belirsizliği diğer bölgelerden yüksek, saha doğrulaması önerilir.",True
KAR_2024_01_001679,IZLE,ESKIDEN_ORMAN_DEGIL|DUSUK_GUVEN,,,prediction_status=low_severity,"İzle, müdahale etme. Yangın bu kareyi ağır yakmamış (düşük şiddet, dNBR 0,10).","Model bu rejimde tahmin üretmiyor. Kendi toparlanması bekleniyor, müdahale listesine alınmıyor. Yangın öncesi örtü otlak ve çalılık idi; orman kurma değil, mevcut örtünün onarımı düşünülmeli. Bu bölgede referans yangınımız az — tahmin belirsizliği diğer bölgelerden yüksek, saha doğrulaması önerilir.",True
KAR_2024_01_001681,KAPSAM_DISI,,,,land_cover=Tarim,"Ağaçlandırma kapsamı dışı. Bu kare tarım alanı olarak sınıflanmış, orman rehabilitasyonu hedefi değil.",Öncelik sıralamasına dahil edilmiyor.,False
KAR_2024_01_001734,IZLE,DUSUK_GUVEN,,,prediction_status=low_severity,"İzle, müdahale etme. Yangın bu kareyi ağır yakmamış (orta-düşük şiddet, dNBR 0,31).","Model bu rejimde tahmin üretmiyor. Kendi toparlanması bekleniyor, müdahale listesine alınmıyor. Bu bölgede referans yangınımız az — tahmin belirsizliği diğer bölgelerden yüksek, saha doğrulaması önerilir.",True
KAR_2024_01_001735,DIKIM_ADAYI,ESKIDEN_ORMAN_DEGIL|DUSUK_GUVEN,0.059,"maki türleri, kermes meşesi",toparlanma=0.06 <0.35,"Aktif dikim adayı. Doğal toparlanma zayıf kalıyor, eğim (19,0°) dikime elverişli.","Modelin tahminine göre yangın öncesi örtünün ancak %6 kadarı iki yılda geri gelecek — kendi başına kapanmayacak bir açık var. Yangın öncesi örtü otlak ve çalılık idi; orman kurma değil, mevcut örtünün onarımı düşünülmeli. Bu bölgede referans yangınımız az — tahmin belirsizliği diğer bölgelerden yüksek, saha doğrulaması önerilir. Yetişme ortamı: Karadeniz kuşağı, 1200 m, orta eğimli (10–25°). Bu koşullar için önerilen türler: maki türleri, kermes meşesi. Tür önerisi sistemin çıkarımı değil, dışarıdan verilen tablodan okunmuştur. Tablo: ÖRNEK TABLO — OGM tür-yetişme ortamı rehberi ile değiştirilecek",True
KAR_2024_01_001736,DIKIM_ADAYI,ESKIDEN_ORMAN_DEGIL|DUSUK_GUVEN,0.1275,"maki türleri, kermes meşesi",toparlanma=0.13 <0.35,"Aktif dikim adayı. Doğal toparlanma zayıf kalıyor, eğim (16,0°) dikime elverişli.","Modelin tahminine göre yangın öncesi örtünün ancak %13 kadarı iki yılda geri gelecek — kendi başına kapanmayacak bir açık var. Yangın öncesi örtü otlak ve çalılık idi; orman kurma değil, mevcut örtünün onarımı düşünülmeli. Bu bölgede referans yangınımız az — tahmin belirsizliği diğer bölgelerden yüksek, saha doğrulaması önerilir. Yetişme ortamı: Karadeniz kuşağı, 1198 m, orta eğimli (10–25°). Bu koşullar için önerilen türler: maki türleri, kermes meşesi. Tür önerisi sistemin çıkarımı değil, dışarıdan verilen tablodan okunmuştur. Tablo: ÖRNEK TABLO — OGM tür-yetişme ortamı rehberi ile değiştirilecek",True
KAR_2024_01_001737,DIKIM_ADAYI,ESKIDEN_ORMAN_DEGIL|DUSUK_GUVEN,0.1319,"maki türleri, kermes meşesi",toparlanma=0.13 <0.35,"Aktif dikim adayı. Doğal toparlanma zayıf kalıyor, eğim (10,0°) dikime elverişli.","Modelin tahminine göre yangın öncesi örtünün ancak %13 kadarı iki yılda geri gelecek — kendi başına kapanmayacak bir açık var. Yangın öncesi örtü otlak ve çalılık idi; orman kurma değil, mevcut örtünün onarımı düşünülmeli. Bu bölgede referans yangınımız az — tahmin belirsizliği diğer bölgelerden yüksek, saha doğrulaması önerilir. Yetişme ortamı: Karadeniz kuşağı, 1174 m, orta eğimli (10–25°). Bu koşullar için önerilen türler: maki türleri, kermes meşesi. Tür önerisi sistemin çıkarımı değil, dışarıdan verilen tablodan okunmuştur. Tablo: ÖRNEK TABLO — OGM tür-yetişme ortamı rehberi ile değiştirilecek",True
KAR_2024_01_001738,DIKIM_ADAYI,ESKIDEN_ORMAN_DEGIL|DUSUK_GUVEN,0.1511,"maki türleri, kermes meşesi",toparlanma=0.15 <0.35,"Aktif dikim adayı. Doğal toparlanma zayıf kalıyor, eğim (11,5°) dikime elverişli.","Modelin tahminine göre yangın öncesi örtünün ancak %15 kadarı iki yılda geri gelecek — kendi başına kapanmayacak bir açık var. Yangın öncesi örtü otlak ve çalılık idi; orman kurma değil, mevcut örtünün onarımı düşünülmeli. Bu bölgede referans yangınımız az — tahmin belirsizliği diğer bölgelerden yüksek, saha doğrulaması önerilir. Yetişme ortamı: Karadeniz kuşağı, 1158 m, orta eğimli (10–25°). Bu koşullar için önerilen türler: maki türleri, kermes meşesi. Tür önerisi sistemin çıkarımı değil, dışarıdan verilen tablodan okunmuştur. Tablo: ÖRNEK TABLO — OGM tür-yetişme ortamı rehberi ile değiştirilecek",True
KAR_2024_01_001739,DIKIM_ADAYI,ESKIDEN_ORMAN_DEGIL|DUSUK_GUVEN,0.0985,"maki türleri, kermes meşesi",toparlanma=0.10 <0.35,"Aktif dikim adayı. Doğal toparlanma zayıf kalıyor, eğim (10,9°) dikime elverişli.","Modelin tahminine göre yangın öncesi örtünün ancak %10 kadarı iki yılda geri gelecek — kendi başına kapanmayacak bir açık var. Yangın öncesi örtü otlak ve çalılık idi; orman kurma değil, mevcut örtünün onarımı düşünülmeli. Bu bölgede referans yangınımız az — tahmin belirsizliği diğer bölgelerden yüksek, saha doğrulaması önerilir. Yetişme ortamı: Karadeniz kuşağı, 1128 m, orta eğimli (10–25°). Bu koşullar için önerilen türler: maki türleri, kermes meşesi. Tür önerisi sistemin çıkarımı değil, dışarıdan verilen tablodan okunmuştur. Tablo: ÖRNEK TABLO — OGM tür-yetişme ortamı rehberi ile değiştirilecek",True
KAR_2024_01_001740,DIKIM_ADAYI,DUSUK_GUVEN,0.0952,"meşe, kayın, karaçam",toparlanma=0.10 <0.35,"Aktif dikim adayı. Doğal toparlanma zayıf kalıyor, eğim (10,7°) dikime elverişli.","Modelin tahminine göre yangın öncesi örtünün ancak %10 kadarı iki yılda geri gelecek — kendi başına kapanmayacak bir açık var. Bu bölgede referans yangınımız az — tahmin belirsizliği diğer bölgelerden yüksek, saha doğrulaması önerilir. Yetişme ortamı: Karadeniz kuşağı, 1148 m, orta eğimli (10–25°). Bu koşullar için önerilen türler: meşe, kayın, karaçam. Tür önerisi sistemin çıkarımı değil, dışarıdan verilen tablodan okunmuştur. Tablo: ÖRNEK TABLO — OGM tür-yetişme ortamı rehberi ile değiştirilecek",True
KAR_2024_01_001741,DIKIM_ADAYI,DUSUK_GUVEN,0.0523,,toparlanma=0.05 <0.35,"Aktif dikim adayı. Doğal toparlanma zayıf kalıyor, eğim (14,8°) dikime elverişli.","Modelin tahminine göre yangın öncesi örtünün ancak %5 kadarı iki yılda geri gelecek — kendi başına kapanmayacak bir açık var. Bu bölgede referans yangınımız az — tahmin belirsizliği diğer bölgelerden yüksek, saha doğrulaması önerilir. Yetişme ortamı: Karadeniz kuşağı, 1204 m, orta eğimli (10–25°). Tür seçimi için yetişme ortamı rehberine başvurulmalı.",True
KAR_2024_01_001742,DIKIM_ADAYI,DUSUK_GUVEN,0.0804,,toparlanma=0.08 <0.35,"Aktif dikim adayı. Doğal toparlanma zayıf kalıyor, eğim (10,4°) dikime elverişli.","Modelin tahminine göre yangın öncesi örtünün ancak %8 kadarı iki yılda geri gelecek — kendi başına kapanmayacak bir açık var. Bu bölgede referans yangınımız az — tahmin belirsizliği diğer bölgelerden yüksek, saha doğrulaması önerilir. Yetişme ortamı: Karadeniz kuşağı, 1254 m, orta eğimli (10–25°). Tür seçimi için yetişme ortamı rehberine başvurulmalı.",True
KAR_2024_01_001743,DIKIM_ADAYI,DUSUK_GUVEN,0.0408,,toparlanma=0.04 <0.35,"Aktif dikim adayı. Doğal toparlanma zayıf kalıyor, eğim (12,9°) dikime elverişli.","Modelin tahminine göre yangın öncesi örtünün ancak %4 kadarı iki yılda geri gelecek — kendi başına kapanmayacak bir açık var. Bu bölgede referans yangınımız az — tahmin belirsizliği diğer bölgelerden yüksek, saha doğrulaması önerilir. Yetişme ortamı: Karadeniz kuşağı, 1257 m, orta eğimli (10–25°). Tür seçimi için yetişme ortamı rehberine başvurulmalı.",True
KAR_2024_01_001744,IZLE,DUSUK_GUVEN,,,prediction_status=low_severity,"İzle, müdahale etme. Yangın bu kareyi ağır yakmamış (düşük şiddet, dNBR 0,22).","Model bu rejimde tahmin üretmiyor. Kendi toparlanması bekleniyor, müdahale listesine alınmıyor. Bu bölgede referans yangınımız az — tahmin belirsizliği diğer bölgelerden yüksek, saha doğrulaması önerilir.",True
KAR_2024_01_001750,KAPSAM_DISI,,,,land_cover=Yerlesim,"Ağaçlandırma kapsamı dışı. Bu kare yerleşim alanı olarak sınıflanmış, orman rehabilitasyonu hedefi değil.",Öncelik sıralamasına dahil edilmiyor.,False
KAR_2024_01_001798,IZLE,DUSUK_GUVEN,,,prediction_status=low_severity,"İzle, müdahale etme. Yangın bu kareyi ağır yakmamış (düşük şiddet, dNBR 0,12).","Model bu rejimde tahmin üretmiyor. Kendi toparlanması bekleniyor, müdahale listesine alınmıyor. Bu bölgede referans yangınımız az — tahmin belirsizliği diğer bölgelerden yüksek, saha doğrulaması önerilir.",True
KAR_2024_01_001799,IZLE,DUSUK_GUVEN,,,prediction_status=low_severity,"İzle, müdahale etme. Yangın bu kareyi ağır yakmamış (düşük şiddet, dNBR 0,11).","Model bu rejimde tahmin üretmiyor. Kendi toparlanması bekleniyor, müdahale listesine alınmıyor. Bu bölgede referans yangınımız az — tahmin belirsizliği diğer bölgelerden yüksek, saha doğrulaması önerilir.",True
KAR_2024_01_001800,IZLE,DUSUK_GUVEN,,,prediction_status=low_severity,"İzle, müdahale etme. Yangın bu kareyi ağır yakmamış (düşük şiddet, dNBR 0,11).","Model bu rejimde tahmin üretmiyor. Kendi toparlanması bekleniyor, müdahale listesine alınmıyor. Bu bölgede referans yangınımız az — tahmin belirsizliği diğer bölgelerden yüksek, saha doğrulaması önerilir.",True
KAR_2024_01_001801,DIKIM_ADAYI,DUSUK_GUVEN,0.0052,,toparlanma=0.01 <0.35,"Aktif dikim adayı. Doğal toparlanma zayıf kalıyor, eğim (18,5°) dikime elverişli.","Modelin tahminine göre yangın öncesi örtünün ancak %1 kadarı iki yılda geri gelecek — kendi başına kapanmayacak bir açık var. Bu bölgede referans yangınımız az — tahmin belirsizliği diğer bölgelerden yüksek, saha doğrulaması önerilir. Yetişme ortamı: Karadeniz kuşağı, 1218 m, orta eğimli (10–25°). Tür seçimi için yetişme ortamı rehberine başvurulmalı.",True
KAR_2024_01_001802,DIKIM_ADAYI,DUSUK_GUVEN,0.0,"meşe, kayın, karaçam",toparlanma=0.00 <0.35,"Aktif dikim adayı. Doğal toparlanma zayıf kalıyor, eğim (18,8°) dikime elverişli.","Modelin tahminine göre yangın öncesi örtünün ancak %0 kadarı iki yılda geri gelecek — kendi başına kapanmayacak bir açık var. Bu bölgede referans yangınımız az — tahmin belirsizliği diğer bölgelerden yüksek, saha doğrulaması önerilir. Yetişme ortamı: Karadeniz kuşağı, 1144 m, orta eğimli (10–25°). Bu koşullar için önerilen türler: meşe, kayın, karaçam. Tür önerisi sistemin çıkarımı değil, dışarıdan verilen tablodan okunmuştur. Tablo: ÖRNEK TABLO — OGM tür-yetişme ortamı rehberi ile değiştirilecek",True
KAR_2024_01_001803,DIKIM_ADAYI,DUSUK_GUVEN,0.0,"meşe, kayın, karaçam",toparlanma=0.00 <0.35,"Aktif dikim adayı. Doğal toparlanma zayıf kalıyor, eğim (13,6°) dikime elverişli.","Modelin tahminine göre yangın öncesi örtünün ancak %0 kadarı iki yılda geri gelecek — kendi başına kapanmayacak bir açık var. Bu bölgede referans yangınımız az — tahmin belirsizliği diğer bölgelerden yüksek, saha doğrulaması önerilir. Yetişme ortamı: Karadeniz kuşağı, 1131 m, orta eğimli (10–25°). Bu koşullar için önerilen türler: meşe, kayın, karaçam. Tür önerisi sistemin çıkarımı değil, dışarıdan verilen tablodan okunmuştur. Tablo: ÖRNEK TABLO — OGM tür-yetişme ortamı rehberi ile değiştirilecek",True
KAR_2024_01_001804,DIKIM_ADAYI,ESKIDEN_ORMAN_DEGIL|DUSUK_GUVEN,0.0615,"maki türleri, kermes meşesi",toparlanma=0.06 <0.35,"Aktif dikim adayı. Doğal toparlanma zayıf kalıyor, eğim (11,2°) dikime elverişli.","Modelin tahminine göre yangın öncesi örtünün ancak %6 kadarı iki yılda geri gelecek — kendi başına kapanmayacak bir açık var. Yangın öncesi örtü otlak ve çalılık idi; orman kurma değil, mevcut örtünün onarımı düşünülmeli. Bu bölgede referans yangınımız az — tahmin belirsizliği diğer bölgelerden yüksek, saha doğrulaması önerilir. Yetişme ortamı: Karadeniz kuşağı, 1142 m, orta eğimli (10–25°). Bu koşullar için önerilen türler: maki türleri, kermes meşesi. Tür önerisi sistemin çıkarımı değil, dışarıdan verilen tablodan okunmuştur. Tablo: ÖRNEK TABLO — OGM tür-yetişme ortamı rehberi ile değiştirilecek",True
KAR_2024_01_001805,DIKIM_ADAYI,DUSUK_GUVEN,0.0879,"meşe, kayın, karaçam",toparlanma=0.09 <0.35,"Aktif dikim adayı. Doğal toparlanma zayıf kalıyor, eğim (6,9°) dikime elverişli.","Modelin tahminine göre yangın öncesi örtünün ancak %9 kadarı iki yılda geri gelecek — kendi başına kapanmayacak bir açık var. Bu bölgede referans yangınımız az — tahmin belirsizliği diğer bölgelerden yüksek, saha doğrulaması önerilir. Yetişme ortamı: Karadeniz kuşağı, 1151 m, düz-hafif eğimli (0–10°). Bu koşullar için önerilen türler: meşe, kayın, karaçam. Tür önerisi sistemin çıkarımı değil, dışarıdan verilen tablodan okunmuştur. Tablo: ÖRNEK TABLO — OGM tür-yetişme ortamı rehberi ile değiştirilecek",True
KAR_2024_01_001806,DIKIM_ADAYI,DUSUK_GUVEN,0.0,"meşe, kayın, karaçam",toparlanma=0.00 <0.35,"Aktif dikim adayı. Doğal toparlanma zayıf kalıyor, eğim (9,5°) dikime elverişli.","Modelin tahminine göre yangın öncesi örtünün ancak %0 kadarı iki yılda geri gelecek — kendi başına kapanmayacak bir açık var. Bu bölgede referans yangınımız az — tahmin belirsizliği diğer bölgelerden yüksek, saha doğrulaması önerilir. Yetişme ortamı: Karadeniz kuşağı, 1117 m, düz-hafif eğimli (0–10°). Bu koşullar için önerilen türler: meşe, kayın, karaçam. Tür önerisi sistemin çıkarımı değil, dışarıdan verilen tablodan okunmuştur. Tablo: ÖRNEK TABLO — OGM tür-yetişme ortamı rehberi ile değiştirilecek",True
KAR_2024_01_001807,DIKIM_ADAYI,DUSUK_GUVEN,0.0042,"meşe, kayın, karaçam",toparlanma=0.00 <0.35,"Aktif dikim adayı. Doğal toparlanma zayıf kalıyor, eğim (9,6°) dikime elverişli.","Modelin tahminine göre yangın öncesi örtünün ancak %0 kadarı iki yılda geri gelecek — kendi başına kapanmayacak bir açık var. Bu bölgede referans yangınımız az — tahmin belirsizliği diğer bölgelerden yüksek, saha doğrulaması önerilir. Yetişme ortamı: Karadeniz kuşağı, 1113 m, düz-hafif eğimli (0–10°). Bu koşullar için önerilen türler: meşe, kayın, karaçam. Tür önerisi sistemin çıkarımı değil, dışarıdan verilen tablodan okunmuştur. Tablo: ÖRNEK TABLO — OGM tür-yetişme ortamı rehberi ile değiştirilecek",True
KAR_2024_01_001808,DIKIM_ADAYI,AGIR_YANMIS|DUSUK_GUVEN,0.0374,"meşe, kayın, karaçam",toparlanma=0.04 <0.35,"Aktif dikim adayı. Doğal toparlanma zayıf kalıyor, eğim (15,1°) dikime elverişli.","Modelin tahminine göre yangın öncesi örtünün ancak %4 kadarı iki yılda geri gelecek — kendi başına kapanmayacak bir açık var. Yangın orta-yüksek şiddet sınıfında (dNBR 0,48); toprak yüzeyi büyük olasılıkla açıkta. Bu bölgede referans yangınımız az — tahmin belirsizliği diğer bölgelerden yüksek, saha doğrulaması önerilir. Yetişme ortamı: Karadeniz kuşağı, 1161 m, orta eğimli (10–25°). Bu koşullar için önerilen türler: meşe, kayın, karaçam. Tür önerisi sistemin çıkarımı değil, dışarıdan verilen tablodan okunmuştur. Tablo: ÖRNEK TABLO — OGM tür-yetişme ortamı rehberi ile değiştirilecek",True
KAR_2024_01_001809,DIKIM_ADAYI,AGIR_YANMIS|DUSUK_GUVEN,0.0264,,toparlanma=0.03 <0.35,"Aktif dikim adayı. Doğal toparlanma zayıf kalıyor, eğim (20,3°) dikime elverişli.","Modelin tahminine göre yangın öncesi örtünün ancak %3 kadarı iki yılda geri gelecek — kendi başına kapanmayacak bir açık var. Yangın orta-yüksek şiddet sınıfında (dNBR 0,50); toprak yüzeyi büyük olasılıkla açıkta. Bu bölgede referans yangınımız az — tahmin belirsizliği diğer bölgelerden yüksek, saha doğrulaması önerilir. Yetişme ortamı: Karadeniz kuşağı, 1228 m, orta eğimli (10–25°). Tür seçimi için yetişme ortamı rehberine başvurulmalı.",True
KAR_2024_01_001810,DIKIM_ADAYI,AGIR_YANMIS|DUSUK_GUVEN,0.0479,,toparlanma=0.05 <0.35,"Aktif dikim adayı. Doğal toparlanma zayıf kalıyor, eğim (16,4°) dikime elverişli.","Modelin tahminine göre yangın öncesi örtünün ancak %5 kadarı iki yılda geri gelecek — kendi başına kapanmayacak bir açık var. Yangın orta-yüksek şiddet sınıfında (dNBR 0,48); toprak yüzeyi büyük olasılıkla açıkta. Bu bölgede referans yangınımız az — tahmin belirsizliği diğer bölgelerden yüksek, saha doğrulaması önerilir. Yetişme ortamı: Karadeniz kuşağı, 1298 m, orta eğimli (10–25°). Tür seçimi için yetişme ortamı rehberine başvurulmalı.",True
KAR_2024_01_001811,DIKIM_ADAYI,DUSUK_GUVEN,0.0104,,toparlanma=0.01 <0.35,"Aktif dikim adayı. Doğal toparlanma zayıf kalıyor, eğim (15,9°) dikime elverişli.","Modelin tahminine göre yangın öncesi örtünün ancak %1 kadarı iki yılda geri gelecek — kendi başına kapanmayacak bir açık var. Bu bölgede referans yangınımız az — tahmin belirsizliği diğer bölgelerden yüksek, saha doğrulaması önerilir. Yetişme ortamı: Karadeniz kuşağı, 1327 m, orta eğimli (10–25°). Tür seçimi için yetişme ortamı rehberine başvurulmalı.",True
KAR_2024_01_001812,IZLE,DUSUK_GUVEN,,,prediction_status=low_severity,"İzle, müdahale etme. Yangın bu kareyi ağır yakmamış (düşük şiddet, dNBR 0,18).","Model bu rejimde tahmin üretmiyor. Kendi toparlanması bekleniyor, müdahale listesine alınmıyor. Bu bölgede referans yangınımız az — tahmin belirsizliği diğer bölgelerden yüksek, saha doğrulaması önerilir.",True
KAR_2024_01_001865,IZLE,DUSUK_GUVEN,,,prediction_status=low_severity,"İzle, müdahale etme. Yangın bu kareyi ağır yakmamış (düşük şiddet, dNBR 0,14).","Model bu rejimde tahmin üretmiyor. Kendi toparlanması bekleniyor, müdahale listesine alınmıyor. Bu bölgede referans yangınımız az — tahmin belirsizliği diğer bölgelerden yüksek, saha doğrulaması önerilir.",True
KAR_2024_01_001866,IZLE,DUSUK_GUVEN,,,prediction_status=low_severity,"İzle, müdahale etme. Yangın bu kareyi ağır yakmamış (düşük şiddet, dNBR 0,21).","Model bu rejimde tahmin üretmiyor. Kendi toparlanması bekleniyor, müdahale listesine alınmıyor. Bu bölgede referans yangınımız az — tahmin belirsizliği diğer bölgelerden yüksek, saha doğrulaması önerilir.",True
KAR_2024_01_001867,IZLE,DUSUK_GUVEN,,,prediction_status=low_severity,"İzle, müdahale etme. Yangın bu kareyi ağır yakmamış (düşük şiddet, dNBR 0,25).","Model bu rejimde tahmin üretmiyor. Kendi toparlanması bekleniyor, müdahale listesine alınmıyor. Bu bölgede referans yangınımız az — tahmin belirsizliği diğer bölgelerden yüksek, saha doğrulaması önerilir.",True
KAR_2024_01_001868,IZLE,ESKIDEN_ORMAN_DEGIL|DUSUK_GUVEN,,,prediction_status=low_severity,"İzle, müdahale etme. Yangın bu kareyi ağır yakmamış (düşük şiddet, dNBR 0,27).","Model bu rejimde tahmin üretmiyor. Kendi toparlanması bekleniyor, müdahale listesine alınmıyor. Yangın öncesi örtü otlak ve çalılık idi; orman kurma değil, mevcut örtünün onarımı düşünülmeli. Bu bölgede referans yangınımız az — tahmin belirsizliği diğer bölgelerden yüksek, saha doğrulaması önerilir.",True
KAR_2024_01_001869,DIKIM_ADAYI,DUSUK_GUVEN,0.0,"meşe, kayın, karaçam",toparlanma=0.00 <0.35,"Aktif dikim adayı. Doğal toparlanma zayıf kalıyor, eğim (19,3°) dikime elverişli.","Modelin tahminine göre yangın öncesi örtünün ancak %0 kadarı iki yılda geri gelecek — kendi başına kapanmayacak bir açık var. Bu bölgede referans yangınımız az — tahmin belirsizliği diğer bölgelerden yüksek, saha doğrulaması önerilir. Yetişme ortamı: Karadeniz kuşağı, 1142 m, orta eğimli (10–25°). Bu koşullar için önerilen türler: meşe, kayın, karaçam. Tür önerisi sistemin çıkarımı değil, dışarıdan verilen tablodan okunmuştur. Tablo: ÖRNEK TABLO — OGM tür-yetişme ortamı rehberi ile değiştirilecek",True
KAR_2024_01_001870,DIKIM_ADAYI,AGIR_YANMIS|DUSUK_GUVEN,0.0,"meşe, kayın, karaçam",toparlanma=0.00 <0.35,"Aktif dikim adayı. Doğal toparlanma zayıf kalıyor, eğim (13,0°) dikime elverişli.","Modelin tahminine göre yangın öncesi örtünün ancak %0 kadarı iki yılda geri gelecek — kendi başına kapanmayacak bir açık var. Yangın orta-yüksek şiddet sınıfında (dNBR 0,47); toprak yüzeyi büyük olasılıkla açıkta. Bu bölgede referans yangınımız az — tahmin belirsizliği diğer bölgelerden yüksek, saha doğrulaması önerilir. Yetişme ortamı: Karadeniz kuşağı, 1098 m, orta eğimli (10–25°). Bu koşullar için önerilen türler: meşe, kayın, karaçam. Tür önerisi sistemin çıkarımı değil, dışarıdan verilen tablodan okunmuştur. Tablo: ÖRNEK TABLO — OGM tür-yetişme ortamı rehberi ile değiştirilecek",True
KAR_2024_01_001871,DIKIM_ADAYI,DUSUK_GUVEN,0.0025,"meşe, kayın, karaçam",toparlanma=0.00 <0.35,"Aktif dikim adayı. Doğal toparlanma zayıf kalıyor, eğim (10,2°) dikime elverişli.","Modelin tahminine göre yangın öncesi örtünün ancak %0 kadarı iki yılda geri gelecek — kendi başına kapanmayacak bir açık var. Bu bölgede referans yangınımız az — tahmin belirsizliği diğer bölgelerden yüksek, saha doğrulaması önerilir. Yetişme ortamı: Karadeniz kuşağı, 1102 m, orta eğimli (10–25°). Bu koşullar için önerilen türler: meşe, kayın, karaçam. Tür önerisi sistemin çıkarımı değil, dışarıdan verilen tablodan okunmuştur. Tablo: ÖRNEK TABLO — OGM tür-yetişme ortamı rehberi ile değiştirilecek",True
KAR_2024_01_001872,DIKIM_ADAYI,DUSUK_GUVEN,0.0,"meşe, kayın, karaçam",toparlanma=0.00 <0.35,"Aktif dikim adayı. Doğal toparlanma zayıf kalıyor, eğim (11,0°) dikime elverişli.","Modelin tahminine göre yangın öncesi örtünün ancak %0 kadarı iki yılda geri gelecek — kendi başına kapanmayacak bir açık var. Bu bölgede referans yangınımız az — tahmin belirsizliği diğer bölgelerden yüksek, saha doğrulaması önerilir. Yetişme ortamı: Karadeniz kuşağı, 1153 m, orta eğimli (10–25°). Bu koşullar için önerilen türler: meşe, kayın, karaçam. Tür önerisi sistemin çıkarımı değil, dışarıdan verilen tablodan okunmuştur. Tablo: ÖRNEK TABLO — OGM tür-yetişme ortamı rehberi ile değiştirilecek",True
KAR_2024_01_001873,DIKIM_ADAYI,AGIR_YANMIS|DUSUK_GUVEN,0.0,"meşe, kayın, karaçam",toparlanma=0.00 <0.35,"Aktif dikim adayı. Doğal toparlanma zayıf kalıyor, eğim (9,4°) dikime elverişli.","Modelin tahminine göre yangın öncesi örtünün ancak %0 kadarı iki yılda geri gelecek — kendi başına kapanmayacak bir açık var. Yangın orta-yüksek şiddet sınıfında (dNBR 0,44); toprak yüzeyi büyük olasılıkla açıkta. Bu bölgede referans yangınımız az — tahmin belirsizliği diğer bölgelerden yüksek, saha doğrulaması önerilir. Yetişme ortamı: Karadeniz kuşağı, 1153 m, düz-hafif eğimli (0–10°). Bu koşullar için önerilen türler: meşe, kayın, karaçam. Tür önerisi sistemin çıkarımı değil, dışarıdan verilen tablodan okunmuştur. Tablo: ÖRNEK TABLO — OGM tür-yetişme ortamı rehberi ile değiştirilecek",True
KAR_2024_01_001874,DIKIM_ADAYI,DUSUK_GUVEN,0.0,"meşe, kayın, karaçam",toparlanma=0.00 <0.35,"Aktif dikim adayı. Doğal toparlanma zayıf kalıyor, eğim (10,9°) dikime elverişli.","Modelin tahminine göre yangın öncesi örtünün ancak %0 kadarı iki yılda geri gelecek — kendi başına kapanmayacak bir açık var. Bu bölgede referans yangınımız az — tahmin belirsizliği diğer bölgelerden yüksek, saha doğrulaması önerilir. Yetişme ortamı: Karadeniz kuşağı, 1108 m, orta eğimli (10–25°). Bu koşullar için önerilen türler: meşe, kayın, karaçam. Tür önerisi sistemin çıkarımı değil, dışarıdan verilen tablodan okunmuştur. Tablo: ÖRNEK TABLO — OGM tür-yetişme ortamı rehberi ile değiştirilecek",True
KAR_2024_01_001875,DIKIM_ADAYI,AGIR_YANMIS|DUSUK_GUVEN,0.0165,"meşe, kayın, karaçam",toparlanma=0.02 <0.35,"Aktif dikim adayı. Doğal toparlanma zayıf kalıyor, eğim (20,1°) dikime elverişli.","Modelin tahminine göre yangın öncesi örtünün ancak %2 kadarı iki yılda geri gelecek — kendi başına kapanmayacak bir açık var. Yangın orta-yüksek şiddet sınıfında (dNBR 0,47); toprak yüzeyi büyük olasılıkla açıkta. Bu bölgede referans yangınımız az — tahmin belirsizliği diğer bölgelerden yüksek, saha doğrulaması önerilir. Yetişme ortamı: Karadeniz kuşağı, 1137 m, orta eğimli (10–25°). Bu koşullar için önerilen türler: meşe, kayın, karaçam. Tür önerisi sistemin çıkarımı değil, dışarıdan verilen tablodan okunmuştur. Tablo: ÖRNEK TABLO — OGM tür-yetişme ortamı rehberi ile değiştirilecek",True
KAR_2024_01_001876,DIKIM_ADAYI,AGIR_YANMIS|DUSUK_GUVEN,0.0492,,toparlanma=0.05 <0.35,"Aktif dikim adayı. Doğal toparlanma zayıf kalıyor, eğim (16,5°) dikime elverişli.","Modelin tahminine göre yangın öncesi örtünün ancak %5 kadarı iki yılda geri gelecek — kendi başına kapanmayacak bir açık var. Yangın orta-yüksek şiddet sınıfında (dNBR 0,56); toprak yüzeyi büyük olasılıkla açıkta. Bu bölgede referans yangınımız az — tahmin belirsizliği diğer bölgelerden yüksek, saha doğrulaması önerilir. Yetişme ortamı: Karadeniz kuşağı, 1218 m, orta eğimli (10–25°). Tür seçimi için yetişme ortamı rehberine başvurulmalı.",True
KAR_2024_01_001877,DIKIM_ADAYI,AGIR_YANMIS|DUSUK_GUVEN,0.0005,,toparlanma=0.00 <0.35,"Aktif dikim adayı. Doğal toparlanma zayıf kalıyor, eğim (15,8°) dikime elverişli.","Modelin tahminine göre yangın öncesi örtünün ancak %0 kadarı iki yılda geri gelecek — kendi başına kapanmayacak bir açık var. Yangın orta-yüksek şiddet sınıfında (dNBR 0,48); toprak yüzeyi büyük olasılıkla açıkta. Bu bölgede referans yangınımız az — tahmin belirsizliği diğer bölgelerden yüksek, saha doğrulaması önerilir. Yetişme ortamı: Karadeniz kuşağı, 1262 m, orta eğimli (10–25°). Tür seçimi için yetişme ortamı rehberine başvurulmalı.",True
KAR_2024_01_001878,DIKIM_ADAYI,DUSUK_GUVEN,0.1482,,toparlanma=0.15 <0.35,"Aktif dikim adayı. Doğal toparlanma zayıf kalıyor, eğim (13,8°) dikime elverişli.","Modelin tahminine göre yangın öncesi örtünün ancak %15 kadarı iki yılda geri gelecek — kendi başına kapanmayacak bir açık var. Bu bölgede referans yangınımız az — tahmin belirsizliği diğer bölgelerden yüksek, saha doğrulaması önerilir. Yetişme ortamı: Karadeniz kuşağı, 1284 m, orta eğimli (10–25°). Tür seçimi için yetişme ortamı rehberine başvurulmalı.",True
KAR_2024_01_001879,DIKIM_ADAYI,ESKIDEN_ORMAN_DEGIL|DUSUK_GUVEN,0.1403,"maki türleri, kermes meşesi",toparlanma=0.14 <0.35,"Aktif dikim adayı. Doğal toparlanma zayıf kalıyor, eğim (13,5°) dikime elverişli.","Modelin tahminine göre yangın öncesi örtünün ancak %14 kadarı iki yılda geri gelecek — kendi başına kapanmayacak bir açık var. Yangın öncesi örtü otlak ve çalılık idi; orman kurma değil, mevcut örtünün onarımı düşünülmeli. Bu bölgede referans yangınımız az — tahmin belirsizliği diğer bölgelerden yüksek, saha doğrulaması önerilir. Yetişme ortamı: Karadeniz kuşağı, 1280 m, orta eğimli (10–25°). Bu koşullar için önerilen türler: maki türleri, kermes meşesi. Tür önerisi sistemin çıkarımı değil, dışarıdan verilen tablodan okunmuştur. Tablo: ÖRNEK TABLO — OGM tür-yetişme ortamı rehberi ile değiştirilecek",True
KAR_2024_01_001880,DIKIM_ADAYI,DUSUK_GUVEN,0.0158,,toparlanma=0.02 <0.35,"Aktif dikim adayı. Doğal toparlanma zayıf kalıyor, eğim (12,2°) dikime elverişli.","Modelin tahminine göre yangın öncesi örtünün ancak %2 kadarı iki yılda geri gelecek — kendi başına kapanmayacak bir açık var. Bu bölgede referans yangınımız az — tahmin belirsizliği diğer bölgelerden yüksek, saha doğrulaması önerilir. Yetişme ortamı: Karadeniz kuşağı, 1298 m, orta eğimli (10–25°). Tür seçimi için yetişme ortamı rehberine başvurulmalı.",True
KAR_2024_01_001881,IZLE,DUSUK_GUVEN,,,prediction_status=low_severity,"İzle, müdahale etme. Yangın bu kareyi ağır yakmamış (düşük şiddet, dNBR 0,14).","Model bu rejimde tahmin üretmiyor. Kendi toparlanması bekleniyor, müdahale listesine alınmıyor. Bu bölgede referans yangınımız az — tahmin belirsizliği diğer bölgelerden yüksek, saha doğrulaması önerilir.",True
KAR_2024_01_001932,IZLE,DUSUK_GUVEN,,,prediction_status=low_severity,"İzle, müdahale etme. Yangın bu kareyi ağır yakmamış (düşük şiddet, dNBR 0,19).","Model bu rejimde tahmin üretmiyor. Kendi toparlanması bekleniyor, müdahale listesine alınmıyor. Bu bölgede referans yangınımız az — tahmin belirsizliği diğer bölgelerden yüksek, saha doğrulaması önerilir.",True
KAR_2024_01_001933,DIKIM_ADAYI,DUSUK_GUVEN,0.1958,"meşe, kayın, karaçam",toparlanma=0.20 <0.35,"Aktif dikim adayı. Doğal toparlanma zayıf kalıyor, eğim (14,7°) dikime elverişli.","Modelin tahminine göre yangın öncesi örtünün ancak %20 kadarı iki yılda geri gelecek — kendi başına kapanmayacak bir açık var. Bu bölgede referans yangınımız az — tahmin belirsizliği diğer bölgelerden yüksek, saha doğrulaması önerilir. Yetişme ortamı: Karadeniz kuşağı, 1163 m, orta eğimli (10–25°). Bu koşullar için önerilen türler: meşe, kayın, karaçam. Tür önerisi sistemin çıkarımı değil, dışarıdan verilen tablodan okunmuştur. Tablo: ÖRNEK TABLO — OGM tür-yetişme ortamı rehberi ile değiştirilecek",True
KAR_2024_01_001934,DIKIM_ADAYI,ESKIDEN_ORMAN_DEGIL|DUSUK_GUVEN,0.201,"maki türleri, kermes meşesi",toparlanma=0.20 <0.35,"Aktif dikim adayı. Doğal toparlanma zayıf kalıyor, eğim (17,3°) dikime elverişli.","Modelin tahminine göre yangın öncesi örtünün ancak %20 kadarı iki yılda geri gelecek — kendi başına kapanmayacak bir açık var. Yangın öncesi örtü otlak ve çalılık idi; orman kurma değil, mevcut örtünün onarımı düşünülmeli. Bu bölgede referans yangınımız az — tahmin belirsizliği diğer bölgelerden yüksek, saha doğrulaması önerilir. Yetişme ortamı: Karadeniz kuşağı, 1158 m, orta eğimli (10–25°). Bu koşullar için önerilen türler: maki türleri, kermes meşesi. Tür önerisi sistemin çıkarımı değil, dışarıdan verilen tablodan okunmuştur. Tablo: ÖRNEK TABLO — OGM tür-yetişme ortamı rehberi ile değiştirilecek",True
KAR_2024_01_001935,DIKIM_ADAYI,ESKIDEN_ORMAN_DEGIL|DUSUK_GUVEN,0.0142,"maki türleri, kermes meşesi",toparlanma=0.01 <0.35,"Aktif dikim adayı. Doğal toparlanma zayıf kalıyor, eğim (14,2°) dikime elverişli.","Modelin tahminine göre yangın öncesi örtünün ancak %1 kadarı iki yılda geri gelecek — kendi başına kapanmayacak bir açık var. Yangın öncesi örtü otlak ve çalılık idi; orman kurma değil, mevcut örtünün onarımı düşünülmeli. Bu bölgede referans yangınımız az — tahmin belirsizliği diğer bölgelerden yüksek, saha doğrulaması önerilir. Yetişme ortamı: Karadeniz kuşağı, 1148 m, orta eğimli (10–25°). Bu koşullar için önerilen türler: maki türleri, kermes meşesi. Tür önerisi sistemin çıkarımı değil, dışarıdan verilen tablodan okunmuştur. Tablo: ÖRNEK TABLO — OGM tür-yetişme ortamı rehberi ile değiştirilecek",True
KAR_2024_01_001936,DIKIM_ADAYI,DUSUK_GUVEN,0.0,"meşe, kayın, karaçam",toparlanma=0.00 <0.35,"Aktif dikim adayı. Doğal toparlanma zayıf kalıyor, eğim (15,8°) dikime elverişli.","Modelin tahminine göre yangın öncesi örtünün ancak %0 kadarı iki yılda geri gelecek — kendi başına kapanmayacak bir açık var. Bu bölgede referans yangınımız az — tahmin belirsizliği diğer bölgelerden yüksek, saha doğrulaması önerilir. Yetişme ortamı: Karadeniz kuşağı, 1104 m, orta eğimli (10–25°). Bu koşullar için önerilen türler: meşe, kayın, karaçam. Tür önerisi sistemin çıkarımı değil, dışarıdan verilen tablodan okunmuştur. Tablo: ÖRNEK TABLO — OGM tür-yetişme ortamı rehberi ile değiştirilecek",True
KAR_2024_01_001937,DIKIM_ADAYI,DUSUK_GUVEN,0.0,"meşe, kayın, karaçam",toparlanma=0.00 <0.35,"Aktif dikim adayı. Doğal toparlanma zayıf kalıyor, eğim (13,0°) dikime elverişli.","Modelin tahminine göre yangın öncesi örtünün ancak %0 kadarı iki yılda geri gelecek — kendi başına kapanmayacak bir açık var. Bu bölgede referans yangınımız az — tahmin belirsizliği diğer bölgelerden yüksek, saha doğrulaması önerilir. Yetişme ortamı: Karadeniz kuşağı, 1072 m, orta eğimli (10–25°). Bu koşullar için önerilen türler: meşe, kayın, karaçam. Tür önerisi sistemin çıkarımı değil, dışarıdan verilen tablodan okunmuştur. Tablo: ÖRNEK TABLO — OGM tür-yetişme ortamı rehberi ile değiştirilecek",True
KAR_2024_01_001938,DIKIM_ADAYI,AGIR_YANMIS|DUSUK_GUVEN,0.0466,"meşe, kayın, karaçam",toparlanma=0.05 <0.35,"Aktif dikim adayı. Doğal toparlanma zayıf kalıyor, eğim (11,4°) dikime elverişli.","Modelin tahminine göre yangın öncesi örtünün ancak %5 kadarı iki yılda geri gelecek — kendi başına kapanmayacak bir açık var. Yangın orta-yüksek şiddet sınıfında (dNBR 0,49); toprak yüzeyi büyük olasılıkla açıkta. Bu bölgede referans yangınımız az — tahmin belirsizliği diğer bölgelerden yüksek, saha doğrulaması önerilir. Yetişme ortamı: Karadeniz kuşağı, 1078 m, orta eğimli (10–25°). Bu koşullar için önerilen türler: meşe, kayın, karaçam. Tür önerisi sistemin çıkarımı değil, dışarıdan verilen tablodan okunmuştur. Tablo: ÖRNEK TABLO — OGM tür-yetişme ortamı rehberi ile değiştirilecek",True
KAR_2024_01_001939,DIKIM_ADAYI,AGIR_YANMIS|DUSUK_GUVEN,0.0412,"meşe, kayın, karaçam",toparlanma=0.04 <0.35,"Aktif dikim adayı. Doğal toparlanma zayıf kalıyor, eğim (14,7°) dikime elverişli.","Modelin tahminine göre yangın öncesi örtünün ancak %4 kadarı iki yılda geri gelecek — kendi başına kapanmayacak bir açık var. Yangın orta-yüksek şiddet sınıfında (dNBR 0,54); toprak yüzeyi büyük olasılıkla açıkta. Bu bölgede referans yangınımız az — tahmin belirsizliği diğer bölgelerden yüksek, saha doğrulaması önerilir. Yetişme ortamı: Karadeniz kuşağı, 1114 m, orta eğimli (10–25°). Bu koşullar için önerilen türler: meşe, kayın, karaçam. Tür önerisi sistemin çıkarımı değil, dışarıdan verilen tablodan okunmuştur. Tablo: ÖRNEK TABLO — OGM tür-yetişme ortamı rehberi ile değiştirilecek",True
KAR_2024_01_001940,DIKIM_ADAYI,AGIR_YANMIS|DUSUK_GUVEN,0.0242,"meşe, kayın, karaçam",toparlanma=0.02 <0.35,"Aktif dikim adayı. Doğal toparlanma zayıf kalıyor, eğim (12,1°) dikime elverişli.","Modelin tahminine göre yangın öncesi örtünün ancak %2 kadarı iki yılda geri gelecek — kendi başına kapanmayacak bir açık var. Yangın orta-yüksek şiddet sınıfında (dNBR 0,46); toprak yüzeyi büyük olasılıkla açıkta. Bu bölgede referans yangınımız az — tahmin belirsizliği diğer bölgelerden yüksek, saha doğrulaması önerilir. Yetişme ortamı: Karadeniz kuşağı, 1159 m, orta eğimli (10–25°). Bu koşullar için önerilen türler: meşe, kayın, karaçam. Tür önerisi sistemin çıkarımı değil, dışarıdan verilen tablodan okunmuştur. Tablo: ÖRNEK TABLO — OGM tür-yetişme ortamı rehberi ile değiştirilecek",True
KAR_2024_01_001941,DIKIM_ADAYI,AGIR_YANMIS|DUSUK_GUVEN,0.0136,"meşe, kayın, karaçam",toparlanma=0.01 <0.35,"Aktif dikim adayı. Doğal toparlanma zayıf kalıyor, eğim (10,5°) dikime elverişli.","Modelin tahminine göre yangın öncesi örtünün ancak %1 kadarı iki yılda geri gelecek — kendi başına kapanmayacak bir açık var. Yangın orta-yüksek şiddet sınıfında (dNBR 0,48); toprak yüzeyi büyük olasılıkla açıkta. Bu bölgede referans yangınımız az — tahmin belirsizliği diğer bölgelerden yüksek, saha doğrulaması önerilir. Yetişme ortamı: Karadeniz kuşağı, 1144 m, orta eğimli (10–25°). Bu koşullar için önerilen türler: meşe, kayın, karaçam. Tür önerisi sistemin çıkarımı değil, dışarıdan verilen tablodan okunmuştur. Tablo: ÖRNEK TABLO — OGM tür-yetişme ortamı rehberi ile değiştirilecek",True
KAR_2024_01_001942,DIKIM_ADAYI,DUSUK_GUVEN,0.0137,"meşe, kayın, karaçam",toparlanma=0.01 <0.35,"Aktif dikim adayı. Doğal toparlanma zayıf kalıyor, eğim (12,3°) dikime elverişli.","Modelin tahminine göre yangın öncesi örtünün ancak %1 kadarı iki yılda geri gelecek — kendi başına kapanmayacak bir açık var. Bu bölgede referans yangınımız az — tahmin belirsizliği diğer bölgelerden yüksek, saha doğrulaması önerilir. Yetişme ortamı: Karadeniz kuşağı, 1092 m, orta eğimli (10–25°). Bu koşullar için önerilen türler: meşe, kayın, karaçam. Tür önerisi sistemin çıkarımı değil, dışarıdan verilen tablodan okunmuştur. Tablo: ÖRNEK TABLO — OGM tür-yetişme ortamı rehberi ile değiştirilecek",True
KAR_2024_01_001943,DIKIM_ADAYI,ERISIM_ZOR|AGIR_YANMIS|DUSUK_GUVEN,0.0,"meşe, kayın, karaçam",toparlanma=0.00 <0.35,"Aktif dikim adayı. Doğal toparlanma zayıf kalıyor, eğim (20,5°) dikime elverişli.","Modelin tahminine göre yangın öncesi örtünün ancak %0 kadarı iki yılda geri gelecek — kendi başına kapanmayacak bir açık var. En yakın yol 2,05 km — erişim ve lojistik bu karede belirleyici olacak. Yangın orta-yüksek şiddet sınıfında (dNBR 0,47); toprak yüzeyi büyük olasılıkla açıkta. Bu bölgede referans yangınımız az — tahmin belirsizliği diğer bölgelerden yüksek, saha doğrulaması önerilir. Yetişme ortamı: Karadeniz kuşağı, 1151 m, orta eğimli (10–25°). Bu koşullar için önerilen türler: meşe, kayın, karaçam. Tür önerisi sistemin çıkarımı değil, dışarıdan verilen tablodan okunmuştur. Tablo: ÖRNEK TABLO — OGM tür-yetişme ortamı rehberi ile değiştirilecek",True
KAR_2024_01_001944,DIKIM_ADAYI,ERISIM_ZOR|AGIR_YANMIS|DUSUK_GUVEN,0.0,"meşe, kayın, karaçam",toparlanma=0.00 <0.35,"Aktif dikim adayı. Doğal toparlanma zayıf kalıyor, eğim (13,9°) dikime elverişli.","Modelin tahminine göre yangın öncesi örtünün ancak %0 kadarı iki yılda geri gelecek — kendi başına kapanmayacak bir açık var. En yakın yol 2,17 km — erişim ve lojistik bu karede belirleyici olacak. Yangın orta-yüksek şiddet sınıfında (dNBR 0,50); toprak yüzeyi büyük olasılıkla açıkta. Bu bölgede referans yangınımız az — tahmin belirsizliği diğer bölgelerden yüksek, saha doğrulaması önerilir. Yetişme ortamı: Karadeniz kuşağı, 1196 m, orta eğimli (10–25°). Bu koşullar için önerilen türler: meşe, kayın, karaçam. Tür önerisi sistemin çıkarımı değil, dışarıdan verilen tablodan okunmuştur. Tablo: ÖRNEK TABLO — OGM tür-yetişme ortamı rehberi ile değiştirilecek",True
KAR_2024_01_001945,DIKIM_ADAYI,DUSUK_GUVEN,0.0088,,toparlanma=0.01 <0.35,"Aktif dikim adayı. Doğal toparlanma zayıf kalıyor, eğim (13,6°) dikime elverişli.","Modelin tahminine göre yangın öncesi örtünün ancak %1 kadarı iki yılda geri gelecek — kendi başına kapanmayacak bir açık var. Bu bölgede referans yangınımız az — tahmin belirsizliği diğer bölgelerden yüksek, saha doğrulaması önerilir. Yetişme ortamı: Karadeniz kuşağı, 1206 m, orta eğimli (10–25°). Tür seçimi için yetişme ortamı rehberine başvurulmalı.",True
KAR_2024_01_001946,DIKIM_ADAYI,DUSUK_GUVEN,0.0705,,toparlanma=0.07 <0.35,"Aktif dikim adayı. Doğal toparlanma zayıf kalıyor, eğim (11,9°) dikime elverişli.","Modelin tahminine göre yangın öncesi örtünün ancak %7 kadarı iki yılda geri gelecek — kendi başına kapanmayacak bir açık var. Bu bölgede referans yangınımız az — tahmin belirsizliği diğer bölgelerden yüksek, saha doğrulaması önerilir. Yetişme ortamı: Karadeniz kuşağı, 1226 m, orta eğimli (10–25°). Tür seçimi için yetişme ortamı rehberine başvurulmalı.",True
KAR_2024_01_001947,DIKIM_ADAYI,DUSUK_GUVEN,0.1304,,toparlanma=0.13 <0.35,"Aktif dikim adayı. Doğal toparlanma zayıf kalıyor, eğim (10,4°) dikime elverişli.","Modelin tahminine göre yangın öncesi örtünün ancak %13 kadarı iki yılda geri gelecek — kendi başına kapanmayacak bir açık var. Bu bölgede referans yangınımız az — tahmin belirsizliği diğer bölgelerden yüksek, saha doğrulaması önerilir. Yetişme ortamı: Karadeniz kuşağı, 1241 m, orta eğimli (10–25°). Tür seçimi için yetişme ortamı rehberine başvurulmalı.",True
KAR_2024_01_001948,IZLE,SEYREK_ORTU|DUSUK_GUVEN,,,prediction_status=low_severity,"İzle, müdahale etme. Yangın bu kareyi ağır yakmamış (düşük şiddet, dNBR 0,23).","Model bu rejimde tahmin üretmiyor. Kendi toparlanması bekleniyor, müdahale listesine alınmıyor. Yangın öncesi ağaç örtüsü zaten seyrekti (%26) — buradaki açığın tamamı yangından kaynaklanmıyor olabilir. Bu bölgede referans yangınımız az — tahmin belirsizliği diğer bölgelerden yüksek, saha doğrulaması önerilir.",True
KAR_2024_01_001949,DIKIM_ADAYI,DUSUK_GUVEN,0.0631,,toparlanma=0.06 <0.35,"Aktif dikim adayı. Doğal toparlanma zayıf kalıyor, eğim (16,9°) dikime elverişli.","Modelin tahminine göre yangın öncesi örtünün ancak %6 kadarı iki yılda geri gelecek — kendi başına kapanmayacak bir açık var. Bu bölgede referans yangınımız az — tahmin belirsizliği diğer bölgelerden yüksek, saha doğrulaması önerilir. Yetişme ortamı: Karadeniz kuşağı, 1347 m, orta eğimli (10–25°). Tür seçimi için yetişme ortamı rehberine başvurulmalı.",True
KAR_2024_01_001999,IZLE,DUSUK_GUVEN,,,prediction_status=low_severity,"İzle, müdahale etme. Yangın bu kareyi ağır yakmamış (düşük şiddet, dNBR 0,22).","Model bu rejimde tahmin üretmiyor. Kendi toparlanması bekleniyor, müdahale listesine alınmıyor. Bu bölgede referans yangınımız az — tahmin belirsizliği diğer bölgelerden yüksek, saha doğrulaması önerilir.",True
KAR_2024_01_002000,DIKIM_ADAYI,DUSUK_GUVEN,0.0,"meşe, kayın, karaçam",toparlanma=0.00 <0.35,"Aktif dikim adayı. Doğal toparlanma zayıf kalıyor, eğim (16,6°) dikime elverişli.","Modelin tahminine göre yangın öncesi örtünün ancak %0 kadarı iki yılda geri gelecek — kendi başına kapanmayacak bir açık var. Bu bölgede referans yangınımız az — tahmin belirsizliği diğer bölgelerden yüksek, saha doğrulaması önerilir. Yetişme ortamı: Karadeniz kuşağı, 1086 m, orta eğimli (10–25°). Bu koşullar için önerilen türler: meşe, kayın, karaçam. Tür önerisi sistemin çıkarımı değil, dışarıdan verilen tablodan okunmuştur. Tablo: ÖRNEK TABLO — OGM tür-yetişme ortamı rehberi ile değiştirilecek",True
KAR_2024_01_002001,DIKIM_ADAYI,DUSUK_GUVEN,0.0087,"meşe, kayın, karaçam",toparlanma=0.01 <0.35,"Aktif dikim adayı. Doğal toparlanma zayıf kalıyor, eğim (13,0°) dikime elverişli.","Modelin tahminine göre yangın öncesi örtünün ancak %1 kadarı iki yılda geri gelecek — kendi başına kapanmayacak bir açık var. Bu bölgede referans yangınımız az — tahmin belirsizliği diğer bölgelerden yüksek, saha doğrulaması önerilir. Yetişme ortamı: Karadeniz kuşağı, 1090 m, orta eğimli (10–25°). Bu koşullar için önerilen türler: meşe, kayın, karaçam. Tür önerisi sistemin çıkarımı değil, dışarıdan verilen tablodan okunmuştur. Tablo: ÖRNEK TABLO — OGM tür-yetişme ortamı rehberi ile değiştirilecek",True
KAR_2024_01_002002,DIKIM_ADAYI,DUSUK_GUVEN,0.0847,"meşe, kayın, karaçam",toparlanma=0.08 <0.35,"Aktif dikim adayı. Doğal toparlanma zayıf kalıyor, eğim (9,0°) dikime elverişli.","Modelin tahminine göre yangın öncesi örtünün ancak %8 kadarı iki yılda geri gelecek — kendi başına kapanmayacak bir açık var. Bu bölgede referans yangınımız az — tahmin belirsizliği diğer bölgelerden yüksek, saha doğrulaması önerilir. Yetişme ortamı: Karadeniz kuşağı, 1104 m, düz-hafif eğimli (0–10°). Bu koşullar için önerilen türler: meşe, kayın, karaçam. Tür önerisi sistemin çıkarımı değil, dışarıdan verilen tablodan okunmuştur. Tablo: ÖRNEK TABLO — OGM tür-yetişme ortamı rehberi ile değiştirilecek",True
KAR_2024_01_002003,IZLE,SEYREK_ORTU|DUSUK_GUVEN,,,prediction_status=low_severity,"İzle, müdahale etme. Yangın bu kareyi ağır yakmamış (düşük şiddet, dNBR 0,21).","Model bu rejimde tahmin üretmiyor. Kendi toparlanması bekleniyor, müdahale listesine alınmıyor. Yangın öncesi ağaç örtüsü zaten seyrekti (%30) — buradaki açığın tamamı yangından kaynaklanmıyor olabilir. Bu bölgede referans yangınımız az — tahmin belirsizliği diğer bölgelerden yüksek, saha doğrulaması önerilir.",True
KAR_2024_01_002004,DIKIM_ADAYI,DUSUK_GUVEN,0.0038,"meşe, kayın, karaçam",toparlanma=0.00 <0.35,"Aktif dikim adayı. Doğal toparlanma zayıf kalıyor, eğim (11,7°) dikime elverişli.","Modelin tahminine göre yangın öncesi örtünün ancak %0 kadarı iki yılda geri gelecek — kendi başına kapanmayacak bir açık var. Bu bölgede referans yangınımız az — tahmin belirsizliği diğer bölgelerden yüksek, saha doğrulaması önerilir. Yetişme ortamı: Karadeniz kuşağı, 1103 m, orta eğimli (10–25°). Bu koşullar için önerilen türler: meşe, kayın, karaçam. Tür önerisi sistemin çıkarımı değil, dışarıdan verilen tablodan okunmuştur. Tablo: ÖRNEK TABLO — OGM tür-yetişme ortamı rehberi ile değiştirilecek",True
KAR_2024_01_002005,DIKIM_ADAYI,DUSUK_GUVEN,0.0,"meşe, kayın, karaçam",toparlanma=0.00 <0.35,"Aktif dikim adayı. Doğal toparlanma zayıf kalıyor, eğim (11,1°) dikime elverişli.","Modelin tahminine göre yangın öncesi örtünün ancak %0 kadarı iki yılda geri gelecek — kendi başına kapanmayacak bir açık var. Bu bölgede referans yangınımız az — tahmin belirsizliği diğer bölgelerden yüksek, saha doğrulaması önerilir. Yetişme ortamı: Karadeniz kuşağı, 1053 m, orta eğimli (10–25°). Bu koşullar için önerilen türler: meşe, kayın, karaçam. Tür önerisi sistemin çıkarımı değil, dışarıdan verilen tablodan okunmuştur. Tablo: ÖRNEK TABLO — OGM tür-yetişme ortamı rehberi ile değiştirilecek",True
KAR_2024_01_002006,DIKIM_ADAYI,DUSUK_GUVEN,0.0,"meşe, kayın, karaçam",toparlanma=0.00 <0.35,"Aktif dikim adayı. Doğal toparlanma zayıf kalıyor, eğim (16,8°) dikime elverişli.","Modelin tahminine göre yangın öncesi örtünün ancak %0 kadarı iki yılda geri gelecek — kendi başına kapanmayacak bir açık var. Bu bölgede referans yangınımız az — tahmin belirsizliği diğer bölgelerden yüksek, saha doğrulaması önerilir. Yetişme ortamı: Karadeniz kuşağı, 1095 m, orta eğimli (10–25°). Bu koşullar için önerilen türler: meşe, kayın, karaçam. Tür önerisi sistemin çıkarımı değil, dışarıdan verilen tablodan okunmuştur. Tablo: ÖRNEK TABLO — OGM tür-yetişme ortamı rehberi ile değiştirilecek",True
KAR_2024_01_002007,DIKIM_ADAYI,AGIR_YANMIS|DUSUK_GUVEN,0.0,"meşe, kayın, karaçam",toparlanma=0.00 <0.35,"Aktif dikim adayı. Doğal toparlanma zayıf kalıyor, eğim (17,2°) dikime elverişli.","Modelin tahminine göre yangın öncesi örtünün ancak %0 kadarı iki yılda geri gelecek — kendi başına kapanmayacak bir açık var. Yangın orta-yüksek şiddet sınıfında (dNBR 0,50); toprak yüzeyi büyük olasılıkla açıkta. Bu bölgede referans yangınımız az — tahmin belirsizliği diğer bölgelerden yüksek, saha doğrulaması önerilir. Yetişme ortamı: Karadeniz kuşağı, 1156 m, orta eğimli (10–25°). Bu koşullar için önerilen türler: meşe, kayın, karaçam. Tür önerisi sistemin çıkarımı değil, dışarıdan verilen tablodan okunmuştur. Tablo: ÖRNEK TABLO — OGM tür-yetişme ortamı rehberi ile değiştirilecek",True
KAR_2024_01_002008,DIKIM_ADAYI,AGIR_YANMIS|DUSUK_GUVEN,0.015,"meşe, kayın, karaçam",toparlanma=0.01 <0.35,"Aktif dikim adayı. Doğal toparlanma zayıf kalıyor, eğim (11,9°) dikime elverişli.","Modelin tahminine göre yangın öncesi örtünün ancak %1 kadarı iki yılda geri gelecek — kendi başına kapanmayacak bir açık var. Yangın orta-yüksek şiddet sınıfında (dNBR 0,54); toprak yüzeyi büyük olasılıkla açıkta. Bu bölgede referans yangınımız az — tahmin belirsizliği diğer bölgelerden yüksek, saha doğrulaması önerilir. Yetişme ortamı: Karadeniz kuşağı, 1198 m, orta eğimli (10–25°). Bu koşullar için önerilen türler: meşe, kayın, karaçam. Tür önerisi sistemin çıkarımı değil, dışarıdan verilen tablodan okunmuştur. Tablo: ÖRNEK TABLO — OGM tür-yetişme ortamı rehberi ile değiştirilecek",True
KAR_2024_01_002009,DIKIM_ADAYI,AGIR_YANMIS|DUSUK_GUVEN,0.0,"meşe, kayın, karaçam",toparlanma=0.00 <0.35,"Aktif dikim adayı. Doğal toparlanma zayıf kalıyor, eğim (17,6°) dikime elverişli.","Modelin tahminine göre yangın öncesi örtünün ancak %0 kadarı iki yılda geri gelecek — kendi başına kapanmayacak bir açık var. Yangın orta-yüksek şiddet sınıfında (dNBR 0,49); toprak yüzeyi büyük olasılıkla açıkta. Bu bölgede referans yangınımız az — tahmin belirsizliği diğer bölgelerden yüksek, saha doğrulaması önerilir. Yetişme ortamı: Karadeniz kuşağı, 1140 m, orta eğimli (10–25°). Bu koşullar için önerilen türler: meşe, kayın, karaçam. Tür önerisi sistemin çıkarımı değil, dışarıdan verilen tablodan okunmuştur. Tablo: ÖRNEK TABLO — OGM tür-yetişme ortamı rehberi ile değiştirilecek",True
KAR_2024_01_002010,DIKIM_ADAYI,ERISIM_ZOR|DUSUK_GUVEN,0.0746,"meşe, kayın, karaçam",toparlanma=0.07 <0.35,"Aktif dikim adayı. Doğal toparlanma zayıf kalıyor, eğim (9,9°) dikime elverişli.","Modelin tahminine göre yangın öncesi örtünün ancak %7 kadarı iki yılda geri gelecek — kendi başına kapanmayacak bir açık var. En yakın yol 2,06 km — erişim ve lojistik bu karede belirleyici olacak. Bu bölgede referans yangınımız az — tahmin belirsizliği diğer bölgelerden yüksek, saha doğrulaması önerilir. Yetişme ortamı: Karadeniz kuşağı, 1078 m, düz-hafif eğimli (0–10°). Bu koşullar için önerilen türler: meşe, kayın, karaçam. Tür önerisi sistemin çıkarımı değil, dışarıdan verilen tablodan okunmuştur. Tablo: ÖRNEK TABLO — OGM tür-yetişme ortamı rehberi ile değiştirilecek",True
KAR_2024_01_002011,DIKIM_ADAYI,ERISIM_ZOR|AGIR_YANMIS|DUSUK_GUVEN,0.0,"meşe, kayın, karaçam",toparlanma=0.00 <0.35,"Aktif dikim adayı. Doğal toparlanma zayıf kalıyor, eğim (13,7°) dikime elverişli.","Modelin tahminine göre yangın öncesi örtünün ancak %0 kadarı iki yılda geri gelecek — kendi başına kapanmayacak bir açık var. En yakın yol 2,22 km — erişim ve lojistik bu karede belirleyici olacak. Yangın orta-yüksek şiddet sınıfında (dNBR 0,45); toprak yüzeyi büyük olasılıkla açıkta. Bu bölgede referans yangınımız az — tahmin belirsizliği diğer bölgelerden yüksek, saha doğrulaması önerilir. Yetişme ortamı: Karadeniz kuşağı, 1114 m, orta eğimli (10–25°). Bu koşullar için önerilen türler: meşe, kayın, karaçam. Tür önerisi sistemin çıkarımı değil, dışarıdan verilen tablodan okunmuştur. Tablo: ÖRNEK TABLO — OGM tür-yetişme ortamı rehberi ile değiştirilecek",True
KAR_2024_01_002012,DIKIM_ADAYI,ERISIM_ZOR|DUSUK_GUVEN,0.0167,"meşe, kayın, karaçam",toparlanma=0.02 <0.35,"Aktif dikim adayı. Doğal toparlanma zayıf kalıyor, eğim (10,2°) dikime elverişli.","Modelin tahminine göre yangın öncesi örtünün ancak %2 kadarı iki yılda geri gelecek — kendi başına kapanmayacak bir açık var. En yakın yol 2,26 km — erişim ve lojistik bu karede belirleyici olacak. Bu bölgede referans yangınımız az — tahmin belirsizliği diğer bölgelerden yüksek, saha doğrulaması önerilir. Yetişme ortamı: Karadeniz kuşağı, 1158 m, orta eğimli (10–25°). Bu koşullar için önerilen türler: meşe, kayın, karaçam. Tür önerisi sistemin çıkarımı değil, dışarıdan verilen tablodan okunmuştur. Tablo: ÖRNEK TABLO — OGM tür-yetişme ortamı rehberi ile değiştirilecek",True
KAR_2024_01_002013,DIKIM_ADAYI,ERISIM_ZOR|DUSUK_GUVEN,0.0,"meşe, kayın, karaçam",toparlanma=0.00 <0.35,"Aktif dikim adayı. Doğal toparlanma zayıf kalıyor, eğim (9,6°) dikime elverişli.","Modelin tahminine göre yangın öncesi örtünün ancak %0 kadarı iki yılda geri gelecek — kendi başına kapanmayacak bir açık var. En yakın yol 2,02 km — erişim ve lojistik bu karede belirleyici olacak. Bu bölgede referans yangınımız az — tahmin belirsizliği diğer bölgelerden yüksek, saha doğrulaması önerilir. Yetişme ortamı: Karadeniz kuşağı, 1165 m, düz-hafif eğimli (0–10°). Bu koşullar için önerilen türler: meşe, kayın, karaçam. Tür önerisi sistemin çıkarımı değil, dışarıdan verilen tablodan okunmuştur. Tablo: ÖRNEK TABLO — OGM tür-yetişme ortamı rehberi ile değiştirilecek",True
KAR_2024_01_002014,DIKIM_ADAYI,DUSUK_GUVEN,0.1708,"meşe, kayın, karaçam",toparlanma=0.17 <0.35,"Aktif dikim adayı. Doğal toparlanma zayıf kalıyor, eğim (8,6°) dikime elverişli.","Modelin tahminine göre yangın öncesi örtünün ancak %17 kadarı iki yılda geri gelecek — kendi başına kapanmayacak bir açık var. Bu bölgede referans yangınımız az — tahmin belirsizliği diğer bölgelerden yüksek, saha doğrulaması önerilir. Yetişme ortamı: Karadeniz kuşağı, 1182 m, düz-hafif eğimli (0–10°). Bu koşullar için önerilen türler: meşe, kayın, karaçam. Tür önerisi sistemin çıkarımı değil, dışarıdan verilen tablodan okunmuştur. Tablo: ÖRNEK TABLO — OGM tür-yetişme ortamı rehberi ile değiştirilecek",True
KAR_2024_01_002015,DIKIM_ADAYI,DUSUK_GUVEN,0.1762,,toparlanma=0.18 <0.35,"Aktif dikim adayı. Doğal toparlanma zayıf kalıyor, eğim (11,5°) dikime elverişli.","Modelin tahminine göre yangın öncesi örtünün ancak %18 kadarı iki yılda geri gelecek — kendi başına kapanmayacak bir açık var. Bu bölgede referans yangınımız az — tahmin belirsizliği diğer bölgelerden yüksek, saha doğrulaması önerilir. Yetişme ortamı: Karadeniz kuşağı, 1213 m, orta eğimli (10–25°). Tür seçimi için yetişme ortamı rehberine başvurulmalı.",True
KAR_2024_01_002016,IZLE,ESKIDEN_ORMAN_DEGIL|DUSUK_GUVEN,,,prediction_status=low_severity,"İzle, müdahale etme. Yangın bu kareyi ağır yakmamış (düşük şiddet, dNBR 0,17).","Model bu rejimde tahmin üretmiyor. Kendi toparlanması bekleniyor, müdahale listesine alınmıyor. Yangın öncesi örtü otlak ve çalılık idi; orman kurma değil, mevcut örtünün onarımı düşünülmeli. Bu bölgede referans yangınımız az — tahmin belirsizliği diğer bölgelerden yüksek, saha doğrulaması önerilir.",True
KAR_2024_01_002017,DIKIM_ADAYI,DUSUK_GUVEN,0.1352,,toparlanma=0.14 <0.35,"Aktif dikim adayı. Doğal toparlanma zayıf kalıyor, eğim (14,9°) dikime elverişli.","Modelin tahminine göre yangın öncesi örtünün ancak %14 kadarı iki yılda geri gelecek — kendi başına kapanmayacak bir açık var. Bu bölgede referans yangınımız az — tahmin belirsizliği diğer bölgelerden yüksek, saha doğrulaması önerilir. Yetişme ortamı: Karadeniz kuşağı, 1320 m, orta eğimli (10–25°). Tür seçimi için yetişme ortamı rehberine başvurulmalı.",True
KAR_2024_01_002018,IZLE,DUSUK_GUVEN,,,prediction_status=low_severity,"İzle, müdahale etme. Yangın bu kareyi ağır yakmamış (düşük şiddet, dNBR 0,10).","Model bu rejimde tahmin üretmiyor. Kendi toparlanması bekleniyor, müdahale listesine alınmıyor. Bu bölgede referans yangınımız az — tahmin belirsizliği diğer bölgelerden yüksek, saha doğrulaması önerilir.",True
KAR_2024_01_002066,IZLE,DUSUK_GUVEN,,,prediction_status=low_severity,"İzle, müdahale etme. Yangın bu kareyi ağır yakmamış (düşük şiddet, dNBR 0,25).","Model bu rejimde tahmin üretmiyor. Kendi toparlanması bekleniyor, müdahale listesine alınmıyor. Bu bölgede referans yangınımız az — tahmin belirsizliği diğer bölgelerden yüksek, saha doğrulaması önerilir.",True
KAR_2024_01_002067,IZLE,DUSUK_GUVEN,,,prediction_status=low_severity,"İzle, müdahale etme. Yangın bu kareyi ağır yakmamış (düşük şiddet, dNBR 0,22).","Model bu rejimde tahmin üretmiyor. Kendi toparlanması bekleniyor, müdahale listesine alınmıyor. Bu bölgede referans yangınımız az — tahmin belirsizliği diğer bölgelerden yüksek, saha doğrulaması önerilir.",True
KAR_2024_01_002068,DIKIM_ADAYI,AGIR_YANMIS|DUSUK_GUVEN,0.0667,"meşe, kayın, karaçam",toparlanma=0.07 <0.35,"Aktif dikim adayı. Doğal toparlanma zayıf kalıyor, eğim (17,3°) dikime elverişli.","Modelin tahminine göre yangın öncesi örtünün ancak %7 kadarı iki yılda geri gelecek — kendi başına kapanmayacak bir açık var. Yangın orta-yüksek şiddet sınıfında (dNBR 0,46); toprak yüzeyi büyük olasılıkla açıkta. Bu bölgede referans yangınımız az — tahmin belirsizliği diğer bölgelerden yüksek, saha doğrulaması önerilir. Yetişme ortamı: Karadeniz kuşağı, 1079 m, orta eğimli (10–25°). Bu koşullar için önerilen türler: meşe, kayın, karaçam. Tür önerisi sistemin çıkarımı değil, dışarıdan verilen tablodan okunmuştur. Tablo: ÖRNEK TABLO — OGM tür-yetişme ortamı rehberi ile değiştirilecek",True
KAR_2024_01_002069,DIKIM_ADAYI,AGIR_YANMIS|DUSUK_GUVEN,0.0315,"meşe, kayın, karaçam",toparlanma=0.03 <0.35,"Aktif dikim adayı. Doğal toparlanma zayıf kalıyor, eğim (18,9°) dikime elverişli.","Modelin tahminine göre yangın öncesi örtünün ancak %3 kadarı iki yılda geri gelecek — kendi başına kapanmayacak bir açık var. Yangın orta-yüksek şiddet sınıfında (dNBR 0,48); toprak yüzeyi büyük olasılıkla açıkta. Bu bölgede referans yangınımız az — tahmin belirsizliği diğer bölgelerden yüksek, saha doğrulaması önerilir. Yetişme ortamı: Karadeniz kuşağı, 1115 m, orta eğimli (10–25°). Bu koşullar için önerilen türler: meşe, kayın, karaçam. Tür önerisi sistemin çıkarımı değil, dışarıdan verilen tablodan okunmuştur. Tablo: ÖRNEK TABLO — OGM tür-yetişme ortamı rehberi ile değiştirilecek",True
KAR_2024_01_002070,DIKIM_ADAYI,DUSUK_GUVEN,0.071,"meşe, kayın, karaçam",toparlanma=0.07 <0.35,"Aktif dikim adayı. Doğal toparlanma zayıf kalıyor, eğim (12,5°) dikime elverişli.","Modelin tahminine göre yangın öncesi örtünün ancak %7 kadarı iki yılda geri gelecek — kendi başına kapanmayacak bir açık var. Bu bölgede referans yangınımız az — tahmin belirsizliği diğer bölgelerden yüksek, saha doğrulaması önerilir. Yetişme ortamı: Karadeniz kuşağı, 1134 m, orta eğimli (10–25°). Bu koşullar için önerilen türler: meşe, kayın, karaçam. Tür önerisi sistemin çıkarımı değil, dışarıdan verilen tablodan okunmuştur. Tablo: ÖRNEK TABLO — OGM tür-yetişme ortamı rehberi ile değiştirilecek",True
KAR_2024_01_002071,DIKIM_ADAYI,DUSUK_GUVEN,0.0,"meşe, kayın, karaçam",toparlanma=0.00 <0.35,"Aktif dikim adayı. Doğal toparlanma zayıf kalıyor, eğim (9,5°) dikime elverişli.","Modelin tahminine göre yangın öncesi örtünün ancak %0 kadarı iki yılda geri gelecek — kendi başına kapanmayacak bir açık var. Bu bölgede referans yangınımız az — tahmin belirsizliği diğer bölgelerden yüksek, saha doğrulaması önerilir. Yetişme ortamı: Karadeniz kuşağı, 1119 m, düz-hafif eğimli (0–10°). Bu koşullar için önerilen türler: meşe, kayın, karaçam. Tür önerisi sistemin çıkarımı değil, dışarıdan verilen tablodan okunmuştur. Tablo: ÖRNEK TABLO — OGM tür-yetişme ortamı rehberi ile değiştirilecek",True
KAR_2024_01_002072,DIKIM_ADAYI,DUSUK_GUVEN,0.0,"meşe, kayın, karaçam",toparlanma=0.00 <0.35,"Aktif dikim adayı. Doğal toparlanma zayıf kalıyor, eğim (15,0°) dikime elverişli.","Modelin tahminine göre yangın öncesi örtünün ancak %0 kadarı iki yılda geri gelecek — kendi başına kapanmayacak bir açık var. Bu bölgede referans yangınımız az — tahmin belirsizliği diğer bölgelerden yüksek, saha doğrulaması önerilir. Yetişme ortamı: Karadeniz kuşağı, 1088 m, orta eğimli (10–25°). Bu koşullar için önerilen türler: meşe, kayın, karaçam. Tür önerisi sistemin çıkarımı değil, dışarıdan verilen tablodan okunmuştur. Tablo: ÖRNEK TABLO — OGM tür-yetişme ortamı rehberi ile değiştirilecek",True
KAR_2024_01_002073,DIKIM_ADAYI,DUSUK_GUVEN,0.0074,"meşe, kayın, karaçam",toparlanma=0.01 <0.35,"Aktif dikim adayı. Doğal toparlanma zayıf kalıyor, eğim (12,3°) dikime elverişli.","Modelin tahminine göre yangın öncesi örtünün ancak %1 kadarı iki yılda geri gelecek — kendi başına kapanmayacak bir açık var. Bu bölgede referans yangınımız az — tahmin belirsizliği diğer bölgelerden yüksek, saha doğrulaması önerilir. Yetişme ortamı: Karadeniz kuşağı, 1033 m, orta eğimli (10–25°). Bu koşullar için önerilen türler: meşe, kayın, karaçam. Tür önerisi sistemin çıkarımı değil, dışarıdan verilen tablodan okunmuştur. Tablo: ÖRNEK TABLO — OGM tür-yetişme ortamı rehberi ile değiştirilecek",True
KAR_2024_01_002074,DIKIM_ADAYI,AGIR_YANMIS|DUSUK_GUVEN,0.0248,"meşe, kayın, karaçam",toparlanma=0.02 <0.35,"Aktif dikim adayı. Doğal toparlanma zayıf kalıyor, eğim (17,4°) dikime elverişli.","Modelin tahminine göre yangın öncesi örtünün ancak %2 kadarı iki yılda geri gelecek — kendi başına kapanmayacak bir açık var. Yangın orta-yüksek şiddet sınıfında (dNBR 0,47); toprak yüzeyi büyük olasılıkla açıkta. Bu bölgede referans yangınımız az — tahmin belirsizliği diğer bölgelerden yüksek, saha doğrulaması önerilir. Yetişme ortamı: Karadeniz kuşağı, 1086 m, orta eğimli (10–25°). Bu koşullar için önerilen türler: meşe, kayın, karaçam. Tür önerisi sistemin çıkarımı değil, dışarıdan verilen tablodan okunmuştur. Tablo: ÖRNEK TABLO — OGM tür-yetişme ortamı rehberi ile değiştirilecek",True
KAR_2024_01_002075,DIKIM_ADAYI,AGIR_YANMIS|DUSUK_GUVEN,0.0,"meşe, kayın, karaçam",toparlanma=0.00 <0.35,"Aktif dikim adayı. Doğal toparlanma zayıf kalıyor, eğim (16,8°) dikime elverişli.","Modelin tahminine göre yangın öncesi örtünün ancak %0 kadarı iki yılda geri gelecek — kendi başına kapanmayacak bir açık var. Yangın orta-yüksek şiddet sınıfında (dNBR 0,49); toprak yüzeyi büyük olasılıkla açıkta. Bu bölgede referans yangınımız az — tahmin belirsizliği diğer bölgelerden yüksek, saha doğrulaması önerilir. Yetişme ortamı: Karadeniz kuşağı, 1165 m, orta eğimli (10–25°). Bu koşullar için önerilen türler: meşe, kayın, karaçam. Tür önerisi sistemin çıkarımı değil, dışarıdan verilen tablodan okunmuştur. Tablo: ÖRNEK TABLO — OGM tür-yetişme ortamı rehberi ile değiştirilecek",True
KAR_2024_01_002076,DIKIM_ADAYI,ERISIM_ZOR|AGIR_YANMIS|DUSUK_GUVEN,0.0,"meşe, kayın, karaçam",toparlanma=0.00 <0.35,"Aktif dikim adayı. Doğal toparlanma zayıf kalıyor, eğim (15,1°) dikime elverişli.","Modelin tahminine göre yangın öncesi örtünün ancak %0 kadarı iki yılda geri gelecek — kendi başına kapanmayacak bir açık var. En yakın yol 2,01 km — erişim ve lojistik bu karede belirleyici olacak. Yangın orta-yüksek şiddet sınıfında (dNBR 0,47); toprak yüzeyi büyük olasılıkla açıkta. Bu bölgede referans yangınımız az — tahmin belirsizliği diğer bölgelerden yüksek, saha doğrulaması önerilir. Yetişme ortamı: Karadeniz kuşağı, 1165 m, orta eğimli (10–25°). Bu koşullar için önerilen türler: meşe, kayın, karaçam. Tür önerisi sistemin çıkarımı değil, dışarıdan verilen tablodan okunmuştur. Tablo: ÖRNEK TABLO — OGM tür-yetişme ortamı rehberi ile değiştirilecek",True
KAR_2024_01_002077,DIKIM_ADAYI,ERISIM_ZOR|AGIR_YANMIS|DUSUK_GUVEN,0.0,"meşe, kayın, karaçam",toparlanma=0.00 <0.35,"Aktif dikim adayı. Doğal toparlanma zayıf kalıyor, eğim (14,7°) dikime elverişli.","Modelin tahminine göre yangın öncesi örtünün ancak %0 kadarı iki yılda geri gelecek — kendi başına kapanmayacak bir açık var. En yakın yol 2,12 km — erişim ve lojistik bu karede belirleyici olacak. Yangın orta-yüksek şiddet sınıfında (dNBR 0,45); toprak yüzeyi büyük olasılıkla açıkta. Bu bölgede referans yangınımız az — tahmin belirsizliği diğer bölgelerden yüksek, saha doğrulaması önerilir. Yetişme ortamı: Karadeniz kuşağı, 1125 m, orta eğimli (10–25°). Bu koşullar için önerilen türler: meşe, kayın, karaçam. Tür önerisi sistemin çıkarımı değil, dışarıdan verilen tablodan okunmuştur. Tablo: ÖRNEK TABLO — OGM tür-yetişme ortamı rehberi ile değiştirilecek",True
KAR_2024_01_002078,DIKIM_ADAYI,ERISIM_ZOR|DUSUK_GUVEN,0.032,"meşe, kayın, karaçam",toparlanma=0.03 <0.35,"Aktif dikim adayı. Doğal toparlanma zayıf kalıyor, eğim (11,8°) dikime elverişli.","Modelin tahminine göre yangın öncesi örtünün ancak %3 kadarı iki yılda geri gelecek — kendi başına kapanmayacak bir açık var. En yakın yol 2,25 km — erişim ve lojistik bu karede belirleyici olacak. Bu bölgede referans yangınımız az — tahmin belirsizliği diğer bölgelerden yüksek, saha doğrulaması önerilir. Yetişme ortamı: Karadeniz kuşağı, 1073 m, orta eğimli (10–25°). Bu koşullar için önerilen türler: meşe, kayın, karaçam. Tür önerisi sistemin çıkarımı değil, dışarıdan verilen tablodan okunmuştur. Tablo: ÖRNEK TABLO — OGM tür-yetişme ortamı rehberi ile değiştirilecek",True
KAR_2024_01_002079,DIKIM_ADAYI,ERISIM_ZOR|DUSUK_GUVEN,0.0213,"meşe, kayın, karaçam",toparlanma=0.02 <0.35,"Aktif dikim adayı. Doğal toparlanma zayıf kalıyor, eğim (12,1°) dikime elverişli.","Modelin tahminine göre yangın öncesi örtünün ancak %2 kadarı iki yılda geri gelecek — kendi başına kapanmayacak bir açık var. En yakın yol 2,41 km — erişim ve lojistik bu karede belirleyici olacak. Bu bölgede referans yangınımız az — tahmin belirsizliği diğer bölgelerden yüksek, saha doğrulaması önerilir. Yetişme ortamı: Karadeniz kuşağı, 1092 m, orta eğimli (10–25°). Bu koşullar için önerilen türler: meşe, kayın, karaçam. Tür önerisi sistemin çıkarımı değil, dışarıdan verilen tablodan okunmuştur. Tablo: ÖRNEK TABLO — OGM tür-yetişme ortamı rehberi ile değiştirilecek",True
KAR_2024_01_002080,DIKIM_ADAYI,ERISIM_ZOR|DUSUK_GUVEN,0.0104,"meşe, kayın, karaçam",toparlanma=0.01 <0.35,"Aktif dikim adayı. Doğal toparlanma zayıf kalıyor, eğim (10,8°) dikime elverişli.","Modelin tahminine göre yangın öncesi örtünün ancak %1 kadarı iki yılda geri gelecek — kendi başına kapanmayacak bir açık var. En yakın yol 2,35 km — erişim ve lojistik bu karede belirleyici olacak. Bu bölgede referans yangınımız az — tahmin belirsizliği diğer bölgelerden yüksek, saha doğrulaması önerilir. Yetişme ortamı: Karadeniz kuşağı, 1123 m, orta eğimli (10–25°). Bu koşullar için önerilen türler: meşe, kayın, karaçam. Tür önerisi sistemin çıkarımı değil, dışarıdan verilen tablodan okunmuştur. Tablo: ÖRNEK TABLO — OGM tür-yetişme ortamı rehberi ile değiştirilecek",True
KAR_2024_01_002081,DIKIM_ADAYI,ERISIM_ZOR|DUSUK_GUVEN,0.0929,"meşe, kayın, karaçam",toparlanma=0.09 <0.35,"Aktif dikim adayı. Doğal toparlanma zayıf kalıyor, eğim (11,5°) dikime elverişli.","Modelin tahminine göre yangın öncesi örtünün ancak %9 kadarı iki yılda geri gelecek — kendi başına kapanmayacak bir açık var. En yakın yol 2,13 km — erişim ve lojistik bu karede belirleyici olacak. Bu bölgede referans yangınımız az — tahmin belirsizliği diğer bölgelerden yüksek, saha doğrulaması önerilir. Yetişme ortamı: Karadeniz kuşağı, 1156 m, orta eğimli (10–25°). Bu koşullar için önerilen türler: meşe, kayın, karaçam. Tür önerisi sistemin çıkarımı değil, dışarıdan verilen tablodan okunmuştur. Tablo: ÖRNEK TABLO — OGM tür-yetişme ortamı rehberi ile değiştirilecek",True
KAR_2024_01_002082,DIKIM_ADAYI,DUSUK_GUVEN,0.1026,"meşe, kayın, karaçam",toparlanma=0.10 <0.35,"Aktif dikim adayı. Doğal toparlanma zayıf kalıyor, eğim (15,3°) dikime elverişli.","Modelin tahminine göre yangın öncesi örtünün ancak %10 kadarı iki yılda geri gelecek — kendi başına kapanmayacak bir açık var. Bu bölgede referans yangınımız az — tahmin belirsizliği diğer bölgelerden yüksek, saha doğrulaması önerilir. Yetişme ortamı: Karadeniz kuşağı, 1196 m, orta eğimli (10–25°). Bu koşullar için önerilen türler: meşe, kayın, karaçam. Tür önerisi sistemin çıkarımı değil, dışarıdan verilen tablodan okunmuştur. Tablo: ÖRNEK TABLO — OGM tür-yetişme ortamı rehberi ile değiştirilecek",True
KAR_2024_01_002083,DIKIM_ADAYI,DUSUK_GUVEN,0.1049,,toparlanma=0.10 <0.35,"Aktif dikim adayı. Doğal toparlanma zayıf kalıyor, eğim (15,0°) dikime elverişli.","Modelin tahminine göre yangın öncesi örtünün ancak %10 kadarı iki yılda geri gelecek — kendi başına kapanmayacak bir açık var. Bu bölgede referans yangınımız az — tahmin belirsizliği diğer bölgelerden yüksek, saha doğrulaması önerilir. Yetişme ortamı: Karadeniz kuşağı, 1227 m, orta eğimli (10–25°). Tür seçimi için yetişme ortamı rehberine başvurulmalı.",True
KAR_2024_01_002084,DIKIM_ADAYI,DUSUK_GUVEN,0.0495,,toparlanma=0.05 <0.35,"Aktif dikim adayı. Doğal toparlanma zayıf kalıyor, eğim (14,3°) dikime elverişli.","Modelin tahminine göre yangın öncesi örtünün ancak %5 kadarı iki yılda geri gelecek — kendi başına kapanmayacak bir açık var. Bu bölgede referans yangınımız az — tahmin belirsizliği diğer bölgelerden yüksek, saha doğrulaması önerilir. Yetişme ortamı: Karadeniz kuşağı, 1286 m, orta eğimli (10–25°). Tür seçimi için yetişme ortamı rehberine başvurulmalı.",True
KAR_2024_01_002085,DIKIM_ADAYI,DUSUK_GUVEN,0.1395,,toparlanma=0.14 <0.35,"Aktif dikim adayı. Doğal toparlanma zayıf kalıyor, eğim (12,0°) dikime elverişli.","Modelin tahminine göre yangın öncesi örtünün ancak %14 kadarı iki yılda geri gelecek — kendi başına kapanmayacak bir açık var. Bu bölgede referans yangınımız az — tahmin belirsizliği diğer bölgelerden yüksek, saha doğrulaması önerilir. Yetişme ortamı: Karadeniz kuşağı, 1324 m, orta eğimli (10–25°). Tür seçimi için yetişme ortamı rehberine başvurulmalı.",True
KAR_2024_01_002089,IZLE,DUSUK_GUVEN,,,prediction_status=low_severity,"İzle, müdahale etme. Yangın bu kareyi ağır yakmamış (düşük şiddet, dNBR 0,16).","Model bu rejimde tahmin üretmiyor. Kendi toparlanması bekleniyor, müdahale listesine alınmıyor. Bu bölgede referans yangınımız az — tahmin belirsizliği diğer bölgelerden yüksek, saha doğrulaması önerilir.",True
KAR_2024_01_002090,IZLE,DUSUK_GUVEN,,,prediction_status=low_severity,"İzle, müdahale etme. Yangın bu kareyi ağır yakmamış (düşük şiddet, dNBR 0,12).","Model bu rejimde tahmin üretmiyor. Kendi toparlanması bekleniyor, müdahale listesine alınmıyor. Bu bölgede referans yangınımız az — tahmin belirsizliği diğer bölgelerden yüksek, saha doğrulaması önerilir.",True
KAR_2024_01_002130,IZLE,DUSUK_GUVEN,,,prediction_status=low_severity,"İzle, müdahale etme. Yangın bu kareyi ağır yakmamış (düşük şiddet, dNBR 0,12).","Model bu rejimde tahmin üretmiyor. Kendi toparlanması bekleniyor, müdahale listesine alınmıyor. Bu bölgede referans yangınımız az — tahmin belirsizliği diğer bölgelerden yüksek, saha doğrulaması önerilir.",True
KAR_2024_01_002131,IZLE,DUSUK_GUVEN,,,prediction_status=low_severity,"İzle, müdahale etme. Yangın bu kareyi ağır yakmamış (düşük şiddet, dNBR 0,14).","Model bu rejimde tahmin üretmiyor. Kendi toparlanması bekleniyor, müdahale listesine alınmıyor. Bu bölgede referans yangınımız az — tahmin belirsizliği diğer bölgelerden yüksek, saha doğrulaması önerilir.",True
KAR_2024_01_002132,IZLE,DUSUK_GUVEN,,,prediction_status=low_severity,"İzle, müdahale etme. Yangın bu kareyi ağır yakmamış (düşük şiddet, dNBR 0,11).","Model bu rejimde tahmin üretmiyor. Kendi toparlanması bekleniyor, müdahale listesine alınmıyor. Bu bölgede referans yangınımız az — tahmin belirsizliği diğer bölgelerden yüksek, saha doğrulaması önerilir.",True
KAR_2024_01_002133,IZLE,DUSUK_GUVEN,,,prediction_status=low_severity,"İzle, müdahale etme. Yangın bu kareyi ağır yakmamış (düşük şiddet, dNBR 0,21).","Model bu rejimde tahmin üretmiyor. Kendi toparlanması bekleniyor, müdahale listesine alınmıyor. Bu bölgede referans yangınımız az — tahmin belirsizliği diğer bölgelerden yüksek, saha doğrulaması önerilir.",True
KAR_2024_01_002134,IZLE,DUSUK_GUVEN,,,prediction_status=low_severity,"İzle, müdahale etme. Yangın bu kareyi ağır yakmamış (düşük şiddet, dNBR 0,26).","Model bu rejimde tahmin üretmiyor. Kendi toparlanması bekleniyor, müdahale listesine alınmıyor. Bu bölgede referans yangınımız az — tahmin belirsizliği diğer bölgelerden yüksek, saha doğrulaması önerilir.",True
KAR_2024_01_002135,DIKIM_ADAYI,DUSUK_GUVEN,0.0553,"meşe, kayın, karaçam",toparlanma=0.06 <0.35,"Aktif dikim adayı. Doğal toparlanma zayıf kalıyor, eğim (10,9°) dikime elverişli.","Modelin tahminine göre yangın öncesi örtünün ancak %6 kadarı iki yılda geri gelecek — kendi başına kapanmayacak bir açık var. Bu bölgede referans yangınımız az — tahmin belirsizliği diğer bölgelerden yüksek, saha doğrulaması önerilir. Yetişme ortamı: Karadeniz kuşağı, 1104 m, orta eğimli (10–25°). Bu koşullar için önerilen türler: meşe, kayın, karaçam. Tür önerisi sistemin çıkarımı değil, dışarıdan verilen tablodan okunmuştur. Tablo: ÖRNEK TABLO — OGM tür-yetişme ortamı rehberi ile değiştirilecek",True
KAR_2024_01_002136,DIKIM_ADAYI,AGIR_YANMIS|DUSUK_GUVEN,0.018,"meşe, kayın, karaçam",toparlanma=0.02 <0.35,"Aktif dikim adayı. Doğal toparlanma zayıf kalıyor, eğim (10,1°) dikime elverişli.","Modelin tahminine göre yangın öncesi örtünün ancak %2 kadarı iki yılda geri gelecek — kendi başına kapanmayacak bir açık var. Yangın orta-yüksek şiddet sınıfında (dNBR 0,45); toprak yüzeyi büyük olasılıkla açıkta. Bu bölgede referans yangınımız az — tahmin belirsizliği diğer bölgelerden yüksek, saha doğrulaması önerilir. Yetişme ortamı: Karadeniz kuşağı, 1135 m, orta eğimli (10–25°). Bu koşullar için önerilen türler: meşe, kayın, karaçam. Tür önerisi sistemin çıkarımı değil, dışarıdan verilen tablodan okunmuştur. Tablo: ÖRNEK TABLO — OGM tür-yetişme ortamı rehberi ile değiştirilecek",True
KAR_2024_01_002137,DIKIM_ADAYI,DUSUK_GUVEN,0.0042,"meşe, kayın, karaçam",toparlanma=0.00 <0.35,"Aktif dikim adayı. Doğal toparlanma zayıf kalıyor, eğim (8,1°) dikime elverişli.","Modelin tahminine göre yangın öncesi örtünün ancak %0 kadarı iki yılda geri gelecek — kendi başına kapanmayacak bir açık var. Bu bölgede referans yangınımız az — tahmin belirsizliği diğer bölgelerden yüksek, saha doğrulaması önerilir. Yetişme ortamı: Karadeniz kuşağı, 1156 m, düz-hafif eğimli (0–10°). Bu koşullar için önerilen türler: meşe, kayın, karaçam. Tür önerisi sistemin çıkarımı değil, dışarıdan verilen tablodan okunmuştur. Tablo: ÖRNEK TABLO — OGM tür-yetişme ortamı rehberi ile değiştirilecek",True
KAR_2024_01_002138,DIKIM_ADAYI,DUSUK_GUVEN,0.0,"meşe, kayın, karaçam",toparlanma=0.00 <0.35,"Aktif dikim adayı. Doğal toparlanma zayıf kalıyor, eğim (11,1°) dikime elverişli.","Modelin tahminine göre yangın öncesi örtünün ancak %0 kadarı iki yılda geri gelecek — kendi başına kapanmayacak bir açık var. Bu bölgede referans yangınımız az — tahmin belirsizliği diğer bölgelerden yüksek, saha doğrulaması önerilir. Yetişme ortamı: Karadeniz kuşağı, 1137 m, orta eğimli (10–25°). Bu koşullar için önerilen türler: meşe, kayın, karaçam. Tür önerisi sistemin çıkarımı değil, dışarıdan verilen tablodan okunmuştur. Tablo: ÖRNEK TABLO — OGM tür-yetişme ortamı rehberi ile değiştirilecek",True
KAR_2024_01_002139,DIKIM_ADAYI,ERISIM_ZOR|DUSUK_GUVEN,0.0,"meşe, kayın, karaçam",toparlanma=0.00 <0.35,"Aktif dikim adayı. Doğal toparlanma zayıf kalıyor, eğim (10,6°) dikime elverişli.","Modelin tahminine göre yangın öncesi örtünün ancak %0 kadarı iki yılda geri gelecek — kendi başına kapanmayacak bir açık var. En yakın yol 2,11 km — erişim ve lojistik bu karede belirleyici olacak. Bu bölgede referans yangınımız az — tahmin belirsizliği diğer bölgelerden yüksek, saha doğrulaması önerilir. Yetişme ortamı: Karadeniz kuşağı, 1097 m, orta eğimli (10–25°). Bu koşullar için önerilen türler: meşe, kayın, karaçam. Tür önerisi sistemin çıkarımı değil, dışarıdan verilen tablodan okunmuştur. Tablo: ÖRNEK TABLO — OGM tür-yetişme ortamı rehberi ile değiştirilecek",True
KAR_2024_01_002140,DIKIM_ADAYI,ERISIM_ZOR|DUSUK_GUVEN,0.0,"meşe, kayın, karaçam",toparlanma=0.00 <0.35,"Aktif dikim adayı. Doğal toparlanma zayıf kalıyor, eğim (9,3°) dikime elverişli.","Modelin tahminine göre yangın öncesi örtünün ancak %0 kadarı iki yılda geri gelecek — kendi başına kapanmayacak bir açık var. En yakın yol 2,09 km — erişim ve lojistik bu karede belirleyici olacak. Bu bölgede referans yangınımız az — tahmin belirsizliği diğer bölgelerden yüksek, saha doğrulaması önerilir. Yetişme ortamı: Karadeniz kuşağı, 1065 m, düz-hafif eğimli (0–10°). Bu koşullar için önerilen türler: meşe, kayın, karaçam. Tür önerisi sistemin çıkarımı değil, dışarıdan verilen tablodan okunmuştur. Tablo: ÖRNEK TABLO — OGM tür-yetişme ortamı rehberi ile değiştirilecek",True
KAR_2024_01_002141,DIKIM_ADAYI,ERISIM_ZOR|DUSUK_GUVEN,0.0298,"meşe, kayın, karaçam",toparlanma=0.03 <0.35,"Aktif dikim adayı. Doğal toparlanma zayıf kalıyor, eğim (11,5°) dikime elverişli.","Modelin tahminine göre yangın öncesi örtünün ancak %3 kadarı iki yılda geri gelecek — kendi başına kapanmayacak bir açık var. En yakın yol 2,08 km — erişim ve lojistik bu karede belirleyici olacak. Bu bölgede referans yangınımız az — tahmin belirsizliği diğer bölgelerden yüksek, saha doğrulaması önerilir. Yetişme ortamı: Karadeniz kuşağı, 1027 m, orta eğimli (10–25°). Bu koşullar için önerilen türler: meşe, kayın, karaçam. Tür önerisi sistemin çıkarımı değil, dışarıdan verilen tablodan okunmuştur. Tablo: ÖRNEK TABLO — OGM tür-yetişme ortamı rehberi ile değiştirilecek",True
KAR_2024_01_002142,DIKIM_ADAYI,ERISIM_ZOR|DUSUK_GUVEN,0.0013,"meşe, kayın, karaçam",toparlanma=0.00 <0.35,"Aktif dikim adayı. Doğal toparlanma zayıf kalıyor, eğim (15,3°) dikime elverişli.","Modelin tahminine göre yangın öncesi örtünün ancak %0 kadarı iki yılda geri gelecek — kendi başına kapanmayacak bir açık var. En yakın yol 2,11 km — erişim ve lojistik bu karede belirleyici olacak. Bu bölgede referans yangınımız az — tahmin belirsizliği diğer bölgelerden yüksek, saha doğrulaması önerilir. Yetişme ortamı: Karadeniz kuşağı, 1072 m, orta eğimli (10–25°). Bu koşullar için önerilen türler: meşe, kayın, karaçam. Tür önerisi sistemin çıkarımı değil, dışarıdan verilen tablodan okunmuştur. Tablo: ÖRNEK TABLO — OGM tür-yetişme ortamı rehberi ile değiştirilecek",True
KAR_2024_01_002143,DIKIM_ADAYI,ERISIM_ZOR|DUSUK_GUVEN,0.0,"meşe, kayın, karaçam",toparlanma=0.00 <0.35,"Aktif dikim adayı. Doğal toparlanma zayıf kalıyor, eğim (17,1°) dikime elverişli.","Modelin tahminine göre yangın öncesi örtünün ancak %0 kadarı iki yılda geri gelecek — kendi başına kapanmayacak bir açık var. En yakın yol 2,16 km — erişim ve lojistik bu karede belirleyici olacak. Bu bölgede referans yangınımız az — tahmin belirsizliği diğer bölgelerden yüksek, saha doğrulaması önerilir. Yetişme ortamı: Karadeniz kuşağı, 1112 m, orta eğimli (10–25°). Bu koşullar için önerilen türler: meşe, kayın, karaçam. Tür önerisi sistemin çıkarımı değil, dışarıdan verilen tablodan okunmuştur. Tablo: ÖRNEK TABLO — OGM tür-yetişme ortamı rehberi ile değiştirilecek",True
KAR_2024_01_002144,DIKIM_ADAYI,ERISIM_ZOR|DUSUK_GUVEN,0.0,"meşe, kayın, karaçam",toparlanma=0.00 <0.35,"Aktif dikim adayı. Doğal toparlanma zayıf kalıyor, eğim (17,2°) dikime elverişli.","Modelin tahminine göre yangın öncesi örtünün ancak %0 kadarı iki yılda geri gelecek — kendi başına kapanmayacak bir açık var. En yakın yol 2,24 km — erişim ve lojistik bu karede belirleyici olacak. Bu bölgede referans yangınımız az — tahmin belirsizliği diğer bölgelerden yüksek, saha doğrulaması önerilir. Yetişme ortamı: Karadeniz kuşağı, 1115 m, orta eğimli (10–25°). Bu koşullar için önerilen türler: meşe, kayın, karaçam. Tür önerisi sistemin çıkarımı değil, dışarıdan verilen tablodan okunmuştur. Tablo: ÖRNEK TABLO — OGM tür-yetişme ortamı rehberi ile değiştirilecek",True
KAR_2024_01_002145,DIKIM_ADAYI,ERISIM_ZOR|DUSUK_GUVEN,0.0,"meşe, kayın, karaçam",toparlanma=0.00 <0.35,"Aktif dikim adayı. Doğal toparlanma zayıf kalıyor, eğim (16,5°) dikime elverişli.","Modelin tahminine göre yangın öncesi örtünün ancak %0 kadarı iki yılda geri gelecek — kendi başına kapanmayacak bir açık var. En yakın yol 2,34 km — erişim ve lojistik bu karede belirleyici olacak. Bu bölgede referans yangınımız az — tahmin belirsizliği diğer bölgelerden yüksek, saha doğrulaması önerilir. Yetişme ortamı: Karadeniz kuşağı, 1066 m, orta eğimli (10–25°). Bu koşullar için önerilen türler: meşe, kayın, karaçam. Tür önerisi sistemin çıkarımı değil, dışarıdan verilen tablodan okunmuştur. Tablo: ÖRNEK TABLO — OGM tür-yetişme ortamı rehberi ile değiştirilecek",True
KAR_2024_01_002146,IZLE,ERISIM_ZOR|DUSUK_GUVEN,,,prediction_status=low_severity,"İzle, müdahale etme. Yangın bu kareyi ağır yakmamış (düşük şiddet, dNBR 0,26).","Model bu rejimde tahmin üretmiyor. Kendi toparlanması bekleniyor, müdahale listesine alınmıyor. En yakın yol 2,43 km — erişim ve lojistik bu karede belirleyici olacak. Bu bölgede referans yangınımız az — tahmin belirsizliği diğer bölgelerden yüksek, saha doğrulaması önerilir.",True
KAR_2024_01_002147,DIKIM_ADAYI,ERISIM_ZOR|DUSUK_GUVEN,0.0538,"meşe, kayın, karaçam",toparlanma=0.05 <0.35,"Aktif dikim adayı. Doğal toparlanma zayıf kalıyor, eğim (15,4°) dikime elverişli.","Modelin tahminine göre yangın öncesi örtünün ancak %5 kadarı iki yılda geri gelecek — kendi başına kapanmayacak bir açık var. En yakın yol 2,51 km — erişim ve lojistik bu karede belirleyici olacak. Bu bölgede referans yangınımız az — tahmin belirsizliği diğer bölgelerden yüksek, saha doğrulaması önerilir. Yetişme ortamı: Karadeniz kuşağı, 1089 m, orta eğimli (10–25°). Bu koşullar için önerilen türler: meşe, kayın, karaçam. Tür önerisi sistemin çıkarımı değil, dışarıdan verilen tablodan okunmuştur. Tablo: ÖRNEK TABLO — OGM tür-yetişme ortamı rehberi ile değiştirilecek",True
KAR_2024_01_002148,DIKIM_ADAYI,ERISIM_ZOR|DUSUK_GUVEN,0.0272,"meşe, kayın, karaçam",toparlanma=0.03 <0.35,"Aktif dikim adayı. Doğal toparlanma zayıf kalıyor, eğim (19,2°) dikime elverişli.","Modelin tahminine göre yangın öncesi örtünün ancak %3 kadarı iki yılda geri gelecek — kendi başına kapanmayacak bir açık var. En yakın yol 2,48 km — erişim ve lojistik bu karede belirleyici olacak. Bu bölgede referans yangınımız az — tahmin belirsizliği diğer bölgelerden yüksek, saha doğrulaması önerilir. Yetişme ortamı: Karadeniz kuşağı, 1140 m, orta eğimli (10–25°). Bu koşullar için önerilen türler: meşe, kayın, karaçam. Tür önerisi sistemin çıkarımı değil, dışarıdan verilen tablodan okunmuştur. Tablo: ÖRNEK TABLO — OGM tür-yetişme ortamı rehberi ile değiştirilecek",True
KAR_2024_01_002149,DIKIM_ADAYI,ERISIM_ZOR|DUSUK_GUVEN,0.0025,,toparlanma=0.00 <0.35,"Aktif dikim adayı. Doğal toparlanma zayıf kalıyor, eğim (19,1°) dikime elverişli.","Modelin tahminine göre yangın öncesi örtünün ancak %0 kadarı iki yılda geri gelecek — kendi başına kapanmayacak bir açık var. En yakın yol 2,27 km — erişim ve lojistik bu karede belirleyici olacak. Bu bölgede referans yangınımız az — tahmin belirsizliği diğer bölgelerden yüksek, saha doğrulaması önerilir. Yetişme ortamı: Karadeniz kuşağı, 1201 m, orta eğimli (10–25°). Tür seçimi için yetişme ortamı rehberine başvurulmalı.",True
KAR_2024_01_002150,DIKIM_ADAYI,ERISIM_ZOR|DUSUK_GUVEN,0.0251,,toparlanma=0.03 <0.35,"Aktif dikim adayı. Doğal toparlanma zayıf kalıyor, eğim (17,3°) dikime elverişli.","Modelin tahminine göre yangın öncesi örtünün ancak %3 kadarı iki yılda geri gelecek — kendi başına kapanmayacak bir açık var. En yakın yol 2,07 km — erişim ve lojistik bu karede belirleyici olacak. Bu bölgede referans yangınımız az — tahmin belirsizliği diğer bölgelerden yüksek, saha doğrulaması önerilir. Yetişme ortamı: Karadeniz kuşağı, 1254 m, orta eğimli (10–25°). Tür seçimi için yetişme ortamı rehberine başvurulmalı.",True
KAR_2024_01_002151,DIKIM_ADAYI,DUSUK_GUVEN,0.0098,,toparlanma=0.01 <0.35,"Aktif dikim adayı. Doğal toparlanma zayıf kalıyor, eğim (14,6°) dikime elverişli.","Modelin tahminine göre yangın öncesi örtünün ancak %1 kadarı iki yılda geri gelecek — kendi başına kapanmayacak bir açık var. Bu bölgede referans yangınımız az — tahmin belirsizliği diğer bölgelerden yüksek, saha doğrulaması önerilir. Yetişme ortamı: Karadeniz kuşağı, 1288 m, orta eğimli (10–25°). Tür seçimi için yetişme ortamı rehberine başvurulmalı.",True
KAR_2024_01_002152,DIKIM_ADAYI,DUSUK_GUVEN,0.0241,,toparlanma=0.02 <0.35,"Aktif dikim adayı. Doğal toparlanma zayıf kalıyor, eğim (10,2°) dikime elverişli.","Modelin tahminine göre yangın öncesi örtünün ancak %2 kadarı iki yılda geri gelecek — kendi başına kapanmayacak bir açık var. Bu bölgede referans yangınımız az — tahmin belirsizliği diğer bölgelerden yüksek, saha doğrulaması önerilir. Yetişme ortamı: Karadeniz kuşağı, 1309 m, orta eğimli (10–25°). Tür seçimi için yetişme ortamı rehberine başvurulmalı.",True
KAR_2024_01_002153,DIKIM_ADAYI,DUSUK_GUVEN,0.0,,toparlanma=0.00 <0.35,"Aktif dikim adayı. Doğal toparlanma zayıf kalıyor, eğim (13,7°) dikime elverişli.","Modelin tahminine göre yangın öncesi örtünün ancak %0 kadarı iki yılda geri gelecek — kendi başına kapanmayacak bir açık var. Bu bölgede referans yangınımız az — tahmin belirsizliği diğer bölgelerden yüksek, saha doğrulaması önerilir. Yetişme ortamı: Karadeniz kuşağı, 1289 m, orta eğimli (10–25°). Tür seçimi için yetişme ortamı rehberine başvurulmalı.",True
KAR_2024_01_002154,IZLE,DUSUK_GUVEN,,,prediction_status=low_severity,"İzle, müdahale etme. Yangın bu kareyi ağır yakmamış (düşük şiddet, dNBR 0,24).","Model bu rejimde tahmin üretmiyor. Kendi toparlanması bekleniyor, müdahale listesine alınmıyor. Bu bölgede referans yangınımız az — tahmin belirsizliği diğer bölgelerden yüksek, saha doğrulaması önerilir.",True
KAR_2024_01_002155,IZLE,DUSUK_GUVEN,,,prediction_status=low_severity,"İzle, müdahale etme. Yangın bu kareyi ağır yakmamış (düşük şiddet, dNBR 0,21).","Model bu rejimde tahmin üretmiyor. Kendi toparlanması bekleniyor, müdahale listesine alınmıyor. Bu bölgede referans yangınımız az — tahmin belirsizliği diğer bölgelerden yüksek, saha doğrulaması önerilir.",True
KAR_2024_01_002156,IZLE,DUSUK_GUVEN,,,prediction_status=low_severity,"İzle, müdahale etme. Yangın bu kareyi ağır yakmamış (düşük şiddet, dNBR 0,19).","Model bu rejimde tahmin üretmiyor. Kendi toparlanması bekleniyor, müdahale listesine alınmıyor. Bu bölgede referans yangınımız az — tahmin belirsizliği diğer bölgelerden yüksek, saha doğrulaması önerilir.",True
KAR_2024_01_002157,DIKIM_ADAYI,DUSUK_GUVEN,0.0,,toparlanma=0.00 <0.35,"Aktif dikim adayı. Doğal toparlanma zayıf kalıyor, eğim (23,8°) dikime elverişli.","Modelin tahminine göre yangın öncesi örtünün ancak %0 kadarı iki yılda geri gelecek — kendi başına kapanmayacak bir açık var. Bu bölgede referans yangınımız az — tahmin belirsizliği diğer bölgelerden yüksek, saha doğrulaması önerilir. Yetişme ortamı: Karadeniz kuşağı, 1283 m, orta eğimli (10–25°). Tür seçimi için yetişme ortamı rehberine başvurulmalı.",True
KAR_2024_01_002158,IZLE,DUSUK_GUVEN,,,prediction_status=low_severity,"İzle, müdahale etme. Yangın bu kareyi ağır yakmamış (düşük şiddet, dNBR 0,26).","Model bu rejimde tahmin üretmiyor. Kendi toparlanması bekleniyor, müdahale listesine alınmıyor. Bu bölgede referans yangınımız az — tahmin belirsizliği diğer bölgelerden yüksek, saha doğrulaması önerilir.",True
KAR_2024_01_002197,IZLE,DUSUK_GUVEN,,,prediction_status=low_severity,"İzle, müdahale etme. Yangın bu kareyi ağır yakmamış (düşük şiddet, dNBR 0,15).","Model bu rejimde tahmin üretmiyor. Kendi toparlanması bekleniyor, müdahale listesine alınmıyor. Bu bölgede referans yangınımız az — tahmin belirsizliği diğer bölgelerden yüksek, saha doğrulaması önerilir.",True
KAR_2024_01_002198,IZLE,DUSUK_GUVEN,,,prediction_status=low_severity,"İzle, müdahale etme. Yangın bu kareyi ağır yakmamış (düşük şiddet, dNBR 0,13).","Model bu rejimde tahmin üretmiyor. Kendi toparlanması bekleniyor, müdahale listesine alınmıyor. Bu bölgede referans yangınımız az — tahmin belirsizliği diğer bölgelerden yüksek, saha doğrulaması önerilir.",True
KAR_2024_01_002200,IZLE,DUSUK_GUVEN,,,prediction_status=low_severity,"İzle, müdahale etme. Yangın bu kareyi ağır yakmamış (düşük şiddet, dNBR 0,20).","Model bu rejimde tahmin üretmiyor. Kendi toparlanması bekleniyor, müdahale listesine alınmıyor. Bu bölgede referans yangınımız az — tahmin belirsizliği diğer bölgelerden yüksek, saha doğrulaması önerilir.",True
KAR_2024_01_002201,DIKIM_ADAYI,DUSUK_GUVEN,0.0621,"meşe, kayın, karaçam",toparlanma=0.06 <0.35,"Aktif dikim adayı. Doğal toparlanma zayıf kalıyor, eğim (8,4°) dikime elverişli.","Modelin tahminine göre yangın öncesi örtünün ancak %6 kadarı iki yılda geri gelecek — kendi başına kapanmayacak bir açık var. Bu bölgede referans yangınımız az — tahmin belirsizliği diğer bölgelerden yüksek, saha doğrulaması önerilir. Yetişme ortamı: Karadeniz kuşağı, 1006 m, düz-hafif eğimli (0–10°). Bu koşullar için önerilen türler: meşe, kayın, karaçam. Tür önerisi sistemin çıkarımı değil, dışarıdan verilen tablodan okunmuştur. Tablo: ÖRNEK TABLO — OGM tür-yetişme ortamı rehberi ile değiştirilecek",True
KAR_2024_01_002202,IZLE,DUSUK_GUVEN,,,prediction_status=low_severity,"İzle, müdahale etme. Yangın bu kareyi ağır yakmamış (düşük şiddet, dNBR 0,24).","Model bu rejimde tahmin üretmiyor. Kendi toparlanması bekleniyor, müdahale listesine alınmıyor. Bu bölgede referans yangınımız az — tahmin belirsizliği diğer bölgelerden yüksek, saha doğrulaması önerilir.",True
KAR_2024_01_002203,DIKIM_ADAYI,DUSUK_GUVEN,0.0383,"meşe, kayın, karaçam",toparlanma=0.04 <0.35,"Aktif dikim adayı. Doğal toparlanma zayıf kalıyor, eğim (10,3°) dikime elverişli.","Modelin tahminine göre yangın öncesi örtünün ancak %4 kadarı iki yılda geri gelecek — kendi başına kapanmayacak bir açık var. Bu bölgede referans yangınımız az — tahmin belirsizliği diğer bölgelerden yüksek, saha doğrulaması önerilir. Yetişme ortamı: Karadeniz kuşağı, 1078 m, orta eğimli (10–25°). Bu koşullar için önerilen türler: meşe, kayın, karaçam. Tür önerisi sistemin çıkarımı değil, dışarıdan verilen tablodan okunmuştur. Tablo: ÖRNEK TABLO — OGM tür-yetişme ortamı rehberi ile değiştirilecek",True
KAR_2024_01_002204,DIKIM_ADAYI,DUSUK_GUVEN,0.0884,"meşe, kayın, karaçam",toparlanma=0.09 <0.35,"Aktif dikim adayı. Doğal toparlanma zayıf kalıyor, eğim (7,3°) dikime elverişli.","Modelin tahminine göre yangın öncesi örtünün ancak %9 kadarı iki yılda geri gelecek — kendi başına kapanmayacak bir açık var. Bu bölgede referans yangınımız az — tahmin belirsizliği diğer bölgelerden yüksek, saha doğrulaması önerilir. Yetişme ortamı: Karadeniz kuşağı, 1112 m, düz-hafif eğimli (0–10°). Bu koşullar için önerilen türler: meşe, kayın, karaçam. Tür önerisi sistemin çıkarımı değil, dışarıdan verilen tablodan okunmuştur. Tablo: ÖRNEK TABLO — OGM tür-yetişme ortamı rehberi ile değiştirilecek",True
KAR_2024_01_002205,IZLE,DUSUK_GUVEN,,,prediction_status=low_severity,"İzle, müdahale etme. Yangın bu kareyi ağır yakmamış (düşük şiddet, dNBR 0,23).","Model bu rejimde tahmin üretmiyor. Kendi toparlanması bekleniyor, müdahale listesine alınmıyor. Bu bölgede referans yangınımız az — tahmin belirsizliği diğer bölgelerden yüksek, saha doğrulaması önerilir.",True
KAR_2024_01_002206,DIKIM_ADAYI,ERISIM_ZOR|DUSUK_GUVEN,0.0561,"meşe, kayın, karaçam",toparlanma=0.06 <0.35,"Aktif dikim adayı. Doğal toparlanma zayıf kalıyor, eğim (7,6°) dikime elverişli.","Modelin tahminine göre yangın öncesi örtünün ancak %6 kadarı iki yılda geri gelecek — kendi başına kapanmayacak bir açık var. En yakın yol 2,11 km — erişim ve lojistik bu karede belirleyici olacak. Bu bölgede referans yangınımız az — tahmin belirsizliği diğer bölgelerden yüksek, saha doğrulaması önerilir. Yetişme ortamı: Karadeniz kuşağı, 1112 m, düz-hafif eğimli (0–10°). Bu koşullar için önerilen türler: meşe, kayın, karaçam. Tür önerisi sistemin çıkarımı değil, dışarıdan verilen tablodan okunmuştur. Tablo: ÖRNEK TABLO — OGM tür-yetişme ortamı rehberi ile değiştirilecek",True
KAR_2024_01_002207,DIKIM_ADAYI,ERISIM_ZOR|DUSUK_GUVEN,0.0021,"meşe, kayın, karaçam",toparlanma=0.00 <0.35,"Aktif dikim adayı. Doğal toparlanma zayıf kalıyor, eğim (10,9°) dikime elverişli.","Modelin tahminine göre yangın öncesi örtünün ancak %0 kadarı iki yılda geri gelecek — kendi başına kapanmayacak bir açık var. En yakın yol 2,28 km — erişim ve lojistik bu karede belirleyici olacak. Bu bölgede referans yangınımız az — tahmin belirsizliği diğer bölgelerden yüksek, saha doğrulaması önerilir. Yetişme ortamı: Karadeniz kuşağı, 1080 m, orta eğimli (10–25°). Bu koşullar için önerilen türler: meşe, kayın, karaçam. Tür önerisi sistemin çıkarımı değil, dışarıdan verilen tablodan okunmuştur. Tablo: ÖRNEK TABLO — OGM tür-yetişme ortamı rehberi ile değiştirilecek",True
KAR_2024_01_002208,DIKIM_ADAYI,ERISIM_ZOR|DUSUK_GUVEN,0.0095,"meşe, kayın, karaçam",toparlanma=0.01 <0.35,"Aktif dikim adayı. Doğal toparlanma zayıf kalıyor, eğim (10,7°) dikime elverişli.","Modelin tahminine göre yangın öncesi örtünün ancak %1 kadarı iki yılda geri gelecek — kendi başına kapanmayacak bir açık var. En yakın yol 2,24 km — erişim ve lojistik bu karede belirleyici olacak. Bu bölgede referans yangınımız az — tahmin belirsizliği diğer bölgelerden yüksek, saha doğrulaması önerilir. Yetişme ortamı: Karadeniz kuşağı, 1037 m, orta eğimli (10–25°). Bu koşullar için önerilen türler: meşe, kayın, karaçam. Tür önerisi sistemin çıkarımı değil, dışarıdan verilen tablodan okunmuştur. Tablo: ÖRNEK TABLO — OGM tür-yetişme ortamı rehberi ile değiştirilecek",True
KAR_2024_01_002209,DIKIM_ADAYI,ERISIM_ZOR|DUSUK_GUVEN,0.0044,"meşe, kayın, karaçam",toparlanma=0.00 <0.35,"Aktif dikim adayı. Doğal toparlanma zayıf kalıyor, eğim (11,0°) dikime elverişli.","Modelin tahminine göre yangın öncesi örtünün ancak %0 kadarı iki yılda geri gelecek — kendi başına kapanmayacak bir açık var. En yakın yol 2,16 km — erişim ve lojistik bu karede belirleyici olacak. Bu bölgede referans yangınımız az — tahmin belirsizliği diğer bölgelerden yüksek, saha doğrulaması önerilir. Yetişme ortamı: Karadeniz kuşağı, 1012 m, orta eğimli (10–25°). Bu koşullar için önerilen türler: meşe, kayın, karaçam. Tür önerisi sistemin çıkarımı değil, dışarıdan verilen tablodan okunmuştur. Tablo: ÖRNEK TABLO — OGM tür-yetişme ortamı rehberi ile değiştirilecek",True
KAR_2024_01_002210,DIKIM_ADAYI,ERISIM_ZOR|DUSUK_GUVEN,0.0152,"meşe, kayın, karaçam",toparlanma=0.02 <0.35,"Aktif dikim adayı. Doğal toparlanma zayıf kalıyor, eğim (13,2°) dikime elverişli.","Modelin tahminine göre yangın öncesi örtünün ancak %2 kadarı iki yılda geri gelecek — kendi başına kapanmayacak bir açık var. En yakın yol 2,11 km — erişim ve lojistik bu karede belirleyici olacak. Bu bölgede referans yangınımız az — tahmin belirsizliği diğer bölgelerden yüksek, saha doğrulaması önerilir. Yetişme ortamı: Karadeniz kuşağı, 1031 m, orta eğimli (10–25°). Bu koşullar için önerilen türler: meşe, kayın, karaçam. Tür önerisi sistemin çıkarımı değil, dışarıdan verilen tablodan okunmuştur. Tablo: ÖRNEK TABLO — OGM tür-yetişme ortamı rehberi ile değiştirilecek",True
KAR_2024_01_002211,DIKIM_ADAYI,ERISIM_ZOR|DUSUK_GUVEN,0.096,"meşe, kayın, karaçam",toparlanma=0.10 <0.35,"Aktif dikim adayı. Doğal toparlanma zayıf kalıyor, eğim (11,6°) dikime elverişli.","Modelin tahminine göre yangın öncesi örtünün ancak %10 kadarı iki yılda geri gelecek — kendi başına kapanmayacak bir açık var. En yakın yol 2,09 km — erişim ve lojistik bu karede belirleyici olacak. Bu bölgede referans yangınımız az — tahmin belirsizliği diğer bölgelerden yüksek, saha doğrulaması önerilir. Yetişme ortamı: Karadeniz kuşağı, 1053 m, orta eğimli (10–25°). Bu koşullar için önerilen türler: meşe, kayın, karaçam. Tür önerisi sistemin çıkarımı değil, dışarıdan verilen tablodan okunmuştur. Tablo: ÖRNEK TABLO — OGM tür-yetişme ortamı rehberi ile değiştirilecek",True
KAR_2024_01_002212,IZLE,ERISIM_ZOR|DUSUK_GUVEN,,,prediction_status=low_severity,"İzle, müdahale etme. Yangın bu kareyi ağır yakmamış (düşük şiddet, dNBR 0,27).","Model bu rejimde tahmin üretmiyor. Kendi toparlanması bekleniyor, müdahale listesine alınmıyor. En yakın yol 2,09 km — erişim ve lojistik bu karede belirleyici olacak. Bu bölgede referans yangınımız az — tahmin belirsizliği diğer bölgelerden yüksek, saha doğrulaması önerilir.",True
KAR_2024_01_002213,IZLE,ERISIM_ZOR|DUSUK_GUVEN,,,prediction_status=low_severity,"İzle, müdahale etme. Yangın bu kareyi ağır yakmamış (düşük şiddet, dNBR 0,23).","Model bu rejimde tahmin üretmiyor. Kendi toparlanması bekleniyor, müdahale listesine alınmıyor. En yakın yol 2,13 km — erişim ve lojistik bu karede belirleyici olacak. Bu bölgede referans yangınımız az — tahmin belirsizliği diğer bölgelerden yüksek, saha doğrulaması önerilir.",True
KAR_2024_01_002214,DIKIM_ADAYI,ERISIM_ZOR|DUSUK_GUVEN,0.0636,"meşe, kayın, karaçam",toparlanma=0.06 <0.35,"Aktif dikim adayı. Doğal toparlanma zayıf kalıyor, eğim (14,2°) dikime elverişli.","Modelin tahminine göre yangın öncesi örtünün ancak %6 kadarı iki yılda geri gelecek — kendi başına kapanmayacak bir açık var. En yakın yol 2,19 km — erişim ve lojistik bu karede belirleyici olacak. Bu bölgede referans yangınımız az — tahmin belirsizliği diğer bölgelerden yüksek, saha doğrulaması önerilir. Yetişme ortamı: Karadeniz kuşağı, 1077 m, orta eğimli (10–25°). Bu koşullar için önerilen türler: meşe, kayın, karaçam. Tür önerisi sistemin çıkarımı değil, dışarıdan verilen tablodan okunmuştur. Tablo: ÖRNEK TABLO — OGM tür-yetişme ortamı rehberi ile değiştirilecek",True
KAR_2024_01_002215,DIKIM_ADAYI,ERISIM_ZOR|DUSUK_GUVEN,0.0,"meşe, kayın, karaçam",toparlanma=0.00 <0.35,"Aktif dikim adayı. Doğal toparlanma zayıf kalıyor, eğim (17,9°) dikime elverişli.","Modelin tahminine göre yangın öncesi örtünün ancak %0 kadarı iki yılda geri gelecek — kendi başına kapanmayacak bir açık var. En yakın yol 2,28 km — erişim ve lojistik bu karede belirleyici olacak. Bu bölgede referans yangınımız az — tahmin belirsizliği diğer bölgelerden yüksek, saha doğrulaması önerilir. Yetişme ortamı: Karadeniz kuşağı, 1133 m, orta eğimli (10–25°). Bu koşullar için önerilen türler: meşe, kayın, karaçam. Tür önerisi sistemin çıkarımı değil, dışarıdan verilen tablodan okunmuştur. Tablo: ÖRNEK TABLO — OGM tür-yetişme ortamı rehberi ile değiştirilecek",True
KAR_2024_01_002216,DIKIM_ADAYI,ERISIM_ZOR|DUSUK_GUVEN,0.0,,toparlanma=0.00 <0.35,"Aktif dikim adayı. Doğal toparlanma zayıf kalıyor, eğim (17,0°) dikime elverişli.","Modelin tahminine göre yangın öncesi örtünün ancak %0 kadarı iki yılda geri gelecek — kendi başına kapanmayacak bir açık var. En yakın yol 2,40 km — erişim ve lojistik bu karede belirleyici olacak. Bu bölgede referans yangınımız az — tahmin belirsizliği diğer bölgelerden yüksek, saha doğrulaması önerilir. Yetişme ortamı: Karadeniz kuşağı, 1210 m, orta eğimli (10–25°). Tür seçimi için yetişme ortamı rehberine başvurulmalı.",True
KAR_2024_01_002217,DIKIM_ADAYI,ERISIM_ZOR|DUSUK_GUVEN,0.0741,,toparlanma=0.07 <0.35,"Aktif dikim adayı. Doğal toparlanma zayıf kalıyor, eğim (12,5°) dikime elverişli.","Modelin tahminine göre yangın öncesi örtünün ancak %7 kadarı iki yılda geri gelecek — kendi başına kapanmayacak bir açık var. En yakın yol 2,42 km — erişim ve lojistik bu karede belirleyici olacak. Bu bölgede referans yangınımız az — tahmin belirsizliği diğer bölgelerden yüksek, saha doğrulaması önerilir. Yetişme ortamı: Karadeniz kuşağı, 1259 m, orta eğimli (10–25°). Tür seçimi için yetişme ortamı rehberine başvurulmalı.",True
KAR_2024_01_002218,IZLE,ERISIM_ZOR|ESKIDEN_ORMAN_DEGIL|DUSUK_GUVEN,,,prediction_status=low_severity,"İzle, müdahale etme. Yangın bu kareyi ağır yakmamış (düşük şiddet, dNBR 0,23).","Model bu rejimde tahmin üretmiyor. Kendi toparlanması bekleniyor, müdahale listesine alınmıyor. En yakın yol 2,23 km — erişim ve lojistik bu karede belirleyici olacak. Yangın öncesi örtü otlak ve çalılık idi; orman kurma değil, mevcut örtünün onarımı düşünülmeli. Bu bölgede referans yangınımız az — tahmin belirsizliği diğer bölgelerden yüksek, saha doğrulaması önerilir.",True
KAR_2024_01_002219,IZLE,ERISIM_ZOR|ESKIDEN_ORMAN_DEGIL|DUSUK_GUVEN,,,prediction_status=low_severity,"İzle, müdahale etme. Yangın bu kareyi ağır yakmamış (düşük şiddet, dNBR 0,23).","Model bu rejimde tahmin üretmiyor. Kendi toparlanması bekleniyor, müdahale listesine alınmıyor. En yakın yol 2,06 km — erişim ve lojistik bu karede belirleyici olacak. Yangın öncesi örtü otlak ve çalılık idi; orman kurma değil, mevcut örtünün onarımı düşünülmeli. Bu bölgede referans yangınımız az — tahmin belirsizliği diğer bölgelerden yüksek, saha doğrulaması önerilir.",True
KAR_2024_01_002220,IZLE,DUSUK_GUVEN,,,prediction_status=low_severity,"İzle, müdahale etme. Yangın bu kareyi ağır yakmamış (düşük şiddet, dNBR 0,26).","Model bu rejimde tahmin üretmiyor. Kendi toparlanması bekleniyor, müdahale listesine alınmıyor. Bu bölgede referans yangınımız az — tahmin belirsizliği diğer bölgelerden yüksek, saha doğrulaması önerilir.",True
KAR_2024_01_002221,DIKIM_ADAYI,DUSUK_GUVEN,0.0128,,toparlanma=0.01 <0.35,"Aktif dikim adayı. Doğal toparlanma zayıf kalıyor, eğim (13,0°) dikime elverişli.","Modelin tahminine göre yangın öncesi örtünün ancak %1 kadarı iki yılda geri gelecek — kendi başına kapanmayacak bir açık var. Bu bölgede referans yangınımız az — tahmin belirsizliği diğer bölgelerden yüksek, saha doğrulaması önerilir. Yetişme ortamı: Karadeniz kuşağı, 1238 m, orta eğimli (10–25°). Tür seçimi için yetişme ortamı rehberine başvurulmalı.",True
KAR_2024_01_002222,DIKIM_ADAYI,DUSUK_GUVEN,0.0,,toparlanma=0.00 <0.35,"Aktif dikim adayı. Doğal toparlanma zayıf kalıyor, eğim (18,4°) dikime elverişli.","Modelin tahminine göre yangın öncesi örtünün ancak %0 kadarı iki yılda geri gelecek — kendi başına kapanmayacak bir açık var. Bu bölgede referans yangınımız az — tahmin belirsizliği diğer bölgelerden yüksek, saha doğrulaması önerilir. Yetişme ortamı: Karadeniz kuşağı, 1246 m, orta eğimli (10–25°). Tür seçimi için yetişme ortamı rehberine başvurulmalı.",True
KAR_2024_01_002223,DIKIM_ADAYI,DUSUK_GUVEN,0.0,,toparlanma=0.00 <0.35,"Aktif dikim adayı. Doğal toparlanma zayıf kalıyor, eğim (21,0°) dikime elverişli.","Modelin tahminine göre yangın öncesi örtünün ancak %0 kadarı iki yılda geri gelecek — kendi başına kapanmayacak bir açık var. Bu bölgede referans yangınımız az — tahmin belirsizliği diğer bölgelerden yüksek, saha doğrulaması önerilir. Yetişme ortamı: Karadeniz kuşağı, 1310 m, orta eğimli (10–25°). Tür seçimi için yetişme ortamı rehberine başvurulmalı.",True
KAR_2024_01_002224,IZLE,DUSUK_GUVEN,,,prediction_status=low_severity,"İzle, müdahale etme. Yangın bu kareyi ağır yakmamış (düşük şiddet, dNBR 0,14).","Model bu rejimde tahmin üretmiyor. Kendi toparlanması bekleniyor, müdahale listesine alınmıyor. Bu bölgede referans yangınımız az — tahmin belirsizliği diğer bölgelerden yüksek, saha doğrulaması önerilir.",True
KAR_2024_01_002225,IZLE,DUSUK_GUVEN,,,prediction_status=low_severity,"İzle, müdahale etme. Yangın bu kareyi ağır yakmamış (düşük şiddet, dNBR 0,15).","Model bu rejimde tahmin üretmiyor. Kendi toparlanması bekleniyor, müdahale listesine alınmıyor. Bu bölgede referans yangınımız az — tahmin belirsizliği diğer bölgelerden yüksek, saha doğrulaması önerilir.",True
KAR_2024_01_002226,IZLE,DUSUK_GUVEN,,,prediction_status=low_severity,"İzle, müdahale etme. Yangın bu kareyi ağır yakmamış (düşük şiddet, dNBR 0,19).","Model bu rejimde tahmin üretmiyor. Kendi toparlanması bekleniyor, müdahale listesine alınmıyor. Bu bölgede referans yangınımız az — tahmin belirsizliği diğer bölgelerden yüksek, saha doğrulaması önerilir.",True
KAR_2024_01_002265,IZLE,DUSUK_GUVEN,,,prediction_status=low_severity,"İzle, müdahale etme. Yangın bu kareyi ağır yakmamış (düşük şiddet, dNBR 0,22).","Model bu rejimde tahmin üretmiyor. Kendi toparlanması bekleniyor, müdahale listesine alınmıyor. Bu bölgede referans yangınımız az — tahmin belirsizliği diğer bölgelerden yüksek, saha doğrulaması önerilir.",True
KAR_2024_01_002266,IZLE,DUSUK_GUVEN,,,prediction_status=low_severity,"İzle, müdahale etme. Yangın bu kareyi ağır yakmamış (düşük şiddet, dNBR 0,13).","Model bu rejimde tahmin üretmiyor. Kendi toparlanması bekleniyor, müdahale listesine alınmıyor. Bu bölgede referans yangınımız az — tahmin belirsizliği diğer bölgelerden yüksek, saha doğrulaması önerilir.",True
KAR_2024_01_002267,IZLE,DUSUK_GUVEN,,,prediction_status=low_severity,"İzle, müdahale etme. Yangın bu kareyi ağır yakmamış (düşük şiddet, dNBR 0,16).","Model bu rejimde tahmin üretmiyor. Kendi toparlanması bekleniyor, müdahale listesine alınmıyor. Bu bölgede referans yangınımız az — tahmin belirsizliği diğer bölgelerden yüksek, saha doğrulaması önerilir.",True
KAR_2024_01_002268,DIKIM_ADAYI,DUSUK_GUVEN,0.1347,"meşe, kayın, karaçam",toparlanma=0.13 <0.35,"Aktif dikim adayı. Doğal toparlanma zayıf kalıyor, eğim (9,0°) dikime elverişli.","Modelin tahminine göre yangın öncesi örtünün ancak %13 kadarı iki yılda geri gelecek — kendi başına kapanmayacak bir açık var. Bu bölgede referans yangınımız az — tahmin belirsizliği diğer bölgelerden yüksek, saha doğrulaması önerilir. Yetişme ortamı: Karadeniz kuşağı, 977 m, düz-hafif eğimli (0–10°). Bu koşullar için önerilen türler: meşe, kayın, karaçam. Tür önerisi sistemin çıkarımı değil, dışarıdan verilen tablodan okunmuştur. Tablo: ÖRNEK TABLO — OGM tür-yetişme ortamı rehberi ile değiştirilecek",True
KAR_2024_01_002269,DIKIM_ADAYI,DUSUK_GUVEN,0.0349,"meşe, kayın, karaçam",toparlanma=0.03 <0.35,"Aktif dikim adayı. Doğal toparlanma zayıf kalıyor, eğim (11,3°) dikime elverişli.","Modelin tahminine göre yangın öncesi örtünün ancak %3 kadarı iki yılda geri gelecek — kendi başına kapanmayacak bir açık var. Bu bölgede referans yangınımız az — tahmin belirsizliği diğer bölgelerden yüksek, saha doğrulaması önerilir. Yetişme ortamı: Karadeniz kuşağı, 1008 m, orta eğimli (10–25°). Bu koşullar için önerilen türler: meşe, kayın, karaçam. Tür önerisi sistemin çıkarımı değil, dışarıdan verilen tablodan okunmuştur. Tablo: ÖRNEK TABLO — OGM tür-yetişme ortamı rehberi ile değiştirilecek",True
KAR_2024_01_002270,DIKIM_ADAYI,DUSUK_GUVEN,0.0687,"meşe, kayın, karaçam",toparlanma=0.07 <0.35,"Aktif dikim adayı. Doğal toparlanma zayıf kalıyor, eğim (11,9°) dikime elverişli.","Modelin tahminine göre yangın öncesi örtünün ancak %7 kadarı iki yılda geri gelecek — kendi başına kapanmayacak bir açık var. Bu bölgede referans yangınımız az — tahmin belirsizliği diğer bölgelerden yüksek, saha doğrulaması önerilir. Yetişme ortamı: Karadeniz kuşağı, 1051 m, orta eğimli (10–25°). Bu koşullar için önerilen türler: meşe, kayın, karaçam. Tür önerisi sistemin çıkarımı değil, dışarıdan verilen tablodan okunmuştur. Tablo: ÖRNEK TABLO — OGM tür-yetişme ortamı rehberi ile değiştirilecek",True
KAR_2024_01_002271,DIKIM_ADAYI,DUSUK_GUVEN,0.2148,"meşe, kayın, karaçam",toparlanma=0.21 <0.35,"Aktif dikim adayı. Doğal toparlanma zayıf kalıyor, eğim (8,1°) dikime elverişli.","Modelin tahminine göre yangın öncesi örtünün ancak %21 kadarı iki yılda geri gelecek — kendi başına kapanmayacak bir açık var. Bu bölgede referans yangınımız az — tahmin belirsizliği diğer bölgelerden yüksek, saha doğrulaması önerilir. Yetişme ortamı: Karadeniz kuşağı, 1077 m, düz-hafif eğimli (0–10°). Bu koşullar için önerilen türler: meşe, kayın, karaçam. Tür önerisi sistemin çıkarımı değil, dışarıdan verilen tablodan okunmuştur. Tablo: ÖRNEK TABLO — OGM tür-yetişme ortamı rehberi ile değiştirilecek",True
KAR_2024_01_002272,IZLE,ESKIDEN_ORMAN_DEGIL|DUSUK_GUVEN,,,prediction_status=low_severity,"İzle, müdahale etme. Yangın bu kareyi ağır yakmamış (düşük şiddet, dNBR 0,13).","Model bu rejimde tahmin üretmiyor. Kendi toparlanması bekleniyor, müdahale listesine alınmıyor. Yangın öncesi örtü otlak ve çalılık idi; orman kurma değil, mevcut örtünün onarımı düşünülmeli. Bu bölgede referans yangınımız az — tahmin belirsizliği diğer bölgelerden yüksek, saha doğrulaması önerilir.",True
KAR_2024_01_002274,IZLE,ERISIM_ZOR|DUSUK_GUVEN,,,prediction_status=low_severity,"İzle, müdahale etme. Yangın bu kareyi ağır yakmamış (orta-düşük şiddet, dNBR 0,30).","Model bu rejimde tahmin üretmiyor. Kendi toparlanması bekleniyor, müdahale listesine alınmıyor. En yakın yol 2,26 km — erişim ve lojistik bu karede belirleyici olacak. Bu bölgede referans yangınımız az — tahmin belirsizliği diğer bölgelerden yüksek, saha doğrulaması önerilir.",True
KAR_2024_01_002275,DIKIM_ADAYI,ERISIM_ZOR|DUSUK_GUVEN,0.0,"meşe, kayın, karaçam",toparlanma=0.00 <0.35,"Aktif dikim adayı. Doğal toparlanma zayıf kalıyor, eğim (11,3°) dikime elverişli.","Modelin tahminine göre yangın öncesi örtünün ancak %0 kadarı iki yılda geri gelecek — kendi başına kapanmayacak bir açık var. En yakın yol 2,12 km — erişim ve lojistik bu karede belirleyici olacak. Bu bölgede referans yangınımız az — tahmin belirsizliği diğer bölgelerden yüksek, saha doğrulaması önerilir. Yetişme ortamı: Karadeniz kuşağı, 1072 m, orta eğimli (10–25°). Bu koşullar için önerilen türler: meşe, kayın, karaçam. Tür önerisi sistemin çıkarımı değil, dışarıdan verilen tablodan okunmuştur. Tablo: ÖRNEK TABLO — OGM tür-yetişme ortamı rehberi ile değiştirilecek",True
KAR_2024_01_002276,DIKIM_ADAYI,ERISIM_ZOR|DUSUK_GUVEN,0.0137,"meşe, kayın, karaçam",toparlanma=0.01 <0.35,"Aktif dikim adayı. Doğal toparlanma zayıf kalıyor, eğim (11,9°) dikime elverişli.","Modelin tahminine göre yangın öncesi örtünün ancak %1 kadarı iki yılda geri gelecek — kendi başına kapanmayacak bir açık var. En yakın yol 2,01 km — erişim ve lojistik bu karede belirleyici olacak. Bu bölgede referans yangınımız az — tahmin belirsizliği diğer bölgelerden yüksek, saha doğrulaması önerilir. Yetişme ortamı: Karadeniz kuşağı, 1019 m, orta eğimli (10–25°). Bu koşullar için önerilen türler: meşe, kayın, karaçam. Tür önerisi sistemin çıkarımı değil, dışarıdan verilen tablodan okunmuştur. Tablo: ÖRNEK TABLO — OGM tür-yetişme ortamı rehberi ile değiştirilecek",True
KAR_2024_01_002277,IZLE,DUSUK_GUVEN,,,prediction_status=low_severity,"İzle, müdahale etme. Yangın bu kareyi ağır yakmamış (düşük şiddet, dNBR 0,27).","Model bu rejimde tahmin üretmiyor. Kendi toparlanması bekleniyor, müdahale listesine alınmıyor. Bu bölgede referans yangınımız az — tahmin belirsizliği diğer bölgelerden yüksek, saha doğrulaması önerilir.",True
KAR_2024_01_002278,DIKIM_ADAYI,DUSUK_GUVEN,0.0,"meşe, kayın, karaçam",toparlanma=0.00 <0.35,"Aktif dikim adayı. Doğal toparlanma zayıf kalıyor, eğim (12,1°) dikime elverişli.","Modelin tahminine göre yangın öncesi örtünün ancak %0 kadarı iki yılda geri gelecek — kendi başına kapanmayacak bir açık var. Bu bölgede referans yangınımız az — tahmin belirsizliği diğer bölgelerden yüksek, saha doğrulaması önerilir. Yetişme ortamı: Karadeniz kuşağı, 1006 m, orta eğimli (10–25°). Bu koşullar için önerilen türler: meşe, kayın, karaçam. Tür önerisi sistemin çıkarımı değil, dışarıdan verilen tablodan okunmuştur. Tablo: ÖRNEK TABLO — OGM tür-yetişme ortamı rehberi ile değiştirilecek",True
KAR_2024_01_002279,DIKIM_ADAYI,DUSUK_GUVEN,0.0219,"meşe, kayın, karaçam",toparlanma=0.02 <0.35,"Aktif dikim adayı. Doğal toparlanma zayıf kalıyor, eğim (10,6°) dikime elverişli.","Modelin tahminine göre yangın öncesi örtünün ancak %2 kadarı iki yılda geri gelecek — kendi başına kapanmayacak bir açık var. Bu bölgede referans yangınımız az — tahmin belirsizliği diğer bölgelerden yüksek, saha doğrulaması önerilir. Yetişme ortamı: Karadeniz kuşağı, 1014 m, orta eğimli (10–25°). Bu koşullar için önerilen türler: meşe, kayın, karaçam. Tür önerisi sistemin çıkarımı değil, dışarıdan verilen tablodan okunmuştur. Tablo: ÖRNEK TABLO — OGM tür-yetişme ortamı rehberi ile değiştirilecek",True
KAR_2024_01_002280,IZLE,DUSUK_GUVEN,,,prediction_status=low_severity,"İzle, müdahale etme. Yangın bu kareyi ağır yakmamış (düşük şiddet, dNBR 0,19).","Model bu rejimde tahmin üretmiyor. Kendi toparlanması bekleniyor, müdahale listesine alınmıyor. Bu bölgede referans yangınımız az — tahmin belirsizliği diğer bölgelerden yüksek, saha doğrulaması önerilir.",True
KAR_2024_01_002281,DIKIM_ADAYI,DUSUK_GUVEN,0.0736,"meşe, kayın, karaçam",toparlanma=0.07 <0.35,"Aktif dikim adayı. Doğal toparlanma zayıf kalıyor, eğim (15,3°) dikime elverişli.","Modelin tahminine göre yangın öncesi örtünün ancak %7 kadarı iki yılda geri gelecek — kendi başına kapanmayacak bir açık var. Bu bölgede referans yangınımız az — tahmin belirsizliği diğer bölgelerden yüksek, saha doğrulaması önerilir. Yetişme ortamı: Karadeniz kuşağı, 1053 m, orta eğimli (10–25°). Bu koşullar için önerilen türler: meşe, kayın, karaçam. Tür önerisi sistemin çıkarımı değil, dışarıdan verilen tablodan okunmuştur. Tablo: ÖRNEK TABLO — OGM tür-yetişme ortamı rehberi ile değiştirilecek",True
KAR_2024_01_002282,DIKIM_ADAYI,AGIR_YANMIS|DUSUK_GUVEN,0.0335,"meşe, kayın, karaçam",toparlanma=0.03 <0.35,"Aktif dikim adayı. Doğal toparlanma zayıf kalıyor, eğim (15,1°) dikime elverişli.","Modelin tahminine göre yangın öncesi örtünün ancak %3 kadarı iki yılda geri gelecek — kendi başına kapanmayacak bir açık var. Yangın orta-yüksek şiddet sınıfında (dNBR 0,47); toprak yüzeyi büyük olasılıkla açıkta. Bu bölgede referans yangınımız az — tahmin belirsizliği diğer bölgelerden yüksek, saha doğrulaması önerilir. Yetişme ortamı: Karadeniz kuşağı, 1119 m, orta eğimli (10–25°). Bu koşullar için önerilen türler: meşe, kayın, karaçam. Tür önerisi sistemin çıkarımı değil, dışarıdan verilen tablodan okunmuştur. Tablo: ÖRNEK TABLO — OGM tür-yetişme ortamı rehberi ile değiştirilecek",True
KAR_2024_01_002283,DIKIM_ADAYI,ERISIM_ZOR|AGIR_YANMIS|DUSUK_GUVEN,0.0266,"meşe, kayın, karaçam",toparlanma=0.03 <0.35,"Aktif dikim adayı. Doğal toparlanma zayıf kalıyor, eğim (16,4°) dikime elverişli.","Modelin tahminine göre yangın öncesi örtünün ancak %3 kadarı iki yılda geri gelecek — kendi başına kapanmayacak bir açık var. En yakın yol 2,06 km — erişim ve lojistik bu karede belirleyici olacak. Yangın orta-yüksek şiddet sınıfında (dNBR 0,46); toprak yüzeyi büyük olasılıkla açıkta. Bu bölgede referans yangınımız az — tahmin belirsizliği diğer bölgelerden yüksek, saha doğrulaması önerilir. Yetişme ortamı: Karadeniz kuşağı, 1162 m, orta eğimli (10–25°). Bu koşullar için önerilen türler: meşe, kayın, karaçam. Tür önerisi sistemin çıkarımı değil, dışarıdan verilen tablodan okunmuştur. Tablo: ÖRNEK TABLO — OGM tür-yetişme ortamı rehberi ile değiştirilecek",True
KAR_2024_01_002284,DIKIM_ADAYI,ERISIM_ZOR|DUSUK_GUVEN,0.1477,,toparlanma=0.15 <0.35,"Aktif dikim adayı. Doğal toparlanma zayıf kalıyor, eğim (10,4°) dikime elverişli.","Modelin tahminine göre yangın öncesi örtünün ancak %15 kadarı iki yılda geri gelecek — kendi başına kapanmayacak bir açık var. En yakın yol 2,18 km — erişim ve lojistik bu karede belirleyici olacak. Bu bölgede referans yangınımız az — tahmin belirsizliği diğer bölgelerden yüksek, saha doğrulaması önerilir. Yetişme ortamı: Karadeniz kuşağı, 1215 m, orta eğimli (10–25°). Tür seçimi için yetişme ortamı rehberine başvurulmalı.",True
KAR_2024_01_002285,IZLE,ERISIM_ZOR|ESKIDEN_ORMAN_DEGIL|DUSUK_GUVEN,,,prediction_status=low_severity,"İzle, müdahale etme. Yangın bu kareyi ağır yakmamış (orta-düşük şiddet, dNBR 0,28).","Model bu rejimde tahmin üretmiyor. Kendi toparlanması bekleniyor, müdahale listesine alınmıyor. En yakın yol 2,28 km — erişim ve lojistik bu karede belirleyici olacak. Yangın öncesi örtü otlak ve çalılık idi; orman kurma değil, mevcut örtünün onarımı düşünülmeli. Bu bölgede referans yangınımız az — tahmin belirsizliği diğer bölgelerden yüksek, saha doğrulaması önerilir.",True
KAR_2024_01_002286,IZLE,ERISIM_ZOR|ESKIDEN_ORMAN_DEGIL|DUSUK_GUVEN,,,prediction_status=low_severity,"İzle, müdahale etme. Yangın bu kareyi ağır yakmamış (düşük şiddet, dNBR 0,22).","Model bu rejimde tahmin üretmiyor. Kendi toparlanması bekleniyor, müdahale listesine alınmıyor. En yakın yol 2,32 km — erişim ve lojistik bu karede belirleyici olacak. Yangın öncesi örtü otlak ve çalılık idi; orman kurma değil, mevcut örtünün onarımı düşünülmeli. Bu bölgede referans yangınımız az — tahmin belirsizliği diğer bölgelerden yüksek, saha doğrulaması önerilir.",True
KAR_2024_01_002287,IZLE,ERISIM_ZOR|ESKIDEN_ORMAN_DEGIL|DUSUK_GUVEN,,,prediction_status=low_severity,"İzle, müdahale etme. Yangın bu kareyi ağır yakmamış (düşük şiddet, dNBR 0,21).","Model bu rejimde tahmin üretmiyor. Kendi toparlanması bekleniyor, müdahale listesine alınmıyor. En yakın yol 2,14 km — erişim ve lojistik bu karede belirleyici olacak. Yangın öncesi örtü otlak ve çalılık idi; orman kurma değil, mevcut örtünün onarımı düşünülmeli. Bu bölgede referans yangınımız az — tahmin belirsizliği diğer bölgelerden yüksek, saha doğrulaması önerilir.",True
KAR_2024_01_002288,IZLE,DUSUK_GUVEN,,,prediction_status=low_severity,"İzle, müdahale etme. Yangın bu kareyi ağır yakmamış (orta-düşük şiddet, dNBR 0,29).","Model bu rejimde tahmin üretmiyor. Kendi toparlanması bekleniyor, müdahale listesine alınmıyor. Bu bölgede referans yangınımız az — tahmin belirsizliği diğer bölgelerden yüksek, saha doğrulaması önerilir.",True
KAR_2024_01_002289,DIKIM_ADAYI,DUSUK_GUVEN,0.0,"meşe, kayın, karaçam",toparlanma=0.00 <0.35,"Aktif dikim adayı. Doğal toparlanma zayıf kalıyor, eğim (13,7°) dikime elverişli.","Modelin tahminine göre yangın öncesi örtünün ancak %0 kadarı iki yılda geri gelecek — kendi başına kapanmayacak bir açık var. Bu bölgede referans yangınımız az — tahmin belirsizliği diğer bölgelerden yüksek, saha doğrulaması önerilir. Yetişme ortamı: Karadeniz kuşağı, 1199 m, orta eğimli (10–25°). Bu koşullar için önerilen türler: meşe, kayın, karaçam. Tür önerisi sistemin çıkarımı değil, dışarıdan verilen tablodan okunmuştur. Tablo: ÖRNEK TABLO — OGM tür-yetişme ortamı rehberi ile değiştirilecek",True
KAR_2024_01_002290,DIKIM_ADAYI,DUSUK_GUVEN,0.0,"meşe, kayın, karaçam",toparlanma=0.00 <0.35,"Aktif dikim adayı. Doğal toparlanma zayıf kalıyor, eğim (14,8°) dikime elverişli.","Modelin tahminine göre yangın öncesi örtünün ancak %0 kadarı iki yılda geri gelecek — kendi başına kapanmayacak bir açık var. Bu bölgede referans yangınımız az — tahmin belirsizliği diğer bölgelerden yüksek, saha doğrulaması önerilir. Yetişme ortamı: Karadeniz kuşağı, 1195 m, orta eğimli (10–25°). Bu koşullar için önerilen türler: meşe, kayın, karaçam. Tür önerisi sistemin çıkarımı değil, dışarıdan verilen tablodan okunmuştur. Tablo: ÖRNEK TABLO — OGM tür-yetişme ortamı rehberi ile değiştirilecek",True
KAR_2024_01_002291,DIKIM_ADAYI,DUSUK_GUVEN,0.0,,toparlanma=0.00 <0.35,"Aktif dikim adayı. Doğal toparlanma zayıf kalıyor, eğim (20,1°) dikime elverişli.","Modelin tahminine göre yangın öncesi örtünün ancak %0 kadarı iki yılda geri gelecek — kendi başına kapanmayacak bir açık var. Bu bölgede referans yangınımız az — tahmin belirsizliği diğer bölgelerden yüksek, saha doğrulaması önerilir. Yetişme ortamı: Karadeniz kuşağı, 1231 m, orta eğimli (10–25°). Tür seçimi için yetişme ortamı rehberine başvurulmalı.",True
KAR_2024_01_002292,IZLE,DUSUK_GUVEN,,,prediction_status=low_severity,"İzle, müdahale etme. Yangın bu kareyi ağır yakmamış (düşük şiddet, dNBR 0,12).","Model bu rejimde tahmin üretmiyor. Kendi toparlanması bekleniyor, müdahale listesine alınmıyor. Bu bölgede referans yangınımız az — tahmin belirsizliği diğer bölgelerden yüksek, saha doğrulaması önerilir.",True
KAR_2024_01_002293,IZLE,DUSUK_GUVEN,,,prediction_status=low_severity,"İzle, müdahale etme. Yangın bu kareyi ağır yakmamış (düşük şiddet, dNBR 0,13).","Model bu rejimde tahmin üretmiyor. Kendi toparlanması bekleniyor, müdahale listesine alınmıyor. Bu bölgede referans yangınımız az — tahmin belirsizliği diğer bölgelerden yüksek, saha doğrulaması önerilir.",True
KAR_2024_01_002294,IZLE,DUSUK_GUVEN,,,prediction_status=low_severity,"İzle, müdahale etme. Yangın bu kareyi ağır yakmamış (düşük şiddet, dNBR 0,18).","Model bu rejimde tahmin üretmiyor. Kendi toparlanması bekleniyor, müdahale listesine alınmıyor. Bu bölgede referans yangınımız az — tahmin belirsizliği diğer bölgelerden yüksek, saha doğrulaması önerilir.",True
KAR_2024_01_002332,IZLE,DUSUK_GUVEN,,,prediction_status=low_severity,"İzle, müdahale etme. Yangın bu kareyi ağır yakmamış (düşük şiddet, dNBR 0,19).","Model bu rejimde tahmin üretmiyor. Kendi toparlanması bekleniyor, müdahale listesine alınmıyor. Bu bölgede referans yangınımız az — tahmin belirsizliği diğer bölgelerden yüksek, saha doğrulaması önerilir.",True
KAR_2024_01_002333,IZLE,DUSUK_GUVEN,,,prediction_status=low_severity,"İzle, müdahale etme. Yangın bu kareyi ağır yakmamış (düşük şiddet, dNBR 0,14).","Model bu rejimde tahmin üretmiyor. Kendi toparlanması bekleniyor, müdahale listesine alınmıyor. Bu bölgede referans yangınımız az — tahmin belirsizliği diğer bölgelerden yüksek, saha doğrulaması önerilir.",True
KAR_2024_01_002334,IZLE,DUSUK_GUVEN,,,prediction_status=low_severity,"İzle, müdahale etme. Yangın bu kareyi ağır yakmamış (düşük şiddet, dNBR 0,12).","Model bu rejimde tahmin üretmiyor. Kendi toparlanması bekleniyor, müdahale listesine alınmıyor. Bu bölgede referans yangınımız az — tahmin belirsizliği diğer bölgelerden yüksek, saha doğrulaması önerilir.",True
KAR_2024_01_002335,IZLE,DUSUK_GUVEN,,,prediction_status=low_severity,"İzle, müdahale etme. Yangın bu kareyi ağır yakmamış (düşük şiddet, dNBR 0,22).","Model bu rejimde tahmin üretmiyor. Kendi toparlanması bekleniyor, müdahale listesine alınmıyor. Bu bölgede referans yangınımız az — tahmin belirsizliği diğer bölgelerden yüksek, saha doğrulaması önerilir.",True
KAR_2024_01_002336,DIKIM_ADAYI,DUSUK_GUVEN,0.0094,"meşe, kayın, karaçam",toparlanma=0.01 <0.35,"Aktif dikim adayı. Doğal toparlanma zayıf kalıyor, eğim (10,1°) dikime elverişli.","Modelin tahminine göre yangın öncesi örtünün ancak %1 kadarı iki yılda geri gelecek — kendi başına kapanmayacak bir açık var. Bu bölgede referans yangınımız az — tahmin belirsizliği diğer bölgelerden yüksek, saha doğrulaması önerilir. Yetişme ortamı: Karadeniz kuşağı, 1009 m, orta eğimli (10–25°). Bu koşullar için önerilen türler: meşe, kayın, karaçam. Tür önerisi sistemin çıkarımı değil, dışarıdan verilen tablodan okunmuştur. Tablo: ÖRNEK TABLO — OGM tür-yetişme ortamı rehberi ile değiştirilecek",True
KAR_2024_01_002337,DIKIM_ADAYI,DUSUK_GUVEN,0.0602,"meşe, kayın, karaçam",toparlanma=0.06 <0.35,"Aktif dikim adayı. Doğal toparlanma zayıf kalıyor, eğim (12,3°) dikime elverişli.","Modelin tahminine göre yangın öncesi örtünün ancak %6 kadarı iki yılda geri gelecek — kendi başına kapanmayacak bir açık var. Bu bölgede referans yangınımız az — tahmin belirsizliği diğer bölgelerden yüksek, saha doğrulaması önerilir. Yetişme ortamı: Karadeniz kuşağı, 1036 m, orta eğimli (10–25°). Bu koşullar için önerilen türler: meşe, kayın, karaçam. Tür önerisi sistemin çıkarımı değil, dışarıdan verilen tablodan okunmuştur. Tablo: ÖRNEK TABLO — OGM tür-yetişme ortamı rehberi ile değiştirilecek",True
KAR_2024_01_002338,IZLE,DUSUK_GUVEN,,,prediction_status=low_severity,"İzle, müdahale etme. Yangın bu kareyi ağır yakmamış (düşük şiddet, dNBR 0,23).","Model bu rejimde tahmin üretmiyor. Kendi toparlanması bekleniyor, müdahale listesine alınmıyor. Bu bölgede referans yangınımız az — tahmin belirsizliği diğer bölgelerden yüksek, saha doğrulaması önerilir.",True
KAR_2024_01_002339,IZLE,ESKIDEN_ORMAN_DEGIL|DUSUK_GUVEN,,,prediction_status=low_severity,"İzle, müdahale etme. Yangın bu kareyi ağır yakmamış (düşük şiddet, dNBR 0,24).","Model bu rejimde tahmin üretmiyor. Kendi toparlanması bekleniyor, müdahale listesine alınmıyor. Yangın öncesi örtü otlak ve çalılık idi; orman kurma değil, mevcut örtünün onarımı düşünülmeli. Bu bölgede referans yangınımız az — tahmin belirsizliği diğer bölgelerden yüksek, saha doğrulaması önerilir.",True
KAR_2024_01_002340,IZLE,ESKIDEN_ORMAN_DEGIL|DUSUK_GUVEN,,,prediction_status=low_severity,"İzle, müdahale etme. Yangın bu kareyi ağır yakmamış (düşük şiddet, dNBR 0,17).","Model bu rejimde tahmin üretmiyor. Kendi toparlanması bekleniyor, müdahale listesine alınmıyor. Yangın öncesi örtü otlak ve çalılık idi; orman kurma değil, mevcut örtünün onarımı düşünülmeli. Bu bölgede referans yangınımız az — tahmin belirsizliği diğer bölgelerden yüksek, saha doğrulaması önerilir.",True
KAR_2024_01_002342,DIKIM_ADAYI,ERISIM_ZOR|DUSUK_GUVEN,0.0,"meşe, kayın, karaçam",toparlanma=0.00 <0.35,"Aktif dikim adayı. Doğal toparlanma zayıf kalıyor, eğim (11,2°) dikime elverişli.","Modelin tahminine göre yangın öncesi örtünün ancak %0 kadarı iki yılda geri gelecek — kendi başına kapanmayacak bir açık var. En yakın yol 2,06 km — erişim ve lojistik bu karede belirleyici olacak. Bu bölgede referans yangınımız az — tahmin belirsizliği diğer bölgelerden yüksek, saha doğrulaması önerilir. Yetişme ortamı: Karadeniz kuşağı, 1088 m, orta eğimli (10–25°). Bu koşullar için önerilen türler: meşe, kayın, karaçam. Tür önerisi sistemin çıkarımı değil, dışarıdan verilen tablodan okunmuştur. Tablo: ÖRNEK TABLO — OGM tür-yetişme ortamı rehberi ile değiştirilecek",True
KAR_2024_01_002343,DIKIM_ADAYI,DUSUK_GUVEN,0.0,"meşe, kayın, karaçam",toparlanma=0.00 <0.35,"Aktif dikim adayı. Doğal toparlanma zayıf kalıyor, eğim (12,3°) dikime elverişli.","Modelin tahminine göre yangın öncesi örtünün ancak %0 kadarı iki yılda geri gelecek — kendi başına kapanmayacak bir açık var. Bu bölgede referans yangınımız az — tahmin belirsizliği diğer bölgelerden yüksek, saha doğrulaması önerilir. Yetişme ortamı: Karadeniz kuşağı, 1049 m, orta eğimli (10–25°). Bu koşullar için önerilen türler: meşe, kayın, karaçam. Tür önerisi sistemin çıkarımı değil, dışarıdan verilen tablodan okunmuştur. Tablo: ÖRNEK TABLO — OGM tür-yetişme ortamı rehberi ile değiştirilecek",True
KAR_2024_01_002344,DIKIM_ADAYI,DUSUK_GUVEN,0.0,"meşe, kayın, karaçam",toparlanma=0.00 <0.35,"Aktif dikim adayı. Doğal toparlanma zayıf kalıyor, eğim (10,7°) dikime elverişli.","Modelin tahminine göre yangın öncesi örtünün ancak %0 kadarı iki yılda geri gelecek — kendi başına kapanmayacak bir açık var. Bu bölgede referans yangınımız az — tahmin belirsizliği diğer bölgelerden yüksek, saha doğrulaması önerilir. Yetişme ortamı: Karadeniz kuşağı, 1001 m, orta eğimli (10–25°). Bu koşullar için önerilen türler: meşe, kayın, karaçam. Tür önerisi sistemin çıkarımı değil, dışarıdan verilen tablodan okunmuştur. Tablo: ÖRNEK TABLO — OGM tür-yetişme ortamı rehberi ile değiştirilecek",True
KAR_2024_01_002345,IZLE,DUSUK_GUVEN,,,prediction_status=low_severity,"İzle, müdahale etme. Yangın bu kareyi ağır yakmamış (orta-düşük şiddet, dNBR 0,27).","Model bu rejimde tahmin üretmiyor. Kendi toparlanması bekleniyor, müdahale listesine alınmıyor. Bu bölgede referans yangınımız az — tahmin belirsizliği diğer bölgelerden yüksek, saha doğrulaması önerilir.",True
KAR_2024_01_002346,IZLE,DUSUK_GUVEN,,,prediction_status=low_severity,"İzle, müdahale etme. Yangın bu kareyi ağır yakmamış (düşük şiddet, dNBR 0,21).","Model bu rejimde tahmin üretmiyor. Kendi toparlanması bekleniyor, müdahale listesine alınmıyor. Bu bölgede referans yangınımız az — tahmin belirsizliği diğer bölgelerden yüksek, saha doğrulaması önerilir.",True
KAR_2024_01_002347,IZLE,DUSUK_GUVEN,,,prediction_status=low_severity,"İzle, müdahale etme. Yangın bu kareyi ağır yakmamış (düşük şiddet, dNBR 0,16).","Model bu rejimde tahmin üretmiyor. Kendi toparlanması bekleniyor, müdahale listesine alınmıyor. Bu bölgede referans yangınımız az — tahmin belirsizliği diğer bölgelerden yüksek, saha doğrulaması önerilir.",True
KAR_2024_01_002348,DIKIM_ADAYI,DUSUK_GUVEN,0.0913,"meşe, kayın, karaçam",toparlanma=0.09 <0.35,"Aktif dikim adayı. Doğal toparlanma zayıf kalıyor, eğim (19,1°) dikime elverişli.","Modelin tahminine göre yangın öncesi örtünün ancak %9 kadarı iki yılda geri gelecek — kendi başına kapanmayacak bir açık var. Bu bölgede referans yangınımız az — tahmin belirsizliği diğer bölgelerden yüksek, saha doğrulaması önerilir. Yetişme ortamı: Karadeniz kuşağı, 1043 m, orta eğimli (10–25°). Bu koşullar için önerilen türler: meşe, kayın, karaçam. Tür önerisi sistemin çıkarımı değil, dışarıdan verilen tablodan okunmuştur. Tablo: ÖRNEK TABLO — OGM tür-yetişme ortamı rehberi ile değiştirilecek",True
KAR_2024_01_002349,DIKIM_ADAYI,AGIR_YANMIS|DUSUK_GUVEN,0.0179,"meşe, kayın, karaçam",toparlanma=0.02 <0.35,"Aktif dikim adayı. Doğal toparlanma zayıf kalıyor, eğim (15,5°) dikime elverişli.","Modelin tahminine göre yangın öncesi örtünün ancak %2 kadarı iki yılda geri gelecek — kendi başına kapanmayacak bir açık var. Yangın orta-yüksek şiddet sınıfında (dNBR 0,47); toprak yüzeyi büyük olasılıkla açıkta. Bu bölgede referans yangınımız az — tahmin belirsizliği diğer bölgelerden yüksek, saha doğrulaması önerilir. Yetişme ortamı: Karadeniz kuşağı, 1085 m, orta eğimli (10–25°). Bu koşullar için önerilen türler: meşe, kayın, karaçam. Tür önerisi sistemin çıkarımı değil, dışarıdan verilen tablodan okunmuştur. Tablo: ÖRNEK TABLO — OGM tür-yetişme ortamı rehberi ile değiştirilecek",True
KAR_2024_01_002350,DIKIM_ADAYI,DUSUK_GUVEN,0.0546,"meşe, kayın, karaçam",toparlanma=0.05 <0.35,"Aktif dikim adayı. Doğal toparlanma zayıf kalıyor, eğim (13,1°) dikime elverişli.","Modelin tahminine göre yangın öncesi örtünün ancak %5 kadarı iki yılda geri gelecek — kendi başına kapanmayacak bir açık var. Bu bölgede referans yangınımız az — tahmin belirsizliği diğer bölgelerden yüksek, saha doğrulaması önerilir. Yetişme ortamı: Karadeniz kuşağı, 1141 m, orta eğimli (10–25°). Bu koşullar için önerilen türler: meşe, kayın, karaçam. Tür önerisi sistemin çıkarımı değil, dışarıdan verilen tablodan okunmuştur. Tablo: ÖRNEK TABLO — OGM tür-yetişme ortamı rehberi ile değiştirilecek",True
KAR_2024_01_002351,DIKIM_ADAYI,DUSUK_GUVEN,0.0611,"meşe, kayın, karaçam",toparlanma=0.06 <0.35,"Aktif dikim adayı. Doğal toparlanma zayıf kalıyor, eğim (11,6°) dikime elverişli.","Modelin tahminine göre yangın öncesi örtünün ancak %6 kadarı iki yılda geri gelecek — kendi başına kapanmayacak bir açık var. Bu bölgede referans yangınımız az — tahmin belirsizliği diğer bölgelerden yüksek, saha doğrulaması önerilir. Yetişme ortamı: Karadeniz kuşağı, 1192 m, orta eğimli (10–25°). Bu koşullar için önerilen türler: meşe, kayın, karaçam. Tür önerisi sistemin çıkarımı değil, dışarıdan verilen tablodan okunmuştur. Tablo: ÖRNEK TABLO — OGM tür-yetişme ortamı rehberi ile değiştirilecek",True
KAR_2024_01_002352,IZLE,ESKIDEN_ORMAN_DEGIL|DUSUK_GUVEN,,,prediction_status=low_severity,"İzle, müdahale etme. Yangın bu kareyi ağır yakmamış (düşük şiddet, dNBR 0,27).","Model bu rejimde tahmin üretmiyor. Kendi toparlanması bekleniyor, müdahale listesine alınmıyor. Yangın öncesi örtü otlak ve çalılık idi; orman kurma değil, mevcut örtünün onarımı düşünülmeli. Bu bölgede referans yangınımız az — tahmin belirsizliği diğer bölgelerden yüksek, saha doğrulaması önerilir.",True
KAR_2024_01_002353,IZLE,ERISIM_ZOR|ESKIDEN_ORMAN_DEGIL|DUSUK_GUVEN,,,prediction_status=low_severity,"İzle, müdahale etme. Yangın bu kareyi ağır yakmamış (düşük şiddet, dNBR 0,24).","Model bu rejimde tahmin üretmiyor. Kendi toparlanması bekleniyor, müdahale listesine alınmıyor. En yakın yol 2,04 km — erişim ve lojistik bu karede belirleyici olacak. Yangın öncesi örtü otlak ve çalılık idi; orman kurma değil, mevcut örtünün onarımı düşünülmeli. Bu bölgede referans yangınımız az — tahmin belirsizliği diğer bölgelerden yüksek, saha doğrulaması önerilir.",True
KAR_2024_01_002354,IZLE,ERISIM_ZOR|ESKIDEN_ORMAN_DEGIL|DUSUK_GUVEN,,,prediction_status=low_severity,"İzle, müdahale etme. Yangın bu kareyi ağır yakmamış (düşük şiddet, dNBR 0,27).","Model bu rejimde tahmin üretmiyor. Kendi toparlanması bekleniyor, müdahale listesine alınmıyor. En yakın yol 2,08 km — erişim ve lojistik bu karede belirleyici olacak. Yangın öncesi örtü otlak ve çalılık idi; orman kurma değil, mevcut örtünün onarımı düşünülmeli. Bu bölgede referans yangınımız az — tahmin belirsizliği diğer bölgelerden yüksek, saha doğrulaması önerilir.",True
KAR_2024_01_002355,IZLE,ERISIM_ZOR|ESKIDEN_ORMAN_DEGIL|DUSUK_GUVEN,,,prediction_status=low_severity,"İzle, müdahale etme. Yangın bu kareyi ağır yakmamış (düşük şiddet, dNBR 0,25).","Model bu rejimde tahmin üretmiyor. Kendi toparlanması bekleniyor, müdahale listesine alınmıyor. En yakın yol 2,05 km — erişim ve lojistik bu karede belirleyici olacak. Yangın öncesi örtü otlak ve çalılık idi; orman kurma değil, mevcut örtünün onarımı düşünülmeli. Bu bölgede referans yangınımız az — tahmin belirsizliği diğer bölgelerden yüksek, saha doğrulaması önerilir.",True
KAR_2024_01_002356,IZLE,ESKIDEN_ORMAN_DEGIL|DUSUK_GUVEN,,,prediction_status=low_severity,"İzle, müdahale etme. Yangın bu kareyi ağır yakmamış (orta-düşük şiddet, dNBR 0,29).","Model bu rejimde tahmin üretmiyor. Kendi toparlanması bekleniyor, müdahale listesine alınmıyor. Yangın öncesi örtü otlak ve çalılık idi; orman kurma değil, mevcut örtünün onarımı düşünülmeli. Bu bölgede referans yangınımız az — tahmin belirsizliği diğer bölgelerden yüksek, saha doğrulaması önerilir.",True
KAR_2024_01_002357,DIKIM_ADAYI,DUSUK_GUVEN,0.0,"meşe, kayın, karaçam",toparlanma=0.00 <0.35,"Aktif dikim adayı. Doğal toparlanma zayıf kalıyor, eğim (13,9°) dikime elverişli.","Modelin tahminine göre yangın öncesi örtünün ancak %0 kadarı iki yılda geri gelecek — kendi başına kapanmayacak bir açık var. Bu bölgede referans yangınımız az — tahmin belirsizliği diğer bölgelerden yüksek, saha doğrulaması önerilir. Yetişme ortamı: Karadeniz kuşağı, 1162 m, orta eğimli (10–25°). Bu koşullar için önerilen türler: meşe, kayın, karaçam. Tür önerisi sistemin çıkarımı değil, dışarıdan verilen tablodan okunmuştur. Tablo: ÖRNEK TABLO — OGM tür-yetişme ortamı rehberi ile değiştirilecek",True
KAR_2024_01_002358,DIKIM_ADAYI,DUSUK_GUVEN,0.0069,"meşe, kayın, karaçam",toparlanma=0.01 <0.35,"Aktif dikim adayı. Doğal toparlanma zayıf kalıyor, eğim (12,7°) dikime elverişli.","Modelin tahminine göre yangın öncesi örtünün ancak %1 kadarı iki yılda geri gelecek — kendi başına kapanmayacak bir açık var. Bu bölgede referans yangınımız az — tahmin belirsizliği diğer bölgelerden yüksek, saha doğrulaması önerilir. Yetişme ortamı: Karadeniz kuşağı, 1139 m, orta eğimli (10–25°). Bu koşullar için önerilen türler: meşe, kayın, karaçam. Tür önerisi sistemin çıkarımı değil, dışarıdan verilen tablodan okunmuştur. Tablo: ÖRNEK TABLO — OGM tür-yetişme ortamı rehberi ile değiştirilecek",True
KAR_2024_01_002359,IZLE,DUSUK_GUVEN,,,prediction_status=low_severity,"İzle, müdahale etme. Yangın bu kareyi ağır yakmamış (düşük şiddet, dNBR 0,17).","Model bu rejimde tahmin üretmiyor. Kendi toparlanması bekleniyor, müdahale listesine alınmıyor. Bu bölgede referans yangınımız az — tahmin belirsizliği diğer bölgelerden yüksek, saha doğrulaması önerilir.",True
KAR_2024_01_002360,IZLE,DUSUK_GUVEN,,,prediction_status=low_severity,"İzle, müdahale etme. Yangın bu kareyi ağır yakmamış (düşük şiddet, dNBR 0,15).","Model bu rejimde tahmin üretmiyor. Kendi toparlanması bekleniyor, müdahale listesine alınmıyor. Bu bölgede referans yangınımız az — tahmin belirsizliği diğer bölgelerden yüksek, saha doğrulaması önerilir.",True
KAR_2024_01_002361,IZLE,DUSUK_GUVEN,,,prediction_status=low_severity,"İzle, müdahale etme. Yangın bu kareyi ağır yakmamış (düşük şiddet, dNBR 0,15).","Model bu rejimde tahmin üretmiyor. Kendi toparlanması bekleniyor, müdahale listesine alınmıyor. Bu bölgede referans yangınımız az — tahmin belirsizliği diğer bölgelerden yüksek, saha doğrulaması önerilir.",True
KAR_2024_01_002362,IZLE,DIK_YAMAC|DUSUK_GUVEN,,,prediction_status=low_severity,"İzle, müdahale etme. Yangın bu kareyi ağır yakmamış (düşük şiddet, dNBR 0,14).","Model bu rejimde tahmin üretmiyor. Kendi toparlanması bekleniyor, müdahale listesine alınmıyor. Eğim 25,5° ile yüksek; makineli çalışma sınırlı olabilir. Bu bölgede referans yangınımız az — tahmin belirsizliği diğer bölgelerden yüksek, saha doğrulaması önerilir.",True
KAR_2024_01_002399,IZLE,ESKIDEN_ORMAN_DEGIL|DUSUK_GUVEN,,,prediction_status=low_severity,"İzle, müdahale etme. Yangın bu kareyi ağır yakmamış (düşük şiddet, dNBR 0,13).","Model bu rejimde tahmin üretmiyor. Kendi toparlanması bekleniyor, müdahale listesine alınmıyor. Yangın öncesi örtü otlak ve çalılık idi; orman kurma değil, mevcut örtünün onarımı düşünülmeli. Bu bölgede referans yangınımız az — tahmin belirsizliği diğer bölgelerden yüksek, saha doğrulaması önerilir.",True
KAR_2024_01_002400,IZLE,DUSUK_GUVEN,,,prediction_status=low_severity,"İzle, müdahale etme. Yangın bu kareyi ağır yakmamış (düşük şiddet, dNBR 0,17).","Model bu rejimde tahmin üretmiyor. Kendi toparlanması bekleniyor, müdahale listesine alınmıyor. Bu bölgede referans yangınımız az — tahmin belirsizliği diğer bölgelerden yüksek, saha doğrulaması önerilir.",True
KAR_2024_01_002402,IZLE,DUSUK_GUVEN,,,prediction_status=low_severity,"İzle, müdahale etme. Yangın bu kareyi ağır yakmamış (düşük şiddet, dNBR 0,10).","Model bu rejimde tahmin üretmiyor. Kendi toparlanması bekleniyor, müdahale listesine alınmıyor. Bu bölgede referans yangınımız az — tahmin belirsizliği diğer bölgelerden yüksek, saha doğrulaması önerilir.",True
KAR_2024_01_002403,IZLE,DUSUK_GUVEN,,,prediction_status=low_severity,"İzle, müdahale etme. Yangın bu kareyi ağır yakmamış (düşük şiddet, dNBR 0,23).","Model bu rejimde tahmin üretmiyor. Kendi toparlanması bekleniyor, müdahale listesine alınmıyor. Bu bölgede referans yangınımız az — tahmin belirsizliği diğer bölgelerden yüksek, saha doğrulaması önerilir.",True
KAR_2024_01_002404,IZLE,DUSUK_GUVEN,,,prediction_status=low_severity,"İzle, müdahale etme. Yangın bu kareyi ağır yakmamış (düşük şiddet, dNBR 0,27).","Model bu rejimde tahmin üretmiyor. Kendi toparlanması bekleniyor, müdahale listesine alınmıyor. Bu bölgede referans yangınımız az — tahmin belirsizliği diğer bölgelerden yüksek, saha doğrulaması önerilir.",True
KAR_2024_01_002405,IZLE,DUSUK_GUVEN,,,prediction_status=low_severity,"İzle, müdahale etme. Yangın bu kareyi ağır yakmamış (düşük şiddet, dNBR 0,27).","Model bu rejimde tahmin üretmiyor. Kendi toparlanması bekleniyor, müdahale listesine alınmıyor. Bu bölgede referans yangınımız az — tahmin belirsizliği diğer bölgelerden yüksek, saha doğrulaması önerilir.",True
KAR_2024_01_002406,IZLE,DUSUK_GUVEN,,,prediction_status=low_severity,"İzle, müdahale etme. Yangın bu kareyi ağır yakmamış (düşük şiddet, dNBR 0,24).","Model bu rejimde tahmin üretmiyor. Kendi toparlanması bekleniyor, müdahale listesine alınmıyor. Bu bölgede referans yangınımız az — tahmin belirsizliği diğer bölgelerden yüksek, saha doğrulaması önerilir.",True
KAR_2024_01_002407,IZLE,DUSUK_GUVEN,,,prediction_status=low_severity,"İzle, müdahale etme. Yangın bu kareyi ağır yakmamış (düşük şiddet, dNBR 0,23).","Model bu rejimde tahmin üretmiyor. Kendi toparlanması bekleniyor, müdahale listesine alınmıyor. Bu bölgede referans yangınımız az — tahmin belirsizliği diğer bölgelerden yüksek, saha doğrulaması önerilir.",True
KAR_2024_01_002408,IZLE,ERISIM_ZOR|DUSUK_GUVEN,,,prediction_status=low_severity,"İzle, müdahale etme. Yangın bu kareyi ağır yakmamış (düşük şiddet, dNBR 0,20).","Model bu rejimde tahmin üretmiyor. Kendi toparlanması bekleniyor, müdahale listesine alınmıyor. En yakın yol 2,05 km — erişim ve lojistik bu karede belirleyici olacak. Bu bölgede referans yangınımız az — tahmin belirsizliği diğer bölgelerden yüksek, saha doğrulaması önerilir.",True
KAR_2024_01_002409,IZLE,ERISIM_ZOR|DUSUK_GUVEN,,,prediction_status=low_severity,"İzle, müdahale etme. Yangın bu kareyi ağır yakmamış (düşük şiddet, dNBR 0,17).","Model bu rejimde tahmin üretmiyor. Kendi toparlanması bekleniyor, müdahale listesine alınmıyor. En yakın yol 2,06 km — erişim ve lojistik bu karede belirleyici olacak. Bu bölgede referans yangınımız az — tahmin belirsizliği diğer bölgelerden yüksek, saha doğrulaması önerilir.",True
KAR_2024_01_002410,IZLE,DUSUK_GUVEN,,,prediction_status=low_severity,"İzle, müdahale etme. Yangın bu kareyi ağır yakmamış (düşük şiddet, dNBR 0,22).","Model bu rejimde tahmin üretmiyor. Kendi toparlanması bekleniyor, müdahale listesine alınmıyor. Bu bölgede referans yangınımız az — tahmin belirsizliği diğer bölgelerden yüksek, saha doğrulaması önerilir.",True
KAR_2024_01_002411,DIKIM_ADAYI,DUSUK_GUVEN,0.0219,"meşe, kayın, karaçam",toparlanma=0.02 <0.35,"Aktif dikim adayı. Doğal toparlanma zayıf kalıyor, eğim (7,7°) dikime elverişli.","Modelin tahminine göre yangın öncesi örtünün ancak %2 kadarı iki yılda geri gelecek — kendi başına kapanmayacak bir açık var. Bu bölgede referans yangınımız az — tahmin belirsizliği diğer bölgelerden yüksek, saha doğrulaması önerilir. Yetişme ortamı: Karadeniz kuşağı, 1044 m, düz-hafif eğimli (0–10°). Bu koşullar için önerilen türler: meşe, kayın, karaçam. Tür önerisi sistemin çıkarımı değil, dışarıdan verilen tablodan okunmuştur. Tablo: ÖRNEK TABLO — OGM tür-yetişme ortamı rehberi ile değiştirilecek",True
KAR_2024_01_002412,DIKIM_ADAYI,DUSUK_GUVEN,0.0,"meşe, kayın, karaçam",toparlanma=0.00 <0.35,"Aktif dikim adayı. Doğal toparlanma zayıf kalıyor, eğim (14,8°) dikime elverişli.","Modelin tahminine göre yangın öncesi örtünün ancak %0 kadarı iki yılda geri gelecek — kendi başına kapanmayacak bir açık var. Bu bölgede referans yangınımız az — tahmin belirsizliği diğer bölgelerden yüksek, saha doğrulaması önerilir. Yetişme ortamı: Karadeniz kuşağı, 1004 m, orta eğimli (10–25°). Bu koşullar için önerilen türler: meşe, kayın, karaçam. Tür önerisi sistemin çıkarımı değil, dışarıdan verilen tablodan okunmuştur. Tablo: ÖRNEK TABLO — OGM tür-yetişme ortamı rehberi ile değiştirilecek",True
KAR_2024_01_002413,IZLE,DUSUK_GUVEN,,,prediction_status=low_severity,"İzle, müdahale etme. Yangın bu kareyi ağır yakmamış (düşük şiddet, dNBR 0,20).","Model bu rejimde tahmin üretmiyor. Kendi toparlanması bekleniyor, müdahale listesine alınmıyor. Bu bölgede referans yangınımız az — tahmin belirsizliği diğer bölgelerden yüksek, saha doğrulaması önerilir.",True
KAR_2024_01_002414,DIKIM_ADAYI,DUSUK_GUVEN,0.0328,"meşe, kayın, karaçam",toparlanma=0.03 <0.35,"Aktif dikim adayı. Doğal toparlanma zayıf kalıyor, eğim (12,0°) dikime elverişli.","Modelin tahminine göre yangın öncesi örtünün ancak %3 kadarı iki yılda geri gelecek — kendi başına kapanmayacak bir açık var. Bu bölgede referans yangınımız az — tahmin belirsizliği diğer bölgelerden yüksek, saha doğrulaması önerilir. Yetişme ortamı: Karadeniz kuşağı, 993 m, orta eğimli (10–25°). Bu koşullar için önerilen türler: meşe, kayın, karaçam. Tür önerisi sistemin çıkarımı değil, dışarıdan verilen tablodan okunmuştur. Tablo: ÖRNEK TABLO — OGM tür-yetişme ortamı rehberi ile değiştirilecek",True
KAR_2024_01_002415,IZLE,DUSUK_GUVEN,,,prediction_status=low_severity,"İzle, müdahale etme. Yangın bu kareyi ağır yakmamış (orta-düşük şiddet, dNBR 0,27).","Model bu rejimde tahmin üretmiyor. Kendi toparlanması bekleniyor, müdahale listesine alınmıyor. Bu bölgede referans yangınımız az — tahmin belirsizliği diğer bölgelerden yüksek, saha doğrulaması önerilir.",True
KAR_2024_01_002416,DIKIM_ADAYI,DUSUK_GUVEN,0.0329,"meşe, kayın, karaçam",toparlanma=0.03 <0.35,"Aktif dikim adayı. Doğal toparlanma zayıf kalıyor, eğim (12,6°) dikime elverişli.","Modelin tahminine göre yangın öncesi örtünün ancak %3 kadarı iki yılda geri gelecek — kendi başına kapanmayacak bir açık var. Bu bölgede referans yangınımız az — tahmin belirsizliği diğer bölgelerden yüksek, saha doğrulaması önerilir. Yetişme ortamı: Karadeniz kuşağı, 1090 m, orta eğimli (10–25°). Bu koşullar için önerilen türler: meşe, kayın, karaçam. Tür önerisi sistemin çıkarımı değil, dışarıdan verilen tablodan okunmuştur. Tablo: ÖRNEK TABLO — OGM tür-yetişme ortamı rehberi ile değiştirilecek",True
KAR_2024_01_002417,DIKIM_ADAYI,DUSUK_GUVEN,0.0175,"meşe, kayın, karaçam",toparlanma=0.02 <0.35,"Aktif dikim adayı. Doğal toparlanma zayıf kalıyor, eğim (9,1°) dikime elverişli.","Modelin tahminine göre yangın öncesi örtünün ancak %2 kadarı iki yılda geri gelecek — kendi başına kapanmayacak bir açık var. Bu bölgede referans yangınımız az — tahmin belirsizliği diğer bölgelerden yüksek, saha doğrulaması önerilir. Yetişme ortamı: Karadeniz kuşağı, 1108 m, düz-hafif eğimli (0–10°). Bu koşullar için önerilen türler: meşe, kayın, karaçam. Tür önerisi sistemin çıkarımı değil, dışarıdan verilen tablodan okunmuştur. Tablo: ÖRNEK TABLO — OGM tür-yetişme ortamı rehberi ile değiştirilecek",True
KAR_2024_01_002418,DIKIM_ADAYI,DUSUK_GUVEN,0.0,"meşe, kayın, karaçam",toparlanma=0.00 <0.35,"Aktif dikim adayı. Doğal toparlanma zayıf kalıyor, eğim (14,0°) dikime elverişli.","Modelin tahminine göre yangın öncesi örtünün ancak %0 kadarı iki yılda geri gelecek — kendi başına kapanmayacak bir açık var. Bu bölgede referans yangınımız az — tahmin belirsizliği diğer bölgelerden yüksek, saha doğrulaması önerilir. Yetişme ortamı: Karadeniz kuşağı, 1131 m, orta eğimli (10–25°). Bu koşullar için önerilen türler: meşe, kayın, karaçam. Tür önerisi sistemin çıkarımı değil, dışarıdan verilen tablodan okunmuştur. Tablo: ÖRNEK TABLO — OGM tür-yetişme ortamı rehberi ile değiştirilecek",True
KAR_2024_01_002419,DIKIM_ADAYI,DUSUK_GUVEN,0.1136,"meşe, kayın, karaçam",toparlanma=0.11 <0.35,"Aktif dikim adayı. Doğal toparlanma zayıf kalıyor, eğim (16,1°) dikime elverişli.","Modelin tahminine göre yangın öncesi örtünün ancak %11 kadarı iki yılda geri gelecek — kendi başına kapanmayacak bir açık var. Bu bölgede referans yangınımız az — tahmin belirsizliği diğer bölgelerden yüksek, saha doğrulaması önerilir. Yetişme ortamı: Karadeniz kuşağı, 1155 m, orta eğimli (10–25°). Bu koşullar için önerilen türler: meşe, kayın, karaçam. Tür önerisi sistemin çıkarımı değil, dışarıdan verilen tablodan okunmuştur. Tablo: ÖRNEK TABLO — OGM tür-yetişme ortamı rehberi ile değiştirilecek",True
KAR_2024_01_002420,IZLE,ESKIDEN_ORMAN_DEGIL|DUSUK_GUVEN,,,prediction_status=low_severity,"İzle, müdahale etme. Yangın bu kareyi ağır yakmamış (düşük şiddet, dNBR 0,23).","Model bu rejimde tahmin üretmiyor. Kendi toparlanması bekleniyor, müdahale listesine alınmıyor. Yangın öncesi örtü otlak ve çalılık idi; orman kurma değil, mevcut örtünün onarımı düşünülmeli. Bu bölgede referans yangınımız az — tahmin belirsizliği diğer bölgelerden yüksek, saha doğrulaması önerilir.",True
KAR_2024_01_002421,DIKIM_ADAYI,ESKIDEN_ORMAN_DEGIL|DUSUK_GUVEN,0.2034,"maki türleri, kermes meşesi",toparlanma=0.20 <0.35,"Aktif dikim adayı. Doğal toparlanma zayıf kalıyor, eğim (12,5°) dikime elverişli.","Modelin tahminine göre yangın öncesi örtünün ancak %20 kadarı iki yılda geri gelecek — kendi başına kapanmayacak bir açık var. Yangın öncesi örtü otlak ve çalılık idi; orman kurma değil, mevcut örtünün onarımı düşünülmeli. Bu bölgede referans yangınımız az — tahmin belirsizliği diğer bölgelerden yüksek, saha doğrulaması önerilir. Yetişme ortamı: Karadeniz kuşağı, 1138 m, orta eğimli (10–25°). Bu koşullar için önerilen türler: maki türleri, kermes meşesi. Tür önerisi sistemin çıkarımı değil, dışarıdan verilen tablodan okunmuştur. Tablo: ÖRNEK TABLO — OGM tür-yetişme ortamı rehberi ile değiştirilecek",True
KAR_2024_01_002422,DIKIM_ADAYI,DUSUK_GUVEN,0.0754,"meşe, kayın, karaçam",toparlanma=0.08 <0.35,"Aktif dikim adayı. Doğal toparlanma zayıf kalıyor, eğim (12,3°) dikime elverişli.","Modelin tahminine göre yangın öncesi örtünün ancak %8 kadarı iki yılda geri gelecek — kendi başına kapanmayacak bir açık var. Bu bölgede referans yangınımız az — tahmin belirsizliği diğer bölgelerden yüksek, saha doğrulaması önerilir. Yetişme ortamı: Karadeniz kuşağı, 1160 m, orta eğimli (10–25°). Bu koşullar için önerilen türler: meşe, kayın, karaçam. Tür önerisi sistemin çıkarımı değil, dışarıdan verilen tablodan okunmuştur. Tablo: ÖRNEK TABLO — OGM tür-yetişme ortamı rehberi ile değiştirilecek",True
KAR_2024_01_002423,DIKIM_ADAYI,DUSUK_GUVEN,0.1219,"meşe, kayın, karaçam",toparlanma=0.12 <0.35,"Aktif dikim adayı. Doğal toparlanma zayıf kalıyor, eğim (9,0°) dikime elverişli.","Modelin tahminine göre yangın öncesi örtünün ancak %12 kadarı iki yılda geri gelecek — kendi başına kapanmayacak bir açık var. Bu bölgede referans yangınımız az — tahmin belirsizliği diğer bölgelerden yüksek, saha doğrulaması önerilir. Yetişme ortamı: Karadeniz kuşağı, 1195 m, düz-hafif eğimli (0–10°). Bu koşullar için önerilen türler: meşe, kayın, karaçam. Tür önerisi sistemin çıkarımı değil, dışarıdan verilen tablodan okunmuştur. Tablo: ÖRNEK TABLO — OGM tür-yetişme ortamı rehberi ile değiştirilecek",True
KAR_2024_01_002424,IZLE,ESKIDEN_ORMAN_DEGIL|DUSUK_GUVEN,,,prediction_status=low_severity,"İzle, müdahale etme. Yangın bu kareyi ağır yakmamış (düşük şiddet, dNBR 0,23).","Model bu rejimde tahmin üretmiyor. Kendi toparlanması bekleniyor, müdahale listesine alınmıyor. Yangın öncesi örtü otlak ve çalılık idi; orman kurma değil, mevcut örtünün onarımı düşünülmeli. Bu bölgede referans yangınımız az — tahmin belirsizliği diğer bölgelerden yüksek, saha doğrulaması önerilir.",True
KAR_2024_01_002425,DIKIM_ADAYI,DUSUK_GUVEN,0.077,"meşe, kayın, karaçam",toparlanma=0.08 <0.35,"Aktif dikim adayı. Doğal toparlanma zayıf kalıyor, eğim (13,7°) dikime elverişli.","Modelin tahminine göre yangın öncesi örtünün ancak %8 kadarı iki yılda geri gelecek — kendi başına kapanmayacak bir açık var. Bu bölgede referans yangınımız az — tahmin belirsizliği diğer bölgelerden yüksek, saha doğrulaması önerilir. Yetişme ortamı: Karadeniz kuşağı, 1175 m, orta eğimli (10–25°). Bu koşullar için önerilen türler: meşe, kayın, karaçam. Tür önerisi sistemin çıkarımı değil, dışarıdan verilen tablodan okunmuştur. Tablo: ÖRNEK TABLO — OGM tür-yetişme ortamı rehberi ile değiştirilecek",True
KAR_2024_01_002426,IZLE,DUSUK_GUVEN,,,prediction_status=low_severity,"İzle, müdahale etme. Yangın bu kareyi ağır yakmamış (düşük şiddet, dNBR 0,17).","Model bu rejimde tahmin üretmiyor. Kendi toparlanması bekleniyor, müdahale listesine alınmıyor. Bu bölgede referans yangınımız az — tahmin belirsizliği diğer bölgelerden yüksek, saha doğrulaması önerilir.",True
KAR_2024_01_002428,IZLE,DUSUK_GUVEN,,,prediction_status=low_severity,"İzle, müdahale etme. Yangın bu kareyi ağır yakmamış (düşük şiddet, dNBR 0,15).","Model bu rejimde tahmin üretmiyor. Kendi toparlanması bekleniyor, müdahale listesine alınmıyor. Bu bölgede referans yangınımız az — tahmin belirsizliği diğer bölgelerden yüksek, saha doğrulaması önerilir.",True
KAR_2024_01_002429,IZLE,DUSUK_GUVEN,,,prediction_status=low_severity,"İzle, müdahale etme. Yangın bu kareyi ağır yakmamış (düşük şiddet, dNBR 0,13).","Model bu rejimde tahmin üretmiyor. Kendi toparlanması bekleniyor, müdahale listesine alınmıyor. Bu bölgede referans yangınımız az — tahmin belirsizliği diğer bölgelerden yüksek, saha doğrulaması önerilir.",True
KAR_2024_01_002467,IZLE,DUSUK_GUVEN,,,prediction_status=low_severity,"İzle, müdahale etme. Yangın bu kareyi ağır yakmamış (düşük şiddet, dNBR 0,11).","Model bu rejimde tahmin üretmiyor. Kendi toparlanması bekleniyor, müdahale listesine alınmıyor. Bu bölgede referans yangınımız az — tahmin belirsizliği diğer bölgelerden yüksek, saha doğrulaması önerilir.",True
KAR_2024_01_002468,IZLE,DUSUK_GUVEN,,,prediction_status=low_severity,"İzle, müdahale etme. Yangın bu kareyi ağır yakmamış (düşük şiddet, dNBR 0,11).","Model bu rejimde tahmin üretmiyor. Kendi toparlanması bekleniyor, müdahale listesine alınmıyor. Bu bölgede referans yangınımız az — tahmin belirsizliği diğer bölgelerden yüksek, saha doğrulaması önerilir.",True
KAR_2024_01_002470,IZLE,DUSUK_GUVEN,,,prediction_status=low_severity,"İzle, müdahale etme. Yangın bu kareyi ağır yakmamış (düşük şiddet, dNBR 0,12).","Model bu rejimde tahmin üretmiyor. Kendi toparlanması bekleniyor, müdahale listesine alınmıyor. Bu bölgede referans yangınımız az — tahmin belirsizliği diğer bölgelerden yüksek, saha doğrulaması önerilir.",True
KAR_2024_01_002471,IZLE,DUSUK_GUVEN,,,prediction_status=low_severity,"İzle, müdahale etme. Yangın bu kareyi ağır yakmamış (düşük şiddet, dNBR 0,22).","Model bu rejimde tahmin üretmiyor. Kendi toparlanması bekleniyor, müdahale listesine alınmıyor. Bu bölgede referans yangınımız az — tahmin belirsizliği diğer bölgelerden yüksek, saha doğrulaması önerilir.",True
KAR_2024_01_002472,IZLE,DUSUK_GUVEN,,,prediction_status=low_severity,"İzle, müdahale etme. Yangın bu kareyi ağır yakmamış (düşük şiddet, dNBR 0,19).","Model bu rejimde tahmin üretmiyor. Kendi toparlanması bekleniyor, müdahale listesine alınmıyor. Bu bölgede referans yangınımız az — tahmin belirsizliği diğer bölgelerden yüksek, saha doğrulaması önerilir.",True
KAR_2024_01_002473,IZLE,DUSUK_GUVEN,,,prediction_status=low_severity,"İzle, müdahale etme. Yangın bu kareyi ağır yakmamış (düşük şiddet, dNBR 0,24).","Model bu rejimde tahmin üretmiyor. Kendi toparlanması bekleniyor, müdahale listesine alınmıyor. Bu bölgede referans yangınımız az — tahmin belirsizliği diğer bölgelerden yüksek, saha doğrulaması önerilir.",True
KAR_2024_01_002474,IZLE,DUSUK_GUVEN,,,prediction_status=low_severity,"İzle, müdahale etme. Yangın bu kareyi ağır yakmamış (düşük şiddet, dNBR 0,26).","Model bu rejimde tahmin üretmiyor. Kendi toparlanması bekleniyor, müdahale listesine alınmıyor. Bu bölgede referans yangınımız az — tahmin belirsizliği diğer bölgelerden yüksek, saha doğrulaması önerilir.",True
KAR_2024_01_002478,IZLE,DUSUK_GUVEN,,,prediction_status=low_severity,"İzle, müdahale etme. Yangın bu kareyi ağır yakmamış (düşük şiddet, dNBR 0,20).","Model bu rejimde tahmin üretmiyor. Kendi toparlanması bekleniyor, müdahale listesine alınmıyor. Bu bölgede referans yangınımız az — tahmin belirsizliği diğer bölgelerden yüksek, saha doğrulaması önerilir.",True
KAR_2024_01_002479,IZLE,DUSUK_GUVEN,,,prediction_status=low_severity,"İzle, müdahale etme. Yangın bu kareyi ağır yakmamış (düşük şiddet, dNBR 0,21).","Model bu rejimde tahmin üretmiyor. Kendi toparlanması bekleniyor, müdahale listesine alınmıyor. Bu bölgede referans yangınımız az — tahmin belirsizliği diğer bölgelerden yüksek, saha doğrulaması önerilir.",True
KAR_2024_01_002480,DIKIM_ADAYI,DUSUK_GUVEN,0.0,"meşe, kayın, karaçam",toparlanma=0.00 <0.35,"Aktif dikim adayı. Doğal toparlanma zayıf kalıyor, eğim (15,1°) dikime elverişli.","Modelin tahminine göre yangın öncesi örtünün ancak %0 kadarı iki yılda geri gelecek — kendi başına kapanmayacak bir açık var. Bu bölgede referans yangınımız az — tahmin belirsizliği diğer bölgelerden yüksek, saha doğrulaması önerilir. Yetişme ortamı: Karadeniz kuşağı, 971 m, orta eğimli (10–25°). Bu koşullar için önerilen türler: meşe, kayın, karaçam. Tür önerisi sistemin çıkarımı değil, dışarıdan verilen tablodan okunmuştur. Tablo: ÖRNEK TABLO — OGM tür-yetişme ortamı rehberi ile değiştirilecek",True
KAR_2024_01_002481,IZLE,DUSUK_GUVEN,,,prediction_status=low_severity,"İzle, müdahale etme. Yangın bu kareyi ağır yakmamış (düşük şiddet, dNBR 0,15).","Model bu rejimde tahmin üretmiyor. Kendi toparlanması bekleniyor, müdahale listesine alınmıyor. Bu bölgede referans yangınımız az — tahmin belirsizliği diğer bölgelerden yüksek, saha doğrulaması önerilir.",True
KAR_2024_01_002482,DIKIM_ADAYI,DUSUK_GUVEN,0.0,"meşe, kayın, karaçam",toparlanma=0.00 <0.35,"Aktif dikim adayı. Doğal toparlanma zayıf kalıyor, eğim (16,8°) dikime elverişli.","Modelin tahminine göre yangın öncesi örtünün ancak %0 kadarı iki yılda geri gelecek — kendi başına kapanmayacak bir açık var. Bu bölgede referans yangınımız az — tahmin belirsizliği diğer bölgelerden yüksek, saha doğrulaması önerilir. Yetişme ortamı: Karadeniz kuşağı, 1014 m, orta eğimli (10–25°). Bu koşullar için önerilen türler: meşe, kayın, karaçam. Tür önerisi sistemin çıkarımı değil, dışarıdan verilen tablodan okunmuştur. Tablo: ÖRNEK TABLO — OGM tür-yetişme ortamı rehberi ile değiştirilecek",True
KAR_2024_01_002483,DIKIM_ADAYI,DUSUK_GUVEN,0.0,"meşe, kayın, karaçam",toparlanma=0.00 <0.35,"Aktif dikim adayı. Doğal toparlanma zayıf kalıyor, eğim (16,5°) dikime elverişli.","Modelin tahminine göre yangın öncesi örtünün ancak %0 kadarı iki yılda geri gelecek — kendi başına kapanmayacak bir açık var. Bu bölgede referans yangınımız az — tahmin belirsizliği diğer bölgelerden yüksek, saha doğrulaması önerilir. Yetişme ortamı: Karadeniz kuşağı, 1065 m, orta eğimli (10–25°). Bu koşullar için önerilen türler: meşe, kayın, karaçam. Tür önerisi sistemin çıkarımı değil, dışarıdan verilen tablodan okunmuştur. Tablo: ÖRNEK TABLO — OGM tür-yetişme ortamı rehberi ile değiştirilecek",True
KAR_2024_01_002484,DIKIM_ADAYI,DUSUK_GUVEN,0.0175,"meşe, kayın, karaçam",toparlanma=0.02 <0.35,"Aktif dikim adayı. Doğal toparlanma zayıf kalıyor, eğim (9,4°) dikime elverişli.","Modelin tahminine göre yangın öncesi örtünün ancak %2 kadarı iki yılda geri gelecek — kendi başına kapanmayacak bir açık var. Bu bölgede referans yangınımız az — tahmin belirsizliği diğer bölgelerden yüksek, saha doğrulaması önerilir. Yetişme ortamı: Karadeniz kuşağı, 1104 m, düz-hafif eğimli (0–10°). Bu koşullar için önerilen türler: meşe, kayın, karaçam. Tür önerisi sistemin çıkarımı değil, dışarıdan verilen tablodan okunmuştur. Tablo: ÖRNEK TABLO — OGM tür-yetişme ortamı rehberi ile değiştirilecek",True
KAR_2024_01_002485,DIKIM_ADAYI,DUSUK_GUVEN,0.0,"meşe, kayın, karaçam",toparlanma=0.00 <0.35,"Aktif dikim adayı. Doğal toparlanma zayıf kalıyor, eğim (10,7°) dikime elverişli.","Modelin tahminine göre yangın öncesi örtünün ancak %0 kadarı iki yılda geri gelecek — kendi başına kapanmayacak bir açık var. Bu bölgede referans yangınımız az — tahmin belirsizliği diğer bölgelerden yüksek, saha doğrulaması önerilir. Yetişme ortamı: Karadeniz kuşağı, 1075 m, orta eğimli (10–25°). Bu koşullar için önerilen türler: meşe, kayın, karaçam. Tür önerisi sistemin çıkarımı değil, dışarıdan verilen tablodan okunmuştur. Tablo: ÖRNEK TABLO — OGM tür-yetişme ortamı rehberi ile değiştirilecek",True
KAR_2024_01_002486,DIKIM_ADAYI,DUSUK_GUVEN,0.051,"meşe, kayın, karaçam",toparlanma=0.05 <0.35,"Aktif dikim adayı. Doğal toparlanma zayıf kalıyor, eğim (13,2°) dikime elverişli.","Modelin tahminine göre yangın öncesi örtünün ancak %5 kadarı iki yılda geri gelecek — kendi başına kapanmayacak bir açık var. Bu bölgede referans yangınımız az — tahmin belirsizliği diğer bölgelerden yüksek, saha doğrulaması önerilir. Yetişme ortamı: Karadeniz kuşağı, 1077 m, orta eğimli (10–25°). Bu koşullar için önerilen türler: meşe, kayın, karaçam. Tür önerisi sistemin çıkarımı değil, dışarıdan verilen tablodan okunmuştur. Tablo: ÖRNEK TABLO — OGM tür-yetişme ortamı rehberi ile değiştirilecek",True
KAR_2024_01_002487,IZLE,ESKIDEN_ORMAN_DEGIL|DUSUK_GUVEN,,,prediction_status=low_severity,"İzle, müdahale etme. Yangın bu kareyi ağır yakmamış (düşük şiddet, dNBR 0,14).","Model bu rejimde tahmin üretmiyor. Kendi toparlanması bekleniyor, müdahale listesine alınmıyor. Yangın öncesi örtü otlak ve çalılık idi; orman kurma değil, mevcut örtünün onarımı düşünülmeli. Bu bölgede referans yangınımız az — tahmin belirsizliği diğer bölgelerden yüksek, saha doğrulaması önerilir.",True
KAR_2024_01_002488,IZLE,ESKIDEN_ORMAN_DEGIL|DUSUK_GUVEN,,,prediction_status=low_severity,"İzle, müdahale etme. Yangın bu kareyi ağır yakmamış (düşük şiddet, dNBR 0,16).","Model bu rejimde tahmin üretmiyor. Kendi toparlanması bekleniyor, müdahale listesine alınmıyor. Yangın öncesi örtü otlak ve çalılık idi; orman kurma değil, mevcut örtünün onarımı düşünülmeli. Bu bölgede referans yangınımız az — tahmin belirsizliği diğer bölgelerden yüksek, saha doğrulaması önerilir.",True
KAR_2024_01_002489,IZLE,DUSUK_GUVEN,,,prediction_status=low_severity,"İzle, müdahale etme. Yangın bu kareyi ağır yakmamış (düşük şiddet, dNBR 0,22).","Model bu rejimde tahmin üretmiyor. Kendi toparlanması bekleniyor, müdahale listesine alınmıyor. Bu bölgede referans yangınımız az — tahmin belirsizliği diğer bölgelerden yüksek, saha doğrulaması önerilir.",True
KAR_2024_01_002490,DIKIM_ADAYI,DUSUK_GUVEN,0.0473,"meşe, kayın, karaçam",toparlanma=0.05 <0.35,"Aktif dikim adayı. Doğal toparlanma zayıf kalıyor, eğim (16,2°) dikime elverişli.","Modelin tahminine göre yangın öncesi örtünün ancak %5 kadarı iki yılda geri gelecek — kendi başına kapanmayacak bir açık var. Bu bölgede referans yangınımız az — tahmin belirsizliği diğer bölgelerden yüksek, saha doğrulaması önerilir. Yetişme ortamı: Karadeniz kuşağı, 1162 m, orta eğimli (10–25°). Bu koşullar için önerilen türler: meşe, kayın, karaçam. Tür önerisi sistemin çıkarımı değil, dışarıdan verilen tablodan okunmuştur. Tablo: ÖRNEK TABLO — OGM tür-yetişme ortamı rehberi ile değiştirilecek",True
KAR_2024_01_002491,DIKIM_ADAYI,DUSUK_GUVEN,0.0056,"meşe, kayın, karaçam",toparlanma=0.01 <0.35,"Aktif dikim adayı. Doğal toparlanma zayıf kalıyor, eğim (12,0°) dikime elverişli.","Modelin tahminine göre yangın öncesi örtünün ancak %1 kadarı iki yılda geri gelecek — kendi başına kapanmayacak bir açık var. Bu bölgede referans yangınımız az — tahmin belirsizliği diğer bölgelerden yüksek, saha doğrulaması önerilir. Yetişme ortamı: Karadeniz kuşağı, 1195 m, orta eğimli (10–25°). Bu koşullar için önerilen türler: meşe, kayın, karaçam. Tür önerisi sistemin çıkarımı değil, dışarıdan verilen tablodan okunmuştur. Tablo: ÖRNEK TABLO — OGM tür-yetişme ortamı rehberi ile değiştirilecek",True
KAR_2024_01_002492,DIKIM_ADAYI,DUSUK_GUVEN,0.125,,toparlanma=0.13 <0.35,"Aktif dikim adayı. Doğal toparlanma zayıf kalıyor, eğim (6,9°) dikime elverişli.","Modelin tahminine göre yangın öncesi örtünün ancak %13 kadarı iki yılda geri gelecek — kendi başına kapanmayacak bir açık var. Bu bölgede referans yangınımız az — tahmin belirsizliği diğer bölgelerden yüksek, saha doğrulaması önerilir. Yetişme ortamı: Karadeniz kuşağı, 1210 m, düz-hafif eğimli (0–10°). Tür seçimi için yetişme ortamı rehberine başvurulmalı.",True
KAR_2024_01_002493,IZLE,ESKIDEN_ORMAN_DEGIL|DUSUK_GUVEN,,,prediction_status=low_severity,"İzle, müdahale etme. Yangın bu kareyi ağır yakmamış (düşük şiddet, dNBR 0,18).","Model bu rejimde tahmin üretmiyor. Kendi toparlanması bekleniyor, müdahale listesine alınmıyor. Yangın öncesi örtü otlak ve çalılık idi; orman kurma değil, mevcut örtünün onarımı düşünülmeli. Bu bölgede referans yangınımız az — tahmin belirsizliği diğer bölgelerden yüksek, saha doğrulaması önerilir.",True
KAR_2024_01_002496,IZLE,DUSUK_GUVEN,,,prediction_status=low_severity,"İzle, müdahale etme. Yangın bu kareyi ağır yakmamış (düşük şiddet, dNBR 0,14).","Model bu rejimde tahmin üretmiyor. Kendi toparlanması bekleniyor, müdahale listesine alınmıyor. Bu bölgede referans yangınımız az — tahmin belirsizliği diğer bölgelerden yüksek, saha doğrulaması önerilir.",True
KAR_2024_01_002497,IZLE,DUSUK_GUVEN,,,prediction_status=low_severity,"İzle, müdahale etme. Yangın bu kareyi ağır yakmamış (düşük şiddet, dNBR 0,19).","Model bu rejimde tahmin üretmiyor. Kendi toparlanması bekleniyor, müdahale listesine alınmıyor. Bu bölgede referans yangınımız az — tahmin belirsizliği diğer bölgelerden yüksek, saha doğrulaması önerilir.",True
KAR_2024_01_002498,IZLE,DUSUK_GUVEN,,,prediction_status=low_severity,"İzle, müdahale etme. Yangın bu kareyi ağır yakmamış (düşük şiddet, dNBR 0,11).","Model bu rejimde tahmin üretmiyor. Kendi toparlanması bekleniyor, müdahale listesine alınmıyor. Bu bölgede referans yangınımız az — tahmin belirsizliği diğer bölgelerden yüksek, saha doğrulaması önerilir.",True
KAR_2024_01_002537,IZLE,DUSUK_GUVEN,,,prediction_status=low_severity,"İzle, müdahale etme. Yangın bu kareyi ağır yakmamış (düşük şiddet, dNBR 0,12).","Model bu rejimde tahmin üretmiyor. Kendi toparlanması bekleniyor, müdahale listesine alınmıyor. Bu bölgede referans yangınımız az — tahmin belirsizliği diğer bölgelerden yüksek, saha doğrulaması önerilir.",True
KAR_2024_01_002538,IZLE,DUSUK_GUVEN,,,prediction_status=low_severity,"İzle, müdahale etme. Yangın bu kareyi ağır yakmamış (düşük şiddet, dNBR 0,22).","Model bu rejimde tahmin üretmiyor. Kendi toparlanması bekleniyor, müdahale listesine alınmıyor. Bu bölgede referans yangınımız az — tahmin belirsizliği diğer bölgelerden yüksek, saha doğrulaması önerilir.",True
KAR_2024_01_002539,DIKIM_ADAYI,DUSUK_GUVEN,0.0447,"meşe, kayın, karaçam",toparlanma=0.04 <0.35,"Aktif dikim adayı. Doğal toparlanma zayıf kalıyor, eğim (15,7°) dikime elverişli.","Modelin tahminine göre yangın öncesi örtünün ancak %4 kadarı iki yılda geri gelecek — kendi başına kapanmayacak bir açık var. Bu bölgede referans yangınımız az — tahmin belirsizliği diğer bölgelerden yüksek, saha doğrulaması önerilir. Yetişme ortamı: Karadeniz kuşağı, 1114 m, orta eğimli (10–25°). Bu koşullar için önerilen türler: meşe, kayın, karaçam. Tür önerisi sistemin çıkarımı değil, dışarıdan verilen tablodan okunmuştur. Tablo: ÖRNEK TABLO — OGM tür-yetişme ortamı rehberi ile değiştirilecek",True
KAR_2024_01_002540,DIKIM_ADAYI,DUSUK_GUVEN,0.0587,"meşe, kayın, karaçam",toparlanma=0.06 <0.35,"Aktif dikim adayı. Doğal toparlanma zayıf kalıyor, eğim (15,5°) dikime elverişli.","Modelin tahminine göre yangın öncesi örtünün ancak %6 kadarı iki yılda geri gelecek — kendi başına kapanmayacak bir açık var. Bu bölgede referans yangınımız az — tahmin belirsizliği diğer bölgelerden yüksek, saha doğrulaması önerilir. Yetişme ortamı: Karadeniz kuşağı, 1145 m, orta eğimli (10–25°). Bu koşullar için önerilen türler: meşe, kayın, karaçam. Tür önerisi sistemin çıkarımı değil, dışarıdan verilen tablodan okunmuştur. Tablo: ÖRNEK TABLO — OGM tür-yetişme ortamı rehberi ile değiştirilecek",True
KAR_2024_01_002541,IZLE,DUSUK_GUVEN,,,prediction_status=low_severity,"İzle, müdahale etme. Yangın bu kareyi ağır yakmamış (düşük şiddet, dNBR 0,21).","Model bu rejimde tahmin üretmiyor. Kendi toparlanması bekleniyor, müdahale listesine alınmıyor. Bu bölgede referans yangınımız az — tahmin belirsizliği diğer bölgelerden yüksek, saha doğrulaması önerilir.",True
KAR_2024_01_002546,IZLE,DUSUK_GUVEN,,,prediction_status=low_severity,"İzle, müdahale etme. Yangın bu kareyi ağır yakmamış (düşük şiddet, dNBR 0,20).","Model bu rejimde tahmin üretmiyor. Kendi toparlanması bekleniyor, müdahale listesine alınmıyor. Bu bölgede referans yangınımız az — tahmin belirsizliği diğer bölgelerden yüksek, saha doğrulaması önerilir.",True
KAR_2024_01_002547,IZLE,DUSUK_GUVEN,,,prediction_status=low_severity,"İzle, müdahale etme. Yangın bu kareyi ağır yakmamış (düşük şiddet, dNBR 0,20).","Model bu rejimde tahmin üretmiyor. Kendi toparlanması bekleniyor, müdahale listesine alınmıyor. Bu bölgede referans yangınımız az — tahmin belirsizliği diğer bölgelerden yüksek, saha doğrulaması önerilir.",True
KAR_2024_01_002548,IZLE,DUSUK_GUVEN,,,prediction_status=low_severity,"İzle, müdahale etme. Yangın bu kareyi ağır yakmamış (düşük şiddet, dNBR 0,20).","Model bu rejimde tahmin üretmiyor. Kendi toparlanması bekleniyor, müdahale listesine alınmıyor. Bu bölgede referans yangınımız az — tahmin belirsizliği diğer bölgelerden yüksek, saha doğrulaması önerilir.",True
KAR_2024_01_002549,IZLE,DUSUK_GUVEN,,,prediction_status=low_severity,"İzle, müdahale etme. Yangın bu kareyi ağır yakmamış (düşük şiddet, dNBR 0,23).","Model bu rejimde tahmin üretmiyor. Kendi toparlanması bekleniyor, müdahale listesine alınmıyor. Bu bölgede referans yangınımız az — tahmin belirsizliği diğer bölgelerden yüksek, saha doğrulaması önerilir.",True
KAR_2024_01_002550,DIKIM_ADAYI,DUSUK_GUVEN,0.0276,"meşe, kayın, karaçam",toparlanma=0.03 <0.35,"Aktif dikim adayı. Doğal toparlanma zayıf kalıyor, eğim (15,3°) dikime elverişli.","Modelin tahminine göre yangın öncesi örtünün ancak %3 kadarı iki yılda geri gelecek — kendi başına kapanmayacak bir açık var. Bu bölgede referans yangınımız az — tahmin belirsizliği diğer bölgelerden yüksek, saha doğrulaması önerilir. Yetişme ortamı: Karadeniz kuşağı, 1045 m, orta eğimli (10–25°). Bu koşullar için önerilen türler: meşe, kayın, karaçam. Tür önerisi sistemin çıkarımı değil, dışarıdan verilen tablodan okunmuştur. Tablo: ÖRNEK TABLO — OGM tür-yetişme ortamı rehberi ile değiştirilecek",True
KAR_2024_01_002551,DIKIM_ADAYI,DUSUK_GUVEN,0.0306,"meşe, kayın, karaçam",toparlanma=0.03 <0.35,"Aktif dikim adayı. Doğal toparlanma zayıf kalıyor, eğim (8,4°) dikime elverişli.","Modelin tahminine göre yangın öncesi örtünün ancak %3 kadarı iki yılda geri gelecek — kendi başına kapanmayacak bir açık var. Bu bölgede referans yangınımız az — tahmin belirsizliği diğer bölgelerden yüksek, saha doğrulaması önerilir. Yetişme ortamı: Karadeniz kuşağı, 1089 m, düz-hafif eğimli (0–10°). Bu koşullar için önerilen türler: meşe, kayın, karaçam. Tür önerisi sistemin çıkarımı değil, dışarıdan verilen tablodan okunmuştur. Tablo: ÖRNEK TABLO — OGM tür-yetişme ortamı rehberi ile değiştirilecek",True
KAR_2024_01_002552,DIKIM_ADAYI,DUSUK_GUVEN,0.0193,"meşe, kayın, karaçam",toparlanma=0.02 <0.35,"Aktif dikim adayı. Doğal toparlanma zayıf kalıyor, eğim (14,3°) dikime elverişli.","Modelin tahminine göre yangın öncesi örtünün ancak %2 kadarı iki yılda geri gelecek — kendi başına kapanmayacak bir açık var. Bu bölgede referans yangınımız az — tahmin belirsizliği diğer bölgelerden yüksek, saha doğrulaması önerilir. Yetişme ortamı: Karadeniz kuşağı, 1071 m, orta eğimli (10–25°). Bu koşullar için önerilen türler: meşe, kayın, karaçam. Tür önerisi sistemin çıkarımı değil, dışarıdan verilen tablodan okunmuştur. Tablo: ÖRNEK TABLO — OGM tür-yetişme ortamı rehberi ile değiştirilecek",True
KAR_2024_01_002553,IZLE,DUSUK_GUVEN,,,prediction_status=low_severity,"İzle, müdahale etme. Yangın bu kareyi ağır yakmamış (düşük şiddet, dNBR 0,22).","Model bu rejimde tahmin üretmiyor. Kendi toparlanması bekleniyor, müdahale listesine alınmıyor. Bu bölgede referans yangınımız az — tahmin belirsizliği diğer bölgelerden yüksek, saha doğrulaması önerilir.",True
KAR_2024_01_002554,IZLE,DUSUK_GUVEN,,,prediction_status=low_severity,"İzle, müdahale etme. Yangın bu kareyi ağır yakmamış (düşük şiddet, dNBR 0,19).","Model bu rejimde tahmin üretmiyor. Kendi toparlanması bekleniyor, müdahale listesine alınmıyor. Bu bölgede referans yangınımız az — tahmin belirsizliği diğer bölgelerden yüksek, saha doğrulaması önerilir.",True
KAR_2024_01_002556,IZLE,ESKIDEN_ORMAN_DEGIL|DUSUK_GUVEN,,,prediction_status=low_severity,"İzle, müdahale etme. Yangın bu kareyi ağır yakmamış (düşük şiddet, dNBR 0,18).","Model bu rejimde tahmin üretmiyor. Kendi toparlanması bekleniyor, müdahale listesine alınmıyor. Yangın öncesi örtü otlak ve çalılık idi; orman kurma değil, mevcut örtünün onarımı düşünülmeli. Bu bölgede referans yangınımız az — tahmin belirsizliği diğer bölgelerden yüksek, saha doğrulaması önerilir.",True
KAR_2024_01_002557,IZLE,ESKIDEN_ORMAN_DEGIL|DUSUK_GUVEN,,,prediction_status=low_severity,"İzle, müdahale etme. Yangın bu kareyi ağır yakmamış (düşük şiddet, dNBR 0,10).","Model bu rejimde tahmin üretmiyor. Kendi toparlanması bekleniyor, müdahale listesine alınmıyor. Yangın öncesi örtü otlak ve çalılık idi; orman kurma değil, mevcut örtünün onarımı düşünülmeli. Bu bölgede referans yangınımız az — tahmin belirsizliği diğer bölgelerden yüksek, saha doğrulaması önerilir.",True
KAR_2024_01_002558,DIKIM_ADAYI,DUSUK_GUVEN,0.0,"meşe, kayın, karaçam",toparlanma=0.00 <0.35,"Aktif dikim adayı. Doğal toparlanma zayıf kalıyor, eğim (17,3°) dikime elverişli.","Modelin tahminine göre yangın öncesi örtünün ancak %0 kadarı iki yılda geri gelecek — kendi başına kapanmayacak bir açık var. Bu bölgede referans yangınımız az — tahmin belirsizliği diğer bölgelerden yüksek, saha doğrulaması önerilir. Yetişme ortamı: Karadeniz kuşağı, 1129 m, orta eğimli (10–25°). Bu koşullar için önerilen türler: meşe, kayın, karaçam. Tür önerisi sistemin çıkarımı değil, dışarıdan verilen tablodan okunmuştur. Tablo: ÖRNEK TABLO — OGM tür-yetişme ortamı rehberi ile değiştirilecek",True
KAR_2024_01_002559,DIKIM_ADAYI,DUSUK_GUVEN,0.0,"meşe, kayın, karaçam",toparlanma=0.00 <0.35,"Aktif dikim adayı. Doğal toparlanma zayıf kalıyor, eğim (17,3°) dikime elverişli.","Modelin tahminine göre yangın öncesi örtünün ancak %0 kadarı iki yılda geri gelecek — kendi başına kapanmayacak bir açık var. Bu bölgede referans yangınımız az — tahmin belirsizliği diğer bölgelerden yüksek, saha doğrulaması önerilir. Yetişme ortamı: Karadeniz kuşağı, 1159 m, orta eğimli (10–25°). Bu koşullar için önerilen türler: meşe, kayın, karaçam. Tür önerisi sistemin çıkarımı değil, dışarıdan verilen tablodan okunmuştur. Tablo: ÖRNEK TABLO — OGM tür-yetişme ortamı rehberi ile değiştirilecek",True
KAR_2024_01_002560,DIKIM_ADAYI,DUSUK_GUVEN,0.0447,,toparlanma=0.04 <0.35,"Aktif dikim adayı. Doğal toparlanma zayıf kalıyor, eğim (12,8°) dikime elverişli.","Modelin tahminine göre yangın öncesi örtünün ancak %4 kadarı iki yılda geri gelecek — kendi başına kapanmayacak bir açık var. Bu bölgede referans yangınımız az — tahmin belirsizliği diğer bölgelerden yüksek, saha doğrulaması önerilir. Yetişme ortamı: Karadeniz kuşağı, 1229 m, orta eğimli (10–25°). Tür seçimi için yetişme ortamı rehberine başvurulmalı.",True
KAR_2024_01_002561,IZLE,DUSUK_GUVEN,,,prediction_status=low_severity,"İzle, müdahale etme. Yangın bu kareyi ağır yakmamış (düşük şiddet, dNBR 0,12).","Model bu rejimde tahmin üretmiyor. Kendi toparlanması bekleniyor, müdahale listesine alınmıyor. Bu bölgede referans yangınımız az — tahmin belirsizliği diğer bölgelerden yüksek, saha doğrulaması önerilir.",True
KAR_2024_01_002565,IZLE,DUSUK_GUVEN,,,prediction_status=low_severity,"İzle, müdahale etme. Yangın bu kareyi ağır yakmamış (düşük şiddet, dNBR 0,13).","Model bu rejimde tahmin üretmiyor. Kendi toparlanması bekleniyor, müdahale listesine alınmıyor. Bu bölgede referans yangınımız az — tahmin belirsizliği diğer bölgelerden yüksek, saha doğrulaması önerilir.",True
KAR_2024_01_002604,IZLE,DUSUK_GUVEN,,,prediction_status=low_severity,"İzle, müdahale etme. Yangın bu kareyi ağır yakmamış (düşük şiddet, dNBR 0,10).","Model bu rejimde tahmin üretmiyor. Kendi toparlanması bekleniyor, müdahale listesine alınmıyor. Bu bölgede referans yangınımız az — tahmin belirsizliği diğer bölgelerden yüksek, saha doğrulaması önerilir.",True
KAR_2024_01_002605,IZLE,DUSUK_GUVEN,,,prediction_status=low_severity,"İzle, müdahale etme. Yangın bu kareyi ağır yakmamış (düşük şiddet, dNBR 0,11).","Model bu rejimde tahmin üretmiyor. Kendi toparlanması bekleniyor, müdahale listesine alınmıyor. Bu bölgede referans yangınımız az — tahmin belirsizliği diğer bölgelerden yüksek, saha doğrulaması önerilir.",True
KAR_2024_01_002606,DIKIM_ADAYI,DUSUK_GUVEN,0.0853,"meşe, kayın, karaçam",toparlanma=0.09 <0.35,"Aktif dikim adayı. Doğal toparlanma zayıf kalıyor, eğim (9,3°) dikime elverişli.","Modelin tahminine göre yangın öncesi örtünün ancak %9 kadarı iki yılda geri gelecek — kendi başına kapanmayacak bir açık var. Bu bölgede referans yangınımız az — tahmin belirsizliği diğer bölgelerden yüksek, saha doğrulaması önerilir. Yetişme ortamı: Karadeniz kuşağı, 1116 m, düz-hafif eğimli (0–10°). Bu koşullar için önerilen türler: meşe, kayın, karaçam. Tür önerisi sistemin çıkarımı değil, dışarıdan verilen tablodan okunmuştur. Tablo: ÖRNEK TABLO — OGM tür-yetişme ortamı rehberi ile değiştirilecek",True
KAR_2024_01_002607,DIKIM_ADAYI,DUSUK_GUVEN,0.0164,"meşe, kayın, karaçam",toparlanma=0.02 <0.35,"Aktif dikim adayı. Doğal toparlanma zayıf kalıyor, eğim (9,6°) dikime elverişli.","Modelin tahminine göre yangın öncesi örtünün ancak %2 kadarı iki yılda geri gelecek — kendi başına kapanmayacak bir açık var. Bu bölgede referans yangınımız az — tahmin belirsizliği diğer bölgelerden yüksek, saha doğrulaması önerilir. Yetişme ortamı: Karadeniz kuşağı, 1129 m, düz-hafif eğimli (0–10°). Bu koşullar için önerilen türler: meşe, kayın, karaçam. Tür önerisi sistemin çıkarımı değil, dışarıdan verilen tablodan okunmuştur. Tablo: ÖRNEK TABLO — OGM tür-yetişme ortamı rehberi ile değiştirilecek",True
KAR_2024_01_002608,IZLE,DUSUK_GUVEN,,,prediction_status=low_severity,"İzle, müdahale etme. Yangın bu kareyi ağır yakmamış (düşük şiddet, dNBR 0,24).","Model bu rejimde tahmin üretmiyor. Kendi toparlanması bekleniyor, müdahale listesine alınmıyor. Bu bölgede referans yangınımız az — tahmin belirsizliği diğer bölgelerden yüksek, saha doğrulaması önerilir.",True
KAR_2024_01_002609,IZLE,DUSUK_GUVEN,,,prediction_status=low_severity,"İzle, müdahale etme. Yangın bu kareyi ağır yakmamış (düşük şiddet, dNBR 0,15).","Model bu rejimde tahmin üretmiyor. Kendi toparlanması bekleniyor, müdahale listesine alınmıyor. Bu bölgede referans yangınımız az — tahmin belirsizliği diğer bölgelerden yüksek, saha doğrulaması önerilir.",True
KAR_2024_01_002610,IZLE,ERISIM_ZOR|DUSUK_GUVEN,,,prediction_status=low_severity,"İzle, müdahale etme. Yangın bu kareyi ağır yakmamış (düşük şiddet, dNBR 0,22).","Model bu rejimde tahmin üretmiyor. Kendi toparlanması bekleniyor, müdahale listesine alınmıyor. En yakın yol 2,20 km — erişim ve lojistik bu karede belirleyici olacak. Bu bölgede referans yangınımız az — tahmin belirsizliği diğer bölgelerden yüksek, saha doğrulaması önerilir.",True
KAR_2024_01_002611,IZLE,ERISIM_ZOR|DUSUK_GUVEN,,,prediction_status=low_severity,"İzle, müdahale etme. Yangın bu kareyi ağır yakmamış (düşük şiddet, dNBR 0,14).","Model bu rejimde tahmin üretmiyor. Kendi toparlanması bekleniyor, müdahale listesine alınmıyor. En yakın yol 2,14 km — erişim ve lojistik bu karede belirleyici olacak. Bu bölgede referans yangınımız az — tahmin belirsizliği diğer bölgelerden yüksek, saha doğrulaması önerilir.",True
KAR_2024_01_002615,IZLE,DUSUK_GUVEN,,,prediction_status=low_severity,"İzle, müdahale etme. Yangın bu kareyi ağır yakmamış (düşük şiddet, dNBR 0,11).","Model bu rejimde tahmin üretmiyor. Kendi toparlanması bekleniyor, müdahale listesine alınmıyor. Bu bölgede referans yangınımız az — tahmin belirsizliği diğer bölgelerden yüksek, saha doğrulaması önerilir.",True
KAR_2024_01_002616,IZLE,DUSUK_GUVEN,,,prediction_status=low_severity,"İzle, müdahale etme. Yangın bu kareyi ağır yakmamış (düşük şiddet, dNBR 0,20).","Model bu rejimde tahmin üretmiyor. Kendi toparlanması bekleniyor, müdahale listesine alınmıyor. Bu bölgede referans yangınımız az — tahmin belirsizliği diğer bölgelerden yüksek, saha doğrulaması önerilir.",True
KAR_2024_01_002617,DIKIM_ADAYI,DUSUK_GUVEN,0.0,"meşe, kayın, karaçam",toparlanma=0.00 <0.35,"Aktif dikim adayı. Doğal toparlanma zayıf kalıyor, eğim (20,4°) dikime elverişli.","Modelin tahminine göre yangın öncesi örtünün ancak %0 kadarı iki yılda geri gelecek — kendi başına kapanmayacak bir açık var. Bu bölgede referans yangınımız az — tahmin belirsizliği diğer bölgelerden yüksek, saha doğrulaması önerilir. Yetişme ortamı: Karadeniz kuşağı, 1025 m, orta eğimli (10–25°). Bu koşullar için önerilen türler: meşe, kayın, karaçam. Tür önerisi sistemin çıkarımı değil, dışarıdan verilen tablodan okunmuştur. Tablo: ÖRNEK TABLO — OGM tür-yetişme ortamı rehberi ile değiştirilecek",True
KAR_2024_01_002618,DIKIM_ADAYI,DUSUK_GUVEN,0.0129,"meşe, kayın, karaçam",toparlanma=0.01 <0.35,"Aktif dikim adayı. Doğal toparlanma zayıf kalıyor, eğim (13,8°) dikime elverişli.","Modelin tahminine göre yangın öncesi örtünün ancak %1 kadarı iki yılda geri gelecek — kendi başına kapanmayacak bir açık var. Bu bölgede referans yangınımız az — tahmin belirsizliği diğer bölgelerden yüksek, saha doğrulaması önerilir. Yetişme ortamı: Karadeniz kuşağı, 1073 m, orta eğimli (10–25°). Bu koşullar için önerilen türler: meşe, kayın, karaçam. Tür önerisi sistemin çıkarımı değil, dışarıdan verilen tablodan okunmuştur. Tablo: ÖRNEK TABLO — OGM tür-yetişme ortamı rehberi ile değiştirilecek",True
KAR_2024_01_002619,DIKIM_ADAYI,DUSUK_GUVEN,0.0,"meşe, kayın, karaçam",toparlanma=0.00 <0.35,"Aktif dikim adayı. Doğal toparlanma zayıf kalıyor, eğim (13,2°) dikime elverişli.","Modelin tahminine göre yangın öncesi örtünün ancak %0 kadarı iki yılda geri gelecek — kendi başına kapanmayacak bir açık var. Bu bölgede referans yangınımız az — tahmin belirsizliği diğer bölgelerden yüksek, saha doğrulaması önerilir. Yetişme ortamı: Karadeniz kuşağı, 1049 m, orta eğimli (10–25°). Bu koşullar için önerilen türler: meşe, kayın, karaçam. Tür önerisi sistemin çıkarımı değil, dışarıdan verilen tablodan okunmuştur. Tablo: ÖRNEK TABLO — OGM tür-yetişme ortamı rehberi ile değiştirilecek",True
KAR_2024_01_002620,IZLE,DUSUK_GUVEN,,,prediction_status=low_severity,"İzle, müdahale etme. Yangın bu kareyi ağır yakmamış (düşük şiddet, dNBR 0,19).","Model bu rejimde tahmin üretmiyor. Kendi toparlanması bekleniyor, müdahale listesine alınmıyor. Bu bölgede referans yangınımız az — tahmin belirsizliği diğer bölgelerden yüksek, saha doğrulaması önerilir.",True
KAR_2024_01_002621,IZLE,DUSUK_GUVEN,,,prediction_status=low_severity,"İzle, müdahale etme. Yangın bu kareyi ağır yakmamış (düşük şiddet, dNBR 0,19).","Model bu rejimde tahmin üretmiyor. Kendi toparlanması bekleniyor, müdahale listesine alınmıyor. Bu bölgede referans yangınımız az — tahmin belirsizliği diğer bölgelerden yüksek, saha doğrulaması önerilir.",True
KAR_2024_01_002622,IZLE,DUSUK_GUVEN,,,prediction_status=low_severity,"İzle, müdahale etme. Yangın bu kareyi ağır yakmamış (düşük şiddet, dNBR 0,23).","Model bu rejimde tahmin üretmiyor. Kendi toparlanması bekleniyor, müdahale listesine alınmıyor. Bu bölgede referans yangınımız az — tahmin belirsizliği diğer bölgelerden yüksek, saha doğrulaması önerilir.",True
KAR_2024_01_002623,IZLE,DUSUK_GUVEN,,,prediction_status=low_severity,"İzle, müdahale etme. Yangın bu kareyi ağır yakmamış (düşük şiddet, dNBR 0,24).","Model bu rejimde tahmin üretmiyor. Kendi toparlanması bekleniyor, müdahale listesine alınmıyor. Bu bölgede referans yangınımız az — tahmin belirsizliği diğer bölgelerden yüksek, saha doğrulaması önerilir.",True
KAR_2024_01_002624,IZLE,DUSUK_GUVEN,,,prediction_status=low_severity,"İzle, müdahale etme. Yangın bu kareyi ağır yakmamış (düşük şiddet, dNBR 0,25).","Model bu rejimde tahmin üretmiyor. Kendi toparlanması bekleniyor, müdahale listesine alınmıyor. Bu bölgede referans yangınımız az — tahmin belirsizliği diğer bölgelerden yüksek, saha doğrulaması önerilir.",True
KAR_2024_01_002625,IZLE,DUSUK_GUVEN,,,prediction_status=low_severity,"İzle, müdahale etme. Yangın bu kareyi ağır yakmamış (düşük şiddet, dNBR 0,12).","Model bu rejimde tahmin üretmiyor. Kendi toparlanması bekleniyor, müdahale listesine alınmıyor. Bu bölgede referans yangınımız az — tahmin belirsizliği diğer bölgelerden yüksek, saha doğrulaması önerilir.",True
KAR_2024_01_002626,DIKIM_ADAYI,DUSUK_GUVEN,0.0,"meşe, kayın, karaçam",toparlanma=0.00 <0.35,"Aktif dikim adayı. Doğal toparlanma zayıf kalıyor, eğim (17,3°) dikime elverişli.","Modelin tahminine göre yangın öncesi örtünün ancak %0 kadarı iki yılda geri gelecek — kendi başına kapanmayacak bir açık var. Bu bölgede referans yangınımız az — tahmin belirsizliği diğer bölgelerden yüksek, saha doğrulaması önerilir. Yetişme ortamı: Karadeniz kuşağı, 1089 m, orta eğimli (10–25°). Bu koşullar için önerilen türler: meşe, kayın, karaçam. Tür önerisi sistemin çıkarımı değil, dışarıdan verilen tablodan okunmuştur. Tablo: ÖRNEK TABLO — OGM tür-yetişme ortamı rehberi ile değiştirilecek",True
KAR_2024_01_002627,DIKIM_ADAYI,AGIR_YANMIS|DUSUK_GUVEN,0.0,"meşe, kayın, karaçam",toparlanma=0.00 <0.35,"Aktif dikim adayı. Doğal toparlanma zayıf kalıyor, eğim (17,1°) dikime elverişli.","Modelin tahminine göre yangın öncesi örtünün ancak %0 kadarı iki yılda geri gelecek — kendi başına kapanmayacak bir açık var. Yangın orta-yüksek şiddet sınıfında (dNBR 0,45); toprak yüzeyi büyük olasılıkla açıkta. Bu bölgede referans yangınımız az — tahmin belirsizliği diğer bölgelerden yüksek, saha doğrulaması önerilir. Yetişme ortamı: Karadeniz kuşağı, 1166 m, orta eğimli (10–25°). Bu koşullar için önerilen türler: meşe, kayın, karaçam. Tür önerisi sistemin çıkarımı değil, dışarıdan verilen tablodan okunmuştur. Tablo: ÖRNEK TABLO — OGM tür-yetişme ortamı rehberi ile değiştirilecek",True
KAR_2024_01_002628,DIKIM_ADAYI,DUSUK_GUVEN,0.073,,toparlanma=0.07 <0.35,"Aktif dikim adayı. Doğal toparlanma zayıf kalıyor, eğim (12,9°) dikime elverişli.","Modelin tahminine göre yangın öncesi örtünün ancak %7 kadarı iki yılda geri gelecek — kendi başına kapanmayacak bir açık var. Bu bölgede referans yangınımız az — tahmin belirsizliği diğer bölgelerden yüksek, saha doğrulaması önerilir. Yetişme ortamı: Karadeniz kuşağı, 1225 m, orta eğimli (10–25°). Tür seçimi için yetişme ortamı rehberine başvurulmalı.",True
KAR_2024_01_002630,IZLE,DUSUK_GUVEN,,,prediction_status=low_severity,"İzle, müdahale etme. Yangın bu kareyi ağır yakmamış (düşük şiddet, dNBR 0,12).","Model bu rejimde tahmin üretmiyor. Kendi toparlanması bekleniyor, müdahale listesine alınmıyor. Bu bölgede referans yangınımız az — tahmin belirsizliği diğer bölgelerden yüksek, saha doğrulaması önerilir.",True
KAR_2024_01_002631,IZLE,DUSUK_GUVEN,,,prediction_status=low_severity,"İzle, müdahale etme. Yangın bu kareyi ağır yakmamış (düşük şiddet, dNBR 0,11).","Model bu rejimde tahmin üretmiyor. Kendi toparlanması bekleniyor, müdahale listesine alınmıyor. Bu bölgede referans yangınımız az — tahmin belirsizliği diğer bölgelerden yüksek, saha doğrulaması önerilir.",True
KAR_2024_01_002671,IZLE,DUSUK_GUVEN,,,prediction_status=low_severity,"İzle, müdahale etme. Yangın bu kareyi ağır yakmamış (düşük şiddet, dNBR 0,10).","Model bu rejimde tahmin üretmiyor. Kendi toparlanması bekleniyor, müdahale listesine alınmıyor. Bu bölgede referans yangınımız az — tahmin belirsizliği diğer bölgelerden yüksek, saha doğrulaması önerilir.",True
KAR_2024_01_002672,IZLE,DUSUK_GUVEN,,,prediction_status=low_severity,"İzle, müdahale etme. Yangın bu kareyi ağır yakmamış (düşük şiddet, dNBR 0,13).","Model bu rejimde tahmin üretmiyor. Kendi toparlanması bekleniyor, müdahale listesine alınmıyor. Bu bölgede referans yangınımız az — tahmin belirsizliği diğer bölgelerden yüksek, saha doğrulaması önerilir.",True
KAR_2024_01_002674,DIKIM_ADAYI,DUSUK_GUVEN,0.0598,"meşe, kayın, karaçam",toparlanma=0.06 <0.35,"Aktif dikim adayı. Doğal toparlanma zayıf kalıyor, eğim (8,6°) dikime elverişli.","Modelin tahminine göre yangın öncesi örtünün ancak %6 kadarı iki yılda geri gelecek — kendi başına kapanmayacak bir açık var. Bu bölgede referans yangınımız az — tahmin belirsizliği diğer bölgelerden yüksek, saha doğrulaması önerilir. Yetişme ortamı: Karadeniz kuşağı, 1082 m, düz-hafif eğimli (0–10°). Bu koşullar için önerilen türler: meşe, kayın, karaçam. Tür önerisi sistemin çıkarımı değil, dışarıdan verilen tablodan okunmuştur. Tablo: ÖRNEK TABLO — OGM tür-yetişme ortamı rehberi ile değiştirilecek",True
KAR_2024_01_002675,IZLE,DUSUK_GUVEN,,,prediction_status=low_severity,"İzle, müdahale etme. Yangın bu kareyi ağır yakmamış (düşük şiddet, dNBR 0,23).","Model bu rejimde tahmin üretmiyor. Kendi toparlanması bekleniyor, müdahale listesine alınmıyor. Bu bölgede referans yangınımız az — tahmin belirsizliği diğer bölgelerden yüksek, saha doğrulaması önerilir.",True
KAR_2024_01_002676,IZLE,DUSUK_GUVEN,,,prediction_status=low_severity,"İzle, müdahale etme. Yangın bu kareyi ağır yakmamış (düşük şiddet, dNBR 0,22).","Model bu rejimde tahmin üretmiyor. Kendi toparlanması bekleniyor, müdahale listesine alınmıyor. Bu bölgede referans yangınımız az — tahmin belirsizliği diğer bölgelerden yüksek, saha doğrulaması önerilir.",True
KAR_2024_01_002677,IZLE,ERISIM_ZOR|DUSUK_GUVEN,,,prediction_status=low_severity,"İzle, müdahale etme. Yangın bu kareyi ağır yakmamış (düşük şiddet, dNBR 0,26).","Model bu rejimde tahmin üretmiyor. Kendi toparlanması bekleniyor, müdahale listesine alınmıyor. En yakın yol 2,10 km — erişim ve lojistik bu karede belirleyici olacak. Bu bölgede referans yangınımız az — tahmin belirsizliği diğer bölgelerden yüksek, saha doğrulaması önerilir.",True
KAR_2024_01_002678,IZLE,ERISIM_ZOR|DUSUK_GUVEN,,,prediction_status=low_severity,"İzle, müdahale etme. Yangın bu kareyi ağır yakmamış (düşük şiddet, dNBR 0,23).","Model bu rejimde tahmin üretmiyor. Kendi toparlanması bekleniyor, müdahale listesine alınmıyor. En yakın yol 2,02 km — erişim ve lojistik bu karede belirleyici olacak. Bu bölgede referans yangınımız az — tahmin belirsizliği diğer bölgelerden yüksek, saha doğrulaması önerilir.",True
KAR_2024_01_002679,IZLE,DUSUK_GUVEN,,,prediction_status=low_severity,"İzle, müdahale etme. Yangın bu kareyi ağır yakmamış (düşük şiddet, dNBR 0,15).","Model bu rejimde tahmin üretmiyor. Kendi toparlanması bekleniyor, müdahale listesine alınmıyor. Bu bölgede referans yangınımız az — tahmin belirsizliği diğer bölgelerden yüksek, saha doğrulaması önerilir.",True
KAR_2024_01_002683,IZLE,DUSUK_GUVEN,,,prediction_status=low_severity,"İzle, müdahale etme. Yangın bu kareyi ağır yakmamış (düşük şiddet, dNBR 0,20).","Model bu rejimde tahmin üretmiyor. Kendi toparlanması bekleniyor, müdahale listesine alınmıyor. Bu bölgede referans yangınımız az — tahmin belirsizliği diğer bölgelerden yüksek, saha doğrulaması önerilir.",True
KAR_2024_01_002684,IZLE,DUSUK_GUVEN,,,prediction_status=low_severity,"İzle, müdahale etme. Yangın bu kareyi ağır yakmamış (düşük şiddet, dNBR 0,24).","Model bu rejimde tahmin üretmiyor. Kendi toparlanması bekleniyor, müdahale listesine alınmıyor. Bu bölgede referans yangınımız az — tahmin belirsizliği diğer bölgelerden yüksek, saha doğrulaması önerilir.",True
KAR_2024_01_002685,DIKIM_ADAYI,DUSUK_GUVEN,0.0033,"meşe, kayın, karaçam",toparlanma=0.00 <0.35,"Aktif dikim adayı. Doğal toparlanma zayıf kalıyor, eğim (15,8°) dikime elverişli.","Modelin tahminine göre yangın öncesi örtünün ancak %0 kadarı iki yılda geri gelecek — kendi başına kapanmayacak bir açık var. Bu bölgede referans yangınımız az — tahmin belirsizliği diğer bölgelerden yüksek, saha doğrulaması önerilir. Yetişme ortamı: Karadeniz kuşağı, 1084 m, orta eğimli (10–25°). Bu koşullar için önerilen türler: meşe, kayın, karaçam. Tür önerisi sistemin çıkarımı değil, dışarıdan verilen tablodan okunmuştur. Tablo: ÖRNEK TABLO — OGM tür-yetişme ortamı rehberi ile değiştirilecek",True
KAR_2024_01_002686,DIKIM_ADAYI,DUSUK_GUVEN,0.0,"meşe, kayın, karaçam",toparlanma=0.00 <0.35,"Aktif dikim adayı. Doğal toparlanma zayıf kalıyor, eğim (16,6°) dikime elverişli.","Modelin tahminine göre yangın öncesi örtünün ancak %0 kadarı iki yılda geri gelecek — kendi başına kapanmayacak bir açık var. Bu bölgede referans yangınımız az — tahmin belirsizliği diğer bölgelerden yüksek, saha doğrulaması önerilir. Yetişme ortamı: Karadeniz kuşağı, 1068 m, orta eğimli (10–25°). Bu koşullar için önerilen türler: meşe, kayın, karaçam. Tür önerisi sistemin çıkarımı değil, dışarıdan verilen tablodan okunmuştur. Tablo: ÖRNEK TABLO — OGM tür-yetişme ortamı rehberi ile değiştirilecek",True
KAR_2024_01_002687,IZLE,DUSUK_GUVEN,,,prediction_status=low_severity,"İzle, müdahale etme. Yangın bu kareyi ağır yakmamış (düşük şiddet, dNBR 0,25).","Model bu rejimde tahmin üretmiyor. Kendi toparlanması bekleniyor, müdahale listesine alınmıyor. Bu bölgede referans yangınımız az — tahmin belirsizliği diğer bölgelerden yüksek, saha doğrulaması önerilir.",True
KAR_2024_01_002688,IZLE,DUSUK_GUVEN,,,prediction_status=low_severity,"İzle, müdahale etme. Yangın bu kareyi ağır yakmamış (düşük şiddet, dNBR 0,18).","Model bu rejimde tahmin üretmiyor. Kendi toparlanması bekleniyor, müdahale listesine alınmıyor. Bu bölgede referans yangınımız az — tahmin belirsizliği diğer bölgelerden yüksek, saha doğrulaması önerilir.",True
KAR_2024_01_002689,IZLE,DUSUK_GUVEN,,,prediction_status=low_severity,"İzle, müdahale etme. Yangın bu kareyi ağır yakmamış (düşük şiddet, dNBR 0,15).","Model bu rejimde tahmin üretmiyor. Kendi toparlanması bekleniyor, müdahale listesine alınmıyor. Bu bölgede referans yangınımız az — tahmin belirsizliği diğer bölgelerden yüksek, saha doğrulaması önerilir.",True
KAR_2024_01_002690,DIKIM_ADAYI,DUSUK_GUVEN,0.0515,"meşe, kayın, karaçam",toparlanma=0.05 <0.35,"Aktif dikim adayı. Doğal toparlanma zayıf kalıyor, eğim (21,3°) dikime elverişli.","Modelin tahminine göre yangın öncesi örtünün ancak %5 kadarı iki yılda geri gelecek — kendi başına kapanmayacak bir açık var. Bu bölgede referans yangınımız az — tahmin belirsizliği diğer bölgelerden yüksek, saha doğrulaması önerilir. Yetişme ortamı: Karadeniz kuşağı, 1086 m, orta eğimli (10–25°). Bu koşullar için önerilen türler: meşe, kayın, karaçam. Tür önerisi sistemin çıkarımı değil, dışarıdan verilen tablodan okunmuştur. Tablo: ÖRNEK TABLO — OGM tür-yetişme ortamı rehberi ile değiştirilecek",True
KAR_2024_01_002691,DIKIM_ADAYI,DUSUK_GUVEN,0.0354,"meşe, kayın, karaçam",toparlanma=0.04 <0.35,"Aktif dikim adayı. Doğal toparlanma zayıf kalıyor, eğim (14,7°) dikime elverişli.","Modelin tahminine göre yangın öncesi örtünün ancak %4 kadarı iki yılda geri gelecek — kendi başına kapanmayacak bir açık var. Bu bölgede referans yangınımız az — tahmin belirsizliği diğer bölgelerden yüksek, saha doğrulaması önerilir. Yetişme ortamı: Karadeniz kuşağı, 1118 m, orta eğimli (10–25°). Bu koşullar için önerilen türler: meşe, kayın, karaçam. Tür önerisi sistemin çıkarımı değil, dışarıdan verilen tablodan okunmuştur. Tablo: ÖRNEK TABLO — OGM tür-yetişme ortamı rehberi ile değiştirilecek",True
KAR_2024_01_002692,DIKIM_ADAYI,DUSUK_GUVEN,0.0268,"meşe, kayın, karaçam",toparlanma=0.03 <0.35,"Aktif dikim adayı. Doğal toparlanma zayıf kalıyor, eğim (13,6°) dikime elverişli.","Modelin tahminine göre yangın öncesi örtünün ancak %3 kadarı iki yılda geri gelecek — kendi başına kapanmayacak bir açık var. Bu bölgede referans yangınımız az — tahmin belirsizliği diğer bölgelerden yüksek, saha doğrulaması önerilir. Yetişme ortamı: Karadeniz kuşağı, 1050 m, orta eğimli (10–25°). Bu koşullar için önerilen türler: meşe, kayın, karaçam. Tür önerisi sistemin çıkarımı değil, dışarıdan verilen tablodan okunmuştur. Tablo: ÖRNEK TABLO — OGM tür-yetişme ortamı rehberi ile değiştirilecek",True
KAR_2024_01_002693,IZLE,DUSUK_GUVEN,,,prediction_status=low_severity,"İzle, müdahale etme. Yangın bu kareyi ağır yakmamış (düşük şiddet, dNBR 0,15).","Model bu rejimde tahmin üretmiyor. Kendi toparlanması bekleniyor, müdahale listesine alınmıyor. Bu bölgede referans yangınımız az — tahmin belirsizliği diğer bölgelerden yüksek, saha doğrulaması önerilir.",True
KAR_2024_01_002694,DIKIM_ADAYI,DUSUK_GUVEN,0.0583,"meşe, kayın, karaçam",toparlanma=0.06 <0.35,"Aktif dikim adayı. Doğal toparlanma zayıf kalıyor, eğim (16,6°) dikime elverişli.","Modelin tahminine göre yangın öncesi örtünün ancak %6 kadarı iki yılda geri gelecek — kendi başına kapanmayacak bir açık var. Bu bölgede referans yangınımız az — tahmin belirsizliği diğer bölgelerden yüksek, saha doğrulaması önerilir. Yetişme ortamı: Karadeniz kuşağı, 1081 m, orta eğimli (10–25°). Bu koşullar için önerilen türler: meşe, kayın, karaçam. Tür önerisi sistemin çıkarımı değil, dışarıdan verilen tablodan okunmuştur. Tablo: ÖRNEK TABLO — OGM tür-yetişme ortamı rehberi ile değiştirilecek",True
KAR_2024_01_002695,DIKIM_ADAYI,DUSUK_GUVEN,0.0434,"meşe, kayın, karaçam",toparlanma=0.04 <0.35,"Aktif dikim adayı. Doğal toparlanma zayıf kalıyor, eğim (13,1°) dikime elverişli.","Modelin tahminine göre yangın öncesi örtünün ancak %4 kadarı iki yılda geri gelecek — kendi başına kapanmayacak bir açık var. Bu bölgede referans yangınımız az — tahmin belirsizliği diğer bölgelerden yüksek, saha doğrulaması önerilir. Yetişme ortamı: Karadeniz kuşağı, 1138 m, orta eğimli (10–25°). Bu koşullar için önerilen türler: meşe, kayın, karaçam. Tür önerisi sistemin çıkarımı değil, dışarıdan verilen tablodan okunmuştur. Tablo: ÖRNEK TABLO — OGM tür-yetişme ortamı rehberi ile değiştirilecek",True
KAR_2024_01_002696,IZLE,DUSUK_GUVEN,,,prediction_status=low_severity,"İzle, müdahale etme. Yangın bu kareyi ağır yakmamış (düşük şiddet, dNBR 0,16).","Model bu rejimde tahmin üretmiyor. Kendi toparlanması bekleniyor, müdahale listesine alınmıyor. Bu bölgede referans yangınımız az — tahmin belirsizliği diğer bölgelerden yüksek, saha doğrulaması önerilir.",True
KAR_2024_01_002734,IZLE,DUSUK_GUVEN,,,prediction_status=low_severity,"İzle, müdahale etme. Yangın bu kareyi ağır yakmamış (düşük şiddet, dNBR 0,10).","Model bu rejimde tahmin üretmiyor. Kendi toparlanması bekleniyor, müdahale listesine alınmıyor. Bu bölgede referans yangınımız az — tahmin belirsizliği diğer bölgelerden yüksek, saha doğrulaması önerilir.",True
KAR_2024_01_002737,IZLE,DUSUK_GUVEN,,,prediction_status=low_severity,"İzle, müdahale etme. Yangın bu kareyi ağır yakmamış (düşük şiddet, dNBR 0,10).","Model bu rejimde tahmin üretmiyor. Kendi toparlanması bekleniyor, müdahale listesine alınmıyor. Bu bölgede referans yangınımız az — tahmin belirsizliği diğer bölgelerden yüksek, saha doğrulaması önerilir.",True
KAR_2024_01_002739,IZLE,DUSUK_GUVEN,,,prediction_status=low_severity,"İzle, müdahale etme. Yangın bu kareyi ağır yakmamış (düşük şiddet, dNBR 0,16).","Model bu rejimde tahmin üretmiyor. Kendi toparlanması bekleniyor, müdahale listesine alınmıyor. Bu bölgede referans yangınımız az — tahmin belirsizliği diğer bölgelerden yüksek, saha doğrulaması önerilir.",True
KAR_2024_01_002740,DIKIM_ADAYI,DUSUK_GUVEN,0.1079,"meşe, kayın, karaçam",toparlanma=0.11 <0.35,"Aktif dikim adayı. Doğal toparlanma zayıf kalıyor, eğim (7,9°) dikime elverişli.","Modelin tahminine göre yangın öncesi örtünün ancak %11 kadarı iki yılda geri gelecek — kendi başına kapanmayacak bir açık var. Bu bölgede referans yangınımız az — tahmin belirsizliği diğer bölgelerden yüksek, saha doğrulaması önerilir. Yetişme ortamı: Karadeniz kuşağı, 1052 m, düz-hafif eğimli (0–10°). Bu koşullar için önerilen türler: meşe, kayın, karaçam. Tür önerisi sistemin çıkarımı değil, dışarıdan verilen tablodan okunmuştur. Tablo: ÖRNEK TABLO — OGM tür-yetişme ortamı rehberi ile değiştirilecek",True
KAR_2024_01_002743,IZLE,DUSUK_GUVEN,,,prediction_status=low_severity,"İzle, müdahale etme. Yangın bu kareyi ağır yakmamış (düşük şiddet, dNBR 0,12).","Model bu rejimde tahmin üretmiyor. Kendi toparlanması bekleniyor, müdahale listesine alınmıyor. Bu bölgede referans yangınımız az — tahmin belirsizliği diğer bölgelerden yüksek, saha doğrulaması önerilir.",True
KAR_2024_01_002744,DIKIM_ADAYI,DUSUK_GUVEN,0.1035,"meşe, kayın, karaçam",toparlanma=0.10 <0.35,"Aktif dikim adayı. Doğal toparlanma zayıf kalıyor, eğim (10,3°) dikime elverişli.","Modelin tahminine göre yangın öncesi örtünün ancak %10 kadarı iki yılda geri gelecek — kendi başına kapanmayacak bir açık var. Bu bölgede referans yangınımız az — tahmin belirsizliği diğer bölgelerden yüksek, saha doğrulaması önerilir. Yetişme ortamı: Karadeniz kuşağı, 1092 m, orta eğimli (10–25°). Bu koşullar için önerilen türler: meşe, kayın, karaçam. Tür önerisi sistemin çıkarımı değil, dışarıdan verilen tablodan okunmuştur. Tablo: ÖRNEK TABLO — OGM tür-yetişme ortamı rehberi ile değiştirilecek",True
KAR_2024_01_002745,DIKIM_ADAYI,DUSUK_GUVEN,0.0923,"meşe, kayın, karaçam",toparlanma=0.09 <0.35,"Aktif dikim adayı. Doğal toparlanma zayıf kalıyor, eğim (10,7°) dikime elverişli.","Modelin tahminine göre yangın öncesi örtünün ancak %9 kadarı iki yılda geri gelecek — kendi başına kapanmayacak bir açık var. Bu bölgede referans yangınımız az — tahmin belirsizliği diğer bölgelerden yüksek, saha doğrulaması önerilir. Yetişme ortamı: Karadeniz kuşağı, 1108 m, orta eğimli (10–25°). Bu koşullar için önerilen türler: meşe, kayın, karaçam. Tür önerisi sistemin çıkarımı değil, dışarıdan verilen tablodan okunmuştur. Tablo: ÖRNEK TABLO — OGM tür-yetişme ortamı rehberi ile değiştirilecek",True
KAR_2024_01_002746,IZLE,DUSUK_GUVEN,,,prediction_status=low_severity,"İzle, müdahale etme. Yangın bu kareyi ağır yakmamış (düşük şiddet, dNBR 0,24).","Model bu rejimde tahmin üretmiyor. Kendi toparlanması bekleniyor, müdahale listesine alınmıyor. Bu bölgede referans yangınımız az — tahmin belirsizliği diğer bölgelerden yüksek, saha doğrulaması önerilir.",True
KAR_2024_01_002747,IZLE,DUSUK_GUVEN,,,prediction_status=low_severity,"İzle, müdahale etme. Yangın bu kareyi ağır yakmamış (düşük şiddet, dNBR 0,22).","Model bu rejimde tahmin üretmiyor. Kendi toparlanması bekleniyor, müdahale listesine alınmıyor. Bu bölgede referans yangınımız az — tahmin belirsizliği diğer bölgelerden yüksek, saha doğrulaması önerilir.",True
KAR_2024_01_002748,IZLE,DUSUK_GUVEN,,,prediction_status=low_severity,"İzle, müdahale etme. Yangın bu kareyi ağır yakmamış (düşük şiddet, dNBR 0,14).","Model bu rejimde tahmin üretmiyor. Kendi toparlanması bekleniyor, müdahale listesine alınmıyor. Bu bölgede referans yangınımız az — tahmin belirsizliği diğer bölgelerden yüksek, saha doğrulaması önerilir.",True
KAR_2024_01_002751,DIKIM_ADAYI,DUSUK_GUVEN,0.0941,"meşe, kayın, karaçam",toparlanma=0.09 <0.35,"Aktif dikim adayı. Doğal toparlanma zayıf kalıyor, eğim (16,0°) dikime elverişli.","Modelin tahminine göre yangın öncesi örtünün ancak %9 kadarı iki yılda geri gelecek — kendi başına kapanmayacak bir açık var. Bu bölgede referans yangınımız az — tahmin belirsizliği diğer bölgelerden yüksek, saha doğrulaması önerilir. Yetişme ortamı: Karadeniz kuşağı, 976 m, orta eğimli (10–25°). Bu koşullar için önerilen türler: meşe, kayın, karaçam. Tür önerisi sistemin çıkarımı değil, dışarıdan verilen tablodan okunmuştur. Tablo: ÖRNEK TABLO — OGM tür-yetişme ortamı rehberi ile değiştirilecek",True
KAR_2024_01_002752,DIKIM_ADAYI,DUSUK_GUVEN,0.0079,"meşe, kayın, karaçam",toparlanma=0.01 <0.35,"Aktif dikim adayı. Doğal toparlanma zayıf kalıyor, eğim (16,5°) dikime elverişli.","Modelin tahminine göre yangın öncesi örtünün ancak %1 kadarı iki yılda geri gelecek — kendi başına kapanmayacak bir açık var. Bu bölgede referans yangınımız az — tahmin belirsizliği diğer bölgelerden yüksek, saha doğrulaması önerilir. Yetişme ortamı: Karadeniz kuşağı, 1049 m, orta eğimli (10–25°). Bu koşullar için önerilen türler: meşe, kayın, karaçam. Tür önerisi sistemin çıkarımı değil, dışarıdan verilen tablodan okunmuştur. Tablo: ÖRNEK TABLO — OGM tür-yetişme ortamı rehberi ile değiştirilecek",True
KAR_2024_01_002753,DIKIM_ADAYI,AGIR_YANMIS|DUSUK_GUVEN,0.0329,"meşe, kayın, karaçam",toparlanma=0.03 <0.35,"Aktif dikim adayı. Doğal toparlanma zayıf kalıyor, eğim (13,6°) dikime elverişli.","Modelin tahminine göre yangın öncesi örtünün ancak %3 kadarı iki yılda geri gelecek — kendi başına kapanmayacak bir açık var. Yangın orta-yüksek şiddet sınıfında (dNBR 0,49); toprak yüzeyi büyük olasılıkla açıkta. Bu bölgede referans yangınımız az — tahmin belirsizliği diğer bölgelerden yüksek, saha doğrulaması önerilir. Yetişme ortamı: Karadeniz kuşağı, 1120 m, orta eğimli (10–25°). Bu koşullar için önerilen türler: meşe, kayın, karaçam. Tür önerisi sistemin çıkarımı değil, dışarıdan verilen tablodan okunmuştur. Tablo: ÖRNEK TABLO — OGM tür-yetişme ortamı rehberi ile değiştirilecek",True
KAR_2024_01_002754,DIKIM_ADAYI,AGIR_YANMIS|DUSUK_GUVEN,0.0,"meşe, kayın, karaçam",toparlanma=0.00 <0.35,"Aktif dikim adayı. Doğal toparlanma zayıf kalıyor, eğim (18,9°) dikime elverişli.","Modelin tahminine göre yangın öncesi örtünün ancak %0 kadarı iki yılda geri gelecek — kendi başına kapanmayacak bir açık var. Yangın orta-yüksek şiddet sınıfında (dNBR 0,46); toprak yüzeyi büyük olasılıkla açıkta. Bu bölgede referans yangınımız az — tahmin belirsizliği diğer bölgelerden yüksek, saha doğrulaması önerilir. Yetişme ortamı: Karadeniz kuşağı, 1097 m, orta eğimli (10–25°). Bu koşullar için önerilen türler: meşe, kayın, karaçam. Tür önerisi sistemin çıkarımı değil, dışarıdan verilen tablodan okunmuştur. Tablo: ÖRNEK TABLO — OGM tür-yetişme ortamı rehberi ile değiştirilecek",True
KAR_2024_01_002755,IZLE,DUSUK_GUVEN,,,prediction_status=low_severity,"İzle, müdahale etme. Yangın bu kareyi ağır yakmamış (düşük şiddet, dNBR 0,24).","Model bu rejimde tahmin üretmiyor. Kendi toparlanması bekleniyor, müdahale listesine alınmıyor. Bu bölgede referans yangınımız az — tahmin belirsizliği diğer bölgelerden yüksek, saha doğrulaması önerilir.",True
KAR_2024_01_002757,IZLE,DUSUK_GUVEN,,,prediction_status=low_severity,"İzle, müdahale etme. Yangın bu kareyi ağır yakmamış (düşük şiddet, dNBR 0,18).","Model bu rejimde tahmin üretmiyor. Kendi toparlanması bekleniyor, müdahale listesine alınmıyor. Bu bölgede referans yangınımız az — tahmin belirsizliği diğer bölgelerden yüksek, saha doğrulaması önerilir.",True
KAR_2024_01_002758,IZLE,DUSUK_GUVEN,,,prediction_status=low_severity,"İzle, müdahale etme. Yangın bu kareyi ağır yakmamış (düşük şiddet, dNBR 0,24).","Model bu rejimde tahmin üretmiyor. Kendi toparlanması bekleniyor, müdahale listesine alınmıyor. Bu bölgede referans yangınımız az — tahmin belirsizliği diğer bölgelerden yüksek, saha doğrulaması önerilir.",True
KAR_2024_01_002759,IZLE,DUSUK_GUVEN,,,prediction_status=low_severity,"İzle, müdahale etme. Yangın bu kareyi ağır yakmamış (düşük şiddet, dNBR 0,24).","Model bu rejimde tahmin üretmiyor. Kendi toparlanması bekleniyor, müdahale listesine alınmıyor. Bu bölgede referans yangınımız az — tahmin belirsizliği diğer bölgelerden yüksek, saha doğrulaması önerilir.",True
KAR_2024_01_002760,DIKIM_ADAYI,DUSUK_GUVEN,0.1687,"meşe, kayın, karaçam",toparlanma=0.17 <0.35,"Aktif dikim adayı. Doğal toparlanma zayıf kalıyor, eğim (14,0°) dikime elverişli.","Modelin tahminine göre yangın öncesi örtünün ancak %17 kadarı iki yılda geri gelecek — kendi başına kapanmayacak bir açık var. Bu bölgede referans yangınımız az — tahmin belirsizliği diğer bölgelerden yüksek, saha doğrulaması önerilir. Yetişme ortamı: Karadeniz kuşağı, 1053 m, orta eğimli (10–25°). Bu koşullar için önerilen türler: meşe, kayın, karaçam. Tür önerisi sistemin çıkarımı değil, dışarıdan verilen tablodan okunmuştur. Tablo: ÖRNEK TABLO — OGM tür-yetişme ortamı rehberi ile değiştirilecek",True
KAR_2024_01_002761,IZLE,DUSUK_GUVEN,,,prediction_status=low_severity,"İzle, müdahale etme. Yangın bu kareyi ağır yakmamış (düşük şiddet, dNBR 0,21).","Model bu rejimde tahmin üretmiyor. Kendi toparlanması bekleniyor, müdahale listesine alınmıyor. Bu bölgede referans yangınımız az — tahmin belirsizliği diğer bölgelerden yüksek, saha doğrulaması önerilir.",True
KAR_2024_01_002762,DIKIM_ADAYI,DUSUK_GUVEN,0.0804,"meşe, kayın, karaçam",toparlanma=0.08 <0.35,"Aktif dikim adayı. Doğal toparlanma zayıf kalıyor, eğim (14,1°) dikime elverişli.","Modelin tahminine göre yangın öncesi örtünün ancak %8 kadarı iki yılda geri gelecek — kendi başına kapanmayacak bir açık var. Bu bölgede referans yangınımız az — tahmin belirsizliği diğer bölgelerden yüksek, saha doğrulaması önerilir. Yetişme ortamı: Karadeniz kuşağı, 1067 m, orta eğimli (10–25°). Bu koşullar için önerilen türler: meşe, kayın, karaçam. Tür önerisi sistemin çıkarımı değil, dışarıdan verilen tablodan okunmuştur. Tablo: ÖRNEK TABLO — OGM tür-yetişme ortamı rehberi ile değiştirilecek",True
KAR_2024_01_002763,IZLE,DUSUK_GUVEN,,,prediction_status=low_severity,"İzle, müdahale etme. Yangın bu kareyi ağır yakmamış (düşük şiddet, dNBR 0,23).","Model bu rejimde tahmin üretmiyor. Kendi toparlanması bekleniyor, müdahale listesine alınmıyor. Bu bölgede referans yangınımız az — tahmin belirsizliği diğer bölgelerden yüksek, saha doğrulaması önerilir.",True
KAR_2024_01_002806,IZLE,DUSUK_GUVEN,,,prediction_status=low_severity,"İzle, müdahale etme. Yangın bu kareyi ağır yakmamış (düşük şiddet, dNBR 0,26).","Model bu rejimde tahmin üretmiyor. Kendi toparlanması bekleniyor, müdahale listesine alınmıyor. Bu bölgede referans yangınımız az — tahmin belirsizliği diğer bölgelerden yüksek, saha doğrulaması önerilir.",True
KAR_2024_01_002807,DIKIM_ADAYI,DUSUK_GUVEN,0.0583,"meşe, kayın, karaçam",toparlanma=0.06 <0.35,"Aktif dikim adayı. Doğal toparlanma zayıf kalıyor, eğim (7,4°) dikime elverişli.","Modelin tahminine göre yangın öncesi örtünün ancak %6 kadarı iki yılda geri gelecek — kendi başına kapanmayacak bir açık var. Bu bölgede referans yangınımız az — tahmin belirsizliği diğer bölgelerden yüksek, saha doğrulaması önerilir. Yetişme ortamı: Karadeniz kuşağı, 1027 m, düz-hafif eğimli (0–10°). Bu koşullar için önerilen türler: meşe, kayın, karaçam. Tür önerisi sistemin çıkarımı değil, dışarıdan verilen tablodan okunmuştur. Tablo: ÖRNEK TABLO — OGM tür-yetişme ortamı rehberi ile değiştirilecek",True
KAR_2024_01_002808,IZLE,DUSUK_GUVEN,,,prediction_status=low_severity,"İzle, müdahale etme. Yangın bu kareyi ağır yakmamış (düşük şiddet, dNBR 0,24).","Model bu rejimde tahmin üretmiyor. Kendi toparlanması bekleniyor, müdahale listesine alınmıyor. Bu bölgede referans yangınımız az — tahmin belirsizliği diğer bölgelerden yüksek, saha doğrulaması önerilir.",True
KAR_2024_01_002810,IZLE,DUSUK_GUVEN,,,prediction_status=low_severity,"İzle, müdahale etme. Yangın bu kareyi ağır yakmamış (düşük şiddet, dNBR 0,17).","Model bu rejimde tahmin üretmiyor. Kendi toparlanması bekleniyor, müdahale listesine alınmıyor. Bu bölgede referans yangınımız az — tahmin belirsizliği diğer bölgelerden yüksek, saha doğrulaması önerilir.",True
KAR_2024_01_002811,DIKIM_ADAYI,DUSUK_GUVEN,0.194,"meşe, kayın, karaçam",toparlanma=0.19 <0.35,"Aktif dikim adayı. Doğal toparlanma zayıf kalıyor, eğim (13,3°) dikime elverişli.","Modelin tahminine göre yangın öncesi örtünün ancak %19 kadarı iki yılda geri gelecek — kendi başına kapanmayacak bir açık var. Bu bölgede referans yangınımız az — tahmin belirsizliği diğer bölgelerden yüksek, saha doğrulaması önerilir. Yetişme ortamı: Karadeniz kuşağı, 1057 m, orta eğimli (10–25°). Bu koşullar için önerilen türler: meşe, kayın, karaçam. Tür önerisi sistemin çıkarımı değil, dışarıdan verilen tablodan okunmuştur. Tablo: ÖRNEK TABLO — OGM tür-yetişme ortamı rehberi ile değiştirilecek",True
KAR_2024_01_002812,DIKIM_ADAYI,DUSUK_GUVEN,0.1932,"meşe, kayın, karaçam",toparlanma=0.19 <0.35,"Aktif dikim adayı. Doğal toparlanma zayıf kalıyor, eğim (11,5°) dikime elverişli.","Modelin tahminine göre yangın öncesi örtünün ancak %19 kadarı iki yılda geri gelecek — kendi başına kapanmayacak bir açık var. Bu bölgede referans yangınımız az — tahmin belirsizliği diğer bölgelerden yüksek, saha doğrulaması önerilir. Yetişme ortamı: Karadeniz kuşağı, 1098 m, orta eğimli (10–25°). Bu koşullar için önerilen türler: meşe, kayın, karaçam. Tür önerisi sistemin çıkarımı değil, dışarıdan verilen tablodan okunmuştur. Tablo: ÖRNEK TABLO — OGM tür-yetişme ortamı rehberi ile değiştirilecek",True
KAR_2024_01_002813,DIKIM_ADAYI,ESKIDEN_ORMAN_DEGIL|DUSUK_GUVEN,0.2015,"maki türleri, kermes meşesi",toparlanma=0.20 <0.35,"Aktif dikim adayı. Doğal toparlanma zayıf kalıyor, eğim (16,0°) dikime elverişli.","Modelin tahminine göre yangın öncesi örtünün ancak %20 kadarı iki yılda geri gelecek — kendi başına kapanmayacak bir açık var. Yangın öncesi örtü otlak ve çalılık idi; orman kurma değil, mevcut örtünün onarımı düşünülmeli. Bu bölgede referans yangınımız az — tahmin belirsizliği diğer bölgelerden yüksek, saha doğrulaması önerilir. Yetişme ortamı: Karadeniz kuşağı, 1073 m, orta eğimli (10–25°). Bu koşullar için önerilen türler: maki türleri, kermes meşesi. Tür önerisi sistemin çıkarımı değil, dışarıdan verilen tablodan okunmuştur. Tablo: ÖRNEK TABLO — OGM tür-yetişme ortamı rehberi ile değiştirilecek",True
KAR_2024_01_002814,IZLE,DUSUK_GUVEN,,,prediction_status=low_severity,"İzle, müdahale etme. Yangın bu kareyi ağır yakmamış (düşük şiddet, dNBR 0,21).","Model bu rejimde tahmin üretmiyor. Kendi toparlanması bekleniyor, müdahale listesine alınmıyor. Bu bölgede referans yangınımız az — tahmin belirsizliği diğer bölgelerden yüksek, saha doğrulaması önerilir.",True
KAR_2024_01_002815,DIKIM_ADAYI,DUSUK_GUVEN,0.0512,"meşe, kayın, karaçam",toparlanma=0.05 <0.35,"Aktif dikim adayı. Doğal toparlanma zayıf kalıyor, eğim (16,8°) dikime elverişli.","Modelin tahminine göre yangın öncesi örtünün ancak %5 kadarı iki yılda geri gelecek — kendi başına kapanmayacak bir açık var. Bu bölgede referans yangınımız az — tahmin belirsizliği diğer bölgelerden yüksek, saha doğrulaması önerilir. Yetişme ortamı: Karadeniz kuşağı, 1095 m, orta eğimli (10–25°). Bu koşullar için önerilen türler: meşe, kayın, karaçam. Tür önerisi sistemin çıkarımı değil, dışarıdan verilen tablodan okunmuştur. Tablo: ÖRNEK TABLO — OGM tür-yetişme ortamı rehberi ile değiştirilecek",True
KAR_2024_01_002816,IZLE,DUSUK_GUVEN,,,prediction_status=low_severity,"İzle, müdahale etme. Yangın bu kareyi ağır yakmamış (düşük şiddet, dNBR 0,11).","Model bu rejimde tahmin üretmiyor. Kendi toparlanması bekleniyor, müdahale listesine alınmıyor. Bu bölgede referans yangınımız az — tahmin belirsizliği diğer bölgelerden yüksek, saha doğrulaması önerilir.",True
KAR_2024_01_002819,DIKIM_ADAYI,DUSUK_GUVEN,0.06,"meşe, kayın, karaçam",toparlanma=0.06 <0.35,"Aktif dikim adayı. Doğal toparlanma zayıf kalıyor, eğim (19,0°) dikime elverişli.","Modelin tahminine göre yangın öncesi örtünün ancak %6 kadarı iki yılda geri gelecek — kendi başına kapanmayacak bir açık var. Bu bölgede referans yangınımız az — tahmin belirsizliği diğer bölgelerden yüksek, saha doğrulaması önerilir. Yetişme ortamı: Karadeniz kuşağı, 1004 m, orta eğimli (10–25°). Bu koşullar için önerilen türler: meşe, kayın, karaçam. Tür önerisi sistemin çıkarımı değil, dışarıdan verilen tablodan okunmuştur. Tablo: ÖRNEK TABLO — OGM tür-yetişme ortamı rehberi ile değiştirilecek",True
KAR_2024_01_002820,DIKIM_ADAYI,DUSUK_GUVEN,0.0566,"meşe, kayın, karaçam",toparlanma=0.06 <0.35,"Aktif dikim adayı. Doğal toparlanma zayıf kalıyor, eğim (14,6°) dikime elverişli.","Modelin tahminine göre yangın öncesi örtünün ancak %6 kadarı iki yılda geri gelecek — kendi başına kapanmayacak bir açık var. Bu bölgede referans yangınımız az — tahmin belirsizliği diğer bölgelerden yüksek, saha doğrulaması önerilir. Yetişme ortamı: Karadeniz kuşağı, 1075 m, orta eğimli (10–25°). Bu koşullar için önerilen türler: meşe, kayın, karaçam. Tür önerisi sistemin çıkarımı değil, dışarıdan verilen tablodan okunmuştur. Tablo: ÖRNEK TABLO — OGM tür-yetişme ortamı rehberi ile değiştirilecek",True
KAR_2024_01_002821,DIKIM_ADAYI,DUSUK_GUVEN,0.0321,"meşe, kayın, karaçam",toparlanma=0.03 <0.35,"Aktif dikim adayı. Doğal toparlanma zayıf kalıyor, eğim (12,0°) dikime elverişli.","Modelin tahminine göre yangın öncesi örtünün ancak %3 kadarı iki yılda geri gelecek — kendi başına kapanmayacak bir açık var. Bu bölgede referans yangınımız az — tahmin belirsizliği diğer bölgelerden yüksek, saha doğrulaması önerilir. Yetişme ortamı: Karadeniz kuşağı, 1114 m, orta eğimli (10–25°). Bu koşullar için önerilen türler: meşe, kayın, karaçam. Tür önerisi sistemin çıkarımı değil, dışarıdan verilen tablodan okunmuştur. Tablo: ÖRNEK TABLO — OGM tür-yetişme ortamı rehberi ile değiştirilecek",True
KAR_2024_01_002822,IZLE,DUSUK_GUVEN,,,prediction_status=low_severity,"İzle, müdahale etme. Yangın bu kareyi ağır yakmamış (düşük şiddet, dNBR 0,26).","Model bu rejimde tahmin üretmiyor. Kendi toparlanması bekleniyor, müdahale listesine alınmıyor. Bu bölgede referans yangınımız az — tahmin belirsizliği diğer bölgelerden yüksek, saha doğrulaması önerilir.",True
KAR_2024_01_002823,IZLE,DUSUK_GUVEN,,,prediction_status=low_severity,"İzle, müdahale etme. Yangın bu kareyi ağır yakmamış (düşük şiddet, dNBR 0,21).","Model bu rejimde tahmin üretmiyor. Kendi toparlanması bekleniyor, müdahale listesine alınmıyor. Bu bölgede referans yangınımız az — tahmin belirsizliği diğer bölgelerden yüksek, saha doğrulaması önerilir.",True
KAR_2024_01_002825,IZLE,DUSUK_GUVEN,,,prediction_status=low_severity,"İzle, müdahale etme. Yangın bu kareyi ağır yakmamış (düşük şiddet, dNBR 0,15).","Model bu rejimde tahmin üretmiyor. Kendi toparlanması bekleniyor, müdahale listesine alınmıyor. Bu bölgede referans yangınımız az — tahmin belirsizliği diğer bölgelerden yüksek, saha doğrulaması önerilir.",True
KAR_2024_01_002826,IZLE,DUSUK_GUVEN,,,prediction_status=low_severity,"İzle, müdahale etme. Yangın bu kareyi ağır yakmamış (düşük şiddet, dNBR 0,16).","Model bu rejimde tahmin üretmiyor. Kendi toparlanması bekleniyor, müdahale listesine alınmıyor. Bu bölgede referans yangınımız az — tahmin belirsizliği diğer bölgelerden yüksek, saha doğrulaması önerilir.",True
KAR_2024_01_002828,IZLE,ESKIDEN_ORMAN_DEGIL|DUSUK_GUVEN,,,prediction_status=low_severity,"İzle, müdahale etme. Yangın bu kareyi ağır yakmamış (düşük şiddet, dNBR 0,15).","Model bu rejimde tahmin üretmiyor. Kendi toparlanması bekleniyor, müdahale listesine alınmıyor. Yangın öncesi örtü otlak ve çalılık idi; orman kurma değil, mevcut örtünün onarımı düşünülmeli. Bu bölgede referans yangınımız az — tahmin belirsizliği diğer bölgelerden yüksek, saha doğrulaması önerilir.",True
KAR_2024_01_002829,IZLE,DUSUK_GUVEN,,,prediction_status=low_severity,"İzle, müdahale etme. Yangın bu kareyi ağır yakmamış (düşük şiddet, dNBR 0,13).","Model bu rejimde tahmin üretmiyor. Kendi toparlanması bekleniyor, müdahale listesine alınmıyor. Bu bölgede referans yangınımız az — tahmin belirsizliği diğer bölgelerden yüksek, saha doğrulaması önerilir.",True
KAR_2024_01_002830,IZLE,DUSUK_GUVEN,,,prediction_status=low_severity,"İzle, müdahale etme. Yangın bu kareyi ağır yakmamış (düşük şiddet, dNBR 0,25).","Model bu rejimde tahmin üretmiyor. Kendi toparlanması bekleniyor, müdahale listesine alınmıyor. Bu bölgede referans yangınımız az — tahmin belirsizliği diğer bölgelerden yüksek, saha doğrulaması önerilir.",True
KAR_2024_01_002831,IZLE,ESKIDEN_ORMAN_DEGIL|DUSUK_GUVEN,,,prediction_status=low_severity,"İzle, müdahale etme. Yangın bu kareyi ağır yakmamış (düşük şiddet, dNBR 0,12).","Model bu rejimde tahmin üretmiyor. Kendi toparlanması bekleniyor, müdahale listesine alınmıyor. Yangın öncesi örtü otlak ve çalılık idi; orman kurma değil, mevcut örtünün onarımı düşünülmeli. Bu bölgede referans yangınımız az — tahmin belirsizliği diğer bölgelerden yüksek, saha doğrulaması önerilir.",True
KAR_2024_01_002874,IZLE,DUSUK_GUVEN,,,prediction_status=low_severity,"İzle, müdahale etme. Yangın bu kareyi ağır yakmamış (düşük şiddet, dNBR 0,24).","Model bu rejimde tahmin üretmiyor. Kendi toparlanması bekleniyor, müdahale listesine alınmıyor. Bu bölgede referans yangınımız az — tahmin belirsizliği diğer bölgelerden yüksek, saha doğrulaması önerilir.",True
KAR_2024_01_002875,DIKIM_ADAYI,DUSUK_GUVEN,0.0491,"meşe, kayın, karaçam",toparlanma=0.05 <0.35,"Aktif dikim adayı. Doğal toparlanma zayıf kalıyor, eğim (7,9°) dikime elverişli.","Modelin tahminine göre yangın öncesi örtünün ancak %5 kadarı iki yılda geri gelecek — kendi başına kapanmayacak bir açık var. Bu bölgede referans yangınımız az — tahmin belirsizliği diğer bölgelerden yüksek, saha doğrulaması önerilir. Yetişme ortamı: Karadeniz kuşağı, 1013 m, düz-hafif eğimli (0–10°). Bu koşullar için önerilen türler: meşe, kayın, karaçam. Tür önerisi sistemin çıkarımı değil, dışarıdan verilen tablodan okunmuştur. Tablo: ÖRNEK TABLO — OGM tür-yetişme ortamı rehberi ile değiştirilecek",True
KAR_2024_01_002876,DIKIM_ADAYI,DUSUK_GUVEN,0.1229,"meşe, kayın, karaçam",toparlanma=0.12 <0.35,"Aktif dikim adayı. Doğal toparlanma zayıf kalıyor, eğim (7,7°) dikime elverişli.","Modelin tahminine göre yangın öncesi örtünün ancak %12 kadarı iki yılda geri gelecek — kendi başına kapanmayacak bir açık var. Bu bölgede referans yangınımız az — tahmin belirsizliği diğer bölgelerden yüksek, saha doğrulaması önerilir. Yetişme ortamı: Karadeniz kuşağı, 1022 m, düz-hafif eğimli (0–10°). Bu koşullar için önerilen türler: meşe, kayın, karaçam. Tür önerisi sistemin çıkarımı değil, dışarıdan verilen tablodan okunmuştur. Tablo: ÖRNEK TABLO — OGM tür-yetişme ortamı rehberi ile değiştirilecek",True
KAR_2024_01_002878,IZLE,ESKIDEN_ORMAN_DEGIL|DUSUK_GUVEN,,,prediction_status=low_severity,"İzle, müdahale etme. Yangın bu kareyi ağır yakmamış (düşük şiddet, dNBR 0,15).","Model bu rejimde tahmin üretmiyor. Kendi toparlanması bekleniyor, müdahale listesine alınmıyor. Yangın öncesi örtü otlak ve çalılık idi; orman kurma değil, mevcut örtünün onarımı düşünülmeli. Bu bölgede referans yangınımız az — tahmin belirsizliği diğer bölgelerden yüksek, saha doğrulaması önerilir.",True
KAR_2024_01_002879,IZLE,ESKIDEN_ORMAN_DEGIL|DUSUK_GUVEN,,,prediction_status=low_severity,"İzle, müdahale etme. Yangın bu kareyi ağır yakmamış (düşük şiddet, dNBR 0,20).","Model bu rejimde tahmin üretmiyor. Kendi toparlanması bekleniyor, müdahale listesine alınmıyor. Yangın öncesi örtü otlak ve çalılık idi; orman kurma değil, mevcut örtünün onarımı düşünülmeli. Bu bölgede referans yangınımız az — tahmin belirsizliği diğer bölgelerden yüksek, saha doğrulaması önerilir.",True
KAR_2024_01_002880,IZLE,ESKIDEN_ORMAN_DEGIL|DUSUK_GUVEN,,,prediction_status=low_severity,"İzle, müdahale etme. Yangın bu kareyi ağır yakmamış (düşük şiddet, dNBR 0,14).","Model bu rejimde tahmin üretmiyor. Kendi toparlanması bekleniyor, müdahale listesine alınmıyor. Yangın öncesi örtü otlak ve çalılık idi; orman kurma değil, mevcut örtünün onarımı düşünülmeli. Bu bölgede referans yangınımız az — tahmin belirsizliği diğer bölgelerden yüksek, saha doğrulaması önerilir.",True
KAR_2024_01_002881,IZLE,ESKIDEN_ORMAN_DEGIL|DUSUK_GUVEN,,,prediction_status=low_severity,"İzle, müdahale etme. Yangın bu kareyi ağır yakmamış (düşük şiddet, dNBR 0,14).","Model bu rejimde tahmin üretmiyor. Kendi toparlanması bekleniyor, müdahale listesine alınmıyor. Yangın öncesi örtü otlak ve çalılık idi; orman kurma değil, mevcut örtünün onarımı düşünülmeli. Bu bölgede referans yangınımız az — tahmin belirsizliği diğer bölgelerden yüksek, saha doğrulaması önerilir.",True
KAR_2024_01_002882,IZLE,ESKIDEN_ORMAN_DEGIL|DUSUK_GUVEN,,,prediction_status=low_severity,"İzle, müdahale etme. Yangın bu kareyi ağır yakmamış (düşük şiddet, dNBR 0,18).","Model bu rejimde tahmin üretmiyor. Kendi toparlanması bekleniyor, müdahale listesine alınmıyor. Yangın öncesi örtü otlak ve çalılık idi; orman kurma değil, mevcut örtünün onarımı düşünülmeli. Bu bölgede referans yangınımız az — tahmin belirsizliği diğer bölgelerden yüksek, saha doğrulaması önerilir.",True
KAR_2024_01_002883,IZLE,ESKIDEN_ORMAN_DEGIL|DUSUK_GUVEN,,,prediction_status=low_severity,"İzle, müdahale etme. Yangın bu kareyi ağır yakmamış (düşük şiddet, dNBR 0,16).","Model bu rejimde tahmin üretmiyor. Kendi toparlanması bekleniyor, müdahale listesine alınmıyor. Yangın öncesi örtü otlak ve çalılık idi; orman kurma değil, mevcut örtünün onarımı düşünülmeli. Bu bölgede referans yangınımız az — tahmin belirsizliği diğer bölgelerden yüksek, saha doğrulaması önerilir.",True
KAR_2024_01_002887,IZLE,DUSUK_GUVEN,,,prediction_status=low_severity,"İzle, müdahale etme. Yangın bu kareyi ağır yakmamış (düşük şiddet, dNBR 0,11).","Model bu rejimde tahmin üretmiyor. Kendi toparlanması bekleniyor, müdahale listesine alınmıyor. Bu bölgede referans yangınımız az — tahmin belirsizliği diğer bölgelerden yüksek, saha doğrulaması önerilir.",True
KAR_2024_01_002888,IZLE,ESKIDEN_ORMAN_DEGIL|DUSUK_GUVEN,,,prediction_status=low_severity,"İzle, müdahale etme. Yangın bu kareyi ağır yakmamış (düşük şiddet, dNBR 0,15).","Model bu rejimde tahmin üretmiyor. Kendi toparlanması bekleniyor, müdahale listesine alınmıyor. Yangın öncesi örtü otlak ve çalılık idi; orman kurma değil, mevcut örtünün onarımı düşünülmeli. Bu bölgede referans yangınımız az — tahmin belirsizliği diğer bölgelerden yüksek, saha doğrulaması önerilir.",True
KAR_2024_01_002893,IZLE,DUSUK_GUVEN,,,prediction_status=low_severity,"İzle, müdahale etme. Yangın bu kareyi ağır yakmamış (düşük şiddet, dNBR 0,11).","Model bu rejimde tahmin üretmiyor. Kendi toparlanması bekleniyor, müdahale listesine alınmıyor. Bu bölgede referans yangınımız az — tahmin belirsizliği diğer bölgelerden yüksek, saha doğrulaması önerilir.",True
KAR_2024_01_002914,IZLE,DUSUK_GUVEN,,,prediction_status=low_severity,"İzle, müdahale etme. Yangın bu kareyi ağır yakmamış (düşük şiddet, dNBR 0,10).","Model bu rejimde tahmin üretmiyor. Kendi toparlanması bekleniyor, müdahale listesine alınmıyor. Bu bölgede referans yangınımız az — tahmin belirsizliği diğer bölgelerden yüksek, saha doğrulaması önerilir.",True
KAR_2024_01_002917,IZLE,DUSUK_GUVEN,,,prediction_status=low_severity,"İzle, müdahale etme. Yangın bu kareyi ağır yakmamış (düşük şiddet, dNBR 0,11).","Model bu rejimde tahmin üretmiyor. Kendi toparlanması bekleniyor, müdahale listesine alınmıyor. Bu bölgede referans yangınımız az — tahmin belirsizliği diğer bölgelerden yüksek, saha doğrulaması önerilir.",True
KAR_2024_01_002918,KAPSAM_DISI,,,,land_cover=Yerlesim,"Ağaçlandırma kapsamı dışı. Bu kare yerleşim alanı olarak sınıflanmış, orman rehabilitasyonu hedefi değil.",Öncelik sıralamasına dahil edilmiyor.,False
KAR_2024_01_002941,DIKIM_ADAYI,DUSUK_GUVEN,0.1149,"meşe, kayın, karaçam",toparlanma=0.11 <0.35,"Aktif dikim adayı. Doğal toparlanma zayıf kalıyor, eğim (6,9°) dikime elverişli.","Modelin tahminine göre yangın öncesi örtünün ancak %11 kadarı iki yılda geri gelecek — kendi başına kapanmayacak bir açık var. Bu bölgede referans yangınımız az — tahmin belirsizliği diğer bölgelerden yüksek, saha doğrulaması önerilir. Yetişme ortamı: Karadeniz kuşağı, 969 m, düz-hafif eğimli (0–10°). Bu koşullar için önerilen türler: meşe, kayın, karaçam. Tür önerisi sistemin çıkarımı değil, dışarıdan verilen tablodan okunmuştur. Tablo: ÖRNEK TABLO — OGM tür-yetişme ortamı rehberi ile değiştirilecek",True
KAR_2024_01_002942,DIKIM_ADAYI,DUSUK_GUVEN,0.0575,"meşe, kayın, karaçam",toparlanma=0.06 <0.35,"Aktif dikim adayı. Doğal toparlanma zayıf kalıyor, eğim (8,0°) dikime elverişli.","Modelin tahminine göre yangın öncesi örtünün ancak %6 kadarı iki yılda geri gelecek — kendi başına kapanmayacak bir açık var. Bu bölgede referans yangınımız az — tahmin belirsizliği diğer bölgelerden yüksek, saha doğrulaması önerilir. Yetişme ortamı: Karadeniz kuşağı, 973 m, düz-hafif eğimli (0–10°). Bu koşullar için önerilen türler: meşe, kayın, karaçam. Tür önerisi sistemin çıkarımı değil, dışarıdan verilen tablodan okunmuştur. Tablo: ÖRNEK TABLO — OGM tür-yetişme ortamı rehberi ile değiştirilecek",True
KAR_2024_01_002943,IZLE,DUSUK_GUVEN,,,prediction_status=low_severity,"İzle, müdahale etme. Yangın bu kareyi ağır yakmamış (düşük şiddet, dNBR 0,24).","Model bu rejimde tahmin üretmiyor. Kendi toparlanması bekleniyor, müdahale listesine alınmıyor. Bu bölgede referans yangınımız az — tahmin belirsizliği diğer bölgelerden yüksek, saha doğrulaması önerilir.",True
KAR_2024_01_002944,IZLE,DUSUK_GUVEN,,,prediction_status=low_severity,"İzle, müdahale etme. Yangın bu kareyi ağır yakmamış (düşük şiddet, dNBR 0,20).","Model bu rejimde tahmin üretmiyor. Kendi toparlanması bekleniyor, müdahale listesine alınmıyor. Bu bölgede referans yangınımız az — tahmin belirsizliği diğer bölgelerden yüksek, saha doğrulaması önerilir.",True
KAR_2024_01_002949,IZLE,ESKIDEN_ORMAN_DEGIL|DUSUK_GUVEN,,,prediction_status=low_severity,"İzle, müdahale etme. Yangın bu kareyi ağır yakmamış (düşük şiddet, dNBR 0,10).","Model bu rejimde tahmin üretmiyor. Kendi toparlanması bekleniyor, müdahale listesine alınmıyor. Yangın öncesi örtü otlak ve çalılık idi; orman kurma değil, mevcut örtünün onarımı düşünülmeli. Bu bölgede referans yangınımız az — tahmin belirsizliği diğer bölgelerden yüksek, saha doğrulaması önerilir.",True
KAR_2024_01_002950,IZLE,ESKIDEN_ORMAN_DEGIL|DUSUK_GUVEN,,,prediction_status=low_severity,"İzle, müdahale etme. Yangın bu kareyi ağır yakmamış (düşük şiddet, dNBR 0,13).","Model bu rejimde tahmin üretmiyor. Kendi toparlanması bekleniyor, müdahale listesine alınmıyor. Yangın öncesi örtü otlak ve çalılık idi; orman kurma değil, mevcut örtünün onarımı düşünülmeli. Bu bölgede referans yangınımız az — tahmin belirsizliği diğer bölgelerden yüksek, saha doğrulaması önerilir.",True
KAR_2024_01_002962,IZLE,DUSUK_GUVEN,,,prediction_status=low_severity,"İzle, müdahale etme. Yangın bu kareyi ağır yakmamış (düşük şiddet, dNBR 0,15).","Model bu rejimde tahmin üretmiyor. Kendi toparlanması bekleniyor, müdahale listesine alınmıyor. Bu bölgede referans yangınımız az — tahmin belirsizliği diğer bölgelerden yüksek, saha doğrulaması önerilir.",True
KAR_2024_01_002963,IZLE,DUSUK_GUVEN,,,prediction_status=low_severity,"İzle, müdahale etme. Yangın bu kareyi ağır yakmamış (düşük şiddet, dNBR 0,11).","Model bu rejimde tahmin üretmiyor. Kendi toparlanması bekleniyor, müdahale listesine alınmıyor. Bu bölgede referans yangınımız az — tahmin belirsizliği diğer bölgelerden yüksek, saha doğrulaması önerilir.",True
KAR_2024_01_003008,IZLE,DUSUK_GUVEN,,,prediction_status=low_severity,"İzle, müdahale etme. Yangın bu kareyi ağır yakmamış (düşük şiddet, dNBR 0,14).","Model bu rejimde tahmin üretmiyor. Kendi toparlanması bekleniyor, müdahale listesine alınmıyor. Bu bölgede referans yangınımız az — tahmin belirsizliği diğer bölgelerden yüksek, saha doğrulaması önerilir.",True
KAR_2024_01_003009,DIKIM_ADAYI,DUSUK_GUVEN,0.0696,"meşe, kayın, karaçam",toparlanma=0.07 <0.35,"Aktif dikim adayı. Doğal toparlanma zayıf kalıyor, eğim (7,0°) dikime elverişli.","Modelin tahminine göre yangın öncesi örtünün ancak %7 kadarı iki yılda geri gelecek — kendi başına kapanmayacak bir açık var. Bu bölgede referans yangınımız az — tahmin belirsizliği diğer bölgelerden yüksek, saha doğrulaması önerilir. Yetişme ortamı: Karadeniz kuşağı, 942 m, düz-hafif eğimli (0–10°). Bu koşullar için önerilen türler: meşe, kayın, karaçam. Tür önerisi sistemin çıkarımı değil, dışarıdan verilen tablodan okunmuştur. Tablo: ÖRNEK TABLO — OGM tür-yetişme ortamı rehberi ile değiştirilecek",True
KAR_2024_01_003010,DIKIM_ADAYI,DUSUK_GUVEN,0.13,"meşe, kayın, karaçam",toparlanma=0.13 <0.35,"Aktif dikim adayı. Doğal toparlanma zayıf kalıyor, eğim (9,2°) dikime elverişli.","Modelin tahminine göre yangın öncesi örtünün ancak %13 kadarı iki yılda geri gelecek — kendi başına kapanmayacak bir açık var. Bu bölgede referans yangınımız az — tahmin belirsizliği diğer bölgelerden yüksek, saha doğrulaması önerilir. Yetişme ortamı: Karadeniz kuşağı, 965 m, düz-hafif eğimli (0–10°). Bu koşullar için önerilen türler: meşe, kayın, karaçam. Tür önerisi sistemin çıkarımı değil, dışarıdan verilen tablodan okunmuştur. Tablo: ÖRNEK TABLO — OGM tür-yetişme ortamı rehberi ile değiştirilecek",True
KAR_2024_01_003011,IZLE,DUSUK_GUVEN,,,prediction_status=low_severity,"İzle, müdahale etme. Yangın bu kareyi ağır yakmamış (düşük şiddet, dNBR 0,13).","Model bu rejimde tahmin üretmiyor. Kendi toparlanması bekleniyor, müdahale listesine alınmıyor. Bu bölgede referans yangınımız az — tahmin belirsizliği diğer bölgelerden yüksek, saha doğrulaması önerilir.",True
KAR_2024_01_003012,IZLE,DUSUK_GUVEN,,,prediction_status=low_severity,"İzle, müdahale etme. Yangın bu kareyi ağır yakmamış (düşük şiddet, dNBR 0,13).","Model bu rejimde tahmin üretmiyor. Kendi toparlanması bekleniyor, müdahale listesine alınmıyor. Bu bölgede referans yangınımız az — tahmin belirsizliği diğer bölgelerden yüksek, saha doğrulaması önerilir.",True
KAR_2024_01_003016,IZLE,DUSUK_GUVEN,,,prediction_status=low_severity,"İzle, müdahale etme. Yangın bu kareyi ağır yakmamış (düşük şiddet, dNBR 0,24).","Model bu rejimde tahmin üretmiyor. Kendi toparlanması bekleniyor, müdahale listesine alınmıyor. Bu bölgede referans yangınımız az — tahmin belirsizliği diğer bölgelerden yüksek, saha doğrulaması önerilir.",True
KAR_2024_01_003029,IZLE,DUSUK_GUVEN,,,prediction_status=low_severity,"İzle, müdahale etme. Yangın bu kareyi ağır yakmamış (düşük şiddet, dNBR 0,15).","Model bu rejimde tahmin üretmiyor. Kendi toparlanması bekleniyor, müdahale listesine alınmıyor. Bu bölgede referans yangınımız az — tahmin belirsizliği diğer bölgelerden yüksek, saha doğrulaması önerilir.",True
KAR_2024_01_003030,IZLE,DUSUK_GUVEN,,,prediction_status=low_severity,"İzle, müdahale etme. Yangın bu kareyi ağır yakmamış (düşük şiddet, dNBR 0,13).","Model bu rejimde tahmin üretmiyor. Kendi toparlanması bekleniyor, müdahale listesine alınmıyor. Bu bölgede referans yangınımız az — tahmin belirsizliği diğer bölgelerden yüksek, saha doğrulaması önerilir.",True
KAR_2024_01_003076,IZLE,ESKIDEN_ORMAN_DEGIL|DUSUK_GUVEN,,,prediction_status=low_severity,"İzle, müdahale etme. Yangın bu kareyi ağır yakmamış (düşük şiddet, dNBR 0,13).","Model bu rejimde tahmin üretmiyor. Kendi toparlanması bekleniyor, müdahale listesine alınmıyor. Yangın öncesi örtü otlak ve çalılık idi; orman kurma değil, mevcut örtünün onarımı düşünülmeli. Bu bölgede referans yangınımız az — tahmin belirsizliği diğer bölgelerden yüksek, saha doğrulaması önerilir.",True
KAR_2024_01_003077,DIKIM_ADAYI,DUSUK_GUVEN,0.1871,"meşe, kayın, karaçam",toparlanma=0.19 <0.35,"Aktif dikim adayı. Doğal toparlanma zayıf kalıyor, eğim (8,4°) dikime elverişli.","Modelin tahminine göre yangın öncesi örtünün ancak %19 kadarı iki yılda geri gelecek — kendi başına kapanmayacak bir açık var. Bu bölgede referans yangınımız az — tahmin belirsizliği diğer bölgelerden yüksek, saha doğrulaması önerilir. Yetişme ortamı: Karadeniz kuşağı, 920 m, düz-hafif eğimli (0–10°). Bu koşullar için önerilen türler: meşe, kayın, karaçam. Tür önerisi sistemin çıkarımı değil, dışarıdan verilen tablodan okunmuştur. Tablo: ÖRNEK TABLO — OGM tür-yetişme ortamı rehberi ile değiştirilecek",True
KAR_2024_01_003078,DIKIM_ADAYI,DUSUK_GUVEN,0.1102,"meşe, kayın, karaçam",toparlanma=0.11 <0.35,"Aktif dikim adayı. Doğal toparlanma zayıf kalıyor, eğim (10,0°) dikime elverişli.","Modelin tahminine göre yangın öncesi örtünün ancak %11 kadarı iki yılda geri gelecek — kendi başına kapanmayacak bir açık var. Bu bölgede referans yangınımız az — tahmin belirsizliği diğer bölgelerden yüksek, saha doğrulaması önerilir. Yetişme ortamı: Karadeniz kuşağı, 943 m, orta eğimli (10–25°). Bu koşullar için önerilen türler: meşe, kayın, karaçam. Tür önerisi sistemin çıkarımı değil, dışarıdan verilen tablodan okunmuştur. Tablo: ÖRNEK TABLO — OGM tür-yetişme ortamı rehberi ile değiştirilecek",True
KAR_2024_01_003079,IZLE,DUSUK_GUVEN,,,prediction_status=low_severity,"İzle, müdahale etme. Yangın bu kareyi ağır yakmamış (düşük şiddet, dNBR 0,15).","Model bu rejimde tahmin üretmiyor. Kendi toparlanması bekleniyor, müdahale listesine alınmıyor. Bu bölgede referans yangınımız az — tahmin belirsizliği diğer bölgelerden yüksek, saha doğrulaması önerilir.",True
KAR_2024_01_003083,IZLE,DUSUK_GUVEN,,,prediction_status=low_severity,"İzle, müdahale etme. Yangın bu kareyi ağır yakmamış (düşük şiddet, dNBR 0,15).","Model bu rejimde tahmin üretmiyor. Kendi toparlanması bekleniyor, müdahale listesine alınmıyor. Bu bölgede referans yangınımız az — tahmin belirsizliği diğer bölgelerden yüksek, saha doğrulaması önerilir.",True
KAR_2024_01_003084,IZLE,DUSUK_GUVEN,,,prediction_status=low_severity,"İzle, müdahale etme. Yangın bu kareyi ağır yakmamış (düşük şiddet, dNBR 0,27).","Model bu rejimde tahmin üretmiyor. Kendi toparlanması bekleniyor, müdahale listesine alınmıyor. Bu bölgede referans yangınımız az — tahmin belirsizliği diğer bölgelerden yüksek, saha doğrulaması önerilir.",True
KAR_2024_01_003096,KAPSAM_DISI,,,,land_cover=Yerlesim,"Ağaçlandırma kapsamı dışı. Bu kare yerleşim alanı olarak sınıflanmış, orman rehabilitasyonu hedefi değil.",Öncelik sıralamasına dahil edilmiyor.,False
KAR_2024_01_003146,IZLE,DUSUK_GUVEN,,,prediction_status=low_severity,"İzle, müdahale etme. Yangın bu kareyi ağır yakmamış (düşük şiddet, dNBR 0,18).","Model bu rejimde tahmin üretmiyor. Kendi toparlanması bekleniyor, müdahale listesine alınmıyor. Bu bölgede referans yangınımız az — tahmin belirsizliği diğer bölgelerden yüksek, saha doğrulaması önerilir.",True
KAR_2024_01_003273,KAPSAM_DISI,,,,land_cover=Tarim,"Ağaçlandırma kapsamı dışı. Bu kare tarım alanı olarak sınıflanmış, orman rehabilitasyonu hedefi değil.",Öncelik sıralamasına dahil edilmiyor.,False
KAR_2024_01_003312,IZLE,DUSUK_GUVEN,,,prediction_status=low_severity,"İzle, müdahale etme. Yangın bu kareyi ağır yakmamış (düşük şiddet, dNBR 0,15).","Model bu rejimde tahmin üretmiyor. Kendi toparlanması bekleniyor, müdahale listesine alınmıyor. Bu bölgede referans yangınımız az — tahmin belirsizliği diğer bölgelerden yüksek, saha doğrulaması önerilir.",True
KAR_2024_01_003356,KAPSAM_DISI,,,,land_cover=Yerlesim,"Ağaçlandırma kapsamı dışı. Bu kare yerleşim alanı olarak sınıflanmış, orman rehabilitasyonu hedefi değil.",Öncelik sıralamasına dahil edilmiyor.,False
KAR_2024_01_003376,IZLE,DUSUK_GUVEN,,,prediction_status=low_severity,"İzle, müdahale etme. Yangın bu kareyi ağır yakmamış (düşük şiddet, dNBR 0,12).","Model bu rejimde tahmin üretmiyor. Kendi toparlanması bekleniyor, müdahale listesine alınmıyor. Bu bölgede referans yangınımız az — tahmin belirsizliği diğer bölgelerden yüksek, saha doğrulaması önerilir.",True
KAR_2024_01_003422,KAPSAM_DISI,,,,land_cover=Yerlesim,"Ağaçlandırma kapsamı dışı. Bu kare yerleşim alanı olarak sınıflanmış, orman rehabilitasyonu hedefi değil.",Öncelik sıralamasına dahil edilmiyor.,False
KAR_2024_01_003489,KAPSAM_DISI,,,,land_cover=Yerlesim,"Ağaçlandırma kapsamı dışı. Bu kare yerleşim alanı olarak sınıflanmış, orman rehabilitasyonu hedefi değil.",Öncelik sıralamasına dahil edilmiyor.,False
KAR_2024_01_003510,IZLE,ESKIDEN_ORMAN_DEGIL|DUSUK_GUVEN,,,prediction_status=low_severity,"İzle, müdahale etme. Yangın bu kareyi ağır yakmamış (düşük şiddet, dNBR 0,14).","Model bu rejimde tahmin üretmiyor. Kendi toparlanması bekleniyor, müdahale listesine alınmıyor. Yangın öncesi örtü otlak ve çalılık idi; orman kurma değil, mevcut örtünün onarımı düşünülmeli. Bu bölgede referans yangınımız az — tahmin belirsizliği diğer bölgelerden yüksek, saha doğrulaması önerilir.",True
KAR_2024_01_003511,IZLE,ESKIDEN_ORMAN_DEGIL|DUSUK_GUVEN,,,prediction_status=low_severity,"İzle, müdahale etme. Yangın bu kareyi ağır yakmamış (düşük şiddet, dNBR 0,13).","Model bu rejimde tahmin üretmiyor. Kendi toparlanması bekleniyor, müdahale listesine alınmıyor. Yangın öncesi örtü otlak ve çalılık idi; orman kurma değil, mevcut örtünün onarımı düşünülmeli. Bu bölgede referans yangınımız az — tahmin belirsizliği diğer bölgelerden yüksek, saha doğrulaması önerilir.",True
KAR_2024_01_003596,IZLE,ESKIDEN_ORMAN_DEGIL|DUSUK_GUVEN,,,prediction_status=low_severity,"İzle, müdahale etme. Yangın bu kareyi ağır yakmamış (düşük şiddet, dNBR 0,11).","Model bu rejimde tahmin üretmiyor. Kendi toparlanması bekleniyor, müdahale listesine alınmıyor. Yangın öncesi örtü otlak ve çalılık idi; orman kurma değil, mevcut örtünün onarımı düşünülmeli. Bu bölgede referans yangınımız az — tahmin belirsizliği diğer bölgelerden yüksek, saha doğrulaması önerilir.",True
KAR_2024_01_003610,IZLE,DUSUK_GUVEN,,,prediction_status=low_severity,"İzle, müdahale etme. Yangın bu kareyi ağır yakmamış (düşük şiddet, dNBR 0,11).","Model bu rejimde tahmin üretmiyor. Kendi toparlanması bekleniyor, müdahale listesine alınmıyor. Bu bölgede referans yangınımız az — tahmin belirsizliği diğer bölgelerden yüksek, saha doğrulaması önerilir.",True
KAR_2024_01_003634,IZLE,SEYREK_ORTU|DUSUK_GUVEN,,,prediction_status=low_severity,"İzle, müdahale etme. Yangın bu kareyi ağır yakmamış (düşük şiddet, dNBR 0,11).","Model bu rejimde tahmin üretmiyor. Kendi toparlanması bekleniyor, müdahale listesine alınmıyor. Yangın öncesi ağaç örtüsü zaten seyrekti (%22) — buradaki açığın tamamı yangından kaynaklanmıyor olabilir. Bu bölgede referans yangınımız az — tahmin belirsizliği diğer bölgelerden yüksek, saha doğrulaması önerilir.",True
KAR_2024_01_003655,IZLE,ESKIDEN_ORMAN_DEGIL|DUSUK_GUVEN,,,prediction_status=low_severity,"İzle, müdahale etme. Yangın bu kareyi ağır yakmamış (düşük şiddet, dNBR 0,12).","Model bu rejimde tahmin üretmiyor. Kendi toparlanması bekleniyor, müdahale listesine alınmıyor. Yangın öncesi örtü otlak ve çalılık idi; orman kurma değil, mevcut örtünün onarımı düşünülmeli. Bu bölgede referans yangınımız az — tahmin belirsizliği diğer bölgelerden yüksek, saha doğrulaması önerilir.",True
KAR_2024_01_003690,IZLE,ESKIDEN_ORMAN_DEGIL|DUSUK_GUVEN,,,prediction_status=low_severity,"İzle, müdahale etme. Yangın bu kareyi ağır yakmamış (düşük şiddet, dNBR 0,12).","Model bu rejimde tahmin üretmiyor. Kendi toparlanması bekleniyor, müdahale listesine alınmıyor. Yangın öncesi örtü otlak ve çalılık idi; orman kurma değil, mevcut örtünün onarımı düşünülmeli. Bu bölgede referans yangınımız az — tahmin belirsizliği diğer bölgelerden yüksek, saha doğrulaması önerilir.",True
KAR_2024_01_003708,IZLE,DUSUK_GUVEN,,,prediction_status=low_severity,"İzle, müdahale etme. Yangın bu kareyi ağır yakmamış (düşük şiddet, dNBR 0,10).","Model bu rejimde tahmin üretmiyor. Kendi toparlanması bekleniyor, müdahale listesine alınmıyor. Bu bölgede referans yangınımız az — tahmin belirsizliği diğer bölgelerden yüksek, saha doğrulaması önerilir.",True
KAR_2024_01_003824,IZLE,DUSUK_GUVEN,,,prediction_status=low_severity,"İzle, müdahale etme. Yangın bu kareyi ağır yakmamış (düşük şiddet, dNBR 0,19).","Model bu rejimde tahmin üretmiyor. Kendi toparlanması bekleniyor, müdahale listesine alınmıyor. Bu bölgede referans yangınımız az — tahmin belirsizliği diğer bölgelerden yüksek, saha doğrulaması önerilir.",True
KAR_2024_01_004009,KAPSAM_DISI,,,,land_cover=Tarim,"Ağaçlandırma kapsamı dışı. Bu kare tarım alanı olarak sınıflanmış, orman rehabilitasyonu hedefi değil.",Öncelik sıralamasına dahil edilmiyor.,False
KAR_2024_01_004057,IZLE,ESKIDEN_ORMAN_DEGIL|DUSUK_GUVEN,,,prediction_status=low_severity,"İzle, müdahale etme. Yangın bu kareyi ağır yakmamış (düşük şiddet, dNBR 0,11).","Model bu rejimde tahmin üretmiyor. Kendi toparlanması bekleniyor, müdahale listesine alınmıyor. Yangın öncesi örtü otlak ve çalılık idi; orman kurma değil, mevcut örtünün onarımı düşünülmeli. Bu bölgede referans yangınımız az — tahmin belirsizliği diğer bölgelerden yüksek, saha doğrulaması önerilir.",True
KAR_2024_01_004125,IZLE,ESKIDEN_ORMAN_DEGIL|DUSUK_GUVEN,,,prediction_status=low_severity,"İzle, müdahale etme. Yangın bu kareyi ağır yakmamış (düşük şiddet, dNBR 0,12).","Model bu rejimde tahmin üretmiyor. Kendi toparlanması bekleniyor, müdahale listesine alınmıyor. Yangın öncesi örtü otlak ve çalılık idi; orman kurma değil, mevcut örtünün onarımı düşünülmeli. Bu bölgede referans yangınımız az — tahmin belirsizliği diğer bölgelerden yüksek, saha doğrulaması önerilir.",True
KAR_2024_01_004129,IZLE,ESKIDEN_ORMAN_DEGIL|DUSUK_GUVEN,,,prediction_status=low_severity,"İzle, müdahale etme. Yangın bu kareyi ağır yakmamış (düşük şiddet, dNBR 0,12).","Model bu rejimde tahmin üretmiyor. Kendi toparlanması bekleniyor, müdahale listesine alınmıyor. Yangın öncesi örtü otlak ve çalılık idi; orman kurma değil, mevcut örtünün onarımı düşünülmeli. Bu bölgede referans yangınımız az — tahmin belirsizliği diğer bölgelerden yüksek, saha doğrulaması önerilir.",True
KAR_2024_01_004130,IZLE,ESKIDEN_ORMAN_DEGIL|DUSUK_GUVEN,,,prediction_status=low_severity,"İzle, müdahale etme. Yangın bu kareyi ağır yakmamış (düşük şiddet, dNBR 0,10).","Model bu rejimde tahmin üretmiyor. Kendi toparlanması bekleniyor, müdahale listesine alınmıyor. Yangın öncesi örtü otlak ve çalılık idi; orman kurma değil, mevcut örtünün onarımı düşünülmeli. Bu bölgede referans yangınımız az — tahmin belirsizliği diğer bölgelerden yüksek, saha doğrulaması önerilir.",True
KAR_2024_01_004131,IZLE,ESKIDEN_ORMAN_DEGIL|DUSUK_GUVEN,,,prediction_status=low_severity,"İzle, müdahale etme. Yangın bu kareyi ağır yakmamış (düşük şiddet, dNBR 0,11).","Model bu rejimde tahmin üretmiyor. Kendi toparlanması bekleniyor, müdahale listesine alınmıyor. Yangın öncesi örtü otlak ve çalılık idi; orman kurma değil, mevcut örtünün onarımı düşünülmeli. Bu bölgede referans yangınımız az — tahmin belirsizliği diğer bölgelerden yüksek, saha doğrulaması önerilir.",True
KAR_2024_01_004132,IZLE,ESKIDEN_ORMAN_DEGIL|DUSUK_GUVEN,,,prediction_status=low_severity,"İzle, müdahale etme. Yangın bu kareyi ağır yakmamış (düşük şiddet, dNBR 0,11).","Model bu rejimde tahmin üretmiyor. Kendi toparlanması bekleniyor, müdahale listesine alınmıyor. Yangın öncesi örtü otlak ve çalılık idi; orman kurma değil, mevcut örtünün onarımı düşünülmeli. Bu bölgede referans yangınımız az — tahmin belirsizliği diğer bölgelerden yüksek, saha doğrulaması önerilir.",True
KAR_2024_01_004144,IZLE,ESKIDEN_ORMAN_DEGIL|DUSUK_GUVEN,,,prediction_status=low_severity,"İzle, müdahale etme. Yangın bu kareyi ağır yakmamış (düşük şiddet, dNBR 0,11).","Model bu rejimde tahmin üretmiyor. Kendi toparlanması bekleniyor, müdahale listesine alınmıyor. Yangın öncesi örtü otlak ve çalılık idi; orman kurma değil, mevcut örtünün onarımı düşünülmeli. Bu bölgede referans yangınımız az — tahmin belirsizliği diğer bölgelerden yüksek, saha doğrulaması önerilir.",True
KAR_2024_01_004197,IZLE,ESKIDEN_ORMAN_DEGIL|DUSUK_GUVEN,,,prediction_status=low_severity,"İzle, müdahale etme. Yangın bu kareyi ağır yakmamış (düşük şiddet, dNBR 0,14).","Model bu rejimde tahmin üretmiyor. Kendi toparlanması bekleniyor, müdahale listesine alınmıyor. Yangın öncesi örtü otlak ve çalılık idi; orman kurma değil, mevcut örtünün onarımı düşünülmeli. Bu bölgede referans yangınımız az — tahmin belirsizliği diğer bölgelerden yüksek, saha doğrulaması önerilir.",True
KAR_2024_01_004198,IZLE,DUSUK_GUVEN,,,prediction_status=low_severity,"İzle, müdahale etme. Yangın bu kareyi ağır yakmamış (düşük şiddet, dNBR 0,11).","Model bu rejimde tahmin üretmiyor. Kendi toparlanması bekleniyor, müdahale listesine alınmıyor. Bu bölgede referans yangınımız az — tahmin belirsizliği diğer bölgelerden yüksek, saha doğrulaması önerilir.",True
KAR_2024_01_004542,IZLE,ESKIDEN_ORMAN_DEGIL|DUSUK_GUVEN,,,prediction_status=low_severity,"İzle, müdahale etme. Yangın bu kareyi ağır yakmamış (düşük şiddet, dNBR 0,11).","Model bu rejimde tahmin üretmiyor. Kendi toparlanması bekleniyor, müdahale listesine alınmıyor. Yangın öncesi örtü otlak ve çalılık idi; orman kurma değil, mevcut örtünün onarımı düşünülmeli. Bu bölgede referans yangınımız az — tahmin belirsizliği diğer bölgelerden yüksek, saha doğrulaması önerilir.",True
