fire_id,cell_id,lat,lon,tree_cover,tree_cover_annual,burn_severity_dnbr,slope_deg,elevation_m,road_distance_km,ndvi_before,ndvi_after,ndvi_drop,severity_class,land_cover,prediction_status,recovery_gap_pred,priority_score,priority_class
MAR_2023_01,MAR_2023_01_000232,40.22771,26.55775,0.0,0.0,0.15997207,4.57181,81.687004,0.63624626,0.31267536,0.1505833,0.16209206,dusuk,Tarim,low_severity,,0.0,DUSUK
MAR_2023_01,MAR_2023_01_000233,40.22772,26.56068,0.06572765,0.0,0.15501261,5.3923864,101.85038,0.8353285,0.3356207,0.17241228,0.16320843,dusuk,Tarim,low_severity,,0.0,DUSUK
MAR_2023_01,MAR_2023_01_000234,40.22773,26.56362,0.11330364,0.004885608,0.104805194,5.472328,114.68782,1.056285,0.26734662,0.1693666,0.09798002,dusuk,Tarim,low_severity,,0.0,DUSUK
MAR_2023_01,MAR_2023_01_000318,40.22547,26.5607,0.083621174,0.007340644,0.15072402,6.3963475,119.93173,0.9897295,0.29174387,0.14239708,0.1493468,dusuk,Tarim,low_severity,,0.0,DUSUK
MAR_2023_01,MAR_2023_01_000327,40.22557,26.58714,0.21722507,0.05606631,0.10476796,5.5774307,110.07259,0.45676434,0.3310269,0.21855003,0.112476885,dusuk,Tarim,low_severity,,0.0,DUSUK
MAR_2023_01,MAR_2023_01_000411,40.2233,26.58422,0.06049263,0.0,0.120152146,3.5670676,131.60161,0.30573836,0.29547858,0.16994113,0.12553746,dusuk,Tarim,low_severity,,0.0,DUSUK
MAR_2023_01,MAR_2023_01_000412,40.22331,26.58716,0.25637248,0.19660108,0.14403929,7.2334743,131.44,0.5473791,0.35246596,0.19443083,0.15803513,dusuk,Tarim,low_severity,,0.0,DUSUK
MAR_2023_01,MAR_2023_01_000489,40.22097,26.56367,0.21054316,0.071161844,0.1024327,5.552257,144.64722,1.0293099,0.28706414,0.19028169,0.096782446,dusuk,Tarim,low_severity,,0.0,DUSUK
MAR_2023_01,MAR_2023_01_000496,40.22105,26.58423,0.041671295,0.011616959,0.11180639,4.6381474,149.6442,0.45636174,0.22744301,0.12850916,0.098933846,dusuk,Tarim,low_severity,,0.0,DUSUK
MAR_2023_01,MAR_2023_01_000660,40.21648,26.56663,0.050325193,0.0028940188,0.14850399,8.609443,88.51145,0.88093466,0.29048753,0.137381,0.15310653,dusuk,Tarim,low_severity,,0.0,DUSUK
MAR_2023_01,MAR_2023_01_000664,40.21652,26.57839,0.0,0.0,0.19065595,8.122947,87.24301,0.6706965,0.30240703,0.10902599,0.19338104,dusuk,Tarim,low_severity,,0.0,DUSUK
MAR_2023_01,MAR_2023_01_000665,40.21654,26.58132,0.0,0.0,0.20179638,7.452912,95.34117,0.7130562,0.31500572,0.10002356,0.21498215,dusuk,Tarim,low_severity,,0.0,DUSUK
MAR_2023_01,MAR_2023_01_000683,40.2134,26.3845,0.0,0.0,0.10904005,0.6456221,4.092688,0.15701777,0.2825057,0.2151241,0.06738159,dusuk,Tarim,low_severity,,0.0,DUSUK
MAR_2023_01,MAR_2023_01_000684,40.21342,26.38744,0.022993064,0.0,0.11620297,0.8342382,3.3656118,0.05267933,0.27504474,0.15506718,0.11997756,dusuk,Tarim,low_severity,,0.0,DUSUK
MAR_2023_01,MAR_2023_01_000748,40.21426,26.57546,0.17179054,0.0,0.10153945,3.6262016,60.24892,0.95605654,0.25296837,0.14484115,0.10812722,dusuk,Tarim,low_severity,,0.0,DUSUK
MAR_2023_01,MAR_2023_01_000749,40.21427,26.5784,0.054264367,0.0,0.12832823,3.5220098,64.901825,0.9206843,0.28389618,0.14521024,0.13868594,dusuk,Tarim,low_severity,,0.0,DUSUK
MAR_2023_01,MAR_2023_01_000810,40.21174,26.50791,0.0,0.0,0.13656181,0.51248115,2.1821253,0.4766076,0.35310286,0.2261998,0.12690306,dusuk,Tarim,low_severity,,0.0,DUSUK
MAR_2023_01,MAR_2023_01_001236,40.20049,26.51093,0.0,0.0,0.105135724,0.38403642,9.661523,0.013805254,0.34287798,0.24073224,0.10214575,dusuk,Tarim,low_severity,,0.0,DUSUK
MAR_2023_01,MAR_2023_01_001261,40.20078,26.58436,0.52032256,0.3648101,0.1304867,8.478146,205.70949,0.92017287,0.25963053,0.15684123,0.1027893,dusuk,Tarim,low_severity,,0.0,DUSUK
MAR_2023_01,MAR_2023_01_001265,40.20082,26.59611,1.0,1.0,0.1982409,6.768148,222.53674,0.5588737,0.22399765,0.112152696,0.11184496,dusuk,Agaclik,low_severity,,0.0,DUSUK
MAR_2023_01,MAR_2023_01_001266,40.20083,26.59904,0.6427763,0.58281976,0.29014713,6.6724663,243.01099,0.4086498,0.31445092,0.12918925,0.18526167,orta-dusuk,Agaclik,low_severity,,0.0,DUSUK
MAR_2023_01,MAR_2023_01_001350,40.19857,26.59612,0.9128561,1.0,0.16604865,6.8404036,231.77132,0.4336631,0.22489801,0.12513529,0.09976272,dusuk,Agaclik,low_severity,,0.0,DUSUK
MAR_2023_01,MAR_2023_01_001351,40.19858,26.59906,0.96499294,1.0,0.24053892,8.182209,264.8198,0.20668451,0.35911554,0.19309226,0.16602328,dusuk,Agaclik,low_severity,,0.0,DUSUK
MAR_2023_01,MAR_2023_01_001387,40.19574,26.45515,0.0,0.0,0.14290807,0.60360134,1.1847159,0.607554,0.46014518,0.28642285,0.17372233,dusuk,Tarim,low_severity,,0.0,DUSUK
MAR_2023_01,MAR_2023_01_001395,40.19585,26.47865,0.12083788,0.0,0.10100776,0.7477738,7.922867,1.6235089,0.36276186,0.2647132,0.09804866,dusuk,Tarim,low_severity,,0.0,DUSUK
MAR_2023_01,MAR_2023_01_001434,40.19631,26.5932,0.96468973,0.9130721,0.2687524,9.246636,252.44543,0.67759335,0.33437443,0.14540449,0.18896994,dusuk,Agaclik,low_severity,,0.0,DUSUK
MAR_2023_01,MAR_2023_01_001435,40.19632,26.59613,1.0,1.0,0.29510874,8.174893,250.07506,0.43449685,0.40786827,0.18094961,0.22691865,orta-dusuk,Agaclik,predicted,0.2815,0.4996,ORTA
MAR_2023_01,MAR_2023_01_001478,40.19357,26.47279,0.18523577,0.0,0.12369762,1.0309968,5.316867,1.2044998,0.3937971,0.2700273,0.12376979,dusuk,Tarim,low_severity,,0.0,DUSUK
MAR_2023_01,MAR_2023_01_001554,40.19119,26.44638,0.0,0.0,0.11721298,2.7326922,15.634192,1.0747654,0.22978294,0.13348812,0.09629482,dusuk,Tarim,low_severity,,0.0,DUSUK
MAR_2023_01,MAR_2023_01_001571,40.19142,26.49631,0.0,0.0,0.105223246,0.6124714,23.738283,0.36879888,0.23503456,0.11588684,0.11914772,dusuk,Tarim,low_severity,,0.0,DUSUK
MAR_2023_01,MAR_2023_01_001630,40.18881,26.41997,0.0,0.0,0.10182795,1.9491992,12.80835,0.6506371,0.22141114,0.12617065,0.09524049,dusuk,Tarim,low_severity,,0.0,DUSUK
MAR_2023_01,MAR_2023_01_001641,40.18897,26.45227,0.0940736,0.0,0.10572195,1.9358674,15.801364,0.62143344,0.31942046,0.22496122,0.094459236,dusuk,Tarim,low_severity,,0.0,DUSUK
MAR_2023_01,MAR_2023_01_001655,40.18916,26.49339,0.0,0.0,0.1734166,0.85940063,23.821363,0.16655503,0.28667068,0.12075524,0.16591544,dusuk,Tarim,low_severity,,0.0,DUSUK
MAR_2023_01,MAR_2023_01_001656,40.18917,26.49632,0.0,0.0,0.17930792,0.8405245,26.56125,0.1535823,0.31682926,0.118922696,0.19790657,dusuk,Tarim,low_severity,,0.0,DUSUK
MAR_2023_01,MAR_2023_01_001734,40.18682,26.47578,0.0,0.0,0.11186614,0.58420205,11.582368,1.0334768,0.26253247,0.15438774,0.10814473,dusuk,Tarim,low_severity,,0.0,DUSUK
MAR_2023_01,MAR_2023_01_001739,40.18689,26.49047,0.0,0.0,0.16436099,0.73979205,22.85229,0.41166556,0.24560145,0.11784434,0.1277571,dusuk,Tarim,low_severity,,0.0,DUSUK
MAR_2023_01,MAR_2023_01_001740,40.1869,26.4934,0.0,0.0,0.20648086,0.8225833,25.731474,0.20078716,0.34465653,0.12435712,0.22029941,dusuk,Tarim,low_severity,,0.0,DUSUK
MAR_2023_01,MAR_2023_01_001741,40.18692,26.49634,0.0,0.0,0.16929701,0.9180595,29.222788,0.19016422,0.27961546,0.12362399,0.15599146,dusuk,Tarim,low_severity,,0.0,DUSUK
MAR_2023_01,MAR_2023_01_001742,40.18693,26.49928,0.0,0.0,0.12585641,1.1859109,32.129658,0.21216577,0.2415092,0.12101221,0.12049699,dusuk,Tarim,low_severity,,0.0,DUSUK
MAR_2023_01,MAR_2023_01_001761,40.18716,26.55507,0.60427946,0.5717263,0.20211251,8.913054,134.52293,0.91437393,0.26075494,0.15565243,0.10510251,dusuk,Agaclik,low_severity,,0.0,DUSUK
MAR_2023_01,MAR_2023_01_001804,40.18436,26.43175,0.2001964,0.0,0.11601481,4.1090946,26.710718,0.55390906,0.3268227,0.21719173,0.10963097,dusuk,Tarim,low_severity,,0.0,DUSUK
MAR_2023_01,MAR_2023_01_001825,40.18465,26.49342,0.0028519228,0.0,0.20062284,0.8643856,27.045033,0.28507167,0.32932732,0.12545222,0.2038751,dusuk,Tarim,low_severity,,0.0,DUSUK
MAR_2023_01,MAR_2023_01_001826,40.18466,26.49636,0.0,0.0,0.10223544,0.8855171,30.819702,0.15175447,0.20847343,0.12136859,0.08710484,dusuk,Tarim,low_severity,,0.0,DUSUK
MAR_2023_01,MAR_2023_01_001855,40.185,26.58152,0.059838045,0.0,0.123117104,3.903514,299.76898,0.14688002,0.29357725,0.19389865,0.099678606,dusuk,Tarim,low_severity,,0.0,DUSUK
MAR_2023_01,MAR_2023_01_001910,40.1824,26.49344,0.016249366,0.0,0.12995619,0.8736541,27.610592,0.1228941,0.21924594,0.12010692,0.09913902,dusuk,Tarim,low_severity,,0.0,DUSUK
MAR_2023_01,MAR_2023_01_001941,40.18276,26.58447,0.025763778,0.0,0.10204533,5.132176,323.87198,0.32212353,0.2460595,0.17567988,0.07037963,dusuk,Tarim,low_severity,,0.0,DUSUK
MAR_2023_01,MAR_2023_01_002018,40.18042,26.56099,0.9726022,0.8875548,0.28398162,8.905211,223.04591,1.0938269,0.2938193,0.12695184,0.16686746,orta-dusuk,Agaclik,low_severity,,0.0,DUSUK
MAR_2023_01,MAR_2023_01_002020,40.18044,26.56686,0.8485138,0.8357985,0.13114262,9.083119,291.29605,0.7377729,0.29320815,0.20277321,0.09043494,dusuk,Agaclik,low_severity,,0.0,DUSUK
MAR_2023_01,MAR_2023_01_002057,40.17758,26.42593,0.0,0.0,0.10025365,0.6917593,16.082533,0.35244367,0.23535305,0.1502343,0.085118756,dusuk,Tarim,low_severity,,0.0,DUSUK
MAR_2023_01,MAR_2023_01_002104,40.17818,26.56394,0.021812065,0.019709809,0.12952398,6.986724,238.49396,1.0861171,0.26540327,0.13604604,0.12935723,dusuk,Tarim,low_severity,,0.0,DUSUK
MAR_2023_01,MAR_2023_01_002140,40.1753,26.42008,0.0,0.0,0.11779782,1.5512044,10.646192,0.30103514,0.27908444,0.16665843,0.11242601,dusuk,Tarim,low_severity,,0.0,DUSUK
MAR_2023_01,MAR_2023_01_002141,40.17531,26.42302,0.0,0.0,0.10733254,1.0457357,16.555452,0.33943716,0.20374593,0.11575468,0.08799125,dusuk,Tarim,low_severity,,0.0,DUSUK
MAR_2023_01,MAR_2023_01_002243,40.1733,26.47295,0.0,0.0,0.13029395,2.037638,34.119595,0.5209136,0.3112995,0.16905078,0.14224872,dusuk,Tarim,low_severity,,0.0,DUSUK
MAR_2023_01,MAR_2023_01_002251,40.1734,26.49644,0.0,0.0,0.116465315,1.4383056,43.26645,0.21756262,0.22349325,0.12606613,0.097427115,dusuk,Tarim,low_severity,,0.0,DUSUK
MAR_2023_01,MAR_2023_01_002327,40.17103,26.47003,0.04857082,0.0026073342,0.19457895,2.764826,45.63672,0.5491146,0.3529489,0.14807373,0.20487517,dusuk,Tarim,low_severity,,0.0,DUSUK
MAR_2023_01,MAR_2023_01_002328,40.17105,26.47297,0.03250494,0.0,0.11877761,2.1930795,43.124496,0.39551702,0.32516676,0.1808533,0.14431345,dusuk,Tarim,low_severity,,0.0,DUSUK
MAR_2023_01,MAR_2023_01_002363,40.17147,26.57573,0.010171677,0.0,0.11573369,6.8919573,292.08484,0.640635,0.26432347,0.15249334,0.11183013,dusuk,Tarim,low_severity,,0.0,DUSUK
MAR_2023_01,MAR_2023_01_002435,40.16907,26.53758,0.87457424,0.80549663,0.25626138,6.968141,174.18976,1.3902794,0.2692552,0.1265548,0.14270039,dusuk,Agaclik,low_severity,,0.0,DUSUK
MAR_2023_01,MAR_2023_01_002448,40.16922,26.57574,0.12178515,0.18238373,0.10717435,7.031921,274.82742,0.82719785,0.27059782,0.17274255,0.09785527,dusuk,Tarim,low_severity,,0.0,DUSUK
MAR_2023_01,MAR_2023_01_002449,40.16923,26.57868,0.13259599,0.0,0.14688922,7.9870257,293.04218,0.69255507,0.3233257,0.18599722,0.13732848,dusuk,Tarim,low_severity,,0.0,DUSUK
MAR_2023_01,MAR_2023_01_002487,40.16639,26.44071,0.0,0.0,0.10179833,4.862609,50.468487,0.5267273,0.2033743,0.13404068,0.06933361,dusuk,Tarim,low_severity,,0.0,DUSUK
MAR_2023_01,MAR_2023_01_002510,40.1667,26.50823,0.0,0.0,0.111249804,7.070636,127.200615,0.6555536,0.20676073,0.12007891,0.08668183,dusuk,Tarim,low_severity,,0.0,DUSUK
MAR_2023_01,MAR_2023_01_002514,40.16675,26.51998,0.2916011,0.12253759,0.2380589,7.7528896,145.62665,0.5608285,0.27447557,0.14020248,0.1342731,dusuk,Tarim,low_severity,,0.0,DUSUK
MAR_2023_01,MAR_2023_01_002526,40.16689,26.55521,1.0,1.0,0.1082197,12.321711,105.554276,1.8906965,0.25536734,0.17805818,0.07730916,dusuk,Agaclik,low_severity,,0.0,DUSUK
MAR_2023_01,MAR_2023_01_002528,40.16691,26.56108,0.96544397,0.99074304,0.22802924,9.332676,110.16216,1.4990883,0.3397234,0.14423276,0.19549064,dusuk,Agaclik,low_severity,,0.0,DUSUK
MAR_2023_01,MAR_2023_01_002534,40.16697,26.57869,0.16283998,0.0,0.1099865,8.217128,282.4788,0.8427985,0.33667997,0.21222898,0.12445098,dusuk,Tarim,low_severity,,0.0,DUSUK
MAR_2023_01,MAR_2023_01_002535,40.16698,26.58163,0.084865935,0.0,0.10162035,8.890384,317.21835,0.6235098,0.26634192,0.17619061,0.09015131,dusuk,Tarim,low_severity,,0.0,DUSUK
MAR_2023_01,MAR_2023_01_002537,40.16701,26.5875,0.4744659,0.26409376,0.10545203,8.755731,342.4777,0.347383,0.33976275,0.23468426,0.10507849,dusuk,Tarim,low_severity,,0.0,DUSUK
MAR_2023_01,MAR_2023_01_002539,40.16703,26.59337,0.16585878,0.0,0.10182288,7.4564013,391.00674,0.59378904,0.21626091,0.16298757,0.053273335,dusuk,Tarim,low_severity,,0.0,DUSUK
MAR_2023_01,MAR_2023_01_002603,40.16454,26.53173,0.46460435,0.54642737,0.21161447,5.624249,208.6655,0.6845777,0.24408023,0.12432065,0.11975958,dusuk,Tarim,low_severity,,0.0,DUSUK
MAR_2023_01,MAR_2023_01_002610,40.16462,26.55228,1.0,1.0,0.2671421,6.133404,146.30475,1.9918162,0.34475327,0.14856642,0.19618684,dusuk,Agaclik,low_severity,,0.0,DUSUK
MAR_2023_01,MAR_2023_01_002611,40.16463,26.55522,1.0,1.0,0.16763367,8.390348,148.95587,1.7652472,0.22846149,0.11131985,0.11714164,dusuk,Agaclik,low_severity,,0.0,DUSUK
MAR_2023_01,MAR_2023_01_002695,40.16237,26.5523,1.0,1.0,0.3643431,6.8809233,165.9504,1.9062256,0.36912924,0.11954298,0.24958625,orta-dusuk,Agaclik,predicted,0.2858,0.3486,ORTA
MAR_2023_01,MAR_2023_01_002697,40.16239,26.55817,1.0,1.0,0.33558092,11.341328,164.75221,1.4339554,0.36725646,0.10089225,0.26636422,orta-dusuk,Agaclik,predicted,0.3138,0.5205,YUKSEK
MAR_2023_01,MAR_2023_01_002767,40.15996,26.51415,0.67112154,0.812456,0.26591524,7.4349737,152.59367,0.5754641,0.24728322,0.10819597,0.13908726,dusuk,Agaclik,low_severity,,0.0,DUSUK
MAR_2023_01,MAR_2023_01_003040,40.15342,26.56703,0.69348234,0.80948246,0.13257125,10.223221,261.73734,0.7368747,0.31013197,0.19730371,0.112828255,dusuk,Agaclik,low_severity,,0.0,DUSUK
MAR_2023_01,MAR_2023_01_003124,40.15115,26.56411,0.7496247,0.7914082,0.13198419,5.7015433,309.06955,0.96744615,0.2783901,0.18306088,0.095329225,dusuk,Agaclik,low_severity,,0.0,DUSUK
MAR_2023_01,MAR_2023_01_003125,40.15116,26.56705,0.6956849,0.9136235,0.10784811,9.497173,293.2038,0.7367938,0.27698687,0.20626467,0.07072219,dusuk,Agaclik,low_severity,,0.0,DUSUK
MAR_2023_01,MAR_2023_01_003208,40.14889,26.56119,1.0,1.0,0.11664276,5.9536433,329.55173,1.1636024,0.35732955,0.24737024,0.109959304,dusuk,Agaclik,low_severity,,0.0,DUSUK
MAR_2023_01,MAR_2023_01_003209,40.1489,26.56413,0.38502848,0.37932408,0.14516193,6.4113555,330.56113,0.9142667,0.2061905,0.14207147,0.064119026,dusuk,Agaclik,low_severity,,0.0,DUSUK
MAR_2023_01,MAR_2023_01_003210,40.14891,26.56706,0.6978967,0.8800052,0.12489598,7.377222,315.15707,0.6654296,0.24811089,0.17224121,0.07586968,dusuk,Agaclik,low_severity,,0.0,DUSUK
MAR_2023_01,MAR_2023_01_003292,40.14663,26.55827,0.22391622,0.2098625,0.20593144,6.808108,353.107,0.8326432,0.2129046,0.1146152,0.0982894,dusuk,Otlak/calilik,low_severity,,0.0,DUSUK
MAR_2023_01,MAR_2023_01_003293,40.14664,26.56121,1.0,1.0,0.19563366,8.710562,359.24585,1.0667362,0.3345137,0.16588967,0.16862403,dusuk,Agaclik,low_severity,,0.0,DUSUK
MAR_2023_01,MAR_2023_01_003294,40.14665,26.56414,0.57041705,0.47685784,0.15487587,9.061779,352.5039,0.9278012,0.21930225,0.13114367,0.08815858,dusuk,Agaclik,low_severity,,0.0,DUSUK
MAR_2023_01,MAR_2023_01_003295,40.14666,26.56708,0.9509838,0.9249471,0.13341719,7.132626,314.86313,0.6839065,0.25234598,0.15010713,0.10223885,dusuk,Agaclik,low_severity,,0.0,DUSUK
MAR_2023_01,MAR_2023_01_003296,40.14667,26.57001,0.71356964,0.709388,0.20259336,6.256684,298.09244,0.44681212,0.28318214,0.13153557,0.15164657,dusuk,Agaclik,low_severity,,0.0,DUSUK
MAR_2023_01,MAR_2023_01_003297,40.14668,26.57295,0.6796347,0.7012306,0.21781154,9.502193,279.93628,0.23781106,0.301258,0.15015489,0.15110311,dusuk,Agaclik,low_severity,,0.0,DUSUK
MAR_2023_01,MAR_2023_01_003378,40.14438,26.56122,0.4285854,0.59928495,0.16638052,5.4814873,383.19266,1.0174485,0.20182335,0.108800374,0.09302298,dusuk,Agaclik,low_severity,,0.0,DUSUK
MAR_2023_01,MAR_2023_01_003379,40.1444,26.56416,0.71541125,0.72248197,0.25051695,8.771264,355.8666,1.0053589,0.24889578,0.09930566,0.14959012,dusuk,Agaclik,low_severity,,0.0,DUSUK
MAR_2023_01,MAR_2023_01_003380,40.14441,26.56709,1.0,1.0,0.38696283,9.56084,342.38577,0.78591317,0.32891342,0.08514216,0.24377126,orta-dusuk,Agaclik,predicted,0.2884,0.502,YUKSEK
MAR_2023_01,MAR_2023_01_003381,40.14442,26.57003,0.9946174,1.0,0.29508835,13.770528,344.33533,0.5912466,0.37869966,0.14407909,0.23462057,orta-dusuk,Agaclik,predicted,0.3037,0.6176,YUKSEK
MAR_2023_01,MAR_2023_01_003382,40.14443,26.57296,0.8850049,0.99244297,0.1354348,14.7813015,326.26547,0.45440686,0.3495434,0.20610818,0.14343521,dusuk,Agaclik,low_severity,,0.0,DUSUK
MAR_2023_01,MAR_2023_01_003454,40.14203,26.53482,0.95383376,1.0,0.27683392,6.510112,183.21892,1.1523259,0.29095823,0.10813749,0.18282074,orta-dusuk,Agaclik,low_severity,,0.0,DUSUK
MAR_2023_01,MAR_2023_01_003460,40.1421,26.55243,0.22412765,0.25949702,0.23259147,11.26329,323.60126,0.31397828,0.22817239,0.115747854,0.11242454,dusuk,Tarim,low_severity,,0.0,DUSUK
MAR_2023_01,MAR_2023_01_003461,40.14211,26.55537,0.3155392,0.32290637,0.17456849,9.07682,367.07535,0.5414923,0.207677,0.12361481,0.0840622,dusuk,Yerlesim,low_severity,,0.0,DUSUK
MAR_2023_01,MAR_2023_01_003462,40.14212,26.5583,0.83078176,0.74327457,0.24048294,4.115955,389.8423,0.7828444,0.25865716,0.119000345,0.13965681,dusuk,Agaclik,low_severity,,0.0,DUSUK
MAR_2023_01,MAR_2023_01_003463,40.14213,26.56124,0.78594327,0.9235534,0.32895058,4.896589,387.82477,0.9558484,0.25422183,0.078821436,0.17540039,orta-dusuk,Agaclik,low_severity,,0.0,DUSUK
MAR_2023_01,MAR_2023_01_003464,40.14214,26.56417,1.0,1.0,0.3881632,7.9383044,383.1742,1.0115058,0.31739667,0.08906016,0.22833651,orta-dusuk,Agaclik,predicted,0.2732,0.424,ORTA
MAR_2023_01,MAR_2023_01_003465,40.14215,26.56711,1.0,1.0,0.45460862,6.921527,373.62445,0.94477034,0.34310904,0.066360876,0.27674818,orta-yuksek,Agaclik,predicted,0.3019,0.4736,ORTA
MAR_2023_01,MAR_2023_01_003466,40.14217,26.57004,0.9426935,1.0,0.2049085,8.364278,385.54114,0.79025567,0.34674823,0.16430065,0.18244758,dusuk,Agaclik,low_severity,,0.0,DUSUK
MAR_2023_01,MAR_2023_01_003467,40.14218,26.57298,0.8103765,1.0,0.10626115,15.991726,344.1126,0.69384223,0.32586503,0.21560848,0.11025655,dusuk,Agaclik,low_severity,,0.0,DUSUK
MAR_2023_01,MAR_2023_01_003542,40.13981,26.54364,1.0,1.0,0.106003284,11.354128,225.64232,0.6418436,0.26607352,0.18794769,0.078125834,dusuk,Agaclik,low_severity,,0.0,DUSUK
MAR_2023_01,MAR_2023_01_003543,40.13982,26.54658,0.6933073,0.832683,0.3186232,9.866416,257.1557,0.48124287,0.28147313,0.08569725,0.19577588,orta-dusuk,Agaclik,low_severity,,0.0,DUSUK
MAR_2023_01,MAR_2023_01_003544,40.13984,26.54951,0.86898595,0.9113403,0.3642498,11.26907,258.93015,0.41979304,0.29438782,0.08116512,0.2132227,orta-dusuk,Agaclik,predicted,0.253,0.4905,ORTA
MAR_2023_01,MAR_2023_01_003545,40.13985,26.55245,1.0,1.0,0.35817045,12.32162,290.73273,0.4958404,0.30860743,0.087469846,0.22113758,orta-dusuk,Agaclik,predicted,0.277,0.5491,YUKSEK
MAR_2023_01,MAR_2023_01_003546,40.13986,26.55538,1.0,1.0,0.4354236,14.79501,334.78348,0.6636936,0.3247142,0.074853614,0.2498606,orta-dusuk,Agaclik,predicted,0.2967,0.6123,YUKSEK
MAR_2023_01,MAR_2023_01_003547,40.13987,26.55832,0.94888574,1.0,0.42205182,9.825965,384.06244,0.71835953,0.31753522,0.06753431,0.2500009,orta-dusuk,Agaclik,predicted,0.2879,0.5115,YUKSEK
MAR_2023_01,MAR_2023_01_003548,40.13988,26.56125,1.0,1.0,0.38225913,4.7542195,402.2611,0.7074874,0.29679024,0.0673082,0.22948204,orta-dusuk,Agaclik,predicted,0.2687,0.394,ORTA
MAR_2023_01,MAR_2023_01_003549,40.13989,26.56419,0.99409544,1.0,0.46178335,4.9239297,406.47055,0.78104824,0.3242463,0.062335625,0.26191068,orta-yuksek,Agaclik,predicted,0.2845,0.4222,ORTA
MAR_2023_01,MAR_2023_01_003550,40.1399,26.56712,0.9578198,1.0,0.3972641,6.1914253,390.07632,0.9189855,0.32457566,0.080337524,0.24423814,orta-dusuk,Agaclik,predicted,0.28,0.4196,ORTA
MAR_2023_01,MAR_2023_01_003551,40.13991,26.57006,0.86180764,0.693656,0.1100297,10.288657,389.33408,1.012144,0.29946095,0.19547746,0.10398349,dusuk,Agaclik,low_severity,,0.0,DUSUK
MAR_2023_01,MAR_2023_01_003552,40.13992,26.57299,1.0,1.0,0.14761811,12.586964,351.2325,0.93880165,0.384426,0.2209953,0.16343069,dusuk,Agaclik,low_severity,,0.0,DUSUK
MAR_2023_01,MAR_2023_01_003623,40.13751,26.53192,0.6499689,0.8570032,0.20419747,10.091969,133.08452,0.63193107,0.20672841,0.09217081,0.1145576,dusuk,Agaclik,low_severity,,0.0,DUSUK
MAR_2023_01,MAR_2023_01_003626,40.13755,26.54072,0.5016877,0.26261866,0.13017556,17.096262,149.82463,0.95722926,0.2601264,0.16499674,0.09512967,dusuk,Otlak/calilik,low_severity,,0.0,DUSUK
MAR_2023_01,MAR_2023_01_003627,40.13756,26.54366,0.33082667,0.34695718,0.1744269,19.42251,175.81998,0.8271871,0.28347164,0.1705988,0.11287284,dusuk,Otlak/calilik,low_severity,,0.0,DUSUK
MAR_2023_01,MAR_2023_01_003628,40.13757,26.54659,0.74193907,0.89023817,0.39257503,17.768152,199.23885,0.70983803,0.32467675,0.071748525,0.25292823,orta-dusuk,Agaclik,predicted,0.2873,0.6348,YUKSEK
MAR_2023_01,MAR_2023_01_003629,40.13758,26.54953,0.8605405,1.0,0.42503893,10.792176,226.22276,0.6697026,0.34959632,0.075978294,0.27361804,orta-dusuk,Agaclik,predicted,0.2997,0.5555,YUKSEK
MAR_2023_01,MAR_2023_01_003630,40.13759,26.55246,1.0,1.0,0.5102792,11.181458,258.72537,0.7198146,0.3938261,0.07541174,0.31841436,orta-yuksek,Agaclik,predicted,0.3335,0.6264,YUKSEK
MAR_2023_01,MAR_2023_01_003631,40.13761,26.5554,0.88784593,1.0,0.4961938,12.834087,310.0544,0.60698825,0.3663537,0.06989886,0.29645485,orta-yuksek,Agaclik,predicted,0.3169,0.6287,YUKSEK
MAR_2023_01,MAR_2023_01_003632,40.13762,26.55833,0.9321756,1.0,0.47218442,13.030362,357.50546,0.47742295,0.3302225,0.0666175,0.263605,orta-yuksek,Agaclik,predicted,0.2965,0.602,YUKSEK
MAR_2023_01,MAR_2023_01_003633,40.13763,26.56127,1.0,1.0,0.41931373,9.269594,414.60538,0.460902,0.31872684,0.06610056,0.25262627,orta-dusuk,Agaclik,predicted,0.2927,0.5372,YUKSEK
MAR_2023_01,MAR_2023_01_003634,40.13764,26.5642,0.9984372,1.0,0.37126523,4.0109677,413.91107,0.5673875,0.28471604,0.065177724,0.21953832,orta-dusuk,Agaclik,predicted,0.2605,0.3789,ORTA
MAR_2023_01,MAR_2023_01_003635,40.13765,26.56713,0.7280334,0.9710061,0.3108471,8.19455,414.19037,0.74594,0.27715605,0.07998497,0.19717109,orta-dusuk,Agaclik,low_severity,,0.0,DUSUK
MAR_2023_01,MAR_2023_01_003637,40.13767,26.573,0.95560825,1.0,0.1395639,11.18103,397.066,0.884324,0.3318488,0.20297083,0.12887797,dusuk,Agaclik,low_severity,,0.0,DUSUK
MAR_2023_01,MAR_2023_01_003707,40.13525,26.529,0.3053194,0.0,0.16386679,10.24282,70.90364,0.47320113,0.2181887,0.12389226,0.09429644,dusuk,Otlak/calilik,low_severity,,0.0,DUSUK
MAR_2023_01,MAR_2023_01_003708,40.13526,26.53194,0.33568254,0.014094809,0.25309205,11.997333,70.66816,0.3824086,0.24654642,0.09575477,0.15079165,dusuk,Otlak/calilik,low_severity,,0.0,DUSUK
MAR_2023_01,MAR_2023_01_003709,40.13527,26.53487,0.29281315,0.11079161,0.23232934,11.895957,77.89661,0.43994698,0.23473714,0.101371236,0.1333659,dusuk,Otlak/calilik,low_severity,,0.0,DUSUK
MAR_2023_01,MAR_2023_01_003711,40.1353,26.54074,0.49161035,0.0,0.30327433,7.4495764,90.426125,0.8143632,0.26929462,0.104910314,0.1643843,orta-dusuk,Otlak/calilik,low_severity,,0.0,DUSUK
MAR_2023_01,MAR_2023_01_003712,40.13531,26.54367,0.31913424,0.09286694,0.2718488,9.089676,115.93107,1.0399586,0.24525344,0.10778065,0.1374728,orta-dusuk,Otlak/calilik,low_severity,,0.0,DUSUK
MAR_2023_01,MAR_2023_01_003713,40.13532,26.54661,0.646543,0.7209714,0.38619667,11.614032,142.71729,0.89239246,0.31399238,0.08711082,0.22688156,orta-dusuk,Agaclik,predicted,0.2337,0.4113,ORTA
MAR_2023_01,MAR_2023_01_003714,40.13533,26.54954,0.9820632,1.0,0.49940932,20.749332,211.59494,0.71521306,0.43622267,0.08960789,0.34661478,orta-yuksek,Agaclik,predicted,0.3773,0.866,COK_YUKSEK
MAR_2023_01,MAR_2023_01_003715,40.13534,26.55248,1.0,1.0,0.54814446,17.671661,291.71548,0.593039,0.42802596,0.07990323,0.34812272,orta-yuksek,Agaclik,predicted,0.3681,0.8108,COK_YUKSEK
MAR_2023_01,MAR_2023_01_003716,40.13535,26.55541,0.8788115,1.0,0.51766926,12.946634,326.53818,0.45313022,0.3990248,0.07884735,0.32017747,orta-yuksek,Agaclik,predicted,0.3343,0.6808,YUKSEK
MAR_2023_01,MAR_2023_01_003717,40.13536,26.55835,0.8689827,1.0,0.46635064,15.716078,364.87823,0.25460744,0.33906543,0.07367857,0.26538688,orta-yuksek,Agaclik,predicted,0.3018,0.6759,YUKSEK
MAR_2023_01,MAR_2023_01_003718,40.13538,26.56128,1.0,1.0,0.37733173,7.918533,423.1567,0.2220876,0.2843253,0.06194044,0.22238487,orta-dusuk,Agaclik,predicted,0.2704,0.4929,ORTA
MAR_2023_01,MAR_2023_01_003719,40.13539,26.56421,0.8803426,1.0,0.26446566,4.0246735,422.5817,0.39852336,0.25561076,0.09145412,0.16415665,dusuk,Agaclik,low_severity,,0.0,DUSUK
MAR_2023_01,MAR_2023_01_003792,40.133,26.52902,0.15948518,0.0,0.16791198,4.383545,51.718575,0.3095461,0.20042846,0.113324374,0.08710408,dusuk,Tarim,low_severity,,0.0,DUSUK
MAR_2023_01,MAR_2023_01_003793,40.13301,26.53195,0.387512,0.0,0.17566667,5.5367494,53.730946,0.13466924,0.23696086,0.12180418,0.11515668,dusuk,Otlak/calilik,low_severity,,0.0,DUSUK
MAR_2023_01,MAR_2023_01_003794,40.13302,26.53489,0.39227214,0.0,0.16058505,5.066334,58.152023,0.2558375,0.20734352,0.12195286,0.08539066,dusuk,Otlak/calilik,low_severity,,0.0,DUSUK
MAR_2023_01,MAR_2023_01_003796,40.13304,26.54075,0.46793,0.0,0.19985238,5.418892,75.32872,0.73149633,0.22141874,0.10660331,0.11481543,dusuk,Otlak/calilik,low_severity,,0.0,DUSUK
MAR_2023_01,MAR_2023_01_003797,40.13306,26.54369,0.91674477,0.4292831,0.2986194,7.8526435,104.84915,0.97847015,0.32307023,0.1126464,0.21042383,orta-dusuk,Otlak/calilik,predicted,0.2149,0.3058,ORTA
MAR_2023_01,MAR_2023_01_003798,40.13307,26.54662,0.86888754,0.6676431,0.30403543,15.56474,144.9474,0.7607729,0.3580884,0.14057967,0.21750873,orta-dusuk,Agaclik,predicted,0.2534,0.5259,YUKSEK
MAR_2023_01,MAR_2023_01_003799,40.13308,26.54956,0.60022724,0.837195,0.4776176,21.47304,236.03136,0.54216313,0.3992349,0.07950655,0.31972834,orta-yuksek,Agaclik,predicted,0.3301,0.7966,COK_YUKSEK
MAR_2023_01,MAR_2023_01_003800,40.13309,26.55249,0.47275814,0.37062073,0.43852654,20.645159,326.12686,0.3662053,0.3553688,0.07987112,0.27549767,orta-dusuk,Otlak/calilik,predicted,0.2592,0.6544,YUKSEK
MAR_2023_01,MAR_2023_01_003801,40.1331,26.55543,0.8656136,0.8483371,0.48585892,9.02986,377.04553,0.31507427,0.37498203,0.07677527,0.29820675,orta-yuksek,Agaclik,predicted,0.3019,0.5662,YUKSEK
MAR_2023_01,MAR_2023_01_003802,40.13311,26.55836,0.75771004,1.0,0.4469312,7.0758348,398.25198,0.16345398,0.34397906,0.074903175,0.26907587,orta-yuksek,Agaclik,predicted,0.2856,0.5166,YUKSEK
MAR_2023_01,MAR_2023_01_003803,40.13312,26.56129,0.8182828,1.0,0.27855155,4.0997148,417.71613,0.10590166,0.24981228,0.0740986,0.17571367,orta-dusuk,Agaclik,low_severity,,0.0,DUSUK
MAR_2023_01,MAR_2023_01_003804,40.13313,26.56423,0.8699731,1.0,0.3237702,7.7182403,407.3627,0.27506086,0.3174047,0.09359147,0.22381322,orta-dusuk,Agaclik,predicted,0.2732,0.4905,ORTA
MAR_2023_01,MAR_2023_01_003805,40.13315,26.56716,1.0,1.0,0.15092294,10.979562,393.0669,0.4745755,0.31715542,0.16335756,0.15379786,dusuk,Agaclik,low_severity,,0.0,DUSUK
MAR_2023_01,MAR_2023_01_003875,40.13072,26.52316,0.50425893,0.0,0.11915097,6.7330155,52.47395,0.22661805,0.21820833,0.13112652,0.087081805,dusuk,Tarim,low_severity,,0.0,DUSUK
MAR_2023_01,MAR_2023_01_003876,40.13073,26.5261,0.4686143,0.0,0.16069889,5.947263,62.427574,0.36754614,0.22202462,0.12509087,0.09693375,dusuk,Tarim,low_severity,,0.0,DUSUK
MAR_2023_01,MAR_2023_01_003881,40.13079,26.54077,0.26786304,0.035436504,0.15820117,4.9625263,74.90069,0.72720414,0.21790141,0.13157415,0.086327255,dusuk,Otlak/calilik,low_severity,,0.0,DUSUK
MAR_2023_01,MAR_2023_01_003882,40.1308,26.5437,0.34006843,0.23096737,0.13886562,5.774953,97.73171,0.92340916,0.22600506,0.14080893,0.08519614,dusuk,Otlak/calilik,low_severity,,0.0,DUSUK
MAR_2023_01,MAR_2023_01_003883,40.13081,26.54664,0.29582748,0.21666403,0.1760914,12.308097,130.3368,0.6972707,0.2537638,0.14755753,0.10620627,dusuk,Otlak/calilik,low_severity,,0.0,DUSUK
MAR_2023_01,MAR_2023_01_003884,40.13083,26.54957,0.6619757,0.87689734,0.3773015,19.816013,202.4748,0.44872254,0.36779144,0.106313094,0.26147836,orta-dusuk,Agaclik,predicted,0.2966,0.7107,YUKSEK
MAR_2023_01,MAR_2023_01_003885,40.13084,26.55251,0.5935444,0.41049775,0.44109488,21.80674,287.84018,0.2037582,0.36367607,0.0759743,0.2877018,orta-yuksek,Otlak/calilik,predicted,0.2787,0.7281,YUKSEK
MAR_2023_01,MAR_2023_01_003886,40.13085,26.55544,0.69352335,0.6890474,0.43705708,15.912077,366.8566,0.081748925,0.33643308,0.069257766,0.26717532,orta-dusuk,Agaclik,predicted,0.2772,0.6448,YUKSEK
MAR_2023_01,MAR_2023_01_003887,40.13086,26.55837,1.0,1.0,0.40483636,8.1557255,415.50754,0.3112047,0.32601613,0.07611401,0.24990213,orta-dusuk,Agaclik,predicted,0.2901,0.5287,YUKSEK
MAR_2023_01,MAR_2023_01_003888,40.13087,26.56131,0.86336404,1.0,0.30952048,5.4531403,424.02188,0.08444568,0.29108682,0.0878133,0.20327352,orta-dusuk,Agaclik,predicted,0.253,0.4317,ORTA
MAR_2023_01,MAR_2023_01_003889,40.13088,26.56424,0.7104113,0.75492483,0.2978971,13.601403,409.47415,0.17802945,0.3171718,0.09903548,0.21813634,orta-dusuk,Agaclik,predicted,0.2594,0.563,YUKSEK
MAR_2023_01,MAR_2023_01_003965,40.12853,26.53785,0.62242794,0.22291361,0.14954554,8.328203,80.68382,0.38617626,0.24942794,0.14903623,0.100391716,dusuk,Otlak/calilik,low_severity,,0.0,DUSUK
MAR_2023_01,MAR_2023_01_003966,40.12854,26.54078,0.4218242,0.39476052,0.25510493,7.577261,92.09072,0.57568514,0.26446992,0.12045336,0.14401656,dusuk,Otlak/calilik,low_severity,,0.0,DUSUK
MAR_2023_01,MAR_2023_01_003967,40.12855,26.54372,0.55254704,0.37576985,0.24121788,8.448402,115.30814,0.79913783,0.27380687,0.13815951,0.13564736,dusuk,Otlak/calilik,low_severity,,0.0,DUSUK
MAR_2023_01,MAR_2023_01_003968,40.12856,26.54665,0.5468887,0.36064053,0.26550245,16.779558,155.08974,0.7201372,0.31123716,0.15531173,0.15592542,dusuk,Otlak/calilik,low_severity,,0.0,DUSUK
MAR_2023_01,MAR_2023_01_003969,40.12857,26.54959,0.86209685,0.9306617,0.49046344,15.535345,226.33846,0.48349044,0.42209288,0.105939075,0.31615382,orta-yuksek,Agaclik,predicted,0.3309,0.7113,YUKSEK
MAR_2023_01,MAR_2023_01_003970,40.12858,26.55252,1.0,0.9387312,0.4954631,17.125513,287.554,0.27189794,0.40690744,0.081699654,0.32520777,orta-yuksek,Agaclik,predicted,0.3504,0.7963,COK_YUKSEK
MAR_2023_01,MAR_2023_01_003971,40.1286,26.55546,0.9996331,0.9133369,0.44442692,12.61166,354.48477,0.19772196,0.33781987,0.07049171,0.26732817,orta-yuksek,Agaclik,predicted,0.2995,0.6282,YUKSEK
MAR_2023_01,MAR_2023_01_003972,40.12861,26.55839,0.864928,1.0,0.37146223,11.2259035,410.5545,0.35952672,0.32128716,0.09509924,0.22618791,orta-dusuk,Agaclik,predicted,0.2751,0.5411,YUKSEK
MAR_2023_01,MAR_2023_01_003973,40.12862,26.56132,1.0,1.0,0.18003216,14.909021,389.4992,0.2969294,0.3301642,0.16981024,0.16035396,dusuk,Agaclik,low_severity,,0.0,DUSUK
MAR_2023_01,MAR_2023_01_004050,40.12627,26.53787,0.50679475,0.21820524,0.1278773,10.394572,104.800125,0.24523927,0.20299287,0.11534276,0.08765011,dusuk,Otlak/calilik,low_severity,,0.0,DUSUK
MAR_2023_01,MAR_2023_01_004051,40.12629,26.5408,0.92230296,0.9812612,0.4042012,7.6338396,97.453636,0.49229074,0.37724233,0.10877994,0.2684624,orta-dusuk,Agaclik,predicted,0.2881,0.4993,ORTA
MAR_2023_01,MAR_2023_01_004052,40.1263,26.54373,1.0,1.0,0.531423,9.506516,135.5892,0.7413218,0.42723012,0.08525148,0.34197864,orta-yuksek,Agaclik,predicted,0.3422,0.6162,YUKSEK
MAR_2023_01,MAR_2023_01_004053,40.12631,26.54667,1.0,1.0,0.5771418,11.345412,180.10939,0.82219744,0.4602208,0.086761296,0.37345952,orta-yuksek,Agaclik,predicted,0.3678,0.6898,YUKSEK
MAR_2023_01,MAR_2023_01_004054,40.12632,26.5496,0.88593435,0.9713466,0.5875444,9.096276,219.67989,0.6254391,0.4529032,0.08241652,0.37048668,orta-yuksek,Agaclik,predicted,0.3527,0.6424,YUKSEK
MAR_2023_01,MAR_2023_01_004055,40.12633,26.55254,0.9916605,0.9885026,0.5070426,19.124493,277.96893,0.4809777,0.45345032,0.10996458,0.34348574,orta-yuksek,Agaclik,predicted,0.3718,0.8516,COK_YUKSEK
MAR_2023_01,MAR_2023_01_004056,40.12634,26.55547,0.9883792,1.0,0.4078629,14.151618,326.40497,0.44328892,0.36986285,0.09124469,0.27861816,orta-dusuk,Agaclik,predicted,0.3235,0.6783,YUKSEK
MAR_2023_01,MAR_2023_01_004057,40.12636,26.5584,0.744978,0.8959763,0.26793504,18.204649,364.18506,0.53541625,0.32356107,0.13313967,0.1904214,dusuk,Agaclik,low_severity,,0.0,DUSUK
MAR_2023_01,MAR_2023_01_004126,40.12391,26.51147,0.9698003,1.0,0.1512269,11.17591,72.67575,0.62148136,0.36338353,0.23729494,0.12608859,dusuk,Agaclik,low_severity,,0.0,DUSUK
MAR_2023_01,MAR_2023_01_004127,40.12393,26.51441,1.0,0.93300146,0.2101396,12.359024,65.91432,0.5880607,0.3590021,0.18353328,0.17546883,dusuk,Agaclik,low_severity,,0.0,DUSUK
MAR_2023_01,MAR_2023_01_004128,40.12394,26.51734,1.0,0.9599856,0.15126115,11.765283,68.40746,0.38982543,0.41538852,0.2675346,0.14785391,dusuk,Agaclik,low_severity,,0.0,DUSUK
MAR_2023_01,MAR_2023_01_004131,40.12398,26.52614,0.64384145,0.3279677,0.23266399,8.190179,72.35877,0.46216726,0.23221695,0.086694755,0.1455222,dusuk,Su,low_severity,,0.0,DUSUK
MAR_2023_01,MAR_2023_01_004132,40.12399,26.52908,0.53795826,0.4804167,0.25022766,6.150957,102.697395,0.23763394,0.3017676,0.13686627,0.16490132,dusuk,Otlak/calilik,low_severity,,0.0,DUSUK
MAR_2023_01,MAR_2023_01_004136,40.12403,26.54081,0.49229923,0.41734874,0.13343194,11.213303,109.4183,0.52752906,0.27013177,0.174218,0.09591377,dusuk,Otlak/calilik,low_severity,,0.0,DUSUK
MAR_2023_01,MAR_2023_01_004137,40.12405,26.54375,0.9529652,0.93050545,0.400085,9.878221,138.34062,0.7618134,0.41252905,0.13268247,0.27984658,orta-dusuk,Agaclik,predicted,0.303,0.5393,YUKSEK
MAR_2023_01,MAR_2023_01_004138,40.12406,26.54668,1.0,1.0,0.43409434,10.254537,170.57419,0.9493393,0.46135536,0.1469253,0.31443006,orta-dusuk,Agaclik,predicted,0.337,0.5974,YUKSEK
MAR_2023_01,MAR_2023_01_004139,40.12407,26.54962,1.0,0.9849292,0.26452428,10.730854,206.28348,0.82072234,0.42305845,0.2011978,0.22186065,dusuk,Agaclik,low_severity,,0.0,DUSUK
MAR_2023_01,MAR_2023_01_004140,40.12408,26.55255,0.8788389,0.82912624,0.15602241,18.275606,232.77635,0.71676403,0.3325375,0.18743534,0.14510216,dusuk,Agaclik,low_severity,,0.0,DUSUK
MAR_2023_01,MAR_2023_01_004141,40.12409,26.55548,0.8916883,1.0,0.16606492,19.838013,247.17456,0.6920377,0.3466189,0.19440877,0.15221012,dusuk,Agaclik,low_severity,,0.0,DUSUK
MAR_2023_01,MAR_2023_01_004142,40.1241,26.55842,0.94507635,1.0,0.1221662,19.019804,289.3963,0.754375,0.33672148,0.22288036,0.11384112,dusuk,Agaclik,low_severity,,0.0,DUSUK
MAR_2023_01,MAR_2023_01_004211,40.12166,26.51149,1.0,1.0,0.2969808,13.858018,130.66138,0.76364964,0.4033147,0.17902935,0.22428536,orta-dusuk,Agaclik,predicted,0.2869,0.568,YUKSEK
MAR_2023_01,MAR_2023_01_004212,40.12167,26.51442,0.8500866,0.9555729,0.5161765,15.683626,138.46227,0.5141102,0.43096352,0.08545476,0.34550875,orta-yuksek,Agaclik,predicted,0.3505,0.751,COK_YUKSEK
MAR_2023_01,MAR_2023_01_004213,40.12169,26.51736,0.9916264,0.98253274,0.4697573,14.52655,120.48698,0.26543888,0.45144647,0.12452169,0.3269248,orta-yuksek,Agaclik,predicted,0.3469,0.7492,YUKSEK
MAR_2023_01,MAR_2023_01_004217,40.12173,26.52909,0.3396272,0.19219217,0.2829831,10.957042,91.973206,0.43683302,0.2718891,0.11426029,0.1576288,orta-dusuk,Otlak/calilik,low_severity,,0.0,DUSUK
MAR_2023_01,MAR_2023_01_004218,40.12175,26.53203,0.36419266,0.06362669,0.26647425,8.096509,135.99986,0.24602528,0.24594802,0.09194387,0.15400416,dusuk,Otlak/calilik,low_severity,,0.0,DUSUK
MAR_2023_01,MAR_2023_01_004221,40.12178,26.54083,0.39468348,0.0,0.13000196,12.238346,130.1151,0.40878454,0.22042814,0.13150334,0.088924795,dusuk,Otlak/calilik,low_severity,,0.0,DUSUK
MAR_2023_01,MAR_2023_01_004222,40.12179,26.54376,0.8356485,0.74564636,0.16272852,7.7287664,116.195915,0.6024867,0.35973856,0.21323752,0.14650103,dusuk,Agaclik,low_severity,,0.0,DUSUK
MAR_2023_01,MAR_2023_01_004223,40.12181,26.5467,1.0,1.0,0.100832626,8.312769,136.8628,0.8269678,0.4209928,0.31030288,0.11068991,dusuk,Agaclik,low_severity,,0.0,DUSUK
MAR_2023_01,MAR_2023_01_004225,40.12183,26.55257,1.0,0.98102015,0.119842485,11.028149,188.21706,0.9597717,0.42756796,0.3086291,0.11893886,dusuk,Agaclik,low_severity,,0.0,DUSUK
MAR_2023_01,MAR_2023_01_004285,40.11927,26.47924,0.38463497,0.6177591,0.11510432,8.926671,209.80498,0.59350646,0.27515286,0.18341008,0.091742784,dusuk,Agaclik,low_severity,,0.0,DUSUK
MAR_2023_01,MAR_2023_01_004291,40.11935,26.49684,0.51632017,0.8834643,0.20777076,15.716536,192.3382,0.93601567,0.37215042,0.25595057,0.11619985,dusuk,Agaclik,low_severity,,0.0,DUSUK
MAR_2023_01,MAR_2023_01_004292,40.11936,26.49977,0.5209793,0.46946236,0.34899926,10.453775,211.9367,1.0363706,0.3148926,0.11765671,0.19723588,orta-dusuk,Otlak/calilik,low_severity,,0.0,DUSUK
MAR_2023_01,MAR_2023_01_004293,40.11937,26.50271,0.6616554,0.10836213,0.29847047,9.482532,188.73698,1.0598608,0.26847214,0.089834794,0.17863734,orta-dusuk,Otlak/calilik,low_severity,,0.0,DUSUK
MAR_2023_01,MAR_2023_01_004294,40.11938,26.50564,0.74055743,0.49998897,0.2664984,11.6039915,150.43448,0.96755755,0.34001625,0.17096512,0.16905113,dusuk,Agaclik,low_severity,,0.0,DUSUK
MAR_2023_01,MAR_2023_01_004295,40.1194,26.50857,0.76741105,0.6200221,0.25143123,12.6279545,152.11185,0.77024245,0.34188372,0.16970575,0.17217797,dusuk,Agaclik,low_severity,,0.0,DUSUK
MAR_2023_01,MAR_2023_01_004296,40.11941,26.51151,0.2924663,0.30815303,0.23632848,8.118262,168.71326,0.612682,0.24321094,0.097642854,0.14556809,dusuk,Otlak/calilik,low_severity,,0.0,DUSUK
MAR_2023_01,MAR_2023_01_004297,40.11942,26.51444,0.124512576,0.061857987,0.32040137,8.898575,155.59563,0.5314932,0.26498228,0.07614234,0.18883994,orta-dusuk,Otlak/calilik,low_severity,,0.0,DUSUK
MAR_2023_01,MAR_2023_01_004298,40.11943,26.51737,0.3565262,0.3905688,0.2914885,10.202659,157.50508,0.33756736,0.29902226,0.10632147,0.19270079,orta-dusuk,Otlak/calilik,low_severity,,0.0,DUSUK
MAR_2023_01,MAR_2023_01_004299,40.11945,26.52031,0.7781874,0.58844805,0.21705095,17.820494,122.340385,0.2123681,0.38411313,0.18893853,0.1951746,dusuk,Agaclik,low_severity,,0.0,DUSUK
MAR_2023_01,MAR_2023_01_004302,40.11948,26.52911,0.65793073,0.38654435,0.30423677,14.075035,116.00016,0.56721956,0.29982954,0.1099207,0.18990883,orta-dusuk,Otlak/calilik,low_severity,,0.0,DUSUK
MAR_2023_01,MAR_2023_01_004303,40.11949,26.53204,0.37237692,0.04702088,0.25304425,10.325112,124.47706,0.3701678,0.23157012,0.09435153,0.1372186,dusuk,Otlak/calilik,low_severity,,0.0,DUSUK
MAR_2023_01,MAR_2023_01_004304,40.11951,26.53498,0.85895544,0.0,0.24487282,9.631071,121.137276,0.2407583,0.25645766,0.09864801,0.15780964,dusuk,Otlak/calilik,low_severity,,0.0,DUSUK
MAR_2023_01,MAR_2023_01_004305,40.11952,26.53791,0.5563765,0.0,0.15676859,11.724223,167.47113,0.062048245,0.21749955,0.10991311,0.10758644,dusuk,Otlak/calilik,low_severity,,0.0,DUSUK
MAR_2023_01,MAR_2023_01_004369,40.117,26.47632,0.3437724,0.15967353,0.2051256,6.506853,197.91798,0.40345222,0.23162162,0.12663627,0.10498536,dusuk,Tarim,low_severity,,0.0,DUSUK
MAR_2023_01,MAR_2023_01_004370,40.11702,26.47925,0.7265177,0.9512966,0.3143061,6.2370214,212.37189,0.35498834,0.30055115,0.10329621,0.19725493,orta-dusuk,Agaclik,low_severity,,0.0,DUSUK
MAR_2023_01,MAR_2023_01_004371,40.11703,26.48219,0.89738095,0.96064454,0.26778796,8.427889,240.28838,0.34639886,0.31589705,0.13104197,0.18485507,dusuk,Agaclik,low_severity,,0.0,DUSUK
MAR_2023_01,MAR_2023_01_004372,40.11704,26.48512,0.9921604,0.9805412,0.1732701,7.532566,262.7744,0.48884314,0.33420247,0.17809618,0.1561063,dusuk,Agaclik,low_severity,,0.0,DUSUK
MAR_2023_01,MAR_2023_01_004373,40.11706,26.48805,0.8189728,0.7428225,0.17109668,11.819366,245.72006,0.69494104,0.28385818,0.15670338,0.1271548,dusuk,Agaclik,low_severity,,0.0,DUSUK
MAR_2023_01,MAR_2023_01_004374,40.11707,26.49099,0.9289271,0.96799165,0.18962646,9.703597,205.15746,0.68539476,0.33984894,0.16612695,0.17372198,dusuk,Agaclik,low_severity,,0.0,DUSUK
MAR_2023_01,MAR_2023_01_004375,40.11708,26.49392,1.0,1.0,0.28875512,11.995559,213.26073,0.64630085,0.4087813,0.17295992,0.23582137,orta-dusuk,Agaclik,predicted,0.2972,0.5713,YUKSEK
MAR_2023_01,MAR_2023_01_004376,40.11709,26.49685,0.6969665,0.95606756,0.54946506,13.888091,256.35754,0.70045954,0.4252193,0.08128898,0.3439303,orta-yuksek,Agaclik,predicted,0.3377,0.679,YUKSEK
MAR_2023_01,MAR_2023_01_004377,40.11711,26.49979,0.8419594,0.9325995,0.52398026,14.880554,257.5966,0.82980865,0.38994467,0.060584985,0.32935968,orta-yuksek,Agaclik,predicted,0.3364,0.6795,YUKSEK
MAR_2023_01,MAR_2023_01_004378,40.11712,26.50272,0.7759549,0.77130556,0.49838594,13.811917,199.95546,1.0057441,0.39582705,0.07124394,0.3245831,orta-yuksek,Agaclik,predicted,0.317,0.6063,YUKSEK
MAR_2023_01,MAR_2023_01_004379,40.11713,26.50566,0.97134894,0.9700443,0.5837021,17.79568,205.4392,0.85712594,0.44436413,0.07310516,0.37125897,orta-yuksek,Agaclik,predicted,0.3761,0.8041,COK_YUKSEK
MAR_2023_01,MAR_2023_01_004380,40.11714,26.50859,1.0,0.94052285,0.49609414,12.075162,207.02707,0.6259159,0.37106925,0.072691694,0.29837757,orta-yuksek,Agaclik,predicted,0.3138,0.6087,YUKSEK
MAR_2023_01,MAR_2023_01_004381,40.11716,26.51152,0.96338564,0.85582125,0.43570954,7.8518333,183.1219,0.41698498,0.3279156,0.07007229,0.25784332,orta-dusuk,Otlak/calilik,predicted,0.2702,0.473,ORTA
MAR_2023_01,MAR_2023_01_004382,40.11717,26.51446,0.6268165,0.17560546,0.3015603,11.178407,142.60918,0.28457385,0.25112268,0.08002204,0.17110065,orta-dusuk,Otlak/calilik,low_severity,,0.0,DUSUK
MAR_2023_01,MAR_2023_01_004383,40.11718,26.51739,0.6211198,0.19680552,0.30497006,10.816498,111.76328,0.3362857,0.2857729,0.087044045,0.19872884,orta-dusuk,Otlak/calilik,low_severity,,0.0,DUSUK
MAR_2023_01,MAR_2023_01_004387,40.11723,26.52913,0.39648345,0.2260455,0.277052,14.37282,92.9285,0.5361856,0.29870486,0.11195256,0.1867523,orta-dusuk,Otlak/calilik,low_severity,,0.0,DUSUK
MAR_2023_01,MAR_2023_01_004388,40.11724,26.53206,0.57266563,0.35149756,0.32393476,10.419918,89.042915,0.34665912,0.31272328,0.111879006,0.20084427,orta-dusuk,Otlak/calilik,predicted,0.1851,0.3445,ORTA
MAR_2023_01,MAR_2023_01_004389,40.11725,26.53499,0.55169266,0.08839122,0.2212784,13.441782,125.47189,0.17504048,0.2874838,0.1514893,0.13599451,dusuk,Otlak/calilik,low_severity,,0.0,DUSUK
MAR_2023_01,MAR_2023_01_004390,40.11727,26.53793,0.57606804,0.0,0.17612393,14.546967,188.6026,0.19099893,0.24632737,0.13365434,0.11267303,dusuk,Otlak/calilik,low_severity,,0.0,DUSUK
MAR_2023_01,MAR_2023_01_004451,40.11471,26.46754,0.11383106,0.25919843,0.20906466,12.086978,228.17456,0.38738686,0.3097161,0.16714677,0.14256933,dusuk,Tarim,low_severity,,0.0,DUSUK
MAR_2023_01,MAR_2023_01_004452,40.11472,26.47047,0.99645245,1.0,0.16752645,9.707724,239.03532,0.17467785,0.3533569,0.20380747,0.14954942,dusuk,Agaclik,low_severity,,0.0,DUSUK
MAR_2023_01,MAR_2023_01_004453,40.11474,26.4734,0.9357852,0.87363195,0.161885,11.365276,237.79874,0.189621,0.31806546,0.1761209,0.14194456,dusuk,Agaclik,low_severity,,0.0,DUSUK
MAR_2023_01,MAR_2023_01_004454,40.11475,26.47634,0.64969486,0.61150485,0.19727704,9.881582,229.0343,0.3947253,0.28272003,0.15871698,0.12400305,dusuk,Agaclik,low_severity,,0.0,DUSUK
MAR_2023_01,MAR_2023_01_004455,40.11476,26.47927,0.8816763,0.87548625,0.3161782,9.591535,229.1083,0.15742777,0.3122208,0.108047135,0.20417368,orta-dusuk,Agaclik,predicted,0.2457,0.4743,ORTA
MAR_2023_01,MAR_2023_01_004456,40.11478,26.4822,0.97868013,1.0,0.37315384,12.513246,272.13373,0.13696334,0.36457717,0.10459876,0.2599784,orta-dusuk,Agaclik,predicted,0.3065,0.6469,YUKSEK
MAR_2023_01,MAR_2023_01_004457,40.11479,26.48514,0.77649474,0.81619364,0.20862417,8.544171,285.8721,0.37112588,0.24017486,0.10908866,0.1310862,dusuk,Agaclik,low_severity,,0.0,DUSUK
MAR_2023_01,MAR_2023_01_004458,40.1148,26.48807,0.84975266,0.9140368,0.2841118,8.450271,255.13533,0.6178267,0.2869457,0.112988025,0.17395768,orta-dusuk,Agaclik,low_severity,,0.0,DUSUK
MAR_2023_01,MAR_2023_01_004459,40.11482,26.491,0.9679228,0.9738528,0.29328233,7.518188,235.3708,0.4574759,0.3429193,0.13129348,0.21162581,orta-dusuk,Agaclik,predicted,0.2632,0.4495,ORTA
MAR_2023_01,MAR_2023_01_004460,40.11483,26.49394,0.8462005,1.0,0.33521456,11.510637,252.75069,0.39651358,0.30925685,0.09189677,0.21736008,orta-dusuk,Agaclik,predicted,0.267,0.5253,YUKSEK
MAR_2023_01,MAR_2023_01_004461,40.11484,26.49687,0.7958179,0.9886655,0.4983348,8.2637825,275.028,0.47975183,0.3500775,0.05829549,0.29178202,orta-yuksek,Agaclik,predicted,0.2962,0.5269,YUKSEK
MAR_2023_01,MAR_2023_01_004462,40.11485,26.4998,0.9699736,0.98620373,0.58979976,10.2588215,242.49802,0.654294,0.4262911,0.055534244,0.37075686,orta-yuksek,Agaclik,predicted,0.3609,0.6746,YUKSEK
MAR_2023_01,MAR_2023_01_004463,40.11487,26.50274,1.0,1.0,0.6511076,16.99354,259.64642,0.8421025,0.4728644,0.060884856,0.41197953,orta-yuksek,Agaclik,predicted,0.4045,0.8515,COK_YUKSEK
MAR_2023_01,MAR_2023_01_004464,40.11488,26.50567,0.8273578,1.0,0.56486106,16.28366,288.80084,0.7732317,0.4660508,0.08580733,0.38024348,orta-yuksek,Agaclik,predicted,0.3823,0.8013,COK_YUKSEK
MAR_2023_01,MAR_2023_01_004465,40.11489,26.50861,1.0,1.0,0.5166882,18.361704,229.9634,0.56148726,0.3924153,0.058196798,0.3342185,orta-yuksek,Agaclik,predicted,0.3601,0.808,COK_YUKSEK
MAR_2023_01,MAR_2023_01_004466,40.1149,26.51154,1.0,0.98437816,0.4568013,13.693944,166.21298,0.31204766,0.3353613,0.058247164,0.27711415,orta-yuksek,Agaclik,predicted,0.3065,0.6487,YUKSEK
MAR_2023_01,MAR_2023_01_004467,40.11492,26.51447,0.7343654,0.16839688,0.33528525,9.299855,126.84671,0.06692933,0.26743704,0.07372251,0.19371453,orta-dusuk,Otlak/calilik,low_severity,,0.0,DUSUK
MAR_2023_01,MAR_2023_01_004468,40.11493,26.51741,0.94614214,0.7122445,0.33864486,8.4327,106.93574,0.19127293,0.32007933,0.096218914,0.22386041,orta-dusuk,Agaclik,predicted,0.2429,0.4472,ORTA
MAR_2023_01,MAR_2023_01_004473,40.11499,26.53207,0.28461403,0.42337307,0.2550741,12.852872,99.519485,0.21126124,0.28368372,0.120493434,0.16319028,dusuk,Otlak/calilik,low_severity,,0.0,DUSUK
MAR_2023_01,MAR_2023_01_004534,40.11243,26.46169,0.76315403,0.8332299,0.12262706,12.248042,231.96016,0.27610153,0.27498746,0.1904896,0.084497854,dusuk,Agaclik,low_severity,,0.0,DUSUK
MAR_2023_01,MAR_2023_01_004535,40.11245,26.46462,0.7053344,0.63494146,0.23051998,7.895497,248.6984,0.39279002,0.24937373,0.12389535,0.12547839,dusuk,Agaclik,low_severity,,0.0,DUSUK
MAR_2023_01,MAR_2023_01_004536,40.11246,26.46755,0.34059498,0.38899115,0.24161318,5.5833025,269.35797,0.36482236,0.25145653,0.12010217,0.13135436,dusuk,Tarim,low_severity,,0.0,DUSUK
MAR_2023_01,MAR_2023_01_004537,40.11247,26.47049,0.84500873,0.81020755,0.18905045,6.128245,271.41486,0.2758808,0.29708225,0.14339158,0.15369067,dusuk,Agaclik,low_severity,,0.0,DUSUK
MAR_2023_01,MAR_2023_01_004538,40.11249,26.47342,0.96188194,1.0,0.2710583,6.2942123,279.90878,0.3796381,0.33986643,0.13062187,0.20924456,orta-dusuk,Agaclik,predicted,0.2654,0.4423,ORTA
MAR_2023_01,MAR_2023_01_004539,40.1125,26.47635,0.8701498,1.0,0.30957898,9.280932,276.30103,0.4237627,0.2956465,0.094467305,0.20117918,orta-dusuk,Agaclik,predicted,0.2543,0.4618,ORTA
MAR_2023_01,MAR_2023_01_004540,40.11251,26.47929,1.0,1.0,0.35081115,13.29498,272.60022,0.2203413,0.3803028,0.13191225,0.24839054,orta-dusuk,Agaclik,predicted,0.3028,0.6435,YUKSEK
MAR_2023_01,MAR_2023_01_004541,40.11253,26.48222,1.0,1.0,0.3921888,14.555895,308.1357,0.2062177,0.35539445,0.09415952,0.26123494,orta-dusuk,Agaclik,predicted,0.3114,0.6822,YUKSEK
MAR_2023_01,MAR_2023_01_004542,40.11254,26.48515,0.7615072,0.9387312,0.30381614,11.22069,322.52002,0.4018721,0.22915994,0.09452571,0.13463423,orta-dusuk,Agaclik,low_severity,,0.0,DUSUK
MAR_2023_01,MAR_2023_01_004543,40.11255,26.48809,0.75279003,0.8247765,0.26291293,11.375048,289.40317,0.5008629,0.28095734,0.11148378,0.16947356,dusuk,Agaclik,low_severity,,0.0,DUSUK
MAR_2023_01,MAR_2023_01_004544,40.11256,26.49102,0.81656724,0.9975681,0.37622303,11.199472,266.92496,0.27166602,0.30401078,0.08818625,0.21582453,orta-dusuk,Agaclik,predicted,0.2573,0.5123,YUKSEK
MAR_2023_01,MAR_2023_01_004545,40.11258,26.49395,0.9963185,0.88622683,0.41998947,10.363528,283.4131,0.14744909,0.3255133,0.07626054,0.24925277,orta-dusuk,Agaclik,predicted,0.278,0.5537,YUKSEK
MAR_2023_01,MAR_2023_01_004546,40.11259,26.49689,0.998688,0.99123555,0.42291862,6.8377686,290.98892,0.3077012,0.29779255,0.057182282,0.24061027,orta-dusuk,Agaclik,predicted,0.2709,0.469,ORTA
MAR_2023_01,MAR_2023_01_004547,40.1126,26.49982,1.0,1.0,0.54490036,9.070098,275.88156,0.54094255,0.40144497,0.062691025,0.33875394,orta-yuksek,Agaclik,predicted,0.3415,0.6269,YUKSEK
MAR_2023_01,MAR_2023_01_004548,40.11262,26.50275,0.8877516,1.0,0.46983927,6.961193,286.84875,0.622982,0.33880353,0.06598195,0.27282158,orta-yuksek,Agaclik,predicted,0.2872,0.4745,ORTA
MAR_2023_01,MAR_2023_01_004549,40.11263,26.50569,0.93164605,1.0,0.4755845,15.147499,271.19733,0.5261722,0.36012083,0.05925088,0.30086994,orta-yuksek,Agaclik,predicted,0.3294,0.6981,YUKSEK
MAR_2023_01,MAR_2023_01_004550,40.11264,26.50862,1.0,1.0,0.50168693,17.080006,202.5176,0.5390805,0.3976041,0.060521707,0.3370824,orta-yuksek,Agaclik,predicted,0.3612,0.7925,COK_YUKSEK
MAR_2023_01,MAR_2023_01_004551,40.11265,26.51156,1.0,1.0,0.49893332,12.660439,149.79103,0.38193062,0.37395936,0.056632183,0.31732717,orta-yuksek,Agaclik,predicted,0.3329,0.6803,YUKSEK
MAR_2023_01,MAR_2023_01_004552,40.11266,26.51449,1.0,0.9791455,0.5194264,8.610712,109.244255,0.2301669,0.37941074,0.05878798,0.32062277,orta-yuksek,Agaclik,predicted,0.3206,0.6063,YUKSEK
MAR_2023_01,MAR_2023_01_004553,40.11268,26.51742,0.9725726,0.98666394,0.22063734,6.563793,81.651,0.29168922,0.3410005,0.14540283,0.19559766,dusuk,Agaclik,low_severity,,0.0,DUSUK
MAR_2023_01,MAR_2023_01_004617,40.11015,26.45584,1.0,1.0,0.21863662,15.259786,227.40123,0.15247716,0.2760182,0.18277422,0.09324399,dusuk,Agaclik,low_severity,,0.0,DUSUK
MAR_2023_01,MAR_2023_01_004618,40.11017,26.45877,1.0,1.0,0.23073174,15.252952,256.6824,0.31254083,0.3184047,0.15093356,0.16747114,dusuk,Agaclik,low_severity,,0.0,DUSUK
MAR_2023_01,MAR_2023_01_004619,40.11018,26.4617,0.89511615,0.9387312,0.3247462,13.1293,280.19757,0.34871036,0.3583659,0.12010104,0.23826486,orta-dusuk,Agaclik,predicted,0.2889,0.6001,YUKSEK
MAR_2023_01,MAR_2023_01_004620,40.11019,26.46464,1.0,0.9917109,0.30694848,15.7807865,293.0629,0.466396,0.34549367,0.14188156,0.20361212,orta-dusuk,Agaclik,predicted,0.2768,0.6054,YUKSEK
MAR_2023_01,MAR_2023_01_004621,40.11021,26.46757,0.65243876,0.48268026,0.25868392,8.7057705,284.19534,0.24034399,0.27047396,0.11949909,0.15097487,dusuk,Agaclik,low_severity,,0.0,DUSUK
MAR_2023_01,MAR_2023_01_004622,40.11022,26.4705,0.0484458,0.220099,0.21982455,2.9277096,285.74826,0.027930332,0.20262565,0.11108112,0.091544524,dusuk,Tarim,low_severity,,0.0,DUSUK
MAR_2023_01,MAR_2023_01_004623,40.11023,26.47344,0.002352258,0.15883021,0.34228987,2.5508778,289.84274,0.26228797,0.40094212,0.12651819,0.27442393,orta-dusuk,Tarim,predicted,0.1959,0.2521,ORTA
MAR_2023_01,MAR_2023_01_004624,40.11025,26.47637,0.22653225,0.47576344,0.2869178,7.920495,302.15497,0.51167357,0.32473454,0.11032527,0.21440926,orta-dusuk,Agaclik,predicted,0.1989,0.3183,ORTA
MAR_2023_01,MAR_2023_01_004625,40.11026,26.4793,0.6549227,0.8669684,0.31406912,11.876488,324.14807,0.44420385,0.29363808,0.10258682,0.19105126,orta-dusuk,Agaclik,low_severity,,0.0,DUSUK
MAR_2023_01,MAR_2023_01_004626,40.11027,26.48224,1.0,1.0,0.40958583,12.420407,354.65933,0.43737,0.31422663,0.08596402,0.2282626,orta-dusuk,Agaclik,predicted,0.2776,0.5574,YUKSEK
MAR_2023_01,MAR_2023_01_004627,40.11029,26.48517,1.0,1.0,0.4020932,10.599722,357.36447,0.557017,0.25525227,0.06848426,0.18676801,orta-dusuk,Agaclik,low_severity,,0.0,DUSUK
MAR_2023_01,MAR_2023_01_004628,40.1103,26.4881,0.63917387,0.7526362,0.2465837,10.456538,318.93686,0.4902875,0.27330112,0.13142155,0.14187957,dusuk,Agaclik,low_severity,,0.0,DUSUK
MAR_2023_01,MAR_2023_01_004629,40.11031,26.49104,0.48424202,0.6908935,0.25807816,7.4342475,303.38535,0.25163594,0.23557585,0.095119625,0.14045623,dusuk,Agaclik,low_severity,,0.0,DUSUK
MAR_2023_01,MAR_2023_01_004630,40.11032,26.49397,0.8158115,0.87469983,0.37798288,8.610184,290.09995,0.10611059,0.27730244,0.07028124,0.2070212,orta-dusuk,Agaclik,predicted,0.2354,0.4426,ORTA
MAR_2023_01,MAR_2023_01_004631,40.11034,26.4969,0.73310775,0.77586526,0.32222527,8.645871,284.29507,0.29016936,0.27132642,0.086930335,0.18439609,orta-dusuk,Agaclik,low_severity,,0.0,DUSUK
MAR_2023_01,MAR_2023_01_004634,40.11038,26.5057,1.0,1.0,0.49477008,5.2059145,261.68152,0.2843011,0.3427174,0.0620726,0.2806448,orta-yuksek,Agaclik,predicted,0.2901,0.4853,ORTA
MAR_2023_01,MAR_2023_01_004635,40.11039,26.50864,0.87852633,1.0,0.52506393,10.869424,237.35567,0.3075349,0.37530014,0.0615008,0.31379935,orta-yuksek,Agaclik,predicted,0.3195,0.6318,YUKSEK
MAR_2023_01,MAR_2023_01_004636,40.1104,26.51157,0.5257243,1.0,0.5136389,15.760373,196.0815,0.4830407,0.38573667,0.057125524,0.32861114,orta-yuksek,Agaclik,predicted,0.3269,0.7066,YUKSEK
MAR_2023_01,MAR_2023_01_004637,40.11041,26.5145,0.7201003,1.0,0.42518288,15.270434,124.36949,0.4758929,0.33696145,0.06506345,0.271898,orta-dusuk,Agaclik,predicted,0.2971,0.6383,YUKSEK
MAR_2023_01,MAR_2023_01_004638,40.11042,26.51744,0.98495144,0.8226492,0.10274893,8.236586,82.526764,0.5085075,0.3358608,0.2380731,0.09778769,dusuk,Agaclik,low_severity,,0.0,DUSUK
MAR_2023_01,MAR_2023_01_004700,40.10787,26.44999,0.8903934,0.7806488,0.12791745,17.569391,304.2621,0.12662843,0.29942513,0.22175604,0.077669084,dusuk,Agaclik,low_severity,,0.0,DUSUK
MAR_2023_01,MAR_2023_01_004701,40.10789,26.45292,0.8655919,0.7045971,0.19668022,14.265234,295.3314,0.35510033,0.2432087,0.1382503,0.1049584,dusuk,Agaclik,low_severity,,0.0,DUSUK
MAR_2023_01,MAR_2023_01_004702,40.1079,26.45585,1.0,1.0,0.3498891,15.753731,298.7026,0.393072,0.2712443,0.09017631,0.18106797,orta-dusuk,Agaclik,low_severity,,0.0,DUSUK
MAR_2023_01,MAR_2023_01_004703,40.10791,26.45879,0.87880564,1.0,0.3680409,14.386846,318.56,0.1690916,0.3040039,0.09230925,0.21169464,orta-dusuk,Agaclik,predicted,0.2668,0.5913,YUKSEK
MAR_2023_01,MAR_2023_01_004704,40.10793,26.46172,1.0,1.0,0.38211173,16.053282,339.73383,0.13225894,0.39380628,0.12345594,0.27035034,orta-dusuk,Agaclik,predicted,0.3252,0.741,YUKSEK
MAR_2023_01,MAR_2023_01_004705,40.10794,26.46465,0.93946564,0.9751212,0.34751487,14.138498,355.06458,0.23898555,0.32207334,0.10346124,0.2186121,orta-dusuk,Agaclik,predicted,0.2779,0.6036,YUKSEK
MAR_2023_01,MAR_2023_01_004706,40.10795,26.46759,0.6882097,0.6346461,0.26898876,11.735653,328.32834,0.22608934,0.24626282,0.11421397,0.13204885,dusuk,Agaclik,low_severity,,0.0,DUSUK
MAR_2023_01,MAR_2023_01_004707,40.10797,26.47052,0.5148126,0.27824166,0.28444308,9.357964,310.3654,0.22461073,0.29277223,0.12816861,0.16460362,orta-dusuk,Tarim,low_severity,,0.0,DUSUK
MAR_2023_01,MAR_2023_01_004708,40.10798,26.47345,0.516164,0.45849624,0.2846892,9.018952,317.52893,0.33652815,0.3484519,0.1406825,0.20776941,orta-dusuk,Tarim,predicted,0.2084,0.3716,ORTA
MAR_2023_01,MAR_2023_01_004709,40.10799,26.47639,0.62687033,0.7741277,0.33170003,12.083177,343.43576,0.3485575,0.3190704,0.11105056,0.20801984,orta-dusuk,Agaclik,predicted,0.2372,0.4774,ORTA
MAR_2023_01,MAR_2023_01_004710,40.10801,26.47932,0.72829616,0.9851542,0.38587648,14.862311,378.89603,0.5047113,0.3392428,0.10555523,0.23368755,orta-dusuk,Agaclik,predicted,0.2786,0.5911,YUKSEK
MAR_2023_01,MAR_2023_01_004711,40.10802,26.48225,0.9315191,1.0,0.46481544,12.680172,404.5826,0.6819526,0.35368246,0.08758257,0.26609987,orta-yuksek,Agaclik,predicted,0.3011,0.5866,YUKSEK
MAR_2023_01,MAR_2023_01_004712,40.10803,26.48519,0.9043925,0.91446257,0.37368566,14.57337,388.14572,0.76422167,0.28509164,0.08586869,0.19922295,orta-dusuk,Agaclik,low_severity,,0.0,DUSUK
MAR_2023_01,MAR_2023_01_004713,40.10805,26.48812,0.8188871,0.73397577,0.369498,15.339322,326.06104,0.5957349,0.27818364,0.07496646,0.20321718,orta-dusuk,Agaclik,predicted,0.2396,0.5096,YUKSEK
MAR_2023_01,MAR_2023_01_004714,40.10806,26.49105,0.9965059,1.0,0.43456566,11.852187,270.89392,0.42170948,0.32256162,0.06659135,0.25597027,orta-dusuk,Agaclik,predicted,0.2929,0.5816,YUKSEK
MAR_2023_01,MAR_2023_01_004715,40.10807,26.49399,0.9572614,1.0,0.44182295,8.274843,256.3678,0.35465148,0.31547996,0.06445749,0.25102246,orta-yuksek,Agaclik,predicted,0.2774,0.5003,YUKSEK
MAR_2023_01,MAR_2023_01_004716,40.10809,26.49692,0.42143467,0.46852142,0.2896071,5.932529,249.28384,0.44577628,0.21451905,0.08268361,0.13183545,orta-dusuk,Agaclik,low_severity,,0.0,DUSUK
MAR_2023_01,MAR_2023_01_004717,40.1081,26.49985,0.53775203,0.6647146,0.27943492,6.8314133,259.35718,0.5977423,0.23045692,0.09121376,0.13924316,orta-dusuk,Otlak/calilik,low_severity,,0.0,DUSUK
MAR_2023_01,MAR_2023_01_004718,40.10811,26.50279,0.69176745,0.73736584,0.31917068,5.712897,267.5893,0.34791735,0.22934614,0.07730834,0.1520378,orta-dusuk,Agaclik,low_severity,,0.0,DUSUK
MAR_2023_01,MAR_2023_01_004719,40.10812,26.50572,0.8111098,0.7603687,0.3277649,6.524974,252.69337,0.098980136,0.23004001,0.07745403,0.15258598,orta-dusuk,Agaclik,low_severity,,0.0,DUSUK
MAR_2023_01,MAR_2023_01_004720,40.10814,26.50865,0.933823,0.51322234,0.3901455,6.727468,230.55429,0.15345246,0.28152496,0.06095591,0.22056904,orta-dusuk,Agaclik,predicted,0.2176,0.3722,ORTA
MAR_2023_01,MAR_2023_01_004721,40.10815,26.51159,0.55445355,0.47214702,0.40306517,9.325486,212.97137,0.40286258,0.3278883,0.07049357,0.25739473,orta-dusuk,Agaclik,predicted,0.232,0.4186,ORTA
MAR_2023_01,MAR_2023_01_004722,40.10816,26.51452,0.8725615,0.75566345,0.51170135,16.144281,158.09401,0.44450158,0.43220308,0.081674255,0.35052884,orta-yuksek,Agaclik,predicted,0.3434,0.7502,COK_YUKSEK
MAR_2023_01,MAR_2023_01_004723,40.10817,26.51745,0.8022925,0.39090475,0.15820351,17.566133,130.298,0.46225533,0.37803793,0.2521509,0.12588704,dusuk,Otlak/calilik,low_severity,,0.0,DUSUK
MAR_2023_01,MAR_2023_01_004783,40.10559,26.44414,0.0,0.008388426,0.29686522,3.1918774,354.14932,0.08817931,0.36229515,0.17783329,0.18446186,orta-dusuk,Tarim,low_severity,,0.0,DUSUK
MAR_2023_01,MAR_2023_01_004784,40.10561,26.44707,0.06059952,0.024535442,0.37291062,4.113098,361.9506,0.33566254,0.34107482,0.09826596,0.24280886,orta-dusuk,Tarim,predicted,0.1627,0.2011,DUSUK
MAR_2023_01,MAR_2023_01_004785,40.10562,26.45001,0.38126567,0.39767334,0.3519344,7.167571,362.34937,0.34688187,0.31717238,0.09286705,0.22430533,orta-dusuk,Agaclik,predicted,0.1991,0.3226,ORTA
MAR_2023_01,MAR_2023_01_004786,40.10563,26.45294,0.6788018,0.6616791,0.27627027,11.87163,364.08984,0.41820654,0.29464868,0.1352181,0.15943058,orta-dusuk,Agaclik,low_severity,,0.0,DUSUK
MAR_2023_01,MAR_2023_01_004787,40.10565,26.45587,0.94254494,1.0,0.34319666,14.645899,369.24185,0.3488789,0.27438968,0.08410177,0.19028792,orta-dusuk,Agaclik,low_severity,,0.0,DUSUK
MAR_2023_01,MAR_2023_01_004788,40.10566,26.45881,0.89335096,1.0,0.35580343,14.459443,381.94965,0.11102192,0.2897005,0.07959599,0.21010453,orta-dusuk,Agaclik,predicted,0.2706,0.6058,YUKSEK
MAR_2023_01,MAR_2023_01_004789,40.10567,26.46174,0.6252111,0.77638704,0.286188,13.301821,406.17804,0.1671384,0.3043596,0.13445018,0.16990943,orta-dusuk,Agaclik,low_severity,,0.0,DUSUK
MAR_2023_01,MAR_2023_01_004790,40.10569,26.46467,0.6770993,0.56090385,0.25296697,12.4256,418.89624,0.14731929,0.3002226,0.13233782,0.16788478,dusuk,Agaclik,low_severity,,0.0,DUSUK
MAR_2023_01,MAR_2023_01_004791,40.1057,26.46761,0.9174916,0.9981896,0.37010127,17.98657,386.5446,0.12532066,0.38383192,0.12375266,0.26007926,orta-dusuk,Agaclik,predicted,0.3202,0.7615,COK_YUKSEK
MAR_2023_01,MAR_2023_01_004792,40.10572,26.47054,1.0,0.983768,0.38060072,16.972942,363.27304,0.36501274,0.38979298,0.1233534,0.2664396,orta-dusuk,Agaclik,predicted,0.324,0.7307,YUKSEK
MAR_2023_01,MAR_2023_01_004793,40.10573,26.47347,0.7678607,0.67637265,0.38757145,13.643238,353.47406,0.1283566,0.31243876,0.1001271,0.21231166,orta-dusuk,Agaclik,predicted,0.2348,0.5177,YUKSEK
MAR_2023_01,MAR_2023_01_004794,40.10574,26.47641,0.5962896,0.63159806,0.33845237,12.717474,371.948,0.15721497,0.2757802,0.090171725,0.18560848,orta-dusuk,Agaclik,low_severity,,0.0,DUSUK
MAR_2023_01,MAR_2023_01_004795,40.10576,26.47934,0.29596016,0.33166707,0.2658637,9.213921,413.84634,0.39743888,0.2812249,0.10677029,0.17445461,dusuk,Tarim,low_severity,,0.0,DUSUK
MAR_2023_01,MAR_2023_01_004796,40.10577,26.48227,0.92331016,1.0,0.42209062,16.16103,403.27945,0.6451347,0.3161961,0.06460434,0.25159177,orta-dusuk,Agaclik,predicted,0.3023,0.6468,YUKSEK
MAR_2023_01,MAR_2023_01_004797,40.10578,26.4852,0.6567856,0.51899534,0.27271956,14.193454,343.04913,0.894114,0.25333846,0.09470685,0.15863161,orta-dusuk,Agaclik,low_severity,,0.0,DUSUK
MAR_2023_01,MAR_2023_01_004798,40.10579,26.48814,0.2675892,0.0030768793,0.25517565,10.27496,313.58328,0.7709853,0.20259932,0.08579208,0.11680724,dusuk,Tarim,low_severity,,0.0,DUSUK
MAR_2023_01,MAR_2023_01_004799,40.10581,26.49107,0.91992915,0.9432791,0.44523603,13.649372,264.10928,0.6460318,0.34265655,0.06182833,0.28082824,orta-yuksek,Agaclik,predicted,0.3088,0.621,YUKSEK
MAR_2023_01,MAR_2023_01_004800,40.10582,26.494,1.0,1.0,0.45744392,9.940736,224.6043,0.6043971,0.35201943,0.065109715,0.2869097,orta-yuksek,Agaclik,predicted,0.3105,0.5707,YUKSEK
MAR_2023_01,MAR_2023_01_004801,40.10583,26.49694,1.0,0.99236757,0.40130204,9.694283,222.7145,0.66199297,0.30245546,0.0742178,0.22823766,orta-dusuk,Agaclik,predicted,0.2677,0.4733,ORTA
MAR_2023_01,MAR_2023_01_004802,40.10585,26.49987,0.7067234,0.750519,0.37461656,7.1994843,235.01216,0.6413001,0.2625129,0.07361892,0.18889397,orta-dusuk,Agaclik,low_severity,,0.0,DUSUK
MAR_2023_01,MAR_2023_01_004803,40.10586,26.5028,1.0,0.93522644,0.4603647,8.65383,240.41057,0.41834965,0.3125413,0.07006505,0.24247625,orta-yuksek,Agaclik,predicted,0.2645,0.4736,ORTA
MAR_2023_01,MAR_2023_01_004804,40.10587,26.50574,0.8808898,0.49584234,0.4207758,9.149252,228.24304,0.2525213,0.30879104,0.07008591,0.23870513,orta-dusuk,Otlak/calilik,predicted,0.2299,0.4258,ORTA
MAR_2023_01,MAR_2023_01_004805,40.10588,26.50867,0.7477964,0.25126824,0.36619604,9.994372,205.13385,0.27841982,0.30676535,0.07889838,0.22786698,orta-dusuk,Otlak/calilik,predicted,0.2059,0.3871,ORTA
MAR_2023_01,MAR_2023_01_004806,40.1059,26.5116,0.3707815,0.1701149,0.2294865,12.230038,190.08205,0.38939744,0.2741878,0.12046717,0.15372063,dusuk,Otlak/calilik,low_severity,,0.0,DUSUK
MAR_2023_01,MAR_2023_01_004807,40.10591,26.51454,0.18027243,0.012730797,0.22915663,8.279793,182.32622,0.20670925,0.28033546,0.12822379,0.15211166,dusuk,Otlak/calilik,low_severity,,0.0,DUSUK
MAR_2023_01,MAR_2023_01_004866,40.10331,26.43829,0.9575196,0.9942311,0.13515972,11.967582,290.05615,0.29720834,0.30640095,0.2232262,0.08317475,dusuk,Agaclik,low_severity,,0.0,DUSUK
MAR_2023_01,MAR_2023_01_004867,40.10333,26.44123,0.95861214,0.99248374,0.20269828,7.612286,318.37482,0.24263044,0.32677972,0.18326902,0.1435107,dusuk,Agaclik,low_severity,,0.0,DUSUK
MAR_2023_01,MAR_2023_01_004868,40.10334,26.44416,0.08508837,0.11723252,0.40898496,6.5875907,339.16522,0.28703,0.33311832,0.09115745,0.24196087,orta-dusuk,Tarim,predicted,0.1685,0.2562,ORTA
MAR_2023_01,MAR_2023_01_004869,40.10335,26.44709,0.03483395,0.0,0.37472692,10.948339,333.6873,0.41115442,0.3115937,0.08195863,0.22963509,orta-dusuk,Tarim,predicted,0.1616,0.2982,ORTA
MAR_2023_01,MAR_2023_01_004870,40.10337,26.45002,0.0,0.0,0.40725416,10.182794,346.62183,0.20098902,0.32906687,0.08946414,0.23960273,orta-dusuk,Tarim,predicted,0.162,0.307,ORTA
MAR_2023_01,MAR_2023_01_004871,40.10338,26.45296,0.5310782,0.0004231049,0.4637118,7.6402974,368.95346,0.19169046,0.350618,0.08743698,0.26318103,orta-yuksek,Tarim,predicted,0.1935,0.3332,ORTA
MAR_2023_01,MAR_2023_01_004872,40.10339,26.45589,0.93362576,0.007582952,0.43443838,5.983437,390.33817,0.39761022,0.33299214,0.08555436,0.24743778,orta-dusuk,Tarim,predicted,0.2012,0.3036,ORTA
MAR_2023_01,MAR_2023_01_004873,40.10341,26.45882,0.54625404,0.007582952,0.37353885,4.779743,405.6225,0.32332143,0.30425885,0.08887462,0.21538423,orta-dusuk,Otlak/calilik,predicted,0.1632,0.2137,DUSUK
MAR_2023_01,MAR_2023_01_004874,40.10342,26.46176,0.78788775,0.5773147,0.2027021,6.137311,426.6039,0.346621,0.24690606,0.12319974,0.12370632,dusuk,Agaclik,low_severity,,0.0,DUSUK
MAR_2023_01,MAR_2023_01_004876,40.10345,26.46762,0.51910573,0.76787233,0.24127665,3.780373,433.5613,0.32449058,0.25693515,0.10338045,0.15355471,dusuk,Agaclik,low_severity,,0.0,DUSUK
MAR_2023_01,MAR_2023_01_004877,40.10346,26.47056,0.81819767,1.0,0.36336714,6.1671166,428.2255,0.401819,0.29811263,0.083510034,0.21460259,orta-dusuk,Agaclik,predicted,0.2541,0.415,ORTA
MAR_2023_01,MAR_2023_01_004878,40.10348,26.47349,0.9493158,0.90489495,0.34776503,8.764066,419.39136,0.21142289,0.31298923,0.100851126,0.21213812,orta-dusuk,Agaclik,predicted,0.2585,0.4826,ORTA
MAR_2023_01,MAR_2023_01_004879,40.10349,26.47642,0.7064427,0.4604479,0.2867099,5.855955,405.8734,0.2300886,0.26513666,0.103313,0.16182366,orta-dusuk,Agaclik,low_severity,,0.0,DUSUK
MAR_2023_01,MAR_2023_01_004880,40.1035,26.47936,0.6415943,0.5252379,0.27282715,11.021009,400.02542,0.37069085,0.23955455,0.094887115,0.14466745,orta-dusuk,Agaclik,low_severity,,0.0,DUSUK
MAR_2023_01,MAR_2023_01_004881,40.10352,26.48229,0.37598133,0.5883057,0.33519098,16.99018,346.69647,0.54885167,0.25291628,0.08290513,0.17001115,orta-dusuk,Agaclik,low_severity,,0.0,DUSUK
MAR_2023_01,MAR_2023_01_004884,40.10355,26.49109,0.8494439,0.9420796,0.34051943,9.217888,257.24182,0.8842372,0.29276425,0.07930343,0.21346082,orta-dusuk,Agaclik,predicted,0.2544,0.4174,ORTA
MAR_2023_01,MAR_2023_01_004885,40.10357,26.49402,1.0,1.0,0.43758795,10.368105,213.49911,0.8542916,0.3603859,0.07480909,0.28557682,orta-dusuk,Agaclik,predicted,0.3133,0.5594,YUKSEK
MAR_2023_01,MAR_2023_01_004886,40.10358,26.49695,1.0,1.0,0.35823336,8.112753,186.874,0.8959648,0.36573982,0.09493373,0.27080607,orta-dusuk,Agaclik,predicted,0.3074,0.5081,YUKSEK
MAR_2023_01,MAR_2023_01_004887,40.10359,26.49989,1.0,1.0,0.3783692,10.704046,197.31348,0.76826805,0.34875244,0.08369336,0.26505908,orta-dusuk,Agaclik,predicted,0.305,0.5557,YUKSEK
MAR_2023_01,MAR_2023_01_004888,40.10361,26.50282,1.0,1.0,0.351784,14.32278,186.81929,0.59496754,0.32968417,0.085699245,0.24398492,orta-dusuk,Agaclik,predicted,0.2982,0.6145,YUKSEK
MAR_2023_01,MAR_2023_01_004889,40.10362,26.50575,1.0,0.99618083,0.38523462,16.873182,167.88557,0.4926834,0.34536168,0.07946706,0.26589462,orta-dusuk,Agaclik,predicted,0.3161,0.7008,YUKSEK
MAR_2023_01,MAR_2023_01_004890,40.10363,26.50869,0.87880075,0.9249552,0.36567402,15.898331,152.34547,0.4933222,0.33327678,0.07569179,0.257585,orta-dusuk,Agaclik,predicted,0.2984,0.6491,YUKSEK
MAR_2023_01,MAR_2023_01_004891,40.10364,26.51162,1.0,0.23907858,0.28073445,12.698632,128.00824,0.25917992,0.3266049,0.120620176,0.20598473,orta-dusuk,Otlak/calilik,predicted,0.2141,0.448,ORTA
MAR_2023_01,MAR_2023_01_004949,40.10103,26.43244,0.15976234,0.12161571,0.1076494,6.53738,198.66702,0.66058606,0.21378565,0.13776845,0.0760172,dusuk,Tarim,low_severity,,0.0,DUSUK
MAR_2023_01,MAR_2023_01_004950,40.10104,26.43538,0.43628228,0.18678491,0.14518754,9.779845,218.26794,0.6060403,0.30718935,0.17870203,0.12848732,dusuk,Tarim,low_severity,,0.0,DUSUK
MAR_2023_01,MAR_2023_01_004951,40.10106,26.43831,0.947088,0.9306586,0.25948164,12.184181,261.75253,0.51726496,0.32669657,0.14747791,0.17921866,dusuk,Agaclik,low_severity,,0.0,DUSUK
MAR_2023_01,MAR_2023_01_004952,40.10107,26.44124,1.0,1.0,0.32391724,9.761273,302.86456,0.4879547,0.34124655,0.109666586,0.23157996,orta-dusuk,Agaclik,predicted,0.2865,0.5295,YUKSEK
MAR_2023_01,MAR_2023_01_004953,40.10109,26.44418,0.8248527,0.7309568,0.35002407,12.242342,304.29828,0.53103375,0.28748965,0.084127575,0.20336208,orta-dusuk,Agaclik,predicted,0.2353,0.4587,ORTA
MAR_2023_01,MAR_2023_01_004956,40.10113,26.45298,0.3841903,0.014370642,0.38434148,13.179997,329.9463,0.1536026,0.27648863,0.08349971,0.19298893,orta-dusuk,Tarim,low_severity,,0.0,DUSUK
MAR_2023_01,MAR_2023_01_004957,40.10114,26.45591,0.38288707,0.054103278,0.47497222,11.744331,360.59018,0.18841659,0.35504228,0.079817176,0.2752251,orta-yuksek,Tarim,predicted,0.2076,0.4264,ORTA
MAR_2023_01,MAR_2023_01_004958,40.10116,26.45884,0.16013533,0.0,0.5112284,8.332405,383.68604,0.31188843,0.37822562,0.081037804,0.2971878,orta-yuksek,Otlak/calilik,predicted,0.2003,0.3465,ORTA
MAR_2023_01,MAR_2023_01_004959,40.10117,26.46177,0.61005425,0.51999295,0.21464714,6.7940235,413.09967,0.53296155,0.20327362,0.07561304,0.12766059,dusuk,Agaclik,low_severity,,0.0,DUSUK
MAR_2023_01,MAR_2023_01_004960,40.10118,26.46471,0.8720628,0.7173125,0.16858372,3.4285922,428.84555,0.5708596,0.23090667,0.12576519,0.105141476,dusuk,Agaclik,low_severity,,0.0,DUSUK
MAR_2023_01,MAR_2023_01_004961,40.1012,26.46764,0.60291183,0.48724732,0.22008555,4.1572895,424.815,0.56558204,0.2573775,0.11901047,0.13836703,dusuk,Agaclik,low_severity,,0.0,DUSUK
MAR_2023_01,MAR_2023_01_004962,40.10121,26.47057,0.7962559,0.9355987,0.3228621,5.379627,420.04935,0.5506687,0.29257077,0.083247125,0.20932364,orta-dusuk,Agaclik,predicted,0.2484,0.3769,ORTA
MAR_2023_01,MAR_2023_01_004963,40.10122,26.47351,0.38191712,0.18387103,0.2573715,4.7366734,414.67865,0.30341804,0.22542879,0.093154535,0.13227426,dusuk,Tarim,low_severity,,0.0,DUSUK
MAR_2023_01,MAR_2023_01_004964,40.10124,26.47644,0.67634845,0.71952987,0.2812211,11.281241,387.2365,0.07673977,0.26273018,0.09782241,0.16490777,orta-dusuk,Agaclik,low_severity,,0.0,DUSUK
MAR_2023_01,MAR_2023_01_004965,40.10125,26.47937,0.30677256,0.5040012,0.28884268,15.748799,349.4272,0.21146034,0.24687728,0.08960626,0.15727103,orta-dusuk,Tarim,low_severity,,0.0,DUSUK
MAR_2023_01,MAR_2023_01_004969,40.1013,26.4911,0.589367,0.63145936,0.2698164,5.973877,238.38177,1.1275609,0.23143756,0.09591985,0.13551772,dusuk,Tarim,low_severity,,0.0,DUSUK
MAR_2023_01,MAR_2023_01_004970,40.10132,26.49404,0.92694354,0.9975983,0.29748473,8.513654,217.88617,1.1042339,0.3399688,0.095773324,0.24419548,orta-dusuk,Agaclik,predicted,0.2928,0.4646,ORTA
MAR_2023_01,MAR_2023_01_004971,40.10133,26.49697,0.99634653,1.0,0.2889853,10.351477,174.81935,1.120471,0.3456396,0.109582625,0.23605695,orta-dusuk,Agaclik,predicted,0.2928,0.4916,ORTA
MAR_2023_01,MAR_2023_01_004972,40.10134,26.4999,1.0,1.0,0.31043953,9.648214,157.15256,0.94562453,0.32807848,0.09734023,0.23073825,orta-dusuk,Agaclik,predicted,0.2825,0.4761,ORTA
MAR_2023_01,MAR_2023_01_004973,40.10135,26.50284,0.87879646,1.0,0.18176554,10.248849,134.61119,0.81114507,0.28702953,0.12972191,0.15730762,dusuk,Agaclik,low_severity,,0.0,DUSUK
MAR_2023_01,MAR_2023_01_004974,40.10137,26.50577,0.9288283,0.9951966,0.20192088,7.67931,117.20486,0.73815286,0.33938572,0.15314007,0.18624565,dusuk,Agaclik,low_severity,,0.0,DUSUK
MAR_2023_01,MAR_2023_01_004975,40.10138,26.5087,0.7818423,0.91618305,0.120320536,8.938454,100.696655,0.49363658,0.32460034,0.20768395,0.11691639,dusuk,Agaclik,low_severity,,0.0,DUSUK
MAR_2023_01,MAR_2023_01_005034,40.09878,26.43246,0.2881752,0.47673693,0.29470915,7.46367,174.21281,0.7402912,0.28178272,0.10790564,0.17387708,orta-dusuk,Tarim,low_severity,,0.0,DUSUK
MAR_2023_01,MAR_2023_01_005035,40.09879,26.4354,0.32891306,0.20054244,0.21137726,7.925325,200.26575,0.8522069,0.26491112,0.12613674,0.13877438,dusuk,Tarim,low_severity,,0.0,DUSUK
MAR_2023_01,MAR_2023_01_005036,40.09881,26.43833,0.97879106,0.9898538,0.25626573,10.17191,239.51009,0.75617015,0.30012482,0.13533002,0.1647948,dusuk,Agaclik,low_severity,,0.0,DUSUK
MAR_2023_01,MAR_2023_01_005037,40.09882,26.44126,0.68913263,0.669751,0.30782378,13.368833,252.47614,0.73643064,0.24293417,0.07989688,0.16303729,orta-dusuk,Tarim,low_severity,,0.0,DUSUK
MAR_2023_01,MAR_2023_01_005038,40.09883,26.4442,0.5489455,0.41622868,0.27819556,11.063141,247.2299,0.59376675,0.27338842,0.097209856,0.17617856,orta-dusuk,Tarim,low_severity,,0.0,DUSUK
MAR_2023_01,MAR_2023_01_005043,40.0989,26.45886,0.436104,0.28224146,0.44814897,13.2796955,350.81488,0.25606427,0.3343954,0.07839446,0.25600094,orta-yuksek,Otlak/calilik,predicted,0.2176,0.4645,ORTA
MAR_2023_01,MAR_2023_01_005044,40.09892,26.46179,0.19010325,0.12598762,0.37184215,11.561035,392.28622,0.50233704,0.28929633,0.07107894,0.21821739,orta-dusuk,Otlak/calilik,predicted,0.1724,0.3213,ORTA
MAR_2023_01,MAR_2023_01_005045,40.09893,26.46473,0.8729307,0.96084744,0.35527545,9.085811,402.8131,0.75107664,0.27504152,0.06657992,0.2084616,orta-dusuk,Agaclik,predicted,0.2554,0.43,ORTA
MAR_2023_01,MAR_2023_01_005046,40.09894,26.46766,0.80734617,0.9387312,0.38473082,6.9404445,401.4239,0.6905633,0.31063753,0.079404175,0.23123336,orta-dusuk,Agaclik,predicted,0.261,0.4138,ORTA
MAR_2023_01,MAR_2023_01_005047,40.09896,26.47059,0.31528196,0.44176373,0.24358343,4.2424307,395.38403,0.47501934,0.24025199,0.09763636,0.14261563,dusuk,Tarim,low_severity,,0.0,DUSUK
MAR_2023_01,MAR_2023_01_005048,40.09897,26.47352,0.31096742,0.0,0.27739224,5.498615,394.373,0.315292,0.28996983,0.0970369,0.19293293,orta-dusuk,Tarim,low_severity,,0.0,DUSUK
MAR_2023_01,MAR_2023_01_005049,40.09898,26.47646,0.22444087,0.0,0.19279349,12.027319,367.83896,0.19542968,0.25873834,0.13080841,0.12792993,dusuk,Yerlesim,low_severity,,0.0,DUSUK
MAR_2023_01,MAR_2023_01_005050,40.099,26.47939,0.0,0.0,0.21990216,10.047203,314.07407,0.2775234,0.23729125,0.11217466,0.12511659,dusuk,Tarim,low_severity,,0.0,DUSUK
MAR_2023_01,MAR_2023_01_005051,40.09901,26.48232,0.16103858,0.15632847,0.2665461,6.852722,283.44763,0.49076036,0.2022355,0.09228897,0.109946534,dusuk,Tarim,low_severity,,0.0,DUSUK
MAR_2023_01,MAR_2023_01_005052,40.09902,26.48526,0.5330225,0.28601655,0.28457528,7.4000835,258.47443,0.7277858,0.22675067,0.092368476,0.13438219,orta-dusuk,Agaclik,low_severity,,0.0,DUSUK
MAR_2023_01,MAR_2023_01_005053,40.09904,26.48819,0.6104154,0.48656493,0.25641358,5.086602,239.54059,0.97133857,0.2537066,0.1141055,0.13960111,dusuk,Agaclik,low_severity,,0.0,DUSUK
MAR_2023_01,MAR_2023_01_005054,40.09905,26.49112,0.7655471,0.7919193,0.26580703,4.6529155,226.24805,1.2175077,0.2561131,0.09783378,0.15827933,dusuk,Agaclik,low_severity,,0.0,DUSUK
MAR_2023_01,MAR_2023_01_005055,40.09906,26.49405,0.80831397,0.7748554,0.23246795,5.2477803,209.1359,1.3541974,0.2485331,0.11005547,0.13847762,dusuk,Agaclik,low_severity,,0.0,DUSUK
MAR_2023_01,MAR_2023_01_005056,40.09908,26.49699,0.9626436,0.98247117,0.25654477,5.9309425,196.02397,1.2738831,0.3002534,0.10551711,0.19473627,dusuk,Agaclik,low_severity,,0.0,DUSUK
MAR_2023_01,MAR_2023_01_005057,40.09909,26.49992,1.0,1.0,0.3100332,7.870474,183.06119,1.0608652,0.33393216,0.1092201,0.22471206,orta-dusuk,Agaclik,predicted,0.2747,0.4214,ORTA
MAR_2023_01,MAR_2023_01_005058,40.0991,26.50285,0.96905625,0.99546015,0.19251761,9.82768,158.13107,0.8678085,0.33675197,0.18450426,0.15224771,dusuk,Agaclik,low_severity,,0.0,DUSUK
MAR_2023_01,MAR_2023_01_005063,40.09916,26.51752,0.6566348,0.5619724,0.10053091,9.415161,68.07335,0.025373992,0.37667137,0.27333313,0.10333824,dusuk,Agaclik,low_severity,,0.0,DUSUK
MAR_2023_01,MAR_2023_01_005120,40.09654,26.43542,0.30334902,0.20314862,0.21125941,8.287336,186.40295,1.073355,0.20234036,0.089627266,0.1127131,dusuk,Tarim,low_severity,,0.0,DUSUK
MAR_2023_01,MAR_2023_01_005121,40.09655,26.43835,0.49866214,0.25062206,0.28075227,9.577195,203.7794,0.8826547,0.24293065,0.08007619,0.16285446,orta-dusuk,Tarim,low_severity,,0.0,DUSUK
MAR_2023_01,MAR_2023_01_005122,40.09657,26.44128,0.51432604,0.25173572,0.2571877,9.359911,205.51015,0.6443399,0.20801672,0.087006524,0.1210102,dusuk,Tarim,low_severity,,0.0,DUSUK
MAR_2023_01,MAR_2023_01_005123,40.09658,26.44421,0.38816983,0.013356045,0.24297205,6.826462,213.43806,0.41984347,0.29587734,0.109424904,0.18645243,dusuk,Tarim,low_severity,,0.0,DUSUK
MAR_2023_01,MAR_2023_01_005124,40.0966,26.44715,0.1839636,0.13006477,0.20897894,7.5566783,222.50423,0.24972604,0.2996785,0.13291486,0.16676365,dusuk,Tarim,low_severity,,0.0,DUSUK
MAR_2023_01,MAR_2023_01_005125,40.09661,26.45008,0.5870542,0.2351463,0.26545304,9.7413225,251.68724,0.27103075,0.2329948,0.09547967,0.13751513,dusuk,Tarim,low_severity,,0.0,DUSUK
MAR_2023_01,MAR_2023_01_005127,40.09664,26.45594,0.27202928,0.15571985,0.18644416,7.209497,297.08624,0.3115924,0.21943128,0.12878513,0.09064615,dusuk,Tarim,low_severity,,0.0,DUSUK
MAR_2023_01,MAR_2023_01_005128,40.09665,26.45888,0.4735929,0.5418669,0.33194688,8.085064,319.29074,0.39857674,0.24390872,0.085209444,0.15869927,orta-dusuk,Tarim,low_severity,,0.0,DUSUK
MAR_2023_01,MAR_2023_01_005129,40.09667,26.46181,0.6350509,0.25795692,0.3264055,13.633447,336.14172,0.58790904,0.25609842,0.086720474,0.16937795,orta-dusuk,Tarim,low_severity,,0.0,DUSUK
MAR_2023_01,MAR_2023_01_005130,40.09668,26.46474,0.96455085,0.9796648,0.42436352,13.665582,355.48608,0.8108086,0.32199878,0.07504416,0.24695462,orta-dusuk,Agaclik,predicted,0.2914,0.5698,YUKSEK
MAR_2023_01,MAR_2023_01_005131,40.09669,26.46768,0.68748945,0.7309244,0.31437415,11.212301,368.07928,0.6286411,0.288707,0.0935072,0.19519979,orta-dusuk,Agaclik,low_severity,,0.0,DUSUK
MAR_2023_01,MAR_2023_01_005132,40.09671,26.47061,0.8162919,0.6959186,0.2953483,4.1784606,383.33456,0.37941444,0.32010692,0.11448766,0.20561926,orta-dusuk,Agaclik,predicted,0.2286,0.3337,ORTA
MAR_2023_01,MAR_2023_01_005133,40.09672,26.47354,0.12121322,0.0,0.19664617,5.342534,376.46533,0.1331202,0.29324886,0.13742387,0.15582499,dusuk,Tarim,low_severity,,0.0,DUSUK
MAR_2023_01,MAR_2023_01_005134,40.09673,26.47647,0.0,0.0,0.12075819,8.587827,356.6251,0.043559555,0.21681336,0.14453675,0.07227661,dusuk,Yerlesim,low_severity,,0.0,DUSUK
MAR_2023_01,MAR_2023_01_005135,40.09675,26.47941,0.18181929,0.0,0.18578789,9.283625,314.60965,0.21548039,0.24936454,0.13472486,0.114639685,dusuk,Tarim,low_severity,,0.0,DUSUK
MAR_2023_01,MAR_2023_01_005136,40.09676,26.48234,0.37144887,0.54583037,0.19080125,8.891153,280.4693,0.4647216,0.22277781,0.1074516,0.11532621,dusuk,Tarim,low_severity,,0.0,DUSUK
MAR_2023_01,MAR_2023_01_005137,40.09677,26.48527,0.82027674,1.0,0.2777851,8.007153,247.22618,0.7144932,0.26476532,0.093979225,0.1707861,orta-dusuk,Agaclik,low_severity,,0.0,DUSUK
MAR_2023_01,MAR_2023_01_005138,40.09679,26.48821,0.86353636,0.8997729,0.18958712,7.157885,220.61829,0.9643832,0.27772778,0.1485791,0.12914868,dusuk,Agaclik,low_severity,,0.0,DUSUK
MAR_2023_01,MAR_2023_01_005139,40.0968,26.49114,0.9628025,0.98676926,0.25309378,7.4900756,210.55945,1.2143184,0.3404877,0.12662178,0.2138659,dusuk,Agaclik,low_severity,,0.0,DUSUK
MAR_2023_01,MAR_2023_01_005140,40.09681,26.49407,0.7607183,0.94749564,0.155981,7.2421446,191.68962,1.4155781,0.26821637,0.15108301,0.117133364,dusuk,Agaclik,low_severity,,0.0,DUSUK
MAR_2023_01,MAR_2023_01_005202,40.09424,26.42664,0.54394615,0.17697766,0.14301151,3.3466098,115.30532,0.3942061,0.2081579,0.1293599,0.078797996,dusuk,Tarim,low_severity,,0.0,DUSUK
MAR_2023_01,MAR_2023_01_005205,40.09429,26.43543,0.4340378,0.41821155,0.2360744,5.850226,154.77617,0.9546125,0.24336505,0.0944665,0.14889854,dusuk,Tarim,low_severity,,0.0,DUSUK
MAR_2023_01,MAR_2023_01_005208,40.09433,26.44423,0.46078637,0.17124765,0.21497542,6.7699704,186.55128,0.35352245,0.2728551,0.111136556,0.16171855,dusuk,Tarim,low_severity,,0.0,DUSUK
MAR_2023_01,MAR_2023_01_005209,40.09434,26.44716,0.3477612,0.09471076,0.15673834,6.1269774,197.18729,0.10522687,0.2392253,0.11557774,0.123647556,dusuk,Tarim,low_severity,,0.0,DUSUK
MAR_2023_01,MAR_2023_01_005210,40.09436,26.4501,0.52922827,0.6115351,0.28809822,7.636461,221.84418,0.14888674,0.30051014,0.106070295,0.19443984,orta-dusuk,Tarim,low_severity,,0.0,DUSUK
MAR_2023_01,MAR_2023_01_005211,40.09437,26.45303,0.58405787,0.5064815,0.26489982,8.089369,248.38606,0.39782137,0.25140738,0.10905924,0.14234814,dusuk,Tarim,low_severity,,0.0,DUSUK
MAR_2023_01,MAR_2023_01_005212,40.09439,26.45596,0.5752794,0.5302965,0.23380664,8.969797,273.51498,0.5615909,0.2633618,0.12717588,0.13618593,dusuk,Agaclik,low_severity,,0.0,DUSUK
MAR_2023_01,MAR_2023_01_005213,40.0944,26.4589,0.78295916,0.80494964,0.287719,10.255066,280.58362,0.61413187,0.27462792,0.097313434,0.17731449,orta-dusuk,Agaclik,low_severity,,0.0,DUSUK
MAR_2023_01,MAR_2023_01_005214,40.09441,26.46183,0.45071778,0.4056124,0.2260207,7.8427844,292.59592,0.75095373,0.261975,0.10578145,0.15619354,dusuk,Tarim,low_severity,,0.0,DUSUK
MAR_2023_01,MAR_2023_01_005215,40.09443,26.46476,0.23813394,0.093743324,0.19947171,9.091296,300.42578,0.9026272,0.23100545,0.11421035,0.11679509,dusuk,Tarim,low_severity,,0.0,DUSUK
MAR_2023_01,MAR_2023_01_005216,40.09444,26.46769,0.3081171,0.22405864,0.21717602,10.038701,321.20712,0.66219455,0.25969228,0.11978425,0.13990803,dusuk,Tarim,low_severity,,0.0,DUSUK
MAR_2023_01,MAR_2023_01_005217,40.09445,26.47063,0.7128887,0.72293407,0.22965106,11.984068,353.99008,0.43274388,0.24932383,0.11260094,0.13672289,dusuk,Agaclik,low_severity,,0.0,DUSUK
MAR_2023_01,MAR_2023_01_005218,40.09447,26.47356,0.559758,0.40373597,0.23349875,8.541751,366.2289,0.20734257,0.24419272,0.11696179,0.12723093,dusuk,Agaclik,low_severity,,0.0,DUSUK
MAR_2023_01,MAR_2023_01_005219,40.09448,26.47649,0.34546497,0.04878895,0.22143482,11.038051,330.71625,0.11470418,0.2557192,0.12444786,0.13127136,dusuk,Yerlesim,low_severity,,0.0,DUSUK
MAR_2023_01,MAR_2023_01_005220,40.09449,26.47942,0.69117385,0.35723692,0.20821488,12.370141,291.13812,0.24551038,0.31337905,0.15472822,0.15865083,dusuk,Agaclik,low_severity,,0.0,DUSUK
MAR_2023_01,MAR_2023_01_005221,40.09451,26.48236,0.88947886,0.9798836,0.18511376,10.551986,253.66136,0.48207223,0.2911606,0.1425749,0.1485857,dusuk,Agaclik,low_severity,,0.0,DUSUK
MAR_2023_01,MAR_2023_01_005222,40.09452,26.48529,0.8018929,0.9557833,0.15417612,8.582518,223.33348,0.72767574,0.2790789,0.1613316,0.11774731,dusuk,Agaclik,low_severity,,0.0,DUSUK
MAR_2023_01,MAR_2023_01_005223,40.09453,26.48822,0.8922224,0.86041033,0.14422387,7.6196485,204.9199,0.97551537,0.27309316,0.15625717,0.116836,dusuk,Agaclik,low_severity,,0.0,DUSUK
MAR_2023_01,MAR_2023_01_005224,40.09455,26.49115,0.9648224,1.0,0.11728564,5.492865,189.69147,1.2242339,0.28769118,0.20112321,0.08656797,dusuk,Agaclik,low_severity,,0.0,DUSUK
MAR_2023_01,MAR_2023_01_005225,40.09456,26.49409,0.9085399,0.9387312,0.12838057,5.9063187,172.42917,1.3739002,0.26076478,0.18175985,0.07900493,dusuk,Agaclik,low_severity,,0.0,DUSUK
MAR_2023_01,MAR_2023_01_005226,40.09457,26.49702,0.9931976,1.0,0.12561026,6.2607884,156.05733,1.124837,0.30210775,0.18862136,0.113486394,dusuk,Agaclik,low_severity,,0.0,DUSUK
MAR_2023_01,MAR_2023_01_005246,40.09481,26.55568,0.34861636,0.25617558,0.15765855,7.9863443,312.86652,0.65965044,0.30850476,0.18134576,0.127159,dusuk,Otlak/calilik,low_severity,,0.0,DUSUK
MAR_2023_01,MAR_2023_01_005286,40.09198,26.42372,0.29155475,0.32503575,0.20017654,3.4133222,98.8579,0.261997,0.21384257,0.11562796,0.09821461,dusuk,Tarim,low_severity,,0.0,DUSUK
MAR_2023_01,MAR_2023_01_005287,40.09199,26.42665,0.78384525,0.68261653,0.34468243,5.126275,106.50096,0.43643916,0.27372885,0.08561844,0.18811041,orta-dusuk,Agaclik,low_severity,,0.0,DUSUK
MAR_2023_01,MAR_2023_01_005288,40.09201,26.42959,0.1551437,0.15405315,0.23916228,4.9933805,129.45628,0.5239129,0.2168468,0.09437361,0.12247318,dusuk,Tarim,low_severity,,0.0,DUSUK
MAR_2023_01,MAR_2023_01_005289,40.09202,26.43252,0.37632295,0.42739195,0.22470081,3.955491,136.55318,0.60757524,0.26431233,0.10363203,0.1606803,dusuk,Tarim,low_severity,,0.0,DUSUK
MAR_2023_01,MAR_2023_01_005290,40.09204,26.43545,0.44031978,0.26179546,0.25954488,3.606717,145.6147,0.76733994,0.2609083,0.112245776,0.14866254,dusuk,Tarim,low_severity,,0.0,DUSUK
MAR_2023_01,MAR_2023_01_005291,40.09205,26.43838,0.37764436,0.3698011,0.27943993,4.7188797,150.21953,0.8952645,0.21188766,0.08041254,0.13147512,orta-dusuk,Tarim,low_severity,,0.0,DUSUK
MAR_2023_01,MAR_2023_01_005292,40.09206,26.44132,0.7331334,0.6371814,0.3122779,5.4478507,153.4479,0.66150826,0.2637816,0.09655657,0.16722503,orta-dusuk,Agaclik,low_severity,,0.0,DUSUK
MAR_2023_01,MAR_2023_01_005293,40.09208,26.44425,0.68689156,0.098506115,0.23285815,7.083456,161.77142,0.445744,0.25514737,0.11161542,0.14353195,dusuk,Tarim,low_severity,,0.0,DUSUK
MAR_2023_01,MAR_2023_01_005294,40.09209,26.44718,0.3915151,0.27288622,0.2425593,7.09267,188.55086,0.291174,0.2389688,0.10793477,0.13103403,dusuk,Tarim,low_severity,,0.0,DUSUK
MAR_2023_01,MAR_2023_01_005295,40.09211,26.45012,0.19058567,0.0,0.20856893,4.9249716,213.22636,0.30963987,0.27103788,0.121977024,0.14906085,dusuk,Tarim,low_severity,,0.0,DUSUK
MAR_2023_01,MAR_2023_01_005296,40.09212,26.45305,0.47172537,0.30053777,0.25297868,6.1556544,226.31813,0.4816341,0.28254712,0.114933,0.16761412,dusuk,Tarim,low_severity,,0.0,DUSUK
MAR_2023_01,MAR_2023_01_005297,40.09213,26.45598,0.72215074,0.8034354,0.27626827,8.871841,236.30508,0.64706933,0.25368977,0.100484416,0.15320535,orta-dusuk,Agaclik,low_severity,,0.0,DUSUK
MAR_2023_01,MAR_2023_01_005298,40.09215,26.45891,0.6927961,0.7306094,0.2675136,9.564844,242.68289,0.7217074,0.23579283,0.08752385,0.14826898,dusuk,Agaclik,low_severity,,0.0,DUSUK
MAR_2023_01,MAR_2023_01_005299,40.09216,26.46185,0.83527184,0.66207916,0.3017139,8.7922945,263.22983,0.8648841,0.25303587,0.0841403,0.16889557,orta-dusuk,Agaclik,low_severity,,0.0,DUSUK
MAR_2023_01,MAR_2023_01_005300,40.09217,26.46478,0.541125,0.40925738,0.2853853,8.562704,269.8238,0.9911703,0.24230018,0.080104515,0.16219567,orta-dusuk,Agaclik,low_severity,,0.0,DUSUK
MAR_2023_01,MAR_2023_01_005301,40.09219,26.46771,0.74973845,0.85094726,0.3247847,9.357504,291.74716,0.76476836,0.30046993,0.08867608,0.21179385,orta-dusuk,Agaclik,predicted,0.2456,0.4128,ORTA
MAR_2023_01,MAR_2023_01_005304,40.09223,26.47651,0.7410329,0.66994005,0.18848109,12.236738,325.19806,0.36181208,0.29328704,0.1586028,0.13468423,dusuk,Agaclik,low_severity,,0.0,DUSUK
MAR_2023_01,MAR_2023_01_005305,40.09224,26.47944,0.87422293,0.9276269,0.17596664,11.122211,283.1625,0.4219316,0.34022915,0.16680247,0.17342669,dusuk,Agaclik,low_severity,,0.0,DUSUK
MAR_2023_01,MAR_2023_01_005306,40.09225,26.48237,0.98245364,1.0,0.11667818,12.946891,240.75958,0.5917302,0.3460567,0.22824949,0.11780721,dusuk,Agaclik,low_severity,,0.0,DUSUK
MAR_2023_01,MAR_2023_01_005307,40.09227,26.48531,1.0,1.0,0.11002825,7.359197,202.42775,0.8045265,0.29613042,0.2065637,0.08956672,dusuk,Agaclik,low_severity,,0.0,DUSUK
MAR_2023_01,MAR_2023_01_005308,40.09228,26.48824,1.0,1.0,0.24891482,4.636308,187.85704,1.0341089,0.3459522,0.16141015,0.18454206,dusuk,Agaclik,low_severity,,0.0,DUSUK
MAR_2023_01,MAR_2023_01_005309,40.09229,26.49117,1.0,1.0,0.31862408,7.413062,172.43881,1.2714163,0.3371644,0.088754416,0.24840999,orta-dusuk,Agaclik,predicted,0.2927,0.4313,ORTA
MAR_2023_01,MAR_2023_01_005310,40.09231,26.4941,1.0,1.0,0.20906293,7.503183,172.70076,1.3770772,0.27559543,0.10859875,0.16699669,dusuk,Agaclik,low_severity,,0.0,DUSUK
MAR_2023_01,MAR_2023_01_005311,40.09232,26.49704,0.7046384,0.76692855,0.13537782,7.820182,155.93906,1.1287154,0.22493148,0.130734,0.09419748,dusuk,Agaclik,low_severity,,0.0,DUSUK
MAR_2023_01,MAR_2023_01_005330,40.09255,26.55276,0.9999022,1.0,0.19667333,16.885176,259.6182,0.33638224,0.35328397,0.18701693,0.16626704,dusuk,Agaclik,low_severity,,0.0,DUSUK
MAR_2023_01,MAR_2023_01_005331,40.09256,26.55569,0.7726784,0.80368286,0.12689418,11.386944,302.27005,0.4916355,0.30746654,0.18543008,0.12203646,dusuk,Agaclik,low_severity,,0.0,DUSUK
MAR_2023_01,MAR_2023_01_005371,40.08973,26.42374,0.4960209,0.5174757,0.3204441,4.312251,84.764015,0.21666177,0.2655257,0.091728956,0.17379674,orta-dusuk,Tarim,low_severity,,0.0,DUSUK
MAR_2023_01,MAR_2023_01_005374,40.08977,26.43254,0.60962534,0.55852824,0.3000943,3.9912343,127.69101,0.41433463,0.24115235,0.08803056,0.15312178,orta-dusuk,Agaclik,low_severity,,0.0,DUSUK
MAR_2023_01,MAR_2023_01_005376,40.0898,26.4384,0.7310507,0.65413237,0.3351062,5.369026,133.32516,0.8305084,0.27087843,0.08216586,0.18871257,orta-dusuk,Agaclik,low_severity,,0.0,DUSUK
MAR_2023_01,MAR_2023_01_005377,40.08981,26.44134,0.5909182,0.5684215,0.30062205,6.731454,133.41185,0.66008,0.2899465,0.10442369,0.18552281,orta-dusuk,Agaclik,low_severity,,0.0,DUSUK
MAR_2023_01,MAR_2023_01_005378,40.08983,26.44427,0.27477103,0.33508748,0.22856511,6.871592,159.00082,0.5537752,0.21747705,0.11202073,0.10545632,dusuk,Tarim,low_severity,,0.0,DUSUK
MAR_2023_01,MAR_2023_01_005379,40.08984,26.4472,0.49008107,0.0,0.18084185,4.411651,179.2127,0.49645397,0.2315418,0.14455384,0.08698796,dusuk,Tarim,low_severity,,0.0,DUSUK
MAR_2023_01,MAR_2023_01_005380,40.08985,26.45013,0.21730676,0.0,0.10354897,5.6544986,191.02032,0.39007425,0.2720339,0.16758795,0.10444595,dusuk,Tarim,low_severity,,0.0,DUSUK
MAR_2023_01,MAR_2023_01_005381,40.08987,26.45307,0.34862903,0.17925395,0.22069143,6.049102,199.33698,0.4162195,0.2126714,0.103535786,0.10913561,dusuk,Tarim,low_severity,,0.0,DUSUK
MAR_2023_01,MAR_2023_01_005382,40.08988,26.456,0.8639449,0.66832376,0.37839574,5.5229244,204.27408,0.4001305,0.30499935,0.08979646,0.2152029,orta-dusuk,Agaclik,predicted,0.2198,0.3345,ORTA
MAR_2023_01,MAR_2023_01_005383,40.08989,26.45893,0.4182324,0.24256735,0.30527836,5.4909067,220.5676,0.5121204,0.25858384,0.097945705,0.16063814,orta-dusuk,Tarim,low_severity,,0.0,DUSUK
MAR_2023_01,MAR_2023_01_005384,40.08991,26.46186,0.82187057,0.68149143,0.31079492,5.8537645,227.35657,0.6995929,0.28342795,0.09093903,0.19248892,orta-dusuk,Agaclik,low_severity,,0.0,DUSUK
MAR_2023_01,MAR_2023_01_005385,40.08992,26.4648,0.8587572,0.79406536,0.30859253,5.7933183,241.33675,0.91738385,0.2847567,0.08954023,0.19521646,orta-dusuk,Agaclik,low_severity,,0.0,DUSUK
MAR_2023_01,MAR_2023_01_005386,40.08994,26.46773,0.16931565,0.1610906,0.1895195,7.5270133,263.1774,0.91195107,0.27407914,0.112153694,0.16192545,dusuk,Tarim,low_severity,,0.0,DUSUK
MAR_2023_01,MAR_2023_01_005389,40.08998,26.47653,0.9807355,1.0,0.19646354,8.422238,332.09222,0.61127645,0.23600361,0.1163322,0.119671404,dusuk,Agaclik,low_severity,,0.0,DUSUK
MAR_2023_01,MAR_2023_01_005390,40.08999,26.47946,0.5165755,0.72047186,0.15028329,7.4313297,305.11188,0.6486734,0.22105588,0.1387787,0.08227718,dusuk,Agaclik,low_severity,,0.0,DUSUK
MAR_2023_01,MAR_2023_01_005391,40.09,26.48239,0.9882224,0.9951755,0.11294055,10.668571,274.04437,0.76999706,0.31277692,0.18847594,0.12430099,dusuk,Agaclik,low_severity,,0.0,DUSUK
MAR_2023_01,MAR_2023_01_005392,40.09002,26.48532,1.0,1.0,0.26560646,13.7497,237.26964,0.94340545,0.34097642,0.14769705,0.19327937,dusuk,Agaclik,low_severity,,0.0,DUSUK
MAR_2023_01,MAR_2023_01_005393,40.09003,26.48826,1.0,1.0,0.3847205,9.218535,197.037,1.1454834,0.3479486,0.09259016,0.25535846,orta-dusuk,Agaclik,predicted,0.2929,0.4718,ORTA
MAR_2023_01,MAR_2023_01_005394,40.09004,26.49119,1.0,1.0,0.27120182,6.086997,169.4412,1.3635433,0.33121365,0.114183754,0.2170299,orta-dusuk,Agaclik,predicted,0.2703,0.3558,ORTA
MAR_2023_01,MAR_2023_01_005395,40.09005,26.49412,1.0,1.0,0.18029374,5.596859,151.03426,1.4248093,0.326854,0.15229514,0.17455885,dusuk,Agaclik,low_severity,,0.0,DUSUK
MAR_2023_01,MAR_2023_01_005415,40.0903,26.55277,0.867461,1.0,0.116823055,12.224884,223.9271,0.14482704,0.2940021,0.18756281,0.10643928,dusuk,Agaclik,low_severity,,0.0,DUSUK
MAR_2023_01,MAR_2023_01_005443,40.08728,26.38564,0.020868288,0.0,0.21436596,0.48538744,12.577292,0.15236524,0.38488764,0.16760883,0.21727881,dusuk,Tarim,low_severity,,0.0,DUSUK
MAR_2023_01,MAR_2023_01_005455,40.08746,26.42083,0.3452095,0.0,0.15532991,4.183275,71.88578,0.18636793,0.2566661,0.1434424,0.11322369,dusuk,Tarim,low_severity,,0.0,DUSUK
MAR_2023_01,MAR_2023_01_005456,40.08747,26.42376,0.47060013,0.05997719,0.17955208,4.356382,78.12675,0.15535504,0.22824028,0.121603124,0.10663716,dusuk,Tarim,low_severity,,0.0,DUSUK
MAR_2023_01,MAR_2023_01_005457,40.08749,26.42669,0.541307,0.38363114,0.25562587,4.361332,91.34576,0.14094284,0.24549884,0.105805494,0.13969335,dusuk,Tarim,low_severity,,0.0,DUSUK
MAR_2023_01,MAR_2023_01_005458,40.0875,26.42962,0.70599216,0.6578271,0.43854845,5.550253,104.11377,0.06734817,0.32611123,0.08475815,0.24135308,orta-dusuk,Agaclik,predicted,0.2206,0.3682,ORTA
MAR_2023_01,MAR_2023_01_005459,40.08752,26.43256,0.19137847,0.24193826,0.24513873,3.9565265,125.71149,0.31495824,0.20918027,0.10342033,0.10575993,dusuk,Tarim,low_severity,,0.0,DUSUK
MAR_2023_01,MAR_2023_01_005460,40.08753,26.43549,0.6864915,0.527602,0.24757835,6.0400004,119.113815,0.5646783,0.21912768,0.10197508,0.1171526,dusuk,Tarim,low_severity,,0.0,DUSUK
MAR_2023_01,MAR_2023_01_005461,40.08754,26.43842,0.6190794,0.6298587,0.33111122,6.7074685,119.59514,0.69532037,0.314515,0.09741877,0.21709622,orta-dusuk,Agaclik,predicted,0.2144,0.3138,ORTA
MAR_2023_01,MAR_2023_01_005462,40.08756,26.44135,0.48138314,0.5121101,0.27258188,7.1908455,145.7035,0.4789904,0.2841069,0.11473878,0.16936813,orta-dusuk,Tarim,low_severity,,0.0,DUSUK
MAR_2023_01,MAR_2023_01_005463,40.08757,26.44429,0.12185824,0.0,0.17044625,3.4574757,164.38785,0.3168488,0.26606148,0.1453575,0.12070398,dusuk,Tarim,low_severity,,0.0,DUSUK
MAR_2023_01,MAR_2023_01_005464,40.08759,26.44722,0.22387983,0.002064134,0.1990223,2.9346821,174.96893,0.30002195,0.2557588,0.13151777,0.124241024,dusuk,Tarim,low_severity,,0.0,DUSUK
MAR_2023_01,MAR_2023_01_005465,40.0876,26.45015,0.49488997,0.21220356,0.21940202,3.5367074,178.09099,0.15514368,0.3089039,0.1373201,0.1715838,dusuk,Tarim,low_severity,,0.0,DUSUK
MAR_2023_01,MAR_2023_01_005466,40.08761,26.45308,0.553108,0.0963526,0.18733157,4.1652265,189.946,0.17790294,0.28751183,0.14934047,0.13817136,dusuk,Yerlesim,low_severity,,0.0,DUSUK
MAR_2023_01,MAR_2023_01_005467,40.08763,26.45602,0.5189307,0.0,0.20588413,4.582821,204.20523,0.16281942,0.23912331,0.12841687,0.11070645,dusuk,Yerlesim,low_severity,,0.0,DUSUK
MAR_2023_01,MAR_2023_01_005468,40.08764,26.45895,0.4639249,0.25297505,0.25089303,5.741785,206.64824,0.3587103,0.20488213,0.09489329,0.10998884,dusuk,Tarim,low_severity,,0.0,DUSUK
MAR_2023_01,MAR_2023_01_005469,40.08766,26.46188,0.41032943,0.42955574,0.25591865,4.6257515,219.65906,0.5965199,0.27889982,0.112783134,0.16611668,dusuk,Tarim,low_severity,,0.0,DUSUK
MAR_2023_01,MAR_2023_01_005470,40.08767,26.46481,0.23420148,0.030786067,0.21142991,3.3684356,235.79176,0.8414267,0.2031064,0.11989701,0.083209395,dusuk,Tarim,low_severity,,0.0,DUSUK
MAR_2023_01,MAR_2023_01_005471,40.08768,26.46775,0.035460208,0.056247342,0.19473968,3.8347006,245.55457,1.0886513,0.21782675,0.13514107,0.08268568,dusuk,Tarim,low_severity,,0.0,DUSUK
MAR_2023_01,MAR_2023_01_005474,40.08772,26.47654,0.9908628,1.0,0.16772187,10.026857,291.62314,0.8610516,0.29917374,0.16879956,0.13037418,dusuk,Agaclik,low_severity,,0.0,DUSUK
MAR_2023_01,MAR_2023_01_005475,40.08774,26.47948,0.8321874,0.7345718,0.13533512,8.642779,298.73474,0.8879911,0.2662189,0.17941017,0.086808726,dusuk,Agaclik,low_severity,,0.0,DUSUK
MAR_2023_01,MAR_2023_01_005476,40.08775,26.48241,0.8097273,0.8145553,0.21238033,10.772094,283.52905,0.9801257,0.27118367,0.11986905,0.15131462,dusuk,Agaclik,low_severity,,0.0,DUSUK
MAR_2023_01,MAR_2023_01_005477,40.08776,26.48534,1.0,1.0,0.4011231,11.38563,239.27798,1.1215011,0.30851677,0.07143843,0.23707834,orta-dusuk,Agaclik,predicted,0.2807,0.4828,ORTA
MAR_2023_01,MAR_2023_01_005478,40.08778,26.48827,0.93938595,1.0,0.4307307,8.058615,202.00377,1.296103,0.3341418,0.06734879,0.266793,orta-dusuk,Agaclik,predicted,0.2905,0.4345,ORTA
MAR_2023_01,MAR_2023_01_005479,40.08779,26.49121,1.0,1.0,0.20058294,5.979229,178.73125,1.4923141,0.3124619,0.13469271,0.1777692,dusuk,Agaclik,low_severity,,0.0,DUSUK
MAR_2023_01,MAR_2023_01_005480,40.0878,26.49414,1.0,1.0,0.18838555,11.080967,175.62976,1.5128852,0.33724362,0.17197263,0.16527098,dusuk,Agaclik,low_severity,,0.0,DUSUK
MAR_2023_01,MAR_2023_01_005542,40.08524,26.42671,0.1572835,0.14848168,0.20779824,4.666403,91.68296,0.29563218,0.22067359,0.11532508,0.10534851,dusuk,Tarim,low_severity,,0.0,DUSUK
MAR_2023_01,MAR_2023_01_005544,40.08526,26.43258,0.44716913,0.480267,0.3173914,7.067013,115.05583,0.38951796,0.21090147,0.08850685,0.12239462,orta-dusuk,Tarim,low_severity,,0.0,DUSUK
MAR_2023_01,MAR_2023_01_005545,40.08528,26.43551,0.7357075,0.68109226,0.3750692,6.530351,114.35033,0.6094154,0.2936121,0.082737565,0.21087453,orta-dusuk,Agaclik,predicted,0.2106,0.3114,ORTA
MAR_2023_01,MAR_2023_01_005546,40.08529,26.43844,0.10498338,0.0,0.1880467,5.05214,131.14116,0.6341897,0.22563936,0.11799332,0.10764604,dusuk,Tarim,low_severity,,0.0,DUSUK
MAR_2023_01,MAR_2023_01_005547,40.08531,26.44137,0.16182628,0.12249786,0.18840344,4.9004784,144.04533,0.384913,0.25365663,0.12654038,0.12711625,dusuk,Tarim,low_severity,,0.0,DUSUK
MAR_2023_01,MAR_2023_01_005548,40.08532,26.4443,0.58483773,0.30699855,0.22777872,5.1552544,149.56763,0.13827285,0.28298533,0.12864661,0.15433872,dusuk,Tarim,low_severity,,0.0,DUSUK
MAR_2023_01,MAR_2023_01_005549,40.08533,26.44724,0.84309417,0.58176,0.29848254,4.7810397,160.08998,0.122803695,0.31345582,0.12766367,0.18579215,orta-dusuk,Agaclik,low_severity,,0.0,DUSUK
MAR_2023_01,MAR_2023_01_005550,40.08535,26.45017,0.53675914,0.1388023,0.117844,5.122414,174.88492,0.064149246,0.26781106,0.18329304,0.084518015,dusuk,Yerlesim,low_severity,,0.0,DUSUK
MAR_2023_01,MAR_2023_01_005552,40.08538,26.45603,0.49715704,0.15571985,0.1778109,7.87526,179.81714,0.13385028,0.24977723,0.13219854,0.117578685,dusuk,Tarim,low_severity,,0.0,DUSUK
MAR_2023_01,MAR_2023_01_005553,40.08539,26.45897,0.870921,0.7623958,0.2993393,6.0921216,186.62422,0.34652388,0.30885786,0.11381808,0.19503978,orta-dusuk,Agaclik,low_severity,,0.0,DUSUK
MAR_2023_01,MAR_2023_01_005554,40.0854,26.4619,0.32174796,0.08383022,0.21040282,5.743134,210.41072,0.5892722,0.2524645,0.13323632,0.119228184,dusuk,Tarim,low_severity,,0.0,DUSUK
MAR_2023_01,MAR_2023_01_005555,40.08542,26.46483,0.18601875,0.18920678,0.17684537,4.3631196,227.39565,0.8363041,0.20374516,0.12717076,0.0765744,dusuk,Tarim,low_severity,,0.0,DUSUK
MAR_2023_01,MAR_2023_01_005556,40.08543,26.46776,0.4846628,0.37249362,0.21563138,4.1310453,232.74094,1.084697,0.23653378,0.13249227,0.1040415,dusuk,Tarim,low_severity,,0.0,DUSUK
MAR_2023_01,MAR_2023_01_005558,40.08546,26.47363,0.58504575,0.56484306,0.26072082,5.2996483,253.66869,1.131427,0.20339003,0.095451064,0.10793897,dusuk,Agaclik,low_severity,,0.0,DUSUK
MAR_2023_01,MAR_2023_01_005559,40.08547,26.47656,0.7525593,1.0,0.24750039,10.080883,253.9181,1.1109279,0.27589822,0.109939374,0.16595885,dusuk,Agaclik,low_severity,,0.0,DUSUK
MAR_2023_01,MAR_2023_01_005560,40.08548,26.47949,0.70828545,0.9103939,0.1842247,8.213085,260.45828,1.131936,0.24182683,0.1084095,0.13341734,dusuk,Agaclik,low_severity,,0.0,DUSUK
MAR_2023_01,MAR_2023_01_005561,40.0855,26.48243,0.87582976,0.9935997,0.34588057,11.215971,272.32837,1.2055693,0.28020024,0.087083854,0.1931164,orta-dusuk,Agaclik,low_severity,,0.0,DUSUK
MAR_2023_01,MAR_2023_01_005562,40.08551,26.48536,0.93938386,1.0,0.3001774,8.424816,243.5576,1.3230705,0.2829369,0.08745794,0.19547896,orta-dusuk,Agaclik,low_severity,,0.0,DUSUK
MAR_2023_01,MAR_2023_01_005563,40.08552,26.48829,0.939384,1.0,0.27340147,8.878376,209.77736,1.4739858,0.31184313,0.09589873,0.2159444,orta-dusuk,Agaclik,predicted,0.2738,0.396,ORTA
MAR_2023_01,MAR_2023_01_005564,40.08554,26.49122,1.0,1.0,0.2513646,11.087695,207.09447,1.6491672,0.30371222,0.10615748,0.19755474,dusuk,Agaclik,low_severity,,0.0,DUSUK
MAR_2023_01,MAR_2023_01_005627,40.08298,26.42673,0.35409877,0.0,0.15991694,4.8120203,85.38603,0.16852811,0.20045269,0.13647221,0.063980475,dusuk,Tarim,low_severity,,0.0,DUSUK
MAR_2023_01,MAR_2023_01_005628,40.083,26.42966,0.16134118,0.052996904,0.2067145,6.705222,87.154366,0.2661314,0.20495334,0.10869957,0.096253775,dusuk,Tarim,low_severity,,0.0,DUSUK
MAR_2023_01,MAR_2023_01_005629,40.08301,26.43259,0.7905221,0.8328511,0.38637,8.036677,91.20223,0.48810872,0.29677618,0.08010435,0.21667182,orta-dusuk,Agaclik,predicted,0.2297,0.3857,ORTA
MAR_2023_01,MAR_2023_01_005630,40.08303,26.43553,0.888522,0.7943773,0.36680165,7.609117,115.12446,0.72847396,0.28249842,0.07956213,0.20293629,orta-dusuk,Agaclik,predicted,0.2229,0.3422,ORTA
MAR_2023_01,MAR_2023_01_005631,40.08304,26.43846,0.6026526,0.2514906,0.31901902,5.5095787,112.13943,0.66777456,0.280838,0.0946049,0.1862331,orta-dusuk,Tarim,low_severity,,0.0,DUSUK
MAR_2023_01,MAR_2023_01_005632,40.08305,26.44139,0.8814204,0.626572,0.33421528,6.4212217,129.19864,0.43804592,0.31937015,0.105969965,0.21340019,orta-dusuk,Tarim,predicted,0.2221,0.3497,ORTA
MAR_2023_01,MAR_2023_01_005633,40.08307,26.44432,0.74958146,0.23606981,0.17519131,4.3031607,148.05411,0.25069022,0.28930324,0.14959536,0.13970788,dusuk,Tarim,low_severity,,0.0,DUSUK
MAR_2023_01,MAR_2023_01_005634,40.08308,26.44726,0.22307873,0.039929856,0.15647121,4.5144453,158.37677,0.24250145,0.26598024,0.16317263,0.10280761,dusuk,Tarim,low_severity,,0.0,DUSUK
MAR_2023_01,MAR_2023_01_005635,40.0831,26.45019,0.7119537,0.0,0.12394145,6.198326,157.62332,0.29140007,0.26208928,0.18714456,0.07494472,dusuk,Tarim,low_severity,,0.0,DUSUK
MAR_2023_01,MAR_2023_01_005637,40.08312,26.45605,0.7401853,0.0,0.16332912,7.373235,151.76764,0.21879433,0.26337603,0.14446697,0.11890906,dusuk,Tarim,low_severity,,0.0,DUSUK
MAR_2023_01,MAR_2023_01_005638,40.08314,26.45898,0.79114544,0.641204,0.18627575,7.980068,179.86668,0.45343593,0.28183186,0.14272681,0.13910505,dusuk,Tarim,low_severity,,0.0,DUSUK
MAR_2023_01,MAR_2023_01_005640,40.08317,26.46485,0.7713561,0.72720397,0.22689006,7.9932604,201.0373,0.9032222,0.24150978,0.10729809,0.13421169,dusuk,Agaclik,low_severity,,0.0,DUSUK
MAR_2023_01,MAR_2023_01_005641,40.08318,26.46778,0.992317,1.0,0.26600933,7.148617,213.08058,1.1370898,0.32222182,0.132567,0.18965481,dusuk,Agaclik,low_severity,,0.0,DUSUK
MAR_2023_01,MAR_2023_01_005642,40.08319,26.47071,0.8437498,0.8735073,0.24088243,6.076549,229.79674,1.3766395,0.25468254,0.114304364,0.14037818,dusuk,Agaclik,low_severity,,0.0,DUSUK
MAR_2023_01,MAR_2023_01_005643,40.08321,26.47365,0.6281873,0.7058175,0.31117952,7.4013314,226.96217,1.3790979,0.25079173,0.09291352,0.1578782,orta-dusuk,Agaclik,low_severity,,0.0,DUSUK
MAR_2023_01,MAR_2023_01_005644,40.08322,26.47658,0.87735593,1.0,0.30408037,7.389046,227.57343,1.3608496,0.29592383,0.101777226,0.1941466,orta-dusuk,Agaclik,low_severity,,0.0,DUSUK
MAR_2023_01,MAR_2023_01_005645,40.08323,26.47951,0.6856307,0.64461017,0.18777356,11.300854,263.05542,1.378053,0.22685324,0.103083074,0.12377016,dusuk,Agaclik,low_severity,,0.0,DUSUK
MAR_2023_01,MAR_2023_01_005646,40.08325,26.48244,0.76514804,0.84532464,0.25109968,10.8268795,304.93652,1.4391484,0.26324576,0.09583475,0.16741101,dusuk,Agaclik,low_severity,,0.0,DUSUK
MAR_2023_01,MAR_2023_01_005647,40.08326,26.48537,0.7161803,0.8931009,0.21576557,11.444722,258.09692,1.5389173,0.25423187,0.0934311,0.16080077,dusuk,Agaclik,low_severity,,0.0,DUSUK
MAR_2023_01,MAR_2023_01_005648,40.08327,26.48831,1.0,1.0,0.3268699,8.185574,229.98851,1.6704445,0.3132912,0.08761246,0.22567874,orta-dusuk,Agaclik,predicted,0.2761,0.3713,ORTA
MAR_2023_01,MAR_2023_01_005649,40.08328,26.49124,1.0,1.0,0.2220952,10.630744,245.15166,1.8268834,0.32608384,0.14397193,0.1821119,dusuk,Agaclik,low_severity,,0.0,DUSUK
MAR_2023_01,MAR_2023_01_005700,40.08055,26.39156,0.0,0.0,0.13577569,1.1089923,19.898714,0.06345942,0.32024556,0.1832304,0.13701516,dusuk,Tarim,low_severity,,0.0,DUSUK
MAR_2023_01,MAR_2023_01_005711,40.08072,26.42382,0.10486928,0.0,0.18015936,7.1062183,70.12313,0.30272087,0.21207964,0.12125088,0.09082876,dusuk,Tarim,low_severity,,0.0,DUSUK
MAR_2023_01,MAR_2023_01_005715,40.08077,26.43555,0.67254585,0.55723363,0.2792847,6.3072205,90.62095,0.7150781,0.2531522,0.091607906,0.1615443,orta-dusuk,Tarim,low_severity,,0.0,DUSUK
MAR_2023_01,MAR_2023_01_005716,40.08079,26.43848,0.4666547,0.27872306,0.23161563,4.785266,111.98955,0.78399557,0.24441141,0.10035658,0.14405483,dusuk,Tarim,low_severity,,0.0,DUSUK
MAR_2023_01,MAR_2023_01_005719,40.08083,26.44727,0.42453617,0.0,0.13332091,9.049691,129.31561,0.47700435,0.24821399,0.14670777,0.10150622,dusuk,Tarim,low_severity,,0.0,DUSUK
MAR_2023_01,MAR_2023_01_005720,40.08084,26.45021,0.32640797,0.0,0.15044136,7.5144224,126.34076,0.4551875,0.22616106,0.14027017,0.08589089,dusuk,Tarim,low_severity,,0.0,DUSUK
MAR_2023_01,MAR_2023_01_005721,40.08086,26.45314,0.6267159,0.0,0.11990138,6.3663435,130.57454,0.34991834,0.24323809,0.16315694,0.08008115,dusuk,Tarim,low_severity,,0.0,DUSUK
MAR_2023_01,MAR_2023_01_005722,40.08087,26.45607,0.48203352,0.0,0.11888912,6.9073935,142.02016,0.4033485,0.23834404,0.16027953,0.078064516,dusuk,Tarim,low_severity,,0.0,DUSUK
MAR_2023_01,MAR_2023_01_005724,40.0809,26.46193,0.4730836,0.15050557,0.19104533,8.997825,162.92746,0.77760786,0.20524004,0.09866601,0.10657403,dusuk,Tarim,low_severity,,0.0,DUSUK
MAR_2023_01,MAR_2023_01_005725,40.08091,26.46487,0.4824043,0.6166977,0.2697106,8.531793,180.84186,1.0061845,0.24922237,0.10241091,0.14681146,dusuk,Agaclik,low_severity,,0.0,DUSUK
MAR_2023_01,MAR_2023_01_005726,40.08093,26.4678,0.9130992,0.9507541,0.24835609,7.7237916,215.57933,1.2387005,0.29747027,0.11694232,0.18052796,dusuk,Agaclik,low_severity,,0.0,DUSUK
MAR_2023_01,MAR_2023_01_005727,40.08094,26.47073,1.0,1.0,0.32544303,7.568624,207.21315,1.4616915,0.32473597,0.100901656,0.2238343,orta-dusuk,Agaclik,predicted,0.2723,0.3737,ORTA
MAR_2023_01,MAR_2023_01_005728,40.08095,26.47366,1.0,1.0,0.31288356,7.3305683,214.3196,1.6274812,0.3535876,0.10168444,0.25190315,orta-dusuk,Agaclik,predicted,0.2985,0.4082,ORTA
MAR_2023_01,MAR_2023_01_005729,40.08097,26.47659,1.0,1.0,0.33564425,8.970513,247.79956,1.6107956,0.33628675,0.113722265,0.22256449,orta-dusuk,Agaclik,predicted,0.2743,0.3855,ORTA
MAR_2023_01,MAR_2023_01_005730,40.08098,26.47953,1.0,1.0,0.2924991,6.373435,275.05725,1.6253556,0.3240229,0.10704545,0.21697745,orta-dusuk,Agaclik,predicted,0.2718,0.3385,ORTA
MAR_2023_01,MAR_2023_01_005731,40.08099,26.48246,0.6385713,0.8473817,0.22249267,7.889598,294.73074,1.6774681,0.26372123,0.10247254,0.16124868,dusuk,Agaclik,low_severity,,0.0,DUSUK
MAR_2023_01,MAR_2023_01_005732,40.08101,26.48539,0.82102907,0.3136551,0.15049534,10.750251,267.24774,1.7638077,0.2162984,0.10095694,0.11534146,dusuk,Otlak/calilik,low_severity,,0.0,DUSUK
MAR_2023_01,MAR_2023_01_005733,40.08102,26.48832,0.8909825,0.8940098,0.15613103,9.506944,256.57556,1.8796637,0.23612934,0.114197545,0.1219318,dusuk,Agaclik,low_severity,,0.0,DUSUK
MAR_2023_01,MAR_2023_01_005783,40.07827,26.38572,0.078081,0.0,0.11011723,3.8297112,29.567968,0.23497468,0.25417453,0.13388881,0.12028572,dusuk,Tarim,low_severity,,0.0,DUSUK
MAR_2023_01,MAR_2023_01_005784,40.07828,26.38865,0.0,0.0,0.13904141,1.5334579,23.202946,0.39675608,0.3320948,0.18690339,0.1451914,dusuk,Tarim,low_severity,,0.0,DUSUK
MAR_2023_01,MAR_2023_01_005788,40.07834,26.40038,0.009561977,0.0,0.14796224,2.6281931,27.461395,0.36676103,0.30654305,0.16686365,0.1396794,dusuk,Tarim,low_severity,,0.0,DUSUK
MAR_2023_01,MAR_2023_01_005789,40.07836,26.40331,0.06254511,0.0,0.12407495,0.81383044,28.030798,0.39281335,0.35228243,0.21626306,0.13601938,dusuk,Tarim,low_severity,,0.0,DUSUK
MAR_2023_01,MAR_2023_01_005799,40.07851,26.43263,0.31289747,0.0,0.12967859,2.6437182,67.44154,0.5697148,0.2268193,0.14044714,0.08637217,dusuk,Tarim,low_severity,,0.0,DUSUK
MAR_2023_01,MAR_2023_01_005800,40.07852,26.43556,0.2892711,0.03784728,0.14159663,4.854828,81.74107,0.7854929,0.2243531,0.11796209,0.10639101,dusuk,Tarim,low_severity,,0.0,DUSUK
MAR_2023_01,MAR_2023_01_005801,40.07854,26.4385,0.55803794,0.33037522,0.10959917,5.584714,105.69608,0.9530872,0.22841322,0.16205835,0.06635487,dusuk,Tarim,low_severity,,0.0,DUSUK
MAR_2023_01,MAR_2023_01_005807,40.07862,26.45609,0.30976608,0.030223614,0.13131708,5.4234347,122.80272,0.63144934,0.2461362,0.15867208,0.087464124,dusuk,Tarim,low_severity,,0.0,DUSUK
MAR_2023_01,MAR_2023_01_005808,40.07863,26.45902,0.30824858,0.27249917,0.22330958,6.102833,134.74936,0.7505181,0.22002156,0.10607749,0.11394407,dusuk,Tarim,low_severity,,0.0,DUSUK
MAR_2023_01,MAR_2023_01_005809,40.07865,26.46195,0.36514348,0.014302986,0.19939792,8.886838,160.53575,0.9197883,0.20969391,0.10320896,0.10648495,dusuk,Tarim,low_severity,,0.0,DUSUK
MAR_2023_01,MAR_2023_01_005811,40.07867,26.46782,0.47511733,0.4608884,0.25055015,9.899578,183.14984,1.3365915,0.24139339,0.112419724,0.12897366,dusuk,Agaclik,low_severity,,0.0,DUSUK
MAR_2023_01,MAR_2023_01_005812,40.07869,26.47075,0.6860305,0.89205027,0.3011895,8.003859,176.64633,1.5633969,0.3013295,0.10937557,0.19195393,orta-dusuk,Agaclik,low_severity,,0.0,DUSUK
MAR_2023_01,MAR_2023_01_005813,40.0787,26.47368,0.62984157,0.9387312,0.2302714,9.369493,210.14136,1.7963694,0.26653433,0.10153482,0.16499951,dusuk,Agaclik,low_severity,,0.0,DUSUK
MAR_2023_01,MAR_2023_01_005814,40.07871,26.47661,1.0,1.0,0.29931426,7.2002835,237.16911,1.8607562,0.29975367,0.096475974,0.20327769,orta-dusuk,Agaclik,predicted,0.2595,0.3037,ORTA
MAR_2023_01,MAR_2023_01_005815,40.07873,26.47954,0.90412456,1.0,0.28041428,6.447029,261.43832,1.8733745,0.2990436,0.108832985,0.19021061,orta-dusuk,Agaclik,low_severity,,0.0,DUSUK
MAR_2023_01,MAR_2023_01_005816,40.07874,26.48248,0.90934,1.0,0.30298373,5.652954,269.83707,1.9187627,0.32092848,0.11037639,0.2105521,orta-dusuk,Agaclik,predicted,0.259,0.2731,ORTA
MAR_2023_01,MAR_2023_01_005817,40.07875,26.48541,1.0,0.9317806,0.3287303,9.689117,286.31503,1.994685,0.32140326,0.08911032,0.23229295,orta-dusuk,Agaclik,predicted,0.2822,0.3765,ORTA
MAR_2023_01,MAR_2023_01_005818,40.07877,26.48834,0.92856836,0.94934845,0.1737374,10.00522,303.61575,2.097829,0.2648855,0.10992763,0.15495786,dusuk,Agaclik,low_severity,,0.0,DUSUK
MAR_2023_01,MAR_2023_01_005819,40.07878,26.49127,1.0,1.0,0.13366285,10.132161,331.54694,2.2244112,0.3271927,0.18056583,0.14662686,dusuk,Agaclik,low_severity,,0.0,DUSUK
MAR_2023_01,MAR_2023_01_005869,40.07603,26.38867,0.2822236,0.22068194,0.17971101,5.024054,34.798294,0.32767937,0.37027586,0.19323404,0.17704181,dusuk,Tarim,low_severity,,0.0,DUSUK
MAR_2023_01,MAR_2023_01_005891,40.07635,26.45317,0.6239837,0.3007075,0.14520463,6.152358,111.23135,0.84824485,0.28456047,0.16329555,0.12126492,dusuk,Tarim,low_severity,,0.0,DUSUK
MAR_2023_01,MAR_2023_01_005892,40.07637,26.45611,0.08775839,0.047636308,0.18545197,5.0609646,126.01798,0.87164587,0.23355395,0.13972756,0.09382638,dusuk,Tarim,low_severity,,0.0,DUSUK
MAR_2023_01,MAR_2023_01_005893,40.07638,26.45904,0.1833326,0.13979127,0.1752077,6.3004155,143.45341,0.9617763,0.21661818,0.12461645,0.09200173,dusuk,Tarim,low_severity,,0.0,DUSUK
MAR_2023_01,MAR_2023_01_005896,40.07642,26.46783,0.28826413,0.36775327,0.22826847,7.2167377,155.29558,1.4672469,0.23591349,0.116020486,0.119893,dusuk,Tarim,low_severity,,0.0,DUSUK
MAR_2023_01,MAR_2023_01_005897,40.07644,26.47077,0.9957918,0.979426,0.3243468,8.565151,179.02785,1.6764685,0.32667714,0.1027717,0.22390544,orta-dusuk,Agaclik,predicted,0.2721,0.3684,ORTA
MAR_2023_01,MAR_2023_01_005898,40.07645,26.4737,0.9993987,1.0,0.26132542,5.6086845,196.1292,1.8955948,0.30283964,0.109289214,0.19355042,dusuk,Agaclik,low_severity,,0.0,DUSUK
MAR_2023_01,MAR_2023_01_005899,40.07646,26.47663,0.9627576,1.0,0.20494814,6.7412686,216.40001,2.110726,0.30652153,0.13315594,0.1733656,dusuk,Agaclik,low_severity,,0.0,DUSUK
MAR_2023_01,MAR_2023_01_005900,40.07647,26.47956,0.7547544,0.84459734,0.19561146,8.295851,240.77647,2.1218584,0.26776165,0.12430793,0.14345372,dusuk,Agaclik,low_severity,,0.0,DUSUK
MAR_2023_01,MAR_2023_01_005901,40.07649,26.48249,0.86497563,0.87733644,0.32111174,7.491287,244.08397,2.1620364,0.30572546,0.09756406,0.2081614,orta-dusuk,Agaclik,predicted,0.2461,0.2521,ORTA
MAR_2023_01,MAR_2023_01_005902,40.0765,26.48543,0.7660573,0.7643507,0.3047874,11.218222,267.51575,2.174569,0.3405094,0.106073685,0.23443574,orta-dusuk,Agaclik,predicted,0.2674,0.3528,ORTA
MAR_2023_01,MAR_2023_01_005903,40.07651,26.48836,1.0,1.0,0.26226357,10.189874,288.80527,2.1429255,0.35010296,0.13133852,0.21876444,dusuk,Agaclik,low_severity,,0.0,DUSUK
MAR_2023_01,MAR_2023_01_005974,40.07407,26.44733,0.40632755,0.26874548,0.16595936,5.7742805,92.621,1.2180771,0.2509561,0.16059825,0.09035784,dusuk,Tarim,low_severity,,0.0,DUSUK
MAR_2023_01,MAR_2023_01_005975,40.07409,26.45026,0.5440794,0.18868257,0.1850687,6.3744564,113.94433,1.1359183,0.28766632,0.14754032,0.140126,dusuk,Tarim,low_severity,,0.0,DUSUK
MAR_2023_01,MAR_2023_01_005976,40.0741,26.45319,0.67629945,0.65783674,0.19176736,5.4809537,134.95091,1.0979788,0.27570862,0.14502737,0.13068125,dusuk,Agaclik,low_severity,,0.0,DUSUK
MAR_2023_01,MAR_2023_01_005977,40.07411,26.45612,0.31128737,0.2083983,0.17632025,5.6357737,145.03831,1.1161562,0.22367796,0.13284756,0.0908304,dusuk,Tarim,low_severity,,0.0,DUSUK
MAR_2023_01,MAR_2023_01_005978,40.07413,26.45906,0.6408161,0.5645014,0.18793409,4.7333937,145.78957,1.187877,0.25660378,0.14292267,0.11368111,dusuk,Agaclik,low_severity,,0.0,DUSUK
MAR_2023_01,MAR_2023_01_005979,40.07414,26.46199,0.23353654,0.23054299,0.19078794,5.2420893,160.9892,1.3043386,0.20214427,0.111855775,0.09028849,dusuk,Tarim,low_severity,,0.0,DUSUK
MAR_2023_01,MAR_2023_01_005981,40.07417,26.46785,0.5996593,0.5298019,0.20032714,4.842019,147.18599,1.6260843,0.25056934,0.13137397,0.11919537,dusuk,Agaclik,low_severity,,0.0,DUSUK
MAR_2023_01,MAR_2023_01_005982,40.07418,26.47078,0.5806918,0.88928497,0.3179951,7.655731,166.47191,1.8171085,0.28920302,0.09118126,0.19802175,orta-dusuk,Agaclik,low_severity,,0.0,DUSUK
MAR_2023_01,MAR_2023_01_005983,40.0742,26.47371,0.84412694,1.0,0.26307353,6.73854,198.58188,2.0210435,0.28248346,0.11148668,0.17099679,dusuk,Agaclik,low_severity,,0.0,DUSUK
MAR_2023_01,MAR_2023_01_005984,40.07421,26.47665,0.8731345,0.84153336,0.22299439,5.5856586,210.52081,2.209573,0.24384286,0.11214431,0.13169855,dusuk,Agaclik,low_severity,,0.0,DUSUK
MAR_2023_01,MAR_2023_01_005986,40.07424,26.48251,0.3912108,0.4201637,0.22131522,5.704555,216.81586,1.9959893,0.25971568,0.13420027,0.1255154,dusuk,Tarim,low_severity,,0.0,DUSUK
MAR_2023_01,MAR_2023_01_005987,40.07425,26.48544,0.423759,0.61627376,0.11745195,7.0990653,239.94931,1.9293402,0.27035522,0.19586095,0.07449427,dusuk,Tarim,low_severity,,0.0,DUSUK
MAR_2023_01,MAR_2023_01_005988,40.07426,26.48837,0.2786372,0.335494,0.120478824,9.489828,266.00888,1.8936034,0.30517665,0.21575621,0.08942044,dusuk,Otlak/calilik,low_severity,,0.0,DUSUK
MAR_2023_01,MAR_2023_01_006058,40.07181,26.44441,0.45657372,0.122152604,0.12110056,6.163479,82.92528,1.1072538,0.30157286,0.22792073,0.07365213,dusuk,Tarim,low_severity,,0.0,DUSUK
MAR_2023_01,MAR_2023_01_006059,40.07182,26.44735,0.31506306,0.07757267,0.1671942,6.491356,100.88969,1.3561169,0.24553104,0.1446391,0.10089193,dusuk,Tarim,low_severity,,0.0,DUSUK
MAR_2023_01,MAR_2023_01_006060,40.07183,26.45028,0.6352833,0.7217319,0.1910615,3.7755501,119.50976,1.378894,0.2808376,0.14892776,0.13190983,dusuk,Agaclik,low_severity,,0.0,DUSUK
MAR_2023_01,MAR_2023_01_006061,40.07185,26.45321,0.30535153,0.21915375,0.13193357,4.4149313,129.35648,1.3478115,0.21346468,0.1503567,0.06310798,dusuk,Tarim,low_severity,,0.0,DUSUK
MAR_2023_01,MAR_2023_01_006062,40.07186,26.45614,0.3679017,0.30597952,0.12242495,4.9444284,134.10355,1.3626603,0.20055506,0.14109974,0.05945532,dusuk,Tarim,low_severity,,0.0,DUSUK
MAR_2023_01,MAR_2023_01_006063,40.07188,26.45907,0.8920127,0.97797954,0.15984836,6.6201477,137.93893,1.4220022,0.29257172,0.15731226,0.13525946,dusuk,Agaclik,low_severity,,0.0,DUSUK
MAR_2023_01,MAR_2023_01_006064,40.07189,26.46201,0.4958722,0.43133554,0.24931215,7.636972,147.36745,1.5206372,0.2693005,0.112461075,0.15683942,dusuk,Agaclik,low_severity,,0.0,DUSUK
MAR_2023_01,MAR_2023_01_006065,40.0719,26.46494,0.41352066,0.55794376,0.22431612,4.9201064,128.61604,1.65154,0.23384124,0.09923514,0.1346061,dusuk,Tarim,low_severity,,0.0,DUSUK
MAR_2023_01,MAR_2023_01_006066,40.07192,26.46787,0.50106794,0.35979143,0.2719462,5.272567,143.33937,1.8056818,0.27270758,0.105616555,0.16709103,orta-dusuk,Tarim,low_severity,,0.0,DUSUK
MAR_2023_01,MAR_2023_01_006067,40.07193,26.4708,0.46551603,0.2662435,0.23146196,7.0946774,169.49052,1.9224007,0.22399369,0.108611874,0.115381815,dusuk,Tarim,low_severity,,0.0,DUSUK
MAR_2023_01,MAR_2023_01_006068,40.07194,26.47373,0.6639666,0.5406385,0.23889843,7.636789,185.14825,2.008407,0.23445871,0.11289917,0.121559545,dusuk,Agaclik,low_severity,,0.0,DUSUK
MAR_2023_01,MAR_2023_01_006069,40.07196,26.47666,0.6339179,0.8644848,0.2878685,6.90933,180.77617,2.0002043,0.29936773,0.11298552,0.1863822,orta-dusuk,Agaclik,low_severity,,0.0,DUSUK
MAR_2023_01,MAR_2023_01_006070,40.07197,26.4796,0.8750306,1.0,0.38705295,6.130367,190.51492,1.8679394,0.37735742,0.11495039,0.26240703,orta-dusuk,Agaclik,predicted,0.2868,0.3426,ORTA
MAR_2023_01,MAR_2023_01_006135,40.06944,26.42098,0.4138116,0.0,0.1258512,1.8649403,41.56066,0.30982456,0.3396455,0.21402548,0.12562002,dusuk,Tarim,low_severity,,0.0,DUSUK
MAR_2023_01,MAR_2023_01_006139,40.0695,26.43271,0.1512259,0.0,0.10013308,1.9785677,50.911064,0.16727617,0.27416417,0.15911523,0.115048945,dusuk,Tarim,low_severity,,0.0,DUSUK
MAR_2023_01,MAR_2023_01_006142,40.06954,26.4415,0.9019336,0.90768397,0.1015283,7.083774,83.293594,0.86145693,0.3357336,0.28235132,0.053382277,dusuk,Agaclik,low_severity,,0.0,DUSUK
MAR_2023_01,MAR_2023_01_006143,40.06955,26.44443,0.6362129,0.8774624,0.2352035,4.9233828,104.122574,1.1091214,0.3189581,0.15470552,0.16425258,dusuk,Agaclik,low_severity,,0.0,DUSUK
MAR_2023_01,MAR_2023_01_006144,40.06957,26.44736,0.67941016,0.6617117,0.15664092,4.153173,110.22976,1.3576423,0.29863808,0.16479073,0.13384734,dusuk,Agaclik,low_severity,,0.0,DUSUK
MAR_2023_01,MAR_2023_01_006145,40.06958,26.4503,0.8489995,0.8013384,0.13308285,5.6147976,118.4877,1.6066221,0.27192426,0.1571576,0.11476666,dusuk,Agaclik,low_severity,,0.0,DUSUK
MAR_2023_01,MAR_2023_01_006147,40.06961,26.45616,0.8476088,0.6390408,0.18853813,3.8209941,126.71802,1.6102426,0.2696077,0.14385563,0.12575206,dusuk,Agaclik,low_severity,,0.0,DUSUK
MAR_2023_01,MAR_2023_01_006148,40.06962,26.45909,0.5206215,0.63866824,0.21189387,4.0698895,121.03515,1.640634,0.23940474,0.11209158,0.12731317,dusuk,Agaclik,low_severity,,0.0,DUSUK
MAR_2023_01,MAR_2023_01_006149,40.06964,26.46202,0.18400672,0.10717961,0.15842861,6.482459,119.50823,1.6040732,0.2091006,0.119639695,0.08946091,dusuk,Tarim,low_severity,,0.0,DUSUK
MAR_2023_01,MAR_2023_01_006150,40.06965,26.46495,0.7848748,0.63467926,0.2733357,6.839312,126.15612,1.5925217,0.2915758,0.11895867,0.17261712,orta-dusuk,Agaclik,low_severity,,0.0,DUSUK
MAR_2023_01,MAR_2023_01_006151,40.06966,26.46789,0.64262974,0.3735728,0.23962818,6.774918,154.90405,1.6199383,0.2592571,0.11521156,0.14404555,dusuk,Tarim,low_severity,,0.0,DUSUK
MAR_2023_01,MAR_2023_01_006227,40.06729,26.44152,0.84586906,0.37200958,0.21039644,5.2280707,74.36847,0.93340635,0.33963978,0.19660893,0.14303085,dusuk,Tarim,low_severity,,0.0,DUSUK
MAR_2023_01,MAR_2023_01_006228,40.0673,26.44445,0.5552773,0.7041128,0.20992962,5.551869,92.830154,1.1658858,0.30897897,0.15491986,0.15405911,dusuk,Agaclik,low_severity,,0.0,DUSUK
MAR_2023_01,MAR_2023_01_006229,40.06732,26.44738,0.99436694,0.8880054,0.21256363,4.4052496,94.70249,1.4043974,0.3069071,0.14777443,0.15913266,dusuk,Agaclik,low_severity,,0.0,DUSUK
MAR_2023_01,MAR_2023_01_006230,40.06733,26.45031,0.77271825,0.5218713,0.22176994,5.096323,102.8636,1.5380919,0.23650503,0.117137894,0.11936714,dusuk,Agaclik,low_severity,,0.0,DUSUK
MAR_2023_01,MAR_2023_01_006231,40.06734,26.45325,0.46949223,0.48866668,0.20864177,4.880855,108.53133,1.448159,0.26588607,0.1376496,0.12823647,dusuk,Agaclik,low_severity,,0.0,DUSUK
MAR_2023_01,MAR_2023_01_006232,40.06736,26.45618,0.9602131,0.81491786,0.26302943,6.9465594,120.856476,1.3977133,0.2667209,0.10180848,0.1649124,dusuk,Agaclik,low_severity,,0.0,DUSUK
MAR_2023_01,MAR_2023_01_006233,40.06737,26.45911,0.6430576,0.4617646,0.27112842,4.9854026,106.840225,1.3910573,0.2501908,0.097403474,0.15278733,orta-dusuk,Agaclik,low_severity,,0.0,DUSUK
MAR_2023_01,MAR_2023_01_006234,40.06739,26.46204,0.81787187,0.612789,0.25044072,5.330413,111.13296,1.3563557,0.26665413,0.1223315,0.14432263,dusuk,Agaclik,low_severity,,0.0,DUSUK
MAR_2023_01,MAR_2023_01_006235,40.0674,26.46497,0.74811214,0.70813084,0.26772645,6.7404923,138.38403,1.3426747,0.29110903,0.12020933,0.17089969,dusuk,Agaclik,low_severity,,0.0,DUSUK
MAR_2023_01,MAR_2023_01_006312,40.06504,26.44154,0.70827234,0.0012150524,0.12461825,3.8029058,66.09355,1.0608425,0.332753,0.22341542,0.10933758,dusuk,Tarim,low_severity,,0.0,DUSUK
MAR_2023_01,MAR_2023_01_006313,40.06505,26.44447,0.5986881,0.025579674,0.18423164,3.673397,75.54852,1.2702082,0.32492766,0.15877843,0.16614923,dusuk,Tarim,low_severity,,0.0,DUSUK
MAR_2023_01,MAR_2023_01_006314,40.06506,26.4474,0.8439674,0.7138748,0.2896772,3.4671912,80.63384,1.4586464,0.29333526,0.1161439,0.17719136,orta-dusuk,Agaclik,low_severity,,0.0,DUSUK
MAR_2023_01,MAR_2023_01_006315,40.06508,26.45033,0.7139704,0.5806208,0.29392254,3.4340734,94.307144,1.3168474,0.25423083,0.10208606,0.15214476,orta-dusuk,Agaclik,low_severity,,0.0,DUSUK
MAR_2023_01,MAR_2023_01_006317,40.06511,26.4562,0.5359605,0.26453632,0.2191616,5.083027,94.72454,1.1497666,0.24098307,0.12650487,0.1144782,dusuk,Tarim,low_severity,,0.0,DUSUK
MAR_2023_01,MAR_2023_01_006318,40.06512,26.45913,0.44872934,0.27307805,0.18540972,5.4033194,104.18674,1.1416658,0.21331295,0.12220206,0.09111089,dusuk,Tarim,low_severity,,0.0,DUSUK
MAR_2023_01,MAR_2023_01_006399,40.06281,26.44742,0.15866365,0.07731129,0.18827508,3.3365116,81.26966,1.273189,0.22390427,0.12895928,0.09494498,dusuk,Tarim,low_severity,,0.0,DUSUK
MAR_2023_01,MAR_2023_01_006400,40.06283,26.45035,0.4378913,0.045971557,0.20503044,3.5517163,82.62426,1.1079025,0.24057385,0.14258815,0.0979857,dusuk,Tarim,low_severity,,0.0,DUSUK
MAR_2023_01,MAR_2023_01_006401,40.06284,26.45328,0.4710898,0.0,0.17433816,3.0307922,85.83066,0.9792271,0.22109139,0.13335504,0.08773635,dusuk,Tarim,low_severity,,0.0,DUSUK
