cell_id,hukum,ek_kosullar,toparlanma_orani,tur_onerisi,tetikleyen,ozet,ayrinti,zamanlama_notu_var
MAR_2024_02_000090,IZLE,ESKIDEN_ORMAN_DEGIL|DUSUK_GUVEN,,,prediction_status=low_severity,"İzle, müdahale etme. Yangın bu kareyi ağır yakmamış (düşük şiddet, dNBR 0,15).","Model bu rejimde tahmin üretmiyor. Kendi toparlanması bekleniyor, müdahale listesine alınmıyor. Yangın öncesi örtü otlak ve çalılık idi; orman kurma değil, mevcut örtünün onarımı düşünülmeli. Bu bölgede referans yangınımız az — tahmin belirsizliği diğer bölgelerden yüksek, saha doğrulaması önerilir.",True
MAR_2024_02_000091,IZLE,ESKIDEN_ORMAN_DEGIL|DUSUK_GUVEN,,,prediction_status=low_severity,"İzle, müdahale etme. Yangın bu kareyi ağır yakmamış (düşük şiddet, dNBR 0,17).","Model bu rejimde tahmin üretmiyor. Kendi toparlanması bekleniyor, müdahale listesine alınmıyor. Yangın öncesi örtü otlak ve çalılık idi; orman kurma değil, mevcut örtünün onarımı düşünülmeli. Bu bölgede referans yangınımız az — tahmin belirsizliği diğer bölgelerden yüksek, saha doğrulaması önerilir.",True
MAR_2024_02_000138,IZLE,ESKIDEN_ORMAN_DEGIL|DUSUK_GUVEN,,,prediction_status=low_severity,"İzle, müdahale etme. Yangın bu kareyi ağır yakmamış (düşük şiddet, dNBR 0,11).","Model bu rejimde tahmin üretmiyor. Kendi toparlanması bekleniyor, müdahale listesine alınmıyor. Yangın öncesi örtü otlak ve çalılık idi; orman kurma değil, mevcut örtünün onarımı düşünülmeli. Bu bölgede referans yangınımız az — tahmin belirsizliği diğer bölgelerden yüksek, saha doğrulaması önerilir.",True
MAR_2024_02_000162,IZLE,ESKIDEN_ORMAN_DEGIL|DUSUK_GUVEN,,,prediction_status=low_severity,"İzle, müdahale etme. Yangın bu kareyi ağır yakmamış (düşük şiddet, dNBR 0,10).","Model bu rejimde tahmin üretmiyor. Kendi toparlanması bekleniyor, müdahale listesine alınmıyor. Yangın öncesi örtü otlak ve çalılık idi; orman kurma değil, mevcut örtünün onarımı düşünülmeli. Bu bölgede referans yangınımız az — tahmin belirsizliği diğer bölgelerden yüksek, saha doğrulaması önerilir.",True
MAR_2024_02_000163,IZLE,ESKIDEN_ORMAN_DEGIL|DUSUK_GUVEN,,,prediction_status=low_severity,"İzle, müdahale etme. Yangın bu kareyi ağır yakmamış (düşük şiddet, dNBR 0,11).","Model bu rejimde tahmin üretmiyor. Kendi toparlanması bekleniyor, müdahale listesine alınmıyor. Yangın öncesi örtü otlak ve çalılık idi; orman kurma değil, mevcut örtünün onarımı düşünülmeli. Bu bölgede referans yangınımız az — tahmin belirsizliği diğer bölgelerden yüksek, saha doğrulaması önerilir.",True
MAR_2024_02_000184,KAPSAM_DISI,,,,land_cover=Tarim,"Ağaçlandırma kapsamı dışı. Bu kare tarım alanı olarak sınıflanmış, orman rehabilitasyonu hedefi değil.",Öncelik sıralamasına dahil edilmiyor.,False
MAR_2024_02_000185,IZLE,ESKIDEN_ORMAN_DEGIL|DUSUK_GUVEN,,,prediction_status=low_severity,"İzle, müdahale etme. Yangın bu kareyi ağır yakmamış (düşük şiddet, dNBR 0,11).","Model bu rejimde tahmin üretmiyor. Kendi toparlanması bekleniyor, müdahale listesine alınmıyor. Yangın öncesi örtü otlak ve çalılık idi; orman kurma değil, mevcut örtünün onarımı düşünülmeli. Bu bölgede referans yangınımız az — tahmin belirsizliği diğer bölgelerden yüksek, saha doğrulaması önerilir.",True
MAR_2024_02_000208,IZLE,ESKIDEN_ORMAN_DEGIL|DUSUK_GUVEN,,,prediction_status=low_severity,"İzle, müdahale etme. Yangın bu kareyi ağır yakmamış (düşük şiddet, dNBR 0,13).","Model bu rejimde tahmin üretmiyor. Kendi toparlanması bekleniyor, müdahale listesine alınmıyor. Yangın öncesi örtü otlak ve çalılık idi; orman kurma değil, mevcut örtünün onarımı düşünülmeli. Bu bölgede referans yangınımız az — tahmin belirsizliği diğer bölgelerden yüksek, saha doğrulaması önerilir.",True
MAR_2024_02_000211,IZLE,ESKIDEN_ORMAN_DEGIL|DUSUK_GUVEN,,,prediction_status=low_severity,"İzle, müdahale etme. Yangın bu kareyi ağır yakmamış (düşük şiddet, dNBR 0,10).","Model bu rejimde tahmin üretmiyor. Kendi toparlanması bekleniyor, müdahale listesine alınmıyor. Yangın öncesi örtü otlak ve çalılık idi; orman kurma değil, mevcut örtünün onarımı düşünülmeli. Bu bölgede referans yangınımız az — tahmin belirsizliği diğer bölgelerden yüksek, saha doğrulaması önerilir.",True
MAR_2024_02_000231,KAPSAM_DISI,,,,land_cover=Tarim,"Ağaçlandırma kapsamı dışı. Bu kare tarım alanı olarak sınıflanmış, orman rehabilitasyonu hedefi değil.",Öncelik sıralamasına dahil edilmiyor.,False
MAR_2024_02_000232,KAPSAM_DISI,,,,land_cover=Tarim,"Ağaçlandırma kapsamı dışı. Bu kare tarım alanı olarak sınıflanmış, orman rehabilitasyonu hedefi değil.",Öncelik sıralamasına dahil edilmiyor.,False
MAR_2024_02_000252,IZLE,ESKIDEN_ORMAN_DEGIL|DUSUK_GUVEN,,,prediction_status=low_severity,"İzle, müdahale etme. Yangın bu kareyi ağır yakmamış (düşük şiddet, dNBR 0,11).","Model bu rejimde tahmin üretmiyor. Kendi toparlanması bekleniyor, müdahale listesine alınmıyor. Yangın öncesi örtü otlak ve çalılık idi; orman kurma değil, mevcut örtünün onarımı düşünülmeli. Bu bölgede referans yangınımız az — tahmin belirsizliği diğer bölgelerden yüksek, saha doğrulaması önerilir.",True
MAR_2024_02_000254,IZLE,ESKIDEN_ORMAN_DEGIL|DUSUK_GUVEN,,,prediction_status=low_severity,"İzle, müdahale etme. Yangın bu kareyi ağır yakmamış (düşük şiddet, dNBR 0,13).","Model bu rejimde tahmin üretmiyor. Kendi toparlanması bekleniyor, müdahale listesine alınmıyor. Yangın öncesi örtü otlak ve çalılık idi; orman kurma değil, mevcut örtünün onarımı düşünülmeli. Bu bölgede referans yangınımız az — tahmin belirsizliği diğer bölgelerden yüksek, saha doğrulaması önerilir.",True
MAR_2024_02_000255,IZLE,ESKIDEN_ORMAN_DEGIL|DUSUK_GUVEN,,,prediction_status=low_severity,"İzle, müdahale etme. Yangın bu kareyi ağır yakmamış (düşük şiddet, dNBR 0,16).","Model bu rejimde tahmin üretmiyor. Kendi toparlanması bekleniyor, müdahale listesine alınmıyor. Yangın öncesi örtü otlak ve çalılık idi; orman kurma değil, mevcut örtünün onarımı düşünülmeli. Bu bölgede referans yangınımız az — tahmin belirsizliği diğer bölgelerden yüksek, saha doğrulaması önerilir.",True
MAR_2024_02_000256,IZLE,ESKIDEN_ORMAN_DEGIL|DUSUK_GUVEN,,,prediction_status=low_severity,"İzle, müdahale etme. Yangın bu kareyi ağır yakmamış (düşük şiddet, dNBR 0,13).","Model bu rejimde tahmin üretmiyor. Kendi toparlanması bekleniyor, müdahale listesine alınmıyor. Yangın öncesi örtü otlak ve çalılık idi; orman kurma değil, mevcut örtünün onarımı düşünülmeli. Bu bölgede referans yangınımız az — tahmin belirsizliği diğer bölgelerden yüksek, saha doğrulaması önerilir.",True
MAR_2024_02_000257,IZLE,ESKIDEN_ORMAN_DEGIL|DUSUK_GUVEN,,,prediction_status=low_severity,"İzle, müdahale etme. Yangın bu kareyi ağır yakmamış (düşük şiddet, dNBR 0,10).","Model bu rejimde tahmin üretmiyor. Kendi toparlanması bekleniyor, müdahale listesine alınmıyor. Yangın öncesi örtü otlak ve çalılık idi; orman kurma değil, mevcut örtünün onarımı düşünülmeli. Bu bölgede referans yangınımız az — tahmin belirsizliği diğer bölgelerden yüksek, saha doğrulaması önerilir.",True
MAR_2024_02_000258,IZLE,ESKIDEN_ORMAN_DEGIL|DUSUK_GUVEN,,,prediction_status=low_severity,"İzle, müdahale etme. Yangın bu kareyi ağır yakmamış (düşük şiddet, dNBR 0,10).","Model bu rejimde tahmin üretmiyor. Kendi toparlanması bekleniyor, müdahale listesine alınmıyor. Yangın öncesi örtü otlak ve çalılık idi; orman kurma değil, mevcut örtünün onarımı düşünülmeli. Bu bölgede referans yangınımız az — tahmin belirsizliği diğer bölgelerden yüksek, saha doğrulaması önerilir.",True
MAR_2024_02_000259,IZLE,ESKIDEN_ORMAN_DEGIL|DUSUK_GUVEN,,,prediction_status=low_severity,"İzle, müdahale etme. Yangın bu kareyi ağır yakmamış (düşük şiddet, dNBR 0,10).","Model bu rejimde tahmin üretmiyor. Kendi toparlanması bekleniyor, müdahale listesine alınmıyor. Yangın öncesi örtü otlak ve çalılık idi; orman kurma değil, mevcut örtünün onarımı düşünülmeli. Bu bölgede referans yangınımız az — tahmin belirsizliği diğer bölgelerden yüksek, saha doğrulaması önerilir.",True
MAR_2024_02_000301,IZLE,ESKIDEN_ORMAN_DEGIL|DUSUK_GUVEN,,,prediction_status=low_severity,"İzle, müdahale etme. Yangın bu kareyi ağır yakmamış (düşük şiddet, dNBR 0,11).","Model bu rejimde tahmin üretmiyor. Kendi toparlanması bekleniyor, müdahale listesine alınmıyor. Yangın öncesi örtü otlak ve çalılık idi; orman kurma değil, mevcut örtünün onarımı düşünülmeli. Bu bölgede referans yangınımız az — tahmin belirsizliği diğer bölgelerden yüksek, saha doğrulaması önerilir.",True
MAR_2024_02_000302,IZLE,ESKIDEN_ORMAN_DEGIL|DUSUK_GUVEN,,,prediction_status=low_severity,"İzle, müdahale etme. Yangın bu kareyi ağır yakmamış (düşük şiddet, dNBR 0,14).","Model bu rejimde tahmin üretmiyor. Kendi toparlanması bekleniyor, müdahale listesine alınmıyor. Yangın öncesi örtü otlak ve çalılık idi; orman kurma değil, mevcut örtünün onarımı düşünülmeli. Bu bölgede referans yangınımız az — tahmin belirsizliği diğer bölgelerden yüksek, saha doğrulaması önerilir.",True
MAR_2024_02_000303,IZLE,ESKIDEN_ORMAN_DEGIL|DUSUK_GUVEN,,,prediction_status=low_severity,"İzle, müdahale etme. Yangın bu kareyi ağır yakmamış (düşük şiddet, dNBR 0,11).","Model bu rejimde tahmin üretmiyor. Kendi toparlanması bekleniyor, müdahale listesine alınmıyor. Yangın öncesi örtü otlak ve çalılık idi; orman kurma değil, mevcut örtünün onarımı düşünülmeli. Bu bölgede referans yangınımız az — tahmin belirsizliği diğer bölgelerden yüksek, saha doğrulaması önerilir.",True
MAR_2024_02_000347,IZLE,ESKIDEN_ORMAN_DEGIL|DUSUK_GUVEN,,,prediction_status=low_severity,"İzle, müdahale etme. Yangın bu kareyi ağır yakmamış (düşük şiddet, dNBR 0,14).","Model bu rejimde tahmin üretmiyor. Kendi toparlanması bekleniyor, müdahale listesine alınmıyor. Yangın öncesi örtü otlak ve çalılık idi; orman kurma değil, mevcut örtünün onarımı düşünülmeli. Bu bölgede referans yangınımız az — tahmin belirsizliği diğer bölgelerden yüksek, saha doğrulaması önerilir.",True
MAR_2024_02_000348,IZLE,ESKIDEN_ORMAN_DEGIL|DUSUK_GUVEN,,,prediction_status=low_severity,"İzle, müdahale etme. Yangın bu kareyi ağır yakmamış (düşük şiddet, dNBR 0,12).","Model bu rejimde tahmin üretmiyor. Kendi toparlanması bekleniyor, müdahale listesine alınmıyor. Yangın öncesi örtü otlak ve çalılık idi; orman kurma değil, mevcut örtünün onarımı düşünülmeli. Bu bölgede referans yangınımız az — tahmin belirsizliği diğer bölgelerden yüksek, saha doğrulaması önerilir.",True
MAR_2024_02_000372,KAPSAM_DISI,,,,land_cover=Tarim,"Ağaçlandırma kapsamı dışı. Bu kare tarım alanı olarak sınıflanmış, orman rehabilitasyonu hedefi değil.",Öncelik sıralamasına dahil edilmiyor.,False
MAR_2024_02_000398,IZLE,ESKIDEN_ORMAN_DEGIL|DUSUK_GUVEN,,,prediction_status=low_severity,"İzle, müdahale etme. Yangın bu kareyi ağır yakmamış (düşük şiddet, dNBR 0,12).","Model bu rejimde tahmin üretmiyor. Kendi toparlanması bekleniyor, müdahale listesine alınmıyor. Yangın öncesi örtü otlak ve çalılık idi; orman kurma değil, mevcut örtünün onarımı düşünülmeli. Bu bölgede referans yangınımız az — tahmin belirsizliği diğer bölgelerden yüksek, saha doğrulaması önerilir.",True
MAR_2024_02_000399,IZLE,ESKIDEN_ORMAN_DEGIL|DUSUK_GUVEN,,,prediction_status=low_severity,"İzle, müdahale etme. Yangın bu kareyi ağır yakmamış (düşük şiddet, dNBR 0,13).","Model bu rejimde tahmin üretmiyor. Kendi toparlanması bekleniyor, müdahale listesine alınmıyor. Yangın öncesi örtü otlak ve çalılık idi; orman kurma değil, mevcut örtünün onarımı düşünülmeli. Bu bölgede referans yangınımız az — tahmin belirsizliği diğer bölgelerden yüksek, saha doğrulaması önerilir.",True
MAR_2024_02_000417,KAPSAM_DISI,,,,land_cover=Tarim,"Ağaçlandırma kapsamı dışı. Bu kare tarım alanı olarak sınıflanmış, orman rehabilitasyonu hedefi değil.",Öncelik sıralamasına dahil edilmiyor.,False
MAR_2024_02_000447,IZLE,ESKIDEN_ORMAN_DEGIL|DUSUK_GUVEN,,,prediction_status=low_severity,"İzle, müdahale etme. Yangın bu kareyi ağır yakmamış (düşük şiddet, dNBR 0,11).","Model bu rejimde tahmin üretmiyor. Kendi toparlanması bekleniyor, müdahale listesine alınmıyor. Yangın öncesi örtü otlak ve çalılık idi; orman kurma değil, mevcut örtünün onarımı düşünülmeli. Bu bölgede referans yangınımız az — tahmin belirsizliği diğer bölgelerden yüksek, saha doğrulaması önerilir.",True
MAR_2024_02_000464,KAPSAM_DISI,,,,land_cover=Tarim,"Ağaçlandırma kapsamı dışı. Bu kare tarım alanı olarak sınıflanmış, orman rehabilitasyonu hedefi değil.",Öncelik sıralamasına dahil edilmiyor.,False
MAR_2024_02_000465,IZLE,ESKIDEN_ORMAN_DEGIL|DUSUK_GUVEN,,,prediction_status=low_severity,"İzle, müdahale etme. Yangın bu kareyi ağır yakmamış (düşük şiddet, dNBR 0,12).","Model bu rejimde tahmin üretmiyor. Kendi toparlanması bekleniyor, müdahale listesine alınmıyor. Yangın öncesi örtü otlak ve çalılık idi; orman kurma değil, mevcut örtünün onarımı düşünülmeli. Bu bölgede referans yangınımız az — tahmin belirsizliği diğer bölgelerden yüksek, saha doğrulaması önerilir.",True
MAR_2024_02_000466,IZLE,ESKIDEN_ORMAN_DEGIL|DUSUK_GUVEN,,,prediction_status=low_severity,"İzle, müdahale etme. Yangın bu kareyi ağır yakmamış (düşük şiddet, dNBR 0,10).","Model bu rejimde tahmin üretmiyor. Kendi toparlanması bekleniyor, müdahale listesine alınmıyor. Yangın öncesi örtü otlak ve çalılık idi; orman kurma değil, mevcut örtünün onarımı düşünülmeli. Bu bölgede referans yangınımız az — tahmin belirsizliği diğer bölgelerden yüksek, saha doğrulaması önerilir.",True
MAR_2024_02_000468,IZLE,ESKIDEN_ORMAN_DEGIL|DIK_YAMAC|DUSUK_GUVEN,,,prediction_status=low_severity,"İzle, müdahale etme. Yangın bu kareyi ağır yakmamış (düşük şiddet, dNBR 0,12).","Model bu rejimde tahmin üretmiyor. Kendi toparlanması bekleniyor, müdahale listesine alınmıyor. Yangın öncesi örtü otlak ve çalılık idi; orman kurma değil, mevcut örtünün onarımı düşünülmeli. Eğim 27,6° ile yüksek; makineli çalışma sınırlı olabilir. Bu bölgede referans yangınımız az — tahmin belirsizliği diğer bölgelerden yüksek, saha doğrulaması önerilir.",True
MAR_2024_02_000511,KAPSAM_DISI,,,,land_cover=Tarim,"Ağaçlandırma kapsamı dışı. Bu kare tarım alanı olarak sınıflanmış, orman rehabilitasyonu hedefi değil.",Öncelik sıralamasına dahil edilmiyor.,False
MAR_2024_02_000512,KAPSAM_DISI,,,,land_cover=Tarim,"Ağaçlandırma kapsamı dışı. Bu kare tarım alanı olarak sınıflanmış, orman rehabilitasyonu hedefi değil.",Öncelik sıralamasına dahil edilmiyor.,False
MAR_2024_02_000513,KAPSAM_DISI,,,,land_cover=Yerlesim,"Ağaçlandırma kapsamı dışı. Bu kare yerleşim alanı olarak sınıflanmış, orman rehabilitasyonu hedefi değil.",Öncelik sıralamasına dahil edilmiyor.,False
MAR_2024_02_000514,IZLE,ESKIDEN_ORMAN_DEGIL|DUSUK_GUVEN,,,prediction_status=low_severity,"İzle, müdahale etme. Yangın bu kareyi ağır yakmamış (düşük şiddet, dNBR 0,11).","Model bu rejimde tahmin üretmiyor. Kendi toparlanması bekleniyor, müdahale listesine alınmıyor. Yangın öncesi örtü otlak ve çalılık idi; orman kurma değil, mevcut örtünün onarımı düşünülmeli. Bu bölgede referans yangınımız az — tahmin belirsizliği diğer bölgelerden yüksek, saha doğrulaması önerilir.",True
MAR_2024_02_000515,IZLE,ESKIDEN_ORMAN_DEGIL|DIK_YAMAC|DUSUK_GUVEN,,,prediction_status=low_severity,"İzle, müdahale etme. Yangın bu kareyi ağır yakmamış (düşük şiddet, dNBR 0,10).","Model bu rejimde tahmin üretmiyor. Kendi toparlanması bekleniyor, müdahale listesine alınmıyor. Yangın öncesi örtü otlak ve çalılık idi; orman kurma değil, mevcut örtünün onarımı düşünülmeli. Eğim 27,6° ile yüksek; makineli çalışma sınırlı olabilir. Bu bölgede referans yangınımız az — tahmin belirsizliği diğer bölgelerden yüksek, saha doğrulaması önerilir.",True
MAR_2024_02_000559,KAPSAM_DISI,,,,land_cover=Tarim,"Ağaçlandırma kapsamı dışı. Bu kare tarım alanı olarak sınıflanmış, orman rehabilitasyonu hedefi değil.",Öncelik sıralamasına dahil edilmiyor.,False
MAR_2024_02_000661,IZLE,ESKIDEN_ORMAN_DEGIL|DUSUK_GUVEN,,,prediction_status=low_severity,"İzle, müdahale etme. Yangın bu kareyi ağır yakmamış (düşük şiddet, dNBR 0,13).","Model bu rejimde tahmin üretmiyor. Kendi toparlanması bekleniyor, müdahale listesine alınmıyor. Yangın öncesi örtü otlak ve çalılık idi; orman kurma değil, mevcut örtünün onarımı düşünülmeli. Bu bölgede referans yangınımız az — tahmin belirsizliği diğer bölgelerden yüksek, saha doğrulaması önerilir.",True
MAR_2024_02_000666,IZLE,ESKIDEN_ORMAN_DEGIL|DUSUK_GUVEN,,,prediction_status=low_severity,"İzle, müdahale etme. Yangın bu kareyi ağır yakmamış (düşük şiddet, dNBR 0,15).","Model bu rejimde tahmin üretmiyor. Kendi toparlanması bekleniyor, müdahale listesine alınmıyor. Yangın öncesi örtü otlak ve çalılık idi; orman kurma değil, mevcut örtünün onarımı düşünülmeli. Bu bölgede referans yangınımız az — tahmin belirsizliği diğer bölgelerden yüksek, saha doğrulaması önerilir.",True
MAR_2024_02_000667,IZLE,ESKIDEN_ORMAN_DEGIL|DUSUK_GUVEN,,,prediction_status=low_severity,"İzle, müdahale etme. Yangın bu kareyi ağır yakmamış (düşük şiddet, dNBR 0,15).","Model bu rejimde tahmin üretmiyor. Kendi toparlanması bekleniyor, müdahale listesine alınmıyor. Yangın öncesi örtü otlak ve çalılık idi; orman kurma değil, mevcut örtünün onarımı düşünülmeli. Bu bölgede referans yangınımız az — tahmin belirsizliği diğer bölgelerden yüksek, saha doğrulaması önerilir.",True
MAR_2024_02_000712,IZLE,ESKIDEN_ORMAN_DEGIL|DUSUK_GUVEN,,,prediction_status=low_severity,"İzle, müdahale etme. Yangın bu kareyi ağır yakmamış (düşük şiddet, dNBR 0,14).","Model bu rejimde tahmin üretmiyor. Kendi toparlanması bekleniyor, müdahale listesine alınmıyor. Yangın öncesi örtü otlak ve çalılık idi; orman kurma değil, mevcut örtünün onarımı düşünülmeli. Bu bölgede referans yangınımız az — tahmin belirsizliği diğer bölgelerden yüksek, saha doğrulaması önerilir.",True
MAR_2024_02_000713,IZLE,ESKIDEN_ORMAN_DEGIL|DUSUK_GUVEN,,,prediction_status=low_severity,"İzle, müdahale etme. Yangın bu kareyi ağır yakmamış (düşük şiddet, dNBR 0,18).","Model bu rejimde tahmin üretmiyor. Kendi toparlanması bekleniyor, müdahale listesine alınmıyor. Yangın öncesi örtü otlak ve çalılık idi; orman kurma değil, mevcut örtünün onarımı düşünülmeli. Bu bölgede referans yangınımız az — tahmin belirsizliği diğer bölgelerden yüksek, saha doğrulaması önerilir.",True
MAR_2024_02_000714,IZLE,ESKIDEN_ORMAN_DEGIL|DUSUK_GUVEN,,,prediction_status=low_severity,"İzle, müdahale etme. Yangın bu kareyi ağır yakmamış (düşük şiddet, dNBR 0,18).","Model bu rejimde tahmin üretmiyor. Kendi toparlanması bekleniyor, müdahale listesine alınmıyor. Yangın öncesi örtü otlak ve çalılık idi; orman kurma değil, mevcut örtünün onarımı düşünülmeli. Bu bölgede referans yangınımız az — tahmin belirsizliği diğer bölgelerden yüksek, saha doğrulaması önerilir.",True
MAR_2024_02_000716,IZLE,SEYREK_ORTU|DUSUK_GUVEN,,,prediction_status=low_severity,"İzle, müdahale etme. Yangın bu kareyi ağır yakmamış (düşük şiddet, dNBR 0,11).","Model bu rejimde tahmin üretmiyor. Kendi toparlanması bekleniyor, müdahale listesine alınmıyor. Yangın öncesi ağaç örtüsü zaten seyrekti (%24) — buradaki açığın tamamı yangından kaynaklanmıyor olabilir. Bu bölgede referans yangınımız az — tahmin belirsizliği diğer bölgelerden yüksek, saha doğrulaması önerilir.",True
MAR_2024_02_000729,IZLE,ESKIDEN_ORMAN_DEGIL|DUSUK_GUVEN,,,prediction_status=low_severity,"İzle, müdahale etme. Yangın bu kareyi ağır yakmamış (düşük şiddet, dNBR 0,11).","Model bu rejimde tahmin üretmiyor. Kendi toparlanması bekleniyor, müdahale listesine alınmıyor. Yangın öncesi örtü otlak ve çalılık idi; orman kurma değil, mevcut örtünün onarımı düşünülmeli. Bu bölgede referans yangınımız az — tahmin belirsizliği diğer bölgelerden yüksek, saha doğrulaması önerilir.",True
MAR_2024_02_000733,KAPSAM_DISI,,,,land_cover=Yerlesim,"Ağaçlandırma kapsamı dışı. Bu kare yerleşim alanı olarak sınıflanmış, orman rehabilitasyonu hedefi değil.",Öncelik sıralamasına dahil edilmiyor.,False
MAR_2024_02_000734,IZLE,ESKIDEN_ORMAN_DEGIL|DUSUK_GUVEN,,,prediction_status=low_severity,"İzle, müdahale etme. Yangın bu kareyi ağır yakmamış (düşük şiddet, dNBR 0,12).","Model bu rejimde tahmin üretmiyor. Kendi toparlanması bekleniyor, müdahale listesine alınmıyor. Yangın öncesi örtü otlak ve çalılık idi; orman kurma değil, mevcut örtünün onarımı düşünülmeli. Bu bölgede referans yangınımız az — tahmin belirsizliği diğer bölgelerden yüksek, saha doğrulaması önerilir.",True
MAR_2024_02_000760,IZLE,ESKIDEN_ORMAN_DEGIL|DUSUK_GUVEN,,,prediction_status=low_severity,"İzle, müdahale etme. Yangın bu kareyi ağır yakmamış (düşük şiddet, dNBR 0,12).","Model bu rejimde tahmin üretmiyor. Kendi toparlanması bekleniyor, müdahale listesine alınmıyor. Yangın öncesi örtü otlak ve çalılık idi; orman kurma değil, mevcut örtünün onarımı düşünülmeli. Bu bölgede referans yangınımız az — tahmin belirsizliği diğer bölgelerden yüksek, saha doğrulaması önerilir.",True
MAR_2024_02_000761,IZLE,ESKIDEN_ORMAN_DEGIL|DUSUK_GUVEN,,,prediction_status=low_severity,"İzle, müdahale etme. Yangın bu kareyi ağır yakmamış (düşük şiddet, dNBR 0,13).","Model bu rejimde tahmin üretmiyor. Kendi toparlanması bekleniyor, müdahale listesine alınmıyor. Yangın öncesi örtü otlak ve çalılık idi; orman kurma değil, mevcut örtünün onarımı düşünülmeli. Bu bölgede referans yangınımız az — tahmin belirsizliği diğer bölgelerden yüksek, saha doğrulaması önerilir.",True
MAR_2024_02_000764,IZLE,ESKIDEN_ORMAN_DEGIL|DUSUK_GUVEN,,,prediction_status=low_severity,"İzle, müdahale etme. Yangın bu kareyi ağır yakmamış (düşük şiddet, dNBR 0,10).","Model bu rejimde tahmin üretmiyor. Kendi toparlanması bekleniyor, müdahale listesine alınmıyor. Yangın öncesi örtü otlak ve çalılık idi; orman kurma değil, mevcut örtünün onarımı düşünülmeli. Bu bölgede referans yangınımız az — tahmin belirsizliği diğer bölgelerden yüksek, saha doğrulaması önerilir.",True
MAR_2024_02_000765,IZLE,ESKIDEN_ORMAN_DEGIL|DUSUK_GUVEN,,,prediction_status=low_severity,"İzle, müdahale etme. Yangın bu kareyi ağır yakmamış (düşük şiddet, dNBR 0,10).","Model bu rejimde tahmin üretmiyor. Kendi toparlanması bekleniyor, müdahale listesine alınmıyor. Yangın öncesi örtü otlak ve çalılık idi; orman kurma değil, mevcut örtünün onarımı düşünülmeli. Bu bölgede referans yangınımız az — tahmin belirsizliği diğer bölgelerden yüksek, saha doğrulaması önerilir.",True
MAR_2024_02_000811,IZLE,ESKIDEN_ORMAN_DEGIL|DUSUK_GUVEN,,,prediction_status=low_severity,"İzle, müdahale etme. Yangın bu kareyi ağır yakmamış (düşük şiddet, dNBR 0,13).","Model bu rejimde tahmin üretmiyor. Kendi toparlanması bekleniyor, müdahale listesine alınmıyor. Yangın öncesi örtü otlak ve çalılık idi; orman kurma değil, mevcut örtünün onarımı düşünülmeli. Bu bölgede referans yangınımız az — tahmin belirsizliği diğer bölgelerden yüksek, saha doğrulaması önerilir.",True
MAR_2024_02_000812,IZLE,ESKIDEN_ORMAN_DEGIL|DUSUK_GUVEN,,,prediction_status=low_severity,"İzle, müdahale etme. Yangın bu kareyi ağır yakmamış (düşük şiddet, dNBR 0,12).","Model bu rejimde tahmin üretmiyor. Kendi toparlanması bekleniyor, müdahale listesine alınmıyor. Yangın öncesi örtü otlak ve çalılık idi; orman kurma değil, mevcut örtünün onarımı düşünülmeli. Bu bölgede referans yangınımız az — tahmin belirsizliği diğer bölgelerden yüksek, saha doğrulaması önerilir.",True
MAR_2024_02_000865,IZLE,ESKIDEN_ORMAN_DEGIL|DUSUK_GUVEN,,,prediction_status=low_severity,"İzle, müdahale etme. Yangın bu kareyi ağır yakmamış (düşük şiddet, dNBR 0,11).","Model bu rejimde tahmin üretmiyor. Kendi toparlanması bekleniyor, müdahale listesine alınmıyor. Yangın öncesi örtü otlak ve çalılık idi; orman kurma değil, mevcut örtünün onarımı düşünülmeli. Bu bölgede referans yangınımız az — tahmin belirsizliği diğer bölgelerden yüksek, saha doğrulaması önerilir.",True
MAR_2024_02_000911,IZLE,ESKIDEN_ORMAN_DEGIL|DUSUK_GUVEN,,,prediction_status=low_severity,"İzle, müdahale etme. Yangın bu kareyi ağır yakmamış (düşük şiddet, dNBR 0,13).","Model bu rejimde tahmin üretmiyor. Kendi toparlanması bekleniyor, müdahale listesine alınmıyor. Yangın öncesi örtü otlak ve çalılık idi; orman kurma değil, mevcut örtünün onarımı düşünülmeli. Bu bölgede referans yangınımız az — tahmin belirsizliği diğer bölgelerden yüksek, saha doğrulaması önerilir.",True
MAR_2024_02_000919,IZLE,ESKIDEN_ORMAN_DEGIL|DUSUK_GUVEN,,,prediction_status=low_severity,"İzle, müdahale etme. Yangın bu kareyi ağır yakmamış (düşük şiddet, dNBR 0,16).","Model bu rejimde tahmin üretmiyor. Kendi toparlanması bekleniyor, müdahale listesine alınmıyor. Yangın öncesi örtü otlak ve çalılık idi; orman kurma değil, mevcut örtünün onarımı düşünülmeli. Bu bölgede referans yangınımız az — tahmin belirsizliği diğer bölgelerden yüksek, saha doğrulaması önerilir.",True
MAR_2024_02_000920,IZLE,ESKIDEN_ORMAN_DEGIL|DUSUK_GUVEN,,,prediction_status=low_severity,"İzle, müdahale etme. Yangın bu kareyi ağır yakmamış (düşük şiddet, dNBR 0,26).","Model bu rejimde tahmin üretmiyor. Kendi toparlanması bekleniyor, müdahale listesine alınmıyor. Yangın öncesi örtü otlak ve çalılık idi; orman kurma değil, mevcut örtünün onarımı düşünülmeli. Bu bölgede referans yangınımız az — tahmin belirsizliği diğer bölgelerden yüksek, saha doğrulaması önerilir.",True
MAR_2024_02_000921,IZLE,ESKIDEN_ORMAN_DEGIL|DUSUK_GUVEN,,,prediction_status=low_severity,"İzle, müdahale etme. Yangın bu kareyi ağır yakmamış (düşük şiddet, dNBR 0,14).","Model bu rejimde tahmin üretmiyor. Kendi toparlanması bekleniyor, müdahale listesine alınmıyor. Yangın öncesi örtü otlak ve çalılık idi; orman kurma değil, mevcut örtünün onarımı düşünülmeli. Bu bölgede referans yangınımız az — tahmin belirsizliği diğer bölgelerden yüksek, saha doğrulaması önerilir.",True
MAR_2024_02_000957,IZLE,ESKIDEN_ORMAN_DEGIL|DUSUK_GUVEN,,,prediction_status=low_severity,"İzle, müdahale etme. Yangın bu kareyi ağır yakmamış (düşük şiddet, dNBR 0,21).","Model bu rejimde tahmin üretmiyor. Kendi toparlanması bekleniyor, müdahale listesine alınmıyor. Yangın öncesi örtü otlak ve çalılık idi; orman kurma değil, mevcut örtünün onarımı düşünülmeli. Bu bölgede referans yangınımız az — tahmin belirsizliği diğer bölgelerden yüksek, saha doğrulaması önerilir.",True
MAR_2024_02_000958,IZLE,ESKIDEN_ORMAN_DEGIL|DUSUK_GUVEN,,,prediction_status=low_severity,"İzle, müdahale etme. Yangın bu kareyi ağır yakmamış (düşük şiddet, dNBR 0,21).","Model bu rejimde tahmin üretmiyor. Kendi toparlanması bekleniyor, müdahale listesine alınmıyor. Yangın öncesi örtü otlak ve çalılık idi; orman kurma değil, mevcut örtünün onarımı düşünülmeli. Bu bölgede referans yangınımız az — tahmin belirsizliği diğer bölgelerden yüksek, saha doğrulaması önerilir.",True
MAR_2024_02_000959,IZLE,ESKIDEN_ORMAN_DEGIL|DUSUK_GUVEN,,,prediction_status=low_severity,"İzle, müdahale etme. Yangın bu kareyi ağır yakmamış (düşük şiddet, dNBR 0,16).","Model bu rejimde tahmin üretmiyor. Kendi toparlanması bekleniyor, müdahale listesine alınmıyor. Yangın öncesi örtü otlak ve çalılık idi; orman kurma değil, mevcut örtünün onarımı düşünülmeli. Bu bölgede referans yangınımız az — tahmin belirsizliği diğer bölgelerden yüksek, saha doğrulaması önerilir.",True
MAR_2024_02_000965,IZLE,ESKIDEN_ORMAN_DEGIL|DUSUK_GUVEN,,,prediction_status=low_severity,"İzle, müdahale etme. Yangın bu kareyi ağır yakmamış (düşük şiddet, dNBR 0,22).","Model bu rejimde tahmin üretmiyor. Kendi toparlanması bekleniyor, müdahale listesine alınmıyor. Yangın öncesi örtü otlak ve çalılık idi; orman kurma değil, mevcut örtünün onarımı düşünülmeli. Bu bölgede referans yangınımız az — tahmin belirsizliği diğer bölgelerden yüksek, saha doğrulaması önerilir.",True
MAR_2024_02_000966,ONCELIGE_GORE,ESKIDEN_ORMAN_DEGIL|DUSUK_GUVEN,0.4213,,toparlanma=0.42 0.35..0.50,Öncelik sırasına göre değerlendir. Kısmi toparlanma bekleniyor; müdahale kararı bütçeye ve sıraya bağlı.,"Modelin tahminine göre yangın öncesi örtünün %42 kadarı iki yılda geri gelecek. Ne kendi kapanacak kadar iyi ne de acil müdahale gerektirecek kadar kötü — öncelik skoru bu kareyi sıranın neresine koyduğuna bakın. Yangın öncesi örtü otlak ve çalılık idi; orman kurma değil, mevcut örtünün onarımı düşünülmeli. Bu bölgede referans yangınımız az — tahmin belirsizliği diğer bölgelerden yüksek, saha doğrulaması önerilir.",True
MAR_2024_02_000967,DIKIM_ADAYI,ESKIDEN_ORMAN_DEGIL|DUSUK_GUVEN,0.3259,"maki türleri, kermes meşesi",toparlanma=0.33 <0.35,"Aktif dikim adayı. Doğal toparlanma zayıf kalıyor, eğim (11,8°) dikime elverişli.","Modelin tahminine göre yangın öncesi örtünün ancak %33 kadarı iki yılda geri gelecek — kendi başına kapanmayacak bir açık var. Yangın öncesi örtü otlak ve çalılık idi; orman kurma değil, mevcut örtünün onarımı düşünülmeli. Bu bölgede referans yangınımız az — tahmin belirsizliği diğer bölgelerden yüksek, saha doğrulaması önerilir. Yetişme ortamı: Marmara kuşağı, 530 m, orta eğimli (10–25°). Bu koşullar için önerilen türler: maki türleri, kermes meşesi. Tür önerisi sistemin çıkarımı değil, dışarıdan verilen tablodan okunmuştur. Tablo: ÖRNEK TABLO — OGM tür-yetişme ortamı rehberi ile değiştirilecek",True
MAR_2024_02_000968,DIKIM_ADAYI,DUSUK_GUVEN,0.272,"meşe, kayın, karaçam",toparlanma=0.27 <0.35,"Aktif dikim adayı. Doğal toparlanma zayıf kalıyor, eğim (11,8°) dikime elverişli.","Modelin tahminine göre yangın öncesi örtünün ancak %27 kadarı iki yılda geri gelecek — kendi başına kapanmayacak bir açık var. Bu bölgede referans yangınımız az — tahmin belirsizliği diğer bölgelerden yüksek, saha doğrulaması önerilir. Yetişme ortamı: Marmara kuşağı, 535 m, orta eğimli (10–25°). Bu koşullar için önerilen türler: meşe, kayın, karaçam. Tür önerisi sistemin çıkarımı değil, dışarıdan verilen tablodan okunmuştur. Tablo: ÖRNEK TABLO — OGM tür-yetişme ortamı rehberi ile değiştirilecek",True
MAR_2024_02_000969,IZLE,DUSUK_GUVEN,,,prediction_status=low_severity,"İzle, müdahale etme. Yangın bu kareyi ağır yakmamış (düşük şiddet, dNBR 0,15).","Model bu rejimde tahmin üretmiyor. Kendi toparlanması bekleniyor, müdahale listesine alınmıyor. Bu bölgede referans yangınımız az — tahmin belirsizliği diğer bölgelerden yüksek, saha doğrulaması önerilir.",True
MAR_2024_02_001004,IZLE,ESKIDEN_ORMAN_DEGIL|DUSUK_GUVEN,,,prediction_status=low_severity,"İzle, müdahale etme. Yangın bu kareyi ağır yakmamış (düşük şiddet, dNBR 0,12).","Model bu rejimde tahmin üretmiyor. Kendi toparlanması bekleniyor, müdahale listesine alınmıyor. Yangın öncesi örtü otlak ve çalılık idi; orman kurma değil, mevcut örtünün onarımı düşünülmeli. Bu bölgede referans yangınımız az — tahmin belirsizliği diğer bölgelerden yüksek, saha doğrulaması önerilir.",True
MAR_2024_02_001005,IZLE,ESKIDEN_ORMAN_DEGIL|DUSUK_GUVEN,,,prediction_status=low_severity,"İzle, müdahale etme. Yangın bu kareyi ağır yakmamış (düşük şiddet, dNBR 0,25).","Model bu rejimde tahmin üretmiyor. Kendi toparlanması bekleniyor, müdahale listesine alınmıyor. Yangın öncesi örtü otlak ve çalılık idi; orman kurma değil, mevcut örtünün onarımı düşünülmeli. Bu bölgede referans yangınımız az — tahmin belirsizliği diğer bölgelerden yüksek, saha doğrulaması önerilir.",True
MAR_2024_02_001006,IZLE,ESKIDEN_ORMAN_DEGIL|DUSUK_GUVEN,,,prediction_status=low_severity,"İzle, müdahale etme. Yangın bu kareyi ağır yakmamış (orta-düşük şiddet, dNBR 0,29).","Model bu rejimde tahmin üretmiyor. Kendi toparlanması bekleniyor, müdahale listesine alınmıyor. Yangın öncesi örtü otlak ve çalılık idi; orman kurma değil, mevcut örtünün onarımı düşünülmeli. Bu bölgede referans yangınımız az — tahmin belirsizliği diğer bölgelerden yüksek, saha doğrulaması önerilir.",True
MAR_2024_02_001012,IZLE,ESKIDEN_ORMAN_DEGIL|DUSUK_GUVEN,,,prediction_status=low_severity,"İzle, müdahale etme. Yangın bu kareyi ağır yakmamış (düşük şiddet, dNBR 0,24).","Model bu rejimde tahmin üretmiyor. Kendi toparlanması bekleniyor, müdahale listesine alınmıyor. Yangın öncesi örtü otlak ve çalılık idi; orman kurma değil, mevcut örtünün onarımı düşünülmeli. Bu bölgede referans yangınımız az — tahmin belirsizliği diğer bölgelerden yüksek, saha doğrulaması önerilir.",True
MAR_2024_02_001013,ONCELIGE_GORE,ESKIDEN_ORMAN_DEGIL|DUSUK_GUVEN,0.3589,,toparlanma=0.36 0.35..0.50,Öncelik sırasına göre değerlendir. Kısmi toparlanma bekleniyor; müdahale kararı bütçeye ve sıraya bağlı.,"Modelin tahminine göre yangın öncesi örtünün %36 kadarı iki yılda geri gelecek. Ne kendi kapanacak kadar iyi ne de acil müdahale gerektirecek kadar kötü — öncelik skoru bu kareyi sıranın neresine koyduğuna bakın. Yangın öncesi örtü otlak ve çalılık idi; orman kurma değil, mevcut örtünün onarımı düşünülmeli. Bu bölgede referans yangınımız az — tahmin belirsizliği diğer bölgelerden yüksek, saha doğrulaması önerilir.",True
MAR_2024_02_001014,DIKIM_ADAYI,DUSUK_GUVEN,0.2056,"meşe, kayın, karaçam",toparlanma=0.21 <0.35,"Aktif dikim adayı. Doğal toparlanma zayıf kalıyor, eğim (10,0°) dikime elverişli.","Modelin tahminine göre yangın öncesi örtünün ancak %21 kadarı iki yılda geri gelecek — kendi başına kapanmayacak bir açık var. Bu bölgede referans yangınımız az — tahmin belirsizliği diğer bölgelerden yüksek, saha doğrulaması önerilir. Yetişme ortamı: Marmara kuşağı, 499 m, orta eğimli (10–25°). Bu koşullar için önerilen türler: meşe, kayın, karaçam. Tür önerisi sistemin çıkarımı değil, dışarıdan verilen tablodan okunmuştur. Tablo: ÖRNEK TABLO — OGM tür-yetişme ortamı rehberi ile değiştirilecek",True
MAR_2024_02_001015,IZLE,DUSUK_GUVEN,,,prediction_status=low_severity,"İzle, müdahale etme. Yangın bu kareyi ağır yakmamış (düşük şiddet, dNBR 0,24).","Model bu rejimde tahmin üretmiyor. Kendi toparlanması bekleniyor, müdahale listesine alınmıyor. Bu bölgede referans yangınımız az — tahmin belirsizliği diğer bölgelerden yüksek, saha doğrulaması önerilir.",True
MAR_2024_02_001052,IZLE,ESKIDEN_ORMAN_DEGIL|DUSUK_GUVEN,,,prediction_status=low_severity,"İzle, müdahale etme. Yangın bu kareyi ağır yakmamış (düşük şiddet, dNBR 0,22).","Model bu rejimde tahmin üretmiyor. Kendi toparlanması bekleniyor, müdahale listesine alınmıyor. Yangın öncesi örtü otlak ve çalılık idi; orman kurma değil, mevcut örtünün onarımı düşünülmeli. Bu bölgede referans yangınımız az — tahmin belirsizliği diğer bölgelerden yüksek, saha doğrulaması önerilir.",True
MAR_2024_02_001053,IZLE,ESKIDEN_ORMAN_DEGIL|DUSUK_GUVEN,,,prediction_status=low_severity,"İzle, müdahale etme. Yangın bu kareyi ağır yakmamış (orta-düşük şiddet, dNBR 0,27).","Model bu rejimde tahmin üretmiyor. Kendi toparlanması bekleniyor, müdahale listesine alınmıyor. Yangın öncesi örtü otlak ve çalılık idi; orman kurma değil, mevcut örtünün onarımı düşünülmeli. Bu bölgede referans yangınımız az — tahmin belirsizliği diğer bölgelerden yüksek, saha doğrulaması önerilir.",True
MAR_2024_02_001054,IZLE,ESKIDEN_ORMAN_DEGIL|DUSUK_GUVEN,,,prediction_status=low_severity,"İzle, müdahale etme. Yangın bu kareyi ağır yakmamış (düşük şiddet, dNBR 0,20).","Model bu rejimde tahmin üretmiyor. Kendi toparlanması bekleniyor, müdahale listesine alınmıyor. Yangın öncesi örtü otlak ve çalılık idi; orman kurma değil, mevcut örtünün onarımı düşünülmeli. Bu bölgede referans yangınımız az — tahmin belirsizliği diğer bölgelerden yüksek, saha doğrulaması önerilir.",True
MAR_2024_02_001055,IZLE,ESKIDEN_ORMAN_DEGIL|DUSUK_GUVEN,,,prediction_status=low_severity,"İzle, müdahale etme. Yangın bu kareyi ağır yakmamış (düşük şiddet, dNBR 0,11).","Model bu rejimde tahmin üretmiyor. Kendi toparlanması bekleniyor, müdahale listesine alınmıyor. Yangın öncesi örtü otlak ve çalılık idi; orman kurma değil, mevcut örtünün onarımı düşünülmeli. Bu bölgede referans yangınımız az — tahmin belirsizliği diğer bölgelerden yüksek, saha doğrulaması önerilir.",True
MAR_2024_02_001056,IZLE,ESKIDEN_ORMAN_DEGIL|DUSUK_GUVEN,,,prediction_status=low_severity,"İzle, müdahale etme. Yangın bu kareyi ağır yakmamış (düşük şiddet, dNBR 0,21).","Model bu rejimde tahmin üretmiyor. Kendi toparlanması bekleniyor, müdahale listesine alınmıyor. Yangın öncesi örtü otlak ve çalılık idi; orman kurma değil, mevcut örtünün onarımı düşünülmeli. Bu bölgede referans yangınımız az — tahmin belirsizliği diğer bölgelerden yüksek, saha doğrulaması önerilir.",True
MAR_2024_02_001057,IZLE,ESKIDEN_ORMAN_DEGIL|DUSUK_GUVEN,,,prediction_status=low_severity,"İzle, müdahale etme. Yangın bu kareyi ağır yakmamış (düşük şiddet, dNBR 0,13).","Model bu rejimde tahmin üretmiyor. Kendi toparlanması bekleniyor, müdahale listesine alınmıyor. Yangın öncesi örtü otlak ve çalılık idi; orman kurma değil, mevcut örtünün onarımı düşünülmeli. Bu bölgede referans yangınımız az — tahmin belirsizliği diğer bölgelerden yüksek, saha doğrulaması önerilir.",True
MAR_2024_02_001058,IZLE,ESKIDEN_ORMAN_DEGIL|DUSUK_GUVEN,,,prediction_status=low_severity,"İzle, müdahale etme. Yangın bu kareyi ağır yakmamış (düşük şiddet, dNBR 0,13).","Model bu rejimde tahmin üretmiyor. Kendi toparlanması bekleniyor, müdahale listesine alınmıyor. Yangın öncesi örtü otlak ve çalılık idi; orman kurma değil, mevcut örtünün onarımı düşünülmeli. Bu bölgede referans yangınımız az — tahmin belirsizliği diğer bölgelerden yüksek, saha doğrulaması önerilir.",True
MAR_2024_02_001059,IZLE,ESKIDEN_ORMAN_DEGIL|DUSUK_GUVEN,,,prediction_status=low_severity,"İzle, müdahale etme. Yangın bu kareyi ağır yakmamış (orta-düşük şiddet, dNBR 0,30).","Model bu rejimde tahmin üretmiyor. Kendi toparlanması bekleniyor, müdahale listesine alınmıyor. Yangın öncesi örtü otlak ve çalılık idi; orman kurma değil, mevcut örtünün onarımı düşünülmeli. Bu bölgede referans yangınımız az — tahmin belirsizliği diğer bölgelerden yüksek, saha doğrulaması önerilir.",True
MAR_2024_02_001060,DIKIM_ADAYI,ESKIDEN_ORMAN_DEGIL|DUSUK_GUVEN,0.3094,"maki türleri, kermes meşesi",toparlanma=0.31 <0.35,"Aktif dikim adayı. Doğal toparlanma zayıf kalıyor, eğim (11,6°) dikime elverişli.","Modelin tahminine göre yangın öncesi örtünün ancak %31 kadarı iki yılda geri gelecek — kendi başına kapanmayacak bir açık var. Yangın öncesi örtü otlak ve çalılık idi; orman kurma değil, mevcut örtünün onarımı düşünülmeli. Bu bölgede referans yangınımız az — tahmin belirsizliği diğer bölgelerden yüksek, saha doğrulaması önerilir. Yetişme ortamı: Marmara kuşağı, 481 m, orta eğimli (10–25°). Bu koşullar için önerilen türler: maki türleri, kermes meşesi. Tür önerisi sistemin çıkarımı değil, dışarıdan verilen tablodan okunmuştur. Tablo: ÖRNEK TABLO — OGM tür-yetişme ortamı rehberi ile değiştirilecek",True
MAR_2024_02_001061,IZLE,DUSUK_GUVEN,,,prediction_status=low_severity,"İzle, müdahale etme. Yangın bu kareyi ağır yakmamış (düşük şiddet, dNBR 0,24).","Model bu rejimde tahmin üretmiyor. Kendi toparlanması bekleniyor, müdahale listesine alınmıyor. Bu bölgede referans yangınımız az — tahmin belirsizliği diğer bölgelerden yüksek, saha doğrulaması önerilir.",True
MAR_2024_02_001062,IZLE,DUSUK_GUVEN,,,prediction_status=low_severity,"İzle, müdahale etme. Yangın bu kareyi ağır yakmamış (düşük şiddet, dNBR 0,15).","Model bu rejimde tahmin üretmiyor. Kendi toparlanması bekleniyor, müdahale listesine alınmıyor. Bu bölgede referans yangınımız az — tahmin belirsizliği diğer bölgelerden yüksek, saha doğrulaması önerilir.",True
MAR_2024_02_001099,IZLE,ESKIDEN_ORMAN_DEGIL|DUSUK_GUVEN,,,prediction_status=low_severity,"İzle, müdahale etme. Yangın bu kareyi ağır yakmamış (düşük şiddet, dNBR 0,23).","Model bu rejimde tahmin üretmiyor. Kendi toparlanması bekleniyor, müdahale listesine alınmıyor. Yangın öncesi örtü otlak ve çalılık idi; orman kurma değil, mevcut örtünün onarımı düşünülmeli. Bu bölgede referans yangınımız az — tahmin belirsizliği diğer bölgelerden yüksek, saha doğrulaması önerilir.",True
MAR_2024_02_001100,IZLE,ESKIDEN_ORMAN_DEGIL|DUSUK_GUVEN,,,prediction_status=low_severity,"İzle, müdahale etme. Yangın bu kareyi ağır yakmamış (düşük şiddet, dNBR 0,21).","Model bu rejimde tahmin üretmiyor. Kendi toparlanması bekleniyor, müdahale listesine alınmıyor. Yangın öncesi örtü otlak ve çalılık idi; orman kurma değil, mevcut örtünün onarımı düşünülmeli. Bu bölgede referans yangınımız az — tahmin belirsizliği diğer bölgelerden yüksek, saha doğrulaması önerilir.",True
MAR_2024_02_001101,IZLE,ESKIDEN_ORMAN_DEGIL|DUSUK_GUVEN,,,prediction_status=low_severity,"İzle, müdahale etme. Yangın bu kareyi ağır yakmamış (orta-düşük şiddet, dNBR 0,28).","Model bu rejimde tahmin üretmiyor. Kendi toparlanması bekleniyor, müdahale listesine alınmıyor. Yangın öncesi örtü otlak ve çalılık idi; orman kurma değil, mevcut örtünün onarımı düşünülmeli. Bu bölgede referans yangınımız az — tahmin belirsizliği diğer bölgelerden yüksek, saha doğrulaması önerilir.",True
MAR_2024_02_001102,IZLE,ESKIDEN_ORMAN_DEGIL|DUSUK_GUVEN,,,prediction_status=low_severity,"İzle, müdahale etme. Yangın bu kareyi ağır yakmamış (düşük şiddet, dNBR 0,22).","Model bu rejimde tahmin üretmiyor. Kendi toparlanması bekleniyor, müdahale listesine alınmıyor. Yangın öncesi örtü otlak ve çalılık idi; orman kurma değil, mevcut örtünün onarımı düşünülmeli. Bu bölgede referans yangınımız az — tahmin belirsizliği diğer bölgelerden yüksek, saha doğrulaması önerilir.",True
MAR_2024_02_001103,ONCELIGE_GORE,ESKIDEN_ORMAN_DEGIL|DUSUK_GUVEN,0.4199,,toparlanma=0.42 0.35..0.50,Öncelik sırasına göre değerlendir. Kısmi toparlanma bekleniyor; müdahale kararı bütçeye ve sıraya bağlı.,"Modelin tahminine göre yangın öncesi örtünün %42 kadarı iki yılda geri gelecek. Ne kendi kapanacak kadar iyi ne de acil müdahale gerektirecek kadar kötü — öncelik skoru bu kareyi sıranın neresine koyduğuna bakın. Yangın öncesi örtü otlak ve çalılık idi; orman kurma değil, mevcut örtünün onarımı düşünülmeli. Bu bölgede referans yangınımız az — tahmin belirsizliği diğer bölgelerden yüksek, saha doğrulaması önerilir.",True
MAR_2024_02_001104,IZLE,ESKIDEN_ORMAN_DEGIL|DUSUK_GUVEN,,,prediction_status=low_severity,"İzle, müdahale etme. Yangın bu kareyi ağır yakmamış (orta-düşük şiddet, dNBR 0,27).","Model bu rejimde tahmin üretmiyor. Kendi toparlanması bekleniyor, müdahale listesine alınmıyor. Yangın öncesi örtü otlak ve çalılık idi; orman kurma değil, mevcut örtünün onarımı düşünülmeli. Bu bölgede referans yangınımız az — tahmin belirsizliği diğer bölgelerden yüksek, saha doğrulaması önerilir.",True
MAR_2024_02_001105,ONCELIGE_GORE,ESKIDEN_ORMAN_DEGIL|DUSUK_GUVEN,0.3663,,toparlanma=0.37 0.35..0.50,Öncelik sırasına göre değerlendir. Kısmi toparlanma bekleniyor; müdahale kararı bütçeye ve sıraya bağlı.,"Modelin tahminine göre yangın öncesi örtünün %37 kadarı iki yılda geri gelecek. Ne kendi kapanacak kadar iyi ne de acil müdahale gerektirecek kadar kötü — öncelik skoru bu kareyi sıranın neresine koyduğuna bakın. Yangın öncesi örtü otlak ve çalılık idi; orman kurma değil, mevcut örtünün onarımı düşünülmeli. Bu bölgede referans yangınımız az — tahmin belirsizliği diğer bölgelerden yüksek, saha doğrulaması önerilir.",True
MAR_2024_02_001106,DIKIM_ADAYI,ESKIDEN_ORMAN_DEGIL|DUSUK_GUVEN,0.3344,"maki türleri, kermes meşesi",toparlanma=0.33 <0.35,"Aktif dikim adayı. Doğal toparlanma zayıf kalıyor, eğim (9,4°) dikime elverişli.","Modelin tahminine göre yangın öncesi örtünün ancak %33 kadarı iki yılda geri gelecek — kendi başına kapanmayacak bir açık var. Yangın öncesi örtü otlak ve çalılık idi; orman kurma değil, mevcut örtünün onarımı düşünülmeli. Bu bölgede referans yangınımız az — tahmin belirsizliği diğer bölgelerden yüksek, saha doğrulaması önerilir. Yetişme ortamı: Marmara kuşağı, 445 m, düz-hafif eğimli (0–10°). Bu koşullar için önerilen türler: maki türleri, kermes meşesi. Tür önerisi sistemin çıkarımı değil, dışarıdan verilen tablodan okunmuştur. Tablo: ÖRNEK TABLO — OGM tür-yetişme ortamı rehberi ile değiştirilecek",True
MAR_2024_02_001107,IZLE,ESKIDEN_ORMAN_DEGIL|DUSUK_GUVEN,,,prediction_status=low_severity,"İzle, müdahale etme. Yangın bu kareyi ağır yakmamış (düşük şiddet, dNBR 0,24).","Model bu rejimde tahmin üretmiyor. Kendi toparlanması bekleniyor, müdahale listesine alınmıyor. Yangın öncesi örtü otlak ve çalılık idi; orman kurma değil, mevcut örtünün onarımı düşünülmeli. Bu bölgede referans yangınımız az — tahmin belirsizliği diğer bölgelerden yüksek, saha doğrulaması önerilir.",True
MAR_2024_02_001108,IZLE,ESKIDEN_ORMAN_DEGIL|DUSUK_GUVEN,,,prediction_status=low_severity,"İzle, müdahale etme. Yangın bu kareyi ağır yakmamış (düşük şiddet, dNBR 0,18).","Model bu rejimde tahmin üretmiyor. Kendi toparlanması bekleniyor, müdahale listesine alınmıyor. Yangın öncesi örtü otlak ve çalılık idi; orman kurma değil, mevcut örtünün onarımı düşünülmeli. Bu bölgede referans yangınımız az — tahmin belirsizliği diğer bölgelerden yüksek, saha doğrulaması önerilir.",True
MAR_2024_02_001109,IZLE,ESKIDEN_ORMAN_DEGIL|DUSUK_GUVEN,,,prediction_status=low_severity,"İzle, müdahale etme. Yangın bu kareyi ağır yakmamış (düşük şiddet, dNBR 0,11).","Model bu rejimde tahmin üretmiyor. Kendi toparlanması bekleniyor, müdahale listesine alınmıyor. Yangın öncesi örtü otlak ve çalılık idi; orman kurma değil, mevcut örtünün onarımı düşünülmeli. Bu bölgede referans yangınımız az — tahmin belirsizliği diğer bölgelerden yüksek, saha doğrulaması önerilir.",True
MAR_2024_02_001146,IZLE,ESKIDEN_ORMAN_DEGIL|DUSUK_GUVEN,,,prediction_status=low_severity,"İzle, müdahale etme. Yangın bu kareyi ağır yakmamış (düşük şiddet, dNBR 0,18).","Model bu rejimde tahmin üretmiyor. Kendi toparlanması bekleniyor, müdahale listesine alınmıyor. Yangın öncesi örtü otlak ve çalılık idi; orman kurma değil, mevcut örtünün onarımı düşünülmeli. Bu bölgede referans yangınımız az — tahmin belirsizliği diğer bölgelerden yüksek, saha doğrulaması önerilir.",True
MAR_2024_02_001147,IZLE,ESKIDEN_ORMAN_DEGIL|DUSUK_GUVEN,,,prediction_status=low_severity,"İzle, müdahale etme. Yangın bu kareyi ağır yakmamış (düşük şiddet, dNBR 0,25).","Model bu rejimde tahmin üretmiyor. Kendi toparlanması bekleniyor, müdahale listesine alınmıyor. Yangın öncesi örtü otlak ve çalılık idi; orman kurma değil, mevcut örtünün onarımı düşünülmeli. Bu bölgede referans yangınımız az — tahmin belirsizliği diğer bölgelerden yüksek, saha doğrulaması önerilir.",True
MAR_2024_02_001148,IZLE,ESKIDEN_ORMAN_DEGIL|DUSUK_GUVEN,,,prediction_status=low_severity,"İzle, müdahale etme. Yangın bu kareyi ağır yakmamış (orta-düşük şiddet, dNBR 0,31).","Model bu rejimde tahmin üretmiyor. Kendi toparlanması bekleniyor, müdahale listesine alınmıyor. Yangın öncesi örtü otlak ve çalılık idi; orman kurma değil, mevcut örtünün onarımı düşünülmeli. Bu bölgede referans yangınımız az — tahmin belirsizliği diğer bölgelerden yüksek, saha doğrulaması önerilir.",True
MAR_2024_02_001149,IZLE,ESKIDEN_ORMAN_DEGIL|DUSUK_GUVEN,,,prediction_status=low_severity,"İzle, müdahale etme. Yangın bu kareyi ağır yakmamış (düşük şiddet, dNBR 0,23).","Model bu rejimde tahmin üretmiyor. Kendi toparlanması bekleniyor, müdahale listesine alınmıyor. Yangın öncesi örtü otlak ve çalılık idi; orman kurma değil, mevcut örtünün onarımı düşünülmeli. Bu bölgede referans yangınımız az — tahmin belirsizliği diğer bölgelerden yüksek, saha doğrulaması önerilir.",True
MAR_2024_02_001150,IZLE,ESKIDEN_ORMAN_DEGIL|DUSUK_GUVEN,,,prediction_status=low_severity,"İzle, müdahale etme. Yangın bu kareyi ağır yakmamış (orta-düşük şiddet, dNBR 0,30).","Model bu rejimde tahmin üretmiyor. Kendi toparlanması bekleniyor, müdahale listesine alınmıyor. Yangın öncesi örtü otlak ve çalılık idi; orman kurma değil, mevcut örtünün onarımı düşünülmeli. Bu bölgede referans yangınımız az — tahmin belirsizliği diğer bölgelerden yüksek, saha doğrulaması önerilir.",True
MAR_2024_02_001151,ONCELIGE_GORE,ESKIDEN_ORMAN_DEGIL|DUSUK_GUVEN,0.4165,,toparlanma=0.42 0.35..0.50,Öncelik sırasına göre değerlendir. Kısmi toparlanma bekleniyor; müdahale kararı bütçeye ve sıraya bağlı.,"Modelin tahminine göre yangın öncesi örtünün %42 kadarı iki yılda geri gelecek. Ne kendi kapanacak kadar iyi ne de acil müdahale gerektirecek kadar kötü — öncelik skoru bu kareyi sıranın neresine koyduğuna bakın. Yangın öncesi örtü otlak ve çalılık idi; orman kurma değil, mevcut örtünün onarımı düşünülmeli. Bu bölgede referans yangınımız az — tahmin belirsizliği diğer bölgelerden yüksek, saha doğrulaması önerilir.",True
MAR_2024_02_001152,DIKIM_ADAYI,DUSUK_GUVEN,0.2479,"meşe, kayın, karaçam",toparlanma=0.25 <0.35,"Aktif dikim adayı. Doğal toparlanma zayıf kalıyor, eğim (17,2°) dikime elverişli.","Modelin tahminine göre yangın öncesi örtünün ancak %25 kadarı iki yılda geri gelecek — kendi başına kapanmayacak bir açık var. Bu bölgede referans yangınımız az — tahmin belirsizliği diğer bölgelerden yüksek, saha doğrulaması önerilir. Yetişme ortamı: Marmara kuşağı, 458 m, orta eğimli (10–25°). Bu koşullar için önerilen türler: meşe, kayın, karaçam. Tür önerisi sistemin çıkarımı değil, dışarıdan verilen tablodan okunmuştur. Tablo: ÖRNEK TABLO — OGM tür-yetişme ortamı rehberi ile değiştirilecek",True
MAR_2024_02_001153,IZLE,DUSUK_GUVEN,,,prediction_status=low_severity,"İzle, müdahale etme. Yangın bu kareyi ağır yakmamış (düşük şiddet, dNBR 0,27).","Model bu rejimde tahmin üretmiyor. Kendi toparlanması bekleniyor, müdahale listesine alınmıyor. Bu bölgede referans yangınımız az — tahmin belirsizliği diğer bölgelerden yüksek, saha doğrulaması önerilir.",True
MAR_2024_02_001154,IZLE,DUSUK_GUVEN,,,prediction_status=low_severity,"İzle, müdahale etme. Yangın bu kareyi ağır yakmamış (düşük şiddet, dNBR 0,19).","Model bu rejimde tahmin üretmiyor. Kendi toparlanması bekleniyor, müdahale listesine alınmıyor. Bu bölgede referans yangınımız az — tahmin belirsizliği diğer bölgelerden yüksek, saha doğrulaması önerilir.",True
MAR_2024_02_001193,IZLE,ESKIDEN_ORMAN_DEGIL|DUSUK_GUVEN,,,prediction_status=low_severity,"İzle, müdahale etme. Yangın bu kareyi ağır yakmamış (düşük şiddet, dNBR 0,15).","Model bu rejimde tahmin üretmiyor. Kendi toparlanması bekleniyor, müdahale listesine alınmıyor. Yangın öncesi örtü otlak ve çalılık idi; orman kurma değil, mevcut örtünün onarımı düşünülmeli. Bu bölgede referans yangınımız az — tahmin belirsizliği diğer bölgelerden yüksek, saha doğrulaması önerilir.",True
MAR_2024_02_001194,IZLE,ESKIDEN_ORMAN_DEGIL|DUSUK_GUVEN,,,prediction_status=low_severity,"İzle, müdahale etme. Yangın bu kareyi ağır yakmamış (düşük şiddet, dNBR 0,21).","Model bu rejimde tahmin üretmiyor. Kendi toparlanması bekleniyor, müdahale listesine alınmıyor. Yangın öncesi örtü otlak ve çalılık idi; orman kurma değil, mevcut örtünün onarımı düşünülmeli. Bu bölgede referans yangınımız az — tahmin belirsizliği diğer bölgelerden yüksek, saha doğrulaması önerilir.",True
MAR_2024_02_001195,IZLE,ESKIDEN_ORMAN_DEGIL|DUSUK_GUVEN,,,prediction_status=low_severity,"İzle, müdahale etme. Yangın bu kareyi ağır yakmamış (düşük şiddet, dNBR 0,25).","Model bu rejimde tahmin üretmiyor. Kendi toparlanması bekleniyor, müdahale listesine alınmıyor. Yangın öncesi örtü otlak ve çalılık idi; orman kurma değil, mevcut örtünün onarımı düşünülmeli. Bu bölgede referans yangınımız az — tahmin belirsizliği diğer bölgelerden yüksek, saha doğrulaması önerilir.",True
MAR_2024_02_001196,IZLE,ESKIDEN_ORMAN_DEGIL|DUSUK_GUVEN,,,prediction_status=low_severity,"İzle, müdahale etme. Yangın bu kareyi ağır yakmamış (düşük şiddet, dNBR 0,26).","Model bu rejimde tahmin üretmiyor. Kendi toparlanması bekleniyor, müdahale listesine alınmıyor. Yangın öncesi örtü otlak ve çalılık idi; orman kurma değil, mevcut örtünün onarımı düşünülmeli. Bu bölgede referans yangınımız az — tahmin belirsizliği diğer bölgelerden yüksek, saha doğrulaması önerilir.",True
MAR_2024_02_001197,IZLE,ESKIDEN_ORMAN_DEGIL|DUSUK_GUVEN,,,prediction_status=low_severity,"İzle, müdahale etme. Yangın bu kareyi ağır yakmamış (orta-düşük şiddet, dNBR 0,27).","Model bu rejimde tahmin üretmiyor. Kendi toparlanması bekleniyor, müdahale listesine alınmıyor. Yangın öncesi örtü otlak ve çalılık idi; orman kurma değil, mevcut örtünün onarımı düşünülmeli. Bu bölgede referans yangınımız az — tahmin belirsizliği diğer bölgelerden yüksek, saha doğrulaması önerilir.",True
MAR_2024_02_001198,IZLE,ESKIDEN_ORMAN_DEGIL|DUSUK_GUVEN,,,prediction_status=low_severity,"İzle, müdahale etme. Yangın bu kareyi ağır yakmamış (düşük şiddet, dNBR 0,19).","Model bu rejimde tahmin üretmiyor. Kendi toparlanması bekleniyor, müdahale listesine alınmıyor. Yangın öncesi örtü otlak ve çalılık idi; orman kurma değil, mevcut örtünün onarımı düşünülmeli. Bu bölgede referans yangınımız az — tahmin belirsizliği diğer bölgelerden yüksek, saha doğrulaması önerilir.",True
MAR_2024_02_001199,IZLE,ESKIDEN_ORMAN_DEGIL|DUSUK_GUVEN,,,prediction_status=low_severity,"İzle, müdahale etme. Yangın bu kareyi ağır yakmamış (düşük şiddet, dNBR 0,15).","Model bu rejimde tahmin üretmiyor. Kendi toparlanması bekleniyor, müdahale listesine alınmıyor. Yangın öncesi örtü otlak ve çalılık idi; orman kurma değil, mevcut örtünün onarımı düşünülmeli. Bu bölgede referans yangınımız az — tahmin belirsizliği diğer bölgelerden yüksek, saha doğrulaması önerilir.",True
MAR_2024_02_001200,IZLE,DUSUK_GUVEN,,,prediction_status=low_severity,"İzle, müdahale etme. Yangın bu kareyi ağır yakmamış (düşük şiddet, dNBR 0,16).","Model bu rejimde tahmin üretmiyor. Kendi toparlanması bekleniyor, müdahale listesine alınmıyor. Bu bölgede referans yangınımız az — tahmin belirsizliği diğer bölgelerden yüksek, saha doğrulaması önerilir.",True
MAR_2024_02_001201,IZLE,DUSUK_GUVEN,,,prediction_status=low_severity,"İzle, müdahale etme. Yangın bu kareyi ağır yakmamış (düşük şiddet, dNBR 0,11).","Model bu rejimde tahmin üretmiyor. Kendi toparlanması bekleniyor, müdahale listesine alınmıyor. Bu bölgede referans yangınımız az — tahmin belirsizliği diğer bölgelerden yüksek, saha doğrulaması önerilir.",True
MAR_2024_02_001240,IZLE,ESKIDEN_ORMAN_DEGIL|DUSUK_GUVEN,,,prediction_status=low_severity,"İzle, müdahale etme. Yangın bu kareyi ağır yakmamış (düşük şiddet, dNBR 0,10).","Model bu rejimde tahmin üretmiyor. Kendi toparlanması bekleniyor, müdahale listesine alınmıyor. Yangın öncesi örtü otlak ve çalılık idi; orman kurma değil, mevcut örtünün onarımı düşünülmeli. Bu bölgede referans yangınımız az — tahmin belirsizliği diğer bölgelerden yüksek, saha doğrulaması önerilir.",True
MAR_2024_02_001241,IZLE,ESKIDEN_ORMAN_DEGIL|DUSUK_GUVEN,,,prediction_status=low_severity,"İzle, müdahale etme. Yangın bu kareyi ağır yakmamış (düşük şiddet, dNBR 0,21).","Model bu rejimde tahmin üretmiyor. Kendi toparlanması bekleniyor, müdahale listesine alınmıyor. Yangın öncesi örtü otlak ve çalılık idi; orman kurma değil, mevcut örtünün onarımı düşünülmeli. Bu bölgede referans yangınımız az — tahmin belirsizliği diğer bölgelerden yüksek, saha doğrulaması önerilir.",True
MAR_2024_02_001242,ONCELIGE_GORE,ESKIDEN_ORMAN_DEGIL|DUSUK_GUVEN,0.477,,toparlanma=0.48 0.35..0.50,Öncelik sırasına göre değerlendir. Kısmi toparlanma bekleniyor; müdahale kararı bütçeye ve sıraya bağlı.,"Modelin tahminine göre yangın öncesi örtünün %48 kadarı iki yılda geri gelecek. Ne kendi kapanacak kadar iyi ne de acil müdahale gerektirecek kadar kötü — öncelik skoru bu kareyi sıranın neresine koyduğuna bakın. Yangın öncesi örtü otlak ve çalılık idi; orman kurma değil, mevcut örtünün onarımı düşünülmeli. Bu bölgede referans yangınımız az — tahmin belirsizliği diğer bölgelerden yüksek, saha doğrulaması önerilir.",True
MAR_2024_02_001243,IZLE,ESKIDEN_ORMAN_DEGIL|DUSUK_GUVEN,,,prediction_status=low_severity,"İzle, müdahale etme. Yangın bu kareyi ağır yakmamış (düşük şiddet, dNBR 0,19).","Model bu rejimde tahmin üretmiyor. Kendi toparlanması bekleniyor, müdahale listesine alınmıyor. Yangın öncesi örtü otlak ve çalılık idi; orman kurma değil, mevcut örtünün onarımı düşünülmeli. Bu bölgede referans yangınımız az — tahmin belirsizliği diğer bölgelerden yüksek, saha doğrulaması önerilir.",True
MAR_2024_02_001244,IZLE,ESKIDEN_ORMAN_DEGIL|DUSUK_GUVEN,,,prediction_status=low_severity,"İzle, müdahale etme. Yangın bu kareyi ağır yakmamış (düşük şiddet, dNBR 0,13).","Model bu rejimde tahmin üretmiyor. Kendi toparlanması bekleniyor, müdahale listesine alınmıyor. Yangın öncesi örtü otlak ve çalılık idi; orman kurma değil, mevcut örtünün onarımı düşünülmeli. Bu bölgede referans yangınımız az — tahmin belirsizliği diğer bölgelerden yüksek, saha doğrulaması önerilir.",True
MAR_2024_02_001245,IZLE,ESKIDEN_ORMAN_DEGIL|DUSUK_GUVEN,,,prediction_status=low_severity,"İzle, müdahale etme. Yangın bu kareyi ağır yakmamış (düşük şiddet, dNBR 0,19).","Model bu rejimde tahmin üretmiyor. Kendi toparlanması bekleniyor, müdahale listesine alınmıyor. Yangın öncesi örtü otlak ve çalılık idi; orman kurma değil, mevcut örtünün onarımı düşünülmeli. Bu bölgede referans yangınımız az — tahmin belirsizliği diğer bölgelerden yüksek, saha doğrulaması önerilir.",True
MAR_2024_02_001246,IZLE,ESKIDEN_ORMAN_DEGIL|DUSUK_GUVEN,,,prediction_status=low_severity,"İzle, müdahale etme. Yangın bu kareyi ağır yakmamış (düşük şiddet, dNBR 0,22).","Model bu rejimde tahmin üretmiyor. Kendi toparlanması bekleniyor, müdahale listesine alınmıyor. Yangın öncesi örtü otlak ve çalılık idi; orman kurma değil, mevcut örtünün onarımı düşünülmeli. Bu bölgede referans yangınımız az — tahmin belirsizliği diğer bölgelerden yüksek, saha doğrulaması önerilir.",True
MAR_2024_02_001247,IZLE,ESKIDEN_ORMAN_DEGIL|DUSUK_GUVEN,,,prediction_status=low_severity,"İzle, müdahale etme. Yangın bu kareyi ağır yakmamış (düşük şiddet, dNBR 0,12).","Model bu rejimde tahmin üretmiyor. Kendi toparlanması bekleniyor, müdahale listesine alınmıyor. Yangın öncesi örtü otlak ve çalılık idi; orman kurma değil, mevcut örtünün onarımı düşünülmeli. Bu bölgede referans yangınımız az — tahmin belirsizliği diğer bölgelerden yüksek, saha doğrulaması önerilir.",True
MAR_2024_02_001288,IZLE,ESKIDEN_ORMAN_DEGIL|DUSUK_GUVEN,,,prediction_status=low_severity,"İzle, müdahale etme. Yangın bu kareyi ağır yakmamış (düşük şiddet, dNBR 0,18).","Model bu rejimde tahmin üretmiyor. Kendi toparlanması bekleniyor, müdahale listesine alınmıyor. Yangın öncesi örtü otlak ve çalılık idi; orman kurma değil, mevcut örtünün onarımı düşünülmeli. Bu bölgede referans yangınımız az — tahmin belirsizliği diğer bölgelerden yüksek, saha doğrulaması önerilir.",True
MAR_2024_02_001289,IZLE,ESKIDEN_ORMAN_DEGIL|DUSUK_GUVEN,,,prediction_status=low_severity,"İzle, müdahale etme. Yangın bu kareyi ağır yakmamış (düşük şiddet, dNBR 0,26).","Model bu rejimde tahmin üretmiyor. Kendi toparlanması bekleniyor, müdahale listesine alınmıyor. Yangın öncesi örtü otlak ve çalılık idi; orman kurma değil, mevcut örtünün onarımı düşünülmeli. Bu bölgede referans yangınımız az — tahmin belirsizliği diğer bölgelerden yüksek, saha doğrulaması önerilir.",True
MAR_2024_02_001290,IZLE,ESKIDEN_ORMAN_DEGIL|DUSUK_GUVEN,,,prediction_status=low_severity,"İzle, müdahale etme. Yangın bu kareyi ağır yakmamış (düşük şiddet, dNBR 0,16).","Model bu rejimde tahmin üretmiyor. Kendi toparlanması bekleniyor, müdahale listesine alınmıyor. Yangın öncesi örtü otlak ve çalılık idi; orman kurma değil, mevcut örtünün onarımı düşünülmeli. Bu bölgede referans yangınımız az — tahmin belirsizliği diğer bölgelerden yüksek, saha doğrulaması önerilir.",True
MAR_2024_02_001291,IZLE,ESKIDEN_ORMAN_DEGIL|DUSUK_GUVEN,,,prediction_status=low_severity,"İzle, müdahale etme. Yangın bu kareyi ağır yakmamış (düşük şiddet, dNBR 0,15).","Model bu rejimde tahmin üretmiyor. Kendi toparlanması bekleniyor, müdahale listesine alınmıyor. Yangın öncesi örtü otlak ve çalılık idi; orman kurma değil, mevcut örtünün onarımı düşünülmeli. Bu bölgede referans yangınımız az — tahmin belirsizliği diğer bölgelerden yüksek, saha doğrulaması önerilir.",True
MAR_2024_02_001292,IZLE,ESKIDEN_ORMAN_DEGIL|DUSUK_GUVEN,,,prediction_status=low_severity,"İzle, müdahale etme. Yangın bu kareyi ağır yakmamış (düşük şiddet, dNBR 0,18).","Model bu rejimde tahmin üretmiyor. Kendi toparlanması bekleniyor, müdahale listesine alınmıyor. Yangın öncesi örtü otlak ve çalılık idi; orman kurma değil, mevcut örtünün onarımı düşünülmeli. Bu bölgede referans yangınımız az — tahmin belirsizliği diğer bölgelerden yüksek, saha doğrulaması önerilir.",True
MAR_2024_02_001293,IZLE,ESKIDEN_ORMAN_DEGIL|DUSUK_GUVEN,,,prediction_status=low_severity,"İzle, müdahale etme. Yangın bu kareyi ağır yakmamış (düşük şiddet, dNBR 0,21).","Model bu rejimde tahmin üretmiyor. Kendi toparlanması bekleniyor, müdahale listesine alınmıyor. Yangın öncesi örtü otlak ve çalılık idi; orman kurma değil, mevcut örtünün onarımı düşünülmeli. Bu bölgede referans yangınımız az — tahmin belirsizliği diğer bölgelerden yüksek, saha doğrulaması önerilir.",True
MAR_2024_02_001294,IZLE,ESKIDEN_ORMAN_DEGIL|DUSUK_GUVEN,,,prediction_status=low_severity,"İzle, müdahale etme. Yangın bu kareyi ağır yakmamış (düşük şiddet, dNBR 0,11).","Model bu rejimde tahmin üretmiyor. Kendi toparlanması bekleniyor, müdahale listesine alınmıyor. Yangın öncesi örtü otlak ve çalılık idi; orman kurma değil, mevcut örtünün onarımı düşünülmeli. Bu bölgede referans yangınımız az — tahmin belirsizliği diğer bölgelerden yüksek, saha doğrulaması önerilir.",True
MAR_2024_02_001336,IZLE,ESKIDEN_ORMAN_DEGIL|DUSUK_GUVEN,,,prediction_status=low_severity,"İzle, müdahale etme. Yangın bu kareyi ağır yakmamış (düşük şiddet, dNBR 0,17).","Model bu rejimde tahmin üretmiyor. Kendi toparlanması bekleniyor, müdahale listesine alınmıyor. Yangın öncesi örtü otlak ve çalılık idi; orman kurma değil, mevcut örtünün onarımı düşünülmeli. Bu bölgede referans yangınımız az — tahmin belirsizliği diğer bölgelerden yüksek, saha doğrulaması önerilir.",True
MAR_2024_02_001337,IZLE,ESKIDEN_ORMAN_DEGIL|DUSUK_GUVEN,,,prediction_status=low_severity,"İzle, müdahale etme. Yangın bu kareyi ağır yakmamış (düşük şiddet, dNBR 0,21).","Model bu rejimde tahmin üretmiyor. Kendi toparlanması bekleniyor, müdahale listesine alınmıyor. Yangın öncesi örtü otlak ve çalılık idi; orman kurma değil, mevcut örtünün onarımı düşünülmeli. Bu bölgede referans yangınımız az — tahmin belirsizliği diğer bölgelerden yüksek, saha doğrulaması önerilir.",True
MAR_2024_02_001338,IZLE,ESKIDEN_ORMAN_DEGIL|DUSUK_GUVEN,,,prediction_status=low_severity,"İzle, müdahale etme. Yangın bu kareyi ağır yakmamış (düşük şiddet, dNBR 0,20).","Model bu rejimde tahmin üretmiyor. Kendi toparlanması bekleniyor, müdahale listesine alınmıyor. Yangın öncesi örtü otlak ve çalılık idi; orman kurma değil, mevcut örtünün onarımı düşünülmeli. Bu bölgede referans yangınımız az — tahmin belirsizliği diğer bölgelerden yüksek, saha doğrulaması önerilir.",True
MAR_2024_02_001339,IZLE,ESKIDEN_ORMAN_DEGIL|DUSUK_GUVEN,,,prediction_status=low_severity,"İzle, müdahale etme. Yangın bu kareyi ağır yakmamış (düşük şiddet, dNBR 0,21).","Model bu rejimde tahmin üretmiyor. Kendi toparlanması bekleniyor, müdahale listesine alınmıyor. Yangın öncesi örtü otlak ve çalılık idi; orman kurma değil, mevcut örtünün onarımı düşünülmeli. Bu bölgede referans yangınımız az — tahmin belirsizliği diğer bölgelerden yüksek, saha doğrulaması önerilir.",True
MAR_2024_02_001340,IZLE,ESKIDEN_ORMAN_DEGIL|DUSUK_GUVEN,,,prediction_status=low_severity,"İzle, müdahale etme. Yangın bu kareyi ağır yakmamış (düşük şiddet, dNBR 0,20).","Model bu rejimde tahmin üretmiyor. Kendi toparlanması bekleniyor, müdahale listesine alınmıyor. Yangın öncesi örtü otlak ve çalılık idi; orman kurma değil, mevcut örtünün onarımı düşünülmeli. Bu bölgede referans yangınımız az — tahmin belirsizliği diğer bölgelerden yüksek, saha doğrulaması önerilir.",True
MAR_2024_02_001341,IZLE,ESKIDEN_ORMAN_DEGIL|DUSUK_GUVEN,,,prediction_status=low_severity,"İzle, müdahale etme. Yangın bu kareyi ağır yakmamış (düşük şiddet, dNBR 0,11).","Model bu rejimde tahmin üretmiyor. Kendi toparlanması bekleniyor, müdahale listesine alınmıyor. Yangın öncesi örtü otlak ve çalılık idi; orman kurma değil, mevcut örtünün onarımı düşünülmeli. Bu bölgede referans yangınımız az — tahmin belirsizliği diğer bölgelerden yüksek, saha doğrulaması önerilir.",True
MAR_2024_02_001385,IZLE,ESKIDEN_ORMAN_DEGIL|DUSUK_GUVEN,,,prediction_status=low_severity,"İzle, müdahale etme. Yangın bu kareyi ağır yakmamış (düşük şiddet, dNBR 0,12).","Model bu rejimde tahmin üretmiyor. Kendi toparlanması bekleniyor, müdahale listesine alınmıyor. Yangın öncesi örtü otlak ve çalılık idi; orman kurma değil, mevcut örtünün onarımı düşünülmeli. Bu bölgede referans yangınımız az — tahmin belirsizliği diğer bölgelerden yüksek, saha doğrulaması önerilir.",True
MAR_2024_02_001386,IZLE,ESKIDEN_ORMAN_DEGIL|DUSUK_GUVEN,,,prediction_status=low_severity,"İzle, müdahale etme. Yangın bu kareyi ağır yakmamış (düşük şiddet, dNBR 0,13).","Model bu rejimde tahmin üretmiyor. Kendi toparlanması bekleniyor, müdahale listesine alınmıyor. Yangın öncesi örtü otlak ve çalılık idi; orman kurma değil, mevcut örtünün onarımı düşünülmeli. Bu bölgede referans yangınımız az — tahmin belirsizliği diğer bölgelerden yüksek, saha doğrulaması önerilir.",True
MAR_2024_02_001407,IZLE,ESKIDEN_ORMAN_DEGIL|DUSUK_GUVEN,,,prediction_status=low_severity,"İzle, müdahale etme. Yangın bu kareyi ağır yakmamış (düşük şiddet, dNBR 0,10).","Model bu rejimde tahmin üretmiyor. Kendi toparlanması bekleniyor, müdahale listesine alınmıyor. Yangın öncesi örtü otlak ve çalılık idi; orman kurma değil, mevcut örtünün onarımı düşünülmeli. Bu bölgede referans yangınımız az — tahmin belirsizliği diğer bölgelerden yüksek, saha doğrulaması önerilir.",True
MAR_2024_02_001451,IZLE,ESKIDEN_ORMAN_DEGIL|DUSUK_GUVEN,,,prediction_status=low_severity,"İzle, müdahale etme. Yangın bu kareyi ağır yakmamış (düşük şiddet, dNBR 0,11).","Model bu rejimde tahmin üretmiyor. Kendi toparlanması bekleniyor, müdahale listesine alınmıyor. Yangın öncesi örtü otlak ve çalılık idi; orman kurma değil, mevcut örtünün onarımı düşünülmeli. Bu bölgede referans yangınımız az — tahmin belirsizliği diğer bölgelerden yüksek, saha doğrulaması önerilir.",True
MAR_2024_02_001453,IZLE,ESKIDEN_ORMAN_DEGIL|DUSUK_GUVEN,,,prediction_status=low_severity,"İzle, müdahale etme. Yangın bu kareyi ağır yakmamış (düşük şiddet, dNBR 0,11).","Model bu rejimde tahmin üretmiyor. Kendi toparlanması bekleniyor, müdahale listesine alınmıyor. Yangın öncesi örtü otlak ve çalılık idi; orman kurma değil, mevcut örtünün onarımı düşünülmeli. Bu bölgede referans yangınımız az — tahmin belirsizliği diğer bölgelerden yüksek, saha doğrulaması önerilir.",True
MAR_2024_02_001454,IZLE,ESKIDEN_ORMAN_DEGIL|DUSUK_GUVEN,,,prediction_status=low_severity,"İzle, müdahale etme. Yangın bu kareyi ağır yakmamış (düşük şiddet, dNBR 0,11).","Model bu rejimde tahmin üretmiyor. Kendi toparlanması bekleniyor, müdahale listesine alınmıyor. Yangın öncesi örtü otlak ve çalılık idi; orman kurma değil, mevcut örtünün onarımı düşünülmeli. Bu bölgede referans yangınımız az — tahmin belirsizliği diğer bölgelerden yüksek, saha doğrulaması önerilir.",True
MAR_2024_02_001455,IZLE,ESKIDEN_ORMAN_DEGIL|DUSUK_GUVEN,,,prediction_status=low_severity,"İzle, müdahale etme. Yangın bu kareyi ağır yakmamış (düşük şiddet, dNBR 0,11).","Model bu rejimde tahmin üretmiyor. Kendi toparlanması bekleniyor, müdahale listesine alınmıyor. Yangın öncesi örtü otlak ve çalılık idi; orman kurma değil, mevcut örtünün onarımı düşünülmeli. Bu bölgede referans yangınımız az — tahmin belirsizliği diğer bölgelerden yüksek, saha doğrulaması önerilir.",True
MAR_2024_02_001456,SAHA_KONTROL,,,,prediction_status=no_data,Saha kontrolü gerekli. Bu kare için güvenilir uydu ölçümü elde edilemedi.,Sürekli bulut ya da eksik katman söz konusu. Sistem tahmin üretmiyor; durum sahada gözle doğrulanmalı.,False
MAR_2024_02_001470,KAPSAM_DISI,,,,land_cover=Tarim,"Ağaçlandırma kapsamı dışı. Bu kare tarım alanı olarak sınıflanmış, orman rehabilitasyonu hedefi değil.",Öncelik sıralamasına dahil edilmiyor.,False
MAR_2024_02_001471,KAPSAM_DISI,,,,land_cover=Tarim,"Ağaçlandırma kapsamı dışı. Bu kare tarım alanı olarak sınıflanmış, orman rehabilitasyonu hedefi değil.",Öncelik sıralamasına dahil edilmiyor.,False
MAR_2024_02_001474,KAPSAM_DISI,,,,land_cover=Tarim,"Ağaçlandırma kapsamı dışı. Bu kare tarım alanı olarak sınıflanmış, orman rehabilitasyonu hedefi değil.",Öncelik sıralamasına dahil edilmiyor.,False
MAR_2024_02_001499,IZLE,ESKIDEN_ORMAN_DEGIL|DUSUK_GUVEN,,,prediction_status=low_severity,"İzle, müdahale etme. Yangın bu kareyi ağır yakmamış (düşük şiddet, dNBR 0,10).","Model bu rejimde tahmin üretmiyor. Kendi toparlanması bekleniyor, müdahale listesine alınmıyor. Yangın öncesi örtü otlak ve çalılık idi; orman kurma değil, mevcut örtünün onarımı düşünülmeli. Bu bölgede referans yangınımız az — tahmin belirsizliği diğer bölgelerden yüksek, saha doğrulaması önerilir.",True
MAR_2024_02_001500,IZLE,ESKIDEN_ORMAN_DEGIL|DUSUK_GUVEN,,,prediction_status=low_severity,"İzle, müdahale etme. Yangın bu kareyi ağır yakmamış (düşük şiddet, dNBR 0,11).","Model bu rejimde tahmin üretmiyor. Kendi toparlanması bekleniyor, müdahale listesine alınmıyor. Yangın öncesi örtü otlak ve çalılık idi; orman kurma değil, mevcut örtünün onarımı düşünülmeli. Bu bölgede referans yangınımız az — tahmin belirsizliği diğer bölgelerden yüksek, saha doğrulaması önerilir.",True
MAR_2024_02_001501,IZLE,ESKIDEN_ORMAN_DEGIL|DUSUK_GUVEN,,,prediction_status=low_severity,"İzle, müdahale etme. Yangın bu kareyi ağır yakmamış (düşük şiddet, dNBR 0,10).","Model bu rejimde tahmin üretmiyor. Kendi toparlanması bekleniyor, müdahale listesine alınmıyor. Yangın öncesi örtü otlak ve çalılık idi; orman kurma değil, mevcut örtünün onarımı düşünülmeli. Bu bölgede referans yangınımız az — tahmin belirsizliği diğer bölgelerden yüksek, saha doğrulaması önerilir.",True
MAR_2024_02_001543,IZLE,ESKIDEN_ORMAN_DEGIL|DUSUK_GUVEN,,,prediction_status=low_severity,"İzle, müdahale etme. Yangın bu kareyi ağır yakmamış (düşük şiddet, dNBR 0,11).","Model bu rejimde tahmin üretmiyor. Kendi toparlanması bekleniyor, müdahale listesine alınmıyor. Yangın öncesi örtü otlak ve çalılık idi; orman kurma değil, mevcut örtünün onarımı düşünülmeli. Bu bölgede referans yangınımız az — tahmin belirsizliği diğer bölgelerden yüksek, saha doğrulaması önerilir.",True
MAR_2024_02_001544,IZLE,ESKIDEN_ORMAN_DEGIL|DUSUK_GUVEN,,,prediction_status=low_severity,"İzle, müdahale etme. Yangın bu kareyi ağır yakmamış (düşük şiddet, dNBR 0,10).","Model bu rejimde tahmin üretmiyor. Kendi toparlanması bekleniyor, müdahale listesine alınmıyor. Yangın öncesi örtü otlak ve çalılık idi; orman kurma değil, mevcut örtünün onarımı düşünülmeli. Bu bölgede referans yangınımız az — tahmin belirsizliği diğer bölgelerden yüksek, saha doğrulaması önerilir.",True
MAR_2024_02_001547,IZLE,ESKIDEN_ORMAN_DEGIL|DUSUK_GUVEN,,,prediction_status=low_severity,"İzle, müdahale etme. Yangın bu kareyi ağır yakmamış (düşük şiddet, dNBR 0,11).","Model bu rejimde tahmin üretmiyor. Kendi toparlanması bekleniyor, müdahale listesine alınmıyor. Yangın öncesi örtü otlak ve çalılık idi; orman kurma değil, mevcut örtünün onarımı düşünülmeli. Bu bölgede referans yangınımız az — tahmin belirsizliği diğer bölgelerden yüksek, saha doğrulaması önerilir.",True
MAR_2024_02_001548,IZLE,ESKIDEN_ORMAN_DEGIL|DUSUK_GUVEN,,,prediction_status=low_severity,"İzle, müdahale etme. Yangın bu kareyi ağır yakmamış (düşük şiddet, dNBR 0,11).","Model bu rejimde tahmin üretmiyor. Kendi toparlanması bekleniyor, müdahale listesine alınmıyor. Yangın öncesi örtü otlak ve çalılık idi; orman kurma değil, mevcut örtünün onarımı düşünülmeli. Bu bölgede referans yangınımız az — tahmin belirsizliği diğer bölgelerden yüksek, saha doğrulaması önerilir.",True
MAR_2024_02_001549,IZLE,ESKIDEN_ORMAN_DEGIL|DUSUK_GUVEN,,,prediction_status=low_severity,"İzle, müdahale etme. Yangın bu kareyi ağır yakmamış (düşük şiddet, dNBR 0,12).","Model bu rejimde tahmin üretmiyor. Kendi toparlanması bekleniyor, müdahale listesine alınmıyor. Yangın öncesi örtü otlak ve çalılık idi; orman kurma değil, mevcut örtünün onarımı düşünülmeli. Bu bölgede referans yangınımız az — tahmin belirsizliği diğer bölgelerden yüksek, saha doğrulaması önerilir.",True
MAR_2024_02_001591,IZLE,ESKIDEN_ORMAN_DEGIL|DUSUK_GUVEN,,,prediction_status=low_severity,"İzle, müdahale etme. Yangın bu kareyi ağır yakmamış (düşük şiddet, dNBR 0,11).","Model bu rejimde tahmin üretmiyor. Kendi toparlanması bekleniyor, müdahale listesine alınmıyor. Yangın öncesi örtü otlak ve çalılık idi; orman kurma değil, mevcut örtünün onarımı düşünülmeli. Bu bölgede referans yangınımız az — tahmin belirsizliği diğer bölgelerden yüksek, saha doğrulaması önerilir.",True
MAR_2024_02_001594,IZLE,ESKIDEN_ORMAN_DEGIL|DUSUK_GUVEN,,,prediction_status=low_severity,"İzle, müdahale etme. Yangın bu kareyi ağır yakmamış (düşük şiddet, dNBR 0,11).","Model bu rejimde tahmin üretmiyor. Kendi toparlanması bekleniyor, müdahale listesine alınmıyor. Yangın öncesi örtü otlak ve çalılık idi; orman kurma değil, mevcut örtünün onarımı düşünülmeli. Bu bölgede referans yangınımız az — tahmin belirsizliği diğer bölgelerden yüksek, saha doğrulaması önerilir.",True
MAR_2024_02_001636,IZLE,ESKIDEN_ORMAN_DEGIL|DUSUK_GUVEN,,,prediction_status=low_severity,"İzle, müdahale etme. Yangın bu kareyi ağır yakmamış (düşük şiddet, dNBR 0,11).","Model bu rejimde tahmin üretmiyor. Kendi toparlanması bekleniyor, müdahale listesine alınmıyor. Yangın öncesi örtü otlak ve çalılık idi; orman kurma değil, mevcut örtünün onarımı düşünülmeli. Bu bölgede referans yangınımız az — tahmin belirsizliği diğer bölgelerden yüksek, saha doğrulaması önerilir.",True
MAR_2024_02_001638,IZLE,ESKIDEN_ORMAN_DEGIL|DUSUK_GUVEN,,,prediction_status=low_severity,"İzle, müdahale etme. Yangın bu kareyi ağır yakmamış (düşük şiddet, dNBR 0,11).","Model bu rejimde tahmin üretmiyor. Kendi toparlanması bekleniyor, müdahale listesine alınmıyor. Yangın öncesi örtü otlak ve çalılık idi; orman kurma değil, mevcut örtünün onarımı düşünülmeli. Bu bölgede referans yangınımız az — tahmin belirsizliği diğer bölgelerden yüksek, saha doğrulaması önerilir.",True
MAR_2024_02_001639,IZLE,ESKIDEN_ORMAN_DEGIL|DUSUK_GUVEN,,,prediction_status=low_severity,"İzle, müdahale etme. Yangın bu kareyi ağır yakmamış (düşük şiddet, dNBR 0,11).","Model bu rejimde tahmin üretmiyor. Kendi toparlanması bekleniyor, müdahale listesine alınmıyor. Yangın öncesi örtü otlak ve çalılık idi; orman kurma değil, mevcut örtünün onarımı düşünülmeli. Bu bölgede referans yangınımız az — tahmin belirsizliği diğer bölgelerden yüksek, saha doğrulaması önerilir.",True
MAR_2024_02_001640,IZLE,ESKIDEN_ORMAN_DEGIL|DUSUK_GUVEN,,,prediction_status=low_severity,"İzle, müdahale etme. Yangın bu kareyi ağır yakmamış (düşük şiddet, dNBR 0,11).","Model bu rejimde tahmin üretmiyor. Kendi toparlanması bekleniyor, müdahale listesine alınmıyor. Yangın öncesi örtü otlak ve çalılık idi; orman kurma değil, mevcut örtünün onarımı düşünülmeli. Bu bölgede referans yangınımız az — tahmin belirsizliği diğer bölgelerden yüksek, saha doğrulaması önerilir.",True
MAR_2024_02_001641,IZLE,ESKIDEN_ORMAN_DEGIL|DUSUK_GUVEN,,,prediction_status=low_severity,"İzle, müdahale etme. Yangın bu kareyi ağır yakmamış (düşük şiddet, dNBR 0,11).","Model bu rejimde tahmin üretmiyor. Kendi toparlanması bekleniyor, müdahale listesine alınmıyor. Yangın öncesi örtü otlak ve çalılık idi; orman kurma değil, mevcut örtünün onarımı düşünülmeli. Bu bölgede referans yangınımız az — tahmin belirsizliği diğer bölgelerden yüksek, saha doğrulaması önerilir.",True
MAR_2024_02_001656,IZLE,ESKIDEN_ORMAN_DEGIL|DUSUK_GUVEN,,,prediction_status=low_severity,"İzle, müdahale etme. Yangın bu kareyi ağır yakmamış (düşük şiddet, dNBR 0,11).","Model bu rejimde tahmin üretmiyor. Kendi toparlanması bekleniyor, müdahale listesine alınmıyor. Yangın öncesi örtü otlak ve çalılık idi; orman kurma değil, mevcut örtünün onarımı düşünülmeli. Bu bölgede referans yangınımız az — tahmin belirsizliği diğer bölgelerden yüksek, saha doğrulaması önerilir.",True
MAR_2024_02_001676,IZLE,ESKIDEN_ORMAN_DEGIL|DUSUK_GUVEN,,,prediction_status=low_severity,"İzle, müdahale etme. Yangın bu kareyi ağır yakmamış (düşük şiddet, dNBR 0,11).","Model bu rejimde tahmin üretmiyor. Kendi toparlanması bekleniyor, müdahale listesine alınmıyor. Yangın öncesi örtü otlak ve çalılık idi; orman kurma değil, mevcut örtünün onarımı düşünülmeli. Bu bölgede referans yangınımız az — tahmin belirsizliği diğer bölgelerden yüksek, saha doğrulaması önerilir.",True
MAR_2024_02_001680,IZLE,ESKIDEN_ORMAN_DEGIL|DUSUK_GUVEN,,,prediction_status=low_severity,"İzle, müdahale etme. Yangın bu kareyi ağır yakmamış (düşük şiddet, dNBR 0,11).","Model bu rejimde tahmin üretmiyor. Kendi toparlanması bekleniyor, müdahale listesine alınmıyor. Yangın öncesi örtü otlak ve çalılık idi; orman kurma değil, mevcut örtünün onarımı düşünülmeli. Bu bölgede referans yangınımız az — tahmin belirsizliği diğer bölgelerden yüksek, saha doğrulaması önerilir.",True
MAR_2024_02_001683,IZLE,ESKIDEN_ORMAN_DEGIL|DUSUK_GUVEN,,,prediction_status=low_severity,"İzle, müdahale etme. Yangın bu kareyi ağır yakmamış (düşük şiddet, dNBR 0,10).","Model bu rejimde tahmin üretmiyor. Kendi toparlanması bekleniyor, müdahale listesine alınmıyor. Yangın öncesi örtü otlak ve çalılık idi; orman kurma değil, mevcut örtünün onarımı düşünülmeli. Bu bölgede referans yangınımız az — tahmin belirsizliği diğer bölgelerden yüksek, saha doğrulaması önerilir.",True
MAR_2024_02_001684,IZLE,ESKIDEN_ORMAN_DEGIL|DUSUK_GUVEN,,,prediction_status=low_severity,"İzle, müdahale etme. Yangın bu kareyi ağır yakmamış (düşük şiddet, dNBR 0,14).","Model bu rejimde tahmin üretmiyor. Kendi toparlanması bekleniyor, müdahale listesine alınmıyor. Yangın öncesi örtü otlak ve çalılık idi; orman kurma değil, mevcut örtünün onarımı düşünülmeli. Bu bölgede referans yangınımız az — tahmin belirsizliği diğer bölgelerden yüksek, saha doğrulaması önerilir.",True
MAR_2024_02_001685,IZLE,ESKIDEN_ORMAN_DEGIL|DUSUK_GUVEN,,,prediction_status=low_severity,"İzle, müdahale etme. Yangın bu kareyi ağır yakmamış (düşük şiddet, dNBR 0,14).","Model bu rejimde tahmin üretmiyor. Kendi toparlanması bekleniyor, müdahale listesine alınmıyor. Yangın öncesi örtü otlak ve çalılık idi; orman kurma değil, mevcut örtünün onarımı düşünülmeli. Bu bölgede referans yangınımız az — tahmin belirsizliği diğer bölgelerden yüksek, saha doğrulaması önerilir.",True
MAR_2024_02_001687,IZLE,ESKIDEN_ORMAN_DEGIL|DUSUK_GUVEN,,,prediction_status=low_severity,"İzle, müdahale etme. Yangın bu kareyi ağır yakmamış (düşük şiddet, dNBR 0,10).","Model bu rejimde tahmin üretmiyor. Kendi toparlanması bekleniyor, müdahale listesine alınmıyor. Yangın öncesi örtü otlak ve çalılık idi; orman kurma değil, mevcut örtünün onarımı düşünülmeli. Bu bölgede referans yangınımız az — tahmin belirsizliği diğer bölgelerden yüksek, saha doğrulaması önerilir.",True
MAR_2024_02_001736,IZLE,ESKIDEN_ORMAN_DEGIL|DUSUK_GUVEN,,,prediction_status=low_severity,"İzle, müdahale etme. Yangın bu kareyi ağır yakmamış (düşük şiddet, dNBR 0,11).","Model bu rejimde tahmin üretmiyor. Kendi toparlanması bekleniyor, müdahale listesine alınmıyor. Yangın öncesi örtü otlak ve çalılık idi; orman kurma değil, mevcut örtünün onarımı düşünülmeli. Bu bölgede referans yangınımız az — tahmin belirsizliği diğer bölgelerden yüksek, saha doğrulaması önerilir.",True
MAR_2024_02_001774,IZLE,ESKIDEN_ORMAN_DEGIL|DUSUK_GUVEN,,,prediction_status=low_severity,"İzle, müdahale etme. Yangın bu kareyi ağır yakmamış (düşük şiddet, dNBR 0,12).","Model bu rejimde tahmin üretmiyor. Kendi toparlanması bekleniyor, müdahale listesine alınmıyor. Yangın öncesi örtü otlak ve çalılık idi; orman kurma değil, mevcut örtünün onarımı düşünülmeli. Bu bölgede referans yangınımız az — tahmin belirsizliği diğer bölgelerden yüksek, saha doğrulaması önerilir.",True
MAR_2024_02_001783,IZLE,ESKIDEN_ORMAN_DEGIL|DUSUK_GUVEN,,,prediction_status=low_severity,"İzle, müdahale etme. Yangın bu kareyi ağır yakmamış (düşük şiddet, dNBR 0,11).","Model bu rejimde tahmin üretmiyor. Kendi toparlanması bekleniyor, müdahale listesine alınmıyor. Yangın öncesi örtü otlak ve çalılık idi; orman kurma değil, mevcut örtünün onarımı düşünülmeli. Bu bölgede referans yangınımız az — tahmin belirsizliği diğer bölgelerden yüksek, saha doğrulaması önerilir.",True
MAR_2024_02_001789,IZLE,ESKIDEN_ORMAN_DEGIL|DUSUK_GUVEN,,,prediction_status=low_severity,"İzle, müdahale etme. Yangın bu kareyi ağır yakmamış (düşük şiddet, dNBR 0,10).","Model bu rejimde tahmin üretmiyor. Kendi toparlanması bekleniyor, müdahale listesine alınmıyor. Yangın öncesi örtü otlak ve çalılık idi; orman kurma değil, mevcut örtünün onarımı düşünülmeli. Bu bölgede referans yangınımız az — tahmin belirsizliği diğer bölgelerden yüksek, saha doğrulaması önerilir.",True
MAR_2024_02_001825,IZLE,ESKIDEN_ORMAN_DEGIL|DUSUK_GUVEN,,,prediction_status=low_severity,"İzle, müdahale etme. Yangın bu kareyi ağır yakmamış (düşük şiddet, dNBR 0,10).","Model bu rejimde tahmin üretmiyor. Kendi toparlanması bekleniyor, müdahale listesine alınmıyor. Yangın öncesi örtü otlak ve çalılık idi; orman kurma değil, mevcut örtünün onarımı düşünülmeli. Bu bölgede referans yangınımız az — tahmin belirsizliği diğer bölgelerden yüksek, saha doğrulaması önerilir.",True
MAR_2024_02_001830,IZLE,ESKIDEN_ORMAN_DEGIL|DUSUK_GUVEN,,,prediction_status=low_severity,"İzle, müdahale etme. Yangın bu kareyi ağır yakmamış (düşük şiddet, dNBR 0,11).","Model bu rejimde tahmin üretmiyor. Kendi toparlanması bekleniyor, müdahale listesine alınmıyor. Yangın öncesi örtü otlak ve çalılık idi; orman kurma değil, mevcut örtünün onarımı düşünülmeli. Bu bölgede referans yangınımız az — tahmin belirsizliği diğer bölgelerden yüksek, saha doğrulaması önerilir.",True
MAR_2024_02_001837,IZLE,ESKIDEN_ORMAN_DEGIL|DUSUK_GUVEN,,,prediction_status=low_severity,"İzle, müdahale etme. Yangın bu kareyi ağır yakmamış (düşük şiddet, dNBR 0,12).","Model bu rejimde tahmin üretmiyor. Kendi toparlanması bekleniyor, müdahale listesine alınmıyor. Yangın öncesi örtü otlak ve çalılık idi; orman kurma değil, mevcut örtünün onarımı düşünülmeli. Bu bölgede referans yangınımız az — tahmin belirsizliği diğer bölgelerden yüksek, saha doğrulaması önerilir.",True
MAR_2024_02_001896,KAPSAM_DISI,,,,land_cover=Tarim,"Ağaçlandırma kapsamı dışı. Bu kare tarım alanı olarak sınıflanmış, orman rehabilitasyonu hedefi değil.",Öncelik sıralamasına dahil edilmiyor.,False
MAR_2024_02_001928,KAPSAM_DISI,,,,land_cover=Tarim,"Ağaçlandırma kapsamı dışı. Bu kare tarım alanı olarak sınıflanmış, orman rehabilitasyonu hedefi değil.",Öncelik sıralamasına dahil edilmiyor.,False
MAR_2024_02_001929,KAPSAM_DISI,,,,land_cover=Tarim,"Ağaçlandırma kapsamı dışı. Bu kare tarım alanı olarak sınıflanmış, orman rehabilitasyonu hedefi değil.",Öncelik sıralamasına dahil edilmiyor.,False
MAR_2024_02_001930,IZLE,ESKIDEN_ORMAN_DEGIL|DUSUK_GUVEN,,,prediction_status=low_severity,"İzle, müdahale etme. Yangın bu kareyi ağır yakmamış (düşük şiddet, dNBR 0,11).","Model bu rejimde tahmin üretmiyor. Kendi toparlanması bekleniyor, müdahale listesine alınmıyor. Yangın öncesi örtü otlak ve çalılık idi; orman kurma değil, mevcut örtünün onarımı düşünülmeli. Bu bölgede referans yangınımız az — tahmin belirsizliği diğer bölgelerden yüksek, saha doğrulaması önerilir.",True
MAR_2024_02_001961,IZLE,ESKIDEN_ORMAN_DEGIL|DUSUK_GUVEN,,,prediction_status=low_severity,"İzle, müdahale etme. Yangın bu kareyi ağır yakmamış (düşük şiddet, dNBR 0,10).","Model bu rejimde tahmin üretmiyor. Kendi toparlanması bekleniyor, müdahale listesine alınmıyor. Yangın öncesi örtü otlak ve çalılık idi; orman kurma değil, mevcut örtünün onarımı düşünülmeli. Bu bölgede referans yangınımız az — tahmin belirsizliği diğer bölgelerden yüksek, saha doğrulaması önerilir.",True
MAR_2024_02_001966,IZLE,ESKIDEN_ORMAN_DEGIL|DUSUK_GUVEN,,,prediction_status=low_severity,"İzle, müdahale etme. Yangın bu kareyi ağır yakmamış (düşük şiddet, dNBR 0,11).","Model bu rejimde tahmin üretmiyor. Kendi toparlanması bekleniyor, müdahale listesine alınmıyor. Yangın öncesi örtü otlak ve çalılık idi; orman kurma değil, mevcut örtünün onarımı düşünülmeli. Bu bölgede referans yangınımız az — tahmin belirsizliği diğer bölgelerden yüksek, saha doğrulaması önerilir.",True
MAR_2024_02_001967,IZLE,ESKIDEN_ORMAN_DEGIL|DUSUK_GUVEN,,,prediction_status=low_severity,"İzle, müdahale etme. Yangın bu kareyi ağır yakmamış (düşük şiddet, dNBR 0,16).","Model bu rejimde tahmin üretmiyor. Kendi toparlanması bekleniyor, müdahale listesine alınmıyor. Yangın öncesi örtü otlak ve çalılık idi; orman kurma değil, mevcut örtünün onarımı düşünülmeli. Bu bölgede referans yangınımız az — tahmin belirsizliği diğer bölgelerden yüksek, saha doğrulaması önerilir.",True
MAR_2024_02_002012,IZLE,ESKIDEN_ORMAN_DEGIL|DUSUK_GUVEN,,,prediction_status=low_severity,"İzle, müdahale etme. Yangın bu kareyi ağır yakmamış (düşük şiddet, dNBR 0,15).","Model bu rejimde tahmin üretmiyor. Kendi toparlanması bekleniyor, müdahale listesine alınmıyor. Yangın öncesi örtü otlak ve çalılık idi; orman kurma değil, mevcut örtünün onarımı düşünülmeli. Bu bölgede referans yangınımız az — tahmin belirsizliği diğer bölgelerden yüksek, saha doğrulaması önerilir.",True
MAR_2024_02_002013,IZLE,ESKIDEN_ORMAN_DEGIL|DUSUK_GUVEN,,,prediction_status=low_severity,"İzle, müdahale etme. Yangın bu kareyi ağır yakmamış (düşük şiddet, dNBR 0,18).","Model bu rejimde tahmin üretmiyor. Kendi toparlanması bekleniyor, müdahale listesine alınmıyor. Yangın öncesi örtü otlak ve çalılık idi; orman kurma değil, mevcut örtünün onarımı düşünülmeli. Bu bölgede referans yangınımız az — tahmin belirsizliği diğer bölgelerden yüksek, saha doğrulaması önerilir.",True
MAR_2024_02_002014,IZLE,ESKIDEN_ORMAN_DEGIL|DUSUK_GUVEN,,,prediction_status=low_severity,"İzle, müdahale etme. Yangın bu kareyi ağır yakmamış (düşük şiddet, dNBR 0,12).","Model bu rejimde tahmin üretmiyor. Kendi toparlanması bekleniyor, müdahale listesine alınmıyor. Yangın öncesi örtü otlak ve çalılık idi; orman kurma değil, mevcut örtünün onarımı düşünülmeli. Bu bölgede referans yangınımız az — tahmin belirsizliği diğer bölgelerden yüksek, saha doğrulaması önerilir.",True
MAR_2024_02_002032,KAPSAM_DISI,,,,land_cover=Tarim,"Ağaçlandırma kapsamı dışı. Bu kare tarım alanı olarak sınıflanmış, orman rehabilitasyonu hedefi değil.",Öncelik sıralamasına dahil edilmiyor.,False
MAR_2024_02_002033,KAPSAM_DISI,,,,land_cover=Tarim,"Ağaçlandırma kapsamı dışı. Bu kare tarım alanı olarak sınıflanmış, orman rehabilitasyonu hedefi değil.",Öncelik sıralamasına dahil edilmiyor.,False
MAR_2024_02_002076,KAPSAM_DISI,,,,land_cover=Tarim,"Ağaçlandırma kapsamı dışı. Bu kare tarım alanı olarak sınıflanmış, orman rehabilitasyonu hedefi değil.",Öncelik sıralamasına dahil edilmiyor.,False
MAR_2024_02_002080,KAPSAM_DISI,,,,land_cover=Tarim,"Ağaçlandırma kapsamı dışı. Bu kare tarım alanı olarak sınıflanmış, orman rehabilitasyonu hedefi değil.",Öncelik sıralamasına dahil edilmiyor.,False
MAR_2024_02_002081,KAPSAM_DISI,,,,land_cover=Tarim,"Ağaçlandırma kapsamı dışı. Bu kare tarım alanı olarak sınıflanmış, orman rehabilitasyonu hedefi değil.",Öncelik sıralamasına dahil edilmiyor.,False
MAR_2024_02_002082,KAPSAM_DISI,,,,land_cover=Tarim,"Ağaçlandırma kapsamı dışı. Bu kare tarım alanı olarak sınıflanmış, orman rehabilitasyonu hedefi değil.",Öncelik sıralamasına dahil edilmiyor.,False
MAR_2024_02_002083,KAPSAM_DISI,,,,land_cover=Tarim,"Ağaçlandırma kapsamı dışı. Bu kare tarım alanı olarak sınıflanmış, orman rehabilitasyonu hedefi değil.",Öncelik sıralamasına dahil edilmiyor.,False
MAR_2024_02_002084,IZLE,ESKIDEN_ORMAN_DEGIL|DUSUK_GUVEN,,,prediction_status=low_severity,"İzle, müdahale etme. Yangın bu kareyi ağır yakmamış (düşük şiddet, dNBR 0,14).","Model bu rejimde tahmin üretmiyor. Kendi toparlanması bekleniyor, müdahale listesine alınmıyor. Yangın öncesi örtü otlak ve çalılık idi; orman kurma değil, mevcut örtünün onarımı düşünülmeli. Bu bölgede referans yangınımız az — tahmin belirsizliği diğer bölgelerden yüksek, saha doğrulaması önerilir.",True
MAR_2024_02_002085,KAPSAM_DISI,,,,land_cover=Tarim,"Ağaçlandırma kapsamı dışı. Bu kare tarım alanı olarak sınıflanmış, orman rehabilitasyonu hedefi değil.",Öncelik sıralamasına dahil edilmiyor.,False
MAR_2024_02_002127,KAPSAM_DISI,,,,land_cover=Tarim,"Ağaçlandırma kapsamı dışı. Bu kare tarım alanı olarak sınıflanmış, orman rehabilitasyonu hedefi değil.",Öncelik sıralamasına dahil edilmiyor.,False
MAR_2024_02_002128,KAPSAM_DISI,,,,land_cover=Tarim,"Ağaçlandırma kapsamı dışı. Bu kare tarım alanı olarak sınıflanmış, orman rehabilitasyonu hedefi değil.",Öncelik sıralamasına dahil edilmiyor.,False
MAR_2024_02_002129,KAPSAM_DISI,,,,land_cover=Tarim,"Ağaçlandırma kapsamı dışı. Bu kare tarım alanı olarak sınıflanmış, orman rehabilitasyonu hedefi değil.",Öncelik sıralamasına dahil edilmiyor.,False
MAR_2024_02_002130,KAPSAM_DISI,,,,land_cover=Tarim,"Ağaçlandırma kapsamı dışı. Bu kare tarım alanı olarak sınıflanmış, orman rehabilitasyonu hedefi değil.",Öncelik sıralamasına dahil edilmiyor.,False
MAR_2024_02_002131,KAPSAM_DISI,,,,land_cover=Tarim,"Ağaçlandırma kapsamı dışı. Bu kare tarım alanı olarak sınıflanmış, orman rehabilitasyonu hedefi değil.",Öncelik sıralamasına dahil edilmiyor.,False
MAR_2024_02_002132,KAPSAM_DISI,,,,land_cover=Tarim,"Ağaçlandırma kapsamı dışı. Bu kare tarım alanı olarak sınıflanmış, orman rehabilitasyonu hedefi değil.",Öncelik sıralamasına dahil edilmiyor.,False
MAR_2024_02_002134,IZLE,ESKIDEN_ORMAN_DEGIL|DUSUK_GUVEN,,,prediction_status=low_severity,"İzle, müdahale etme. Yangın bu kareyi ağır yakmamış (düşük şiddet, dNBR 0,12).","Model bu rejimde tahmin üretmiyor. Kendi toparlanması bekleniyor, müdahale listesine alınmıyor. Yangın öncesi örtü otlak ve çalılık idi; orman kurma değil, mevcut örtünün onarımı düşünülmeli. Bu bölgede referans yangınımız az — tahmin belirsizliği diğer bölgelerden yüksek, saha doğrulaması önerilir.",True
MAR_2024_02_002151,IZLE,ESKIDEN_ORMAN_DEGIL|DUSUK_GUVEN,,,prediction_status=low_severity,"İzle, müdahale etme. Yangın bu kareyi ağır yakmamış (düşük şiddet, dNBR 0,14).","Model bu rejimde tahmin üretmiyor. Kendi toparlanması bekleniyor, müdahale listesine alınmıyor. Yangın öncesi örtü otlak ve çalılık idi; orman kurma değil, mevcut örtünün onarımı düşünülmeli. Bu bölgede referans yangınımız az — tahmin belirsizliği diğer bölgelerden yüksek, saha doğrulaması önerilir.",True
MAR_2024_02_002153,IZLE,ESKIDEN_ORMAN_DEGIL|DUSUK_GUVEN,,,prediction_status=low_severity,"İzle, müdahale etme. Yangın bu kareyi ağır yakmamış (düşük şiddet, dNBR 0,12).","Model bu rejimde tahmin üretmiyor. Kendi toparlanması bekleniyor, müdahale listesine alınmıyor. Yangın öncesi örtü otlak ve çalılık idi; orman kurma değil, mevcut örtünün onarımı düşünülmeli. Bu bölgede referans yangınımız az — tahmin belirsizliği diğer bölgelerden yüksek, saha doğrulaması önerilir.",True
MAR_2024_02_002154,IZLE,ESKIDEN_ORMAN_DEGIL|DUSUK_GUVEN,,,prediction_status=low_severity,"İzle, müdahale etme. Yangın bu kareyi ağır yakmamış (düşük şiddet, dNBR 0,10).","Model bu rejimde tahmin üretmiyor. Kendi toparlanması bekleniyor, müdahale listesine alınmıyor. Yangın öncesi örtü otlak ve çalılık idi; orman kurma değil, mevcut örtünün onarımı düşünülmeli. Bu bölgede referans yangınımız az — tahmin belirsizliği diğer bölgelerden yüksek, saha doğrulaması önerilir.",True
MAR_2024_02_002173,IZLE,ESKIDEN_ORMAN_DEGIL|DUSUK_GUVEN,,,prediction_status=low_severity,"İzle, müdahale etme. Yangın bu kareyi ağır yakmamış (düşük şiddet, dNBR 0,14).","Model bu rejimde tahmin üretmiyor. Kendi toparlanması bekleniyor, müdahale listesine alınmıyor. Yangın öncesi örtü otlak ve çalılık idi; orman kurma değil, mevcut örtünün onarımı düşünülmeli. Bu bölgede referans yangınımız az — tahmin belirsizliği diğer bölgelerden yüksek, saha doğrulaması önerilir.",True
MAR_2024_02_002174,KAPSAM_DISI,,,,land_cover=Tarim,"Ağaçlandırma kapsamı dışı. Bu kare tarım alanı olarak sınıflanmış, orman rehabilitasyonu hedefi değil.",Öncelik sıralamasına dahil edilmiyor.,False
MAR_2024_02_002175,KAPSAM_DISI,,,,land_cover=Tarim,"Ağaçlandırma kapsamı dışı. Bu kare tarım alanı olarak sınıflanmış, orman rehabilitasyonu hedefi değil.",Öncelik sıralamasına dahil edilmiyor.,False
MAR_2024_02_002176,KAPSAM_DISI,,,,land_cover=Tarim,"Ağaçlandırma kapsamı dışı. Bu kare tarım alanı olarak sınıflanmış, orman rehabilitasyonu hedefi değil.",Öncelik sıralamasına dahil edilmiyor.,False
MAR_2024_02_002177,KAPSAM_DISI,,,,land_cover=Tarim,"Ağaçlandırma kapsamı dışı. Bu kare tarım alanı olarak sınıflanmış, orman rehabilitasyonu hedefi değil.",Öncelik sıralamasına dahil edilmiyor.,False
MAR_2024_02_002178,KAPSAM_DISI,,,,land_cover=Tarim,"Ağaçlandırma kapsamı dışı. Bu kare tarım alanı olarak sınıflanmış, orman rehabilitasyonu hedefi değil.",Öncelik sıralamasına dahil edilmiyor.,False
MAR_2024_02_002181,IZLE,ESKIDEN_ORMAN_DEGIL|DUSUK_GUVEN,,,prediction_status=low_severity,"İzle, müdahale etme. Yangın bu kareyi ağır yakmamış (düşük şiddet, dNBR 0,11).","Model bu rejimde tahmin üretmiyor. Kendi toparlanması bekleniyor, müdahale listesine alınmıyor. Yangın öncesi örtü otlak ve çalılık idi; orman kurma değil, mevcut örtünün onarımı düşünülmeli. Bu bölgede referans yangınımız az — tahmin belirsizliği diğer bölgelerden yüksek, saha doğrulaması önerilir.",True
MAR_2024_02_002182,IZLE,ESKIDEN_ORMAN_DEGIL|DUSUK_GUVEN,,,prediction_status=low_severity,"İzle, müdahale etme. Yangın bu kareyi ağır yakmamış (düşük şiddet, dNBR 0,11).","Model bu rejimde tahmin üretmiyor. Kendi toparlanması bekleniyor, müdahale listesine alınmıyor. Yangın öncesi örtü otlak ve çalılık idi; orman kurma değil, mevcut örtünün onarımı düşünülmeli. Bu bölgede referans yangınımız az — tahmin belirsizliği diğer bölgelerden yüksek, saha doğrulaması önerilir.",True
MAR_2024_02_002192,IZLE,ESKIDEN_ORMAN_DEGIL|DUSUK_GUVEN,,,prediction_status=low_severity,"İzle, müdahale etme. Yangın bu kareyi ağır yakmamış (düşük şiddet, dNBR 0,10).","Model bu rejimde tahmin üretmiyor. Kendi toparlanması bekleniyor, müdahale listesine alınmıyor. Yangın öncesi örtü otlak ve çalılık idi; orman kurma değil, mevcut örtünün onarımı düşünülmeli. Bu bölgede referans yangınımız az — tahmin belirsizliği diğer bölgelerden yüksek, saha doğrulaması önerilir.",True
MAR_2024_02_002193,IZLE,ESKIDEN_ORMAN_DEGIL|DUSUK_GUVEN,,,prediction_status=low_severity,"İzle, müdahale etme. Yangın bu kareyi ağır yakmamış (düşük şiddet, dNBR 0,14).","Model bu rejimde tahmin üretmiyor. Kendi toparlanması bekleniyor, müdahale listesine alınmıyor. Yangın öncesi örtü otlak ve çalılık idi; orman kurma değil, mevcut örtünün onarımı düşünülmeli. Bu bölgede referans yangınımız az — tahmin belirsizliği diğer bölgelerden yüksek, saha doğrulaması önerilir.",True
MAR_2024_02_002194,IZLE,DUSUK_GUVEN,,,prediction_status=low_severity,"İzle, müdahale etme. Yangın bu kareyi ağır yakmamış (düşük şiddet, dNBR 0,15).","Model bu rejimde tahmin üretmiyor. Kendi toparlanması bekleniyor, müdahale listesine alınmıyor. Bu bölgede referans yangınımız az — tahmin belirsizliği diğer bölgelerden yüksek, saha doğrulaması önerilir.",True
MAR_2024_02_002198,IZLE,ESKIDEN_ORMAN_DEGIL|DUSUK_GUVEN,,,prediction_status=low_severity,"İzle, müdahale etme. Yangın bu kareyi ağır yakmamış (düşük şiddet, dNBR 0,14).","Model bu rejimde tahmin üretmiyor. Kendi toparlanması bekleniyor, müdahale listesine alınmıyor. Yangın öncesi örtü otlak ve çalılık idi; orman kurma değil, mevcut örtünün onarımı düşünülmeli. Bu bölgede referans yangınımız az — tahmin belirsizliği diğer bölgelerden yüksek, saha doğrulaması önerilir.",True
MAR_2024_02_002199,KAPSAM_DISI,,,,land_cover=Tarim,"Ağaçlandırma kapsamı dışı. Bu kare tarım alanı olarak sınıflanmış, orman rehabilitasyonu hedefi değil.",Öncelik sıralamasına dahil edilmiyor.,False
MAR_2024_02_002200,KAPSAM_DISI,,,,land_cover=Tarim,"Ağaçlandırma kapsamı dışı. Bu kare tarım alanı olarak sınıflanmış, orman rehabilitasyonu hedefi değil.",Öncelik sıralamasına dahil edilmiyor.,False
MAR_2024_02_002204,IZLE,ESKIDEN_ORMAN_DEGIL|DUSUK_GUVEN,,,prediction_status=low_severity,"İzle, müdahale etme. Yangın bu kareyi ağır yakmamış (düşük şiddet, dNBR 0,12).","Model bu rejimde tahmin üretmiyor. Kendi toparlanması bekleniyor, müdahale listesine alınmıyor. Yangın öncesi örtü otlak ve çalılık idi; orman kurma değil, mevcut örtünün onarımı düşünülmeli. Bu bölgede referans yangınımız az — tahmin belirsizliği diğer bölgelerden yüksek, saha doğrulaması önerilir.",True
MAR_2024_02_002210,IZLE,ESKIDEN_ORMAN_DEGIL|DUSUK_GUVEN,,,prediction_status=low_severity,"İzle, müdahale etme. Yangın bu kareyi ağır yakmamış (düşük şiddet, dNBR 0,10).","Model bu rejimde tahmin üretmiyor. Kendi toparlanması bekleniyor, müdahale listesine alınmıyor. Yangın öncesi örtü otlak ve çalılık idi; orman kurma değil, mevcut örtünün onarımı düşünülmeli. Bu bölgede referans yangınımız az — tahmin belirsizliği diğer bölgelerden yüksek, saha doğrulaması önerilir.",True
MAR_2024_02_002219,IZLE,ESKIDEN_ORMAN_DEGIL|DUSUK_GUVEN,,,prediction_status=low_severity,"İzle, müdahale etme. Yangın bu kareyi ağır yakmamış (düşük şiddet, dNBR 0,10).","Model bu rejimde tahmin üretmiyor. Kendi toparlanması bekleniyor, müdahale listesine alınmıyor. Yangın öncesi örtü otlak ve çalılık idi; orman kurma değil, mevcut örtünün onarımı düşünülmeli. Bu bölgede referans yangınımız az — tahmin belirsizliği diğer bölgelerden yüksek, saha doğrulaması önerilir.",True
MAR_2024_02_002220,IZLE,ESKIDEN_ORMAN_DEGIL|DUSUK_GUVEN,,,prediction_status=low_severity,"İzle, müdahale etme. Yangın bu kareyi ağır yakmamış (düşük şiddet, dNBR 0,11).","Model bu rejimde tahmin üretmiyor. Kendi toparlanması bekleniyor, müdahale listesine alınmıyor. Yangın öncesi örtü otlak ve çalılık idi; orman kurma değil, mevcut örtünün onarımı düşünülmeli. Bu bölgede referans yangınımız az — tahmin belirsizliği diğer bölgelerden yüksek, saha doğrulaması önerilir.",True
MAR_2024_02_002222,KAPSAM_DISI,,,,land_cover=Tarim,"Ağaçlandırma kapsamı dışı. Bu kare tarım alanı olarak sınıflanmış, orman rehabilitasyonu hedefi değil.",Öncelik sıralamasına dahil edilmiyor.,False
MAR_2024_02_002223,KAPSAM_DISI,,,,land_cover=Tarim,"Ağaçlandırma kapsamı dışı. Bu kare tarım alanı olarak sınıflanmış, orman rehabilitasyonu hedefi değil.",Öncelik sıralamasına dahil edilmiyor.,False
MAR_2024_02_002224,KAPSAM_DISI,,,,land_cover=Tarim,"Ağaçlandırma kapsamı dışı. Bu kare tarım alanı olarak sınıflanmış, orman rehabilitasyonu hedefi değil.",Öncelik sıralamasına dahil edilmiyor.,False
MAR_2024_02_002225,KAPSAM_DISI,,,,land_cover=Tarim,"Ağaçlandırma kapsamı dışı. Bu kare tarım alanı olarak sınıflanmış, orman rehabilitasyonu hedefi değil.",Öncelik sıralamasına dahil edilmiyor.,False
MAR_2024_02_002226,IZLE,ESKIDEN_ORMAN_DEGIL|DUSUK_GUVEN,,,prediction_status=low_severity,"İzle, müdahale etme. Yangın bu kareyi ağır yakmamış (düşük şiddet, dNBR 0,10).","Model bu rejimde tahmin üretmiyor. Kendi toparlanması bekleniyor, müdahale listesine alınmıyor. Yangın öncesi örtü otlak ve çalılık idi; orman kurma değil, mevcut örtünün onarımı düşünülmeli. Bu bölgede referans yangınımız az — tahmin belirsizliği diğer bölgelerden yüksek, saha doğrulaması önerilir.",True
MAR_2024_02_002227,IZLE,ESKIDEN_ORMAN_DEGIL|DUSUK_GUVEN,,,prediction_status=low_severity,"İzle, müdahale etme. Yangın bu kareyi ağır yakmamış (düşük şiddet, dNBR 0,12).","Model bu rejimde tahmin üretmiyor. Kendi toparlanması bekleniyor, müdahale listesine alınmıyor. Yangın öncesi örtü otlak ve çalılık idi; orman kurma değil, mevcut örtünün onarımı düşünülmeli. Bu bölgede referans yangınımız az — tahmin belirsizliği diğer bölgelerden yüksek, saha doğrulaması önerilir.",True
MAR_2024_02_002229,IZLE,ESKIDEN_ORMAN_DEGIL|DUSUK_GUVEN,,,prediction_status=low_severity,"İzle, müdahale etme. Yangın bu kareyi ağır yakmamış (düşük şiddet, dNBR 0,15).","Model bu rejimde tahmin üretmiyor. Kendi toparlanması bekleniyor, müdahale listesine alınmıyor. Yangın öncesi örtü otlak ve çalılık idi; orman kurma değil, mevcut örtünün onarımı düşünülmeli. Bu bölgede referans yangınımız az — tahmin belirsizliği diğer bölgelerden yüksek, saha doğrulaması önerilir.",True
MAR_2024_02_002231,IZLE,ESKIDEN_ORMAN_DEGIL|DUSUK_GUVEN,,,prediction_status=low_severity,"İzle, müdahale etme. Yangın bu kareyi ağır yakmamış (düşük şiddet, dNBR 0,11).","Model bu rejimde tahmin üretmiyor. Kendi toparlanması bekleniyor, müdahale listesine alınmıyor. Yangın öncesi örtü otlak ve çalılık idi; orman kurma değil, mevcut örtünün onarımı düşünülmeli. Bu bölgede referans yangınımız az — tahmin belirsizliği diğer bölgelerden yüksek, saha doğrulaması önerilir.",True
MAR_2024_02_002237,IZLE,ESKIDEN_ORMAN_DEGIL|DUSUK_GUVEN,,,prediction_status=low_severity,"İzle, müdahale etme. Yangın bu kareyi ağır yakmamış (düşük şiddet, dNBR 0,13).","Model bu rejimde tahmin üretmiyor. Kendi toparlanması bekleniyor, müdahale listesine alınmıyor. Yangın öncesi örtü otlak ve çalılık idi; orman kurma değil, mevcut örtünün onarımı düşünülmeli. Bu bölgede referans yangınımız az — tahmin belirsizliği diğer bölgelerden yüksek, saha doğrulaması önerilir.",True
MAR_2024_02_002239,IZLE,ESKIDEN_ORMAN_DEGIL|DUSUK_GUVEN,,,prediction_status=low_severity,"İzle, müdahale etme. Yangın bu kareyi ağır yakmamış (düşük şiddet, dNBR 0,15).","Model bu rejimde tahmin üretmiyor. Kendi toparlanması bekleniyor, müdahale listesine alınmıyor. Yangın öncesi örtü otlak ve çalılık idi; orman kurma değil, mevcut örtünün onarımı düşünülmeli. Bu bölgede referans yangınımız az — tahmin belirsizliği diğer bölgelerden yüksek, saha doğrulaması önerilir.",True
MAR_2024_02_002240,IZLE,DUSUK_GUVEN,,,prediction_status=low_severity,"İzle, müdahale etme. Yangın bu kareyi ağır yakmamış (düşük şiddet, dNBR 0,10).","Model bu rejimde tahmin üretmiyor. Kendi toparlanması bekleniyor, müdahale listesine alınmıyor. Bu bölgede referans yangınımız az — tahmin belirsizliği diğer bölgelerden yüksek, saha doğrulaması önerilir.",True
MAR_2024_02_002246,KAPSAM_DISI,,,,land_cover=Tarim,"Ağaçlandırma kapsamı dışı. Bu kare tarım alanı olarak sınıflanmış, orman rehabilitasyonu hedefi değil.",Öncelik sıralamasına dahil edilmiyor.,False
MAR_2024_02_002251,IZLE,ESKIDEN_ORMAN_DEGIL|DUSUK_GUVEN,,,prediction_status=low_severity,"İzle, müdahale etme. Yangın bu kareyi ağır yakmamış (düşük şiddet, dNBR 0,11).","Model bu rejimde tahmin üretmiyor. Kendi toparlanması bekleniyor, müdahale listesine alınmıyor. Yangın öncesi örtü otlak ve çalılık idi; orman kurma değil, mevcut örtünün onarımı düşünülmeli. Bu bölgede referans yangınımız az — tahmin belirsizliği diğer bölgelerden yüksek, saha doğrulaması önerilir.",True
MAR_2024_02_002269,KAPSAM_DISI,,,,land_cover=Tarim,"Ağaçlandırma kapsamı dışı. Bu kare tarım alanı olarak sınıflanmış, orman rehabilitasyonu hedefi değil.",Öncelik sıralamasına dahil edilmiyor.,False
MAR_2024_02_002270,KAPSAM_DISI,,,,land_cover=Tarim,"Ağaçlandırma kapsamı dışı. Bu kare tarım alanı olarak sınıflanmış, orman rehabilitasyonu hedefi değil.",Öncelik sıralamasına dahil edilmiyor.,False
MAR_2024_02_002271,KAPSAM_DISI,,,,land_cover=Tarim,"Ağaçlandırma kapsamı dışı. Bu kare tarım alanı olarak sınıflanmış, orman rehabilitasyonu hedefi değil.",Öncelik sıralamasına dahil edilmiyor.,False
MAR_2024_02_002272,KAPSAM_DISI,,,,land_cover=Tarim,"Ağaçlandırma kapsamı dışı. Bu kare tarım alanı olarak sınıflanmış, orman rehabilitasyonu hedefi değil.",Öncelik sıralamasına dahil edilmiyor.,False
MAR_2024_02_002273,IZLE,ESKIDEN_ORMAN_DEGIL|DUSUK_GUVEN,,,prediction_status=low_severity,"İzle, müdahale etme. Yangın bu kareyi ağır yakmamış (düşük şiddet, dNBR 0,11).","Model bu rejimde tahmin üretmiyor. Kendi toparlanması bekleniyor, müdahale listesine alınmıyor. Yangın öncesi örtü otlak ve çalılık idi; orman kurma değil, mevcut örtünün onarımı düşünülmeli. Bu bölgede referans yangınımız az — tahmin belirsizliği diğer bölgelerden yüksek, saha doğrulaması önerilir.",True
MAR_2024_02_002274,IZLE,ESKIDEN_ORMAN_DEGIL|DUSUK_GUVEN,,,prediction_status=low_severity,"İzle, müdahale etme. Yangın bu kareyi ağır yakmamış (düşük şiddet, dNBR 0,14).","Model bu rejimde tahmin üretmiyor. Kendi toparlanması bekleniyor, müdahale listesine alınmıyor. Yangın öncesi örtü otlak ve çalılık idi; orman kurma değil, mevcut örtünün onarımı düşünülmeli. Bu bölgede referans yangınımız az — tahmin belirsizliği diğer bölgelerden yüksek, saha doğrulaması önerilir.",True
MAR_2024_02_002276,IZLE,DUSUK_GUVEN,,,prediction_status=low_severity,"İzle, müdahale etme. Yangın bu kareyi ağır yakmamış (düşük şiddet, dNBR 0,11).","Model bu rejimde tahmin üretmiyor. Kendi toparlanması bekleniyor, müdahale listesine alınmıyor. Bu bölgede referans yangınımız az — tahmin belirsizliği diğer bölgelerden yüksek, saha doğrulaması önerilir.",True
MAR_2024_02_002283,IZLE,ESKIDEN_ORMAN_DEGIL|DUSUK_GUVEN,,,prediction_status=low_severity,"İzle, müdahale etme. Yangın bu kareyi ağır yakmamış (düşük şiddet, dNBR 0,12).","Model bu rejimde tahmin üretmiyor. Kendi toparlanması bekleniyor, müdahale listesine alınmıyor. Yangın öncesi örtü otlak ve çalılık idi; orman kurma değil, mevcut örtünün onarımı düşünülmeli. Bu bölgede referans yangınımız az — tahmin belirsizliği diğer bölgelerden yüksek, saha doğrulaması önerilir.",True
MAR_2024_02_002293,KAPSAM_DISI,,,,land_cover=Tarim,"Ağaçlandırma kapsamı dışı. Bu kare tarım alanı olarak sınıflanmış, orman rehabilitasyonu hedefi değil.",Öncelik sıralamasına dahil edilmiyor.,False
MAR_2024_02_002296,KAPSAM_DISI,,,,land_cover=Yerlesim,"Ağaçlandırma kapsamı dışı. Bu kare yerleşim alanı olarak sınıflanmış, orman rehabilitasyonu hedefi değil.",Öncelik sıralamasına dahil edilmiyor.,False
MAR_2024_02_002297,IZLE,ESKIDEN_ORMAN_DEGIL|DUSUK_GUVEN,,,prediction_status=low_severity,"İzle, müdahale etme. Yangın bu kareyi ağır yakmamış (düşük şiddet, dNBR 0,13).","Model bu rejimde tahmin üretmiyor. Kendi toparlanması bekleniyor, müdahale listesine alınmıyor. Yangın öncesi örtü otlak ve çalılık idi; orman kurma değil, mevcut örtünün onarımı düşünülmeli. Bu bölgede referans yangınımız az — tahmin belirsizliği diğer bölgelerden yüksek, saha doğrulaması önerilir.",True
MAR_2024_02_002298,IZLE,ESKIDEN_ORMAN_DEGIL|DUSUK_GUVEN,,,prediction_status=low_severity,"İzle, müdahale etme. Yangın bu kareyi ağır yakmamış (düşük şiddet, dNBR 0,13).","Model bu rejimde tahmin üretmiyor. Kendi toparlanması bekleniyor, müdahale listesine alınmıyor. Yangın öncesi örtü otlak ve çalılık idi; orman kurma değil, mevcut örtünün onarımı düşünülmeli. Bu bölgede referans yangınımız az — tahmin belirsizliği diğer bölgelerden yüksek, saha doğrulaması önerilir.",True
MAR_2024_02_002299,IZLE,ESKIDEN_ORMAN_DEGIL|DUSUK_GUVEN,,,prediction_status=low_severity,"İzle, müdahale etme. Yangın bu kareyi ağır yakmamış (düşük şiddet, dNBR 0,11).","Model bu rejimde tahmin üretmiyor. Kendi toparlanması bekleniyor, müdahale listesine alınmıyor. Yangın öncesi örtü otlak ve çalılık idi; orman kurma değil, mevcut örtünün onarımı düşünülmeli. Bu bölgede referans yangınımız az — tahmin belirsizliği diğer bölgelerden yüksek, saha doğrulaması önerilir.",True
MAR_2024_02_002300,IZLE,ESKIDEN_ORMAN_DEGIL|DUSUK_GUVEN,,,prediction_status=low_severity,"İzle, müdahale etme. Yangın bu kareyi ağır yakmamış (düşük şiddet, dNBR 0,13).","Model bu rejimde tahmin üretmiyor. Kendi toparlanması bekleniyor, müdahale listesine alınmıyor. Yangın öncesi örtü otlak ve çalılık idi; orman kurma değil, mevcut örtünün onarımı düşünülmeli. Bu bölgede referans yangınımız az — tahmin belirsizliği diğer bölgelerden yüksek, saha doğrulaması önerilir.",True
MAR_2024_02_002301,IZLE,ESKIDEN_ORMAN_DEGIL|DUSUK_GUVEN,,,prediction_status=low_severity,"İzle, müdahale etme. Yangın bu kareyi ağır yakmamış (düşük şiddet, dNBR 0,11).","Model bu rejimde tahmin üretmiyor. Kendi toparlanması bekleniyor, müdahale listesine alınmıyor. Yangın öncesi örtü otlak ve çalılık idi; orman kurma değil, mevcut örtünün onarımı düşünülmeli. Bu bölgede referans yangınımız az — tahmin belirsizliği diğer bölgelerden yüksek, saha doğrulaması önerilir.",True
MAR_2024_02_002315,IZLE,ESKIDEN_ORMAN_DEGIL|DUSUK_GUVEN,,,prediction_status=low_severity,"İzle, müdahale etme. Yangın bu kareyi ağır yakmamış (düşük şiddet, dNBR 0,11).","Model bu rejimde tahmin üretmiyor. Kendi toparlanması bekleniyor, müdahale listesine alınmıyor. Yangın öncesi örtü otlak ve çalılık idi; orman kurma değil, mevcut örtünün onarımı düşünülmeli. Bu bölgede referans yangınımız az — tahmin belirsizliği diğer bölgelerden yüksek, saha doğrulaması önerilir.",True
MAR_2024_02_002316,IZLE,ESKIDEN_ORMAN_DEGIL|DUSUK_GUVEN,,,prediction_status=low_severity,"İzle, müdahale etme. Yangın bu kareyi ağır yakmamış (düşük şiddet, dNBR 0,13).","Model bu rejimde tahmin üretmiyor. Kendi toparlanması bekleniyor, müdahale listesine alınmıyor. Yangın öncesi örtü otlak ve çalılık idi; orman kurma değil, mevcut örtünün onarımı düşünülmeli. Bu bölgede referans yangınımız az — tahmin belirsizliği diğer bölgelerden yüksek, saha doğrulaması önerilir.",True
MAR_2024_02_002318,KAPSAM_DISI,,,,land_cover=Tarim,"Ağaçlandırma kapsamı dışı. Bu kare tarım alanı olarak sınıflanmış, orman rehabilitasyonu hedefi değil.",Öncelik sıralamasına dahil edilmiyor.,False
MAR_2024_02_002321,IZLE,ESKIDEN_ORMAN_DEGIL|DUSUK_GUVEN,,,prediction_status=low_severity,"İzle, müdahale etme. Yangın bu kareyi ağır yakmamış (düşük şiddet, dNBR 0,14).","Model bu rejimde tahmin üretmiyor. Kendi toparlanması bekleniyor, müdahale listesine alınmıyor. Yangın öncesi örtü otlak ve çalılık idi; orman kurma değil, mevcut örtünün onarımı düşünülmeli. Bu bölgede referans yangınımız az — tahmin belirsizliği diğer bölgelerden yüksek, saha doğrulaması önerilir.",True
MAR_2024_02_002322,IZLE,ESKIDEN_ORMAN_DEGIL|DUSUK_GUVEN,,,prediction_status=low_severity,"İzle, müdahale etme. Yangın bu kareyi ağır yakmamış (düşük şiddet, dNBR 0,13).","Model bu rejimde tahmin üretmiyor. Kendi toparlanması bekleniyor, müdahale listesine alınmıyor. Yangın öncesi örtü otlak ve çalılık idi; orman kurma değil, mevcut örtünün onarımı düşünülmeli. Bu bölgede referans yangınımız az — tahmin belirsizliği diğer bölgelerden yüksek, saha doğrulaması önerilir.",True
MAR_2024_02_002324,IZLE,DUSUK_GUVEN,,,prediction_status=low_severity,"İzle, müdahale etme. Yangın bu kareyi ağır yakmamış (düşük şiddet, dNBR 0,12).","Model bu rejimde tahmin üretmiyor. Kendi toparlanması bekleniyor, müdahale listesine alınmıyor. Bu bölgede referans yangınımız az — tahmin belirsizliği diğer bölgelerden yüksek, saha doğrulaması önerilir.",True
MAR_2024_02_002339,KAPSAM_DISI,,,,land_cover=Tarim,"Ağaçlandırma kapsamı dışı. Bu kare tarım alanı olarak sınıflanmış, orman rehabilitasyonu hedefi değil.",Öncelik sıralamasına dahil edilmiyor.,False
MAR_2024_02_002342,KAPSAM_DISI,,,,land_cover=Tarim,"Ağaçlandırma kapsamı dışı. Bu kare tarım alanı olarak sınıflanmış, orman rehabilitasyonu hedefi değil.",Öncelik sıralamasına dahil edilmiyor.,False
MAR_2024_02_002343,IZLE,ESKIDEN_ORMAN_DEGIL|DUSUK_GUVEN,,,prediction_status=low_severity,"İzle, müdahale etme. Yangın bu kareyi ağır yakmamış (düşük şiddet, dNBR 0,12).","Model bu rejimde tahmin üretmiyor. Kendi toparlanması bekleniyor, müdahale listesine alınmıyor. Yangın öncesi örtü otlak ve çalılık idi; orman kurma değil, mevcut örtünün onarımı düşünülmeli. Bu bölgede referans yangınımız az — tahmin belirsizliği diğer bölgelerden yüksek, saha doğrulaması önerilir.",True
MAR_2024_02_002344,IZLE,ESKIDEN_ORMAN_DEGIL|DUSUK_GUVEN,,,prediction_status=low_severity,"İzle, müdahale etme. Yangın bu kareyi ağır yakmamış (düşük şiddet, dNBR 0,12).","Model bu rejimde tahmin üretmiyor. Kendi toparlanması bekleniyor, müdahale listesine alınmıyor. Yangın öncesi örtü otlak ve çalılık idi; orman kurma değil, mevcut örtünün onarımı düşünülmeli. Bu bölgede referans yangınımız az — tahmin belirsizliği diğer bölgelerden yüksek, saha doğrulaması önerilir.",True
MAR_2024_02_002345,IZLE,ESKIDEN_ORMAN_DEGIL|DUSUK_GUVEN,,,prediction_status=low_severity,"İzle, müdahale etme. Yangın bu kareyi ağır yakmamış (düşük şiddet, dNBR 0,15).","Model bu rejimde tahmin üretmiyor. Kendi toparlanması bekleniyor, müdahale listesine alınmıyor. Yangın öncesi örtü otlak ve çalılık idi; orman kurma değil, mevcut örtünün onarımı düşünülmeli. Bu bölgede referans yangınımız az — tahmin belirsizliği diğer bölgelerden yüksek, saha doğrulaması önerilir.",True
MAR_2024_02_002346,IZLE,ESKIDEN_ORMAN_DEGIL|DUSUK_GUVEN,,,prediction_status=low_severity,"İzle, müdahale etme. Yangın bu kareyi ağır yakmamış (düşük şiddet, dNBR 0,16).","Model bu rejimde tahmin üretmiyor. Kendi toparlanması bekleniyor, müdahale listesine alınmıyor. Yangın öncesi örtü otlak ve çalılık idi; orman kurma değil, mevcut örtünün onarımı düşünülmeli. Bu bölgede referans yangınımız az — tahmin belirsizliği diğer bölgelerden yüksek, saha doğrulaması önerilir.",True
MAR_2024_02_002347,IZLE,ESKIDEN_ORMAN_DEGIL|DUSUK_GUVEN,,,prediction_status=low_severity,"İzle, müdahale etme. Yangın bu kareyi ağır yakmamış (düşük şiddet, dNBR 0,14).","Model bu rejimde tahmin üretmiyor. Kendi toparlanması bekleniyor, müdahale listesine alınmıyor. Yangın öncesi örtü otlak ve çalılık idi; orman kurma değil, mevcut örtünün onarımı düşünülmeli. Bu bölgede referans yangınımız az — tahmin belirsizliği diğer bölgelerden yüksek, saha doğrulaması önerilir.",True
MAR_2024_02_002348,IZLE,ESKIDEN_ORMAN_DEGIL|DUSUK_GUVEN,,,prediction_status=low_severity,"İzle, müdahale etme. Yangın bu kareyi ağır yakmamış (düşük şiddet, dNBR 0,11).","Model bu rejimde tahmin üretmiyor. Kendi toparlanması bekleniyor, müdahale listesine alınmıyor. Yangın öncesi örtü otlak ve çalılık idi; orman kurma değil, mevcut örtünün onarımı düşünülmeli. Bu bölgede referans yangınımız az — tahmin belirsizliği diğer bölgelerden yüksek, saha doğrulaması önerilir.",True
MAR_2024_02_002349,IZLE,ESKIDEN_ORMAN_DEGIL|DUSUK_GUVEN,,,prediction_status=low_severity,"İzle, müdahale etme. Yangın bu kareyi ağır yakmamış (düşük şiddet, dNBR 0,12).","Model bu rejimde tahmin üretmiyor. Kendi toparlanması bekleniyor, müdahale listesine alınmıyor. Yangın öncesi örtü otlak ve çalılık idi; orman kurma değil, mevcut örtünün onarımı düşünülmeli. Bu bölgede referans yangınımız az — tahmin belirsizliği diğer bölgelerden yüksek, saha doğrulaması önerilir.",True
MAR_2024_02_002362,IZLE,ESKIDEN_ORMAN_DEGIL|DIK_YAMAC|DUSUK_GUVEN,,,prediction_status=low_severity,"İzle, müdahale etme. Yangın bu kareyi ağır yakmamış (düşük şiddet, dNBR 0,16).","Model bu rejimde tahmin üretmiyor. Kendi toparlanması bekleniyor, müdahale listesine alınmıyor. Yangın öncesi örtü otlak ve çalılık idi; orman kurma değil, mevcut örtünün onarımı düşünülmeli. Eğim 50,5° ile yüksek; makineli çalışma sınırlı olabilir. Bu bölgede referans yangınımız az — tahmin belirsizliği diğer bölgelerden yüksek, saha doğrulaması önerilir.",True
MAR_2024_02_002363,IZLE,ESKIDEN_ORMAN_DEGIL|DIK_YAMAC|DUSUK_GUVEN,,,prediction_status=low_severity,"İzle, müdahale etme. Yangın bu kareyi ağır yakmamış (düşük şiddet, dNBR 0,15).","Model bu rejimde tahmin üretmiyor. Kendi toparlanması bekleniyor, müdahale listesine alınmıyor. Yangın öncesi örtü otlak ve çalılık idi; orman kurma değil, mevcut örtünün onarımı düşünülmeli. Eğim 51,3° ile yüksek; makineli çalışma sınırlı olabilir. Bu bölgede referans yangınımız az — tahmin belirsizliği diğer bölgelerden yüksek, saha doğrulaması önerilir.",True
MAR_2024_02_002365,KAPSAM_DISI,,,,land_cover=Tarim,"Ağaçlandırma kapsamı dışı. Bu kare tarım alanı olarak sınıflanmış, orman rehabilitasyonu hedefi değil.",Öncelik sıralamasına dahil edilmiyor.,False
MAR_2024_02_002367,IZLE,ESKIDEN_ORMAN_DEGIL|DIK_YAMAC|DUSUK_GUVEN,,,prediction_status=low_severity,"İzle, müdahale etme. Yangın bu kareyi ağır yakmamış (düşük şiddet, dNBR 0,15).","Model bu rejimde tahmin üretmiyor. Kendi toparlanması bekleniyor, müdahale listesine alınmıyor. Yangın öncesi örtü otlak ve çalılık idi; orman kurma değil, mevcut örtünün onarımı düşünülmeli. Eğim 56,2° ile yüksek; makineli çalışma sınırlı olabilir. Bu bölgede referans yangınımız az — tahmin belirsizliği diğer bölgelerden yüksek, saha doğrulaması önerilir.",True
MAR_2024_02_002368,IZLE,ESKIDEN_ORMAN_DEGIL|DIK_YAMAC|DUSUK_GUVEN,,,prediction_status=low_severity,"İzle, müdahale etme. Yangın bu kareyi ağır yakmamış (düşük şiddet, dNBR 0,12).","Model bu rejimde tahmin üretmiyor. Kendi toparlanması bekleniyor, müdahale listesine alınmıyor. Yangın öncesi örtü otlak ve çalılık idi; orman kurma değil, mevcut örtünün onarımı düşünülmeli. Eğim 58,4° ile yüksek; makineli çalışma sınırlı olabilir. Bu bölgede referans yangınımız az — tahmin belirsizliği diğer bölgelerden yüksek, saha doğrulaması önerilir.",True
MAR_2024_02_002369,IZLE,ESKIDEN_ORMAN_DEGIL|DIK_YAMAC|DUSUK_GUVEN,,,prediction_status=low_severity,"İzle, müdahale etme. Yangın bu kareyi ağır yakmamış (düşük şiddet, dNBR 0,16).","Model bu rejimde tahmin üretmiyor. Kendi toparlanması bekleniyor, müdahale listesine alınmıyor. Yangın öncesi örtü otlak ve çalılık idi; orman kurma değil, mevcut örtünün onarımı düşünülmeli. Eğim 59,0° ile yüksek; makineli çalışma sınırlı olabilir. Bu bölgede referans yangınımız az — tahmin belirsizliği diğer bölgelerden yüksek, saha doğrulaması önerilir.",True
MAR_2024_02_002370,IZLE,ESKIDEN_ORMAN_DEGIL|DIK_YAMAC|DUSUK_GUVEN,,,prediction_status=low_severity,"İzle, müdahale etme. Yangın bu kareyi ağır yakmamış (düşük şiddet, dNBR 0,15).","Model bu rejimde tahmin üretmiyor. Kendi toparlanması bekleniyor, müdahale listesine alınmıyor. Yangın öncesi örtü otlak ve çalılık idi; orman kurma değil, mevcut örtünün onarımı düşünülmeli. Eğim 58,4° ile yüksek; makineli çalışma sınırlı olabilir. Bu bölgede referans yangınımız az — tahmin belirsizliği diğer bölgelerden yüksek, saha doğrulaması önerilir.",True
MAR_2024_02_002374,SAHA_KONTROL,,,,prediction_status=no_data,Saha kontrolü gerekli. Bu kare için güvenilir uydu ölçümü elde edilemedi.,Sürekli bulut ya da eksik katman söz konusu. Sistem tahmin üretmiyor; durum sahada gözle doğrulanmalı.,False
MAR_2024_02_002381,SAHA_KONTROL,,,,prediction_status=no_data,Saha kontrolü gerekli. Bu kare için güvenilir uydu ölçümü elde edilemedi.,Sürekli bulut ya da eksik katman söz konusu. Sistem tahmin üretmiyor; durum sahada gözle doğrulanmalı.,False
