cell_id,hukum,ek_kosullar,toparlanma_orani,tur_onerisi,tetikleyen,ozet,ayrinti,zamanlama_notu_var
MAR_2023_01_000232,KAPSAM_DISI,,,,land_cover=Tarim,"Ağaçlandırma kapsamı dışı. Bu kare tarım alanı olarak sınıflanmış, orman rehabilitasyonu hedefi değil.",Öncelik sıralamasına dahil edilmiyor.,False
MAR_2023_01_000233,KAPSAM_DISI,,,,land_cover=Tarim,"Ağaçlandırma kapsamı dışı. Bu kare tarım alanı olarak sınıflanmış, orman rehabilitasyonu hedefi değil.",Öncelik sıralamasına dahil edilmiyor.,False
MAR_2023_01_000234,KAPSAM_DISI,,,,land_cover=Tarim,"Ağaçlandırma kapsamı dışı. Bu kare tarım alanı olarak sınıflanmış, orman rehabilitasyonu hedefi değil.",Öncelik sıralamasına dahil edilmiyor.,False
MAR_2023_01_000318,KAPSAM_DISI,,,,land_cover=Tarim,"Ağaçlandırma kapsamı dışı. Bu kare tarım alanı olarak sınıflanmış, orman rehabilitasyonu hedefi değil.",Öncelik sıralamasına dahil edilmiyor.,False
MAR_2023_01_000327,KAPSAM_DISI,,,,land_cover=Tarim,"Ağaçlandırma kapsamı dışı. Bu kare tarım alanı olarak sınıflanmış, orman rehabilitasyonu hedefi değil.",Öncelik sıralamasına dahil edilmiyor.,False
MAR_2023_01_000411,KAPSAM_DISI,,,,land_cover=Tarim,"Ağaçlandırma kapsamı dışı. Bu kare tarım alanı olarak sınıflanmış, orman rehabilitasyonu hedefi değil.",Öncelik sıralamasına dahil edilmiyor.,False
MAR_2023_01_000412,KAPSAM_DISI,,,,land_cover=Tarim,"Ağaçlandırma kapsamı dışı. Bu kare tarım alanı olarak sınıflanmış, orman rehabilitasyonu hedefi değil.",Öncelik sıralamasına dahil edilmiyor.,False
MAR_2023_01_000489,KAPSAM_DISI,,,,land_cover=Tarim,"Ağaçlandırma kapsamı dışı. Bu kare tarım alanı olarak sınıflanmış, orman rehabilitasyonu hedefi değil.",Öncelik sıralamasına dahil edilmiyor.,False
MAR_2023_01_000496,KAPSAM_DISI,,,,land_cover=Tarim,"Ağaçlandırma kapsamı dışı. Bu kare tarım alanı olarak sınıflanmış, orman rehabilitasyonu hedefi değil.",Öncelik sıralamasına dahil edilmiyor.,False
MAR_2023_01_000660,KAPSAM_DISI,,,,land_cover=Tarim,"Ağaçlandırma kapsamı dışı. Bu kare tarım alanı olarak sınıflanmış, orman rehabilitasyonu hedefi değil.",Öncelik sıralamasına dahil edilmiyor.,False
MAR_2023_01_000664,KAPSAM_DISI,,,,land_cover=Tarim,"Ağaçlandırma kapsamı dışı. Bu kare tarım alanı olarak sınıflanmış, orman rehabilitasyonu hedefi değil.",Öncelik sıralamasına dahil edilmiyor.,False
MAR_2023_01_000665,KAPSAM_DISI,,,,land_cover=Tarim,"Ağaçlandırma kapsamı dışı. Bu kare tarım alanı olarak sınıflanmış, orman rehabilitasyonu hedefi değil.",Öncelik sıralamasına dahil edilmiyor.,False
MAR_2023_01_000683,KAPSAM_DISI,,,,land_cover=Tarim,"Ağaçlandırma kapsamı dışı. Bu kare tarım alanı olarak sınıflanmış, orman rehabilitasyonu hedefi değil.",Öncelik sıralamasına dahil edilmiyor.,False
MAR_2023_01_000684,KAPSAM_DISI,,,,land_cover=Tarim,"Ağaçlandırma kapsamı dışı. Bu kare tarım alanı olarak sınıflanmış, orman rehabilitasyonu hedefi değil.",Öncelik sıralamasına dahil edilmiyor.,False
MAR_2023_01_000748,KAPSAM_DISI,,,,land_cover=Tarim,"Ağaçlandırma kapsamı dışı. Bu kare tarım alanı olarak sınıflanmış, orman rehabilitasyonu hedefi değil.",Öncelik sıralamasına dahil edilmiyor.,False
MAR_2023_01_000749,KAPSAM_DISI,,,,land_cover=Tarim,"Ağaçlandırma kapsamı dışı. Bu kare tarım alanı olarak sınıflanmış, orman rehabilitasyonu hedefi değil.",Öncelik sıralamasına dahil edilmiyor.,False
MAR_2023_01_000810,KAPSAM_DISI,,,,land_cover=Tarim,"Ağaçlandırma kapsamı dışı. Bu kare tarım alanı olarak sınıflanmış, orman rehabilitasyonu hedefi değil.",Öncelik sıralamasına dahil edilmiyor.,False
MAR_2023_01_001236,KAPSAM_DISI,,,,land_cover=Tarim,"Ağaçlandırma kapsamı dışı. Bu kare tarım alanı olarak sınıflanmış, orman rehabilitasyonu hedefi değil.",Öncelik sıralamasına dahil edilmiyor.,False
MAR_2023_01_001261,KAPSAM_DISI,,,,land_cover=Tarim,"Ağaçlandırma kapsamı dışı. Bu kare tarım alanı olarak sınıflanmış, orman rehabilitasyonu hedefi değil.",Öncelik sıralamasına dahil edilmiyor.,False
MAR_2023_01_001265,IZLE,DUSUK_GUVEN,,,prediction_status=low_severity,"İzle, müdahale etme. Yangın bu kareyi ağır yakmamış (düşük şiddet, dNBR 0,20).","Model bu rejimde tahmin üretmiyor. Kendi toparlanması bekleniyor, müdahale listesine alınmıyor. Bu bölgede referans yangınımız az — tahmin belirsizliği diğer bölgelerden yüksek, saha doğrulaması önerilir.",True
MAR_2023_01_001266,IZLE,DUSUK_GUVEN,,,prediction_status=low_severity,"İzle, müdahale etme. Yangın bu kareyi ağır yakmamış (orta-düşük şiddet, dNBR 0,29).","Model bu rejimde tahmin üretmiyor. Kendi toparlanması bekleniyor, müdahale listesine alınmıyor. Bu bölgede referans yangınımız az — tahmin belirsizliği diğer bölgelerden yüksek, saha doğrulaması önerilir.",True
MAR_2023_01_001350,IZLE,DUSUK_GUVEN,,,prediction_status=low_severity,"İzle, müdahale etme. Yangın bu kareyi ağır yakmamış (düşük şiddet, dNBR 0,17).","Model bu rejimde tahmin üretmiyor. Kendi toparlanması bekleniyor, müdahale listesine alınmıyor. Bu bölgede referans yangınımız az — tahmin belirsizliği diğer bölgelerden yüksek, saha doğrulaması önerilir.",True
MAR_2023_01_001351,IZLE,DUSUK_GUVEN,,,prediction_status=low_severity,"İzle, müdahale etme. Yangın bu kareyi ağır yakmamış (düşük şiddet, dNBR 0,24).","Model bu rejimde tahmin üretmiyor. Kendi toparlanması bekleniyor, müdahale listesine alınmıyor. Bu bölgede referans yangınımız az — tahmin belirsizliği diğer bölgelerden yüksek, saha doğrulaması önerilir.",True
MAR_2023_01_001387,KAPSAM_DISI,,,,land_cover=Tarim,"Ağaçlandırma kapsamı dışı. Bu kare tarım alanı olarak sınıflanmış, orman rehabilitasyonu hedefi değil.",Öncelik sıralamasına dahil edilmiyor.,False
MAR_2023_01_001395,KAPSAM_DISI,,,,land_cover=Tarim,"Ağaçlandırma kapsamı dışı. Bu kare tarım alanı olarak sınıflanmış, orman rehabilitasyonu hedefi değil.",Öncelik sıralamasına dahil edilmiyor.,False
MAR_2023_01_001434,IZLE,DUSUK_GUVEN,,,prediction_status=low_severity,"İzle, müdahale etme. Yangın bu kareyi ağır yakmamış (düşük şiddet, dNBR 0,27).","Model bu rejimde tahmin üretmiyor. Kendi toparlanması bekleniyor, müdahale listesine alınmıyor. Bu bölgede referans yangınımız az — tahmin belirsizliği diğer bölgelerden yüksek, saha doğrulaması önerilir.",True
MAR_2023_01_001435,DIKIM_ADAYI,DUSUK_GUVEN,0.3098,"meşe, kayın, karaçam",toparlanma=0.31 <0.35,"Aktif dikim adayı. Doğal toparlanma zayıf kalıyor, eğim (8,2°) dikime elverişli.","Modelin tahminine göre yangın öncesi örtünün ancak %31 kadarı iki yılda geri gelecek — kendi başına kapanmayacak bir açık var. Bu bölgede referans yangınımız az — tahmin belirsizliği diğer bölgelerden yüksek, saha doğrulaması önerilir. Yetişme ortamı: Marmara kuşağı, 250 m, düz-hafif eğimli (0–10°). Bu koşullar için önerilen türler: meşe, kayın, karaçam. Tür önerisi sistemin çıkarımı değil, dışarıdan verilen tablodan okunmuştur. Tablo: ÖRNEK TABLO — OGM tür-yetişme ortamı rehberi ile değiştirilecek",True
MAR_2023_01_001478,KAPSAM_DISI,,,,land_cover=Tarim,"Ağaçlandırma kapsamı dışı. Bu kare tarım alanı olarak sınıflanmış, orman rehabilitasyonu hedefi değil.",Öncelik sıralamasına dahil edilmiyor.,False
MAR_2023_01_001554,KAPSAM_DISI,,,,land_cover=Tarim,"Ağaçlandırma kapsamı dışı. Bu kare tarım alanı olarak sınıflanmış, orman rehabilitasyonu hedefi değil.",Öncelik sıralamasına dahil edilmiyor.,False
MAR_2023_01_001571,KAPSAM_DISI,,,,land_cover=Tarim,"Ağaçlandırma kapsamı dışı. Bu kare tarım alanı olarak sınıflanmış, orman rehabilitasyonu hedefi değil.",Öncelik sıralamasına dahil edilmiyor.,False
MAR_2023_01_001630,KAPSAM_DISI,,,,land_cover=Tarim,"Ağaçlandırma kapsamı dışı. Bu kare tarım alanı olarak sınıflanmış, orman rehabilitasyonu hedefi değil.",Öncelik sıralamasına dahil edilmiyor.,False
MAR_2023_01_001641,KAPSAM_DISI,,,,land_cover=Tarim,"Ağaçlandırma kapsamı dışı. Bu kare tarım alanı olarak sınıflanmış, orman rehabilitasyonu hedefi değil.",Öncelik sıralamasına dahil edilmiyor.,False
MAR_2023_01_001655,KAPSAM_DISI,,,,land_cover=Tarim,"Ağaçlandırma kapsamı dışı. Bu kare tarım alanı olarak sınıflanmış, orman rehabilitasyonu hedefi değil.",Öncelik sıralamasına dahil edilmiyor.,False
MAR_2023_01_001656,KAPSAM_DISI,,,,land_cover=Tarim,"Ağaçlandırma kapsamı dışı. Bu kare tarım alanı olarak sınıflanmış, orman rehabilitasyonu hedefi değil.",Öncelik sıralamasına dahil edilmiyor.,False
MAR_2023_01_001734,KAPSAM_DISI,,,,land_cover=Tarim,"Ağaçlandırma kapsamı dışı. Bu kare tarım alanı olarak sınıflanmış, orman rehabilitasyonu hedefi değil.",Öncelik sıralamasına dahil edilmiyor.,False
MAR_2023_01_001739,KAPSAM_DISI,,,,land_cover=Tarim,"Ağaçlandırma kapsamı dışı. Bu kare tarım alanı olarak sınıflanmış, orman rehabilitasyonu hedefi değil.",Öncelik sıralamasına dahil edilmiyor.,False
MAR_2023_01_001740,KAPSAM_DISI,,,,land_cover=Tarim,"Ağaçlandırma kapsamı dışı. Bu kare tarım alanı olarak sınıflanmış, orman rehabilitasyonu hedefi değil.",Öncelik sıralamasına dahil edilmiyor.,False
MAR_2023_01_001741,KAPSAM_DISI,,,,land_cover=Tarim,"Ağaçlandırma kapsamı dışı. Bu kare tarım alanı olarak sınıflanmış, orman rehabilitasyonu hedefi değil.",Öncelik sıralamasına dahil edilmiyor.,False
MAR_2023_01_001742,KAPSAM_DISI,,,,land_cover=Tarim,"Ağaçlandırma kapsamı dışı. Bu kare tarım alanı olarak sınıflanmış, orman rehabilitasyonu hedefi değil.",Öncelik sıralamasına dahil edilmiyor.,False
MAR_2023_01_001761,IZLE,DUSUK_GUVEN,,,prediction_status=low_severity,"İzle, müdahale etme. Yangın bu kareyi ağır yakmamış (düşük şiddet, dNBR 0,20).","Model bu rejimde tahmin üretmiyor. Kendi toparlanması bekleniyor, müdahale listesine alınmıyor. Bu bölgede referans yangınımız az — tahmin belirsizliği diğer bölgelerden yüksek, saha doğrulaması önerilir.",True
MAR_2023_01_001804,KAPSAM_DISI,,,,land_cover=Tarim,"Ağaçlandırma kapsamı dışı. Bu kare tarım alanı olarak sınıflanmış, orman rehabilitasyonu hedefi değil.",Öncelik sıralamasına dahil edilmiyor.,False
MAR_2023_01_001825,KAPSAM_DISI,,,,land_cover=Tarim,"Ağaçlandırma kapsamı dışı. Bu kare tarım alanı olarak sınıflanmış, orman rehabilitasyonu hedefi değil.",Öncelik sıralamasına dahil edilmiyor.,False
MAR_2023_01_001826,KAPSAM_DISI,,,,land_cover=Tarim,"Ağaçlandırma kapsamı dışı. Bu kare tarım alanı olarak sınıflanmış, orman rehabilitasyonu hedefi değil.",Öncelik sıralamasına dahil edilmiyor.,False
MAR_2023_01_001855,KAPSAM_DISI,,,,land_cover=Tarim,"Ağaçlandırma kapsamı dışı. Bu kare tarım alanı olarak sınıflanmış, orman rehabilitasyonu hedefi değil.",Öncelik sıralamasına dahil edilmiyor.,False
MAR_2023_01_001910,KAPSAM_DISI,,,,land_cover=Tarim,"Ağaçlandırma kapsamı dışı. Bu kare tarım alanı olarak sınıflanmış, orman rehabilitasyonu hedefi değil.",Öncelik sıralamasına dahil edilmiyor.,False
MAR_2023_01_001941,KAPSAM_DISI,,,,land_cover=Tarim,"Ağaçlandırma kapsamı dışı. Bu kare tarım alanı olarak sınıflanmış, orman rehabilitasyonu hedefi değil.",Öncelik sıralamasına dahil edilmiyor.,False
MAR_2023_01_002018,IZLE,DUSUK_GUVEN,,,prediction_status=low_severity,"İzle, müdahale etme. Yangın bu kareyi ağır yakmamış (orta-düşük şiddet, dNBR 0,28).","Model bu rejimde tahmin üretmiyor. Kendi toparlanması bekleniyor, müdahale listesine alınmıyor. Bu bölgede referans yangınımız az — tahmin belirsizliği diğer bölgelerden yüksek, saha doğrulaması önerilir.",True
MAR_2023_01_002020,IZLE,DUSUK_GUVEN,,,prediction_status=low_severity,"İzle, müdahale etme. Yangın bu kareyi ağır yakmamış (düşük şiddet, dNBR 0,13).","Model bu rejimde tahmin üretmiyor. Kendi toparlanması bekleniyor, müdahale listesine alınmıyor. Bu bölgede referans yangınımız az — tahmin belirsizliği diğer bölgelerden yüksek, saha doğrulaması önerilir.",True
MAR_2023_01_002057,KAPSAM_DISI,,,,land_cover=Tarim,"Ağaçlandırma kapsamı dışı. Bu kare tarım alanı olarak sınıflanmış, orman rehabilitasyonu hedefi değil.",Öncelik sıralamasına dahil edilmiyor.,False
MAR_2023_01_002104,KAPSAM_DISI,,,,land_cover=Tarim,"Ağaçlandırma kapsamı dışı. Bu kare tarım alanı olarak sınıflanmış, orman rehabilitasyonu hedefi değil.",Öncelik sıralamasına dahil edilmiyor.,False
MAR_2023_01_002140,KAPSAM_DISI,,,,land_cover=Tarim,"Ağaçlandırma kapsamı dışı. Bu kare tarım alanı olarak sınıflanmış, orman rehabilitasyonu hedefi değil.",Öncelik sıralamasına dahil edilmiyor.,False
MAR_2023_01_002141,KAPSAM_DISI,,,,land_cover=Tarim,"Ağaçlandırma kapsamı dışı. Bu kare tarım alanı olarak sınıflanmış, orman rehabilitasyonu hedefi değil.",Öncelik sıralamasına dahil edilmiyor.,False
MAR_2023_01_002243,KAPSAM_DISI,,,,land_cover=Tarim,"Ağaçlandırma kapsamı dışı. Bu kare tarım alanı olarak sınıflanmış, orman rehabilitasyonu hedefi değil.",Öncelik sıralamasına dahil edilmiyor.,False
MAR_2023_01_002251,KAPSAM_DISI,,,,land_cover=Tarim,"Ağaçlandırma kapsamı dışı. Bu kare tarım alanı olarak sınıflanmış, orman rehabilitasyonu hedefi değil.",Öncelik sıralamasına dahil edilmiyor.,False
MAR_2023_01_002327,KAPSAM_DISI,,,,land_cover=Tarim,"Ağaçlandırma kapsamı dışı. Bu kare tarım alanı olarak sınıflanmış, orman rehabilitasyonu hedefi değil.",Öncelik sıralamasına dahil edilmiyor.,False
MAR_2023_01_002328,KAPSAM_DISI,,,,land_cover=Tarim,"Ağaçlandırma kapsamı dışı. Bu kare tarım alanı olarak sınıflanmış, orman rehabilitasyonu hedefi değil.",Öncelik sıralamasına dahil edilmiyor.,False
MAR_2023_01_002363,KAPSAM_DISI,,,,land_cover=Tarim,"Ağaçlandırma kapsamı dışı. Bu kare tarım alanı olarak sınıflanmış, orman rehabilitasyonu hedefi değil.",Öncelik sıralamasına dahil edilmiyor.,False
MAR_2023_01_002435,IZLE,DUSUK_GUVEN,,,prediction_status=low_severity,"İzle, müdahale etme. Yangın bu kareyi ağır yakmamış (düşük şiddet, dNBR 0,26).","Model bu rejimde tahmin üretmiyor. Kendi toparlanması bekleniyor, müdahale listesine alınmıyor. Bu bölgede referans yangınımız az — tahmin belirsizliği diğer bölgelerden yüksek, saha doğrulaması önerilir.",True
MAR_2023_01_002448,KAPSAM_DISI,,,,land_cover=Tarim,"Ağaçlandırma kapsamı dışı. Bu kare tarım alanı olarak sınıflanmış, orman rehabilitasyonu hedefi değil.",Öncelik sıralamasına dahil edilmiyor.,False
MAR_2023_01_002449,KAPSAM_DISI,,,,land_cover=Tarim,"Ağaçlandırma kapsamı dışı. Bu kare tarım alanı olarak sınıflanmış, orman rehabilitasyonu hedefi değil.",Öncelik sıralamasına dahil edilmiyor.,False
MAR_2023_01_002487,KAPSAM_DISI,,,,land_cover=Tarim,"Ağaçlandırma kapsamı dışı. Bu kare tarım alanı olarak sınıflanmış, orman rehabilitasyonu hedefi değil.",Öncelik sıralamasına dahil edilmiyor.,False
MAR_2023_01_002510,KAPSAM_DISI,,,,land_cover=Tarim,"Ağaçlandırma kapsamı dışı. Bu kare tarım alanı olarak sınıflanmış, orman rehabilitasyonu hedefi değil.",Öncelik sıralamasına dahil edilmiyor.,False
MAR_2023_01_002514,KAPSAM_DISI,,,,land_cover=Tarim,"Ağaçlandırma kapsamı dışı. Bu kare tarım alanı olarak sınıflanmış, orman rehabilitasyonu hedefi değil.",Öncelik sıralamasına dahil edilmiyor.,False
MAR_2023_01_002526,IZLE,DUSUK_GUVEN,,,prediction_status=low_severity,"İzle, müdahale etme. Yangın bu kareyi ağır yakmamış (düşük şiddet, dNBR 0,11).","Model bu rejimde tahmin üretmiyor. Kendi toparlanması bekleniyor, müdahale listesine alınmıyor. Bu bölgede referans yangınımız az — tahmin belirsizliği diğer bölgelerden yüksek, saha doğrulaması önerilir.",True
MAR_2023_01_002528,IZLE,DUSUK_GUVEN,,,prediction_status=low_severity,"İzle, müdahale etme. Yangın bu kareyi ağır yakmamış (düşük şiddet, dNBR 0,23).","Model bu rejimde tahmin üretmiyor. Kendi toparlanması bekleniyor, müdahale listesine alınmıyor. Bu bölgede referans yangınımız az — tahmin belirsizliği diğer bölgelerden yüksek, saha doğrulaması önerilir.",True
MAR_2023_01_002534,KAPSAM_DISI,,,,land_cover=Tarim,"Ağaçlandırma kapsamı dışı. Bu kare tarım alanı olarak sınıflanmış, orman rehabilitasyonu hedefi değil.",Öncelik sıralamasına dahil edilmiyor.,False
MAR_2023_01_002535,KAPSAM_DISI,,,,land_cover=Tarim,"Ağaçlandırma kapsamı dışı. Bu kare tarım alanı olarak sınıflanmış, orman rehabilitasyonu hedefi değil.",Öncelik sıralamasına dahil edilmiyor.,False
MAR_2023_01_002537,KAPSAM_DISI,,,,land_cover=Tarim,"Ağaçlandırma kapsamı dışı. Bu kare tarım alanı olarak sınıflanmış, orman rehabilitasyonu hedefi değil.",Öncelik sıralamasına dahil edilmiyor.,False
MAR_2023_01_002539,KAPSAM_DISI,,,,land_cover=Tarim,"Ağaçlandırma kapsamı dışı. Bu kare tarım alanı olarak sınıflanmış, orman rehabilitasyonu hedefi değil.",Öncelik sıralamasına dahil edilmiyor.,False
MAR_2023_01_002603,KAPSAM_DISI,,,,land_cover=Tarim,"Ağaçlandırma kapsamı dışı. Bu kare tarım alanı olarak sınıflanmış, orman rehabilitasyonu hedefi değil.",Öncelik sıralamasına dahil edilmiyor.,False
MAR_2023_01_002610,IZLE,DUSUK_GUVEN,,,prediction_status=low_severity,"İzle, müdahale etme. Yangın bu kareyi ağır yakmamış (düşük şiddet, dNBR 0,27).","Model bu rejimde tahmin üretmiyor. Kendi toparlanması bekleniyor, müdahale listesine alınmıyor. Bu bölgede referans yangınımız az — tahmin belirsizliği diğer bölgelerden yüksek, saha doğrulaması önerilir.",True
MAR_2023_01_002611,IZLE,DUSUK_GUVEN,,,prediction_status=low_severity,"İzle, müdahale etme. Yangın bu kareyi ağır yakmamış (düşük şiddet, dNBR 0,17).","Model bu rejimde tahmin üretmiyor. Kendi toparlanması bekleniyor, müdahale listesine alınmıyor. Bu bölgede referans yangınımız az — tahmin belirsizliği diğer bölgelerden yüksek, saha doğrulaması önerilir.",True
MAR_2023_01_002695,DIKIM_ADAYI,DUSUK_GUVEN,0.2257,"meşe, kayın, karaçam",toparlanma=0.23 <0.35,"Aktif dikim adayı. Doğal toparlanma zayıf kalıyor, eğim (6,9°) dikime elverişli.","Modelin tahminine göre yangın öncesi örtünün ancak %23 kadarı iki yılda geri gelecek — kendi başına kapanmayacak bir açık var. Bu bölgede referans yangınımız az — tahmin belirsizliği diğer bölgelerden yüksek, saha doğrulaması önerilir. Yetişme ortamı: Marmara kuşağı, 166 m, düz-hafif eğimli (0–10°). Bu koşullar için önerilen türler: meşe, kayın, karaçam. Tür önerisi sistemin çıkarımı değil, dışarıdan verilen tablodan okunmuştur. Tablo: ÖRNEK TABLO — OGM tür-yetişme ortamı rehberi ile değiştirilecek",True
MAR_2023_01_002697,DIKIM_ADAYI,DUSUK_GUVEN,0.1456,"meşe, kayın, karaçam",toparlanma=0.15 <0.35,"Aktif dikim adayı. Doğal toparlanma zayıf kalıyor, eğim (11,3°) dikime elverişli.","Modelin tahminine göre yangın öncesi örtünün ancak %15 kadarı iki yılda geri gelecek — kendi başına kapanmayacak bir açık var. Bu bölgede referans yangınımız az — tahmin belirsizliği diğer bölgelerden yüksek, saha doğrulaması önerilir. Yetişme ortamı: Marmara kuşağı, 165 m, orta eğimli (10–25°). Bu koşullar için önerilen türler: meşe, kayın, karaçam. Tür önerisi sistemin çıkarımı değil, dışarıdan verilen tablodan okunmuştur. Tablo: ÖRNEK TABLO — OGM tür-yetişme ortamı rehberi ile değiştirilecek",True
MAR_2023_01_002767,IZLE,DUSUK_GUVEN,,,prediction_status=low_severity,"İzle, müdahale etme. Yangın bu kareyi ağır yakmamış (düşük şiddet, dNBR 0,27).","Model bu rejimde tahmin üretmiyor. Kendi toparlanması bekleniyor, müdahale listesine alınmıyor. Bu bölgede referans yangınımız az — tahmin belirsizliği diğer bölgelerden yüksek, saha doğrulaması önerilir.",True
MAR_2023_01_003040,IZLE,DUSUK_GUVEN,,,prediction_status=low_severity,"İzle, müdahale etme. Yangın bu kareyi ağır yakmamış (düşük şiddet, dNBR 0,13).","Model bu rejimde tahmin üretmiyor. Kendi toparlanması bekleniyor, müdahale listesine alınmıyor. Bu bölgede referans yangınımız az — tahmin belirsizliği diğer bölgelerden yüksek, saha doğrulaması önerilir.",True
MAR_2023_01_003124,IZLE,DUSUK_GUVEN,,,prediction_status=low_severity,"İzle, müdahale etme. Yangın bu kareyi ağır yakmamış (düşük şiddet, dNBR 0,13).","Model bu rejimde tahmin üretmiyor. Kendi toparlanması bekleniyor, müdahale listesine alınmıyor. Bu bölgede referans yangınımız az — tahmin belirsizliği diğer bölgelerden yüksek, saha doğrulaması önerilir.",True
MAR_2023_01_003125,IZLE,DUSUK_GUVEN,,,prediction_status=low_severity,"İzle, müdahale etme. Yangın bu kareyi ağır yakmamış (düşük şiddet, dNBR 0,11).","Model bu rejimde tahmin üretmiyor. Kendi toparlanması bekleniyor, müdahale listesine alınmıyor. Bu bölgede referans yangınımız az — tahmin belirsizliği diğer bölgelerden yüksek, saha doğrulaması önerilir.",True
MAR_2023_01_003208,IZLE,DUSUK_GUVEN,,,prediction_status=low_severity,"İzle, müdahale etme. Yangın bu kareyi ağır yakmamış (düşük şiddet, dNBR 0,12).","Model bu rejimde tahmin üretmiyor. Kendi toparlanması bekleniyor, müdahale listesine alınmıyor. Bu bölgede referans yangınımız az — tahmin belirsizliği diğer bölgelerden yüksek, saha doğrulaması önerilir.",True
MAR_2023_01_003209,IZLE,DUSUK_GUVEN,,,prediction_status=low_severity,"İzle, müdahale etme. Yangın bu kareyi ağır yakmamış (düşük şiddet, dNBR 0,15).","Model bu rejimde tahmin üretmiyor. Kendi toparlanması bekleniyor, müdahale listesine alınmıyor. Bu bölgede referans yangınımız az — tahmin belirsizliği diğer bölgelerden yüksek, saha doğrulaması önerilir.",True
MAR_2023_01_003210,IZLE,DUSUK_GUVEN,,,prediction_status=low_severity,"İzle, müdahale etme. Yangın bu kareyi ağır yakmamış (düşük şiddet, dNBR 0,12).","Model bu rejimde tahmin üretmiyor. Kendi toparlanması bekleniyor, müdahale listesine alınmıyor. Bu bölgede referans yangınımız az — tahmin belirsizliği diğer bölgelerden yüksek, saha doğrulaması önerilir.",True
MAR_2023_01_003292,IZLE,ESKIDEN_ORMAN_DEGIL|DUSUK_GUVEN,,,prediction_status=low_severity,"İzle, müdahale etme. Yangın bu kareyi ağır yakmamış (düşük şiddet, dNBR 0,21).","Model bu rejimde tahmin üretmiyor. Kendi toparlanması bekleniyor, müdahale listesine alınmıyor. Yangın öncesi örtü otlak ve çalılık idi; orman kurma değil, mevcut örtünün onarımı düşünülmeli. Bu bölgede referans yangınımız az — tahmin belirsizliği diğer bölgelerden yüksek, saha doğrulaması önerilir.",True
MAR_2023_01_003293,IZLE,DUSUK_GUVEN,,,prediction_status=low_severity,"İzle, müdahale etme. Yangın bu kareyi ağır yakmamış (düşük şiddet, dNBR 0,20).","Model bu rejimde tahmin üretmiyor. Kendi toparlanması bekleniyor, müdahale listesine alınmıyor. Bu bölgede referans yangınımız az — tahmin belirsizliği diğer bölgelerden yüksek, saha doğrulaması önerilir.",True
MAR_2023_01_003294,IZLE,DUSUK_GUVEN,,,prediction_status=low_severity,"İzle, müdahale etme. Yangın bu kareyi ağır yakmamış (düşük şiddet, dNBR 0,15).","Model bu rejimde tahmin üretmiyor. Kendi toparlanması bekleniyor, müdahale listesine alınmıyor. Bu bölgede referans yangınımız az — tahmin belirsizliği diğer bölgelerden yüksek, saha doğrulaması önerilir.",True
MAR_2023_01_003295,IZLE,DUSUK_GUVEN,,,prediction_status=low_severity,"İzle, müdahale etme. Yangın bu kareyi ağır yakmamış (düşük şiddet, dNBR 0,13).","Model bu rejimde tahmin üretmiyor. Kendi toparlanması bekleniyor, müdahale listesine alınmıyor. Bu bölgede referans yangınımız az — tahmin belirsizliği diğer bölgelerden yüksek, saha doğrulaması önerilir.",True
MAR_2023_01_003296,IZLE,DUSUK_GUVEN,,,prediction_status=low_severity,"İzle, müdahale etme. Yangın bu kareyi ağır yakmamış (düşük şiddet, dNBR 0,20).","Model bu rejimde tahmin üretmiyor. Kendi toparlanması bekleniyor, müdahale listesine alınmıyor. Bu bölgede referans yangınımız az — tahmin belirsizliği diğer bölgelerden yüksek, saha doğrulaması önerilir.",True
MAR_2023_01_003297,IZLE,DUSUK_GUVEN,,,prediction_status=low_severity,"İzle, müdahale etme. Yangın bu kareyi ağır yakmamış (düşük şiddet, dNBR 0,22).","Model bu rejimde tahmin üretmiyor. Kendi toparlanması bekleniyor, müdahale listesine alınmıyor. Bu bölgede referans yangınımız az — tahmin belirsizliği diğer bölgelerden yüksek, saha doğrulaması önerilir.",True
MAR_2023_01_003378,IZLE,DUSUK_GUVEN,,,prediction_status=low_severity,"İzle, müdahale etme. Yangın bu kareyi ağır yakmamış (düşük şiddet, dNBR 0,17).","Model bu rejimde tahmin üretmiyor. Kendi toparlanması bekleniyor, müdahale listesine alınmıyor. Bu bölgede referans yangınımız az — tahmin belirsizliği diğer bölgelerden yüksek, saha doğrulaması önerilir.",True
MAR_2023_01_003379,IZLE,DUSUK_GUVEN,,,prediction_status=low_severity,"İzle, müdahale etme. Yangın bu kareyi ağır yakmamış (düşük şiddet, dNBR 0,25).","Model bu rejimde tahmin üretmiyor. Kendi toparlanması bekleniyor, müdahale listesine alınmıyor. Bu bölgede referans yangınımız az — tahmin belirsizliği diğer bölgelerden yüksek, saha doğrulaması önerilir.",True
MAR_2023_01_003380,DIKIM_ADAYI,DUSUK_GUVEN,0.1232,"meşe, kayın, karaçam",toparlanma=0.12 <0.35,"Aktif dikim adayı. Doğal toparlanma zayıf kalıyor, eğim (9,6°) dikime elverişli.","Modelin tahminine göre yangın öncesi örtünün ancak %12 kadarı iki yılda geri gelecek — kendi başına kapanmayacak bir açık var. Bu bölgede referans yangınımız az — tahmin belirsizliği diğer bölgelerden yüksek, saha doğrulaması önerilir. Yetişme ortamı: Marmara kuşağı, 342 m, düz-hafif eğimli (0–10°). Bu koşullar için önerilen türler: meşe, kayın, karaçam. Tür önerisi sistemin çıkarımı değil, dışarıdan verilen tablodan okunmuştur. Tablo: ÖRNEK TABLO — OGM tür-yetişme ortamı rehberi ile değiştirilecek",True
MAR_2023_01_003381,DIKIM_ADAYI,DUSUK_GUVEN,0.198,"meşe, kayın, karaçam",toparlanma=0.20 <0.35,"Aktif dikim adayı. Doğal toparlanma zayıf kalıyor, eğim (13,8°) dikime elverişli.","Modelin tahminine göre yangın öncesi örtünün ancak %20 kadarı iki yılda geri gelecek — kendi başına kapanmayacak bir açık var. Bu bölgede referans yangınımız az — tahmin belirsizliği diğer bölgelerden yüksek, saha doğrulaması önerilir. Yetişme ortamı: Marmara kuşağı, 344 m, orta eğimli (10–25°). Bu koşullar için önerilen türler: meşe, kayın, karaçam. Tür önerisi sistemin çıkarımı değil, dışarıdan verilen tablodan okunmuştur. Tablo: ÖRNEK TABLO — OGM tür-yetişme ortamı rehberi ile değiştirilecek",True
MAR_2023_01_003382,IZLE,DUSUK_GUVEN,,,prediction_status=low_severity,"İzle, müdahale etme. Yangın bu kareyi ağır yakmamış (düşük şiddet, dNBR 0,14).","Model bu rejimde tahmin üretmiyor. Kendi toparlanması bekleniyor, müdahale listesine alınmıyor. Bu bölgede referans yangınımız az — tahmin belirsizliği diğer bölgelerden yüksek, saha doğrulaması önerilir.",True
MAR_2023_01_003454,IZLE,DUSUK_GUVEN,,,prediction_status=low_severity,"İzle, müdahale etme. Yangın bu kareyi ağır yakmamış (orta-düşük şiddet, dNBR 0,28).","Model bu rejimde tahmin üretmiyor. Kendi toparlanması bekleniyor, müdahale listesine alınmıyor. Bu bölgede referans yangınımız az — tahmin belirsizliği diğer bölgelerden yüksek, saha doğrulaması önerilir.",True
MAR_2023_01_003460,KAPSAM_DISI,,,,land_cover=Tarim,"Ağaçlandırma kapsamı dışı. Bu kare tarım alanı olarak sınıflanmış, orman rehabilitasyonu hedefi değil.",Öncelik sıralamasına dahil edilmiyor.,False
MAR_2023_01_003461,KAPSAM_DISI,,,,land_cover=Yerlesim,"Ağaçlandırma kapsamı dışı. Bu kare yerleşim alanı olarak sınıflanmış, orman rehabilitasyonu hedefi değil.",Öncelik sıralamasına dahil edilmiyor.,False
MAR_2023_01_003462,IZLE,DUSUK_GUVEN,,,prediction_status=low_severity,"İzle, müdahale etme. Yangın bu kareyi ağır yakmamış (düşük şiddet, dNBR 0,24).","Model bu rejimde tahmin üretmiyor. Kendi toparlanması bekleniyor, müdahale listesine alınmıyor. Bu bölgede referans yangınımız az — tahmin belirsizliği diğer bölgelerden yüksek, saha doğrulaması önerilir.",True
MAR_2023_01_003463,IZLE,DUSUK_GUVEN,,,prediction_status=low_severity,"İzle, müdahale etme. Yangın bu kareyi ağır yakmamış (orta-düşük şiddet, dNBR 0,33).","Model bu rejimde tahmin üretmiyor. Kendi toparlanması bekleniyor, müdahale listesine alınmıyor. Bu bölgede referans yangınımız az — tahmin belirsizliği diğer bölgelerden yüksek, saha doğrulaması önerilir.",True
MAR_2023_01_003464,DIKIM_ADAYI,DUSUK_GUVEN,0.1392,"meşe, kayın, karaçam",toparlanma=0.14 <0.35,"Aktif dikim adayı. Doğal toparlanma zayıf kalıyor, eğim (7,9°) dikime elverişli.","Modelin tahminine göre yangın öncesi örtünün ancak %14 kadarı iki yılda geri gelecek — kendi başına kapanmayacak bir açık var. Bu bölgede referans yangınımız az — tahmin belirsizliği diğer bölgelerden yüksek, saha doğrulaması önerilir. Yetişme ortamı: Marmara kuşağı, 383 m, düz-hafif eğimli (0–10°). Bu koşullar için önerilen türler: meşe, kayın, karaçam. Tür önerisi sistemin çıkarımı değil, dışarıdan verilen tablodan okunmuştur. Tablo: ÖRNEK TABLO — OGM tür-yetişme ortamı rehberi ile değiştirilecek",True
MAR_2023_01_003465,DIKIM_ADAYI,AGIR_YANMIS|DUSUK_GUVEN,0.1201,"meşe, kayın, karaçam",toparlanma=0.12 <0.35,"Aktif dikim adayı. Doğal toparlanma zayıf kalıyor, eğim (6,9°) dikime elverişli.","Modelin tahminine göre yangın öncesi örtünün ancak %12 kadarı iki yılda geri gelecek — kendi başına kapanmayacak bir açık var. Yangın orta-yüksek şiddet sınıfında (dNBR 0,45); toprak yüzeyi büyük olasılıkla açıkta. Bu bölgede referans yangınımız az — tahmin belirsizliği diğer bölgelerden yüksek, saha doğrulaması önerilir. Yetişme ortamı: Marmara kuşağı, 374 m, düz-hafif eğimli (0–10°). Bu koşullar için önerilen türler: meşe, kayın, karaçam. Tür önerisi sistemin çıkarımı değil, dışarıdan verilen tablodan okunmuştur. Tablo: ÖRNEK TABLO — OGM tür-yetişme ortamı rehberi ile değiştirilecek",True
MAR_2023_01_003466,IZLE,DUSUK_GUVEN,,,prediction_status=low_severity,"İzle, müdahale etme. Yangın bu kareyi ağır yakmamış (düşük şiddet, dNBR 0,20).","Model bu rejimde tahmin üretmiyor. Kendi toparlanması bekleniyor, müdahale listesine alınmıyor. Bu bölgede referans yangınımız az — tahmin belirsizliği diğer bölgelerden yüksek, saha doğrulaması önerilir.",True
MAR_2023_01_003467,IZLE,DUSUK_GUVEN,,,prediction_status=low_severity,"İzle, müdahale etme. Yangın bu kareyi ağır yakmamış (düşük şiddet, dNBR 0,11).","Model bu rejimde tahmin üretmiyor. Kendi toparlanması bekleniyor, müdahale listesine alınmıyor. Bu bölgede referans yangınımız az — tahmin belirsizliği diğer bölgelerden yüksek, saha doğrulaması önerilir.",True
MAR_2023_01_003542,IZLE,DUSUK_GUVEN,,,prediction_status=low_severity,"İzle, müdahale etme. Yangın bu kareyi ağır yakmamış (düşük şiddet, dNBR 0,11).","Model bu rejimde tahmin üretmiyor. Kendi toparlanması bekleniyor, müdahale listesine alınmıyor. Bu bölgede referans yangınımız az — tahmin belirsizliği diğer bölgelerden yüksek, saha doğrulaması önerilir.",True
MAR_2023_01_003543,IZLE,DUSUK_GUVEN,,,prediction_status=low_severity,"İzle, müdahale etme. Yangın bu kareyi ağır yakmamış (orta-düşük şiddet, dNBR 0,32).","Model bu rejimde tahmin üretmiyor. Kendi toparlanması bekleniyor, müdahale listesine alınmıyor. Bu bölgede referans yangınımız az — tahmin belirsizliği diğer bölgelerden yüksek, saha doğrulaması önerilir.",True
MAR_2023_01_003544,DIKIM_ADAYI,DUSUK_GUVEN,0.1406,"meşe, kayın, karaçam",toparlanma=0.14 <0.35,"Aktif dikim adayı. Doğal toparlanma zayıf kalıyor, eğim (11,3°) dikime elverişli.","Modelin tahminine göre yangın öncesi örtünün ancak %14 kadarı iki yılda geri gelecek — kendi başına kapanmayacak bir açık var. Bu bölgede referans yangınımız az — tahmin belirsizliği diğer bölgelerden yüksek, saha doğrulaması önerilir. Yetişme ortamı: Marmara kuşağı, 259 m, orta eğimli (10–25°). Bu koşullar için önerilen türler: meşe, kayın, karaçam. Tür önerisi sistemin çıkarımı değil, dışarıdan verilen tablodan okunmuştur. Tablo: ÖRNEK TABLO — OGM tür-yetişme ortamı rehberi ile değiştirilecek",True
MAR_2023_01_003545,DIKIM_ADAYI,DUSUK_GUVEN,0.1024,"meşe, kayın, karaçam",toparlanma=0.10 <0.35,"Aktif dikim adayı. Doğal toparlanma zayıf kalıyor, eğim (12,3°) dikime elverişli.","Modelin tahminine göre yangın öncesi örtünün ancak %10 kadarı iki yılda geri gelecek — kendi başına kapanmayacak bir açık var. Bu bölgede referans yangınımız az — tahmin belirsizliği diğer bölgelerden yüksek, saha doğrulaması önerilir. Yetişme ortamı: Marmara kuşağı, 291 m, orta eğimli (10–25°). Bu koşullar için önerilen türler: meşe, kayın, karaçam. Tür önerisi sistemin çıkarımı değil, dışarıdan verilen tablodan okunmuştur. Tablo: ÖRNEK TABLO — OGM tür-yetişme ortamı rehberi ile değiştirilecek",True
MAR_2023_01_003546,DIKIM_ADAYI,DUSUK_GUVEN,0.0863,"meşe, kayın, karaçam",toparlanma=0.09 <0.35,"Aktif dikim adayı. Doğal toparlanma zayıf kalıyor, eğim (14,8°) dikime elverişli.","Modelin tahminine göre yangın öncesi örtünün ancak %9 kadarı iki yılda geri gelecek — kendi başına kapanmayacak bir açık var. Bu bölgede referans yangınımız az — tahmin belirsizliği diğer bölgelerden yüksek, saha doğrulaması önerilir. Yetişme ortamı: Marmara kuşağı, 335 m, orta eğimli (10–25°). Bu koşullar için önerilen türler: meşe, kayın, karaçam. Tür önerisi sistemin çıkarımı değil, dışarıdan verilen tablodan okunmuştur. Tablo: ÖRNEK TABLO — OGM tür-yetişme ortamı rehberi ile değiştirilecek",True
MAR_2023_01_003547,DIKIM_ADAYI,DUSUK_GUVEN,0.0933,"meşe, kayın, karaçam",toparlanma=0.09 <0.35,"Aktif dikim adayı. Doğal toparlanma zayıf kalıyor, eğim (9,8°) dikime elverişli.","Modelin tahminine göre yangın öncesi örtünün ancak %9 kadarı iki yılda geri gelecek — kendi başına kapanmayacak bir açık var. Bu bölgede referans yangınımız az — tahmin belirsizliği diğer bölgelerden yüksek, saha doğrulaması önerilir. Yetişme ortamı: Marmara kuşağı, 384 m, düz-hafif eğimli (0–10°). Bu koşullar için önerilen türler: meşe, kayın, karaçam. Tür önerisi sistemin çıkarımı değil, dışarıdan verilen tablodan okunmuştur. Tablo: ÖRNEK TABLO — OGM tür-yetişme ortamı rehberi ile değiştirilecek",True
MAR_2023_01_003548,DIKIM_ADAYI,DUSUK_GUVEN,0.0946,"meşe, kayın, karaçam",toparlanma=0.09 <0.35,"Aktif dikim adayı. Doğal toparlanma zayıf kalıyor, eğim (4,8°) dikime elverişli.","Modelin tahminine göre yangın öncesi örtünün ancak %9 kadarı iki yılda geri gelecek — kendi başına kapanmayacak bir açık var. Bu bölgede referans yangınımız az — tahmin belirsizliği diğer bölgelerden yüksek, saha doğrulaması önerilir. Yetişme ortamı: Marmara kuşağı, 402 m, düz-hafif eğimli (0–10°). Bu koşullar için önerilen türler: meşe, kayın, karaçam. Tür önerisi sistemin çıkarımı değil, dışarıdan verilen tablodan okunmuştur. Tablo: ÖRNEK TABLO — OGM tür-yetişme ortamı rehberi ile değiştirilecek",True
MAR_2023_01_003549,DIKIM_ADAYI,AGIR_YANMIS|DUSUK_GUVEN,0.1226,"meşe, kayın, karaçam",toparlanma=0.12 <0.35,"Aktif dikim adayı. Doğal toparlanma zayıf kalıyor, eğim (4,9°) dikime elverişli.","Modelin tahminine göre yangın öncesi örtünün ancak %12 kadarı iki yılda geri gelecek — kendi başına kapanmayacak bir açık var. Yangın orta-yüksek şiddet sınıfında (dNBR 0,46); toprak yüzeyi büyük olasılıkla açıkta. Bu bölgede referans yangınımız az — tahmin belirsizliği diğer bölgelerden yüksek, saha doğrulaması önerilir. Yetişme ortamı: Marmara kuşağı, 406 m, düz-hafif eğimli (0–10°). Bu koşullar için önerilen türler: meşe, kayın, karaçam. Tür önerisi sistemin çıkarımı değil, dışarıdan verilen tablodan okunmuştur. Tablo: ÖRNEK TABLO — OGM tür-yetişme ortamı rehberi ile değiştirilecek",True
MAR_2023_01_003550,DIKIM_ADAYI,DUSUK_GUVEN,0.1373,"meşe, kayın, karaçam",toparlanma=0.14 <0.35,"Aktif dikim adayı. Doğal toparlanma zayıf kalıyor, eğim (6,2°) dikime elverişli.","Modelin tahminine göre yangın öncesi örtünün ancak %14 kadarı iki yılda geri gelecek — kendi başına kapanmayacak bir açık var. Bu bölgede referans yangınımız az — tahmin belirsizliği diğer bölgelerden yüksek, saha doğrulaması önerilir. Yetişme ortamı: Marmara kuşağı, 390 m, düz-hafif eğimli (0–10°). Bu koşullar için önerilen türler: meşe, kayın, karaçam. Tür önerisi sistemin çıkarımı değil, dışarıdan verilen tablodan okunmuştur. Tablo: ÖRNEK TABLO — OGM tür-yetişme ortamı rehberi ile değiştirilecek",True
MAR_2023_01_003551,IZLE,DUSUK_GUVEN,,,prediction_status=low_severity,"İzle, müdahale etme. Yangın bu kareyi ağır yakmamış (düşük şiddet, dNBR 0,11).","Model bu rejimde tahmin üretmiyor. Kendi toparlanması bekleniyor, müdahale listesine alınmıyor. Bu bölgede referans yangınımız az — tahmin belirsizliği diğer bölgelerden yüksek, saha doğrulaması önerilir.",True
MAR_2023_01_003552,IZLE,DUSUK_GUVEN,,,prediction_status=low_severity,"İzle, müdahale etme. Yangın bu kareyi ağır yakmamış (düşük şiddet, dNBR 0,15).","Model bu rejimde tahmin üretmiyor. Kendi toparlanması bekleniyor, müdahale listesine alınmıyor. Bu bölgede referans yangınımız az — tahmin belirsizliği diğer bölgelerden yüksek, saha doğrulaması önerilir.",True
MAR_2023_01_003623,IZLE,DUSUK_GUVEN,,,prediction_status=low_severity,"İzle, müdahale etme. Yangın bu kareyi ağır yakmamış (düşük şiddet, dNBR 0,20).","Model bu rejimde tahmin üretmiyor. Kendi toparlanması bekleniyor, müdahale listesine alınmıyor. Bu bölgede referans yangınımız az — tahmin belirsizliği diğer bölgelerden yüksek, saha doğrulaması önerilir.",True
MAR_2023_01_003626,IZLE,ESKIDEN_ORMAN_DEGIL|DUSUK_GUVEN,,,prediction_status=low_severity,"İzle, müdahale etme. Yangın bu kareyi ağır yakmamış (düşük şiddet, dNBR 0,13).","Model bu rejimde tahmin üretmiyor. Kendi toparlanması bekleniyor, müdahale listesine alınmıyor. Yangın öncesi örtü otlak ve çalılık idi; orman kurma değil, mevcut örtünün onarımı düşünülmeli. Bu bölgede referans yangınımız az — tahmin belirsizliği diğer bölgelerden yüksek, saha doğrulaması önerilir.",True
MAR_2023_01_003627,IZLE,ESKIDEN_ORMAN_DEGIL|DUSUK_GUVEN,,,prediction_status=low_severity,"İzle, müdahale etme. Yangın bu kareyi ağır yakmamış (düşük şiddet, dNBR 0,17).","Model bu rejimde tahmin üretmiyor. Kendi toparlanması bekleniyor, müdahale listesine alınmıyor. Yangın öncesi örtü otlak ve çalılık idi; orman kurma değil, mevcut örtünün onarımı düşünülmeli. Bu bölgede referans yangınımız az — tahmin belirsizliği diğer bölgelerden yüksek, saha doğrulaması önerilir.",True
MAR_2023_01_003628,DIKIM_ADAYI,DUSUK_GUVEN,0.1151,"meşe, kayın, karaçam",toparlanma=0.12 <0.35,"Aktif dikim adayı. Doğal toparlanma zayıf kalıyor, eğim (17,8°) dikime elverişli.","Modelin tahminine göre yangın öncesi örtünün ancak %12 kadarı iki yılda geri gelecek — kendi başına kapanmayacak bir açık var. Bu bölgede referans yangınımız az — tahmin belirsizliği diğer bölgelerden yüksek, saha doğrulaması önerilir. Yetişme ortamı: Marmara kuşağı, 199 m, orta eğimli (10–25°). Bu koşullar için önerilen türler: meşe, kayın, karaçam. Tür önerisi sistemin çıkarımı değil, dışarıdan verilen tablodan okunmuştur. Tablo: ÖRNEK TABLO — OGM tür-yetişme ortamı rehberi ile değiştirilecek",True
MAR_2023_01_003629,DIKIM_ADAYI,DUSUK_GUVEN,0.1427,"meşe, kayın, karaçam",toparlanma=0.14 <0.35,"Aktif dikim adayı. Doğal toparlanma zayıf kalıyor, eğim (10,8°) dikime elverişli.","Modelin tahminine göre yangın öncesi örtünün ancak %14 kadarı iki yılda geri gelecek — kendi başına kapanmayacak bir açık var. Bu bölgede referans yangınımız az — tahmin belirsizliği diğer bölgelerden yüksek, saha doğrulaması önerilir. Yetişme ortamı: Marmara kuşağı, 226 m, orta eğimli (10–25°). Bu koşullar için önerilen türler: meşe, kayın, karaçam. Tür önerisi sistemin çıkarımı değil, dışarıdan verilen tablodan okunmuştur. Tablo: ÖRNEK TABLO — OGM tür-yetişme ortamı rehberi ile değiştirilecek",True
MAR_2023_01_003630,DIKIM_ADAYI,AGIR_YANMIS|DUSUK_GUVEN,0.1532,"meşe, kayın, karaçam",toparlanma=0.15 <0.35,"Aktif dikim adayı. Doğal toparlanma zayıf kalıyor, eğim (11,2°) dikime elverişli.","Modelin tahminine göre yangın öncesi örtünün ancak %15 kadarı iki yılda geri gelecek — kendi başına kapanmayacak bir açık var. Yangın orta-yüksek şiddet sınıfında (dNBR 0,51); toprak yüzeyi büyük olasılıkla açıkta. Bu bölgede referans yangınımız az — tahmin belirsizliği diğer bölgelerden yüksek, saha doğrulaması önerilir. Yetişme ortamı: Marmara kuşağı, 259 m, orta eğimli (10–25°). Bu koşullar için önerilen türler: meşe, kayın, karaçam. Tür önerisi sistemin çıkarımı değil, dışarıdan verilen tablodan okunmuştur. Tablo: ÖRNEK TABLO — OGM tür-yetişme ortamı rehberi ile değiştirilecek",True
MAR_2023_01_003631,DIKIM_ADAYI,AGIR_YANMIS|DUSUK_GUVEN,0.135,"meşe, kayın, karaçam",toparlanma=0.13 <0.35,"Aktif dikim adayı. Doğal toparlanma zayıf kalıyor, eğim (12,8°) dikime elverişli.","Modelin tahminine göre yangın öncesi örtünün ancak %13 kadarı iki yılda geri gelecek — kendi başına kapanmayacak bir açık var. Yangın orta-yüksek şiddet sınıfında (dNBR 0,50); toprak yüzeyi büyük olasılıkla açıkta. Bu bölgede referans yangınımız az — tahmin belirsizliği diğer bölgelerden yüksek, saha doğrulaması önerilir. Yetişme ortamı: Marmara kuşağı, 310 m, orta eğimli (10–25°). Bu koşullar için önerilen türler: meşe, kayın, karaçam. Tür önerisi sistemin çıkarımı değil, dışarıdan verilen tablodan okunmuştur. Tablo: ÖRNEK TABLO — OGM tür-yetişme ortamı rehberi ile değiştirilecek",True
MAR_2023_01_003632,DIKIM_ADAYI,AGIR_YANMIS|DUSUK_GUVEN,0.1021,"meşe, kayın, karaçam",toparlanma=0.10 <0.35,"Aktif dikim adayı. Doğal toparlanma zayıf kalıyor, eğim (13,0°) dikime elverişli.","Modelin tahminine göre yangın öncesi örtünün ancak %10 kadarı iki yılda geri gelecek — kendi başına kapanmayacak bir açık var. Yangın orta-yüksek şiddet sınıfında (dNBR 0,47); toprak yüzeyi büyük olasılıkla açıkta. Bu bölgede referans yangınımız az — tahmin belirsizliği diğer bölgelerden yüksek, saha doğrulaması önerilir. Yetişme ortamı: Marmara kuşağı, 358 m, orta eğimli (10–25°). Bu koşullar için önerilen türler: meşe, kayın, karaçam. Tür önerisi sistemin çıkarımı değil, dışarıdan verilen tablodan okunmuştur. Tablo: ÖRNEK TABLO — OGM tür-yetişme ortamı rehberi ile değiştirilecek",True
MAR_2023_01_003633,DIKIM_ADAYI,DUSUK_GUVEN,0.0817,"meşe, kayın, karaçam",toparlanma=0.08 <0.35,"Aktif dikim adayı. Doğal toparlanma zayıf kalıyor, eğim (9,3°) dikime elverişli.","Modelin tahminine göre yangın öncesi örtünün ancak %8 kadarı iki yılda geri gelecek — kendi başına kapanmayacak bir açık var. Bu bölgede referans yangınımız az — tahmin belirsizliği diğer bölgelerden yüksek, saha doğrulaması önerilir. Yetişme ortamı: Marmara kuşağı, 415 m, düz-hafif eğimli (0–10°). Bu koşullar için önerilen türler: meşe, kayın, karaçam. Tür önerisi sistemin çıkarımı değil, dışarıdan verilen tablodan okunmuştur. Tablo: ÖRNEK TABLO — OGM tür-yetişme ortamı rehberi ile değiştirilecek",True
MAR_2023_01_003634,DIKIM_ADAYI,DUSUK_GUVEN,0.0851,"meşe, kayın, karaçam",toparlanma=0.09 <0.35,"Aktif dikim adayı. Doğal toparlanma zayıf kalıyor, eğim (4,0°) dikime elverişli.","Modelin tahminine göre yangın öncesi örtünün ancak %9 kadarı iki yılda geri gelecek — kendi başına kapanmayacak bir açık var. Bu bölgede referans yangınımız az — tahmin belirsizliği diğer bölgelerden yüksek, saha doğrulaması önerilir. Yetişme ortamı: Marmara kuşağı, 414 m, düz-hafif eğimli (0–10°). Bu koşullar için önerilen türler: meşe, kayın, karaçam. Tür önerisi sistemin çıkarımı değil, dışarıdan verilen tablodan okunmuştur. Tablo: ÖRNEK TABLO — OGM tür-yetişme ortamı rehberi ile değiştirilecek",True
MAR_2023_01_003635,IZLE,DUSUK_GUVEN,,,prediction_status=low_severity,"İzle, müdahale etme. Yangın bu kareyi ağır yakmamış (orta-düşük şiddet, dNBR 0,31).","Model bu rejimde tahmin üretmiyor. Kendi toparlanması bekleniyor, müdahale listesine alınmıyor. Bu bölgede referans yangınımız az — tahmin belirsizliği diğer bölgelerden yüksek, saha doğrulaması önerilir.",True
MAR_2023_01_003637,IZLE,DUSUK_GUVEN,,,prediction_status=low_severity,"İzle, müdahale etme. Yangın bu kareyi ağır yakmamış (düşük şiddet, dNBR 0,14).","Model bu rejimde tahmin üretmiyor. Kendi toparlanması bekleniyor, müdahale listesine alınmıyor. Bu bölgede referans yangınımız az — tahmin belirsizliği diğer bölgelerden yüksek, saha doğrulaması önerilir.",True
MAR_2023_01_003707,IZLE,ESKIDEN_ORMAN_DEGIL|DUSUK_GUVEN,,,prediction_status=low_severity,"İzle, müdahale etme. Yangın bu kareyi ağır yakmamış (düşük şiddet, dNBR 0,16).","Model bu rejimde tahmin üretmiyor. Kendi toparlanması bekleniyor, müdahale listesine alınmıyor. Yangın öncesi örtü otlak ve çalılık idi; orman kurma değil, mevcut örtünün onarımı düşünülmeli. Bu bölgede referans yangınımız az — tahmin belirsizliği diğer bölgelerden yüksek, saha doğrulaması önerilir.",True
MAR_2023_01_003708,IZLE,ESKIDEN_ORMAN_DEGIL|DUSUK_GUVEN,,,prediction_status=low_severity,"İzle, müdahale etme. Yangın bu kareyi ağır yakmamış (düşük şiddet, dNBR 0,25).","Model bu rejimde tahmin üretmiyor. Kendi toparlanması bekleniyor, müdahale listesine alınmıyor. Yangın öncesi örtü otlak ve çalılık idi; orman kurma değil, mevcut örtünün onarımı düşünülmeli. Bu bölgede referans yangınımız az — tahmin belirsizliği diğer bölgelerden yüksek, saha doğrulaması önerilir.",True
MAR_2023_01_003709,IZLE,ESKIDEN_ORMAN_DEGIL|DUSUK_GUVEN,,,prediction_status=low_severity,"İzle, müdahale etme. Yangın bu kareyi ağır yakmamış (düşük şiddet, dNBR 0,23).","Model bu rejimde tahmin üretmiyor. Kendi toparlanması bekleniyor, müdahale listesine alınmıyor. Yangın öncesi örtü otlak ve çalılık idi; orman kurma değil, mevcut örtünün onarımı düşünülmeli. Bu bölgede referans yangınımız az — tahmin belirsizliği diğer bölgelerden yüksek, saha doğrulaması önerilir.",True
MAR_2023_01_003711,IZLE,ESKIDEN_ORMAN_DEGIL|DUSUK_GUVEN,,,prediction_status=low_severity,"İzle, müdahale etme. Yangın bu kareyi ağır yakmamış (orta-düşük şiddet, dNBR 0,30).","Model bu rejimde tahmin üretmiyor. Kendi toparlanması bekleniyor, müdahale listesine alınmıyor. Yangın öncesi örtü otlak ve çalılık idi; orman kurma değil, mevcut örtünün onarımı düşünülmeli. Bu bölgede referans yangınımız az — tahmin belirsizliği diğer bölgelerden yüksek, saha doğrulaması önerilir.",True
MAR_2023_01_003712,IZLE,ESKIDEN_ORMAN_DEGIL|DUSUK_GUVEN,,,prediction_status=low_severity,"İzle, müdahale etme. Yangın bu kareyi ağır yakmamış (orta-düşük şiddet, dNBR 0,27).","Model bu rejimde tahmin üretmiyor. Kendi toparlanması bekleniyor, müdahale listesine alınmıyor. Yangın öncesi örtü otlak ve çalılık idi; orman kurma değil, mevcut örtünün onarımı düşünülmeli. Bu bölgede referans yangınımız az — tahmin belirsizliği diğer bölgelerden yüksek, saha doğrulaması önerilir.",True
MAR_2023_01_003713,DIKIM_ADAYI,DUSUK_GUVEN,0.2557,"meşe, kayın, karaçam",toparlanma=0.26 <0.35,"Aktif dikim adayı. Doğal toparlanma zayıf kalıyor, eğim (11,6°) dikime elverişli.","Modelin tahminine göre yangın öncesi örtünün ancak %26 kadarı iki yılda geri gelecek — kendi başına kapanmayacak bir açık var. Bu bölgede referans yangınımız az — tahmin belirsizliği diğer bölgelerden yüksek, saha doğrulaması önerilir. Yetişme ortamı: Marmara kuşağı, 143 m, orta eğimli (10–25°). Bu koşullar için önerilen türler: meşe, kayın, karaçam. Tür önerisi sistemin çıkarımı değil, dışarıdan verilen tablodan okunmuştur. Tablo: ÖRNEK TABLO — OGM tür-yetişme ortamı rehberi ile değiştirilecek",True
MAR_2023_01_003714,DIKIM_ADAYI,AGIR_YANMIS|DUSUK_GUVEN,0.1351,"meşe, kayın, karaçam",toparlanma=0.14 <0.35,"Aktif dikim adayı. Doğal toparlanma zayıf kalıyor, eğim (20,7°) dikime elverişli.","Modelin tahminine göre yangın öncesi örtünün ancak %14 kadarı iki yılda geri gelecek — kendi başına kapanmayacak bir açık var. Yangın orta-yüksek şiddet sınıfında (dNBR 0,50); toprak yüzeyi büyük olasılıkla açıkta. Bu bölgede referans yangınımız az — tahmin belirsizliği diğer bölgelerden yüksek, saha doğrulaması önerilir. Yetişme ortamı: Marmara kuşağı, 212 m, orta eğimli (10–25°). Bu koşullar için önerilen türler: meşe, kayın, karaçam. Tür önerisi sistemin çıkarımı değil, dışarıdan verilen tablodan okunmuştur. Tablo: ÖRNEK TABLO — OGM tür-yetişme ortamı rehberi ile değiştirilecek",True
MAR_2023_01_003715,DIKIM_ADAYI,AGIR_YANMIS|DUSUK_GUVEN,0.14,"meşe, kayın, karaçam",toparlanma=0.14 <0.35,"Aktif dikim adayı. Doğal toparlanma zayıf kalıyor, eğim (17,7°) dikime elverişli.","Modelin tahminine göre yangın öncesi örtünün ancak %14 kadarı iki yılda geri gelecek — kendi başına kapanmayacak bir açık var. Yangın orta-yüksek şiddet sınıfında (dNBR 0,55); toprak yüzeyi büyük olasılıkla açıkta. Bu bölgede referans yangınımız az — tahmin belirsizliği diğer bölgelerden yüksek, saha doğrulaması önerilir. Yetişme ortamı: Marmara kuşağı, 292 m, orta eğimli (10–25°). Bu koşullar için önerilen türler: meşe, kayın, karaçam. Tür önerisi sistemin çıkarımı değil, dışarıdan verilen tablodan okunmuştur. Tablo: ÖRNEK TABLO — OGM tür-yetişme ortamı rehberi ile değiştirilecek",True
MAR_2023_01_003716,DIKIM_ADAYI,AGIR_YANMIS|DUSUK_GUVEN,0.1622,"meşe, kayın, karaçam",toparlanma=0.16 <0.35,"Aktif dikim adayı. Doğal toparlanma zayıf kalıyor, eğim (12,9°) dikime elverişli.","Modelin tahminine göre yangın öncesi örtünün ancak %16 kadarı iki yılda geri gelecek — kendi başına kapanmayacak bir açık var. Yangın orta-yüksek şiddet sınıfında (dNBR 0,52); toprak yüzeyi büyük olasılıkla açıkta. Bu bölgede referans yangınımız az — tahmin belirsizliği diğer bölgelerden yüksek, saha doğrulaması önerilir. Yetişme ortamı: Marmara kuşağı, 327 m, orta eğimli (10–25°). Bu koşullar için önerilen türler: meşe, kayın, karaçam. Tür önerisi sistemin çıkarımı değil, dışarıdan verilen tablodan okunmuştur. Tablo: ÖRNEK TABLO — OGM tür-yetişme ortamı rehberi ile değiştirilecek",True
MAR_2023_01_003717,DIKIM_ADAYI,AGIR_YANMIS|DUSUK_GUVEN,0.1099,"meşe, kayın, karaçam",toparlanma=0.11 <0.35,"Aktif dikim adayı. Doğal toparlanma zayıf kalıyor, eğim (15,7°) dikime elverişli.","Modelin tahminine göre yangın öncesi örtünün ancak %11 kadarı iki yılda geri gelecek — kendi başına kapanmayacak bir açık var. Yangın orta-yüksek şiddet sınıfında (dNBR 0,47); toprak yüzeyi büyük olasılıkla açıkta. Bu bölgede referans yangınımız az — tahmin belirsizliği diğer bölgelerden yüksek, saha doğrulaması önerilir. Yetişme ortamı: Marmara kuşağı, 365 m, orta eğimli (10–25°). Bu koşullar için önerilen türler: meşe, kayın, karaçam. Tür önerisi sistemin çıkarımı değil, dışarıdan verilen tablodan okunmuştur. Tablo: ÖRNEK TABLO — OGM tür-yetişme ortamı rehberi ile değiştirilecek",True
MAR_2023_01_003718,DIKIM_ADAYI,DUSUK_GUVEN,0.049,"meşe, kayın, karaçam",toparlanma=0.05 <0.35,"Aktif dikim adayı. Doğal toparlanma zayıf kalıyor, eğim (7,9°) dikime elverişli.","Modelin tahminine göre yangın öncesi örtünün ancak %5 kadarı iki yılda geri gelecek — kendi başına kapanmayacak bir açık var. Bu bölgede referans yangınımız az — tahmin belirsizliği diğer bölgelerden yüksek, saha doğrulaması önerilir. Yetişme ortamı: Marmara kuşağı, 423 m, düz-hafif eğimli (0–10°). Bu koşullar için önerilen türler: meşe, kayın, karaçam. Tür önerisi sistemin çıkarımı değil, dışarıdan verilen tablodan okunmuştur. Tablo: ÖRNEK TABLO — OGM tür-yetişme ortamı rehberi ile değiştirilecek",True
MAR_2023_01_003719,IZLE,DUSUK_GUVEN,,,prediction_status=low_severity,"İzle, müdahale etme. Yangın bu kareyi ağır yakmamış (düşük şiddet, dNBR 0,26).","Model bu rejimde tahmin üretmiyor. Kendi toparlanması bekleniyor, müdahale listesine alınmıyor. Bu bölgede referans yangınımız az — tahmin belirsizliği diğer bölgelerden yüksek, saha doğrulaması önerilir.",True
MAR_2023_01_003792,KAPSAM_DISI,,,,land_cover=Tarim,"Ağaçlandırma kapsamı dışı. Bu kare tarım alanı olarak sınıflanmış, orman rehabilitasyonu hedefi değil.",Öncelik sıralamasına dahil edilmiyor.,False
MAR_2023_01_003793,IZLE,ESKIDEN_ORMAN_DEGIL|DUSUK_GUVEN,,,prediction_status=low_severity,"İzle, müdahale etme. Yangın bu kareyi ağır yakmamış (düşük şiddet, dNBR 0,18).","Model bu rejimde tahmin üretmiyor. Kendi toparlanması bekleniyor, müdahale listesine alınmıyor. Yangın öncesi örtü otlak ve çalılık idi; orman kurma değil, mevcut örtünün onarımı düşünülmeli. Bu bölgede referans yangınımız az — tahmin belirsizliği diğer bölgelerden yüksek, saha doğrulaması önerilir.",True
MAR_2023_01_003794,IZLE,ESKIDEN_ORMAN_DEGIL|DUSUK_GUVEN,,,prediction_status=low_severity,"İzle, müdahale etme. Yangın bu kareyi ağır yakmamış (düşük şiddet, dNBR 0,16).","Model bu rejimde tahmin üretmiyor. Kendi toparlanması bekleniyor, müdahale listesine alınmıyor. Yangın öncesi örtü otlak ve çalılık idi; orman kurma değil, mevcut örtünün onarımı düşünülmeli. Bu bölgede referans yangınımız az — tahmin belirsizliği diğer bölgelerden yüksek, saha doğrulaması önerilir.",True
MAR_2023_01_003796,IZLE,ESKIDEN_ORMAN_DEGIL|DUSUK_GUVEN,,,prediction_status=low_severity,"İzle, müdahale etme. Yangın bu kareyi ağır yakmamış (düşük şiddet, dNBR 0,20).","Model bu rejimde tahmin üretmiyor. Kendi toparlanması bekleniyor, müdahale listesine alınmıyor. Yangın öncesi örtü otlak ve çalılık idi; orman kurma değil, mevcut örtünün onarımı düşünülmeli. Bu bölgede referans yangınımız az — tahmin belirsizliği diğer bölgelerden yüksek, saha doğrulaması önerilir.",True
MAR_2023_01_003797,DIKIM_ADAYI,ESKIDEN_ORMAN_DEGIL|DUSUK_GUVEN,0.3348,"maki türleri, kermes meşesi",toparlanma=0.33 <0.35,"Aktif dikim adayı. Doğal toparlanma zayıf kalıyor, eğim (7,9°) dikime elverişli.","Modelin tahminine göre yangın öncesi örtünün ancak %33 kadarı iki yılda geri gelecek — kendi başına kapanmayacak bir açık var. Yangın öncesi örtü otlak ve çalılık idi; orman kurma değil, mevcut örtünün onarımı düşünülmeli. Bu bölgede referans yangınımız az — tahmin belirsizliği diğer bölgelerden yüksek, saha doğrulaması önerilir. Yetişme ortamı: Marmara kuşağı, 105 m, düz-hafif eğimli (0–10°). Bu koşullar için önerilen türler: maki türleri, kermes meşesi. Tür önerisi sistemin çıkarımı değil, dışarıdan verilen tablodan okunmuştur. Tablo: ÖRNEK TABLO — OGM tür-yetişme ortamı rehberi ile değiştirilecek",True
MAR_2023_01_003798,DIKIM_ADAYI,DUSUK_GUVEN,0.2924,"meşe, kayın, karaçam",toparlanma=0.29 <0.35,"Aktif dikim adayı. Doğal toparlanma zayıf kalıyor, eğim (15,6°) dikime elverişli.","Modelin tahminine göre yangın öncesi örtünün ancak %29 kadarı iki yılda geri gelecek — kendi başına kapanmayacak bir açık var. Bu bölgede referans yangınımız az — tahmin belirsizliği diğer bölgelerden yüksek, saha doğrulaması önerilir. Yetişme ortamı: Marmara kuşağı, 145 m, orta eğimli (10–25°). Bu koşullar için önerilen türler: meşe, kayın, karaçam. Tür önerisi sistemin çıkarımı değil, dışarıdan verilen tablodan okunmuştur. Tablo: ÖRNEK TABLO — OGM tür-yetişme ortamı rehberi ile değiştirilecek",True
MAR_2023_01_003799,DIKIM_ADAYI,AGIR_YANMIS|DUSUK_GUVEN,0.1732,"meşe, kayın, karaçam",toparlanma=0.17 <0.35,"Aktif dikim adayı. Doğal toparlanma zayıf kalıyor, eğim (21,5°) dikime elverişli.","Modelin tahminine göre yangın öncesi örtünün ancak %17 kadarı iki yılda geri gelecek — kendi başına kapanmayacak bir açık var. Yangın orta-yüksek şiddet sınıfında (dNBR 0,48); toprak yüzeyi büyük olasılıkla açıkta. Bu bölgede referans yangınımız az — tahmin belirsizliği diğer bölgelerden yüksek, saha doğrulaması önerilir. Yetişme ortamı: Marmara kuşağı, 236 m, orta eğimli (10–25°). Bu koşullar için önerilen türler: meşe, kayın, karaçam. Tür önerisi sistemin çıkarımı değil, dışarıdan verilen tablodan okunmuştur. Tablo: ÖRNEK TABLO — OGM tür-yetişme ortamı rehberi ile değiştirilecek",True
MAR_2023_01_003800,DIKIM_ADAYI,ESKIDEN_ORMAN_DEGIL|DUSUK_GUVEN,0.2706,"maki türleri, kermes meşesi",toparlanma=0.27 <0.35,"Aktif dikim adayı. Doğal toparlanma zayıf kalıyor, eğim (20,6°) dikime elverişli.","Modelin tahminine göre yangın öncesi örtünün ancak %27 kadarı iki yılda geri gelecek — kendi başına kapanmayacak bir açık var. Yangın öncesi örtü otlak ve çalılık idi; orman kurma değil, mevcut örtünün onarımı düşünülmeli. Bu bölgede referans yangınımız az — tahmin belirsizliği diğer bölgelerden yüksek, saha doğrulaması önerilir. Yetişme ortamı: Marmara kuşağı, 326 m, orta eğimli (10–25°). Bu koşullar için önerilen türler: maki türleri, kermes meşesi. Tür önerisi sistemin çıkarımı değil, dışarıdan verilen tablodan okunmuştur. Tablo: ÖRNEK TABLO — OGM tür-yetişme ortamı rehberi ile değiştirilecek",True
MAR_2023_01_003801,DIKIM_ADAYI,AGIR_YANMIS|DUSUK_GUVEN,0.1949,"meşe, kayın, karaçam",toparlanma=0.19 <0.35,"Aktif dikim adayı. Doğal toparlanma zayıf kalıyor, eğim (9,0°) dikime elverişli.","Modelin tahminine göre yangın öncesi örtünün ancak %19 kadarı iki yılda geri gelecek — kendi başına kapanmayacak bir açık var. Yangın orta-yüksek şiddet sınıfında (dNBR 0,49); toprak yüzeyi büyük olasılıkla açıkta. Bu bölgede referans yangınımız az — tahmin belirsizliği diğer bölgelerden yüksek, saha doğrulaması önerilir. Yetişme ortamı: Marmara kuşağı, 377 m, düz-hafif eğimli (0–10°). Bu koşullar için önerilen türler: meşe, kayın, karaçam. Tür önerisi sistemin çıkarımı değil, dışarıdan verilen tablodan okunmuştur. Tablo: ÖRNEK TABLO — OGM tür-yetişme ortamı rehberi ile değiştirilecek",True
MAR_2023_01_003802,DIKIM_ADAYI,AGIR_YANMIS|DUSUK_GUVEN,0.1697,"meşe, kayın, karaçam",toparlanma=0.17 <0.35,"Aktif dikim adayı. Doğal toparlanma zayıf kalıyor, eğim (7,1°) dikime elverişli.","Modelin tahminine göre yangın öncesi örtünün ancak %17 kadarı iki yılda geri gelecek — kendi başına kapanmayacak bir açık var. Yangın orta-yüksek şiddet sınıfında (dNBR 0,45); toprak yüzeyi büyük olasılıkla açıkta. Bu bölgede referans yangınımız az — tahmin belirsizliği diğer bölgelerden yüksek, saha doğrulaması önerilir. Yetişme ortamı: Marmara kuşağı, 398 m, düz-hafif eğimli (0–10°). Bu koşullar için önerilen türler: meşe, kayın, karaçam. Tür önerisi sistemin çıkarımı değil, dışarıdan verilen tablodan okunmuştur. Tablo: ÖRNEK TABLO — OGM tür-yetişme ortamı rehberi ile değiştirilecek",True
MAR_2023_01_003803,IZLE,DUSUK_GUVEN,,,prediction_status=low_severity,"İzle, müdahale etme. Yangın bu kareyi ağır yakmamış (orta-düşük şiddet, dNBR 0,28).","Model bu rejimde tahmin üretmiyor. Kendi toparlanması bekleniyor, müdahale listesine alınmıyor. Bu bölgede referans yangınımız az — tahmin belirsizliği diğer bölgelerden yüksek, saha doğrulaması önerilir.",True
MAR_2023_01_003804,DIKIM_ADAYI,DUSUK_GUVEN,0.1393,"meşe, kayın, karaçam",toparlanma=0.14 <0.35,"Aktif dikim adayı. Doğal toparlanma zayıf kalıyor, eğim (7,7°) dikime elverişli.","Modelin tahminine göre yangın öncesi örtünün ancak %14 kadarı iki yılda geri gelecek — kendi başına kapanmayacak bir açık var. Bu bölgede referans yangınımız az — tahmin belirsizliği diğer bölgelerden yüksek, saha doğrulaması önerilir. Yetişme ortamı: Marmara kuşağı, 407 m, düz-hafif eğimli (0–10°). Bu koşullar için önerilen türler: meşe, kayın, karaçam. Tür önerisi sistemin çıkarımı değil, dışarıdan verilen tablodan okunmuştur. Tablo: ÖRNEK TABLO — OGM tür-yetişme ortamı rehberi ile değiştirilecek",True
MAR_2023_01_003805,IZLE,DUSUK_GUVEN,,,prediction_status=low_severity,"İzle, müdahale etme. Yangın bu kareyi ağır yakmamış (düşük şiddet, dNBR 0,15).","Model bu rejimde tahmin üretmiyor. Kendi toparlanması bekleniyor, müdahale listesine alınmıyor. Bu bölgede referans yangınımız az — tahmin belirsizliği diğer bölgelerden yüksek, saha doğrulaması önerilir.",True
MAR_2023_01_003875,KAPSAM_DISI,,,,land_cover=Tarim,"Ağaçlandırma kapsamı dışı. Bu kare tarım alanı olarak sınıflanmış, orman rehabilitasyonu hedefi değil.",Öncelik sıralamasına dahil edilmiyor.,False
MAR_2023_01_003876,KAPSAM_DISI,,,,land_cover=Tarim,"Ağaçlandırma kapsamı dışı. Bu kare tarım alanı olarak sınıflanmış, orman rehabilitasyonu hedefi değil.",Öncelik sıralamasına dahil edilmiyor.,False
MAR_2023_01_003881,IZLE,ESKIDEN_ORMAN_DEGIL|DUSUK_GUVEN,,,prediction_status=low_severity,"İzle, müdahale etme. Yangın bu kareyi ağır yakmamış (düşük şiddet, dNBR 0,16).","Model bu rejimde tahmin üretmiyor. Kendi toparlanması bekleniyor, müdahale listesine alınmıyor. Yangın öncesi örtü otlak ve çalılık idi; orman kurma değil, mevcut örtünün onarımı düşünülmeli. Bu bölgede referans yangınımız az — tahmin belirsizliği diğer bölgelerden yüksek, saha doğrulaması önerilir.",True
MAR_2023_01_003882,IZLE,ESKIDEN_ORMAN_DEGIL|DUSUK_GUVEN,,,prediction_status=low_severity,"İzle, müdahale etme. Yangın bu kareyi ağır yakmamış (düşük şiddet, dNBR 0,14).","Model bu rejimde tahmin üretmiyor. Kendi toparlanması bekleniyor, müdahale listesine alınmıyor. Yangın öncesi örtü otlak ve çalılık idi; orman kurma değil, mevcut örtünün onarımı düşünülmeli. Bu bölgede referans yangınımız az — tahmin belirsizliği diğer bölgelerden yüksek, saha doğrulaması önerilir.",True
MAR_2023_01_003883,IZLE,ESKIDEN_ORMAN_DEGIL|DUSUK_GUVEN,,,prediction_status=low_severity,"İzle, müdahale etme. Yangın bu kareyi ağır yakmamış (düşük şiddet, dNBR 0,18).","Model bu rejimde tahmin üretmiyor. Kendi toparlanması bekleniyor, müdahale listesine alınmıyor. Yangın öncesi örtü otlak ve çalılık idi; orman kurma değil, mevcut örtünün onarımı düşünülmeli. Bu bölgede referans yangınımız az — tahmin belirsizliği diğer bölgelerden yüksek, saha doğrulaması önerilir.",True
MAR_2023_01_003884,DIKIM_ADAYI,DUSUK_GUVEN,0.1936,"meşe, kayın, karaçam",toparlanma=0.19 <0.35,"Aktif dikim adayı. Doğal toparlanma zayıf kalıyor, eğim (19,8°) dikime elverişli.","Modelin tahminine göre yangın öncesi örtünün ancak %19 kadarı iki yılda geri gelecek — kendi başına kapanmayacak bir açık var. Bu bölgede referans yangınımız az — tahmin belirsizliği diğer bölgelerden yüksek, saha doğrulaması önerilir. Yetişme ortamı: Marmara kuşağı, 202 m, orta eğimli (10–25°). Bu koşullar için önerilen türler: meşe, kayın, karaçam. Tür önerisi sistemin çıkarımı değil, dışarıdan verilen tablodan okunmuştur. Tablo: ÖRNEK TABLO — OGM tür-yetişme ortamı rehberi ile değiştirilecek",True
MAR_2023_01_003885,DIKIM_ADAYI,ESKIDEN_ORMAN_DEGIL|AGIR_YANMIS|DUSUK_GUVEN,0.2337,"maki türleri, kermes meşesi",toparlanma=0.23 <0.35,"Aktif dikim adayı. Doğal toparlanma zayıf kalıyor, eğim (21,8°) dikime elverişli.","Modelin tahminine göre yangın öncesi örtünün ancak %23 kadarı iki yılda geri gelecek — kendi başına kapanmayacak bir açık var. Yangın öncesi örtü otlak ve çalılık idi; orman kurma değil, mevcut örtünün onarımı düşünülmeli. Yangın orta-yüksek şiddet sınıfında (dNBR 0,44); toprak yüzeyi büyük olasılıkla açıkta. Bu bölgede referans yangınımız az — tahmin belirsizliği diğer bölgelerden yüksek, saha doğrulaması önerilir. Yetişme ortamı: Marmara kuşağı, 288 m, orta eğimli (10–25°). Bu koşullar için önerilen türler: maki türleri, kermes meşesi. Tür önerisi sistemin çıkarımı değil, dışarıdan verilen tablodan okunmuştur. Tablo: ÖRNEK TABLO — OGM tür-yetişme ortamı rehberi ile değiştirilecek",True
MAR_2023_01_003886,DIKIM_ADAYI,DUSUK_GUVEN,0.1761,"meşe, kayın, karaçam",toparlanma=0.18 <0.35,"Aktif dikim adayı. Doğal toparlanma zayıf kalıyor, eğim (15,9°) dikime elverişli.","Modelin tahminine göre yangın öncesi örtünün ancak %18 kadarı iki yılda geri gelecek — kendi başına kapanmayacak bir açık var. Bu bölgede referans yangınımız az — tahmin belirsizliği diğer bölgelerden yüksek, saha doğrulaması önerilir. Yetişme ortamı: Marmara kuşağı, 367 m, orta eğimli (10–25°). Bu koşullar için önerilen türler: meşe, kayın, karaçam. Tür önerisi sistemin çıkarımı değil, dışarıdan verilen tablodan okunmuştur. Tablo: ÖRNEK TABLO — OGM tür-yetişme ortamı rehberi ile değiştirilecek",True
MAR_2023_01_003887,DIKIM_ADAYI,DUSUK_GUVEN,0.1102,"meşe, kayın, karaçam",toparlanma=0.11 <0.35,"Aktif dikim adayı. Doğal toparlanma zayıf kalıyor, eğim (8,2°) dikime elverişli.","Modelin tahminine göre yangın öncesi örtünün ancak %11 kadarı iki yılda geri gelecek — kendi başına kapanmayacak bir açık var. Bu bölgede referans yangınımız az — tahmin belirsizliği diğer bölgelerden yüksek, saha doğrulaması önerilir. Yetişme ortamı: Marmara kuşağı, 416 m, düz-hafif eğimli (0–10°). Bu koşullar için önerilen türler: meşe, kayın, karaçam. Tür önerisi sistemin çıkarımı değil, dışarıdan verilen tablodan okunmuştur. Tablo: ÖRNEK TABLO — OGM tür-yetişme ortamı rehberi ile değiştirilecek",True
MAR_2023_01_003888,DIKIM_ADAYI,DUSUK_GUVEN,0.1308,"meşe, kayın, karaçam",toparlanma=0.13 <0.35,"Aktif dikim adayı. Doğal toparlanma zayıf kalıyor, eğim (5,5°) dikime elverişli.","Modelin tahminine göre yangın öncesi örtünün ancak %13 kadarı iki yılda geri gelecek — kendi başına kapanmayacak bir açık var. Bu bölgede referans yangınımız az — tahmin belirsizliği diğer bölgelerden yüksek, saha doğrulaması önerilir. Yetişme ortamı: Marmara kuşağı, 424 m, düz-hafif eğimli (0–10°). Bu koşullar için önerilen türler: meşe, kayın, karaçam. Tür önerisi sistemin çıkarımı değil, dışarıdan verilen tablodan okunmuştur. Tablo: ÖRNEK TABLO — OGM tür-yetişme ortamı rehberi ile değiştirilecek",True
MAR_2023_01_003889,DIKIM_ADAYI,DUSUK_GUVEN,0.1821,"meşe, kayın, karaçam",toparlanma=0.18 <0.35,"Aktif dikim adayı. Doğal toparlanma zayıf kalıyor, eğim (13,6°) dikime elverişli.","Modelin tahminine göre yangın öncesi örtünün ancak %18 kadarı iki yılda geri gelecek — kendi başına kapanmayacak bir açık var. Bu bölgede referans yangınımız az — tahmin belirsizliği diğer bölgelerden yüksek, saha doğrulaması önerilir. Yetişme ortamı: Marmara kuşağı, 409 m, orta eğimli (10–25°). Bu koşullar için önerilen türler: meşe, kayın, karaçam. Tür önerisi sistemin çıkarımı değil, dışarıdan verilen tablodan okunmuştur. Tablo: ÖRNEK TABLO — OGM tür-yetişme ortamı rehberi ile değiştirilecek",True
MAR_2023_01_003965,IZLE,ESKIDEN_ORMAN_DEGIL|DUSUK_GUVEN,,,prediction_status=low_severity,"İzle, müdahale etme. Yangın bu kareyi ağır yakmamış (düşük şiddet, dNBR 0,15).","Model bu rejimde tahmin üretmiyor. Kendi toparlanması bekleniyor, müdahale listesine alınmıyor. Yangın öncesi örtü otlak ve çalılık idi; orman kurma değil, mevcut örtünün onarımı düşünülmeli. Bu bölgede referans yangınımız az — tahmin belirsizliği diğer bölgelerden yüksek, saha doğrulaması önerilir.",True
MAR_2023_01_003966,IZLE,ESKIDEN_ORMAN_DEGIL|DUSUK_GUVEN,,,prediction_status=low_severity,"İzle, müdahale etme. Yangın bu kareyi ağır yakmamış (düşük şiddet, dNBR 0,26).","Model bu rejimde tahmin üretmiyor. Kendi toparlanması bekleniyor, müdahale listesine alınmıyor. Yangın öncesi örtü otlak ve çalılık idi; orman kurma değil, mevcut örtünün onarımı düşünülmeli. Bu bölgede referans yangınımız az — tahmin belirsizliği diğer bölgelerden yüksek, saha doğrulaması önerilir.",True
MAR_2023_01_003967,IZLE,ESKIDEN_ORMAN_DEGIL|DUSUK_GUVEN,,,prediction_status=low_severity,"İzle, müdahale etme. Yangın bu kareyi ağır yakmamış (düşük şiddet, dNBR 0,24).","Model bu rejimde tahmin üretmiyor. Kendi toparlanması bekleniyor, müdahale listesine alınmıyor. Yangın öncesi örtü otlak ve çalılık idi; orman kurma değil, mevcut örtünün onarımı düşünülmeli. Bu bölgede referans yangınımız az — tahmin belirsizliği diğer bölgelerden yüksek, saha doğrulaması önerilir.",True
MAR_2023_01_003968,IZLE,ESKIDEN_ORMAN_DEGIL|DUSUK_GUVEN,,,prediction_status=low_severity,"İzle, müdahale etme. Yangın bu kareyi ağır yakmamış (düşük şiddet, dNBR 0,27).","Model bu rejimde tahmin üretmiyor. Kendi toparlanması bekleniyor, müdahale listesine alınmıyor. Yangın öncesi örtü otlak ve çalılık idi; orman kurma değil, mevcut örtünün onarımı düşünülmeli. Bu bölgede referans yangınımız az — tahmin belirsizliği diğer bölgelerden yüksek, saha doğrulaması önerilir.",True
MAR_2023_01_003969,DIKIM_ADAYI,AGIR_YANMIS|DUSUK_GUVEN,0.216,"meşe, kayın, karaçam",toparlanma=0.22 <0.35,"Aktif dikim adayı. Doğal toparlanma zayıf kalıyor, eğim (15,5°) dikime elverişli.","Modelin tahminine göre yangın öncesi örtünün ancak %22 kadarı iki yılda geri gelecek — kendi başına kapanmayacak bir açık var. Yangın orta-yüksek şiddet sınıfında (dNBR 0,49); toprak yüzeyi büyük olasılıkla açıkta. Bu bölgede referans yangınımız az — tahmin belirsizliği diğer bölgelerden yüksek, saha doğrulaması önerilir. Yetişme ortamı: Marmara kuşağı, 226 m, orta eğimli (10–25°). Bu koşullar için önerilen türler: meşe, kayın, karaçam. Tür önerisi sistemin çıkarımı değil, dışarıdan verilen tablodan okunmuştur. Tablo: ÖRNEK TABLO — OGM tür-yetişme ortamı rehberi ile değiştirilecek",True
MAR_2023_01_003970,DIKIM_ADAYI,AGIR_YANMIS|DUSUK_GUVEN,0.1389,"meşe, kayın, karaçam",toparlanma=0.14 <0.35,"Aktif dikim adayı. Doğal toparlanma zayıf kalıyor, eğim (17,1°) dikime elverişli.","Modelin tahminine göre yangın öncesi örtünün ancak %14 kadarı iki yılda geri gelecek — kendi başına kapanmayacak bir açık var. Yangın orta-yüksek şiddet sınıfında (dNBR 0,50); toprak yüzeyi büyük olasılıkla açıkta. Bu bölgede referans yangınımız az — tahmin belirsizliği diğer bölgelerden yüksek, saha doğrulaması önerilir. Yetişme ortamı: Marmara kuşağı, 288 m, orta eğimli (10–25°). Bu koşullar için önerilen türler: meşe, kayın, karaçam. Tür önerisi sistemin çıkarımı değil, dışarıdan verilen tablodan okunmuştur. Tablo: ÖRNEK TABLO — OGM tür-yetişme ortamı rehberi ile değiştirilecek",True
MAR_2023_01_003971,DIKIM_ADAYI,AGIR_YANMIS|DUSUK_GUVEN,0.1134,"meşe, kayın, karaçam",toparlanma=0.11 <0.35,"Aktif dikim adayı. Doğal toparlanma zayıf kalıyor, eğim (12,6°) dikime elverişli.","Modelin tahminine göre yangın öncesi örtünün ancak %11 kadarı iki yılda geri gelecek — kendi başına kapanmayacak bir açık var. Yangın orta-yüksek şiddet sınıfında (dNBR 0,44); toprak yüzeyi büyük olasılıkla açıkta. Bu bölgede referans yangınımız az — tahmin belirsizliği diğer bölgelerden yüksek, saha doğrulaması önerilir. Yetişme ortamı: Marmara kuşağı, 354 m, orta eğimli (10–25°). Bu koşullar için önerilen türler: meşe, kayın, karaçam. Tür önerisi sistemin çıkarımı değil, dışarıdan verilen tablodan okunmuştur. Tablo: ÖRNEK TABLO — OGM tür-yetişme ortamı rehberi ile değiştirilecek",True
MAR_2023_01_003972,DIKIM_ADAYI,DUSUK_GUVEN,0.1438,"meşe, kayın, karaçam",toparlanma=0.14 <0.35,"Aktif dikim adayı. Doğal toparlanma zayıf kalıyor, eğim (11,2°) dikime elverişli.","Modelin tahminine göre yangın öncesi örtünün ancak %14 kadarı iki yılda geri gelecek — kendi başına kapanmayacak bir açık var. Bu bölgede referans yangınımız az — tahmin belirsizliği diğer bölgelerden yüksek, saha doğrulaması önerilir. Yetişme ortamı: Marmara kuşağı, 411 m, orta eğimli (10–25°). Bu koşullar için önerilen türler: meşe, kayın, karaçam. Tür önerisi sistemin çıkarımı değil, dışarıdan verilen tablodan okunmuştur. Tablo: ÖRNEK TABLO — OGM tür-yetişme ortamı rehberi ile değiştirilecek",True
MAR_2023_01_003973,IZLE,DUSUK_GUVEN,,,prediction_status=low_severity,"İzle, müdahale etme. Yangın bu kareyi ağır yakmamış (düşük şiddet, dNBR 0,18).","Model bu rejimde tahmin üretmiyor. Kendi toparlanması bekleniyor, müdahale listesine alınmıyor. Bu bölgede referans yangınımız az — tahmin belirsizliği diğer bölgelerden yüksek, saha doğrulaması önerilir.",True
MAR_2023_01_004050,IZLE,ESKIDEN_ORMAN_DEGIL|DUSUK_GUVEN,,,prediction_status=low_severity,"İzle, müdahale etme. Yangın bu kareyi ağır yakmamış (düşük şiddet, dNBR 0,13).","Model bu rejimde tahmin üretmiyor. Kendi toparlanması bekleniyor, müdahale listesine alınmıyor. Yangın öncesi örtü otlak ve çalılık idi; orman kurma değil, mevcut örtünün onarımı düşünülmeli. Bu bölgede referans yangınımız az — tahmin belirsizliği diğer bölgelerden yüksek, saha doğrulaması önerilir.",True
MAR_2023_01_004051,DIKIM_ADAYI,DUSUK_GUVEN,0.2363,"meşe, kayın, karaçam",toparlanma=0.24 <0.35,"Aktif dikim adayı. Doğal toparlanma zayıf kalıyor, eğim (7,6°) dikime elverişli.","Modelin tahminine göre yangın öncesi örtünün ancak %24 kadarı iki yılda geri gelecek — kendi başına kapanmayacak bir açık var. Bu bölgede referans yangınımız az — tahmin belirsizliği diğer bölgelerden yüksek, saha doğrulaması önerilir. Yetişme ortamı: Marmara kuşağı, 97 m, düz-hafif eğimli (0–10°). Bu koşullar için önerilen türler: meşe, kayın, karaçam. Tür önerisi sistemin çıkarımı değil, dışarıdan verilen tablodan okunmuştur. Tablo: ÖRNEK TABLO — OGM tür-yetişme ortamı rehberi ile değiştirilecek",True
MAR_2023_01_004052,DIKIM_ADAYI,AGIR_YANMIS|DUSUK_GUVEN,0.199,"meşe, kayın, karaçam",toparlanma=0.20 <0.35,"Aktif dikim adayı. Doğal toparlanma zayıf kalıyor, eğim (9,5°) dikime elverişli.","Modelin tahminine göre yangın öncesi örtünün ancak %20 kadarı iki yılda geri gelecek — kendi başına kapanmayacak bir açık var. Yangın orta-yüksek şiddet sınıfında (dNBR 0,53); toprak yüzeyi büyük olasılıkla açıkta. Bu bölgede referans yangınımız az — tahmin belirsizliği diğer bölgelerden yüksek, saha doğrulaması önerilir. Yetişme ortamı: Marmara kuşağı, 136 m, düz-hafif eğimli (0–10°). Bu koşullar için önerilen türler: meşe, kayın, karaçam. Tür önerisi sistemin çıkarımı değil, dışarıdan verilen tablodan okunmuştur. Tablo: ÖRNEK TABLO — OGM tür-yetişme ortamı rehberi ile değiştirilecek",True
MAR_2023_01_004053,DIKIM_ADAYI,AGIR_YANMIS|DUSUK_GUVEN,0.2008,"meşe, kayın, karaçam",toparlanma=0.20 <0.35,"Aktif dikim adayı. Doğal toparlanma zayıf kalıyor, eğim (11,3°) dikime elverişli.","Modelin tahminine göre yangın öncesi örtünün ancak %20 kadarı iki yılda geri gelecek — kendi başına kapanmayacak bir açık var. Yangın orta-yüksek şiddet sınıfında (dNBR 0,58); toprak yüzeyi büyük olasılıkla açıkta. Bu bölgede referans yangınımız az — tahmin belirsizliği diğer bölgelerden yüksek, saha doğrulaması önerilir. Yetişme ortamı: Marmara kuşağı, 180 m, orta eğimli (10–25°). Bu koşullar için önerilen türler: meşe, kayın, karaçam. Tür önerisi sistemin çıkarımı değil, dışarıdan verilen tablodan okunmuştur. Tablo: ÖRNEK TABLO — OGM tür-yetişme ortamı rehberi ile değiştirilecek",True
MAR_2023_01_004054,DIKIM_ADAYI,AGIR_YANMIS|DUSUK_GUVEN,0.2212,"meşe, kayın, karaçam",toparlanma=0.22 <0.35,"Aktif dikim adayı. Doğal toparlanma zayıf kalıyor, eğim (9,1°) dikime elverişli.","Modelin tahminine göre yangın öncesi örtünün ancak %22 kadarı iki yılda geri gelecek — kendi başına kapanmayacak bir açık var. Yangın orta-yüksek şiddet sınıfında (dNBR 0,59); toprak yüzeyi büyük olasılıkla açıkta. Bu bölgede referans yangınımız az — tahmin belirsizliği diğer bölgelerden yüksek, saha doğrulaması önerilir. Yetişme ortamı: Marmara kuşağı, 220 m, düz-hafif eğimli (0–10°). Bu koşullar için önerilen türler: meşe, kayın, karaçam. Tür önerisi sistemin çıkarımı değil, dışarıdan verilen tablodan okunmuştur. Tablo: ÖRNEK TABLO — OGM tür-yetişme ortamı rehberi ile değiştirilecek",True
MAR_2023_01_004055,DIKIM_ADAYI,AGIR_YANMIS|DUSUK_GUVEN,0.1801,"meşe, kayın, karaçam",toparlanma=0.18 <0.35,"Aktif dikim adayı. Doğal toparlanma zayıf kalıyor, eğim (19,1°) dikime elverişli.","Modelin tahminine göre yangın öncesi örtünün ancak %18 kadarı iki yılda geri gelecek — kendi başına kapanmayacak bir açık var. Yangın orta-yüksek şiddet sınıfında (dNBR 0,51); toprak yüzeyi büyük olasılıkla açıkta. Bu bölgede referans yangınımız az — tahmin belirsizliği diğer bölgelerden yüksek, saha doğrulaması önerilir. Yetişme ortamı: Marmara kuşağı, 278 m, orta eğimli (10–25°). Bu koşullar için önerilen türler: meşe, kayın, karaçam. Tür önerisi sistemin çıkarımı değil, dışarıdan verilen tablodan okunmuştur. Tablo: ÖRNEK TABLO — OGM tür-yetişme ortamı rehberi ile değiştirilecek",True
MAR_2023_01_004056,DIKIM_ADAYI,DUSUK_GUVEN,0.1254,"meşe, kayın, karaçam",toparlanma=0.13 <0.35,"Aktif dikim adayı. Doğal toparlanma zayıf kalıyor, eğim (14,2°) dikime elverişli.","Modelin tahminine göre yangın öncesi örtünün ancak %13 kadarı iki yılda geri gelecek — kendi başına kapanmayacak bir açık var. Bu bölgede referans yangınımız az — tahmin belirsizliği diğer bölgelerden yüksek, saha doğrulaması önerilir. Yetişme ortamı: Marmara kuşağı, 326 m, orta eğimli (10–25°). Bu koşullar için önerilen türler: meşe, kayın, karaçam. Tür önerisi sistemin çıkarımı değil, dışarıdan verilen tablodan okunmuştur. Tablo: ÖRNEK TABLO — OGM tür-yetişme ortamı rehberi ile değiştirilecek",True
MAR_2023_01_004057,IZLE,DUSUK_GUVEN,,,prediction_status=low_severity,"İzle, müdahale etme. Yangın bu kareyi ağır yakmamış (düşük şiddet, dNBR 0,27).","Model bu rejimde tahmin üretmiyor. Kendi toparlanması bekleniyor, müdahale listesine alınmıyor. Bu bölgede referans yangınımız az — tahmin belirsizliği diğer bölgelerden yüksek, saha doğrulaması önerilir.",True
MAR_2023_01_004126,IZLE,DUSUK_GUVEN,,,prediction_status=low_severity,"İzle, müdahale etme. Yangın bu kareyi ağır yakmamış (düşük şiddet, dNBR 0,15).","Model bu rejimde tahmin üretmiyor. Kendi toparlanması bekleniyor, müdahale listesine alınmıyor. Bu bölgede referans yangınımız az — tahmin belirsizliği diğer bölgelerden yüksek, saha doğrulaması önerilir.",True
MAR_2023_01_004127,IZLE,DUSUK_GUVEN,,,prediction_status=low_severity,"İzle, müdahale etme. Yangın bu kareyi ağır yakmamış (düşük şiddet, dNBR 0,21).","Model bu rejimde tahmin üretmiyor. Kendi toparlanması bekleniyor, müdahale listesine alınmıyor. Bu bölgede referans yangınımız az — tahmin belirsizliği diğer bölgelerden yüksek, saha doğrulaması önerilir.",True
MAR_2023_01_004128,IZLE,DUSUK_GUVEN,,,prediction_status=low_severity,"İzle, müdahale etme. Yangın bu kareyi ağır yakmamış (düşük şiddet, dNBR 0,15).","Model bu rejimde tahmin üretmiyor. Kendi toparlanması bekleniyor, müdahale listesine alınmıyor. Bu bölgede referans yangınımız az — tahmin belirsizliği diğer bölgelerden yüksek, saha doğrulaması önerilir.",True
MAR_2023_01_004131,KAPSAM_DISI,,,,land_cover=Su,"Ağaçlandırma kapsamı dışı. Bu kare su yüzeyi olarak sınıflanmış, orman rehabilitasyonu hedefi değil.",Öncelik sıralamasına dahil edilmiyor.,False
MAR_2023_01_004132,IZLE,ESKIDEN_ORMAN_DEGIL|DUSUK_GUVEN,,,prediction_status=low_severity,"İzle, müdahale etme. Yangın bu kareyi ağır yakmamış (düşük şiddet, dNBR 0,25).","Model bu rejimde tahmin üretmiyor. Kendi toparlanması bekleniyor, müdahale listesine alınmıyor. Yangın öncesi örtü otlak ve çalılık idi; orman kurma değil, mevcut örtünün onarımı düşünülmeli. Bu bölgede referans yangınımız az — tahmin belirsizliği diğer bölgelerden yüksek, saha doğrulaması önerilir.",True
MAR_2023_01_004136,IZLE,ESKIDEN_ORMAN_DEGIL|DUSUK_GUVEN,,,prediction_status=low_severity,"İzle, müdahale etme. Yangın bu kareyi ağır yakmamış (düşük şiddet, dNBR 0,13).","Model bu rejimde tahmin üretmiyor. Kendi toparlanması bekleniyor, müdahale listesine alınmıyor. Yangın öncesi örtü otlak ve çalılık idi; orman kurma değil, mevcut örtünün onarımı düşünülmeli. Bu bölgede referans yangınımız az — tahmin belirsizliği diğer bölgelerden yüksek, saha doğrulaması önerilir.",True
MAR_2023_01_004137,DIKIM_ADAYI,DUSUK_GUVEN,0.2655,"meşe, kayın, karaçam",toparlanma=0.27 <0.35,"Aktif dikim adayı. Doğal toparlanma zayıf kalıyor, eğim (9,9°) dikime elverişli.","Modelin tahminine göre yangın öncesi örtünün ancak %27 kadarı iki yılda geri gelecek — kendi başına kapanmayacak bir açık var. Bu bölgede referans yangınımız az — tahmin belirsizliği diğer bölgelerden yüksek, saha doğrulaması önerilir. Yetişme ortamı: Marmara kuşağı, 138 m, düz-hafif eğimli (0–10°). Bu koşullar için önerilen türler: meşe, kayın, karaçam. Tür önerisi sistemin çıkarımı değil, dışarıdan verilen tablodan okunmuştur. Tablo: ÖRNEK TABLO — OGM tür-yetişme ortamı rehberi ile değiştirilecek",True
MAR_2023_01_004138,DIKIM_ADAYI,DUSUK_GUVEN,0.2695,"meşe, kayın, karaçam",toparlanma=0.27 <0.35,"Aktif dikim adayı. Doğal toparlanma zayıf kalıyor, eğim (10,3°) dikime elverişli.","Modelin tahminine göre yangın öncesi örtünün ancak %27 kadarı iki yılda geri gelecek — kendi başına kapanmayacak bir açık var. Bu bölgede referans yangınımız az — tahmin belirsizliği diğer bölgelerden yüksek, saha doğrulaması önerilir. Yetişme ortamı: Marmara kuşağı, 171 m, orta eğimli (10–25°). Bu koşullar için önerilen türler: meşe, kayın, karaçam. Tür önerisi sistemin çıkarımı değil, dışarıdan verilen tablodan okunmuştur. Tablo: ÖRNEK TABLO — OGM tür-yetişme ortamı rehberi ile değiştirilecek",True
MAR_2023_01_004139,IZLE,DUSUK_GUVEN,,,prediction_status=low_severity,"İzle, müdahale etme. Yangın bu kareyi ağır yakmamış (düşük şiddet, dNBR 0,26).","Model bu rejimde tahmin üretmiyor. Kendi toparlanması bekleniyor, müdahale listesine alınmıyor. Bu bölgede referans yangınımız az — tahmin belirsizliği diğer bölgelerden yüksek, saha doğrulaması önerilir.",True
MAR_2023_01_004140,IZLE,DUSUK_GUVEN,,,prediction_status=low_severity,"İzle, müdahale etme. Yangın bu kareyi ağır yakmamış (düşük şiddet, dNBR 0,16).","Model bu rejimde tahmin üretmiyor. Kendi toparlanması bekleniyor, müdahale listesine alınmıyor. Bu bölgede referans yangınımız az — tahmin belirsizliği diğer bölgelerden yüksek, saha doğrulaması önerilir.",True
MAR_2023_01_004141,IZLE,DUSUK_GUVEN,,,prediction_status=low_severity,"İzle, müdahale etme. Yangın bu kareyi ağır yakmamış (düşük şiddet, dNBR 0,17).","Model bu rejimde tahmin üretmiyor. Kendi toparlanması bekleniyor, müdahale listesine alınmıyor. Bu bölgede referans yangınımız az — tahmin belirsizliği diğer bölgelerden yüksek, saha doğrulaması önerilir.",True
MAR_2023_01_004142,IZLE,DUSUK_GUVEN,,,prediction_status=low_severity,"İzle, müdahale etme. Yangın bu kareyi ağır yakmamış (düşük şiddet, dNBR 0,12).","Model bu rejimde tahmin üretmiyor. Kendi toparlanması bekleniyor, müdahale listesine alınmıyor. Bu bölgede referans yangınımız az — tahmin belirsizliği diğer bölgelerden yüksek, saha doğrulaması önerilir.",True
MAR_2023_01_004211,DIKIM_ADAYI,DUSUK_GUVEN,0.2886,"meşe, kayın, karaçam",toparlanma=0.29 <0.35,"Aktif dikim adayı. Doğal toparlanma zayıf kalıyor, eğim (13,9°) dikime elverişli.","Modelin tahminine göre yangın öncesi örtünün ancak %29 kadarı iki yılda geri gelecek — kendi başına kapanmayacak bir açık var. Bu bölgede referans yangınımız az — tahmin belirsizliği diğer bölgelerden yüksek, saha doğrulaması önerilir. Yetişme ortamı: Marmara kuşağı, 131 m, orta eğimli (10–25°). Bu koşullar için önerilen türler: meşe, kayın, karaçam. Tür önerisi sistemin çıkarımı değil, dışarıdan verilen tablodan okunmuştur. Tablo: ÖRNEK TABLO — OGM tür-yetişme ortamı rehberi ile değiştirilecek",True
MAR_2023_01_004212,DIKIM_ADAYI,AGIR_YANMIS|DUSUK_GUVEN,0.1867,"meşe, kayın, karaçam",toparlanma=0.19 <0.35,"Aktif dikim adayı. Doğal toparlanma zayıf kalıyor, eğim (15,7°) dikime elverişli.","Modelin tahminine göre yangın öncesi örtünün ancak %19 kadarı iki yılda geri gelecek — kendi başına kapanmayacak bir açık var. Yangın orta-yüksek şiddet sınıfında (dNBR 0,52); toprak yüzeyi büyük olasılıkla açıkta. Bu bölgede referans yangınımız az — tahmin belirsizliği diğer bölgelerden yüksek, saha doğrulaması önerilir. Yetişme ortamı: Marmara kuşağı, 138 m, orta eğimli (10–25°). Bu koşullar için önerilen türler: meşe, kayın, karaçam. Tür önerisi sistemin çıkarımı değil, dışarıdan verilen tablodan okunmuştur. Tablo: ÖRNEK TABLO — OGM tür-yetişme ortamı rehberi ile değiştirilecek",True
MAR_2023_01_004213,DIKIM_ADAYI,AGIR_YANMIS|DUSUK_GUVEN,0.2316,"meşe, kayın, karaçam",toparlanma=0.23 <0.35,"Aktif dikim adayı. Doğal toparlanma zayıf kalıyor, eğim (14,5°) dikime elverişli.","Modelin tahminine göre yangın öncesi örtünün ancak %23 kadarı iki yılda geri gelecek — kendi başına kapanmayacak bir açık var. Yangın orta-yüksek şiddet sınıfında (dNBR 0,47); toprak yüzeyi büyük olasılıkla açıkta. Bu bölgede referans yangınımız az — tahmin belirsizliği diğer bölgelerden yüksek, saha doğrulaması önerilir. Yetişme ortamı: Marmara kuşağı, 120 m, orta eğimli (10–25°). Bu koşullar için önerilen türler: meşe, kayın, karaçam. Tür önerisi sistemin çıkarımı değil, dışarıdan verilen tablodan okunmuştur. Tablo: ÖRNEK TABLO — OGM tür-yetişme ortamı rehberi ile değiştirilecek",True
MAR_2023_01_004217,IZLE,ESKIDEN_ORMAN_DEGIL|DUSUK_GUVEN,,,prediction_status=low_severity,"İzle, müdahale etme. Yangın bu kareyi ağır yakmamış (orta-düşük şiddet, dNBR 0,28).","Model bu rejimde tahmin üretmiyor. Kendi toparlanması bekleniyor, müdahale listesine alınmıyor. Yangın öncesi örtü otlak ve çalılık idi; orman kurma değil, mevcut örtünün onarımı düşünülmeli. Bu bölgede referans yangınımız az — tahmin belirsizliği diğer bölgelerden yüksek, saha doğrulaması önerilir.",True
MAR_2023_01_004218,IZLE,ESKIDEN_ORMAN_DEGIL|DUSUK_GUVEN,,,prediction_status=low_severity,"İzle, müdahale etme. Yangın bu kareyi ağır yakmamış (düşük şiddet, dNBR 0,27).","Model bu rejimde tahmin üretmiyor. Kendi toparlanması bekleniyor, müdahale listesine alınmıyor. Yangın öncesi örtü otlak ve çalılık idi; orman kurma değil, mevcut örtünün onarımı düşünülmeli. Bu bölgede referans yangınımız az — tahmin belirsizliği diğer bölgelerden yüksek, saha doğrulaması önerilir.",True
MAR_2023_01_004221,IZLE,ESKIDEN_ORMAN_DEGIL|DUSUK_GUVEN,,,prediction_status=low_severity,"İzle, müdahale etme. Yangın bu kareyi ağır yakmamış (düşük şiddet, dNBR 0,13).","Model bu rejimde tahmin üretmiyor. Kendi toparlanması bekleniyor, müdahale listesine alınmıyor. Yangın öncesi örtü otlak ve çalılık idi; orman kurma değil, mevcut örtünün onarımı düşünülmeli. Bu bölgede referans yangınımız az — tahmin belirsizliği diğer bölgelerden yüksek, saha doğrulaması önerilir.",True
MAR_2023_01_004222,IZLE,DUSUK_GUVEN,,,prediction_status=low_severity,"İzle, müdahale etme. Yangın bu kareyi ağır yakmamış (düşük şiddet, dNBR 0,16).","Model bu rejimde tahmin üretmiyor. Kendi toparlanması bekleniyor, müdahale listesine alınmıyor. Bu bölgede referans yangınımız az — tahmin belirsizliği diğer bölgelerden yüksek, saha doğrulaması önerilir.",True
MAR_2023_01_004223,IZLE,DUSUK_GUVEN,,,prediction_status=low_severity,"İzle, müdahale etme. Yangın bu kareyi ağır yakmamış (düşük şiddet, dNBR 0,10).","Model bu rejimde tahmin üretmiyor. Kendi toparlanması bekleniyor, müdahale listesine alınmıyor. Bu bölgede referans yangınımız az — tahmin belirsizliği diğer bölgelerden yüksek, saha doğrulaması önerilir.",True
MAR_2023_01_004225,IZLE,DUSUK_GUVEN,,,prediction_status=low_severity,"İzle, müdahale etme. Yangın bu kareyi ağır yakmamış (düşük şiddet, dNBR 0,12).","Model bu rejimde tahmin üretmiyor. Kendi toparlanması bekleniyor, müdahale listesine alınmıyor. Bu bölgede referans yangınımız az — tahmin belirsizliği diğer bölgelerden yüksek, saha doğrulaması önerilir.",True
MAR_2023_01_004285,IZLE,DUSUK_GUVEN,,,prediction_status=low_severity,"İzle, müdahale etme. Yangın bu kareyi ağır yakmamış (düşük şiddet, dNBR 0,12).","Model bu rejimde tahmin üretmiyor. Kendi toparlanması bekleniyor, müdahale listesine alınmıyor. Bu bölgede referans yangınımız az — tahmin belirsizliği diğer bölgelerden yüksek, saha doğrulaması önerilir.",True
MAR_2023_01_004291,IZLE,DUSUK_GUVEN,,,prediction_status=low_severity,"İzle, müdahale etme. Yangın bu kareyi ağır yakmamış (düşük şiddet, dNBR 0,21).","Model bu rejimde tahmin üretmiyor. Kendi toparlanması bekleniyor, müdahale listesine alınmıyor. Bu bölgede referans yangınımız az — tahmin belirsizliği diğer bölgelerden yüksek, saha doğrulaması önerilir.",True
MAR_2023_01_004292,IZLE,ESKIDEN_ORMAN_DEGIL|DUSUK_GUVEN,,,prediction_status=low_severity,"İzle, müdahale etme. Yangın bu kareyi ağır yakmamış (orta-düşük şiddet, dNBR 0,35).","Model bu rejimde tahmin üretmiyor. Kendi toparlanması bekleniyor, müdahale listesine alınmıyor. Yangın öncesi örtü otlak ve çalılık idi; orman kurma değil, mevcut örtünün onarımı düşünülmeli. Bu bölgede referans yangınımız az — tahmin belirsizliği diğer bölgelerden yüksek, saha doğrulaması önerilir.",True
MAR_2023_01_004293,IZLE,ESKIDEN_ORMAN_DEGIL|DUSUK_GUVEN,,,prediction_status=low_severity,"İzle, müdahale etme. Yangın bu kareyi ağır yakmamış (orta-düşük şiddet, dNBR 0,30).","Model bu rejimde tahmin üretmiyor. Kendi toparlanması bekleniyor, müdahale listesine alınmıyor. Yangın öncesi örtü otlak ve çalılık idi; orman kurma değil, mevcut örtünün onarımı düşünülmeli. Bu bölgede referans yangınımız az — tahmin belirsizliği diğer bölgelerden yüksek, saha doğrulaması önerilir.",True
MAR_2023_01_004294,IZLE,DUSUK_GUVEN,,,prediction_status=low_severity,"İzle, müdahale etme. Yangın bu kareyi ağır yakmamış (düşük şiddet, dNBR 0,27).","Model bu rejimde tahmin üretmiyor. Kendi toparlanması bekleniyor, müdahale listesine alınmıyor. Bu bölgede referans yangınımız az — tahmin belirsizliği diğer bölgelerden yüksek, saha doğrulaması önerilir.",True
MAR_2023_01_004295,IZLE,DUSUK_GUVEN,,,prediction_status=low_severity,"İzle, müdahale etme. Yangın bu kareyi ağır yakmamış (düşük şiddet, dNBR 0,25).","Model bu rejimde tahmin üretmiyor. Kendi toparlanması bekleniyor, müdahale listesine alınmıyor. Bu bölgede referans yangınımız az — tahmin belirsizliği diğer bölgelerden yüksek, saha doğrulaması önerilir.",True
MAR_2023_01_004296,IZLE,ESKIDEN_ORMAN_DEGIL|DUSUK_GUVEN,,,prediction_status=low_severity,"İzle, müdahale etme. Yangın bu kareyi ağır yakmamış (düşük şiddet, dNBR 0,24).","Model bu rejimde tahmin üretmiyor. Kendi toparlanması bekleniyor, müdahale listesine alınmıyor. Yangın öncesi örtü otlak ve çalılık idi; orman kurma değil, mevcut örtünün onarımı düşünülmeli. Bu bölgede referans yangınımız az — tahmin belirsizliği diğer bölgelerden yüksek, saha doğrulaması önerilir.",True
MAR_2023_01_004297,IZLE,ESKIDEN_ORMAN_DEGIL|DUSUK_GUVEN,,,prediction_status=low_severity,"İzle, müdahale etme. Yangın bu kareyi ağır yakmamış (orta-düşük şiddet, dNBR 0,32).","Model bu rejimde tahmin üretmiyor. Kendi toparlanması bekleniyor, müdahale listesine alınmıyor. Yangın öncesi örtü otlak ve çalılık idi; orman kurma değil, mevcut örtünün onarımı düşünülmeli. Bu bölgede referans yangınımız az — tahmin belirsizliği diğer bölgelerden yüksek, saha doğrulaması önerilir.",True
MAR_2023_01_004298,IZLE,ESKIDEN_ORMAN_DEGIL|DUSUK_GUVEN,,,prediction_status=low_severity,"İzle, müdahale etme. Yangın bu kareyi ağır yakmamış (orta-düşük şiddet, dNBR 0,29).","Model bu rejimde tahmin üretmiyor. Kendi toparlanması bekleniyor, müdahale listesine alınmıyor. Yangın öncesi örtü otlak ve çalılık idi; orman kurma değil, mevcut örtünün onarımı düşünülmeli. Bu bölgede referans yangınımız az — tahmin belirsizliği diğer bölgelerden yüksek, saha doğrulaması önerilir.",True
MAR_2023_01_004299,IZLE,DUSUK_GUVEN,,,prediction_status=low_severity,"İzle, müdahale etme. Yangın bu kareyi ağır yakmamış (düşük şiddet, dNBR 0,22).","Model bu rejimde tahmin üretmiyor. Kendi toparlanması bekleniyor, müdahale listesine alınmıyor. Bu bölgede referans yangınımız az — tahmin belirsizliği diğer bölgelerden yüksek, saha doğrulaması önerilir.",True
MAR_2023_01_004302,IZLE,ESKIDEN_ORMAN_DEGIL|DUSUK_GUVEN,,,prediction_status=low_severity,"İzle, müdahale etme. Yangın bu kareyi ağır yakmamış (orta-düşük şiddet, dNBR 0,30).","Model bu rejimde tahmin üretmiyor. Kendi toparlanması bekleniyor, müdahale listesine alınmıyor. Yangın öncesi örtü otlak ve çalılık idi; orman kurma değil, mevcut örtünün onarımı düşünülmeli. Bu bölgede referans yangınımız az — tahmin belirsizliği diğer bölgelerden yüksek, saha doğrulaması önerilir.",True
MAR_2023_01_004303,IZLE,ESKIDEN_ORMAN_DEGIL|DUSUK_GUVEN,,,prediction_status=low_severity,"İzle, müdahale etme. Yangın bu kareyi ağır yakmamış (düşük şiddet, dNBR 0,25).","Model bu rejimde tahmin üretmiyor. Kendi toparlanması bekleniyor, müdahale listesine alınmıyor. Yangın öncesi örtü otlak ve çalılık idi; orman kurma değil, mevcut örtünün onarımı düşünülmeli. Bu bölgede referans yangınımız az — tahmin belirsizliği diğer bölgelerden yüksek, saha doğrulaması önerilir.",True
MAR_2023_01_004304,IZLE,ESKIDEN_ORMAN_DEGIL|DUSUK_GUVEN,,,prediction_status=low_severity,"İzle, müdahale etme. Yangın bu kareyi ağır yakmamış (düşük şiddet, dNBR 0,24).","Model bu rejimde tahmin üretmiyor. Kendi toparlanması bekleniyor, müdahale listesine alınmıyor. Yangın öncesi örtü otlak ve çalılık idi; orman kurma değil, mevcut örtünün onarımı düşünülmeli. Bu bölgede referans yangınımız az — tahmin belirsizliği diğer bölgelerden yüksek, saha doğrulaması önerilir.",True
MAR_2023_01_004305,IZLE,ESKIDEN_ORMAN_DEGIL|DUSUK_GUVEN,,,prediction_status=low_severity,"İzle, müdahale etme. Yangın bu kareyi ağır yakmamış (düşük şiddet, dNBR 0,16).","Model bu rejimde tahmin üretmiyor. Kendi toparlanması bekleniyor, müdahale listesine alınmıyor. Yangın öncesi örtü otlak ve çalılık idi; orman kurma değil, mevcut örtünün onarımı düşünülmeli. Bu bölgede referans yangınımız az — tahmin belirsizliği diğer bölgelerden yüksek, saha doğrulaması önerilir.",True
MAR_2023_01_004369,KAPSAM_DISI,,,,land_cover=Tarim,"Ağaçlandırma kapsamı dışı. Bu kare tarım alanı olarak sınıflanmış, orman rehabilitasyonu hedefi değil.",Öncelik sıralamasına dahil edilmiyor.,False
MAR_2023_01_004370,IZLE,DUSUK_GUVEN,,,prediction_status=low_severity,"İzle, müdahale etme. Yangın bu kareyi ağır yakmamış (orta-düşük şiddet, dNBR 0,31).","Model bu rejimde tahmin üretmiyor. Kendi toparlanması bekleniyor, müdahale listesine alınmıyor. Bu bölgede referans yangınımız az — tahmin belirsizliği diğer bölgelerden yüksek, saha doğrulaması önerilir.",True
MAR_2023_01_004371,IZLE,DUSUK_GUVEN,,,prediction_status=low_severity,"İzle, müdahale etme. Yangın bu kareyi ağır yakmamış (düşük şiddet, dNBR 0,27).","Model bu rejimde tahmin üretmiyor. Kendi toparlanması bekleniyor, müdahale listesine alınmıyor. Bu bölgede referans yangınımız az — tahmin belirsizliği diğer bölgelerden yüksek, saha doğrulaması önerilir.",True
MAR_2023_01_004372,IZLE,DUSUK_GUVEN,,,prediction_status=low_severity,"İzle, müdahale etme. Yangın bu kareyi ağır yakmamış (düşük şiddet, dNBR 0,17).","Model bu rejimde tahmin üretmiyor. Kendi toparlanması bekleniyor, müdahale listesine alınmıyor. Bu bölgede referans yangınımız az — tahmin belirsizliği diğer bölgelerden yüksek, saha doğrulaması önerilir.",True
MAR_2023_01_004373,IZLE,DUSUK_GUVEN,,,prediction_status=low_severity,"İzle, müdahale etme. Yangın bu kareyi ağır yakmamış (düşük şiddet, dNBR 0,17).","Model bu rejimde tahmin üretmiyor. Kendi toparlanması bekleniyor, müdahale listesine alınmıyor. Bu bölgede referans yangınımız az — tahmin belirsizliği diğer bölgelerden yüksek, saha doğrulaması önerilir.",True
MAR_2023_01_004374,IZLE,DUSUK_GUVEN,,,prediction_status=low_severity,"İzle, müdahale etme. Yangın bu kareyi ağır yakmamış (düşük şiddet, dNBR 0,19).","Model bu rejimde tahmin üretmiyor. Kendi toparlanması bekleniyor, müdahale listesine alınmıyor. Bu bölgede referans yangınımız az — tahmin belirsizliği diğer bölgelerden yüksek, saha doğrulaması önerilir.",True
MAR_2023_01_004375,DIKIM_ADAYI,DUSUK_GUVEN,0.273,"meşe, kayın, karaçam",toparlanma=0.27 <0.35,"Aktif dikim adayı. Doğal toparlanma zayıf kalıyor, eğim (12,0°) dikime elverişli.","Modelin tahminine göre yangın öncesi örtünün ancak %27 kadarı iki yılda geri gelecek — kendi başına kapanmayacak bir açık var. Bu bölgede referans yangınımız az — tahmin belirsizliği diğer bölgelerden yüksek, saha doğrulaması önerilir. Yetişme ortamı: Marmara kuşağı, 213 m, orta eğimli (10–25°). Bu koşullar için önerilen türler: meşe, kayın, karaçam. Tür önerisi sistemin çıkarımı değil, dışarıdan verilen tablodan okunmuştur. Tablo: ÖRNEK TABLO — OGM tür-yetişme ortamı rehberi ile değiştirilecek",True
MAR_2023_01_004376,DIKIM_ADAYI,AGIR_YANMIS|DUSUK_GUVEN,0.2058,"meşe, kayın, karaçam",toparlanma=0.21 <0.35,"Aktif dikim adayı. Doğal toparlanma zayıf kalıyor, eğim (13,9°) dikime elverişli.","Modelin tahminine göre yangın öncesi örtünün ancak %21 kadarı iki yılda geri gelecek — kendi başına kapanmayacak bir açık var. Yangın orta-yüksek şiddet sınıfında (dNBR 0,55); toprak yüzeyi büyük olasılıkla açıkta. Bu bölgede referans yangınımız az — tahmin belirsizliği diğer bölgelerden yüksek, saha doğrulaması önerilir. Yetişme ortamı: Marmara kuşağı, 256 m, orta eğimli (10–25°). Bu koşullar için önerilen türler: meşe, kayın, karaçam. Tür önerisi sistemin çıkarımı değil, dışarıdan verilen tablodan okunmuştur. Tablo: ÖRNEK TABLO — OGM tür-yetişme ortamı rehberi ile değiştirilecek",True
MAR_2023_01_004377,DIKIM_ADAYI,AGIR_YANMIS|DUSUK_GUVEN,0.1373,"meşe, kayın, karaçam",toparlanma=0.14 <0.35,"Aktif dikim adayı. Doğal toparlanma zayıf kalıyor, eğim (14,9°) dikime elverişli.","Modelin tahminine göre yangın öncesi örtünün ancak %14 kadarı iki yılda geri gelecek — kendi başına kapanmayacak bir açık var. Yangın orta-yüksek şiddet sınıfında (dNBR 0,52); toprak yüzeyi büyük olasılıkla açıkta. Bu bölgede referans yangınımız az — tahmin belirsizliği diğer bölgelerden yüksek, saha doğrulaması önerilir. Yetişme ortamı: Marmara kuşağı, 258 m, orta eğimli (10–25°). Bu koşullar için önerilen türler: meşe, kayın, karaçam. Tür önerisi sistemin çıkarımı değil, dışarıdan verilen tablodan okunmuştur. Tablo: ÖRNEK TABLO — OGM tür-yetişme ortamı rehberi ile değiştirilecek",True
MAR_2023_01_004378,DIKIM_ADAYI,AGIR_YANMIS|DUSUK_GUVEN,0.1991,"meşe, kayın, karaçam",toparlanma=0.20 <0.35,"Aktif dikim adayı. Doğal toparlanma zayıf kalıyor, eğim (13,8°) dikime elverişli.","Modelin tahminine göre yangın öncesi örtünün ancak %20 kadarı iki yılda geri gelecek — kendi başına kapanmayacak bir açık var. Yangın orta-yüksek şiddet sınıfında (dNBR 0,50); toprak yüzeyi büyük olasılıkla açıkta. Bu bölgede referans yangınımız az — tahmin belirsizliği diğer bölgelerden yüksek, saha doğrulaması önerilir. Yetişme ortamı: Marmara kuşağı, 200 m, orta eğimli (10–25°). Bu koşullar için önerilen türler: meşe, kayın, karaçam. Tür önerisi sistemin çıkarımı değil, dışarıdan verilen tablodan okunmuştur. Tablo: ÖRNEK TABLO — OGM tür-yetişme ortamı rehberi ile değiştirilecek",True
MAR_2023_01_004379,DIKIM_ADAYI,AGIR_YANMIS|DUSUK_GUVEN,0.1536,"meşe, kayın, karaçam",toparlanma=0.15 <0.35,"Aktif dikim adayı. Doğal toparlanma zayıf kalıyor, eğim (17,8°) dikime elverişli.","Modelin tahminine göre yangın öncesi örtünün ancak %15 kadarı iki yılda geri gelecek — kendi başına kapanmayacak bir açık var. Yangın orta-yüksek şiddet sınıfında (dNBR 0,58); toprak yüzeyi büyük olasılıkla açıkta. Bu bölgede referans yangınımız az — tahmin belirsizliği diğer bölgelerden yüksek, saha doğrulaması önerilir. Yetişme ortamı: Marmara kuşağı, 205 m, orta eğimli (10–25°). Bu koşullar için önerilen türler: meşe, kayın, karaçam. Tür önerisi sistemin çıkarımı değil, dışarıdan verilen tablodan okunmuştur. Tablo: ÖRNEK TABLO — OGM tür-yetişme ortamı rehberi ile değiştirilecek",True
MAR_2023_01_004380,DIKIM_ADAYI,AGIR_YANMIS|DUSUK_GUVEN,0.1543,"meşe, kayın, karaçam",toparlanma=0.15 <0.35,"Aktif dikim adayı. Doğal toparlanma zayıf kalıyor, eğim (12,1°) dikime elverişli.","Modelin tahminine göre yangın öncesi örtünün ancak %15 kadarı iki yılda geri gelecek — kendi başına kapanmayacak bir açık var. Yangın orta-yüksek şiddet sınıfında (dNBR 0,50); toprak yüzeyi büyük olasılıkla açıkta. Bu bölgede referans yangınımız az — tahmin belirsizliği diğer bölgelerden yüksek, saha doğrulaması önerilir. Yetişme ortamı: Marmara kuşağı, 207 m, orta eğimli (10–25°). Bu koşullar için önerilen türler: meşe, kayın, karaçam. Tür önerisi sistemin çıkarımı değil, dışarıdan verilen tablodan okunmuştur. Tablo: ÖRNEK TABLO — OGM tür-yetişme ortamı rehberi ile değiştirilecek",True
MAR_2023_01_004381,DIKIM_ADAYI,ESKIDEN_ORMAN_DEGIL|DUSUK_GUVEN,0.176,"maki türleri, kermes meşesi",toparlanma=0.18 <0.35,"Aktif dikim adayı. Doğal toparlanma zayıf kalıyor, eğim (7,9°) dikime elverişli.","Modelin tahminine göre yangın öncesi örtünün ancak %18 kadarı iki yılda geri gelecek — kendi başına kapanmayacak bir açık var. Yangın öncesi örtü otlak ve çalılık idi; orman kurma değil, mevcut örtünün onarımı düşünülmeli. Bu bölgede referans yangınımız az — tahmin belirsizliği diğer bölgelerden yüksek, saha doğrulaması önerilir. Yetişme ortamı: Marmara kuşağı, 183 m, düz-hafif eğimli (0–10°). Bu koşullar için önerilen türler: maki türleri, kermes meşesi. Tür önerisi sistemin çıkarımı değil, dışarıdan verilen tablodan okunmuştur. Tablo: ÖRNEK TABLO — OGM tür-yetişme ortamı rehberi ile değiştirilecek",True
MAR_2023_01_004382,IZLE,ESKIDEN_ORMAN_DEGIL|DUSUK_GUVEN,,,prediction_status=low_severity,"İzle, müdahale etme. Yangın bu kareyi ağır yakmamış (orta-düşük şiddet, dNBR 0,30).","Model bu rejimde tahmin üretmiyor. Kendi toparlanması bekleniyor, müdahale listesine alınmıyor. Yangın öncesi örtü otlak ve çalılık idi; orman kurma değil, mevcut örtünün onarımı düşünülmeli. Bu bölgede referans yangınımız az — tahmin belirsizliği diğer bölgelerden yüksek, saha doğrulaması önerilir.",True
MAR_2023_01_004383,IZLE,ESKIDEN_ORMAN_DEGIL|DUSUK_GUVEN,,,prediction_status=low_severity,"İzle, müdahale etme. Yangın bu kareyi ağır yakmamış (orta-düşük şiddet, dNBR 0,30).","Model bu rejimde tahmin üretmiyor. Kendi toparlanması bekleniyor, müdahale listesine alınmıyor. Yangın öncesi örtü otlak ve çalılık idi; orman kurma değil, mevcut örtünün onarımı düşünülmeli. Bu bölgede referans yangınımız az — tahmin belirsizliği diğer bölgelerden yüksek, saha doğrulaması önerilir.",True
MAR_2023_01_004387,IZLE,ESKIDEN_ORMAN_DEGIL|DUSUK_GUVEN,,,prediction_status=low_severity,"İzle, müdahale etme. Yangın bu kareyi ağır yakmamış (orta-düşük şiddet, dNBR 0,28).","Model bu rejimde tahmin üretmiyor. Kendi toparlanması bekleniyor, müdahale listesine alınmıyor. Yangın öncesi örtü otlak ve çalılık idi; orman kurma değil, mevcut örtünün onarımı düşünülmeli. Bu bölgede referans yangınımız az — tahmin belirsizliği diğer bölgelerden yüksek, saha doğrulaması önerilir.",True
MAR_2023_01_004388,ONCELIGE_GORE,ESKIDEN_ORMAN_DEGIL|DUSUK_GUVEN,0.4081,,toparlanma=0.41 0.35..0.50,Öncelik sırasına göre değerlendir. Kısmi toparlanma bekleniyor; müdahale kararı bütçeye ve sıraya bağlı.,"Modelin tahminine göre yangın öncesi örtünün %41 kadarı iki yılda geri gelecek. Ne kendi kapanacak kadar iyi ne de acil müdahale gerektirecek kadar kötü — öncelik skoru bu kareyi sıranın neresine koyduğuna bakın. Yangın öncesi örtü otlak ve çalılık idi; orman kurma değil, mevcut örtünün onarımı düşünülmeli. Bu bölgede referans yangınımız az — tahmin belirsizliği diğer bölgelerden yüksek, saha doğrulaması önerilir.",True
MAR_2023_01_004389,IZLE,ESKIDEN_ORMAN_DEGIL|DUSUK_GUVEN,,,prediction_status=low_severity,"İzle, müdahale etme. Yangın bu kareyi ağır yakmamış (düşük şiddet, dNBR 0,22).","Model bu rejimde tahmin üretmiyor. Kendi toparlanması bekleniyor, müdahale listesine alınmıyor. Yangın öncesi örtü otlak ve çalılık idi; orman kurma değil, mevcut örtünün onarımı düşünülmeli. Bu bölgede referans yangınımız az — tahmin belirsizliği diğer bölgelerden yüksek, saha doğrulaması önerilir.",True
MAR_2023_01_004390,IZLE,ESKIDEN_ORMAN_DEGIL|DUSUK_GUVEN,,,prediction_status=low_severity,"İzle, müdahale etme. Yangın bu kareyi ağır yakmamış (düşük şiddet, dNBR 0,18).","Model bu rejimde tahmin üretmiyor. Kendi toparlanması bekleniyor, müdahale listesine alınmıyor. Yangın öncesi örtü otlak ve çalılık idi; orman kurma değil, mevcut örtünün onarımı düşünülmeli. Bu bölgede referans yangınımız az — tahmin belirsizliği diğer bölgelerden yüksek, saha doğrulaması önerilir.",True
MAR_2023_01_004451,KAPSAM_DISI,,,,land_cover=Tarim,"Ağaçlandırma kapsamı dışı. Bu kare tarım alanı olarak sınıflanmış, orman rehabilitasyonu hedefi değil.",Öncelik sıralamasına dahil edilmiyor.,False
MAR_2023_01_004452,IZLE,DUSUK_GUVEN,,,prediction_status=low_severity,"İzle, müdahale etme. Yangın bu kareyi ağır yakmamış (düşük şiddet, dNBR 0,17).","Model bu rejimde tahmin üretmiyor. Kendi toparlanması bekleniyor, müdahale listesine alınmıyor. Bu bölgede referans yangınımız az — tahmin belirsizliği diğer bölgelerden yüksek, saha doğrulaması önerilir.",True
MAR_2023_01_004453,IZLE,DUSUK_GUVEN,,,prediction_status=low_severity,"İzle, müdahale etme. Yangın bu kareyi ağır yakmamış (düşük şiddet, dNBR 0,16).","Model bu rejimde tahmin üretmiyor. Kendi toparlanması bekleniyor, müdahale listesine alınmıyor. Bu bölgede referans yangınımız az — tahmin belirsizliği diğer bölgelerden yüksek, saha doğrulaması önerilir.",True
MAR_2023_01_004454,IZLE,DUSUK_GUVEN,,,prediction_status=low_severity,"İzle, müdahale etme. Yangın bu kareyi ağır yakmamış (düşük şiddet, dNBR 0,20).","Model bu rejimde tahmin üretmiyor. Kendi toparlanması bekleniyor, müdahale listesine alınmıyor. Bu bölgede referans yangınımız az — tahmin belirsizliği diğer bölgelerden yüksek, saha doğrulaması önerilir.",True
MAR_2023_01_004455,DIKIM_ADAYI,DUSUK_GUVEN,0.2131,"meşe, kayın, karaçam",toparlanma=0.21 <0.35,"Aktif dikim adayı. Doğal toparlanma zayıf kalıyor, eğim (9,6°) dikime elverişli.","Modelin tahminine göre yangın öncesi örtünün ancak %21 kadarı iki yılda geri gelecek — kendi başına kapanmayacak bir açık var. Bu bölgede referans yangınımız az — tahmin belirsizliği diğer bölgelerden yüksek, saha doğrulaması önerilir. Yetişme ortamı: Marmara kuşağı, 229 m, düz-hafif eğimli (0–10°). Bu koşullar için önerilen türler: meşe, kayın, karaçam. Tür önerisi sistemin çıkarımı değil, dışarıdan verilen tablodan okunmuştur. Tablo: ÖRNEK TABLO — OGM tür-yetişme ortamı rehberi ile değiştirilecek",True
MAR_2023_01_004456,DIKIM_ADAYI,DUSUK_GUVEN,0.1593,"meşe, kayın, karaçam",toparlanma=0.16 <0.35,"Aktif dikim adayı. Doğal toparlanma zayıf kalıyor, eğim (12,5°) dikime elverişli.","Modelin tahminine göre yangın öncesi örtünün ancak %16 kadarı iki yılda geri gelecek — kendi başına kapanmayacak bir açık var. Bu bölgede referans yangınımız az — tahmin belirsizliği diğer bölgelerden yüksek, saha doğrulaması önerilir. Yetişme ortamı: Marmara kuşağı, 272 m, orta eğimli (10–25°). Bu koşullar için önerilen türler: meşe, kayın, karaçam. Tür önerisi sistemin çıkarımı değil, dışarıdan verilen tablodan okunmuştur. Tablo: ÖRNEK TABLO — OGM tür-yetişme ortamı rehberi ile değiştirilecek",True
MAR_2023_01_004457,IZLE,DUSUK_GUVEN,,,prediction_status=low_severity,"İzle, müdahale etme. Yangın bu kareyi ağır yakmamış (düşük şiddet, dNBR 0,21).","Model bu rejimde tahmin üretmiyor. Kendi toparlanması bekleniyor, müdahale listesine alınmıyor. Bu bölgede referans yangınımız az — tahmin belirsizliği diğer bölgelerden yüksek, saha doğrulaması önerilir.",True
MAR_2023_01_004458,IZLE,DUSUK_GUVEN,,,prediction_status=low_severity,"İzle, müdahale etme. Yangın bu kareyi ağır yakmamış (orta-düşük şiddet, dNBR 0,28).","Model bu rejimde tahmin üretmiyor. Kendi toparlanması bekleniyor, müdahale listesine alınmıyor. Bu bölgede referans yangınımız az — tahmin belirsizliği diğer bölgelerden yüksek, saha doğrulaması önerilir.",True
MAR_2023_01_004459,DIKIM_ADAYI,DUSUK_GUVEN,0.2325,"meşe, kayın, karaçam",toparlanma=0.23 <0.35,"Aktif dikim adayı. Doğal toparlanma zayıf kalıyor, eğim (7,5°) dikime elverişli.","Modelin tahminine göre yangın öncesi örtünün ancak %23 kadarı iki yılda geri gelecek — kendi başına kapanmayacak bir açık var. Bu bölgede referans yangınımız az — tahmin belirsizliği diğer bölgelerden yüksek, saha doğrulaması önerilir. Yetişme ortamı: Marmara kuşağı, 235 m, düz-hafif eğimli (0–10°). Bu koşullar için önerilen türler: meşe, kayın, karaçam. Tür önerisi sistemin çıkarımı değil, dışarıdan verilen tablodan okunmuştur. Tablo: ÖRNEK TABLO — OGM tür-yetişme ortamı rehberi ile değiştirilecek",True
MAR_2023_01_004460,DIKIM_ADAYI,DUSUK_GUVEN,0.1366,"meşe, kayın, karaçam",toparlanma=0.14 <0.35,"Aktif dikim adayı. Doğal toparlanma zayıf kalıyor, eğim (11,5°) dikime elverişli.","Modelin tahminine göre yangın öncesi örtünün ancak %14 kadarı iki yılda geri gelecek — kendi başına kapanmayacak bir açık var. Bu bölgede referans yangınımız az — tahmin belirsizliği diğer bölgelerden yüksek, saha doğrulaması önerilir. Yetişme ortamı: Marmara kuşağı, 253 m, orta eğimli (10–25°). Bu koşullar için önerilen türler: meşe, kayın, karaçam. Tür önerisi sistemin çıkarımı değil, dışarıdan verilen tablodan okunmuştur. Tablo: ÖRNEK TABLO — OGM tür-yetişme ortamı rehberi ile değiştirilecek",True
MAR_2023_01_004461,DIKIM_ADAYI,AGIR_YANMIS|DUSUK_GUVEN,0.1539,"meşe, kayın, karaçam",toparlanma=0.15 <0.35,"Aktif dikim adayı. Doğal toparlanma zayıf kalıyor, eğim (8,3°) dikime elverişli.","Modelin tahminine göre yangın öncesi örtünün ancak %15 kadarı iki yılda geri gelecek — kendi başına kapanmayacak bir açık var. Yangın orta-yüksek şiddet sınıfında (dNBR 0,50); toprak yüzeyi büyük olasılıkla açıkta. Bu bölgede referans yangınımız az — tahmin belirsizliği diğer bölgelerden yüksek, saha doğrulaması önerilir. Yetişme ortamı: Marmara kuşağı, 275 m, düz-hafif eğimli (0–10°). Bu koşullar için önerilen türler: meşe, kayın, karaçam. Tür önerisi sistemin çıkarımı değil, dışarıdan verilen tablodan okunmuştur. Tablo: ÖRNEK TABLO — OGM tür-yetişme ortamı rehberi ile değiştirilecek",True
MAR_2023_01_004462,DIKIM_ADAYI,AGIR_YANMIS|DUSUK_GUVEN,0.1534,"meşe, kayın, karaçam",toparlanma=0.15 <0.35,"Aktif dikim adayı. Doğal toparlanma zayıf kalıyor, eğim (10,3°) dikime elverişli.","Modelin tahminine göre yangın öncesi örtünün ancak %15 kadarı iki yılda geri gelecek — kendi başına kapanmayacak bir açık var. Yangın orta-yüksek şiddet sınıfında (dNBR 0,59); toprak yüzeyi büyük olasılıkla açıkta. Bu bölgede referans yangınımız az — tahmin belirsizliği diğer bölgelerden yüksek, saha doğrulaması önerilir. Yetişme ortamı: Marmara kuşağı, 242 m, orta eğimli (10–25°). Bu koşullar için önerilen türler: meşe, kayın, karaçam. Tür önerisi sistemin çıkarımı değil, dışarıdan verilen tablodan okunmuştur. Tablo: ÖRNEK TABLO — OGM tür-yetişme ortamı rehberi ile değiştirilecek",True
MAR_2023_01_004463,DIKIM_ADAYI,AGIR_YANMIS|DUSUK_GUVEN,0.1446,"meşe, kayın, karaçam",toparlanma=0.14 <0.35,"Aktif dikim adayı. Doğal toparlanma zayıf kalıyor, eğim (17,0°) dikime elverişli.","Modelin tahminine göre yangın öncesi örtünün ancak %14 kadarı iki yılda geri gelecek — kendi başına kapanmayacak bir açık var. Yangın orta-yüksek şiddet sınıfında (dNBR 0,65); toprak yüzeyi büyük olasılıkla açıkta. Bu bölgede referans yangınımız az — tahmin belirsizliği diğer bölgelerden yüksek, saha doğrulaması önerilir. Yetişme ortamı: Marmara kuşağı, 260 m, orta eğimli (10–25°). Bu koşullar için önerilen türler: meşe, kayın, karaçam. Tür önerisi sistemin çıkarımı değil, dışarıdan verilen tablodan okunmuştur. Tablo: ÖRNEK TABLO — OGM tür-yetişme ortamı rehberi ile değiştirilecek",True
MAR_2023_01_004464,DIKIM_ADAYI,AGIR_YANMIS|DUSUK_GUVEN,0.1797,"meşe, kayın, karaçam",toparlanma=0.18 <0.35,"Aktif dikim adayı. Doğal toparlanma zayıf kalıyor, eğim (16,3°) dikime elverişli.","Modelin tahminine göre yangın öncesi örtünün ancak %18 kadarı iki yılda geri gelecek — kendi başına kapanmayacak bir açık var. Yangın orta-yüksek şiddet sınıfında (dNBR 0,56); toprak yüzeyi büyük olasılıkla açıkta. Bu bölgede referans yangınımız az — tahmin belirsizliği diğer bölgelerden yüksek, saha doğrulaması önerilir. Yetişme ortamı: Marmara kuşağı, 289 m, orta eğimli (10–25°). Bu koşullar için önerilen türler: meşe, kayın, karaçam. Tür önerisi sistemin çıkarımı değil, dışarıdan verilen tablodan okunmuştur. Tablo: ÖRNEK TABLO — OGM tür-yetişme ortamı rehberi ile değiştirilecek",True
MAR_2023_01_004465,DIKIM_ADAYI,AGIR_YANMIS|DUSUK_GUVEN,0.0823,"meşe, kayın, karaçam",toparlanma=0.08 <0.35,"Aktif dikim adayı. Doğal toparlanma zayıf kalıyor, eğim (18,4°) dikime elverişli.","Modelin tahminine göre yangın öncesi örtünün ancak %8 kadarı iki yılda geri gelecek — kendi başına kapanmayacak bir açık var. Yangın orta-yüksek şiddet sınıfında (dNBR 0,52); toprak yüzeyi büyük olasılıkla açıkta. Bu bölgede referans yangınımız az — tahmin belirsizliği diğer bölgelerden yüksek, saha doğrulaması önerilir. Yetişme ortamı: Marmara kuşağı, 230 m, orta eğimli (10–25°). Bu koşullar için önerilen türler: meşe, kayın, karaçam. Tür önerisi sistemin çıkarımı değil, dışarıdan verilen tablodan okunmuştur. Tablo: ÖRNEK TABLO — OGM tür-yetişme ortamı rehberi ile değiştirilecek",True
MAR_2023_01_004466,DIKIM_ADAYI,AGIR_YANMIS|DUSUK_GUVEN,0.0861,"meşe, kayın, karaçam",toparlanma=0.09 <0.35,"Aktif dikim adayı. Doğal toparlanma zayıf kalıyor, eğim (13,7°) dikime elverişli.","Modelin tahminine göre yangın öncesi örtünün ancak %9 kadarı iki yılda geri gelecek — kendi başına kapanmayacak bir açık var. Yangın orta-yüksek şiddet sınıfında (dNBR 0,46); toprak yüzeyi büyük olasılıkla açıkta. Bu bölgede referans yangınımız az — tahmin belirsizliği diğer bölgelerden yüksek, saha doğrulaması önerilir. Yetişme ortamı: Marmara kuşağı, 166 m, orta eğimli (10–25°). Bu koşullar için önerilen türler: meşe, kayın, karaçam. Tür önerisi sistemin çıkarımı değil, dışarıdan verilen tablodan okunmuştur. Tablo: ÖRNEK TABLO — OGM tür-yetişme ortamı rehberi ile değiştirilecek",True
MAR_2023_01_004467,IZLE,ESKIDEN_ORMAN_DEGIL|DUSUK_GUVEN,,,prediction_status=low_severity,"İzle, müdahale etme. Yangın bu kareyi ağır yakmamış (orta-düşük şiddet, dNBR 0,34).","Model bu rejimde tahmin üretmiyor. Kendi toparlanması bekleniyor, müdahale listesine alınmıyor. Yangın öncesi örtü otlak ve çalılık idi; orman kurma değil, mevcut örtünün onarımı düşünülmeli. Bu bölgede referans yangınımız az — tahmin belirsizliği diğer bölgelerden yüksek, saha doğrulaması önerilir.",True
MAR_2023_01_004468,DIKIM_ADAYI,DUSUK_GUVEN,0.2411,"meşe, kayın, karaçam",toparlanma=0.24 <0.35,"Aktif dikim adayı. Doğal toparlanma zayıf kalıyor, eğim (8,4°) dikime elverişli.","Modelin tahminine göre yangın öncesi örtünün ancak %24 kadarı iki yılda geri gelecek — kendi başına kapanmayacak bir açık var. Bu bölgede referans yangınımız az — tahmin belirsizliği diğer bölgelerden yüksek, saha doğrulaması önerilir. Yetişme ortamı: Marmara kuşağı, 107 m, düz-hafif eğimli (0–10°). Bu koşullar için önerilen türler: meşe, kayın, karaçam. Tür önerisi sistemin çıkarımı değil, dışarıdan verilen tablodan okunmuştur. Tablo: ÖRNEK TABLO — OGM tür-yetişme ortamı rehberi ile değiştirilecek",True
MAR_2023_01_004473,IZLE,ESKIDEN_ORMAN_DEGIL|DUSUK_GUVEN,,,prediction_status=low_severity,"İzle, müdahale etme. Yangın bu kareyi ağır yakmamış (düşük şiddet, dNBR 0,26).","Model bu rejimde tahmin üretmiyor. Kendi toparlanması bekleniyor, müdahale listesine alınmıyor. Yangın öncesi örtü otlak ve çalılık idi; orman kurma değil, mevcut örtünün onarımı düşünülmeli. Bu bölgede referans yangınımız az — tahmin belirsizliği diğer bölgelerden yüksek, saha doğrulaması önerilir.",True
MAR_2023_01_004534,IZLE,DUSUK_GUVEN,,,prediction_status=low_severity,"İzle, müdahale etme. Yangın bu kareyi ağır yakmamış (düşük şiddet, dNBR 0,12).","Model bu rejimde tahmin üretmiyor. Kendi toparlanması bekleniyor, müdahale listesine alınmıyor. Bu bölgede referans yangınımız az — tahmin belirsizliği diğer bölgelerden yüksek, saha doğrulaması önerilir.",True
MAR_2023_01_004535,IZLE,DUSUK_GUVEN,,,prediction_status=low_severity,"İzle, müdahale etme. Yangın bu kareyi ağır yakmamış (düşük şiddet, dNBR 0,23).","Model bu rejimde tahmin üretmiyor. Kendi toparlanması bekleniyor, müdahale listesine alınmıyor. Bu bölgede referans yangınımız az — tahmin belirsizliği diğer bölgelerden yüksek, saha doğrulaması önerilir.",True
MAR_2023_01_004536,KAPSAM_DISI,,,,land_cover=Tarim,"Ağaçlandırma kapsamı dışı. Bu kare tarım alanı olarak sınıflanmış, orman rehabilitasyonu hedefi değil.",Öncelik sıralamasına dahil edilmiyor.,False
MAR_2023_01_004537,IZLE,DUSUK_GUVEN,,,prediction_status=low_severity,"İzle, müdahale etme. Yangın bu kareyi ağır yakmamış (düşük şiddet, dNBR 0,19).","Model bu rejimde tahmin üretmiyor. Kendi toparlanması bekleniyor, müdahale listesine alınmıyor. Bu bölgede referans yangınımız az — tahmin belirsizliği diğer bölgelerden yüksek, saha doğrulaması önerilir.",True
MAR_2023_01_004538,DIKIM_ADAYI,DUSUK_GUVEN,0.2191,"meşe, kayın, karaçam",toparlanma=0.22 <0.35,"Aktif dikim adayı. Doğal toparlanma zayıf kalıyor, eğim (6,3°) dikime elverişli.","Modelin tahminine göre yangın öncesi örtünün ancak %22 kadarı iki yılda geri gelecek — kendi başına kapanmayacak bir açık var. Bu bölgede referans yangınımız az — tahmin belirsizliği diğer bölgelerden yüksek, saha doğrulaması önerilir. Yetişme ortamı: Marmara kuşağı, 280 m, düz-hafif eğimli (0–10°). Bu koşullar için önerilen türler: meşe, kayın, karaçam. Tür önerisi sistemin çıkarımı değil, dışarıdan verilen tablodan okunmuştur. Tablo: ÖRNEK TABLO — OGM tür-yetişme ortamı rehberi ile değiştirilecek",True
MAR_2023_01_004539,DIKIM_ADAYI,DUSUK_GUVEN,0.1399,"meşe, kayın, karaçam",toparlanma=0.14 <0.35,"Aktif dikim adayı. Doğal toparlanma zayıf kalıyor, eğim (9,3°) dikime elverişli.","Modelin tahminine göre yangın öncesi örtünün ancak %14 kadarı iki yılda geri gelecek — kendi başına kapanmayacak bir açık var. Bu bölgede referans yangınımız az — tahmin belirsizliği diğer bölgelerden yüksek, saha doğrulaması önerilir. Yetişme ortamı: Marmara kuşağı, 276 m, düz-hafif eğimli (0–10°). Bu koşullar için önerilen türler: meşe, kayın, karaçam. Tür önerisi sistemin çıkarımı değil, dışarıdan verilen tablodan okunmuştur. Tablo: ÖRNEK TABLO — OGM tür-yetişme ortamı rehberi ile değiştirilecek",True
MAR_2023_01_004540,DIKIM_ADAYI,DUSUK_GUVEN,0.2038,"meşe, kayın, karaçam",toparlanma=0.20 <0.35,"Aktif dikim adayı. Doğal toparlanma zayıf kalıyor, eğim (13,3°) dikime elverişli.","Modelin tahminine göre yangın öncesi örtünün ancak %20 kadarı iki yılda geri gelecek — kendi başına kapanmayacak bir açık var. Bu bölgede referans yangınımız az — tahmin belirsizliği diğer bölgelerden yüksek, saha doğrulaması önerilir. Yetişme ortamı: Marmara kuşağı, 273 m, orta eğimli (10–25°). Bu koşullar için önerilen türler: meşe, kayın, karaçam. Tür önerisi sistemin çıkarımı değil, dışarıdan verilen tablodan okunmuştur. Tablo: ÖRNEK TABLO — OGM tür-yetişme ortamı rehberi ile değiştirilecek",True
MAR_2023_01_004541,DIKIM_ADAYI,DUSUK_GUVEN,0.1238,"meşe, kayın, karaçam",toparlanma=0.12 <0.35,"Aktif dikim adayı. Doğal toparlanma zayıf kalıyor, eğim (14,6°) dikime elverişli.","Modelin tahminine göre yangın öncesi örtünün ancak %12 kadarı iki yılda geri gelecek — kendi başına kapanmayacak bir açık var. Bu bölgede referans yangınımız az — tahmin belirsizliği diğer bölgelerden yüksek, saha doğrulaması önerilir. Yetişme ortamı: Marmara kuşağı, 308 m, orta eğimli (10–25°). Bu koşullar için önerilen türler: meşe, kayın, karaçam. Tür önerisi sistemin çıkarımı değil, dışarıdan verilen tablodan okunmuştur. Tablo: ÖRNEK TABLO — OGM tür-yetişme ortamı rehberi ile değiştirilecek",True
MAR_2023_01_004542,IZLE,DUSUK_GUVEN,,,prediction_status=low_severity,"İzle, müdahale etme. Yangın bu kareyi ağır yakmamış (orta-düşük şiddet, dNBR 0,30).","Model bu rejimde tahmin üretmiyor. Kendi toparlanması bekleniyor, müdahale listesine alınmıyor. Bu bölgede referans yangınımız az — tahmin belirsizliği diğer bölgelerden yüksek, saha doğrulaması önerilir.",True
MAR_2023_01_004543,IZLE,DUSUK_GUVEN,,,prediction_status=low_severity,"İzle, müdahale etme. Yangın bu kareyi ağır yakmamış (düşük şiddet, dNBR 0,26).","Model bu rejimde tahmin üretmiyor. Kendi toparlanması bekleniyor, müdahale listesine alınmıyor. Bu bölgede referans yangınımız az — tahmin belirsizliği diğer bölgelerden yüksek, saha doğrulaması önerilir.",True
MAR_2023_01_004544,DIKIM_ADAYI,DUSUK_GUVEN,0.1536,"meşe, kayın, karaçam",toparlanma=0.15 <0.35,"Aktif dikim adayı. Doğal toparlanma zayıf kalıyor, eğim (11,2°) dikime elverişli.","Modelin tahminine göre yangın öncesi örtünün ancak %15 kadarı iki yılda geri gelecek — kendi başına kapanmayacak bir açık var. Bu bölgede referans yangınımız az — tahmin belirsizliği diğer bölgelerden yüksek, saha doğrulaması önerilir. Yetişme ortamı: Marmara kuşağı, 267 m, orta eğimli (10–25°). Bu koşullar için önerilen türler: meşe, kayın, karaçam. Tür önerisi sistemin çıkarımı değil, dışarıdan verilen tablodan okunmuştur. Tablo: ÖRNEK TABLO — OGM tür-yetişme ortamı rehberi ile değiştirilecek",True
MAR_2023_01_004545,DIKIM_ADAYI,DUSUK_GUVEN,0.146,"meşe, kayın, karaçam",toparlanma=0.15 <0.35,"Aktif dikim adayı. Doğal toparlanma zayıf kalıyor, eğim (10,4°) dikime elverişli.","Modelin tahminine göre yangın öncesi örtünün ancak %15 kadarı iki yılda geri gelecek — kendi başına kapanmayacak bir açık var. Bu bölgede referans yangınımız az — tahmin belirsizliği diğer bölgelerden yüksek, saha doğrulaması önerilir. Yetişme ortamı: Marmara kuşağı, 283 m, orta eğimli (10–25°). Bu koşullar için önerilen türler: meşe, kayın, karaçam. Tür önerisi sistemin çıkarımı değil, dışarıdan verilen tablodan okunmuştur. Tablo: ÖRNEK TABLO — OGM tür-yetişme ortamı rehberi ile değiştirilecek",True
MAR_2023_01_004546,DIKIM_ADAYI,DUSUK_GUVEN,0.0903,"meşe, kayın, karaçam",toparlanma=0.09 <0.35,"Aktif dikim adayı. Doğal toparlanma zayıf kalıyor, eğim (6,8°) dikime elverişli.","Modelin tahminine göre yangın öncesi örtünün ancak %9 kadarı iki yılda geri gelecek — kendi başına kapanmayacak bir açık var. Bu bölgede referans yangınımız az — tahmin belirsizliği diğer bölgelerden yüksek, saha doğrulaması önerilir. Yetişme ortamı: Marmara kuşağı, 291 m, düz-hafif eğimli (0–10°). Bu koşullar için önerilen türler: meşe, kayın, karaçam. Tür önerisi sistemin çıkarımı değil, dışarıdan verilen tablodan okunmuştur. Tablo: ÖRNEK TABLO — OGM tür-yetişme ortamı rehberi ile değiştirilecek",True
MAR_2023_01_004547,DIKIM_ADAYI,AGIR_YANMIS|DUSUK_GUVEN,0.1493,"meşe, kayın, karaçam",toparlanma=0.15 <0.35,"Aktif dikim adayı. Doğal toparlanma zayıf kalıyor, eğim (9,1°) dikime elverişli.","Modelin tahminine göre yangın öncesi örtünün ancak %15 kadarı iki yılda geri gelecek — kendi başına kapanmayacak bir açık var. Yangın orta-yüksek şiddet sınıfında (dNBR 0,54); toprak yüzeyi büyük olasılıkla açıkta. Bu bölgede referans yangınımız az — tahmin belirsizliği diğer bölgelerden yüksek, saha doğrulaması önerilir. Yetişme ortamı: Marmara kuşağı, 276 m, düz-hafif eğimli (0–10°). Bu koşullar için önerilen türler: meşe, kayın, karaçam. Tür önerisi sistemin çıkarımı değil, dışarıdan verilen tablodan okunmuştur. Tablo: ÖRNEK TABLO — OGM tür-yetişme ortamı rehberi ile değiştirilecek",True
MAR_2023_01_004548,DIKIM_ADAYI,AGIR_YANMIS|DUSUK_GUVEN,0.1523,"meşe, kayın, karaçam",toparlanma=0.15 <0.35,"Aktif dikim adayı. Doğal toparlanma zayıf kalıyor, eğim (7,0°) dikime elverişli.","Modelin tahminine göre yangın öncesi örtünün ancak %15 kadarı iki yılda geri gelecek — kendi başına kapanmayacak bir açık var. Yangın orta-yüksek şiddet sınıfında (dNBR 0,47); toprak yüzeyi büyük olasılıkla açıkta. Bu bölgede referans yangınımız az — tahmin belirsizliği diğer bölgelerden yüksek, saha doğrulaması önerilir. Yetişme ortamı: Marmara kuşağı, 287 m, düz-hafif eğimli (0–10°). Bu koşullar için önerilen türler: meşe, kayın, karaçam. Tür önerisi sistemin çıkarımı değil, dışarıdan verilen tablodan okunmuştur. Tablo: ÖRNEK TABLO — OGM tür-yetişme ortamı rehberi ile değiştirilecek",True
MAR_2023_01_004549,DIKIM_ADAYI,AGIR_YANMIS|DUSUK_GUVEN,0.0853,"meşe, kayın, karaçam",toparlanma=0.09 <0.35,"Aktif dikim adayı. Doğal toparlanma zayıf kalıyor, eğim (15,1°) dikime elverişli.","Modelin tahminine göre yangın öncesi örtünün ancak %9 kadarı iki yılda geri gelecek — kendi başına kapanmayacak bir açık var. Yangın orta-yüksek şiddet sınıfında (dNBR 0,48); toprak yüzeyi büyük olasılıkla açıkta. Bu bölgede referans yangınımız az — tahmin belirsizliği diğer bölgelerden yüksek, saha doğrulaması önerilir. Yetişme ortamı: Marmara kuşağı, 271 m, orta eğimli (10–25°). Bu koşullar için önerilen türler: meşe, kayın, karaçam. Tür önerisi sistemin çıkarımı değil, dışarıdan verilen tablodan okunmuştur. Tablo: ÖRNEK TABLO — OGM tür-yetişme ortamı rehberi ile değiştirilecek",True
MAR_2023_01_004550,DIKIM_ADAYI,AGIR_YANMIS|DUSUK_GUVEN,0.0916,"meşe, kayın, karaçam",toparlanma=0.09 <0.35,"Aktif dikim adayı. Doğal toparlanma zayıf kalıyor, eğim (17,1°) dikime elverişli.","Modelin tahminine göre yangın öncesi örtünün ancak %9 kadarı iki yılda geri gelecek — kendi başına kapanmayacak bir açık var. Yangın orta-yüksek şiddet sınıfında (dNBR 0,50); toprak yüzeyi büyük olasılıkla açıkta. Bu bölgede referans yangınımız az — tahmin belirsizliği diğer bölgelerden yüksek, saha doğrulaması önerilir. Yetişme ortamı: Marmara kuşağı, 203 m, orta eğimli (10–25°). Bu koşullar için önerilen türler: meşe, kayın, karaçam. Tür önerisi sistemin çıkarımı değil, dışarıdan verilen tablodan okunmuştur. Tablo: ÖRNEK TABLO — OGM tür-yetişme ortamı rehberi ile değiştirilecek",True
MAR_2023_01_004551,DIKIM_ADAYI,AGIR_YANMIS|DUSUK_GUVEN,0.1098,"meşe, kayın, karaçam",toparlanma=0.11 <0.35,"Aktif dikim adayı. Doğal toparlanma zayıf kalıyor, eğim (12,7°) dikime elverişli.","Modelin tahminine göre yangın öncesi örtünün ancak %11 kadarı iki yılda geri gelecek — kendi başına kapanmayacak bir açık var. Yangın orta-yüksek şiddet sınıfında (dNBR 0,50); toprak yüzeyi büyük olasılıkla açıkta. Bu bölgede referans yangınımız az — tahmin belirsizliği diğer bölgelerden yüksek, saha doğrulaması önerilir. Yetişme ortamı: Marmara kuşağı, 150 m, orta eğimli (10–25°). Bu koşullar için önerilen türler: meşe, kayın, karaçam. Tür önerisi sistemin çıkarımı değil, dışarıdan verilen tablodan okunmuştur. Tablo: ÖRNEK TABLO — OGM tür-yetişme ortamı rehberi ile değiştirilecek",True
MAR_2023_01_004552,DIKIM_ADAYI,AGIR_YANMIS|DUSUK_GUVEN,0.155,"meşe, kayın, karaçam",toparlanma=0.16 <0.35,"Aktif dikim adayı. Doğal toparlanma zayıf kalıyor, eğim (8,6°) dikime elverişli.","Modelin tahminine göre yangın öncesi örtünün ancak %16 kadarı iki yılda geri gelecek — kendi başına kapanmayacak bir açık var. Yangın orta-yüksek şiddet sınıfında (dNBR 0,52); toprak yüzeyi büyük olasılıkla açıkta. Bu bölgede referans yangınımız az — tahmin belirsizliği diğer bölgelerden yüksek, saha doğrulaması önerilir. Yetişme ortamı: Marmara kuşağı, 109 m, düz-hafif eğimli (0–10°). Bu koşullar için önerilen türler: meşe, kayın, karaçam. Tür önerisi sistemin çıkarımı değil, dışarıdan verilen tablodan okunmuştur. Tablo: ÖRNEK TABLO — OGM tür-yetişme ortamı rehberi ile değiştirilecek",True
MAR_2023_01_004553,IZLE,DUSUK_GUVEN,,,prediction_status=low_severity,"İzle, müdahale etme. Yangın bu kareyi ağır yakmamış (düşük şiddet, dNBR 0,22).","Model bu rejimde tahmin üretmiyor. Kendi toparlanması bekleniyor, müdahale listesine alınmıyor. Bu bölgede referans yangınımız az — tahmin belirsizliği diğer bölgelerden yüksek, saha doğrulaması önerilir.",True
MAR_2023_01_004617,IZLE,DUSUK_GUVEN,,,prediction_status=low_severity,"İzle, müdahale etme. Yangın bu kareyi ağır yakmamış (düşük şiddet, dNBR 0,22).","Model bu rejimde tahmin üretmiyor. Kendi toparlanması bekleniyor, müdahale listesine alınmıyor. Bu bölgede referans yangınımız az — tahmin belirsizliği diğer bölgelerden yüksek, saha doğrulaması önerilir.",True
MAR_2023_01_004618,IZLE,DUSUK_GUVEN,,,prediction_status=low_severity,"İzle, müdahale etme. Yangın bu kareyi ağır yakmamış (düşük şiddet, dNBR 0,23).","Model bu rejimde tahmin üretmiyor. Kendi toparlanması bekleniyor, müdahale listesine alınmıyor. Bu bölgede referans yangınımız az — tahmin belirsizliği diğer bölgelerden yüksek, saha doğrulaması önerilir.",True
MAR_2023_01_004619,DIKIM_ADAYI,DUSUK_GUVEN,0.1938,"meşe, kayın, karaçam",toparlanma=0.19 <0.35,"Aktif dikim adayı. Doğal toparlanma zayıf kalıyor, eğim (13,1°) dikime elverişli.","Modelin tahminine göre yangın öncesi örtünün ancak %19 kadarı iki yılda geri gelecek — kendi başına kapanmayacak bir açık var. Bu bölgede referans yangınımız az — tahmin belirsizliği diğer bölgelerden yüksek, saha doğrulaması önerilir. Yetişme ortamı: Marmara kuşağı, 280 m, orta eğimli (10–25°). Bu koşullar için önerilen türler: meşe, kayın, karaçam. Tür önerisi sistemin çıkarımı değil, dışarıdan verilen tablodan okunmuştur. Tablo: ÖRNEK TABLO — OGM tür-yetişme ortamı rehberi ile değiştirilecek",True
MAR_2023_01_004620,DIKIM_ADAYI,DUSUK_GUVEN,0.1988,"meşe, kayın, karaçam",toparlanma=0.20 <0.35,"Aktif dikim adayı. Doğal toparlanma zayıf kalıyor, eğim (15,8°) dikime elverişli.","Modelin tahminine göre yangın öncesi örtünün ancak %20 kadarı iki yılda geri gelecek — kendi başına kapanmayacak bir açık var. Bu bölgede referans yangınımız az — tahmin belirsizliği diğer bölgelerden yüksek, saha doğrulaması önerilir. Yetişme ortamı: Marmara kuşağı, 293 m, orta eğimli (10–25°). Bu koşullar için önerilen türler: meşe, kayın, karaçam. Tür önerisi sistemin çıkarımı değil, dışarıdan verilen tablodan okunmuştur. Tablo: ÖRNEK TABLO — OGM tür-yetişme ortamı rehberi ile değiştirilecek",True
MAR_2023_01_004621,IZLE,DUSUK_GUVEN,,,prediction_status=low_severity,"İzle, müdahale etme. Yangın bu kareyi ağır yakmamış (düşük şiddet, dNBR 0,26).","Model bu rejimde tahmin üretmiyor. Kendi toparlanması bekleniyor, müdahale listesine alınmıyor. Bu bölgede referans yangınımız az — tahmin belirsizliği diğer bölgelerden yüksek, saha doğrulaması önerilir.",True
MAR_2023_01_004622,KAPSAM_DISI,,,,land_cover=Tarim,"Ağaçlandırma kapsamı dışı. Bu kare tarım alanı olarak sınıflanmış, orman rehabilitasyonu hedefi değil.",Öncelik sıralamasına dahil edilmiyor.,False
MAR_2023_01_004623,KAPSAM_DISI,,0.5114,,land_cover=Tarim,"Ağaçlandırma kapsamı dışı. Bu kare tarım alanı olarak sınıflanmış, orman rehabilitasyonu hedefi değil.",Öncelik sıralamasına dahil edilmiyor.,False
MAR_2023_01_004624,ONCELIGE_GORE,SEYREK_ORTU|DUSUK_GUVEN,0.3875,,toparlanma=0.39 0.35..0.50,Öncelik sırasına göre değerlendir. Kısmi toparlanma bekleniyor; müdahale kararı bütçeye ve sıraya bağlı.,"Modelin tahminine göre yangın öncesi örtünün %39 kadarı iki yılda geri gelecek. Ne kendi kapanacak kadar iyi ne de acil müdahale gerektirecek kadar kötü — öncelik skoru bu kareyi sıranın neresine koyduğuna bakın. Yangın öncesi ağaç örtüsü zaten seyrekti (%23) — buradaki açığın tamamı yangından kaynaklanmıyor olabilir. Bu bölgede referans yangınımız az — tahmin belirsizliği diğer bölgelerden yüksek, saha doğrulaması önerilir.",True
MAR_2023_01_004625,IZLE,DUSUK_GUVEN,,,prediction_status=low_severity,"İzle, müdahale etme. Yangın bu kareyi ağır yakmamış (orta-düşük şiddet, dNBR 0,31).","Model bu rejimde tahmin üretmiyor. Kendi toparlanması bekleniyor, müdahale listesine alınmıyor. Bu bölgede referans yangınımız az — tahmin belirsizliği diğer bölgelerden yüksek, saha doğrulaması önerilir.",True
MAR_2023_01_004626,DIKIM_ADAYI,DUSUK_GUVEN,0.1166,"meşe, kayın, karaçam",toparlanma=0.12 <0.35,"Aktif dikim adayı. Doğal toparlanma zayıf kalıyor, eğim (12,4°) dikime elverişli.","Modelin tahminine göre yangın öncesi örtünün ancak %12 kadarı iki yılda geri gelecek — kendi başına kapanmayacak bir açık var. Bu bölgede referans yangınımız az — tahmin belirsizliği diğer bölgelerden yüksek, saha doğrulaması önerilir. Yetişme ortamı: Marmara kuşağı, 355 m, orta eğimli (10–25°). Bu koşullar için önerilen türler: meşe, kayın, karaçam. Tür önerisi sistemin çıkarımı değil, dışarıdan verilen tablodan okunmuştur. Tablo: ÖRNEK TABLO — OGM tür-yetişme ortamı rehberi ile değiştirilecek",True
MAR_2023_01_004627,IZLE,DUSUK_GUVEN,,,prediction_status=low_severity,"İzle, müdahale etme. Yangın bu kareyi ağır yakmamış (orta-düşük şiddet, dNBR 0,40).","Model bu rejimde tahmin üretmiyor. Kendi toparlanması bekleniyor, müdahale listesine alınmıyor. Bu bölgede referans yangınımız az — tahmin belirsizliği diğer bölgelerden yüksek, saha doğrulaması önerilir.",True
MAR_2023_01_004628,IZLE,DUSUK_GUVEN,,,prediction_status=low_severity,"İzle, müdahale etme. Yangın bu kareyi ağır yakmamış (düşük şiddet, dNBR 0,25).","Model bu rejimde tahmin üretmiyor. Kendi toparlanması bekleniyor, müdahale listesine alınmıyor. Bu bölgede referans yangınımız az — tahmin belirsizliği diğer bölgelerden yüksek, saha doğrulaması önerilir.",True
MAR_2023_01_004629,IZLE,DUSUK_GUVEN,,,prediction_status=low_severity,"İzle, müdahale etme. Yangın bu kareyi ağır yakmamış (düşük şiddet, dNBR 0,26).","Model bu rejimde tahmin üretmiyor. Kendi toparlanması bekleniyor, müdahale listesine alınmıyor. Bu bölgede referans yangınımız az — tahmin belirsizliği diğer bölgelerden yüksek, saha doğrulaması önerilir.",True
MAR_2023_01_004630,DIKIM_ADAYI,DUSUK_GUVEN,0.1511,"meşe, kayın, karaçam",toparlanma=0.15 <0.35,"Aktif dikim adayı. Doğal toparlanma zayıf kalıyor, eğim (8,6°) dikime elverişli.","Modelin tahminine göre yangın öncesi örtünün ancak %15 kadarı iki yılda geri gelecek — kendi başına kapanmayacak bir açık var. Bu bölgede referans yangınımız az — tahmin belirsizliği diğer bölgelerden yüksek, saha doğrulaması önerilir. Yetişme ortamı: Marmara kuşağı, 290 m, düz-hafif eğimli (0–10°). Bu koşullar için önerilen türler: meşe, kayın, karaçam. Tür önerisi sistemin çıkarımı değil, dışarıdan verilen tablodan okunmuştur. Tablo: ÖRNEK TABLO — OGM tür-yetişme ortamı rehberi ile değiştirilecek",True
MAR_2023_01_004631,IZLE,DUSUK_GUVEN,,,prediction_status=low_severity,"İzle, müdahale etme. Yangın bu kareyi ağır yakmamış (orta-düşük şiddet, dNBR 0,32).","Model bu rejimde tahmin üretmiyor. Kendi toparlanması bekleniyor, müdahale listesine alınmıyor. Bu bölgede referans yangınımız az — tahmin belirsizliği diğer bölgelerden yüksek, saha doğrulaması önerilir.",True
MAR_2023_01_004634,DIKIM_ADAYI,AGIR_YANMIS|DUSUK_GUVEN,0.1535,"meşe, kayın, karaçam",toparlanma=0.15 <0.35,"Aktif dikim adayı. Doğal toparlanma zayıf kalıyor, eğim (5,2°) dikime elverişli.","Modelin tahminine göre yangın öncesi örtünün ancak %15 kadarı iki yılda geri gelecek — kendi başına kapanmayacak bir açık var. Yangın orta-yüksek şiddet sınıfında (dNBR 0,49); toprak yüzeyi büyük olasılıkla açıkta. Bu bölgede referans yangınımız az — tahmin belirsizliği diğer bölgelerden yüksek, saha doğrulaması önerilir. Yetişme ortamı: Marmara kuşağı, 262 m, düz-hafif eğimli (0–10°). Bu koşullar için önerilen türler: meşe, kayın, karaçam. Tür önerisi sistemin çıkarımı değil, dışarıdan verilen tablodan okunmuştur. Tablo: ÖRNEK TABLO — OGM tür-yetişme ortamı rehberi ile değiştirilecek",True
MAR_2023_01_004635,DIKIM_ADAYI,AGIR_YANMIS|DUSUK_GUVEN,0.1487,"meşe, kayın, karaçam",toparlanma=0.15 <0.35,"Aktif dikim adayı. Doğal toparlanma zayıf kalıyor, eğim (10,9°) dikime elverişli.","Modelin tahminine göre yangın öncesi örtünün ancak %15 kadarı iki yılda geri gelecek — kendi başına kapanmayacak bir açık var. Yangın orta-yüksek şiddet sınıfında (dNBR 0,53); toprak yüzeyi büyük olasılıkla açıkta. Bu bölgede referans yangınımız az — tahmin belirsizliği diğer bölgelerden yüksek, saha doğrulaması önerilir. Yetişme ortamı: Marmara kuşağı, 237 m, orta eğimli (10–25°). Bu koşullar için önerilen türler: meşe, kayın, karaçam. Tür önerisi sistemin çıkarımı değil, dışarıdan verilen tablodan okunmuştur. Tablo: ÖRNEK TABLO — OGM tür-yetişme ortamı rehberi ile değiştirilecek",True
MAR_2023_01_004636,DIKIM_ADAYI,AGIR_YANMIS|DUSUK_GUVEN,0.1525,"meşe, kayın, karaçam",toparlanma=0.15 <0.35,"Aktif dikim adayı. Doğal toparlanma zayıf kalıyor, eğim (15,8°) dikime elverişli.","Modelin tahminine göre yangın öncesi örtünün ancak %15 kadarı iki yılda geri gelecek — kendi başına kapanmayacak bir açık var. Yangın orta-yüksek şiddet sınıfında (dNBR 0,51); toprak yüzeyi büyük olasılıkla açıkta. Bu bölgede referans yangınımız az — tahmin belirsizliği diğer bölgelerden yüksek, saha doğrulaması önerilir. Yetişme ortamı: Marmara kuşağı, 196 m, orta eğimli (10–25°). Bu koşullar için önerilen türler: meşe, kayın, karaçam. Tür önerisi sistemin çıkarımı değil, dışarıdan verilen tablodan okunmuştur. Tablo: ÖRNEK TABLO — OGM tür-yetişme ortamı rehberi ile değiştirilecek",True
MAR_2023_01_004637,DIKIM_ADAYI,DUSUK_GUVEN,0.1183,"meşe, kayın, karaçam",toparlanma=0.12 <0.35,"Aktif dikim adayı. Doğal toparlanma zayıf kalıyor, eğim (15,3°) dikime elverişli.","Modelin tahminine göre yangın öncesi örtünün ancak %12 kadarı iki yılda geri gelecek — kendi başına kapanmayacak bir açık var. Bu bölgede referans yangınımız az — tahmin belirsizliği diğer bölgelerden yüksek, saha doğrulaması önerilir. Yetişme ortamı: Marmara kuşağı, 124 m, orta eğimli (10–25°). Bu koşullar için önerilen türler: meşe, kayın, karaçam. Tür önerisi sistemin çıkarımı değil, dışarıdan verilen tablodan okunmuştur. Tablo: ÖRNEK TABLO — OGM tür-yetişme ortamı rehberi ile değiştirilecek",True
MAR_2023_01_004638,IZLE,DUSUK_GUVEN,,,prediction_status=low_severity,"İzle, müdahale etme. Yangın bu kareyi ağır yakmamış (düşük şiddet, dNBR 0,10).","Model bu rejimde tahmin üretmiyor. Kendi toparlanması bekleniyor, müdahale listesine alınmıyor. Bu bölgede referans yangınımız az — tahmin belirsizliği diğer bölgelerden yüksek, saha doğrulaması önerilir.",True
MAR_2023_01_004700,IZLE,DUSUK_GUVEN,,,prediction_status=low_severity,"İzle, müdahale etme. Yangın bu kareyi ağır yakmamış (düşük şiddet, dNBR 0,13).","Model bu rejimde tahmin üretmiyor. Kendi toparlanması bekleniyor, müdahale listesine alınmıyor. Bu bölgede referans yangınımız az — tahmin belirsizliği diğer bölgelerden yüksek, saha doğrulaması önerilir.",True
MAR_2023_01_004701,IZLE,DUSUK_GUVEN,,,prediction_status=low_severity,"İzle, müdahale etme. Yangın bu kareyi ağır yakmamış (düşük şiddet, dNBR 0,20).","Model bu rejimde tahmin üretmiyor. Kendi toparlanması bekleniyor, müdahale listesine alınmıyor. Bu bölgede referans yangınımız az — tahmin belirsizliği diğer bölgelerden yüksek, saha doğrulaması önerilir.",True
MAR_2023_01_004702,IZLE,DUSUK_GUVEN,,,prediction_status=low_severity,"İzle, müdahale etme. Yangın bu kareyi ağır yakmamış (orta-düşük şiddet, dNBR 0,35).","Model bu rejimde tahmin üretmiyor. Kendi toparlanması bekleniyor, müdahale listesine alınmıyor. Bu bölgede referans yangınımız az — tahmin belirsizliği diğer bölgelerden yüksek, saha doğrulaması önerilir.",True
MAR_2023_01_004703,DIKIM_ADAYI,DUSUK_GUVEN,0.1224,"meşe, kayın, karaçam",toparlanma=0.12 <0.35,"Aktif dikim adayı. Doğal toparlanma zayıf kalıyor, eğim (14,4°) dikime elverişli.","Modelin tahminine göre yangın öncesi örtünün ancak %12 kadarı iki yılda geri gelecek — kendi başına kapanmayacak bir açık var. Bu bölgede referans yangınımız az — tahmin belirsizliği diğer bölgelerden yüksek, saha doğrulaması önerilir. Yetişme ortamı: Marmara kuşağı, 319 m, orta eğimli (10–25°). Bu koşullar için önerilen türler: meşe, kayın, karaçam. Tür önerisi sistemin çıkarımı değil, dışarıdan verilen tablodan okunmuştur. Tablo: ÖRNEK TABLO — OGM tür-yetişme ortamı rehberi ile değiştirilecek",True
MAR_2023_01_004704,DIKIM_ADAYI,DUSUK_GUVEN,0.1742,"meşe, kayın, karaçam",toparlanma=0.17 <0.35,"Aktif dikim adayı. Doğal toparlanma zayıf kalıyor, eğim (16,1°) dikime elverişli.","Modelin tahminine göre yangın öncesi örtünün ancak %17 kadarı iki yılda geri gelecek — kendi başına kapanmayacak bir açık var. Bu bölgede referans yangınımız az — tahmin belirsizliği diğer bölgelerden yüksek, saha doğrulaması önerilir. Yetişme ortamı: Marmara kuşağı, 340 m, orta eğimli (10–25°). Bu koşullar için önerilen türler: meşe, kayın, karaçam. Tür önerisi sistemin çıkarımı değil, dışarıdan verilen tablodan okunmuştur. Tablo: ÖRNEK TABLO — OGM tür-yetişme ortamı rehberi ile değiştirilecek",True
MAR_2023_01_004705,DIKIM_ADAYI,DUSUK_GUVEN,0.1372,"meşe, kayın, karaçam",toparlanma=0.14 <0.35,"Aktif dikim adayı. Doğal toparlanma zayıf kalıyor, eğim (14,1°) dikime elverişli.","Modelin tahminine göre yangın öncesi örtünün ancak %14 kadarı iki yılda geri gelecek — kendi başına kapanmayacak bir açık var. Bu bölgede referans yangınımız az — tahmin belirsizliği diğer bölgelerden yüksek, saha doğrulaması önerilir. Yetişme ortamı: Marmara kuşağı, 355 m, orta eğimli (10–25°). Bu koşullar için önerilen türler: meşe, kayın, karaçam. Tür önerisi sistemin çıkarımı değil, dışarıdan verilen tablodan okunmuştur. Tablo: ÖRNEK TABLO — OGM tür-yetişme ortamı rehberi ile değiştirilecek",True
MAR_2023_01_004706,IZLE,DUSUK_GUVEN,,,prediction_status=low_severity,"İzle, müdahale etme. Yangın bu kareyi ağır yakmamış (düşük şiddet, dNBR 0,27).","Model bu rejimde tahmin üretmiyor. Kendi toparlanması bekleniyor, müdahale listesine alınmıyor. Bu bölgede referans yangınımız az — tahmin belirsizliği diğer bölgelerden yüksek, saha doğrulaması önerilir.",True
MAR_2023_01_004707,KAPSAM_DISI,,,,land_cover=Tarim,"Ağaçlandırma kapsamı dışı. Bu kare tarım alanı olarak sınıflanmış, orman rehabilitasyonu hedefi değil.",Öncelik sıralamasına dahil edilmiyor.,False
MAR_2023_01_004708,KAPSAM_DISI,,0.4019,,land_cover=Tarim,"Ağaçlandırma kapsamı dışı. Bu kare tarım alanı olarak sınıflanmış, orman rehabilitasyonu hedefi değil.",Öncelik sıralamasına dahil edilmiyor.,False
MAR_2023_01_004709,DIKIM_ADAYI,DUSUK_GUVEN,0.2566,"meşe, kayın, karaçam",toparlanma=0.26 <0.35,"Aktif dikim adayı. Doğal toparlanma zayıf kalıyor, eğim (12,1°) dikime elverişli.","Modelin tahminine göre yangın öncesi örtünün ancak %26 kadarı iki yılda geri gelecek — kendi başına kapanmayacak bir açık var. Bu bölgede referans yangınımız az — tahmin belirsizliği diğer bölgelerden yüksek, saha doğrulaması önerilir. Yetişme ortamı: Marmara kuşağı, 343 m, orta eğimli (10–25°). Bu koşullar için önerilen türler: meşe, kayın, karaçam. Tür önerisi sistemin çıkarımı değil, dışarıdan verilen tablodan okunmuştur. Tablo: ÖRNEK TABLO — OGM tür-yetişme ortamı rehberi ile değiştirilecek",True
MAR_2023_01_004710,DIKIM_ADAYI,DUSUK_GUVEN,0.1788,"meşe, kayın, karaçam",toparlanma=0.18 <0.35,"Aktif dikim adayı. Doğal toparlanma zayıf kalıyor, eğim (14,9°) dikime elverişli.","Modelin tahminine göre yangın öncesi örtünün ancak %18 kadarı iki yılda geri gelecek — kendi başına kapanmayacak bir açık var. Bu bölgede referans yangınımız az — tahmin belirsizliği diğer bölgelerden yüksek, saha doğrulaması önerilir. Yetişme ortamı: Marmara kuşağı, 379 m, orta eğimli (10–25°). Bu koşullar için önerilen türler: meşe, kayın, karaçam. Tür önerisi sistemin çıkarımı değil, dışarıdan verilen tablodan okunmuştur. Tablo: ÖRNEK TABLO — OGM tür-yetişme ortamı rehberi ile değiştirilecek",True
MAR_2023_01_004711,DIKIM_ADAYI,AGIR_YANMIS|DUSUK_GUVEN,0.1487,"meşe, kayın, karaçam",toparlanma=0.15 <0.35,"Aktif dikim adayı. Doğal toparlanma zayıf kalıyor, eğim (12,7°) dikime elverişli.","Modelin tahminine göre yangın öncesi örtünün ancak %15 kadarı iki yılda geri gelecek — kendi başına kapanmayacak bir açık var. Yangın orta-yüksek şiddet sınıfında (dNBR 0,46); toprak yüzeyi büyük olasılıkla açıkta. Bu bölgede referans yangınımız az — tahmin belirsizliği diğer bölgelerden yüksek, saha doğrulaması önerilir. Yetişme ortamı: Marmara kuşağı, 405 m, orta eğimli (10–25°). Bu koşullar için önerilen türler: meşe, kayın, karaçam. Tür önerisi sistemin çıkarımı değil, dışarıdan verilen tablodan okunmuştur. Tablo: ÖRNEK TABLO — OGM tür-yetişme ortamı rehberi ile değiştirilecek",True
MAR_2023_01_004712,IZLE,DUSUK_GUVEN,,,prediction_status=low_severity,"İzle, müdahale etme. Yangın bu kareyi ağır yakmamış (orta-düşük şiddet, dNBR 0,37).","Model bu rejimde tahmin üretmiyor. Kendi toparlanması bekleniyor, müdahale listesine alınmıyor. Bu bölgede referans yangınımız az — tahmin belirsizliği diğer bölgelerden yüksek, saha doğrulaması önerilir.",True
MAR_2023_01_004713,DIKIM_ADAYI,DUSUK_GUVEN,0.1387,"meşe, kayın, karaçam",toparlanma=0.14 <0.35,"Aktif dikim adayı. Doğal toparlanma zayıf kalıyor, eğim (15,3°) dikime elverişli.","Modelin tahminine göre yangın öncesi örtünün ancak %14 kadarı iki yılda geri gelecek — kendi başına kapanmayacak bir açık var. Bu bölgede referans yangınımız az — tahmin belirsizliği diğer bölgelerden yüksek, saha doğrulaması önerilir. Yetişme ortamı: Marmara kuşağı, 326 m, orta eğimli (10–25°). Bu koşullar için önerilen türler: meşe, kayın, karaçam. Tür önerisi sistemin çıkarımı değil, dışarıdan verilen tablodan okunmuştur. Tablo: ÖRNEK TABLO — OGM tür-yetişme ortamı rehberi ile değiştirilecek",True
MAR_2023_01_004714,DIKIM_ADAYI,DUSUK_GUVEN,0.092,"meşe, kayın, karaçam",toparlanma=0.09 <0.35,"Aktif dikim adayı. Doğal toparlanma zayıf kalıyor, eğim (11,9°) dikime elverişli.","Modelin tahminine göre yangın öncesi örtünün ancak %9 kadarı iki yılda geri gelecek — kendi başına kapanmayacak bir açık var. Bu bölgede referans yangınımız az — tahmin belirsizliği diğer bölgelerden yüksek, saha doğrulaması önerilir. Yetişme ortamı: Marmara kuşağı, 271 m, orta eğimli (10–25°). Bu koşullar için önerilen türler: meşe, kayın, karaçam. Tür önerisi sistemin çıkarımı değil, dışarıdan verilen tablodan okunmuştur. Tablo: ÖRNEK TABLO — OGM tür-yetişme ortamı rehberi ile değiştirilecek",True
MAR_2023_01_004715,DIKIM_ADAYI,AGIR_YANMIS|DUSUK_GUVEN,0.1207,"meşe, kayın, karaçam",toparlanma=0.12 <0.35,"Aktif dikim adayı. Doğal toparlanma zayıf kalıyor, eğim (8,3°) dikime elverişli.","Modelin tahminine göre yangın öncesi örtünün ancak %12 kadarı iki yılda geri gelecek — kendi başına kapanmayacak bir açık var. Yangın orta-yüksek şiddet sınıfında (dNBR 0,44); toprak yüzeyi büyük olasılıkla açıkta. Bu bölgede referans yangınımız az — tahmin belirsizliği diğer bölgelerden yüksek, saha doğrulaması önerilir. Yetişme ortamı: Marmara kuşağı, 256 m, düz-hafif eğimli (0–10°). Bu koşullar için önerilen türler: meşe, kayın, karaçam. Tür önerisi sistemin çıkarımı değil, dışarıdan verilen tablodan okunmuştur. Tablo: ÖRNEK TABLO — OGM tür-yetişme ortamı rehberi ile değiştirilecek",True
MAR_2023_01_004716,IZLE,DUSUK_GUVEN,,,prediction_status=low_severity,"İzle, müdahale etme. Yangın bu kareyi ağır yakmamış (orta-düşük şiddet, dNBR 0,29).","Model bu rejimde tahmin üretmiyor. Kendi toparlanması bekleniyor, müdahale listesine alınmıyor. Bu bölgede referans yangınımız az — tahmin belirsizliği diğer bölgelerden yüksek, saha doğrulaması önerilir.",True
MAR_2023_01_004717,IZLE,ESKIDEN_ORMAN_DEGIL|DUSUK_GUVEN,,,prediction_status=low_severity,"İzle, müdahale etme. Yangın bu kareyi ağır yakmamış (orta-düşük şiddet, dNBR 0,28).","Model bu rejimde tahmin üretmiyor. Kendi toparlanması bekleniyor, müdahale listesine alınmıyor. Yangın öncesi örtü otlak ve çalılık idi; orman kurma değil, mevcut örtünün onarımı düşünülmeli. Bu bölgede referans yangınımız az — tahmin belirsizliği diğer bölgelerden yüksek, saha doğrulaması önerilir.",True
MAR_2023_01_004718,IZLE,DUSUK_GUVEN,,,prediction_status=low_severity,"İzle, müdahale etme. Yangın bu kareyi ağır yakmamış (orta-düşük şiddet, dNBR 0,32).","Model bu rejimde tahmin üretmiyor. Kendi toparlanması bekleniyor, müdahale listesine alınmıyor. Bu bölgede referans yangınımız az — tahmin belirsizliği diğer bölgelerden yüksek, saha doğrulaması önerilir.",True
MAR_2023_01_004719,IZLE,DUSUK_GUVEN,,,prediction_status=low_severity,"İzle, müdahale etme. Yangın bu kareyi ağır yakmamış (orta-düşük şiddet, dNBR 0,33).","Model bu rejimde tahmin üretmiyor. Kendi toparlanması bekleniyor, müdahale listesine alınmıyor. Bu bölgede referans yangınımız az — tahmin belirsizliği diğer bölgelerden yüksek, saha doğrulaması önerilir.",True
MAR_2023_01_004720,DIKIM_ADAYI,DUSUK_GUVEN,0.2271,"meşe, kayın, karaçam",toparlanma=0.23 <0.35,"Aktif dikim adayı. Doğal toparlanma zayıf kalıyor, eğim (6,7°) dikime elverişli.","Modelin tahminine göre yangın öncesi örtünün ancak %23 kadarı iki yılda geri gelecek — kendi başına kapanmayacak bir açık var. Bu bölgede referans yangınımız az — tahmin belirsizliği diğer bölgelerden yüksek, saha doğrulaması önerilir. Yetişme ortamı: Marmara kuşağı, 231 m, düz-hafif eğimli (0–10°). Bu koşullar için önerilen türler: meşe, kayın, karaçam. Tür önerisi sistemin çıkarımı değil, dışarıdan verilen tablodan okunmuştur. Tablo: ÖRNEK TABLO — OGM tür-yetişme ortamı rehberi ile değiştirilecek",True
MAR_2023_01_004721,DIKIM_ADAYI,DUSUK_GUVEN,0.2924,"meşe, kayın, karaçam",toparlanma=0.29 <0.35,"Aktif dikim adayı. Doğal toparlanma zayıf kalıyor, eğim (9,3°) dikime elverişli.","Modelin tahminine göre yangın öncesi örtünün ancak %29 kadarı iki yılda geri gelecek — kendi başına kapanmayacak bir açık var. Bu bölgede referans yangınımız az — tahmin belirsizliği diğer bölgelerden yüksek, saha doğrulaması önerilir. Yetişme ortamı: Marmara kuşağı, 213 m, düz-hafif eğimli (0–10°). Bu koşullar için önerilen türler: meşe, kayın, karaçam. Tür önerisi sistemin çıkarımı değil, dışarıdan verilen tablodan okunmuştur. Tablo: ÖRNEK TABLO — OGM tür-yetişme ortamı rehberi ile değiştirilecek",True
MAR_2023_01_004722,DIKIM_ADAYI,AGIR_YANMIS|DUSUK_GUVEN,0.2055,"meşe, kayın, karaçam",toparlanma=0.21 <0.35,"Aktif dikim adayı. Doğal toparlanma zayıf kalıyor, eğim (16,1°) dikime elverişli.","Modelin tahminine göre yangın öncesi örtünün ancak %21 kadarı iki yılda geri gelecek — kendi başına kapanmayacak bir açık var. Yangın orta-yüksek şiddet sınıfında (dNBR 0,51); toprak yüzeyi büyük olasılıkla açıkta. Bu bölgede referans yangınımız az — tahmin belirsizliği diğer bölgelerden yüksek, saha doğrulaması önerilir. Yetişme ortamı: Marmara kuşağı, 158 m, orta eğimli (10–25°). Bu koşullar için önerilen türler: meşe, kayın, karaçam. Tür önerisi sistemin çıkarımı değil, dışarıdan verilen tablodan okunmuştur. Tablo: ÖRNEK TABLO — OGM tür-yetişme ortamı rehberi ile değiştirilecek",True
MAR_2023_01_004723,IZLE,ESKIDEN_ORMAN_DEGIL|DUSUK_GUVEN,,,prediction_status=low_severity,"İzle, müdahale etme. Yangın bu kareyi ağır yakmamış (düşük şiddet, dNBR 0,16).","Model bu rejimde tahmin üretmiyor. Kendi toparlanması bekleniyor, müdahale listesine alınmıyor. Yangın öncesi örtü otlak ve çalılık idi; orman kurma değil, mevcut örtünün onarımı düşünülmeli. Bu bölgede referans yangınımız az — tahmin belirsizliği diğer bölgelerden yüksek, saha doğrulaması önerilir.",True
MAR_2023_01_004783,KAPSAM_DISI,,,,land_cover=Tarim,"Ağaçlandırma kapsamı dışı. Bu kare tarım alanı olarak sınıflanmış, orman rehabilitasyonu hedefi değil.",Öncelik sıralamasına dahil edilmiyor.,False
MAR_2023_01_004784,KAPSAM_DISI,,0.523,,land_cover=Tarim,"Ağaçlandırma kapsamı dışı. Bu kare tarım alanı olarak sınıflanmış, orman rehabilitasyonu hedefi değil.",Öncelik sıralamasına dahil edilmiyor.,False
MAR_2023_01_004785,ONCELIGE_GORE,DUSUK_GUVEN,0.3723,,toparlanma=0.37 0.35..0.50,Öncelik sırasına göre değerlendir. Kısmi toparlanma bekleniyor; müdahale kararı bütçeye ve sıraya bağlı.,"Modelin tahminine göre yangın öncesi örtünün %37 kadarı iki yılda geri gelecek. Ne kendi kapanacak kadar iyi ne de acil müdahale gerektirecek kadar kötü — öncelik skoru bu kareyi sıranın neresine koyduğuna bakın. Bu bölgede referans yangınımız az — tahmin belirsizliği diğer bölgelerden yüksek, saha doğrulaması önerilir.",True
MAR_2023_01_004786,IZLE,DUSUK_GUVEN,,,prediction_status=low_severity,"İzle, müdahale etme. Yangın bu kareyi ağır yakmamış (orta-düşük şiddet, dNBR 0,28).","Model bu rejimde tahmin üretmiyor. Kendi toparlanması bekleniyor, müdahale listesine alınmıyor. Bu bölgede referans yangınımız az — tahmin belirsizliği diğer bölgelerden yüksek, saha doğrulaması önerilir.",True
MAR_2023_01_004787,IZLE,DUSUK_GUVEN,,,prediction_status=low_severity,"İzle, müdahale etme. Yangın bu kareyi ağır yakmamış (orta-düşük şiddet, dNBR 0,34).","Model bu rejimde tahmin üretmiyor. Kendi toparlanması bekleniyor, müdahale listesine alınmıyor. Bu bölgede referans yangınımız az — tahmin belirsizliği diğer bölgelerden yüksek, saha doğrulaması önerilir.",True
MAR_2023_01_004788,DIKIM_ADAYI,DUSUK_GUVEN,0.0659,"meşe, kayın, karaçam",toparlanma=0.07 <0.35,"Aktif dikim adayı. Doğal toparlanma zayıf kalıyor, eğim (14,5°) dikime elverişli.","Modelin tahminine göre yangın öncesi örtünün ancak %7 kadarı iki yılda geri gelecek — kendi başına kapanmayacak bir açık var. Bu bölgede referans yangınımız az — tahmin belirsizliği diğer bölgelerden yüksek, saha doğrulaması önerilir. Yetişme ortamı: Marmara kuşağı, 382 m, orta eğimli (10–25°). Bu koşullar için önerilen türler: meşe, kayın, karaçam. Tür önerisi sistemin çıkarımı değil, dışarıdan verilen tablodan okunmuştur. Tablo: ÖRNEK TABLO — OGM tür-yetişme ortamı rehberi ile değiştirilecek",True
MAR_2023_01_004789,IZLE,DUSUK_GUVEN,,,prediction_status=low_severity,"İzle, müdahale etme. Yangın bu kareyi ağır yakmamış (orta-düşük şiddet, dNBR 0,29).","Model bu rejimde tahmin üretmiyor. Kendi toparlanması bekleniyor, müdahale listesine alınmıyor. Bu bölgede referans yangınımız az — tahmin belirsizliği diğer bölgelerden yüksek, saha doğrulaması önerilir.",True
MAR_2023_01_004790,IZLE,DUSUK_GUVEN,,,prediction_status=low_severity,"İzle, müdahale etme. Yangın bu kareyi ağır yakmamış (düşük şiddet, dNBR 0,25).","Model bu rejimde tahmin üretmiyor. Kendi toparlanması bekleniyor, müdahale listesine alınmıyor. Bu bölgede referans yangınımız az — tahmin belirsizliği diğer bölgelerden yüksek, saha doğrulaması önerilir.",True
MAR_2023_01_004791,DIKIM_ADAYI,DUSUK_GUVEN,0.1658,"meşe, kayın, karaçam",toparlanma=0.17 <0.35,"Aktif dikim adayı. Doğal toparlanma zayıf kalıyor, eğim (18,0°) dikime elverişli.","Modelin tahminine göre yangın öncesi örtünün ancak %17 kadarı iki yılda geri gelecek — kendi başına kapanmayacak bir açık var. Bu bölgede referans yangınımız az — tahmin belirsizliği diğer bölgelerden yüksek, saha doğrulaması önerilir. Yetişme ortamı: Marmara kuşağı, 387 m, orta eğimli (10–25°). Bu koşullar için önerilen türler: meşe, kayın, karaçam. Tür önerisi sistemin çıkarımı değil, dışarıdan verilen tablodan okunmuştur. Tablo: ÖRNEK TABLO — OGM tür-yetişme ortamı rehberi ile değiştirilecek",True
MAR_2023_01_004792,DIKIM_ADAYI,DUSUK_GUVEN,0.1688,"meşe, kayın, karaçam",toparlanma=0.17 <0.35,"Aktif dikim adayı. Doğal toparlanma zayıf kalıyor, eğim (17,0°) dikime elverişli.","Modelin tahminine göre yangın öncesi örtünün ancak %17 kadarı iki yılda geri gelecek — kendi başına kapanmayacak bir açık var. Bu bölgede referans yangınımız az — tahmin belirsizliği diğer bölgelerden yüksek, saha doğrulaması önerilir. Yetişme ortamı: Marmara kuşağı, 363 m, orta eğimli (10–25°). Bu koşullar için önerilen türler: meşe, kayın, karaçam. Tür önerisi sistemin çıkarımı değil, dışarıdan verilen tablodan okunmuştur. Tablo: ÖRNEK TABLO — OGM tür-yetişme ortamı rehberi ile değiştirilecek",True
MAR_2023_01_004793,DIKIM_ADAYI,DUSUK_GUVEN,0.2485,"meşe, kayın, karaçam",toparlanma=0.25 <0.35,"Aktif dikim adayı. Doğal toparlanma zayıf kalıyor, eğim (13,6°) dikime elverişli.","Modelin tahminine göre yangın öncesi örtünün ancak %25 kadarı iki yılda geri gelecek — kendi başına kapanmayacak bir açık var. Bu bölgede referans yangınımız az — tahmin belirsizliği diğer bölgelerden yüksek, saha doğrulaması önerilir. Yetişme ortamı: Marmara kuşağı, 353 m, orta eğimli (10–25°). Bu koşullar için önerilen türler: meşe, kayın, karaçam. Tür önerisi sistemin çıkarımı değil, dışarıdan verilen tablodan okunmuştur. Tablo: ÖRNEK TABLO — OGM tür-yetişme ortamı rehberi ile değiştirilecek",True
MAR_2023_01_004794,IZLE,DUSUK_GUVEN,,,prediction_status=low_severity,"İzle, müdahale etme. Yangın bu kareyi ağır yakmamış (orta-düşük şiddet, dNBR 0,34).","Model bu rejimde tahmin üretmiyor. Kendi toparlanması bekleniyor, müdahale listesine alınmıyor. Bu bölgede referans yangınımız az — tahmin belirsizliği diğer bölgelerden yüksek, saha doğrulaması önerilir.",True
MAR_2023_01_004795,KAPSAM_DISI,,,,land_cover=Tarim,"Ağaçlandırma kapsamı dışı. Bu kare tarım alanı olarak sınıflanmış, orman rehabilitasyonu hedefi değil.",Öncelik sıralamasına dahil edilmiyor.,False
MAR_2023_01_004796,DIKIM_ADAYI,DUSUK_GUVEN,0.0439,"meşe, kayın, karaçam",toparlanma=0.04 <0.35,"Aktif dikim adayı. Doğal toparlanma zayıf kalıyor, eğim (16,2°) dikime elverişli.","Modelin tahminine göre yangın öncesi örtünün ancak %4 kadarı iki yılda geri gelecek — kendi başına kapanmayacak bir açık var. Bu bölgede referans yangınımız az — tahmin belirsizliği diğer bölgelerden yüksek, saha doğrulaması önerilir. Yetişme ortamı: Marmara kuşağı, 403 m, orta eğimli (10–25°). Bu koşullar için önerilen türler: meşe, kayın, karaçam. Tür önerisi sistemin çıkarımı değil, dışarıdan verilen tablodan okunmuştur. Tablo: ÖRNEK TABLO — OGM tür-yetişme ortamı rehberi ile değiştirilecek",True
MAR_2023_01_004797,IZLE,DUSUK_GUVEN,,,prediction_status=low_severity,"İzle, müdahale etme. Yangın bu kareyi ağır yakmamış (orta-düşük şiddet, dNBR 0,27).","Model bu rejimde tahmin üretmiyor. Kendi toparlanması bekleniyor, müdahale listesine alınmıyor. Bu bölgede referans yangınımız az — tahmin belirsizliği diğer bölgelerden yüksek, saha doğrulaması önerilir.",True
MAR_2023_01_004798,KAPSAM_DISI,,,,land_cover=Tarim,"Ağaçlandırma kapsamı dışı. Bu kare tarım alanı olarak sınıflanmış, orman rehabilitasyonu hedefi değil.",Öncelik sıralamasına dahil edilmiyor.,False
MAR_2023_01_004799,DIKIM_ADAYI,AGIR_YANMIS|DUSUK_GUVEN,0.0988,"meşe, kayın, karaçam",toparlanma=0.10 <0.35,"Aktif dikim adayı. Doğal toparlanma zayıf kalıyor, eğim (13,6°) dikime elverişli.","Modelin tahminine göre yangın öncesi örtünün ancak %10 kadarı iki yılda geri gelecek — kendi başına kapanmayacak bir açık var. Yangın orta-yüksek şiddet sınıfında (dNBR 0,45); toprak yüzeyi büyük olasılıkla açıkta. Bu bölgede referans yangınımız az — tahmin belirsizliği diğer bölgelerden yüksek, saha doğrulaması önerilir. Yetişme ortamı: Marmara kuşağı, 264 m, orta eğimli (10–25°). Bu koşullar için önerilen türler: meşe, kayın, karaçam. Tür önerisi sistemin çıkarımı değil, dışarıdan verilen tablodan okunmuştur. Tablo: ÖRNEK TABLO — OGM tür-yetişme ortamı rehberi ile değiştirilecek",True
MAR_2023_01_004800,DIKIM_ADAYI,AGIR_YANMIS|DUSUK_GUVEN,0.1179,"meşe, kayın, karaçam",toparlanma=0.12 <0.35,"Aktif dikim adayı. Doğal toparlanma zayıf kalıyor, eğim (9,9°) dikime elverişli.","Modelin tahminine göre yangın öncesi örtünün ancak %12 kadarı iki yılda geri gelecek — kendi başına kapanmayacak bir açık var. Yangın orta-yüksek şiddet sınıfında (dNBR 0,46); toprak yüzeyi büyük olasılıkla açıkta. Bu bölgede referans yangınımız az — tahmin belirsizliği diğer bölgelerden yüksek, saha doğrulaması önerilir. Yetişme ortamı: Marmara kuşağı, 225 m, düz-hafif eğimli (0–10°). Bu koşullar için önerilen türler: meşe, kayın, karaçam. Tür önerisi sistemin çıkarımı değil, dışarıdan verilen tablodan okunmuştur. Tablo: ÖRNEK TABLO — OGM tür-yetişme ortamı rehberi ile değiştirilecek",True
MAR_2023_01_004801,DIKIM_ADAYI,DUSUK_GUVEN,0.1149,"meşe, kayın, karaçam",toparlanma=0.11 <0.35,"Aktif dikim adayı. Doğal toparlanma zayıf kalıyor, eğim (9,7°) dikime elverişli.","Modelin tahminine göre yangın öncesi örtünün ancak %11 kadarı iki yılda geri gelecek — kendi başına kapanmayacak bir açık var. Bu bölgede referans yangınımız az — tahmin belirsizliği diğer bölgelerden yüksek, saha doğrulaması önerilir. Yetişme ortamı: Marmara kuşağı, 223 m, düz-hafif eğimli (0–10°). Bu koşullar için önerilen türler: meşe, kayın, karaçam. Tür önerisi sistemin çıkarımı değil, dışarıdan verilen tablodan okunmuştur. Tablo: ÖRNEK TABLO — OGM tür-yetişme ortamı rehberi ile değiştirilecek",True
MAR_2023_01_004802,IZLE,DUSUK_GUVEN,,,prediction_status=low_severity,"İzle, müdahale etme. Yangın bu kareyi ağır yakmamış (orta-düşük şiddet, dNBR 0,37).","Model bu rejimde tahmin üretmiyor. Kendi toparlanması bekleniyor, müdahale listesine alınmıyor. Bu bölgede referans yangınımız az — tahmin belirsizliği diğer bölgelerden yüksek, saha doğrulaması önerilir.",True
MAR_2023_01_004803,DIKIM_ADAYI,AGIR_YANMIS|DUSUK_GUVEN,0.1537,"meşe, kayın, karaçam",toparlanma=0.15 <0.35,"Aktif dikim adayı. Doğal toparlanma zayıf kalıyor, eğim (8,7°) dikime elverişli.","Modelin tahminine göre yangın öncesi örtünün ancak %15 kadarı iki yılda geri gelecek — kendi başına kapanmayacak bir açık var. Yangın orta-yüksek şiddet sınıfında (dNBR 0,46); toprak yüzeyi büyük olasılıkla açıkta. Bu bölgede referans yangınımız az — tahmin belirsizliği diğer bölgelerden yüksek, saha doğrulaması önerilir. Yetişme ortamı: Marmara kuşağı, 240 m, düz-hafif eğimli (0–10°). Bu koşullar için önerilen türler: meşe, kayın, karaçam. Tür önerisi sistemin çıkarımı değil, dışarıdan verilen tablodan okunmuştur. Tablo: ÖRNEK TABLO — OGM tür-yetişme ortamı rehberi ile değiştirilecek",True
MAR_2023_01_004804,DIKIM_ADAYI,ESKIDEN_ORMAN_DEGIL|DUSUK_GUVEN,0.2555,"maki türleri, kermes meşesi",toparlanma=0.26 <0.35,"Aktif dikim adayı. Doğal toparlanma zayıf kalıyor, eğim (9,1°) dikime elverişli.","Modelin tahminine göre yangın öncesi örtünün ancak %26 kadarı iki yılda geri gelecek — kendi başına kapanmayacak bir açık var. Yangın öncesi örtü otlak ve çalılık idi; orman kurma değil, mevcut örtünün onarımı düşünülmeli. Bu bölgede referans yangınımız az — tahmin belirsizliği diğer bölgelerden yüksek, saha doğrulaması önerilir. Yetişme ortamı: Marmara kuşağı, 228 m, düz-hafif eğimli (0–10°). Bu koşullar için önerilen türler: maki türleri, kermes meşesi. Tür önerisi sistemin çıkarımı değil, dışarıdan verilen tablodan okunmuştur. Tablo: ÖRNEK TABLO — OGM tür-yetişme ortamı rehberi ile değiştirilecek",True
MAR_2023_01_004805,DIKIM_ADAYI,ESKIDEN_ORMAN_DEGIL|DUSUK_GUVEN,0.3288,"maki türleri, kermes meşesi",toparlanma=0.33 <0.35,"Aktif dikim adayı. Doğal toparlanma zayıf kalıyor, eğim (10,0°) dikime elverişli.","Modelin tahminine göre yangın öncesi örtünün ancak %33 kadarı iki yılda geri gelecek — kendi başına kapanmayacak bir açık var. Yangın öncesi örtü otlak ve çalılık idi; orman kurma değil, mevcut örtünün onarımı düşünülmeli. Bu bölgede referans yangınımız az — tahmin belirsizliği diğer bölgelerden yüksek, saha doğrulaması önerilir. Yetişme ortamı: Marmara kuşağı, 205 m, düz-hafif eğimli (0–10°). Bu koşullar için önerilen türler: maki türleri, kermes meşesi. Tür önerisi sistemin çıkarımı değil, dışarıdan verilen tablodan okunmuştur. Tablo: ÖRNEK TABLO — OGM tür-yetişme ortamı rehberi ile değiştirilecek",True
MAR_2023_01_004806,IZLE,ESKIDEN_ORMAN_DEGIL|DUSUK_GUVEN,,,prediction_status=low_severity,"İzle, müdahale etme. Yangın bu kareyi ağır yakmamış (düşük şiddet, dNBR 0,23).","Model bu rejimde tahmin üretmiyor. Kendi toparlanması bekleniyor, müdahale listesine alınmıyor. Yangın öncesi örtü otlak ve çalılık idi; orman kurma değil, mevcut örtünün onarımı düşünülmeli. Bu bölgede referans yangınımız az — tahmin belirsizliği diğer bölgelerden yüksek, saha doğrulaması önerilir.",True
MAR_2023_01_004807,IZLE,ESKIDEN_ORMAN_DEGIL|DUSUK_GUVEN,,,prediction_status=low_severity,"İzle, müdahale etme. Yangın bu kareyi ağır yakmamış (düşük şiddet, dNBR 0,23).","Model bu rejimde tahmin üretmiyor. Kendi toparlanması bekleniyor, müdahale listesine alınmıyor. Yangın öncesi örtü otlak ve çalılık idi; orman kurma değil, mevcut örtünün onarımı düşünülmeli. Bu bölgede referans yangınımız az — tahmin belirsizliği diğer bölgelerden yüksek, saha doğrulaması önerilir.",True
MAR_2023_01_004866,IZLE,DUSUK_GUVEN,,,prediction_status=low_severity,"İzle, müdahale etme. Yangın bu kareyi ağır yakmamış (düşük şiddet, dNBR 0,14).","Model bu rejimde tahmin üretmiyor. Kendi toparlanması bekleniyor, müdahale listesine alınmıyor. Bu bölgede referans yangınımız az — tahmin belirsizliği diğer bölgelerden yüksek, saha doğrulaması önerilir.",True
MAR_2023_01_004867,IZLE,DUSUK_GUVEN,,,prediction_status=low_severity,"İzle, müdahale etme. Yangın bu kareyi ağır yakmamış (düşük şiddet, dNBR 0,20).","Model bu rejimde tahmin üretmiyor. Kendi toparlanması bekleniyor, müdahale listesine alınmıyor. Bu bölgede referans yangınımız az — tahmin belirsizliği diğer bölgelerden yüksek, saha doğrulaması önerilir.",True
MAR_2023_01_004868,KAPSAM_DISI,,0.4942,,land_cover=Tarim,"Ağaçlandırma kapsamı dışı. Bu kare tarım alanı olarak sınıflanmış, orman rehabilitasyonu hedefi değil.",Öncelik sıralamasına dahil edilmiyor.,False
MAR_2023_01_004869,KAPSAM_DISI,,0.4814,,land_cover=Tarim,"Ağaçlandırma kapsamı dışı. Bu kare tarım alanı olarak sınıflanmış, orman rehabilitasyonu hedefi değil.",Öncelik sıralamasına dahil edilmiyor.,False
MAR_2023_01_004870,KAPSAM_DISI,,0.5077,,land_cover=Tarim,"Ağaçlandırma kapsamı dışı. Bu kare tarım alanı olarak sınıflanmış, orman rehabilitasyonu hedefi değil.",Öncelik sıralamasına dahil edilmiyor.,False
MAR_2023_01_004871,KAPSAM_DISI,,0.4481,,land_cover=Tarim,"Ağaçlandırma kapsamı dışı. Bu kare tarım alanı olarak sınıflanmış, orman rehabilitasyonu hedefi değil.",Öncelik sıralamasına dahil edilmiyor.,False
MAR_2023_01_004872,KAPSAM_DISI,,0.3958,,land_cover=Tarim,"Ağaçlandırma kapsamı dışı. Bu kare tarım alanı olarak sınıflanmış, orman rehabilitasyonu hedefi değil.",Öncelik sıralamasına dahil edilmiyor.,False
MAR_2023_01_004873,ONCELIGE_GORE,ESKIDEN_ORMAN_DEGIL|DUSUK_GUVEN,0.4636,,toparlanma=0.46 0.35..0.50,Öncelik sırasına göre değerlendir. Kısmi toparlanma bekleniyor; müdahale kararı bütçeye ve sıraya bağlı.,"Modelin tahminine göre yangın öncesi örtünün %46 kadarı iki yılda geri gelecek. Ne kendi kapanacak kadar iyi ne de acil müdahale gerektirecek kadar kötü — öncelik skoru bu kareyi sıranın neresine koyduğuna bakın. Yangın öncesi örtü otlak ve çalılık idi; orman kurma değil, mevcut örtünün onarımı düşünülmeli. Bu bölgede referans yangınımız az — tahmin belirsizliği diğer bölgelerden yüksek, saha doğrulaması önerilir.",True
MAR_2023_01_004874,IZLE,DUSUK_GUVEN,,,prediction_status=low_severity,"İzle, müdahale etme. Yangın bu kareyi ağır yakmamış (düşük şiddet, dNBR 0,20).","Model bu rejimde tahmin üretmiyor. Kendi toparlanması bekleniyor, müdahale listesine alınmıyor. Bu bölgede referans yangınımız az — tahmin belirsizliği diğer bölgelerden yüksek, saha doğrulaması önerilir.",True
MAR_2023_01_004876,IZLE,DUSUK_GUVEN,,,prediction_status=low_severity,"İzle, müdahale etme. Yangın bu kareyi ağır yakmamış (düşük şiddet, dNBR 0,24).","Model bu rejimde tahmin üretmiyor. Kendi toparlanması bekleniyor, müdahale listesine alınmıyor. Bu bölgede referans yangınımız az — tahmin belirsizliği diğer bölgelerden yüksek, saha doğrulaması önerilir.",True
MAR_2023_01_004877,DIKIM_ADAYI,DUSUK_GUVEN,0.1476,"meşe, kayın, karaçam",toparlanma=0.15 <0.35,"Aktif dikim adayı. Doğal toparlanma zayıf kalıyor, eğim (6,2°) dikime elverişli.","Modelin tahminine göre yangın öncesi örtünün ancak %15 kadarı iki yılda geri gelecek — kendi başına kapanmayacak bir açık var. Bu bölgede referans yangınımız az — tahmin belirsizliği diğer bölgelerden yüksek, saha doğrulaması önerilir. Yetişme ortamı: Marmara kuşağı, 428 m, düz-hafif eğimli (0–10°). Bu koşullar için önerilen türler: meşe, kayın, karaçam. Tür önerisi sistemin çıkarımı değil, dışarıdan verilen tablodan okunmuştur. Tablo: ÖRNEK TABLO — OGM tür-yetişme ortamı rehberi ile değiştirilecek",True
MAR_2023_01_004878,DIKIM_ADAYI,DUSUK_GUVEN,0.1741,"meşe, kayın, karaçam",toparlanma=0.17 <0.35,"Aktif dikim adayı. Doğal toparlanma zayıf kalıyor, eğim (8,8°) dikime elverişli.","Modelin tahminine göre yangın öncesi örtünün ancak %17 kadarı iki yılda geri gelecek — kendi başına kapanmayacak bir açık var. Bu bölgede referans yangınımız az — tahmin belirsizliği diğer bölgelerden yüksek, saha doğrulaması önerilir. Yetişme ortamı: Marmara kuşağı, 419 m, düz-hafif eğimli (0–10°). Bu koşullar için önerilen türler: meşe, kayın, karaçam. Tür önerisi sistemin çıkarımı değil, dışarıdan verilen tablodan okunmuştur. Tablo: ÖRNEK TABLO — OGM tür-yetişme ortamı rehberi ile değiştirilecek",True
MAR_2023_01_004879,IZLE,DUSUK_GUVEN,,,prediction_status=low_severity,"İzle, müdahale etme. Yangın bu kareyi ağır yakmamış (orta-düşük şiddet, dNBR 0,29).","Model bu rejimde tahmin üretmiyor. Kendi toparlanması bekleniyor, müdahale listesine alınmıyor. Bu bölgede referans yangınımız az — tahmin belirsizliği diğer bölgelerden yüksek, saha doğrulaması önerilir.",True
MAR_2023_01_004880,IZLE,DUSUK_GUVEN,,,prediction_status=low_severity,"İzle, müdahale etme. Yangın bu kareyi ağır yakmamış (orta-düşük şiddet, dNBR 0,27).","Model bu rejimde tahmin üretmiyor. Kendi toparlanması bekleniyor, müdahale listesine alınmıyor. Bu bölgede referans yangınımız az — tahmin belirsizliği diğer bölgelerden yüksek, saha doğrulaması önerilir.",True
MAR_2023_01_004881,IZLE,DUSUK_GUVEN,,,prediction_status=low_severity,"İzle, müdahale etme. Yangın bu kareyi ağır yakmamış (orta-düşük şiddet, dNBR 0,34).","Model bu rejimde tahmin üretmiyor. Kendi toparlanması bekleniyor, müdahale listesine alınmıyor. Bu bölgede referans yangınımız az — tahmin belirsizliği diğer bölgelerden yüksek, saha doğrulaması önerilir.",True
MAR_2023_01_004884,DIKIM_ADAYI,DUSUK_GUVEN,0.131,"meşe, kayın, karaçam",toparlanma=0.13 <0.35,"Aktif dikim adayı. Doğal toparlanma zayıf kalıyor, eğim (9,2°) dikime elverişli.","Modelin tahminine göre yangın öncesi örtünün ancak %13 kadarı iki yılda geri gelecek — kendi başına kapanmayacak bir açık var. Bu bölgede referans yangınımız az — tahmin belirsizliği diğer bölgelerden yüksek, saha doğrulaması önerilir. Yetişme ortamı: Marmara kuşağı, 257 m, düz-hafif eğimli (0–10°). Bu koşullar için önerilen türler: meşe, kayın, karaçam. Tür önerisi sistemin çıkarımı değil, dışarıdan verilen tablodan okunmuştur. Tablo: ÖRNEK TABLO — OGM tür-yetişme ortamı rehberi ile değiştirilecek",True
MAR_2023_01_004885,DIKIM_ADAYI,DUSUK_GUVEN,0.1307,"meşe, kayın, karaçam",toparlanma=0.13 <0.35,"Aktif dikim adayı. Doğal toparlanma zayıf kalıyor, eğim (10,4°) dikime elverişli.","Modelin tahminine göre yangın öncesi örtünün ancak %13 kadarı iki yılda geri gelecek — kendi başına kapanmayacak bir açık var. Bu bölgede referans yangınımız az — tahmin belirsizliği diğer bölgelerden yüksek, saha doğrulaması önerilir. Yetişme ortamı: Marmara kuşağı, 213 m, orta eğimli (10–25°). Bu koşullar için önerilen türler: meşe, kayın, karaçam. Tür önerisi sistemin çıkarımı değil, dışarıdan verilen tablodan okunmuştur. Tablo: ÖRNEK TABLO — OGM tür-yetişme ortamı rehberi ile değiştirilecek",True
MAR_2023_01_004886,DIKIM_ADAYI,DUSUK_GUVEN,0.1595,"meşe, kayın, karaçam",toparlanma=0.16 <0.35,"Aktif dikim adayı. Doğal toparlanma zayıf kalıyor, eğim (8,1°) dikime elverişli.","Modelin tahminine göre yangın öncesi örtünün ancak %16 kadarı iki yılda geri gelecek — kendi başına kapanmayacak bir açık var. Bu bölgede referans yangınımız az — tahmin belirsizliği diğer bölgelerden yüksek, saha doğrulaması önerilir. Yetişme ortamı: Marmara kuşağı, 187 m, düz-hafif eğimli (0–10°). Bu koşullar için önerilen türler: meşe, kayın, karaçam. Tür önerisi sistemin çıkarımı değil, dışarıdan verilen tablodan okunmuştur. Tablo: ÖRNEK TABLO — OGM tür-yetişme ortamı rehberi ile değiştirilecek",True
MAR_2023_01_004887,DIKIM_ADAYI,DUSUK_GUVEN,0.1255,"meşe, kayın, karaçam",toparlanma=0.13 <0.35,"Aktif dikim adayı. Doğal toparlanma zayıf kalıyor, eğim (10,7°) dikime elverişli.","Modelin tahminine göre yangın öncesi örtünün ancak %13 kadarı iki yılda geri gelecek — kendi başına kapanmayacak bir açık var. Bu bölgede referans yangınımız az — tahmin belirsizliği diğer bölgelerden yüksek, saha doğrulaması önerilir. Yetişme ortamı: Marmara kuşağı, 197 m, orta eğimli (10–25°). Bu koşullar için önerilen türler: meşe, kayın, karaçam. Tür önerisi sistemin çıkarımı değil, dışarıdan verilen tablodan okunmuştur. Tablo: ÖRNEK TABLO — OGM tür-yetişme ortamı rehberi ile değiştirilecek",True
MAR_2023_01_004888,DIKIM_ADAYI,DUSUK_GUVEN,0.0955,"meşe, kayın, karaçam",toparlanma=0.10 <0.35,"Aktif dikim adayı. Doğal toparlanma zayıf kalıyor, eğim (14,3°) dikime elverişli.","Modelin tahminine göre yangın öncesi örtünün ancak %10 kadarı iki yılda geri gelecek — kendi başına kapanmayacak bir açık var. Bu bölgede referans yangınımız az — tahmin belirsizliği diğer bölgelerden yüksek, saha doğrulaması önerilir. Yetişme ortamı: Marmara kuşağı, 187 m, orta eğimli (10–25°). Bu koşullar için önerilen türler: meşe, kayın, karaçam. Tür önerisi sistemin çıkarımı değil, dışarıdan verilen tablodan okunmuştur. Tablo: ÖRNEK TABLO — OGM tür-yetişme ortamı rehberi ile değiştirilecek",True
MAR_2023_01_004889,DIKIM_ADAYI,DUSUK_GUVEN,0.0847,"meşe, kayın, karaçam",toparlanma=0.08 <0.35,"Aktif dikim adayı. Doğal toparlanma zayıf kalıyor, eğim (16,9°) dikime elverişli.","Modelin tahminine göre yangın öncesi örtünün ancak %8 kadarı iki yılda geri gelecek — kendi başına kapanmayacak bir açık var. Bu bölgede referans yangınımız az — tahmin belirsizliği diğer bölgelerden yüksek, saha doğrulaması önerilir. Yetişme ortamı: Marmara kuşağı, 168 m, orta eğimli (10–25°). Bu koşullar için önerilen türler: meşe, kayın, karaçam. Tür önerisi sistemin çıkarımı değil, dışarıdan verilen tablodan okunmuştur. Tablo: ÖRNEK TABLO — OGM tür-yetişme ortamı rehberi ile değiştirilecek",True
MAR_2023_01_004890,DIKIM_ADAYI,DUSUK_GUVEN,0.1046,"meşe, kayın, karaçam",toparlanma=0.10 <0.35,"Aktif dikim adayı. Doğal toparlanma zayıf kalıyor, eğim (15,9°) dikime elverişli.","Modelin tahminine göre yangın öncesi örtünün ancak %10 kadarı iki yılda geri gelecek — kendi başına kapanmayacak bir açık var. Bu bölgede referans yangınımız az — tahmin belirsizliği diğer bölgelerden yüksek, saha doğrulaması önerilir. Yetişme ortamı: Marmara kuşağı, 152 m, orta eğimli (10–25°). Bu koşullar için önerilen türler: meşe, kayın, karaçam. Tür önerisi sistemin çıkarımı değil, dışarıdan verilen tablodan okunmuştur. Tablo: ÖRNEK TABLO — OGM tür-yetişme ortamı rehberi ile değiştirilecek",True
MAR_2023_01_004891,DIKIM_ADAYI,ESKIDEN_ORMAN_DEGIL|DUSUK_GUVEN,0.3445,"maki türleri, kermes meşesi",toparlanma=0.34 <0.35,"Aktif dikim adayı. Doğal toparlanma zayıf kalıyor, eğim (12,7°) dikime elverişli.","Modelin tahminine göre yangın öncesi örtünün ancak %34 kadarı iki yılda geri gelecek — kendi başına kapanmayacak bir açık var. Yangın öncesi örtü otlak ve çalılık idi; orman kurma değil, mevcut örtünün onarımı düşünülmeli. Bu bölgede referans yangınımız az — tahmin belirsizliği diğer bölgelerden yüksek, saha doğrulaması önerilir. Yetişme ortamı: Marmara kuşağı, 128 m, orta eğimli (10–25°). Bu koşullar için önerilen türler: maki türleri, kermes meşesi. Tür önerisi sistemin çıkarımı değil, dışarıdan verilen tablodan okunmuştur. Tablo: ÖRNEK TABLO — OGM tür-yetişme ortamı rehberi ile değiştirilecek",True
MAR_2023_01_004949,KAPSAM_DISI,,,,land_cover=Tarim,"Ağaçlandırma kapsamı dışı. Bu kare tarım alanı olarak sınıflanmış, orman rehabilitasyonu hedefi değil.",Öncelik sıralamasına dahil edilmiyor.,False
MAR_2023_01_004950,KAPSAM_DISI,,,,land_cover=Tarim,"Ağaçlandırma kapsamı dışı. Bu kare tarım alanı olarak sınıflanmış, orman rehabilitasyonu hedefi değil.",Öncelik sıralamasına dahil edilmiyor.,False
MAR_2023_01_004951,IZLE,DUSUK_GUVEN,,,prediction_status=low_severity,"İzle, müdahale etme. Yangın bu kareyi ağır yakmamış (düşük şiddet, dNBR 0,26).","Model bu rejimde tahmin üretmiyor. Kendi toparlanması bekleniyor, müdahale listesine alınmıyor. Bu bölgede referans yangınımız az — tahmin belirsizliği diğer bölgelerden yüksek, saha doğrulaması önerilir.",True
MAR_2023_01_004952,DIKIM_ADAYI,DUSUK_GUVEN,0.1604,"meşe, kayın, karaçam",toparlanma=0.16 <0.35,"Aktif dikim adayı. Doğal toparlanma zayıf kalıyor, eğim (9,8°) dikime elverişli.","Modelin tahminine göre yangın öncesi örtünün ancak %16 kadarı iki yılda geri gelecek — kendi başına kapanmayacak bir açık var. Bu bölgede referans yangınımız az — tahmin belirsizliği diğer bölgelerden yüksek, saha doğrulaması önerilir. Yetişme ortamı: Marmara kuşağı, 303 m, düz-hafif eğimli (0–10°). Bu koşullar için önerilen türler: meşe, kayın, karaçam. Tür önerisi sistemin çıkarımı değil, dışarıdan verilen tablodan okunmuştur. Tablo: ÖRNEK TABLO — OGM tür-yetişme ortamı rehberi ile değiştirilecek",True
MAR_2023_01_004953,DIKIM_ADAYI,DUSUK_GUVEN,0.1815,"meşe, kayın, karaçam",toparlanma=0.18 <0.35,"Aktif dikim adayı. Doğal toparlanma zayıf kalıyor, eğim (12,2°) dikime elverişli.","Modelin tahminine göre yangın öncesi örtünün ancak %18 kadarı iki yılda geri gelecek — kendi başına kapanmayacak bir açık var. Bu bölgede referans yangınımız az — tahmin belirsizliği diğer bölgelerden yüksek, saha doğrulaması önerilir. Yetişme ortamı: Marmara kuşağı, 304 m, orta eğimli (10–25°). Bu koşullar için önerilen türler: meşe, kayın, karaçam. Tür önerisi sistemin çıkarımı değil, dışarıdan verilen tablodan okunmuştur. Tablo: ÖRNEK TABLO — OGM tür-yetişme ortamı rehberi ile değiştirilecek",True
MAR_2023_01_004956,KAPSAM_DISI,,,,land_cover=Tarim,"Ağaçlandırma kapsamı dışı. Bu kare tarım alanı olarak sınıflanmış, orman rehabilitasyonu hedefi değil.",Öncelik sıralamasına dahil edilmiyor.,False
MAR_2023_01_004957,KAPSAM_DISI,,0.4153,,land_cover=Tarim,"Ağaçlandırma kapsamı dışı. Bu kare tarım alanı olarak sınıflanmış, orman rehabilitasyonu hedefi değil.",Öncelik sıralamasına dahil edilmiyor.,False
MAR_2023_01_004958,ONCELIGE_GORE,ESKIDEN_ORMAN_DEGIL|AGIR_YANMIS|DUSUK_GUVEN,0.4704,,toparlanma=0.47 0.35..0.50,Öncelik sırasına göre değerlendir. Kısmi toparlanma bekleniyor; müdahale kararı bütçeye ve sıraya bağlı.,"Modelin tahminine göre yangın öncesi örtünün %47 kadarı iki yılda geri gelecek. Ne kendi kapanacak kadar iyi ne de acil müdahale gerektirecek kadar kötü — öncelik skoru bu kareyi sıranın neresine koyduğuna bakın. Yangın öncesi örtü otlak ve çalılık idi; orman kurma değil, mevcut örtünün onarımı düşünülmeli. Yangın orta-yüksek şiddet sınıfında (dNBR 0,51); toprak yüzeyi büyük olasılıkla açıkta. Bu bölgede referans yangınımız az — tahmin belirsizliği diğer bölgelerden yüksek, saha doğrulaması önerilir.",True
MAR_2023_01_004959,IZLE,DUSUK_GUVEN,,,prediction_status=low_severity,"İzle, müdahale etme. Yangın bu kareyi ağır yakmamış (düşük şiddet, dNBR 0,21).","Model bu rejimde tahmin üretmiyor. Kendi toparlanması bekleniyor, müdahale listesine alınmıyor. Bu bölgede referans yangınımız az — tahmin belirsizliği diğer bölgelerden yüksek, saha doğrulaması önerilir.",True
MAR_2023_01_004960,IZLE,DUSUK_GUVEN,,,prediction_status=low_severity,"İzle, müdahale etme. Yangın bu kareyi ağır yakmamış (düşük şiddet, dNBR 0,17).","Model bu rejimde tahmin üretmiyor. Kendi toparlanması bekleniyor, müdahale listesine alınmıyor. Bu bölgede referans yangınımız az — tahmin belirsizliği diğer bölgelerden yüksek, saha doğrulaması önerilir.",True
MAR_2023_01_004961,IZLE,DUSUK_GUVEN,,,prediction_status=low_severity,"İzle, müdahale etme. Yangın bu kareyi ağır yakmamış (düşük şiddet, dNBR 0,22).","Model bu rejimde tahmin üretmiyor. Kendi toparlanması bekleniyor, müdahale listesine alınmıyor. Bu bölgede referans yangınımız az — tahmin belirsizliği diğer bölgelerden yüksek, saha doğrulaması önerilir.",True
MAR_2023_01_004962,DIKIM_ADAYI,DUSUK_GUVEN,0.151,"meşe, kayın, karaçam",toparlanma=0.15 <0.35,"Aktif dikim adayı. Doğal toparlanma zayıf kalıyor, eğim (5,4°) dikime elverişli.","Modelin tahminine göre yangın öncesi örtünün ancak %15 kadarı iki yılda geri gelecek — kendi başına kapanmayacak bir açık var. Bu bölgede referans yangınımız az — tahmin belirsizliği diğer bölgelerden yüksek, saha doğrulaması önerilir. Yetişme ortamı: Marmara kuşağı, 420 m, düz-hafif eğimli (0–10°). Bu koşullar için önerilen türler: meşe, kayın, karaçam. Tür önerisi sistemin çıkarımı değil, dışarıdan verilen tablodan okunmuştur. Tablo: ÖRNEK TABLO — OGM tür-yetişme ortamı rehberi ile değiştirilecek",True
MAR_2023_01_004963,KAPSAM_DISI,,,,land_cover=Tarim,"Ağaçlandırma kapsamı dışı. Bu kare tarım alanı olarak sınıflanmış, orman rehabilitasyonu hedefi değil.",Öncelik sıralamasına dahil edilmiyor.,False
MAR_2023_01_004964,IZLE,DUSUK_GUVEN,,,prediction_status=low_severity,"İzle, müdahale etme. Yangın bu kareyi ağır yakmamış (orta-düşük şiddet, dNBR 0,28).","Model bu rejimde tahmin üretmiyor. Kendi toparlanması bekleniyor, müdahale listesine alınmıyor. Bu bölgede referans yangınımız az — tahmin belirsizliği diğer bölgelerden yüksek, saha doğrulaması önerilir.",True
MAR_2023_01_004965,KAPSAM_DISI,,,,land_cover=Tarim,"Ağaçlandırma kapsamı dışı. Bu kare tarım alanı olarak sınıflanmış, orman rehabilitasyonu hedefi değil.",Öncelik sıralamasına dahil edilmiyor.,False
MAR_2023_01_004969,KAPSAM_DISI,,,,land_cover=Tarim,"Ağaçlandırma kapsamı dışı. Bu kare tarım alanı olarak sınıflanmış, orman rehabilitasyonu hedefi değil.",Öncelik sıralamasına dahil edilmiyor.,False
MAR_2023_01_004970,DIKIM_ADAYI,DUSUK_GUVEN,0.1387,"meşe, kayın, karaçam",toparlanma=0.14 <0.35,"Aktif dikim adayı. Doğal toparlanma zayıf kalıyor, eğim (8,5°) dikime elverişli.","Modelin tahminine göre yangın öncesi örtünün ancak %14 kadarı iki yılda geri gelecek — kendi başına kapanmayacak bir açık var. Bu bölgede referans yangınımız az — tahmin belirsizliği diğer bölgelerden yüksek, saha doğrulaması önerilir. Yetişme ortamı: Marmara kuşağı, 218 m, düz-hafif eğimli (0–10°). Bu koşullar için önerilen türler: meşe, kayın, karaçam. Tür önerisi sistemin çıkarımı değil, dışarıdan verilen tablodan okunmuştur. Tablo: ÖRNEK TABLO — OGM tür-yetişme ortamı rehberi ile değiştirilecek",True
MAR_2023_01_004971,DIKIM_ADAYI,DUSUK_GUVEN,0.1529,"meşe, kayın, karaçam",toparlanma=0.15 <0.35,"Aktif dikim adayı. Doğal toparlanma zayıf kalıyor, eğim (10,4°) dikime elverişli.","Modelin tahminine göre yangın öncesi örtünün ancak %15 kadarı iki yılda geri gelecek — kendi başına kapanmayacak bir açık var. Bu bölgede referans yangınımız az — tahmin belirsizliği diğer bölgelerden yüksek, saha doğrulaması önerilir. Yetişme ortamı: Marmara kuşağı, 175 m, orta eğimli (10–25°). Bu koşullar için önerilen türler: meşe, kayın, karaçam. Tür önerisi sistemin çıkarımı değil, dışarıdan verilen tablodan okunmuştur. Tablo: ÖRNEK TABLO — OGM tür-yetişme ortamı rehberi ile değiştirilecek",True
MAR_2023_01_004972,DIKIM_ADAYI,DUSUK_GUVEN,0.1389,"meşe, kayın, karaçam",toparlanma=0.14 <0.35,"Aktif dikim adayı. Doğal toparlanma zayıf kalıyor, eğim (9,6°) dikime elverişli.","Modelin tahminine göre yangın öncesi örtünün ancak %14 kadarı iki yılda geri gelecek — kendi başına kapanmayacak bir açık var. Bu bölgede referans yangınımız az — tahmin belirsizliği diğer bölgelerden yüksek, saha doğrulaması önerilir. Yetişme ortamı: Marmara kuşağı, 157 m, düz-hafif eğimli (0–10°). Bu koşullar için önerilen türler: meşe, kayın, karaçam. Tür önerisi sistemin çıkarımı değil, dışarıdan verilen tablodan okunmuştur. Tablo: ÖRNEK TABLO — OGM tür-yetişme ortamı rehberi ile değiştirilecek",True
MAR_2023_01_004973,IZLE,DUSUK_GUVEN,,,prediction_status=low_severity,"İzle, müdahale etme. Yangın bu kareyi ağır yakmamış (düşük şiddet, dNBR 0,18).","Model bu rejimde tahmin üretmiyor. Kendi toparlanması bekleniyor, müdahale listesine alınmıyor. Bu bölgede referans yangınımız az — tahmin belirsizliği diğer bölgelerden yüksek, saha doğrulaması önerilir.",True
MAR_2023_01_004974,IZLE,DUSUK_GUVEN,,,prediction_status=low_severity,"İzle, müdahale etme. Yangın bu kareyi ağır yakmamış (düşük şiddet, dNBR 0,20).","Model bu rejimde tahmin üretmiyor. Kendi toparlanması bekleniyor, müdahale listesine alınmıyor. Bu bölgede referans yangınımız az — tahmin belirsizliği diğer bölgelerden yüksek, saha doğrulaması önerilir.",True
MAR_2023_01_004975,IZLE,DUSUK_GUVEN,,,prediction_status=low_severity,"İzle, müdahale etme. Yangın bu kareyi ağır yakmamış (düşük şiddet, dNBR 0,12).","Model bu rejimde tahmin üretmiyor. Kendi toparlanması bekleniyor, müdahale listesine alınmıyor. Bu bölgede referans yangınımız az — tahmin belirsizliği diğer bölgelerden yüksek, saha doğrulaması önerilir.",True
MAR_2023_01_005034,KAPSAM_DISI,,,,land_cover=Tarim,"Ağaçlandırma kapsamı dışı. Bu kare tarım alanı olarak sınıflanmış, orman rehabilitasyonu hedefi değil.",Öncelik sıralamasına dahil edilmiyor.,False
MAR_2023_01_005035,KAPSAM_DISI,,,,land_cover=Tarim,"Ağaçlandırma kapsamı dışı. Bu kare tarım alanı olarak sınıflanmış, orman rehabilitasyonu hedefi değil.",Öncelik sıralamasına dahil edilmiyor.,False
MAR_2023_01_005036,IZLE,DUSUK_GUVEN,,,prediction_status=low_severity,"İzle, müdahale etme. Yangın bu kareyi ağır yakmamış (düşük şiddet, dNBR 0,26).","Model bu rejimde tahmin üretmiyor. Kendi toparlanması bekleniyor, müdahale listesine alınmıyor. Bu bölgede referans yangınımız az — tahmin belirsizliği diğer bölgelerden yüksek, saha doğrulaması önerilir.",True
MAR_2023_01_005037,KAPSAM_DISI,,,,land_cover=Tarim,"Ağaçlandırma kapsamı dışı. Bu kare tarım alanı olarak sınıflanmış, orman rehabilitasyonu hedefi değil.",Öncelik sıralamasına dahil edilmiyor.,False
MAR_2023_01_005038,KAPSAM_DISI,,,,land_cover=Tarim,"Ağaçlandırma kapsamı dışı. Bu kare tarım alanı olarak sınıflanmış, orman rehabilitasyonu hedefi değil.",Öncelik sıralamasına dahil edilmiyor.,False
MAR_2023_01_005043,DIKIM_ADAYI,ESKIDEN_ORMAN_DEGIL|AGIR_YANMIS|DUSUK_GUVEN,0.3493,"maki türleri, kermes meşesi",toparlanma=0.35 <0.35,"Aktif dikim adayı. Doğal toparlanma zayıf kalıyor, eğim (13,3°) dikime elverişli.","Modelin tahminine göre yangın öncesi örtünün ancak %35 kadarı iki yılda geri gelecek — kendi başına kapanmayacak bir açık var. Yangın öncesi örtü otlak ve çalılık idi; orman kurma değil, mevcut örtünün onarımı düşünülmeli. Yangın orta-yüksek şiddet sınıfında (dNBR 0,45); toprak yüzeyi büyük olasılıkla açıkta. Bu bölgede referans yangınımız az — tahmin belirsizliği diğer bölgelerden yüksek, saha doğrulaması önerilir. Yetişme ortamı: Marmara kuşağı, 351 m, orta eğimli (10–25°). Bu koşullar için önerilen türler: maki türleri, kermes meşesi. Tür önerisi sistemin çıkarımı değil, dışarıdan verilen tablodan okunmuştur. Tablo: ÖRNEK TABLO — OGM tür-yetişme ortamı rehberi ile değiştirilecek",True
MAR_2023_01_005044,ONCELIGE_GORE,ESKIDEN_ORMAN_DEGIL|DUSUK_GUVEN,0.4041,,toparlanma=0.40 0.35..0.50,Öncelik sırasına göre değerlendir. Kısmi toparlanma bekleniyor; müdahale kararı bütçeye ve sıraya bağlı.,"Modelin tahminine göre yangın öncesi örtünün %40 kadarı iki yılda geri gelecek. Ne kendi kapanacak kadar iyi ne de acil müdahale gerektirecek kadar kötü — öncelik skoru bu kareyi sıranın neresine koyduğuna bakın. Yangın öncesi örtü otlak ve çalılık idi; orman kurma değil, mevcut örtünün onarımı düşünülmeli. Bu bölgede referans yangınımız az — tahmin belirsizliği diğer bölgelerden yüksek, saha doğrulaması önerilir.",True
MAR_2023_01_005045,DIKIM_ADAYI,DUSUK_GUVEN,0.0714,"meşe, kayın, karaçam",toparlanma=0.07 <0.35,"Aktif dikim adayı. Doğal toparlanma zayıf kalıyor, eğim (9,1°) dikime elverişli.","Modelin tahminine göre yangın öncesi örtünün ancak %7 kadarı iki yılda geri gelecek — kendi başına kapanmayacak bir açık var. Bu bölgede referans yangınımız az — tahmin belirsizliği diğer bölgelerden yüksek, saha doğrulaması önerilir. Yetişme ortamı: Marmara kuşağı, 403 m, düz-hafif eğimli (0–10°). Bu koşullar için önerilen türler: meşe, kayın, karaçam. Tür önerisi sistemin çıkarımı değil, dışarıdan verilen tablodan okunmuştur. Tablo: ÖRNEK TABLO — OGM tür-yetişme ortamı rehberi ile değiştirilecek",True
MAR_2023_01_005046,DIKIM_ADAYI,DUSUK_GUVEN,0.1598,"meşe, kayın, karaçam",toparlanma=0.16 <0.35,"Aktif dikim adayı. Doğal toparlanma zayıf kalıyor, eğim (6,9°) dikime elverişli.","Modelin tahminine göre yangın öncesi örtünün ancak %16 kadarı iki yılda geri gelecek — kendi başına kapanmayacak bir açık var. Bu bölgede referans yangınımız az — tahmin belirsizliği diğer bölgelerden yüksek, saha doğrulaması önerilir. Yetişme ortamı: Marmara kuşağı, 401 m, düz-hafif eğimli (0–10°). Bu koşullar için önerilen türler: meşe, kayın, karaçam. Tür önerisi sistemin çıkarımı değil, dışarıdan verilen tablodan okunmuştur. Tablo: ÖRNEK TABLO — OGM tür-yetişme ortamı rehberi ile değiştirilecek",True
MAR_2023_01_005047,KAPSAM_DISI,,,,land_cover=Tarim,"Ağaçlandırma kapsamı dışı. Bu kare tarım alanı olarak sınıflanmış, orman rehabilitasyonu hedefi değil.",Öncelik sıralamasına dahil edilmiyor.,False
MAR_2023_01_005048,KAPSAM_DISI,,,,land_cover=Tarim,"Ağaçlandırma kapsamı dışı. Bu kare tarım alanı olarak sınıflanmış, orman rehabilitasyonu hedefi değil.",Öncelik sıralamasına dahil edilmiyor.,False
MAR_2023_01_005049,KAPSAM_DISI,,,,land_cover=Yerlesim,"Ağaçlandırma kapsamı dışı. Bu kare yerleşim alanı olarak sınıflanmış, orman rehabilitasyonu hedefi değil.",Öncelik sıralamasına dahil edilmiyor.,False
MAR_2023_01_005050,KAPSAM_DISI,,,,land_cover=Tarim,"Ağaçlandırma kapsamı dışı. Bu kare tarım alanı olarak sınıflanmış, orman rehabilitasyonu hedefi değil.",Öncelik sıralamasına dahil edilmiyor.,False
MAR_2023_01_005051,KAPSAM_DISI,,,,land_cover=Tarim,"Ağaçlandırma kapsamı dışı. Bu kare tarım alanı olarak sınıflanmış, orman rehabilitasyonu hedefi değil.",Öncelik sıralamasına dahil edilmiyor.,False
MAR_2023_01_005052,IZLE,DUSUK_GUVEN,,,prediction_status=low_severity,"İzle, müdahale etme. Yangın bu kareyi ağır yakmamış (orta-düşük şiddet, dNBR 0,28).","Model bu rejimde tahmin üretmiyor. Kendi toparlanması bekleniyor, müdahale listesine alınmıyor. Bu bölgede referans yangınımız az — tahmin belirsizliği diğer bölgelerden yüksek, saha doğrulaması önerilir.",True
MAR_2023_01_005053,IZLE,DUSUK_GUVEN,,,prediction_status=low_severity,"İzle, müdahale etme. Yangın bu kareyi ağır yakmamış (düşük şiddet, dNBR 0,26).","Model bu rejimde tahmin üretmiyor. Kendi toparlanması bekleniyor, müdahale listesine alınmıyor. Bu bölgede referans yangınımız az — tahmin belirsizliği diğer bölgelerden yüksek, saha doğrulaması önerilir.",True
MAR_2023_01_005054,IZLE,DUSUK_GUVEN,,,prediction_status=low_severity,"İzle, müdahale etme. Yangın bu kareyi ağır yakmamış (düşük şiddet, dNBR 0,27).","Model bu rejimde tahmin üretmiyor. Kendi toparlanması bekleniyor, müdahale listesine alınmıyor. Bu bölgede referans yangınımız az — tahmin belirsizliği diğer bölgelerden yüksek, saha doğrulaması önerilir.",True
MAR_2023_01_005055,IZLE,DUSUK_GUVEN,,,prediction_status=low_severity,"İzle, müdahale etme. Yangın bu kareyi ağır yakmamış (düşük şiddet, dNBR 0,23).","Model bu rejimde tahmin üretmiyor. Kendi toparlanması bekleniyor, müdahale listesine alınmıyor. Bu bölgede referans yangınımız az — tahmin belirsizliği diğer bölgelerden yüksek, saha doğrulaması önerilir.",True
MAR_2023_01_005056,IZLE,DUSUK_GUVEN,,,prediction_status=low_severity,"İzle, müdahale etme. Yangın bu kareyi ağır yakmamış (düşük şiddet, dNBR 0,26).","Model bu rejimde tahmin üretmiyor. Kendi toparlanması bekleniyor, müdahale listesine alınmıyor. Bu bölgede referans yangınımız az — tahmin belirsizliği diğer bölgelerden yüksek, saha doğrulaması önerilir.",True
MAR_2023_01_005057,DIKIM_ADAYI,DUSUK_GUVEN,0.1774,"meşe, kayın, karaçam",toparlanma=0.18 <0.35,"Aktif dikim adayı. Doğal toparlanma zayıf kalıyor, eğim (7,9°) dikime elverişli.","Modelin tahminine göre yangın öncesi örtünün ancak %18 kadarı iki yılda geri gelecek — kendi başına kapanmayacak bir açık var. Bu bölgede referans yangınımız az — tahmin belirsizliği diğer bölgelerden yüksek, saha doğrulaması önerilir. Yetişme ortamı: Marmara kuşağı, 183 m, düz-hafif eğimli (0–10°). Bu koşullar için önerilen türler: meşe, kayın, karaçam. Tür önerisi sistemin çıkarımı değil, dışarıdan verilen tablodan okunmuştur. Tablo: ÖRNEK TABLO — OGM tür-yetişme ortamı rehberi ile değiştirilecek",True
MAR_2023_01_005058,IZLE,DUSUK_GUVEN,,,prediction_status=low_severity,"İzle, müdahale etme. Yangın bu kareyi ağır yakmamış (düşük şiddet, dNBR 0,19).","Model bu rejimde tahmin üretmiyor. Kendi toparlanması bekleniyor, müdahale listesine alınmıyor. Bu bölgede referans yangınımız az — tahmin belirsizliği diğer bölgelerden yüksek, saha doğrulaması önerilir.",True
MAR_2023_01_005063,IZLE,DUSUK_GUVEN,,,prediction_status=low_severity,"İzle, müdahale etme. Yangın bu kareyi ağır yakmamış (düşük şiddet, dNBR 0,10).","Model bu rejimde tahmin üretmiyor. Kendi toparlanması bekleniyor, müdahale listesine alınmıyor. Bu bölgede referans yangınımız az — tahmin belirsizliği diğer bölgelerden yüksek, saha doğrulaması önerilir.",True
MAR_2023_01_005120,KAPSAM_DISI,,,,land_cover=Tarim,"Ağaçlandırma kapsamı dışı. Bu kare tarım alanı olarak sınıflanmış, orman rehabilitasyonu hedefi değil.",Öncelik sıralamasına dahil edilmiyor.,False
MAR_2023_01_005121,KAPSAM_DISI,,,,land_cover=Tarim,"Ağaçlandırma kapsamı dışı. Bu kare tarım alanı olarak sınıflanmış, orman rehabilitasyonu hedefi değil.",Öncelik sıralamasına dahil edilmiyor.,False
MAR_2023_01_005122,KAPSAM_DISI,,,,land_cover=Tarim,"Ağaçlandırma kapsamı dışı. Bu kare tarım alanı olarak sınıflanmış, orman rehabilitasyonu hedefi değil.",Öncelik sıralamasına dahil edilmiyor.,False
MAR_2023_01_005123,KAPSAM_DISI,,,,land_cover=Tarim,"Ağaçlandırma kapsamı dışı. Bu kare tarım alanı olarak sınıflanmış, orman rehabilitasyonu hedefi değil.",Öncelik sıralamasına dahil edilmiyor.,False
MAR_2023_01_005124,KAPSAM_DISI,,,,land_cover=Tarim,"Ağaçlandırma kapsamı dışı. Bu kare tarım alanı olarak sınıflanmış, orman rehabilitasyonu hedefi değil.",Öncelik sıralamasına dahil edilmiyor.,False
MAR_2023_01_005125,KAPSAM_DISI,,,,land_cover=Tarim,"Ağaçlandırma kapsamı dışı. Bu kare tarım alanı olarak sınıflanmış, orman rehabilitasyonu hedefi değil.",Öncelik sıralamasına dahil edilmiyor.,False
MAR_2023_01_005127,KAPSAM_DISI,,,,land_cover=Tarim,"Ağaçlandırma kapsamı dışı. Bu kare tarım alanı olarak sınıflanmış, orman rehabilitasyonu hedefi değil.",Öncelik sıralamasına dahil edilmiyor.,False
MAR_2023_01_005128,KAPSAM_DISI,,,,land_cover=Tarim,"Ağaçlandırma kapsamı dışı. Bu kare tarım alanı olarak sınıflanmış, orman rehabilitasyonu hedefi değil.",Öncelik sıralamasına dahil edilmiyor.,False
MAR_2023_01_005129,KAPSAM_DISI,,,,land_cover=Tarim,"Ağaçlandırma kapsamı dışı. Bu kare tarım alanı olarak sınıflanmış, orman rehabilitasyonu hedefi değil.",Öncelik sıralamasına dahil edilmiyor.,False
MAR_2023_01_005130,DIKIM_ADAYI,DUSUK_GUVEN,0.095,"meşe, kayın, karaçam",toparlanma=0.10 <0.35,"Aktif dikim adayı. Doğal toparlanma zayıf kalıyor, eğim (13,7°) dikime elverişli.","Modelin tahminine göre yangın öncesi örtünün ancak %10 kadarı iki yılda geri gelecek — kendi başına kapanmayacak bir açık var. Bu bölgede referans yangınımız az — tahmin belirsizliği diğer bölgelerden yüksek, saha doğrulaması önerilir. Yetişme ortamı: Marmara kuşağı, 355 m, orta eğimli (10–25°). Bu koşullar için önerilen türler: meşe, kayın, karaçam. Tür önerisi sistemin çıkarımı değil, dışarıdan verilen tablodan okunmuştur. Tablo: ÖRNEK TABLO — OGM tür-yetişme ortamı rehberi ile değiştirilecek",True
MAR_2023_01_005131,IZLE,DUSUK_GUVEN,,,prediction_status=low_severity,"İzle, müdahale etme. Yangın bu kareyi ağır yakmamış (orta-düşük şiddet, dNBR 0,31).","Model bu rejimde tahmin üretmiyor. Kendi toparlanması bekleniyor, müdahale listesine alınmıyor. Bu bölgede referans yangınımız az — tahmin belirsizliği diğer bölgelerden yüksek, saha doğrulaması önerilir.",True
MAR_2023_01_005132,DIKIM_ADAYI,DUSUK_GUVEN,0.2859,"meşe, kayın, karaçam",toparlanma=0.29 <0.35,"Aktif dikim adayı. Doğal toparlanma zayıf kalıyor, eğim (4,2°) dikime elverişli.","Modelin tahminine göre yangın öncesi örtünün ancak %29 kadarı iki yılda geri gelecek — kendi başına kapanmayacak bir açık var. Bu bölgede referans yangınımız az — tahmin belirsizliği diğer bölgelerden yüksek, saha doğrulaması önerilir. Yetişme ortamı: Marmara kuşağı, 383 m, düz-hafif eğimli (0–10°). Bu koşullar için önerilen türler: meşe, kayın, karaçam. Tür önerisi sistemin çıkarımı değil, dışarıdan verilen tablodan okunmuştur. Tablo: ÖRNEK TABLO — OGM tür-yetişme ortamı rehberi ile değiştirilecek",True
MAR_2023_01_005133,KAPSAM_DISI,,,,land_cover=Tarim,"Ağaçlandırma kapsamı dışı. Bu kare tarım alanı olarak sınıflanmış, orman rehabilitasyonu hedefi değil.",Öncelik sıralamasına dahil edilmiyor.,False
MAR_2023_01_005134,KAPSAM_DISI,,,,land_cover=Yerlesim,"Ağaçlandırma kapsamı dışı. Bu kare yerleşim alanı olarak sınıflanmış, orman rehabilitasyonu hedefi değil.",Öncelik sıralamasına dahil edilmiyor.,False
MAR_2023_01_005135,KAPSAM_DISI,,,,land_cover=Tarim,"Ağaçlandırma kapsamı dışı. Bu kare tarım alanı olarak sınıflanmış, orman rehabilitasyonu hedefi değil.",Öncelik sıralamasına dahil edilmiyor.,False
MAR_2023_01_005136,KAPSAM_DISI,,,,land_cover=Tarim,"Ağaçlandırma kapsamı dışı. Bu kare tarım alanı olarak sınıflanmış, orman rehabilitasyonu hedefi değil.",Öncelik sıralamasına dahil edilmiyor.,False
MAR_2023_01_005137,IZLE,DUSUK_GUVEN,,,prediction_status=low_severity,"İzle, müdahale etme. Yangın bu kareyi ağır yakmamış (orta-düşük şiddet, dNBR 0,28).","Model bu rejimde tahmin üretmiyor. Kendi toparlanması bekleniyor, müdahale listesine alınmıyor. Bu bölgede referans yangınımız az — tahmin belirsizliği diğer bölgelerden yüksek, saha doğrulaması önerilir.",True
MAR_2023_01_005138,IZLE,DUSUK_GUVEN,,,prediction_status=low_severity,"İzle, müdahale etme. Yangın bu kareyi ağır yakmamış (düşük şiddet, dNBR 0,19).","Model bu rejimde tahmin üretmiyor. Kendi toparlanması bekleniyor, müdahale listesine alınmıyor. Bu bölgede referans yangınımız az — tahmin belirsizliği diğer bölgelerden yüksek, saha doğrulaması önerilir.",True
MAR_2023_01_005139,IZLE,DUSUK_GUVEN,,,prediction_status=low_severity,"İzle, müdahale etme. Yangın bu kareyi ağır yakmamış (düşük şiddet, dNBR 0,25).","Model bu rejimde tahmin üretmiyor. Kendi toparlanması bekleniyor, müdahale listesine alınmıyor. Bu bölgede referans yangınımız az — tahmin belirsizliği diğer bölgelerden yüksek, saha doğrulaması önerilir.",True
MAR_2023_01_005140,IZLE,DUSUK_GUVEN,,,prediction_status=low_severity,"İzle, müdahale etme. Yangın bu kareyi ağır yakmamış (düşük şiddet, dNBR 0,16).","Model bu rejimde tahmin üretmiyor. Kendi toparlanması bekleniyor, müdahale listesine alınmıyor. Bu bölgede referans yangınımız az — tahmin belirsizliği diğer bölgelerden yüksek, saha doğrulaması önerilir.",True
MAR_2023_01_005202,KAPSAM_DISI,,,,land_cover=Tarim,"Ağaçlandırma kapsamı dışı. Bu kare tarım alanı olarak sınıflanmış, orman rehabilitasyonu hedefi değil.",Öncelik sıralamasına dahil edilmiyor.,False
MAR_2023_01_005205,KAPSAM_DISI,,,,land_cover=Tarim,"Ağaçlandırma kapsamı dışı. Bu kare tarım alanı olarak sınıflanmış, orman rehabilitasyonu hedefi değil.",Öncelik sıralamasına dahil edilmiyor.,False
MAR_2023_01_005208,KAPSAM_DISI,,,,land_cover=Tarim,"Ağaçlandırma kapsamı dışı. Bu kare tarım alanı olarak sınıflanmış, orman rehabilitasyonu hedefi değil.",Öncelik sıralamasına dahil edilmiyor.,False
MAR_2023_01_005209,KAPSAM_DISI,,,,land_cover=Tarim,"Ağaçlandırma kapsamı dışı. Bu kare tarım alanı olarak sınıflanmış, orman rehabilitasyonu hedefi değil.",Öncelik sıralamasına dahil edilmiyor.,False
MAR_2023_01_005210,KAPSAM_DISI,,,,land_cover=Tarim,"Ağaçlandırma kapsamı dışı. Bu kare tarım alanı olarak sınıflanmış, orman rehabilitasyonu hedefi değil.",Öncelik sıralamasına dahil edilmiyor.,False
MAR_2023_01_005211,KAPSAM_DISI,,,,land_cover=Tarim,"Ağaçlandırma kapsamı dışı. Bu kare tarım alanı olarak sınıflanmış, orman rehabilitasyonu hedefi değil.",Öncelik sıralamasına dahil edilmiyor.,False
MAR_2023_01_005212,IZLE,DUSUK_GUVEN,,,prediction_status=low_severity,"İzle, müdahale etme. Yangın bu kareyi ağır yakmamış (düşük şiddet, dNBR 0,23).","Model bu rejimde tahmin üretmiyor. Kendi toparlanması bekleniyor, müdahale listesine alınmıyor. Bu bölgede referans yangınımız az — tahmin belirsizliği diğer bölgelerden yüksek, saha doğrulaması önerilir.",True
MAR_2023_01_005213,IZLE,DUSUK_GUVEN,,,prediction_status=low_severity,"İzle, müdahale etme. Yangın bu kareyi ağır yakmamış (orta-düşük şiddet, dNBR 0,29).","Model bu rejimde tahmin üretmiyor. Kendi toparlanması bekleniyor, müdahale listesine alınmıyor. Bu bölgede referans yangınımız az — tahmin belirsizliği diğer bölgelerden yüksek, saha doğrulaması önerilir.",True
MAR_2023_01_005214,KAPSAM_DISI,,,,land_cover=Tarim,"Ağaçlandırma kapsamı dışı. Bu kare tarım alanı olarak sınıflanmış, orman rehabilitasyonu hedefi değil.",Öncelik sıralamasına dahil edilmiyor.,False
MAR_2023_01_005215,KAPSAM_DISI,,,,land_cover=Tarim,"Ağaçlandırma kapsamı dışı. Bu kare tarım alanı olarak sınıflanmış, orman rehabilitasyonu hedefi değil.",Öncelik sıralamasına dahil edilmiyor.,False
MAR_2023_01_005216,KAPSAM_DISI,,,,land_cover=Tarim,"Ağaçlandırma kapsamı dışı. Bu kare tarım alanı olarak sınıflanmış, orman rehabilitasyonu hedefi değil.",Öncelik sıralamasına dahil edilmiyor.,False
MAR_2023_01_005217,IZLE,DUSUK_GUVEN,,,prediction_status=low_severity,"İzle, müdahale etme. Yangın bu kareyi ağır yakmamış (düşük şiddet, dNBR 0,23).","Model bu rejimde tahmin üretmiyor. Kendi toparlanması bekleniyor, müdahale listesine alınmıyor. Bu bölgede referans yangınımız az — tahmin belirsizliği diğer bölgelerden yüksek, saha doğrulaması önerilir.",True
MAR_2023_01_005218,IZLE,DUSUK_GUVEN,,,prediction_status=low_severity,"İzle, müdahale etme. Yangın bu kareyi ağır yakmamış (düşük şiddet, dNBR 0,23).","Model bu rejimde tahmin üretmiyor. Kendi toparlanması bekleniyor, müdahale listesine alınmıyor. Bu bölgede referans yangınımız az — tahmin belirsizliği diğer bölgelerden yüksek, saha doğrulaması önerilir.",True
MAR_2023_01_005219,KAPSAM_DISI,,,,land_cover=Yerlesim,"Ağaçlandırma kapsamı dışı. Bu kare yerleşim alanı olarak sınıflanmış, orman rehabilitasyonu hedefi değil.",Öncelik sıralamasına dahil edilmiyor.,False
MAR_2023_01_005220,IZLE,DUSUK_GUVEN,,,prediction_status=low_severity,"İzle, müdahale etme. Yangın bu kareyi ağır yakmamış (düşük şiddet, dNBR 0,21).","Model bu rejimde tahmin üretmiyor. Kendi toparlanması bekleniyor, müdahale listesine alınmıyor. Bu bölgede referans yangınımız az — tahmin belirsizliği diğer bölgelerden yüksek, saha doğrulaması önerilir.",True
MAR_2023_01_005221,IZLE,DUSUK_GUVEN,,,prediction_status=low_severity,"İzle, müdahale etme. Yangın bu kareyi ağır yakmamış (düşük şiddet, dNBR 0,19).","Model bu rejimde tahmin üretmiyor. Kendi toparlanması bekleniyor, müdahale listesine alınmıyor. Bu bölgede referans yangınımız az — tahmin belirsizliği diğer bölgelerden yüksek, saha doğrulaması önerilir.",True
MAR_2023_01_005222,IZLE,DUSUK_GUVEN,,,prediction_status=low_severity,"İzle, müdahale etme. Yangın bu kareyi ağır yakmamış (düşük şiddet, dNBR 0,15).","Model bu rejimde tahmin üretmiyor. Kendi toparlanması bekleniyor, müdahale listesine alınmıyor. Bu bölgede referans yangınımız az — tahmin belirsizliği diğer bölgelerden yüksek, saha doğrulaması önerilir.",True
MAR_2023_01_005223,IZLE,DUSUK_GUVEN,,,prediction_status=low_severity,"İzle, müdahale etme. Yangın bu kareyi ağır yakmamış (düşük şiddet, dNBR 0,14).","Model bu rejimde tahmin üretmiyor. Kendi toparlanması bekleniyor, müdahale listesine alınmıyor. Bu bölgede referans yangınımız az — tahmin belirsizliği diğer bölgelerden yüksek, saha doğrulaması önerilir.",True
MAR_2023_01_005224,IZLE,DUSUK_GUVEN,,,prediction_status=low_severity,"İzle, müdahale etme. Yangın bu kareyi ağır yakmamış (düşük şiddet, dNBR 0,12).","Model bu rejimde tahmin üretmiyor. Kendi toparlanması bekleniyor, müdahale listesine alınmıyor. Bu bölgede referans yangınımız az — tahmin belirsizliği diğer bölgelerden yüksek, saha doğrulaması önerilir.",True
MAR_2023_01_005225,IZLE,DUSUK_GUVEN,,,prediction_status=low_severity,"İzle, müdahale etme. Yangın bu kareyi ağır yakmamış (düşük şiddet, dNBR 0,13).","Model bu rejimde tahmin üretmiyor. Kendi toparlanması bekleniyor, müdahale listesine alınmıyor. Bu bölgede referans yangınımız az — tahmin belirsizliği diğer bölgelerden yüksek, saha doğrulaması önerilir.",True
MAR_2023_01_005226,IZLE,DUSUK_GUVEN,,,prediction_status=low_severity,"İzle, müdahale etme. Yangın bu kareyi ağır yakmamış (düşük şiddet, dNBR 0,13).","Model bu rejimde tahmin üretmiyor. Kendi toparlanması bekleniyor, müdahale listesine alınmıyor. Bu bölgede referans yangınımız az — tahmin belirsizliği diğer bölgelerden yüksek, saha doğrulaması önerilir.",True
MAR_2023_01_005246,IZLE,ESKIDEN_ORMAN_DEGIL|DUSUK_GUVEN,,,prediction_status=low_severity,"İzle, müdahale etme. Yangın bu kareyi ağır yakmamış (düşük şiddet, dNBR 0,16).","Model bu rejimde tahmin üretmiyor. Kendi toparlanması bekleniyor, müdahale listesine alınmıyor. Yangın öncesi örtü otlak ve çalılık idi; orman kurma değil, mevcut örtünün onarımı düşünülmeli. Bu bölgede referans yangınımız az — tahmin belirsizliği diğer bölgelerden yüksek, saha doğrulaması önerilir.",True
MAR_2023_01_005286,KAPSAM_DISI,,,,land_cover=Tarim,"Ağaçlandırma kapsamı dışı. Bu kare tarım alanı olarak sınıflanmış, orman rehabilitasyonu hedefi değil.",Öncelik sıralamasına dahil edilmiyor.,False
MAR_2023_01_005287,IZLE,DUSUK_GUVEN,,,prediction_status=low_severity,"İzle, müdahale etme. Yangın bu kareyi ağır yakmamış (orta-düşük şiddet, dNBR 0,34).","Model bu rejimde tahmin üretmiyor. Kendi toparlanması bekleniyor, müdahale listesine alınmıyor. Bu bölgede referans yangınımız az — tahmin belirsizliği diğer bölgelerden yüksek, saha doğrulaması önerilir.",True
MAR_2023_01_005288,KAPSAM_DISI,,,,land_cover=Tarim,"Ağaçlandırma kapsamı dışı. Bu kare tarım alanı olarak sınıflanmış, orman rehabilitasyonu hedefi değil.",Öncelik sıralamasına dahil edilmiyor.,False
MAR_2023_01_005289,KAPSAM_DISI,,,,land_cover=Tarim,"Ağaçlandırma kapsamı dışı. Bu kare tarım alanı olarak sınıflanmış, orman rehabilitasyonu hedefi değil.",Öncelik sıralamasına dahil edilmiyor.,False
MAR_2023_01_005290,KAPSAM_DISI,,,,land_cover=Tarim,"Ağaçlandırma kapsamı dışı. Bu kare tarım alanı olarak sınıflanmış, orman rehabilitasyonu hedefi değil.",Öncelik sıralamasına dahil edilmiyor.,False
MAR_2023_01_005291,KAPSAM_DISI,,,,land_cover=Tarim,"Ağaçlandırma kapsamı dışı. Bu kare tarım alanı olarak sınıflanmış, orman rehabilitasyonu hedefi değil.",Öncelik sıralamasına dahil edilmiyor.,False
MAR_2023_01_005292,IZLE,DUSUK_GUVEN,,,prediction_status=low_severity,"İzle, müdahale etme. Yangın bu kareyi ağır yakmamış (orta-düşük şiddet, dNBR 0,31).","Model bu rejimde tahmin üretmiyor. Kendi toparlanması bekleniyor, müdahale listesine alınmıyor. Bu bölgede referans yangınımız az — tahmin belirsizliği diğer bölgelerden yüksek, saha doğrulaması önerilir.",True
MAR_2023_01_005293,KAPSAM_DISI,,,,land_cover=Tarim,"Ağaçlandırma kapsamı dışı. Bu kare tarım alanı olarak sınıflanmış, orman rehabilitasyonu hedefi değil.",Öncelik sıralamasına dahil edilmiyor.,False
MAR_2023_01_005294,KAPSAM_DISI,,,,land_cover=Tarim,"Ağaçlandırma kapsamı dışı. Bu kare tarım alanı olarak sınıflanmış, orman rehabilitasyonu hedefi değil.",Öncelik sıralamasına dahil edilmiyor.,False
MAR_2023_01_005295,KAPSAM_DISI,,,,land_cover=Tarim,"Ağaçlandırma kapsamı dışı. Bu kare tarım alanı olarak sınıflanmış, orman rehabilitasyonu hedefi değil.",Öncelik sıralamasına dahil edilmiyor.,False
MAR_2023_01_005296,KAPSAM_DISI,,,,land_cover=Tarim,"Ağaçlandırma kapsamı dışı. Bu kare tarım alanı olarak sınıflanmış, orman rehabilitasyonu hedefi değil.",Öncelik sıralamasına dahil edilmiyor.,False
MAR_2023_01_005297,IZLE,DUSUK_GUVEN,,,prediction_status=low_severity,"İzle, müdahale etme. Yangın bu kareyi ağır yakmamış (orta-düşük şiddet, dNBR 0,28).","Model bu rejimde tahmin üretmiyor. Kendi toparlanması bekleniyor, müdahale listesine alınmıyor. Bu bölgede referans yangınımız az — tahmin belirsizliği diğer bölgelerden yüksek, saha doğrulaması önerilir.",True
MAR_2023_01_005298,IZLE,DUSUK_GUVEN,,,prediction_status=low_severity,"İzle, müdahale etme. Yangın bu kareyi ağır yakmamış (düşük şiddet, dNBR 0,27).","Model bu rejimde tahmin üretmiyor. Kendi toparlanması bekleniyor, müdahale listesine alınmıyor. Bu bölgede referans yangınımız az — tahmin belirsizliği diğer bölgelerden yüksek, saha doğrulaması önerilir.",True
MAR_2023_01_005299,IZLE,DUSUK_GUVEN,,,prediction_status=low_severity,"İzle, müdahale etme. Yangın bu kareyi ağır yakmamış (orta-düşük şiddet, dNBR 0,30).","Model bu rejimde tahmin üretmiyor. Kendi toparlanması bekleniyor, müdahale listesine alınmıyor. Bu bölgede referans yangınımız az — tahmin belirsizliği diğer bölgelerden yüksek, saha doğrulaması önerilir.",True
MAR_2023_01_005300,IZLE,DUSUK_GUVEN,,,prediction_status=low_severity,"İzle, müdahale etme. Yangın bu kareyi ağır yakmamış (orta-düşük şiddet, dNBR 0,29).","Model bu rejimde tahmin üretmiyor. Kendi toparlanması bekleniyor, müdahale listesine alınmıyor. Bu bölgede referans yangınımız az — tahmin belirsizliği diğer bölgelerden yüksek, saha doğrulaması önerilir.",True
MAR_2023_01_005301,DIKIM_ADAYI,DUSUK_GUVEN,0.1826,"meşe, kayın, karaçam",toparlanma=0.18 <0.35,"Aktif dikim adayı. Doğal toparlanma zayıf kalıyor, eğim (9,4°) dikime elverişli.","Modelin tahminine göre yangın öncesi örtünün ancak %18 kadarı iki yılda geri gelecek — kendi başına kapanmayacak bir açık var. Bu bölgede referans yangınımız az — tahmin belirsizliği diğer bölgelerden yüksek, saha doğrulaması önerilir. Yetişme ortamı: Marmara kuşağı, 292 m, düz-hafif eğimli (0–10°). Bu koşullar için önerilen türler: meşe, kayın, karaçam. Tür önerisi sistemin çıkarımı değil, dışarıdan verilen tablodan okunmuştur. Tablo: ÖRNEK TABLO — OGM tür-yetişme ortamı rehberi ile değiştirilecek",True
MAR_2023_01_005304,IZLE,DUSUK_GUVEN,,,prediction_status=low_severity,"İzle, müdahale etme. Yangın bu kareyi ağır yakmamış (düşük şiddet, dNBR 0,19).","Model bu rejimde tahmin üretmiyor. Kendi toparlanması bekleniyor, müdahale listesine alınmıyor. Bu bölgede referans yangınımız az — tahmin belirsizliği diğer bölgelerden yüksek, saha doğrulaması önerilir.",True
MAR_2023_01_005305,IZLE,DUSUK_GUVEN,,,prediction_status=low_severity,"İzle, müdahale etme. Yangın bu kareyi ağır yakmamış (düşük şiddet, dNBR 0,18).","Model bu rejimde tahmin üretmiyor. Kendi toparlanması bekleniyor, müdahale listesine alınmıyor. Bu bölgede referans yangınımız az — tahmin belirsizliği diğer bölgelerden yüksek, saha doğrulaması önerilir.",True
MAR_2023_01_005306,IZLE,DUSUK_GUVEN,,,prediction_status=low_severity,"İzle, müdahale etme. Yangın bu kareyi ağır yakmamış (düşük şiddet, dNBR 0,12).","Model bu rejimde tahmin üretmiyor. Kendi toparlanması bekleniyor, müdahale listesine alınmıyor. Bu bölgede referans yangınımız az — tahmin belirsizliği diğer bölgelerden yüksek, saha doğrulaması önerilir.",True
MAR_2023_01_005307,IZLE,DUSUK_GUVEN,,,prediction_status=low_severity,"İzle, müdahale etme. Yangın bu kareyi ağır yakmamış (düşük şiddet, dNBR 0,11).","Model bu rejimde tahmin üretmiyor. Kendi toparlanması bekleniyor, müdahale listesine alınmıyor. Bu bölgede referans yangınımız az — tahmin belirsizliği diğer bölgelerden yüksek, saha doğrulaması önerilir.",True
MAR_2023_01_005308,IZLE,DUSUK_GUVEN,,,prediction_status=low_severity,"İzle, müdahale etme. Yangın bu kareyi ağır yakmamış (düşük şiddet, dNBR 0,25).","Model bu rejimde tahmin üretmiyor. Kendi toparlanması bekleniyor, müdahale listesine alınmıyor. Bu bölgede referans yangınımız az — tahmin belirsizliği diğer bölgelerden yüksek, saha doğrulaması önerilir.",True
MAR_2023_01_005309,DIKIM_ADAYI,DUSUK_GUVEN,0.1319,"meşe, kayın, karaçam",toparlanma=0.13 <0.35,"Aktif dikim adayı. Doğal toparlanma zayıf kalıyor, eğim (7,4°) dikime elverişli.","Modelin tahminine göre yangın öncesi örtünün ancak %13 kadarı iki yılda geri gelecek — kendi başına kapanmayacak bir açık var. Bu bölgede referans yangınımız az — tahmin belirsizliği diğer bölgelerden yüksek, saha doğrulaması önerilir. Yetişme ortamı: Marmara kuşağı, 172 m, düz-hafif eğimli (0–10°). Bu koşullar için önerilen türler: meşe, kayın, karaçam. Tür önerisi sistemin çıkarımı değil, dışarıdan verilen tablodan okunmuştur. Tablo: ÖRNEK TABLO — OGM tür-yetişme ortamı rehberi ile değiştirilecek",True
MAR_2023_01_005310,IZLE,DUSUK_GUVEN,,,prediction_status=low_severity,"İzle, müdahale etme. Yangın bu kareyi ağır yakmamış (düşük şiddet, dNBR 0,21).","Model bu rejimde tahmin üretmiyor. Kendi toparlanması bekleniyor, müdahale listesine alınmıyor. Bu bölgede referans yangınımız az — tahmin belirsizliği diğer bölgelerden yüksek, saha doğrulaması önerilir.",True
MAR_2023_01_005311,IZLE,DUSUK_GUVEN,,,prediction_status=low_severity,"İzle, müdahale etme. Yangın bu kareyi ağır yakmamış (düşük şiddet, dNBR 0,14).","Model bu rejimde tahmin üretmiyor. Kendi toparlanması bekleniyor, müdahale listesine alınmıyor. Bu bölgede referans yangınımız az — tahmin belirsizliği diğer bölgelerden yüksek, saha doğrulaması önerilir.",True
MAR_2023_01_005330,IZLE,DUSUK_GUVEN,,,prediction_status=low_severity,"İzle, müdahale etme. Yangın bu kareyi ağır yakmamış (düşük şiddet, dNBR 0,20).","Model bu rejimde tahmin üretmiyor. Kendi toparlanması bekleniyor, müdahale listesine alınmıyor. Bu bölgede referans yangınımız az — tahmin belirsizliği diğer bölgelerden yüksek, saha doğrulaması önerilir.",True
MAR_2023_01_005331,IZLE,DUSUK_GUVEN,,,prediction_status=low_severity,"İzle, müdahale etme. Yangın bu kareyi ağır yakmamış (düşük şiddet, dNBR 0,13).","Model bu rejimde tahmin üretmiyor. Kendi toparlanması bekleniyor, müdahale listesine alınmıyor. Bu bölgede referans yangınımız az — tahmin belirsizliği diğer bölgelerden yüksek, saha doğrulaması önerilir.",True
MAR_2023_01_005371,KAPSAM_DISI,,,,land_cover=Tarim,"Ağaçlandırma kapsamı dışı. Bu kare tarım alanı olarak sınıflanmış, orman rehabilitasyonu hedefi değil.",Öncelik sıralamasına dahil edilmiyor.,False
MAR_2023_01_005374,IZLE,DUSUK_GUVEN,,,prediction_status=low_severity,"İzle, müdahale etme. Yangın bu kareyi ağır yakmamış (orta-düşük şiddet, dNBR 0,30).","Model bu rejimde tahmin üretmiyor. Kendi toparlanması bekleniyor, müdahale listesine alınmıyor. Bu bölgede referans yangınımız az — tahmin belirsizliği diğer bölgelerden yüksek, saha doğrulaması önerilir.",True
MAR_2023_01_005376,IZLE,DUSUK_GUVEN,,,prediction_status=low_severity,"İzle, müdahale etme. Yangın bu kareyi ağır yakmamış (orta-düşük şiddet, dNBR 0,34).","Model bu rejimde tahmin üretmiyor. Kendi toparlanması bekleniyor, müdahale listesine alınmıyor. Bu bölgede referans yangınımız az — tahmin belirsizliği diğer bölgelerden yüksek, saha doğrulaması önerilir.",True
MAR_2023_01_005377,IZLE,DUSUK_GUVEN,,,prediction_status=low_severity,"İzle, müdahale etme. Yangın bu kareyi ağır yakmamış (orta-düşük şiddet, dNBR 0,30).","Model bu rejimde tahmin üretmiyor. Kendi toparlanması bekleniyor, müdahale listesine alınmıyor. Bu bölgede referans yangınımız az — tahmin belirsizliği diğer bölgelerden yüksek, saha doğrulaması önerilir.",True
MAR_2023_01_005378,KAPSAM_DISI,,,,land_cover=Tarim,"Ağaçlandırma kapsamı dışı. Bu kare tarım alanı olarak sınıflanmış, orman rehabilitasyonu hedefi değil.",Öncelik sıralamasına dahil edilmiyor.,False
MAR_2023_01_005379,KAPSAM_DISI,,,,land_cover=Tarim,"Ağaçlandırma kapsamı dışı. Bu kare tarım alanı olarak sınıflanmış, orman rehabilitasyonu hedefi değil.",Öncelik sıralamasına dahil edilmiyor.,False
MAR_2023_01_005380,KAPSAM_DISI,,,,land_cover=Tarim,"Ağaçlandırma kapsamı dışı. Bu kare tarım alanı olarak sınıflanmış, orman rehabilitasyonu hedefi değil.",Öncelik sıralamasına dahil edilmiyor.,False
MAR_2023_01_005381,KAPSAM_DISI,,,,land_cover=Tarim,"Ağaçlandırma kapsamı dışı. Bu kare tarım alanı olarak sınıflanmış, orman rehabilitasyonu hedefi değil.",Öncelik sıralamasına dahil edilmiyor.,False
MAR_2023_01_005382,DIKIM_ADAYI,DUSUK_GUVEN,0.2793,"meşe, kayın, karaçam",toparlanma=0.28 <0.35,"Aktif dikim adayı. Doğal toparlanma zayıf kalıyor, eğim (5,5°) dikime elverişli.","Modelin tahminine göre yangın öncesi örtünün ancak %28 kadarı iki yılda geri gelecek — kendi başına kapanmayacak bir açık var. Bu bölgede referans yangınımız az — tahmin belirsizliği diğer bölgelerden yüksek, saha doğrulaması önerilir. Yetişme ortamı: Marmara kuşağı, 204 m, düz-hafif eğimli (0–10°). Bu koşullar için önerilen türler: meşe, kayın, karaçam. Tür önerisi sistemin çıkarımı değil, dışarıdan verilen tablodan okunmuştur. Tablo: ÖRNEK TABLO — OGM tür-yetişme ortamı rehberi ile değiştirilecek",True
MAR_2023_01_005383,KAPSAM_DISI,,,,land_cover=Tarim,"Ağaçlandırma kapsamı dışı. Bu kare tarım alanı olarak sınıflanmış, orman rehabilitasyonu hedefi değil.",Öncelik sıralamasına dahil edilmiyor.,False
MAR_2023_01_005384,IZLE,DUSUK_GUVEN,,,prediction_status=low_severity,"İzle, müdahale etme. Yangın bu kareyi ağır yakmamış (orta-düşük şiddet, dNBR 0,31).","Model bu rejimde tahmin üretmiyor. Kendi toparlanması bekleniyor, müdahale listesine alınmıyor. Bu bölgede referans yangınımız az — tahmin belirsizliği diğer bölgelerden yüksek, saha doğrulaması önerilir.",True
MAR_2023_01_005385,IZLE,DUSUK_GUVEN,,,prediction_status=low_severity,"İzle, müdahale etme. Yangın bu kareyi ağır yakmamış (orta-düşük şiddet, dNBR 0,31).","Model bu rejimde tahmin üretmiyor. Kendi toparlanması bekleniyor, müdahale listesine alınmıyor. Bu bölgede referans yangınımız az — tahmin belirsizliği diğer bölgelerden yüksek, saha doğrulaması önerilir.",True
MAR_2023_01_005386,KAPSAM_DISI,,,,land_cover=Tarim,"Ağaçlandırma kapsamı dışı. Bu kare tarım alanı olarak sınıflanmış, orman rehabilitasyonu hedefi değil.",Öncelik sıralamasına dahil edilmiyor.,False
MAR_2023_01_005389,IZLE,DUSUK_GUVEN,,,prediction_status=low_severity,"İzle, müdahale etme. Yangın bu kareyi ağır yakmamış (düşük şiddet, dNBR 0,20).","Model bu rejimde tahmin üretmiyor. Kendi toparlanması bekleniyor, müdahale listesine alınmıyor. Bu bölgede referans yangınımız az — tahmin belirsizliği diğer bölgelerden yüksek, saha doğrulaması önerilir.",True
MAR_2023_01_005390,IZLE,DUSUK_GUVEN,,,prediction_status=low_severity,"İzle, müdahale etme. Yangın bu kareyi ağır yakmamış (düşük şiddet, dNBR 0,15).","Model bu rejimde tahmin üretmiyor. Kendi toparlanması bekleniyor, müdahale listesine alınmıyor. Bu bölgede referans yangınımız az — tahmin belirsizliği diğer bölgelerden yüksek, saha doğrulaması önerilir.",True
MAR_2023_01_005391,IZLE,DUSUK_GUVEN,,,prediction_status=low_severity,"İzle, müdahale etme. Yangın bu kareyi ağır yakmamış (düşük şiddet, dNBR 0,11).","Model bu rejimde tahmin üretmiyor. Kendi toparlanması bekleniyor, müdahale listesine alınmıyor. Bu bölgede referans yangınımız az — tahmin belirsizliği diğer bölgelerden yüksek, saha doğrulaması önerilir.",True
MAR_2023_01_005392,IZLE,DUSUK_GUVEN,,,prediction_status=low_severity,"İzle, müdahale etme. Yangın bu kareyi ağır yakmamış (düşük şiddet, dNBR 0,27).","Model bu rejimde tahmin üretmiyor. Kendi toparlanması bekleniyor, müdahale listesine alınmıyor. Bu bölgede referans yangınımız az — tahmin belirsizliği diğer bölgelerden yüksek, saha doğrulaması önerilir.",True
MAR_2023_01_005393,DIKIM_ADAYI,DUSUK_GUVEN,0.1582,"meşe, kayın, karaçam",toparlanma=0.16 <0.35,"Aktif dikim adayı. Doğal toparlanma zayıf kalıyor, eğim (9,2°) dikime elverişli.","Modelin tahminine göre yangın öncesi örtünün ancak %16 kadarı iki yılda geri gelecek — kendi başına kapanmayacak bir açık var. Bu bölgede referans yangınımız az — tahmin belirsizliği diğer bölgelerden yüksek, saha doğrulaması önerilir. Yetişme ortamı: Marmara kuşağı, 197 m, düz-hafif eğimli (0–10°). Bu koşullar için önerilen türler: meşe, kayın, karaçam. Tür önerisi sistemin çıkarımı değil, dışarıdan verilen tablodan okunmuştur. Tablo: ÖRNEK TABLO — OGM tür-yetişme ortamı rehberi ile değiştirilecek",True
MAR_2023_01_005394,DIKIM_ADAYI,DUSUK_GUVEN,0.1839,"meşe, kayın, karaçam",toparlanma=0.18 <0.35,"Aktif dikim adayı. Doğal toparlanma zayıf kalıyor, eğim (6,1°) dikime elverişli.","Modelin tahminine göre yangın öncesi örtünün ancak %18 kadarı iki yılda geri gelecek — kendi başına kapanmayacak bir açık var. Bu bölgede referans yangınımız az — tahmin belirsizliği diğer bölgelerden yüksek, saha doğrulaması önerilir. Yetişme ortamı: Marmara kuşağı, 169 m, düz-hafif eğimli (0–10°). Bu koşullar için önerilen türler: meşe, kayın, karaçam. Tür önerisi sistemin çıkarımı değil, dışarıdan verilen tablodan okunmuştur. Tablo: ÖRNEK TABLO — OGM tür-yetişme ortamı rehberi ile değiştirilecek",True
MAR_2023_01_005395,IZLE,DUSUK_GUVEN,,,prediction_status=low_severity,"İzle, müdahale etme. Yangın bu kareyi ağır yakmamış (düşük şiddet, dNBR 0,18).","Model bu rejimde tahmin üretmiyor. Kendi toparlanması bekleniyor, müdahale listesine alınmıyor. Bu bölgede referans yangınımız az — tahmin belirsizliği diğer bölgelerden yüksek, saha doğrulaması önerilir.",True
MAR_2023_01_005415,IZLE,DUSUK_GUVEN,,,prediction_status=low_severity,"İzle, müdahale etme. Yangın bu kareyi ağır yakmamış (düşük şiddet, dNBR 0,12).","Model bu rejimde tahmin üretmiyor. Kendi toparlanması bekleniyor, müdahale listesine alınmıyor. Bu bölgede referans yangınımız az — tahmin belirsizliği diğer bölgelerden yüksek, saha doğrulaması önerilir.",True
MAR_2023_01_005443,KAPSAM_DISI,,,,land_cover=Tarim,"Ağaçlandırma kapsamı dışı. Bu kare tarım alanı olarak sınıflanmış, orman rehabilitasyonu hedefi değil.",Öncelik sıralamasına dahil edilmiyor.,False
MAR_2023_01_005455,KAPSAM_DISI,,,,land_cover=Tarim,"Ağaçlandırma kapsamı dışı. Bu kare tarım alanı olarak sınıflanmış, orman rehabilitasyonu hedefi değil.",Öncelik sıralamasına dahil edilmiyor.,False
MAR_2023_01_005456,KAPSAM_DISI,,,,land_cover=Tarim,"Ağaçlandırma kapsamı dışı. Bu kare tarım alanı olarak sınıflanmış, orman rehabilitasyonu hedefi değil.",Öncelik sıralamasına dahil edilmiyor.,False
MAR_2023_01_005457,KAPSAM_DISI,,,,land_cover=Tarim,"Ağaçlandırma kapsamı dışı. Bu kare tarım alanı olarak sınıflanmış, orman rehabilitasyonu hedefi değil.",Öncelik sıralamasına dahil edilmiyor.,False
MAR_2023_01_005458,DIKIM_ADAYI,DUSUK_GUVEN,0.3235,"meşe, kayın, karaçam",toparlanma=0.32 <0.35,"Aktif dikim adayı. Doğal toparlanma zayıf kalıyor, eğim (5,6°) dikime elverişli.","Modelin tahminine göre yangın öncesi örtünün ancak %32 kadarı iki yılda geri gelecek — kendi başına kapanmayacak bir açık var. Bu bölgede referans yangınımız az — tahmin belirsizliği diğer bölgelerden yüksek, saha doğrulaması önerilir. Yetişme ortamı: Marmara kuşağı, 104 m, düz-hafif eğimli (0–10°). Bu koşullar için önerilen türler: meşe, kayın, karaçam. Tür önerisi sistemin çıkarımı değil, dışarıdan verilen tablodan okunmuştur. Tablo: ÖRNEK TABLO — OGM tür-yetişme ortamı rehberi ile değiştirilecek",True
MAR_2023_01_005459,KAPSAM_DISI,,,,land_cover=Tarim,"Ağaçlandırma kapsamı dışı. Bu kare tarım alanı olarak sınıflanmış, orman rehabilitasyonu hedefi değil.",Öncelik sıralamasına dahil edilmiyor.,False
MAR_2023_01_005460,KAPSAM_DISI,,,,land_cover=Tarim,"Ağaçlandırma kapsamı dışı. Bu kare tarım alanı olarak sınıflanmış, orman rehabilitasyonu hedefi değil.",Öncelik sıralamasına dahil edilmiyor.,False
MAR_2023_01_005461,DIKIM_ADAYI,DUSUK_GUVEN,0.3183,"meşe, kayın, karaçam",toparlanma=0.32 <0.35,"Aktif dikim adayı. Doğal toparlanma zayıf kalıyor, eğim (6,7°) dikime elverişli.","Modelin tahminine göre yangın öncesi örtünün ancak %32 kadarı iki yılda geri gelecek — kendi başına kapanmayacak bir açık var. Bu bölgede referans yangınımız az — tahmin belirsizliği diğer bölgelerden yüksek, saha doğrulaması önerilir. Yetişme ortamı: Marmara kuşağı, 120 m, düz-hafif eğimli (0–10°). Bu koşullar için önerilen türler: meşe, kayın, karaçam. Tür önerisi sistemin çıkarımı değil, dışarıdan verilen tablodan okunmuştur. Tablo: ÖRNEK TABLO — OGM tür-yetişme ortamı rehberi ile değiştirilecek",True
MAR_2023_01_005462,KAPSAM_DISI,,,,land_cover=Tarim,"Ağaçlandırma kapsamı dışı. Bu kare tarım alanı olarak sınıflanmış, orman rehabilitasyonu hedefi değil.",Öncelik sıralamasına dahil edilmiyor.,False
MAR_2023_01_005463,KAPSAM_DISI,,,,land_cover=Tarim,"Ağaçlandırma kapsamı dışı. Bu kare tarım alanı olarak sınıflanmış, orman rehabilitasyonu hedefi değil.",Öncelik sıralamasına dahil edilmiyor.,False
MAR_2023_01_005464,KAPSAM_DISI,,,,land_cover=Tarim,"Ağaçlandırma kapsamı dışı. Bu kare tarım alanı olarak sınıflanmış, orman rehabilitasyonu hedefi değil.",Öncelik sıralamasına dahil edilmiyor.,False
MAR_2023_01_005465,KAPSAM_DISI,,,,land_cover=Tarim,"Ağaçlandırma kapsamı dışı. Bu kare tarım alanı olarak sınıflanmış, orman rehabilitasyonu hedefi değil.",Öncelik sıralamasına dahil edilmiyor.,False
MAR_2023_01_005466,KAPSAM_DISI,,,,land_cover=Yerlesim,"Ağaçlandırma kapsamı dışı. Bu kare yerleşim alanı olarak sınıflanmış, orman rehabilitasyonu hedefi değil.",Öncelik sıralamasına dahil edilmiyor.,False
MAR_2023_01_005467,KAPSAM_DISI,,,,land_cover=Yerlesim,"Ağaçlandırma kapsamı dışı. Bu kare yerleşim alanı olarak sınıflanmış, orman rehabilitasyonu hedefi değil.",Öncelik sıralamasına dahil edilmiyor.,False
MAR_2023_01_005468,KAPSAM_DISI,,,,land_cover=Tarim,"Ağaçlandırma kapsamı dışı. Bu kare tarım alanı olarak sınıflanmış, orman rehabilitasyonu hedefi değil.",Öncelik sıralamasına dahil edilmiyor.,False
MAR_2023_01_005469,KAPSAM_DISI,,,,land_cover=Tarim,"Ağaçlandırma kapsamı dışı. Bu kare tarım alanı olarak sınıflanmış, orman rehabilitasyonu hedefi değil.",Öncelik sıralamasına dahil edilmiyor.,False
MAR_2023_01_005470,KAPSAM_DISI,,,,land_cover=Tarim,"Ağaçlandırma kapsamı dışı. Bu kare tarım alanı olarak sınıflanmış, orman rehabilitasyonu hedefi değil.",Öncelik sıralamasına dahil edilmiyor.,False
MAR_2023_01_005471,KAPSAM_DISI,,,,land_cover=Tarim,"Ağaçlandırma kapsamı dışı. Bu kare tarım alanı olarak sınıflanmış, orman rehabilitasyonu hedefi değil.",Öncelik sıralamasına dahil edilmiyor.,False
MAR_2023_01_005474,IZLE,DUSUK_GUVEN,,,prediction_status=low_severity,"İzle, müdahale etme. Yangın bu kareyi ağır yakmamış (düşük şiddet, dNBR 0,17).","Model bu rejimde tahmin üretmiyor. Kendi toparlanması bekleniyor, müdahale listesine alınmıyor. Bu bölgede referans yangınımız az — tahmin belirsizliği diğer bölgelerden yüksek, saha doğrulaması önerilir.",True
MAR_2023_01_005475,IZLE,DUSUK_GUVEN,,,prediction_status=low_severity,"İzle, müdahale etme. Yangın bu kareyi ağır yakmamış (düşük şiddet, dNBR 0,14).","Model bu rejimde tahmin üretmiyor. Kendi toparlanması bekleniyor, müdahale listesine alınmıyor. Bu bölgede referans yangınımız az — tahmin belirsizliği diğer bölgelerden yüksek, saha doğrulaması önerilir.",True
MAR_2023_01_005476,IZLE,DUSUK_GUVEN,,,prediction_status=low_severity,"İzle, müdahale etme. Yangın bu kareyi ağır yakmamış (düşük şiddet, dNBR 0,21).","Model bu rejimde tahmin üretmiyor. Kendi toparlanması bekleniyor, müdahale listesine alınmıyor. Bu bölgede referans yangınımız az — tahmin belirsizliği diğer bölgelerden yüksek, saha doğrulaması önerilir.",True
MAR_2023_01_005477,DIKIM_ADAYI,DUSUK_GUVEN,0.0902,"meşe, kayın, karaçam",toparlanma=0.09 <0.35,"Aktif dikim adayı. Doğal toparlanma zayıf kalıyor, eğim (11,4°) dikime elverişli.","Modelin tahminine göre yangın öncesi örtünün ancak %9 kadarı iki yılda geri gelecek — kendi başına kapanmayacak bir açık var. Bu bölgede referans yangınımız az — tahmin belirsizliği diğer bölgelerden yüksek, saha doğrulaması önerilir. Yetişme ortamı: Marmara kuşağı, 239 m, orta eğimli (10–25°). Bu koşullar için önerilen türler: meşe, kayın, karaçam. Tür önerisi sistemin çıkarımı değil, dışarıdan verilen tablodan okunmuştur. Tablo: ÖRNEK TABLO — OGM tür-yetişme ortamı rehberi ile değiştirilecek",True
MAR_2023_01_005478,DIKIM_ADAYI,DUSUK_GUVEN,0.1306,"meşe, kayın, karaçam",toparlanma=0.13 <0.35,"Aktif dikim adayı. Doğal toparlanma zayıf kalıyor, eğim (8,1°) dikime elverişli.","Modelin tahminine göre yangın öncesi örtünün ancak %13 kadarı iki yılda geri gelecek — kendi başına kapanmayacak bir açık var. Bu bölgede referans yangınımız az — tahmin belirsizliği diğer bölgelerden yüksek, saha doğrulaması önerilir. Yetişme ortamı: Marmara kuşağı, 202 m, düz-hafif eğimli (0–10°). Bu koşullar için önerilen türler: meşe, kayın, karaçam. Tür önerisi sistemin çıkarımı değil, dışarıdan verilen tablodan okunmuştur. Tablo: ÖRNEK TABLO — OGM tür-yetişme ortamı rehberi ile değiştirilecek",True
MAR_2023_01_005479,IZLE,DUSUK_GUVEN,,,prediction_status=low_severity,"İzle, müdahale etme. Yangın bu kareyi ağır yakmamış (düşük şiddet, dNBR 0,20).","Model bu rejimde tahmin üretmiyor. Kendi toparlanması bekleniyor, müdahale listesine alınmıyor. Bu bölgede referans yangınımız az — tahmin belirsizliği diğer bölgelerden yüksek, saha doğrulaması önerilir.",True
MAR_2023_01_005480,IZLE,DUSUK_GUVEN,,,prediction_status=low_severity,"İzle, müdahale etme. Yangın bu kareyi ağır yakmamış (düşük şiddet, dNBR 0,19).","Model bu rejimde tahmin üretmiyor. Kendi toparlanması bekleniyor, müdahale listesine alınmıyor. Bu bölgede referans yangınımız az — tahmin belirsizliği diğer bölgelerden yüksek, saha doğrulaması önerilir.",True
MAR_2023_01_005542,KAPSAM_DISI,,,,land_cover=Tarim,"Ağaçlandırma kapsamı dışı. Bu kare tarım alanı olarak sınıflanmış, orman rehabilitasyonu hedefi değil.",Öncelik sıralamasına dahil edilmiyor.,False
MAR_2023_01_005544,KAPSAM_DISI,,,,land_cover=Tarim,"Ağaçlandırma kapsamı dışı. Bu kare tarım alanı olarak sınıflanmış, orman rehabilitasyonu hedefi değil.",Öncelik sıralamasına dahil edilmiyor.,False
MAR_2023_01_005545,DIKIM_ADAYI,DUSUK_GUVEN,0.2827,"meşe, kayın, karaçam",toparlanma=0.28 <0.35,"Aktif dikim adayı. Doğal toparlanma zayıf kalıyor, eğim (6,5°) dikime elverişli.","Modelin tahminine göre yangın öncesi örtünün ancak %28 kadarı iki yılda geri gelecek — kendi başına kapanmayacak bir açık var. Bu bölgede referans yangınımız az — tahmin belirsizliği diğer bölgelerden yüksek, saha doğrulaması önerilir. Yetişme ortamı: Marmara kuşağı, 114 m, düz-hafif eğimli (0–10°). Bu koşullar için önerilen türler: meşe, kayın, karaçam. Tür önerisi sistemin çıkarımı değil, dışarıdan verilen tablodan okunmuştur. Tablo: ÖRNEK TABLO — OGM tür-yetişme ortamı rehberi ile değiştirilecek",True
MAR_2023_01_005546,KAPSAM_DISI,,,,land_cover=Tarim,"Ağaçlandırma kapsamı dışı. Bu kare tarım alanı olarak sınıflanmış, orman rehabilitasyonu hedefi değil.",Öncelik sıralamasına dahil edilmiyor.,False
MAR_2023_01_005547,KAPSAM_DISI,,,,land_cover=Tarim,"Ağaçlandırma kapsamı dışı. Bu kare tarım alanı olarak sınıflanmış, orman rehabilitasyonu hedefi değil.",Öncelik sıralamasına dahil edilmiyor.,False
MAR_2023_01_005548,KAPSAM_DISI,,,,land_cover=Tarim,"Ağaçlandırma kapsamı dışı. Bu kare tarım alanı olarak sınıflanmış, orman rehabilitasyonu hedefi değil.",Öncelik sıralamasına dahil edilmiyor.,False
MAR_2023_01_005549,IZLE,DUSUK_GUVEN,,,prediction_status=low_severity,"İzle, müdahale etme. Yangın bu kareyi ağır yakmamış (orta-düşük şiddet, dNBR 0,30).","Model bu rejimde tahmin üretmiyor. Kendi toparlanması bekleniyor, müdahale listesine alınmıyor. Bu bölgede referans yangınımız az — tahmin belirsizliği diğer bölgelerden yüksek, saha doğrulaması önerilir.",True
MAR_2023_01_005550,KAPSAM_DISI,,,,land_cover=Yerlesim,"Ağaçlandırma kapsamı dışı. Bu kare yerleşim alanı olarak sınıflanmış, orman rehabilitasyonu hedefi değil.",Öncelik sıralamasına dahil edilmiyor.,False
MAR_2023_01_005552,KAPSAM_DISI,,,,land_cover=Tarim,"Ağaçlandırma kapsamı dışı. Bu kare tarım alanı olarak sınıflanmış, orman rehabilitasyonu hedefi değil.",Öncelik sıralamasına dahil edilmiyor.,False
MAR_2023_01_005553,IZLE,DUSUK_GUVEN,,,prediction_status=low_severity,"İzle, müdahale etme. Yangın bu kareyi ağır yakmamış (orta-düşük şiddet, dNBR 0,30).","Model bu rejimde tahmin üretmiyor. Kendi toparlanması bekleniyor, müdahale listesine alınmıyor. Bu bölgede referans yangınımız az — tahmin belirsizliği diğer bölgelerden yüksek, saha doğrulaması önerilir.",True
MAR_2023_01_005554,KAPSAM_DISI,,,,land_cover=Tarim,"Ağaçlandırma kapsamı dışı. Bu kare tarım alanı olarak sınıflanmış, orman rehabilitasyonu hedefi değil.",Öncelik sıralamasına dahil edilmiyor.,False
MAR_2023_01_005555,KAPSAM_DISI,,,,land_cover=Tarim,"Ağaçlandırma kapsamı dışı. Bu kare tarım alanı olarak sınıflanmış, orman rehabilitasyonu hedefi değil.",Öncelik sıralamasına dahil edilmiyor.,False
MAR_2023_01_005556,KAPSAM_DISI,,,,land_cover=Tarim,"Ağaçlandırma kapsamı dışı. Bu kare tarım alanı olarak sınıflanmış, orman rehabilitasyonu hedefi değil.",Öncelik sıralamasına dahil edilmiyor.,False
MAR_2023_01_005558,IZLE,DUSUK_GUVEN,,,prediction_status=low_severity,"İzle, müdahale etme. Yangın bu kareyi ağır yakmamış (düşük şiddet, dNBR 0,26).","Model bu rejimde tahmin üretmiyor. Kendi toparlanması bekleniyor, müdahale listesine alınmıyor. Bu bölgede referans yangınımız az — tahmin belirsizliği diğer bölgelerden yüksek, saha doğrulaması önerilir.",True
MAR_2023_01_005559,IZLE,DUSUK_GUVEN,,,prediction_status=low_severity,"İzle, müdahale etme. Yangın bu kareyi ağır yakmamış (düşük şiddet, dNBR 0,25).","Model bu rejimde tahmin üretmiyor. Kendi toparlanması bekleniyor, müdahale listesine alınmıyor. Bu bölgede referans yangınımız az — tahmin belirsizliği diğer bölgelerden yüksek, saha doğrulaması önerilir.",True
MAR_2023_01_005560,IZLE,DUSUK_GUVEN,,,prediction_status=low_severity,"İzle, müdahale etme. Yangın bu kareyi ağır yakmamış (düşük şiddet, dNBR 0,18).","Model bu rejimde tahmin üretmiyor. Kendi toparlanması bekleniyor, müdahale listesine alınmıyor. Bu bölgede referans yangınımız az — tahmin belirsizliği diğer bölgelerden yüksek, saha doğrulaması önerilir.",True
MAR_2023_01_005561,IZLE,DUSUK_GUVEN,,,prediction_status=low_severity,"İzle, müdahale etme. Yangın bu kareyi ağır yakmamış (orta-düşük şiddet, dNBR 0,35).","Model bu rejimde tahmin üretmiyor. Kendi toparlanması bekleniyor, müdahale listesine alınmıyor. Bu bölgede referans yangınımız az — tahmin belirsizliği diğer bölgelerden yüksek, saha doğrulaması önerilir.",True
MAR_2023_01_005562,IZLE,DUSUK_GUVEN,,,prediction_status=low_severity,"İzle, müdahale etme. Yangın bu kareyi ağır yakmamış (orta-düşük şiddet, dNBR 0,30).","Model bu rejimde tahmin üretmiyor. Kendi toparlanması bekleniyor, müdahale listesine alınmıyor. Bu bölgede referans yangınımız az — tahmin belirsizliği diğer bölgelerden yüksek, saha doğrulaması önerilir.",True
MAR_2023_01_005563,DIKIM_ADAYI,DUSUK_GUVEN,0.122,"meşe, kayın, karaçam",toparlanma=0.12 <0.35,"Aktif dikim adayı. Doğal toparlanma zayıf kalıyor, eğim (8,9°) dikime elverişli.","Modelin tahminine göre yangın öncesi örtünün ancak %12 kadarı iki yılda geri gelecek — kendi başına kapanmayacak bir açık var. Bu bölgede referans yangınımız az — tahmin belirsizliği diğer bölgelerden yüksek, saha doğrulaması önerilir. Yetişme ortamı: Marmara kuşağı, 210 m, düz-hafif eğimli (0–10°). Bu koşullar için önerilen türler: meşe, kayın, karaçam. Tür önerisi sistemin çıkarımı değil, dışarıdan verilen tablodan okunmuştur. Tablo: ÖRNEK TABLO — OGM tür-yetişme ortamı rehberi ile değiştirilecek",True
MAR_2023_01_005564,IZLE,DUSUK_GUVEN,,,prediction_status=low_severity,"İzle, müdahale etme. Yangın bu kareyi ağır yakmamış (düşük şiddet, dNBR 0,25).","Model bu rejimde tahmin üretmiyor. Kendi toparlanması bekleniyor, müdahale listesine alınmıyor. Bu bölgede referans yangınımız az — tahmin belirsizliği diğer bölgelerden yüksek, saha doğrulaması önerilir.",True
MAR_2023_01_005627,KAPSAM_DISI,,,,land_cover=Tarim,"Ağaçlandırma kapsamı dışı. Bu kare tarım alanı olarak sınıflanmış, orman rehabilitasyonu hedefi değil.",Öncelik sıralamasına dahil edilmiyor.,False
MAR_2023_01_005628,KAPSAM_DISI,,,,land_cover=Tarim,"Ağaçlandırma kapsamı dışı. Bu kare tarım alanı olarak sınıflanmış, orman rehabilitasyonu hedefi değil.",Öncelik sıralamasına dahil edilmiyor.,False
MAR_2023_01_005629,DIKIM_ADAYI,DUSUK_GUVEN,0.226,"meşe, kayın, karaçam",toparlanma=0.23 <0.35,"Aktif dikim adayı. Doğal toparlanma zayıf kalıyor, eğim (8,0°) dikime elverişli.","Modelin tahminine göre yangın öncesi örtünün ancak %23 kadarı iki yılda geri gelecek — kendi başına kapanmayacak bir açık var. Bu bölgede referans yangınımız az — tahmin belirsizliği diğer bölgelerden yüksek, saha doğrulaması önerilir. Yetişme ortamı: Marmara kuşağı, 91 m, düz-hafif eğimli (0–10°). Bu koşullar için önerilen türler: meşe, kayın, karaçam. Tür önerisi sistemin çıkarımı değil, dışarıdan verilen tablodan okunmuştur. Tablo: ÖRNEK TABLO — OGM tür-yetişme ortamı rehberi ile değiştirilecek",True
MAR_2023_01_005630,DIKIM_ADAYI,DUSUK_GUVEN,0.211,"meşe, kayın, karaçam",toparlanma=0.21 <0.35,"Aktif dikim adayı. Doğal toparlanma zayıf kalıyor, eğim (7,6°) dikime elverişli.","Modelin tahminine göre yangın öncesi örtünün ancak %21 kadarı iki yılda geri gelecek — kendi başına kapanmayacak bir açık var. Bu bölgede referans yangınımız az — tahmin belirsizliği diğer bölgelerden yüksek, saha doğrulaması önerilir. Yetişme ortamı: Marmara kuşağı, 115 m, düz-hafif eğimli (0–10°). Bu koşullar için önerilen türler: meşe, kayın, karaçam. Tür önerisi sistemin çıkarımı değil, dışarıdan verilen tablodan okunmuştur. Tablo: ÖRNEK TABLO — OGM tür-yetişme ortamı rehberi ile değiştirilecek",True
MAR_2023_01_005631,KAPSAM_DISI,,,,land_cover=Tarim,"Ağaçlandırma kapsamı dışı. Bu kare tarım alanı olarak sınıflanmış, orman rehabilitasyonu hedefi değil.",Öncelik sıralamasına dahil edilmiyor.,False
MAR_2023_01_005632,KAPSAM_DISI,,0.3046,,land_cover=Tarim,"Ağaçlandırma kapsamı dışı. Bu kare tarım alanı olarak sınıflanmış, orman rehabilitasyonu hedefi değil.",Öncelik sıralamasına dahil edilmiyor.,False
MAR_2023_01_005633,KAPSAM_DISI,,,,land_cover=Tarim,"Ağaçlandırma kapsamı dışı. Bu kare tarım alanı olarak sınıflanmış, orman rehabilitasyonu hedefi değil.",Öncelik sıralamasına dahil edilmiyor.,False
MAR_2023_01_005634,KAPSAM_DISI,,,,land_cover=Tarim,"Ağaçlandırma kapsamı dışı. Bu kare tarım alanı olarak sınıflanmış, orman rehabilitasyonu hedefi değil.",Öncelik sıralamasına dahil edilmiyor.,False
MAR_2023_01_005635,KAPSAM_DISI,,,,land_cover=Tarim,"Ağaçlandırma kapsamı dışı. Bu kare tarım alanı olarak sınıflanmış, orman rehabilitasyonu hedefi değil.",Öncelik sıralamasına dahil edilmiyor.,False
MAR_2023_01_005637,KAPSAM_DISI,,,,land_cover=Tarim,"Ağaçlandırma kapsamı dışı. Bu kare tarım alanı olarak sınıflanmış, orman rehabilitasyonu hedefi değil.",Öncelik sıralamasına dahil edilmiyor.,False
MAR_2023_01_005638,KAPSAM_DISI,,,,land_cover=Tarim,"Ağaçlandırma kapsamı dışı. Bu kare tarım alanı olarak sınıflanmış, orman rehabilitasyonu hedefi değil.",Öncelik sıralamasına dahil edilmiyor.,False
MAR_2023_01_005640,IZLE,DUSUK_GUVEN,,,prediction_status=low_severity,"İzle, müdahale etme. Yangın bu kareyi ağır yakmamış (düşük şiddet, dNBR 0,23).","Model bu rejimde tahmin üretmiyor. Kendi toparlanması bekleniyor, müdahale listesine alınmıyor. Bu bölgede referans yangınımız az — tahmin belirsizliği diğer bölgelerden yüksek, saha doğrulaması önerilir.",True
MAR_2023_01_005641,IZLE,DUSUK_GUVEN,,,prediction_status=low_severity,"İzle, müdahale etme. Yangın bu kareyi ağır yakmamış (düşük şiddet, dNBR 0,27).","Model bu rejimde tahmin üretmiyor. Kendi toparlanması bekleniyor, müdahale listesine alınmıyor. Bu bölgede referans yangınımız az — tahmin belirsizliği diğer bölgelerden yüksek, saha doğrulaması önerilir.",True
MAR_2023_01_005642,IZLE,DUSUK_GUVEN,,,prediction_status=low_severity,"İzle, müdahale etme. Yangın bu kareyi ağır yakmamış (düşük şiddet, dNBR 0,24).","Model bu rejimde tahmin üretmiyor. Kendi toparlanması bekleniyor, müdahale listesine alınmıyor. Bu bölgede referans yangınımız az — tahmin belirsizliği diğer bölgelerden yüksek, saha doğrulaması önerilir.",True
MAR_2023_01_005643,IZLE,DUSUK_GUVEN,,,prediction_status=low_severity,"İzle, müdahale etme. Yangın bu kareyi ağır yakmamış (orta-düşük şiddet, dNBR 0,31).","Model bu rejimde tahmin üretmiyor. Kendi toparlanması bekleniyor, müdahale listesine alınmıyor. Bu bölgede referans yangınımız az — tahmin belirsizliği diğer bölgelerden yüksek, saha doğrulaması önerilir.",True
MAR_2023_01_005644,IZLE,DUSUK_GUVEN,,,prediction_status=low_severity,"İzle, müdahale etme. Yangın bu kareyi ağır yakmamış (orta-düşük şiddet, dNBR 0,30).","Model bu rejimde tahmin üretmiyor. Kendi toparlanması bekleniyor, müdahale listesine alınmıyor. Bu bölgede referans yangınımız az — tahmin belirsizliği diğer bölgelerden yüksek, saha doğrulaması önerilir.",True
MAR_2023_01_005645,IZLE,DUSUK_GUVEN,,,prediction_status=low_severity,"İzle, müdahale etme. Yangın bu kareyi ağır yakmamış (düşük şiddet, dNBR 0,19).","Model bu rejimde tahmin üretmiyor. Kendi toparlanması bekleniyor, müdahale listesine alınmıyor. Bu bölgede referans yangınımız az — tahmin belirsizliği diğer bölgelerden yüksek, saha doğrulaması önerilir.",True
MAR_2023_01_005646,IZLE,DUSUK_GUVEN,,,prediction_status=low_severity,"İzle, müdahale etme. Yangın bu kareyi ağır yakmamış (düşük şiddet, dNBR 0,25).","Model bu rejimde tahmin üretmiyor. Kendi toparlanması bekleniyor, müdahale listesine alınmıyor. Bu bölgede referans yangınımız az — tahmin belirsizliği diğer bölgelerden yüksek, saha doğrulaması önerilir.",True
MAR_2023_01_005647,IZLE,DUSUK_GUVEN,,,prediction_status=low_severity,"İzle, müdahale etme. Yangın bu kareyi ağır yakmamış (düşük şiddet, dNBR 0,22).","Model bu rejimde tahmin üretmiyor. Kendi toparlanması bekleniyor, müdahale listesine alınmıyor. Bu bölgede referans yangınımız az — tahmin belirsizliği diğer bölgelerden yüksek, saha doğrulaması önerilir.",True
MAR_2023_01_005648,DIKIM_ADAYI,DUSUK_GUVEN,0.1187,"meşe, kayın, karaçam",toparlanma=0.12 <0.35,"Aktif dikim adayı. Doğal toparlanma zayıf kalıyor, eğim (8,2°) dikime elverişli.","Modelin tahminine göre yangın öncesi örtünün ancak %12 kadarı iki yılda geri gelecek — kendi başına kapanmayacak bir açık var. Bu bölgede referans yangınımız az — tahmin belirsizliği diğer bölgelerden yüksek, saha doğrulaması önerilir. Yetişme ortamı: Marmara kuşağı, 230 m, düz-hafif eğimli (0–10°). Bu koşullar için önerilen türler: meşe, kayın, karaçam. Tür önerisi sistemin çıkarımı değil, dışarıdan verilen tablodan okunmuştur. Tablo: ÖRNEK TABLO — OGM tür-yetişme ortamı rehberi ile değiştirilecek",True
MAR_2023_01_005649,IZLE,DUSUK_GUVEN,,,prediction_status=low_severity,"İzle, müdahale etme. Yangın bu kareyi ağır yakmamış (düşük şiddet, dNBR 0,22).","Model bu rejimde tahmin üretmiyor. Kendi toparlanması bekleniyor, müdahale listesine alınmıyor. Bu bölgede referans yangınımız az — tahmin belirsizliği diğer bölgelerden yüksek, saha doğrulaması önerilir.",True
MAR_2023_01_005700,KAPSAM_DISI,,,,land_cover=Tarim,"Ağaçlandırma kapsamı dışı. Bu kare tarım alanı olarak sınıflanmış, orman rehabilitasyonu hedefi değil.",Öncelik sıralamasına dahil edilmiyor.,False
MAR_2023_01_005711,KAPSAM_DISI,,,,land_cover=Tarim,"Ağaçlandırma kapsamı dışı. Bu kare tarım alanı olarak sınıflanmış, orman rehabilitasyonu hedefi değil.",Öncelik sıralamasına dahil edilmiyor.,False
MAR_2023_01_005715,KAPSAM_DISI,,,,land_cover=Tarim,"Ağaçlandırma kapsamı dışı. Bu kare tarım alanı olarak sınıflanmış, orman rehabilitasyonu hedefi değil.",Öncelik sıralamasına dahil edilmiyor.,False
MAR_2023_01_005716,KAPSAM_DISI,,,,land_cover=Tarim,"Ağaçlandırma kapsamı dışı. Bu kare tarım alanı olarak sınıflanmış, orman rehabilitasyonu hedefi değil.",Öncelik sıralamasına dahil edilmiyor.,False
MAR_2023_01_005719,KAPSAM_DISI,,,,land_cover=Tarim,"Ağaçlandırma kapsamı dışı. Bu kare tarım alanı olarak sınıflanmış, orman rehabilitasyonu hedefi değil.",Öncelik sıralamasına dahil edilmiyor.,False
MAR_2023_01_005720,KAPSAM_DISI,,,,land_cover=Tarim,"Ağaçlandırma kapsamı dışı. Bu kare tarım alanı olarak sınıflanmış, orman rehabilitasyonu hedefi değil.",Öncelik sıralamasına dahil edilmiyor.,False
MAR_2023_01_005721,KAPSAM_DISI,,,,land_cover=Tarim,"Ağaçlandırma kapsamı dışı. Bu kare tarım alanı olarak sınıflanmış, orman rehabilitasyonu hedefi değil.",Öncelik sıralamasına dahil edilmiyor.,False
MAR_2023_01_005722,KAPSAM_DISI,,,,land_cover=Tarim,"Ağaçlandırma kapsamı dışı. Bu kare tarım alanı olarak sınıflanmış, orman rehabilitasyonu hedefi değil.",Öncelik sıralamasına dahil edilmiyor.,False
MAR_2023_01_005724,KAPSAM_DISI,,,,land_cover=Tarim,"Ağaçlandırma kapsamı dışı. Bu kare tarım alanı olarak sınıflanmış, orman rehabilitasyonu hedefi değil.",Öncelik sıralamasına dahil edilmiyor.,False
MAR_2023_01_005725,IZLE,DUSUK_GUVEN,,,prediction_status=low_severity,"İzle, müdahale etme. Yangın bu kareyi ağır yakmamış (düşük şiddet, dNBR 0,27).","Model bu rejimde tahmin üretmiyor. Kendi toparlanması bekleniyor, müdahale listesine alınmıyor. Bu bölgede referans yangınımız az — tahmin belirsizliği diğer bölgelerden yüksek, saha doğrulaması önerilir.",True
MAR_2023_01_005726,IZLE,DUSUK_GUVEN,,,prediction_status=low_severity,"İzle, müdahale etme. Yangın bu kareyi ağır yakmamış (düşük şiddet, dNBR 0,25).","Model bu rejimde tahmin üretmiyor. Kendi toparlanması bekleniyor, müdahale listesine alınmıyor. Bu bölgede referans yangınımız az — tahmin belirsizliği diğer bölgelerden yüksek, saha doğrulaması önerilir.",True
MAR_2023_01_005727,DIKIM_ADAYI,DUSUK_GUVEN,0.1615,"meşe, kayın, karaçam",toparlanma=0.16 <0.35,"Aktif dikim adayı. Doğal toparlanma zayıf kalıyor, eğim (7,6°) dikime elverişli.","Modelin tahminine göre yangın öncesi örtünün ancak %16 kadarı iki yılda geri gelecek — kendi başına kapanmayacak bir açık var. Bu bölgede referans yangınımız az — tahmin belirsizliği diğer bölgelerden yüksek, saha doğrulaması önerilir. Yetişme ortamı: Marmara kuşağı, 207 m, düz-hafif eğimli (0–10°). Bu koşullar için önerilen türler: meşe, kayın, karaçam. Tür önerisi sistemin çıkarımı değil, dışarıdan verilen tablodan okunmuştur. Tablo: ÖRNEK TABLO — OGM tür-yetişme ortamı rehberi ile değiştirilecek",True
MAR_2023_01_005728,DIKIM_ADAYI,DUSUK_GUVEN,0.1558,"meşe, kayın, karaçam",toparlanma=0.16 <0.35,"Aktif dikim adayı. Doğal toparlanma zayıf kalıyor, eğim (7,3°) dikime elverişli.","Modelin tahminine göre yangın öncesi örtünün ancak %16 kadarı iki yılda geri gelecek — kendi başına kapanmayacak bir açık var. Bu bölgede referans yangınımız az — tahmin belirsizliği diğer bölgelerden yüksek, saha doğrulaması önerilir. Yetişme ortamı: Marmara kuşağı, 214 m, düz-hafif eğimli (0–10°). Bu koşullar için önerilen türler: meşe, kayın, karaçam. Tür önerisi sistemin çıkarımı değil, dışarıdan verilen tablodan okunmuştur. Tablo: ÖRNEK TABLO — OGM tür-yetişme ortamı rehberi ile değiştirilecek",True
MAR_2023_01_005729,DIKIM_ADAYI,DUSUK_GUVEN,0.1843,"meşe, kayın, karaçam",toparlanma=0.18 <0.35,"Aktif dikim adayı. Doğal toparlanma zayıf kalıyor, eğim (9,0°) dikime elverişli.","Modelin tahminine göre yangın öncesi örtünün ancak %18 kadarı iki yılda geri gelecek — kendi başına kapanmayacak bir açık var. Bu bölgede referans yangınımız az — tahmin belirsizliği diğer bölgelerden yüksek, saha doğrulaması önerilir. Yetişme ortamı: Marmara kuşağı, 248 m, düz-hafif eğimli (0–10°). Bu koşullar için önerilen türler: meşe, kayın, karaçam. Tür önerisi sistemin çıkarımı değil, dışarıdan verilen tablodan okunmuştur. Tablo: ÖRNEK TABLO — OGM tür-yetişme ortamı rehberi ile değiştirilecek",True
MAR_2023_01_005730,DIKIM_ADAYI,DUSUK_GUVEN,0.1612,"meşe, kayın, karaçam",toparlanma=0.16 <0.35,"Aktif dikim adayı. Doğal toparlanma zayıf kalıyor, eğim (6,4°) dikime elverişli.","Modelin tahminine göre yangın öncesi örtünün ancak %16 kadarı iki yılda geri gelecek — kendi başına kapanmayacak bir açık var. Bu bölgede referans yangınımız az — tahmin belirsizliği diğer bölgelerden yüksek, saha doğrulaması önerilir. Yetişme ortamı: Marmara kuşağı, 275 m, düz-hafif eğimli (0–10°). Bu koşullar için önerilen türler: meşe, kayın, karaçam. Tür önerisi sistemin çıkarımı değil, dışarıdan verilen tablodan okunmuştur. Tablo: ÖRNEK TABLO — OGM tür-yetişme ortamı rehberi ile değiştirilecek",True
MAR_2023_01_005731,IZLE,DUSUK_GUVEN,,,prediction_status=low_severity,"İzle, müdahale etme. Yangın bu kareyi ağır yakmamış (düşük şiddet, dNBR 0,22).","Model bu rejimde tahmin üretmiyor. Kendi toparlanması bekleniyor, müdahale listesine alınmıyor. Bu bölgede referans yangınımız az — tahmin belirsizliği diğer bölgelerden yüksek, saha doğrulaması önerilir.",True
MAR_2023_01_005732,IZLE,ESKIDEN_ORMAN_DEGIL|DUSUK_GUVEN,,,prediction_status=low_severity,"İzle, müdahale etme. Yangın bu kareyi ağır yakmamış (düşük şiddet, dNBR 0,15).","Model bu rejimde tahmin üretmiyor. Kendi toparlanması bekleniyor, müdahale listesine alınmıyor. Yangın öncesi örtü otlak ve çalılık idi; orman kurma değil, mevcut örtünün onarımı düşünülmeli. Bu bölgede referans yangınımız az — tahmin belirsizliği diğer bölgelerden yüksek, saha doğrulaması önerilir.",True
MAR_2023_01_005733,IZLE,DUSUK_GUVEN,,,prediction_status=low_severity,"İzle, müdahale etme. Yangın bu kareyi ağır yakmamış (düşük şiddet, dNBR 0,16).","Model bu rejimde tahmin üretmiyor. Kendi toparlanması bekleniyor, müdahale listesine alınmıyor. Bu bölgede referans yangınımız az — tahmin belirsizliği diğer bölgelerden yüksek, saha doğrulaması önerilir.",True
MAR_2023_01_005783,KAPSAM_DISI,,,,land_cover=Tarim,"Ağaçlandırma kapsamı dışı. Bu kare tarım alanı olarak sınıflanmış, orman rehabilitasyonu hedefi değil.",Öncelik sıralamasına dahil edilmiyor.,False
MAR_2023_01_005784,KAPSAM_DISI,,,,land_cover=Tarim,"Ağaçlandırma kapsamı dışı. Bu kare tarım alanı olarak sınıflanmış, orman rehabilitasyonu hedefi değil.",Öncelik sıralamasına dahil edilmiyor.,False
MAR_2023_01_005788,KAPSAM_DISI,,,,land_cover=Tarim,"Ağaçlandırma kapsamı dışı. Bu kare tarım alanı olarak sınıflanmış, orman rehabilitasyonu hedefi değil.",Öncelik sıralamasına dahil edilmiyor.,False
MAR_2023_01_005789,KAPSAM_DISI,,,,land_cover=Tarim,"Ağaçlandırma kapsamı dışı. Bu kare tarım alanı olarak sınıflanmış, orman rehabilitasyonu hedefi değil.",Öncelik sıralamasına dahil edilmiyor.,False
MAR_2023_01_005799,KAPSAM_DISI,,,,land_cover=Tarim,"Ağaçlandırma kapsamı dışı. Bu kare tarım alanı olarak sınıflanmış, orman rehabilitasyonu hedefi değil.",Öncelik sıralamasına dahil edilmiyor.,False
MAR_2023_01_005800,KAPSAM_DISI,,,,land_cover=Tarim,"Ağaçlandırma kapsamı dışı. Bu kare tarım alanı olarak sınıflanmış, orman rehabilitasyonu hedefi değil.",Öncelik sıralamasına dahil edilmiyor.,False
MAR_2023_01_005801,KAPSAM_DISI,,,,land_cover=Tarim,"Ağaçlandırma kapsamı dışı. Bu kare tarım alanı olarak sınıflanmış, orman rehabilitasyonu hedefi değil.",Öncelik sıralamasına dahil edilmiyor.,False
MAR_2023_01_005807,KAPSAM_DISI,,,,land_cover=Tarim,"Ağaçlandırma kapsamı dışı. Bu kare tarım alanı olarak sınıflanmış, orman rehabilitasyonu hedefi değil.",Öncelik sıralamasına dahil edilmiyor.,False
MAR_2023_01_005808,KAPSAM_DISI,,,,land_cover=Tarim,"Ağaçlandırma kapsamı dışı. Bu kare tarım alanı olarak sınıflanmış, orman rehabilitasyonu hedefi değil.",Öncelik sıralamasına dahil edilmiyor.,False
MAR_2023_01_005809,KAPSAM_DISI,,,,land_cover=Tarim,"Ağaçlandırma kapsamı dışı. Bu kare tarım alanı olarak sınıflanmış, orman rehabilitasyonu hedefi değil.",Öncelik sıralamasına dahil edilmiyor.,False
MAR_2023_01_005811,IZLE,DUSUK_GUVEN,,,prediction_status=low_severity,"İzle, müdahale etme. Yangın bu kareyi ağır yakmamış (düşük şiddet, dNBR 0,25).","Model bu rejimde tahmin üretmiyor. Kendi toparlanması bekleniyor, müdahale listesine alınmıyor. Bu bölgede referans yangınımız az — tahmin belirsizliği diğer bölgelerden yüksek, saha doğrulaması önerilir.",True
MAR_2023_01_005812,IZLE,DUSUK_GUVEN,,,prediction_status=low_severity,"İzle, müdahale etme. Yangın bu kareyi ağır yakmamış (orta-düşük şiddet, dNBR 0,30).","Model bu rejimde tahmin üretmiyor. Kendi toparlanması bekleniyor, müdahale listesine alınmıyor. Bu bölgede referans yangınımız az — tahmin belirsizliği diğer bölgelerden yüksek, saha doğrulaması önerilir.",True
MAR_2023_01_005813,IZLE,DUSUK_GUVEN,,,prediction_status=low_severity,"İzle, müdahale etme. Yangın bu kareyi ağır yakmamış (düşük şiddet, dNBR 0,23).","Model bu rejimde tahmin üretmiyor. Kendi toparlanması bekleniyor, müdahale listesine alınmıyor. Bu bölgede referans yangınımız az — tahmin belirsizliği diğer bölgelerden yüksek, saha doğrulaması önerilir.",True
MAR_2023_01_005814,DIKIM_ADAYI,DUSUK_GUVEN,0.1343,"meşe, kayın, karaçam",toparlanma=0.13 <0.35,"Aktif dikim adayı. Doğal toparlanma zayıf kalıyor, eğim (7,2°) dikime elverişli.","Modelin tahminine göre yangın öncesi örtünün ancak %13 kadarı iki yılda geri gelecek — kendi başına kapanmayacak bir açık var. Bu bölgede referans yangınımız az — tahmin belirsizliği diğer bölgelerden yüksek, saha doğrulaması önerilir. Yetişme ortamı: Marmara kuşağı, 237 m, düz-hafif eğimli (0–10°). Bu koşullar için önerilen türler: meşe, kayın, karaçam. Tür önerisi sistemin çıkarımı değil, dışarıdan verilen tablodan okunmuştur. Tablo: ÖRNEK TABLO — OGM tür-yetişme ortamı rehberi ile değiştirilecek",True
MAR_2023_01_005815,IZLE,DUSUK_GUVEN,,,prediction_status=low_severity,"İzle, müdahale etme. Yangın bu kareyi ağır yakmamış (orta-düşük şiddet, dNBR 0,28).","Model bu rejimde tahmin üretmiyor. Kendi toparlanması bekleniyor, müdahale listesine alınmıyor. Bu bölgede referans yangınımız az — tahmin belirsizliği diğer bölgelerden yüksek, saha doğrulaması önerilir.",True
MAR_2023_01_005816,DIKIM_ADAYI,DUSUK_GUVEN,0.193,"meşe, kayın, karaçam",toparlanma=0.19 <0.35,"Aktif dikim adayı. Doğal toparlanma zayıf kalıyor, eğim (5,7°) dikime elverişli.","Modelin tahminine göre yangın öncesi örtünün ancak %19 kadarı iki yılda geri gelecek — kendi başına kapanmayacak bir açık var. Bu bölgede referans yangınımız az — tahmin belirsizliği diğer bölgelerden yüksek, saha doğrulaması önerilir. Yetişme ortamı: Marmara kuşağı, 270 m, düz-hafif eğimli (0–10°). Bu koşullar için önerilen türler: meşe, kayın, karaçam. Tür önerisi sistemin çıkarımı değil, dışarıdan verilen tablodan okunmuştur. Tablo: ÖRNEK TABLO — OGM tür-yetişme ortamı rehberi ile değiştirilecek",True
MAR_2023_01_005817,DIKIM_ADAYI,DUSUK_GUVEN,0.122,"meşe, kayın, karaçam",toparlanma=0.12 <0.35,"Aktif dikim adayı. Doğal toparlanma zayıf kalıyor, eğim (9,7°) dikime elverişli.","Modelin tahminine göre yangın öncesi örtünün ancak %12 kadarı iki yılda geri gelecek — kendi başına kapanmayacak bir açık var. Bu bölgede referans yangınımız az — tahmin belirsizliği diğer bölgelerden yüksek, saha doğrulaması önerilir. Yetişme ortamı: Marmara kuşağı, 286 m, düz-hafif eğimli (0–10°). Bu koşullar için önerilen türler: meşe, kayın, karaçam. Tür önerisi sistemin çıkarımı değil, dışarıdan verilen tablodan okunmuştur. Tablo: ÖRNEK TABLO — OGM tür-yetişme ortamı rehberi ile değiştirilecek",True
MAR_2023_01_005818,IZLE,ERISIM_ZOR|DUSUK_GUVEN,,,prediction_status=low_severity,"İzle, müdahale etme. Yangın bu kareyi ağır yakmamış (düşük şiddet, dNBR 0,17).","Model bu rejimde tahmin üretmiyor. Kendi toparlanması bekleniyor, müdahale listesine alınmıyor. En yakın yol 2,10 km — erişim ve lojistik bu karede belirleyici olacak. Bu bölgede referans yangınımız az — tahmin belirsizliği diğer bölgelerden yüksek, saha doğrulaması önerilir.",True
MAR_2023_01_005819,IZLE,ERISIM_ZOR|DUSUK_GUVEN,,,prediction_status=low_severity,"İzle, müdahale etme. Yangın bu kareyi ağır yakmamış (düşük şiddet, dNBR 0,13).","Model bu rejimde tahmin üretmiyor. Kendi toparlanması bekleniyor, müdahale listesine alınmıyor. En yakın yol 2,22 km — erişim ve lojistik bu karede belirleyici olacak. Bu bölgede referans yangınımız az — tahmin belirsizliği diğer bölgelerden yüksek, saha doğrulaması önerilir.",True
MAR_2023_01_005869,KAPSAM_DISI,,,,land_cover=Tarim,"Ağaçlandırma kapsamı dışı. Bu kare tarım alanı olarak sınıflanmış, orman rehabilitasyonu hedefi değil.",Öncelik sıralamasına dahil edilmiyor.,False
MAR_2023_01_005891,KAPSAM_DISI,,,,land_cover=Tarim,"Ağaçlandırma kapsamı dışı. Bu kare tarım alanı olarak sınıflanmış, orman rehabilitasyonu hedefi değil.",Öncelik sıralamasına dahil edilmiyor.,False
MAR_2023_01_005892,KAPSAM_DISI,,,,land_cover=Tarim,"Ağaçlandırma kapsamı dışı. Bu kare tarım alanı olarak sınıflanmış, orman rehabilitasyonu hedefi değil.",Öncelik sıralamasına dahil edilmiyor.,False
MAR_2023_01_005893,KAPSAM_DISI,,,,land_cover=Tarim,"Ağaçlandırma kapsamı dışı. Bu kare tarım alanı olarak sınıflanmış, orman rehabilitasyonu hedefi değil.",Öncelik sıralamasına dahil edilmiyor.,False
MAR_2023_01_005896,KAPSAM_DISI,,,,land_cover=Tarim,"Ağaçlandırma kapsamı dışı. Bu kare tarım alanı olarak sınıflanmış, orman rehabilitasyonu hedefi değil.",Öncelik sıralamasına dahil edilmiyor.,False
MAR_2023_01_005897,DIKIM_ADAYI,DUSUK_GUVEN,0.1671,"meşe, kayın, karaçam",toparlanma=0.17 <0.35,"Aktif dikim adayı. Doğal toparlanma zayıf kalıyor, eğim (8,6°) dikime elverişli.","Modelin tahminine göre yangın öncesi örtünün ancak %17 kadarı iki yılda geri gelecek — kendi başına kapanmayacak bir açık var. Bu bölgede referans yangınımız az — tahmin belirsizliği diğer bölgelerden yüksek, saha doğrulaması önerilir. Yetişme ortamı: Marmara kuşağı, 179 m, düz-hafif eğimli (0–10°). Bu koşullar için önerilen türler: meşe, kayın, karaçam. Tür önerisi sistemin çıkarımı değil, dışarıdan verilen tablodan okunmuştur. Tablo: ÖRNEK TABLO — OGM tür-yetişme ortamı rehberi ile değiştirilecek",True
MAR_2023_01_005898,IZLE,DUSUK_GUVEN,,,prediction_status=low_severity,"İzle, müdahale etme. Yangın bu kareyi ağır yakmamış (düşük şiddet, dNBR 0,26).","Model bu rejimde tahmin üretmiyor. Kendi toparlanması bekleniyor, müdahale listesine alınmıyor. Bu bölgede referans yangınımız az — tahmin belirsizliği diğer bölgelerden yüksek, saha doğrulaması önerilir.",True
MAR_2023_01_005899,IZLE,ERISIM_ZOR|DUSUK_GUVEN,,,prediction_status=low_severity,"İzle, müdahale etme. Yangın bu kareyi ağır yakmamış (düşük şiddet, dNBR 0,20).","Model bu rejimde tahmin üretmiyor. Kendi toparlanması bekleniyor, müdahale listesine alınmıyor. En yakın yol 2,11 km — erişim ve lojistik bu karede belirleyici olacak. Bu bölgede referans yangınımız az — tahmin belirsizliği diğer bölgelerden yüksek, saha doğrulaması önerilir.",True
MAR_2023_01_005900,IZLE,ERISIM_ZOR|DUSUK_GUVEN,,,prediction_status=low_severity,"İzle, müdahale etme. Yangın bu kareyi ağır yakmamış (düşük şiddet, dNBR 0,20).","Model bu rejimde tahmin üretmiyor. Kendi toparlanması bekleniyor, müdahale listesine alınmıyor. En yakın yol 2,12 km — erişim ve lojistik bu karede belirleyici olacak. Bu bölgede referans yangınımız az — tahmin belirsizliği diğer bölgelerden yüksek, saha doğrulaması önerilir.",True
MAR_2023_01_005901,DIKIM_ADAYI,ERISIM_ZOR|DUSUK_GUVEN,0.195,"meşe, kayın, karaçam",toparlanma=0.20 <0.35,"Aktif dikim adayı. Doğal toparlanma zayıf kalıyor, eğim (7,5°) dikime elverişli.","Modelin tahminine göre yangın öncesi örtünün ancak %20 kadarı iki yılda geri gelecek — kendi başına kapanmayacak bir açık var. En yakın yol 2,16 km — erişim ve lojistik bu karede belirleyici olacak. Bu bölgede referans yangınımız az — tahmin belirsizliği diğer bölgelerden yüksek, saha doğrulaması önerilir. Yetişme ortamı: Marmara kuşağı, 244 m, düz-hafif eğimli (0–10°). Bu koşullar için önerilen türler: meşe, kayın, karaçam. Tür önerisi sistemin çıkarımı değil, dışarıdan verilen tablodan okunmuştur. Tablo: ÖRNEK TABLO — OGM tür-yetişme ortamı rehberi ile değiştirilecek",True
MAR_2023_01_005902,DIKIM_ADAYI,ERISIM_ZOR|DUSUK_GUVEN,0.2147,"meşe, kayın, karaçam",toparlanma=0.21 <0.35,"Aktif dikim adayı. Doğal toparlanma zayıf kalıyor, eğim (11,2°) dikime elverişli.","Modelin tahminine göre yangın öncesi örtünün ancak %21 kadarı iki yılda geri gelecek — kendi başına kapanmayacak bir açık var. En yakın yol 2,17 km — erişim ve lojistik bu karede belirleyici olacak. Bu bölgede referans yangınımız az — tahmin belirsizliği diğer bölgelerden yüksek, saha doğrulaması önerilir. Yetişme ortamı: Marmara kuşağı, 268 m, orta eğimli (10–25°). Bu koşullar için önerilen türler: meşe, kayın, karaçam. Tür önerisi sistemin çıkarımı değil, dışarıdan verilen tablodan okunmuştur. Tablo: ÖRNEK TABLO — OGM tür-yetişme ortamı rehberi ile değiştirilecek",True
MAR_2023_01_005903,IZLE,ERISIM_ZOR|DUSUK_GUVEN,,,prediction_status=low_severity,"İzle, müdahale etme. Yangın bu kareyi ağır yakmamış (düşük şiddet, dNBR 0,26).","Model bu rejimde tahmin üretmiyor. Kendi toparlanması bekleniyor, müdahale listesine alınmıyor. En yakın yol 2,14 km — erişim ve lojistik bu karede belirleyici olacak. Bu bölgede referans yangınımız az — tahmin belirsizliği diğer bölgelerden yüksek, saha doğrulaması önerilir.",True
MAR_2023_01_005974,KAPSAM_DISI,,,,land_cover=Tarim,"Ağaçlandırma kapsamı dışı. Bu kare tarım alanı olarak sınıflanmış, orman rehabilitasyonu hedefi değil.",Öncelik sıralamasına dahil edilmiyor.,False
MAR_2023_01_005975,KAPSAM_DISI,,,,land_cover=Tarim,"Ağaçlandırma kapsamı dışı. Bu kare tarım alanı olarak sınıflanmış, orman rehabilitasyonu hedefi değil.",Öncelik sıralamasına dahil edilmiyor.,False
MAR_2023_01_005976,IZLE,DUSUK_GUVEN,,,prediction_status=low_severity,"İzle, müdahale etme. Yangın bu kareyi ağır yakmamış (düşük şiddet, dNBR 0,19).","Model bu rejimde tahmin üretmiyor. Kendi toparlanması bekleniyor, müdahale listesine alınmıyor. Bu bölgede referans yangınımız az — tahmin belirsizliği diğer bölgelerden yüksek, saha doğrulaması önerilir.",True
MAR_2023_01_005977,KAPSAM_DISI,,,,land_cover=Tarim,"Ağaçlandırma kapsamı dışı. Bu kare tarım alanı olarak sınıflanmış, orman rehabilitasyonu hedefi değil.",Öncelik sıralamasına dahil edilmiyor.,False
MAR_2023_01_005978,IZLE,DUSUK_GUVEN,,,prediction_status=low_severity,"İzle, müdahale etme. Yangın bu kareyi ağır yakmamış (düşük şiddet, dNBR 0,19).","Model bu rejimde tahmin üretmiyor. Kendi toparlanması bekleniyor, müdahale listesine alınmıyor. Bu bölgede referans yangınımız az — tahmin belirsizliği diğer bölgelerden yüksek, saha doğrulaması önerilir.",True
MAR_2023_01_005979,KAPSAM_DISI,,,,land_cover=Tarim,"Ağaçlandırma kapsamı dışı. Bu kare tarım alanı olarak sınıflanmış, orman rehabilitasyonu hedefi değil.",Öncelik sıralamasına dahil edilmiyor.,False
MAR_2023_01_005981,IZLE,DUSUK_GUVEN,,,prediction_status=low_severity,"İzle, müdahale etme. Yangın bu kareyi ağır yakmamış (düşük şiddet, dNBR 0,20).","Model bu rejimde tahmin üretmiyor. Kendi toparlanması bekleniyor, müdahale listesine alınmıyor. Bu bölgede referans yangınımız az — tahmin belirsizliği diğer bölgelerden yüksek, saha doğrulaması önerilir.",True
MAR_2023_01_005982,IZLE,DUSUK_GUVEN,,,prediction_status=low_severity,"İzle, müdahale etme. Yangın bu kareyi ağır yakmamış (orta-düşük şiddet, dNBR 0,32).","Model bu rejimde tahmin üretmiyor. Kendi toparlanması bekleniyor, müdahale listesine alınmıyor. Bu bölgede referans yangınımız az — tahmin belirsizliği diğer bölgelerden yüksek, saha doğrulaması önerilir.",True
MAR_2023_01_005983,IZLE,ERISIM_ZOR|DUSUK_GUVEN,,,prediction_status=low_severity,"İzle, müdahale etme. Yangın bu kareyi ağır yakmamış (düşük şiddet, dNBR 0,26).","Model bu rejimde tahmin üretmiyor. Kendi toparlanması bekleniyor, müdahale listesine alınmıyor. En yakın yol 2,02 km — erişim ve lojistik bu karede belirleyici olacak. Bu bölgede referans yangınımız az — tahmin belirsizliği diğer bölgelerden yüksek, saha doğrulaması önerilir.",True
MAR_2023_01_005984,IZLE,ERISIM_ZOR|DUSUK_GUVEN,,,prediction_status=low_severity,"İzle, müdahale etme. Yangın bu kareyi ağır yakmamış (düşük şiddet, dNBR 0,22).","Model bu rejimde tahmin üretmiyor. Kendi toparlanması bekleniyor, müdahale listesine alınmıyor. En yakın yol 2,21 km — erişim ve lojistik bu karede belirleyici olacak. Bu bölgede referans yangınımız az — tahmin belirsizliği diğer bölgelerden yüksek, saha doğrulaması önerilir.",True
MAR_2023_01_005986,KAPSAM_DISI,,,,land_cover=Tarim,"Ağaçlandırma kapsamı dışı. Bu kare tarım alanı olarak sınıflanmış, orman rehabilitasyonu hedefi değil.",Öncelik sıralamasına dahil edilmiyor.,False
MAR_2023_01_005987,KAPSAM_DISI,,,,land_cover=Tarim,"Ağaçlandırma kapsamı dışı. Bu kare tarım alanı olarak sınıflanmış, orman rehabilitasyonu hedefi değil.",Öncelik sıralamasına dahil edilmiyor.,False
MAR_2023_01_005988,IZLE,ESKIDEN_ORMAN_DEGIL|DUSUK_GUVEN,,,prediction_status=low_severity,"İzle, müdahale etme. Yangın bu kareyi ağır yakmamış (düşük şiddet, dNBR 0,12).","Model bu rejimde tahmin üretmiyor. Kendi toparlanması bekleniyor, müdahale listesine alınmıyor. Yangın öncesi örtü otlak ve çalılık idi; orman kurma değil, mevcut örtünün onarımı düşünülmeli. Bu bölgede referans yangınımız az — tahmin belirsizliği diğer bölgelerden yüksek, saha doğrulaması önerilir.",True
MAR_2023_01_006058,KAPSAM_DISI,,,,land_cover=Tarim,"Ağaçlandırma kapsamı dışı. Bu kare tarım alanı olarak sınıflanmış, orman rehabilitasyonu hedefi değil.",Öncelik sıralamasına dahil edilmiyor.,False
MAR_2023_01_006059,KAPSAM_DISI,,,,land_cover=Tarim,"Ağaçlandırma kapsamı dışı. Bu kare tarım alanı olarak sınıflanmış, orman rehabilitasyonu hedefi değil.",Öncelik sıralamasına dahil edilmiyor.,False
MAR_2023_01_006060,IZLE,DUSUK_GUVEN,,,prediction_status=low_severity,"İzle, müdahale etme. Yangın bu kareyi ağır yakmamış (düşük şiddet, dNBR 0,19).","Model bu rejimde tahmin üretmiyor. Kendi toparlanması bekleniyor, müdahale listesine alınmıyor. Bu bölgede referans yangınımız az — tahmin belirsizliği diğer bölgelerden yüksek, saha doğrulaması önerilir.",True
MAR_2023_01_006061,KAPSAM_DISI,,,,land_cover=Tarim,"Ağaçlandırma kapsamı dışı. Bu kare tarım alanı olarak sınıflanmış, orman rehabilitasyonu hedefi değil.",Öncelik sıralamasına dahil edilmiyor.,False
MAR_2023_01_006062,KAPSAM_DISI,,,,land_cover=Tarim,"Ağaçlandırma kapsamı dışı. Bu kare tarım alanı olarak sınıflanmış, orman rehabilitasyonu hedefi değil.",Öncelik sıralamasına dahil edilmiyor.,False
MAR_2023_01_006063,IZLE,DUSUK_GUVEN,,,prediction_status=low_severity,"İzle, müdahale etme. Yangın bu kareyi ağır yakmamış (düşük şiddet, dNBR 0,16).","Model bu rejimde tahmin üretmiyor. Kendi toparlanması bekleniyor, müdahale listesine alınmıyor. Bu bölgede referans yangınımız az — tahmin belirsizliği diğer bölgelerden yüksek, saha doğrulaması önerilir.",True
MAR_2023_01_006064,IZLE,DUSUK_GUVEN,,,prediction_status=low_severity,"İzle, müdahale etme. Yangın bu kareyi ağır yakmamış (düşük şiddet, dNBR 0,25).","Model bu rejimde tahmin üretmiyor. Kendi toparlanması bekleniyor, müdahale listesine alınmıyor. Bu bölgede referans yangınımız az — tahmin belirsizliği diğer bölgelerden yüksek, saha doğrulaması önerilir.",True
MAR_2023_01_006065,KAPSAM_DISI,,,,land_cover=Tarim,"Ağaçlandırma kapsamı dışı. Bu kare tarım alanı olarak sınıflanmış, orman rehabilitasyonu hedefi değil.",Öncelik sıralamasına dahil edilmiyor.,False
MAR_2023_01_006066,KAPSAM_DISI,,,,land_cover=Tarim,"Ağaçlandırma kapsamı dışı. Bu kare tarım alanı olarak sınıflanmış, orman rehabilitasyonu hedefi değil.",Öncelik sıralamasına dahil edilmiyor.,False
MAR_2023_01_006067,KAPSAM_DISI,,,,land_cover=Tarim,"Ağaçlandırma kapsamı dışı. Bu kare tarım alanı olarak sınıflanmış, orman rehabilitasyonu hedefi değil.",Öncelik sıralamasına dahil edilmiyor.,False
MAR_2023_01_006068,IZLE,ERISIM_ZOR|DUSUK_GUVEN,,,prediction_status=low_severity,"İzle, müdahale etme. Yangın bu kareyi ağır yakmamış (düşük şiddet, dNBR 0,24).","Model bu rejimde tahmin üretmiyor. Kendi toparlanması bekleniyor, müdahale listesine alınmıyor. En yakın yol 2,01 km — erişim ve lojistik bu karede belirleyici olacak. Bu bölgede referans yangınımız az — tahmin belirsizliği diğer bölgelerden yüksek, saha doğrulaması önerilir.",True
MAR_2023_01_006069,IZLE,ERISIM_ZOR|DUSUK_GUVEN,,,prediction_status=low_severity,"İzle, müdahale etme. Yangın bu kareyi ağır yakmamış (orta-düşük şiddet, dNBR 0,29).","Model bu rejimde tahmin üretmiyor. Kendi toparlanması bekleniyor, müdahale listesine alınmıyor. En yakın yol 2,00 km — erişim ve lojistik bu karede belirleyici olacak. Bu bölgede referans yangınımız az — tahmin belirsizliği diğer bölgelerden yüksek, saha doğrulaması önerilir.",True
MAR_2023_01_006070,DIKIM_ADAYI,DUSUK_GUVEN,0.24,"meşe, kayın, karaçam",toparlanma=0.24 <0.35,"Aktif dikim adayı. Doğal toparlanma zayıf kalıyor, eğim (6,1°) dikime elverişli.","Modelin tahminine göre yangın öncesi örtünün ancak %24 kadarı iki yılda geri gelecek — kendi başına kapanmayacak bir açık var. Bu bölgede referans yangınımız az — tahmin belirsizliği diğer bölgelerden yüksek, saha doğrulaması önerilir. Yetişme ortamı: Marmara kuşağı, 191 m, düz-hafif eğimli (0–10°). Bu koşullar için önerilen türler: meşe, kayın, karaçam. Tür önerisi sistemin çıkarımı değil, dışarıdan verilen tablodan okunmuştur. Tablo: ÖRNEK TABLO — OGM tür-yetişme ortamı rehberi ile değiştirilecek",True
MAR_2023_01_006135,KAPSAM_DISI,,,,land_cover=Tarim,"Ağaçlandırma kapsamı dışı. Bu kare tarım alanı olarak sınıflanmış, orman rehabilitasyonu hedefi değil.",Öncelik sıralamasına dahil edilmiyor.,False
MAR_2023_01_006139,KAPSAM_DISI,,,,land_cover=Tarim,"Ağaçlandırma kapsamı dışı. Bu kare tarım alanı olarak sınıflanmış, orman rehabilitasyonu hedefi değil.",Öncelik sıralamasına dahil edilmiyor.,False
MAR_2023_01_006142,IZLE,DUSUK_GUVEN,,,prediction_status=low_severity,"İzle, müdahale etme. Yangın bu kareyi ağır yakmamış (düşük şiddet, dNBR 0,10).","Model bu rejimde tahmin üretmiyor. Kendi toparlanması bekleniyor, müdahale listesine alınmıyor. Bu bölgede referans yangınımız az — tahmin belirsizliği diğer bölgelerden yüksek, saha doğrulaması önerilir.",True
MAR_2023_01_006143,IZLE,DUSUK_GUVEN,,,prediction_status=low_severity,"İzle, müdahale etme. Yangın bu kareyi ağır yakmamış (düşük şiddet, dNBR 0,24).","Model bu rejimde tahmin üretmiyor. Kendi toparlanması bekleniyor, müdahale listesine alınmıyor. Bu bölgede referans yangınımız az — tahmin belirsizliği diğer bölgelerden yüksek, saha doğrulaması önerilir.",True
MAR_2023_01_006144,IZLE,DUSUK_GUVEN,,,prediction_status=low_severity,"İzle, müdahale etme. Yangın bu kareyi ağır yakmamış (düşük şiddet, dNBR 0,16).","Model bu rejimde tahmin üretmiyor. Kendi toparlanması bekleniyor, müdahale listesine alınmıyor. Bu bölgede referans yangınımız az — tahmin belirsizliği diğer bölgelerden yüksek, saha doğrulaması önerilir.",True
MAR_2023_01_006145,IZLE,DUSUK_GUVEN,,,prediction_status=low_severity,"İzle, müdahale etme. Yangın bu kareyi ağır yakmamış (düşük şiddet, dNBR 0,13).","Model bu rejimde tahmin üretmiyor. Kendi toparlanması bekleniyor, müdahale listesine alınmıyor. Bu bölgede referans yangınımız az — tahmin belirsizliği diğer bölgelerden yüksek, saha doğrulaması önerilir.",True
MAR_2023_01_006147,IZLE,DUSUK_GUVEN,,,prediction_status=low_severity,"İzle, müdahale etme. Yangın bu kareyi ağır yakmamış (düşük şiddet, dNBR 0,19).","Model bu rejimde tahmin üretmiyor. Kendi toparlanması bekleniyor, müdahale listesine alınmıyor. Bu bölgede referans yangınımız az — tahmin belirsizliği diğer bölgelerden yüksek, saha doğrulaması önerilir.",True
MAR_2023_01_006148,IZLE,DUSUK_GUVEN,,,prediction_status=low_severity,"İzle, müdahale etme. Yangın bu kareyi ağır yakmamış (düşük şiddet, dNBR 0,21).","Model bu rejimde tahmin üretmiyor. Kendi toparlanması bekleniyor, müdahale listesine alınmıyor. Bu bölgede referans yangınımız az — tahmin belirsizliği diğer bölgelerden yüksek, saha doğrulaması önerilir.",True
MAR_2023_01_006149,KAPSAM_DISI,,,,land_cover=Tarim,"Ağaçlandırma kapsamı dışı. Bu kare tarım alanı olarak sınıflanmış, orman rehabilitasyonu hedefi değil.",Öncelik sıralamasına dahil edilmiyor.,False
MAR_2023_01_006150,IZLE,DUSUK_GUVEN,,,prediction_status=low_severity,"İzle, müdahale etme. Yangın bu kareyi ağır yakmamış (orta-düşük şiddet, dNBR 0,27).","Model bu rejimde tahmin üretmiyor. Kendi toparlanması bekleniyor, müdahale listesine alınmıyor. Bu bölgede referans yangınımız az — tahmin belirsizliği diğer bölgelerden yüksek, saha doğrulaması önerilir.",True
MAR_2023_01_006151,KAPSAM_DISI,,,,land_cover=Tarim,"Ağaçlandırma kapsamı dışı. Bu kare tarım alanı olarak sınıflanmış, orman rehabilitasyonu hedefi değil.",Öncelik sıralamasına dahil edilmiyor.,False
MAR_2023_01_006227,KAPSAM_DISI,,,,land_cover=Tarim,"Ağaçlandırma kapsamı dışı. Bu kare tarım alanı olarak sınıflanmış, orman rehabilitasyonu hedefi değil.",Öncelik sıralamasına dahil edilmiyor.,False
MAR_2023_01_006228,IZLE,DUSUK_GUVEN,,,prediction_status=low_severity,"İzle, müdahale etme. Yangın bu kareyi ağır yakmamış (düşük şiddet, dNBR 0,21).","Model bu rejimde tahmin üretmiyor. Kendi toparlanması bekleniyor, müdahale listesine alınmıyor. Bu bölgede referans yangınımız az — tahmin belirsizliği diğer bölgelerden yüksek, saha doğrulaması önerilir.",True
MAR_2023_01_006229,IZLE,DUSUK_GUVEN,,,prediction_status=low_severity,"İzle, müdahale etme. Yangın bu kareyi ağır yakmamış (düşük şiddet, dNBR 0,21).","Model bu rejimde tahmin üretmiyor. Kendi toparlanması bekleniyor, müdahale listesine alınmıyor. Bu bölgede referans yangınımız az — tahmin belirsizliği diğer bölgelerden yüksek, saha doğrulaması önerilir.",True
MAR_2023_01_006230,IZLE,DUSUK_GUVEN,,,prediction_status=low_severity,"İzle, müdahale etme. Yangın bu kareyi ağır yakmamış (düşük şiddet, dNBR 0,22).","Model bu rejimde tahmin üretmiyor. Kendi toparlanması bekleniyor, müdahale listesine alınmıyor. Bu bölgede referans yangınımız az — tahmin belirsizliği diğer bölgelerden yüksek, saha doğrulaması önerilir.",True
MAR_2023_01_006231,IZLE,DUSUK_GUVEN,,,prediction_status=low_severity,"İzle, müdahale etme. Yangın bu kareyi ağır yakmamış (düşük şiddet, dNBR 0,21).","Model bu rejimde tahmin üretmiyor. Kendi toparlanması bekleniyor, müdahale listesine alınmıyor. Bu bölgede referans yangınımız az — tahmin belirsizliği diğer bölgelerden yüksek, saha doğrulaması önerilir.",True
MAR_2023_01_006232,IZLE,DUSUK_GUVEN,,,prediction_status=low_severity,"İzle, müdahale etme. Yangın bu kareyi ağır yakmamış (düşük şiddet, dNBR 0,26).","Model bu rejimde tahmin üretmiyor. Kendi toparlanması bekleniyor, müdahale listesine alınmıyor. Bu bölgede referans yangınımız az — tahmin belirsizliği diğer bölgelerden yüksek, saha doğrulaması önerilir.",True
MAR_2023_01_006233,IZLE,DUSUK_GUVEN,,,prediction_status=low_severity,"İzle, müdahale etme. Yangın bu kareyi ağır yakmamış (orta-düşük şiddet, dNBR 0,27).","Model bu rejimde tahmin üretmiyor. Kendi toparlanması bekleniyor, müdahale listesine alınmıyor. Bu bölgede referans yangınımız az — tahmin belirsizliği diğer bölgelerden yüksek, saha doğrulaması önerilir.",True
MAR_2023_01_006234,IZLE,DUSUK_GUVEN,,,prediction_status=low_severity,"İzle, müdahale etme. Yangın bu kareyi ağır yakmamış (düşük şiddet, dNBR 0,25).","Model bu rejimde tahmin üretmiyor. Kendi toparlanması bekleniyor, müdahale listesine alınmıyor. Bu bölgede referans yangınımız az — tahmin belirsizliği diğer bölgelerden yüksek, saha doğrulaması önerilir.",True
MAR_2023_01_006235,IZLE,DUSUK_GUVEN,,,prediction_status=low_severity,"İzle, müdahale etme. Yangın bu kareyi ağır yakmamış (düşük şiddet, dNBR 0,27).","Model bu rejimde tahmin üretmiyor. Kendi toparlanması bekleniyor, müdahale listesine alınmıyor. Bu bölgede referans yangınımız az — tahmin belirsizliği diğer bölgelerden yüksek, saha doğrulaması önerilir.",True
MAR_2023_01_006312,KAPSAM_DISI,,,,land_cover=Tarim,"Ağaçlandırma kapsamı dışı. Bu kare tarım alanı olarak sınıflanmış, orman rehabilitasyonu hedefi değil.",Öncelik sıralamasına dahil edilmiyor.,False
MAR_2023_01_006313,KAPSAM_DISI,,,,land_cover=Tarim,"Ağaçlandırma kapsamı dışı. Bu kare tarım alanı olarak sınıflanmış, orman rehabilitasyonu hedefi değil.",Öncelik sıralamasına dahil edilmiyor.,False
MAR_2023_01_006314,IZLE,DUSUK_GUVEN,,,prediction_status=low_severity,"İzle, müdahale etme. Yangın bu kareyi ağır yakmamış (orta-düşük şiddet, dNBR 0,29).","Model bu rejimde tahmin üretmiyor. Kendi toparlanması bekleniyor, müdahale listesine alınmıyor. Bu bölgede referans yangınımız az — tahmin belirsizliği diğer bölgelerden yüksek, saha doğrulaması önerilir.",True
MAR_2023_01_006315,IZLE,DUSUK_GUVEN,,,prediction_status=low_severity,"İzle, müdahale etme. Yangın bu kareyi ağır yakmamış (orta-düşük şiddet, dNBR 0,29).","Model bu rejimde tahmin üretmiyor. Kendi toparlanması bekleniyor, müdahale listesine alınmıyor. Bu bölgede referans yangınımız az — tahmin belirsizliği diğer bölgelerden yüksek, saha doğrulaması önerilir.",True
MAR_2023_01_006317,KAPSAM_DISI,,,,land_cover=Tarim,"Ağaçlandırma kapsamı dışı. Bu kare tarım alanı olarak sınıflanmış, orman rehabilitasyonu hedefi değil.",Öncelik sıralamasına dahil edilmiyor.,False
MAR_2023_01_006318,KAPSAM_DISI,,,,land_cover=Tarim,"Ağaçlandırma kapsamı dışı. Bu kare tarım alanı olarak sınıflanmış, orman rehabilitasyonu hedefi değil.",Öncelik sıralamasına dahil edilmiyor.,False
MAR_2023_01_006399,KAPSAM_DISI,,,,land_cover=Tarim,"Ağaçlandırma kapsamı dışı. Bu kare tarım alanı olarak sınıflanmış, orman rehabilitasyonu hedefi değil.",Öncelik sıralamasına dahil edilmiyor.,False
MAR_2023_01_006400,KAPSAM_DISI,,,,land_cover=Tarim,"Ağaçlandırma kapsamı dışı. Bu kare tarım alanı olarak sınıflanmış, orman rehabilitasyonu hedefi değil.",Öncelik sıralamasına dahil edilmiyor.,False
MAR_2023_01_006401,KAPSAM_DISI,,,,land_cover=Tarim,"Ağaçlandırma kapsamı dışı. Bu kare tarım alanı olarak sınıflanmış, orman rehabilitasyonu hedefi değil.",Öncelik sıralamasına dahil edilmiyor.,False
