cell_id,hukum,ek_kosullar,toparlanma_orani,tur_onerisi,tetikleyen,ozet,ayrinti,zamanlama_notu_var
MAR_2024_01_000084,IZLE,ESKIDEN_ORMAN_DEGIL|DUSUK_GUVEN,,,prediction_status=low_severity,"İzle, müdahale etme. Yangın bu kareyi ağır yakmamış (düşük şiddet, dNBR 0,13).","Model bu rejimde tahmin üretmiyor. Kendi toparlanması bekleniyor, müdahale listesine alınmıyor. Yangın öncesi örtü otlak ve çalılık idi; orman kurma değil, mevcut örtünün onarımı düşünülmeli. Bu bölgede referans yangınımız az — tahmin belirsizliği diğer bölgelerden yüksek, saha doğrulaması önerilir.",True
MAR_2024_01_000105,KAPSAM_DISI,,,,land_cover=Tarim,"Ağaçlandırma kapsamı dışı. Bu kare tarım alanı olarak sınıflanmış, orman rehabilitasyonu hedefi değil.",Öncelik sıralamasına dahil edilmiyor.,False
MAR_2024_01_000106,KAPSAM_DISI,,,,land_cover=Tarim,"Ağaçlandırma kapsamı dışı. Bu kare tarım alanı olarak sınıflanmış, orman rehabilitasyonu hedefi değil.",Öncelik sıralamasına dahil edilmiyor.,False
MAR_2024_01_000107,KAPSAM_DISI,,,,land_cover=Tarim,"Ağaçlandırma kapsamı dışı. Bu kare tarım alanı olarak sınıflanmış, orman rehabilitasyonu hedefi değil.",Öncelik sıralamasına dahil edilmiyor.,False
MAR_2024_01_000114,KAPSAM_DISI,,,,land_cover=Tarim,"Ağaçlandırma kapsamı dışı. Bu kare tarım alanı olarak sınıflanmış, orman rehabilitasyonu hedefi değil.",Öncelik sıralamasına dahil edilmiyor.,False
MAR_2024_01_000115,KAPSAM_DISI,,,,land_cover=Tarim,"Ağaçlandırma kapsamı dışı. Bu kare tarım alanı olarak sınıflanmış, orman rehabilitasyonu hedefi değil.",Öncelik sıralamasına dahil edilmiyor.,False
MAR_2024_01_000116,KAPSAM_DISI,,0.5792,,land_cover=Tarim,"Ağaçlandırma kapsamı dışı. Bu kare tarım alanı olarak sınıflanmış, orman rehabilitasyonu hedefi değil.",Öncelik sıralamasına dahil edilmiyor.,False
MAR_2024_01_000117,KAPSAM_DISI,,0.5797,,land_cover=Tarim,"Ağaçlandırma kapsamı dışı. Bu kare tarım alanı olarak sınıflanmış, orman rehabilitasyonu hedefi değil.",Öncelik sıralamasına dahil edilmiyor.,False
MAR_2024_01_000118,KAPSAM_DISI,,0.5633,,land_cover=Tarim,"Ağaçlandırma kapsamı dışı. Bu kare tarım alanı olarak sınıflanmış, orman rehabilitasyonu hedefi değil.",Öncelik sıralamasına dahil edilmiyor.,False
MAR_2024_01_000119,KAPSAM_DISI,,,,land_cover=Tarim,"Ağaçlandırma kapsamı dışı. Bu kare tarım alanı olarak sınıflanmış, orman rehabilitasyonu hedefi değil.",Öncelik sıralamasına dahil edilmiyor.,False
MAR_2024_01_000120,KAPSAM_DISI,,0.607,,land_cover=Tarim,"Ağaçlandırma kapsamı dışı. Bu kare tarım alanı olarak sınıflanmış, orman rehabilitasyonu hedefi değil.",Öncelik sıralamasına dahil edilmiyor.,False
MAR_2024_01_000121,KAPSAM_DISI,,,,land_cover=Tarim,"Ağaçlandırma kapsamı dışı. Bu kare tarım alanı olarak sınıflanmış, orman rehabilitasyonu hedefi değil.",Öncelik sıralamasına dahil edilmiyor.,False
MAR_2024_01_000123,KAPSAM_DISI,,,,land_cover=Tarim,"Ağaçlandırma kapsamı dışı. Bu kare tarım alanı olarak sınıflanmış, orman rehabilitasyonu hedefi değil.",Öncelik sıralamasına dahil edilmiyor.,False
MAR_2024_01_000129,KAPSAM_DISI,,,,land_cover=Tarim,"Ağaçlandırma kapsamı dışı. Bu kare tarım alanı olarak sınıflanmış, orman rehabilitasyonu hedefi değil.",Öncelik sıralamasına dahil edilmiyor.,False
MAR_2024_01_000170,KAPSAM_DISI,,,,land_cover=Tarim,"Ağaçlandırma kapsamı dışı. Bu kare tarım alanı olarak sınıflanmış, orman rehabilitasyonu hedefi değil.",Öncelik sıralamasına dahil edilmiyor.,False
MAR_2024_01_000171,KAPSAM_DISI,,,,land_cover=Tarim,"Ağaçlandırma kapsamı dışı. Bu kare tarım alanı olarak sınıflanmış, orman rehabilitasyonu hedefi değil.",Öncelik sıralamasına dahil edilmiyor.,False
MAR_2024_01_000172,KAPSAM_DISI,,0.5094,,land_cover=Tarim,"Ağaçlandırma kapsamı dışı. Bu kare tarım alanı olarak sınıflanmış, orman rehabilitasyonu hedefi değil.",Öncelik sıralamasına dahil edilmiyor.,False
MAR_2024_01_000173,KAPSAM_DISI,,,,land_cover=Tarim,"Ağaçlandırma kapsamı dışı. Bu kare tarım alanı olarak sınıflanmış, orman rehabilitasyonu hedefi değil.",Öncelik sıralamasına dahil edilmiyor.,False
MAR_2024_01_000174,KAPSAM_DISI,,,,land_cover=Tarim,"Ağaçlandırma kapsamı dışı. Bu kare tarım alanı olarak sınıflanmış, orman rehabilitasyonu hedefi değil.",Öncelik sıralamasına dahil edilmiyor.,False
MAR_2024_01_000178,KAPSAM_DISI,,,,land_cover=Tarim,"Ağaçlandırma kapsamı dışı. Bu kare tarım alanı olarak sınıflanmış, orman rehabilitasyonu hedefi değil.",Öncelik sıralamasına dahil edilmiyor.,False
MAR_2024_01_000179,KAPSAM_DISI,,,,land_cover=Tarim,"Ağaçlandırma kapsamı dışı. Bu kare tarım alanı olarak sınıflanmış, orman rehabilitasyonu hedefi değil.",Öncelik sıralamasına dahil edilmiyor.,False
MAR_2024_01_000180,KAPSAM_DISI,,,,land_cover=Tarim,"Ağaçlandırma kapsamı dışı. Bu kare tarım alanı olarak sınıflanmış, orman rehabilitasyonu hedefi değil.",Öncelik sıralamasına dahil edilmiyor.,False
MAR_2024_01_000181,KAPSAM_DISI,,0.5789,,land_cover=Tarim,"Ağaçlandırma kapsamı dışı. Bu kare tarım alanı olarak sınıflanmış, orman rehabilitasyonu hedefi değil.",Öncelik sıralamasına dahil edilmiyor.,False
MAR_2024_01_000182,KAPSAM_DISI,,0.5222,,land_cover=Tarim,"Ağaçlandırma kapsamı dışı. Bu kare tarım alanı olarak sınıflanmış, orman rehabilitasyonu hedefi değil.",Öncelik sıralamasına dahil edilmiyor.,False
MAR_2024_01_000183,KAPSAM_DISI,,0.5885,,land_cover=Tarim,"Ağaçlandırma kapsamı dışı. Bu kare tarım alanı olarak sınıflanmış, orman rehabilitasyonu hedefi değil.",Öncelik sıralamasına dahil edilmiyor.,False
MAR_2024_01_000184,KAPSAM_DISI,,,,land_cover=Tarim,"Ağaçlandırma kapsamı dışı. Bu kare tarım alanı olarak sınıflanmış, orman rehabilitasyonu hedefi değil.",Öncelik sıralamasına dahil edilmiyor.,False
MAR_2024_01_000189,KAPSAM_DISI,,,,land_cover=Tarim,"Ağaçlandırma kapsamı dışı. Bu kare tarım alanı olarak sınıflanmış, orman rehabilitasyonu hedefi değil.",Öncelik sıralamasına dahil edilmiyor.,False
MAR_2024_01_000190,KAPSAM_DISI,,,,land_cover=Tarim,"Ağaçlandırma kapsamı dışı. Bu kare tarım alanı olarak sınıflanmış, orman rehabilitasyonu hedefi değil.",Öncelik sıralamasına dahil edilmiyor.,False
MAR_2024_01_000191,KAPSAM_DISI,,,,land_cover=Tarim,"Ağaçlandırma kapsamı dışı. Bu kare tarım alanı olarak sınıflanmış, orman rehabilitasyonu hedefi değil.",Öncelik sıralamasına dahil edilmiyor.,False
MAR_2024_01_000197,KAPSAM_DISI,,,,land_cover=Tarim,"Ağaçlandırma kapsamı dışı. Bu kare tarım alanı olarak sınıflanmış, orman rehabilitasyonu hedefi değil.",Öncelik sıralamasına dahil edilmiyor.,False
MAR_2024_01_000236,KAPSAM_DISI,,,,land_cover=Tarim,"Ağaçlandırma kapsamı dışı. Bu kare tarım alanı olarak sınıflanmış, orman rehabilitasyonu hedefi değil.",Öncelik sıralamasına dahil edilmiyor.,False
MAR_2024_01_000237,KAPSAM_DISI,,,,land_cover=Tarim,"Ağaçlandırma kapsamı dışı. Bu kare tarım alanı olarak sınıflanmış, orman rehabilitasyonu hedefi değil.",Öncelik sıralamasına dahil edilmiyor.,False
MAR_2024_01_000238,KAPSAM_DISI,,,,land_cover=Tarim,"Ağaçlandırma kapsamı dışı. Bu kare tarım alanı olarak sınıflanmış, orman rehabilitasyonu hedefi değil.",Öncelik sıralamasına dahil edilmiyor.,False
MAR_2024_01_000239,KAPSAM_DISI,,0.5165,,land_cover=Tarim,"Ağaçlandırma kapsamı dışı. Bu kare tarım alanı olarak sınıflanmış, orman rehabilitasyonu hedefi değil.",Öncelik sıralamasına dahil edilmiyor.,False
MAR_2024_01_000240,KAPSAM_DISI,,,,land_cover=Tarim,"Ağaçlandırma kapsamı dışı. Bu kare tarım alanı olarak sınıflanmış, orman rehabilitasyonu hedefi değil.",Öncelik sıralamasına dahil edilmiyor.,False
MAR_2024_01_000244,KAPSAM_DISI,,,,land_cover=Tarim,"Ağaçlandırma kapsamı dışı. Bu kare tarım alanı olarak sınıflanmış, orman rehabilitasyonu hedefi değil.",Öncelik sıralamasına dahil edilmiyor.,False
MAR_2024_01_000245,KAPSAM_DISI,,,,land_cover=Tarim,"Ağaçlandırma kapsamı dışı. Bu kare tarım alanı olarak sınıflanmış, orman rehabilitasyonu hedefi değil.",Öncelik sıralamasına dahil edilmiyor.,False
MAR_2024_01_000248,KAPSAM_DISI,,,,land_cover=Tarim,"Ağaçlandırma kapsamı dışı. Bu kare tarım alanı olarak sınıflanmış, orman rehabilitasyonu hedefi değil.",Öncelik sıralamasına dahil edilmiyor.,False
MAR_2024_01_000249,KAPSAM_DISI,,0.5945,,land_cover=Tarim,"Ağaçlandırma kapsamı dışı. Bu kare tarım alanı olarak sınıflanmış, orman rehabilitasyonu hedefi değil.",Öncelik sıralamasına dahil edilmiyor.,False
MAR_2024_01_000252,KAPSAM_DISI,,,,land_cover=Tarim,"Ağaçlandırma kapsamı dışı. Bu kare tarım alanı olarak sınıflanmış, orman rehabilitasyonu hedefi değil.",Öncelik sıralamasına dahil edilmiyor.,False
MAR_2024_01_000253,KAPSAM_DISI,,,,land_cover=Tarim,"Ağaçlandırma kapsamı dışı. Bu kare tarım alanı olarak sınıflanmış, orman rehabilitasyonu hedefi değil.",Öncelik sıralamasına dahil edilmiyor.,False
MAR_2024_01_000255,IZLE,ESKIDEN_ORMAN_DEGIL|DUSUK_GUVEN,,,prediction_status=low_severity,"İzle, müdahale etme. Yangın bu kareyi ağır yakmamış (düşük şiddet, dNBR 0,20).","Model bu rejimde tahmin üretmiyor. Kendi toparlanması bekleniyor, müdahale listesine alınmıyor. Yangın öncesi örtü otlak ve çalılık idi; orman kurma değil, mevcut örtünün onarımı düşünülmeli. Bu bölgede referans yangınımız az — tahmin belirsizliği diğer bölgelerden yüksek, saha doğrulaması önerilir.",True
MAR_2024_01_000256,KAPSAM_DISI,,0.6001,,land_cover=Tarim,"Ağaçlandırma kapsamı dışı. Bu kare tarım alanı olarak sınıflanmış, orman rehabilitasyonu hedefi değil.",Öncelik sıralamasına dahil edilmiyor.,False
MAR_2024_01_000257,KAPSAM_DISI,,0.4652,,land_cover=Tarim,"Ağaçlandırma kapsamı dışı. Bu kare tarım alanı olarak sınıflanmış, orman rehabilitasyonu hedefi değil.",Öncelik sıralamasına dahil edilmiyor.,False
MAR_2024_01_000258,KAPSAM_DISI,,,,land_cover=Tarim,"Ağaçlandırma kapsamı dışı. Bu kare tarım alanı olarak sınıflanmış, orman rehabilitasyonu hedefi değil.",Öncelik sıralamasına dahil edilmiyor.,False
MAR_2024_01_000259,KAPSAM_DISI,,,,land_cover=Tarim,"Ağaçlandırma kapsamı dışı. Bu kare tarım alanı olarak sınıflanmış, orman rehabilitasyonu hedefi değil.",Öncelik sıralamasına dahil edilmiyor.,False
MAR_2024_01_000303,KAPSAM_DISI,,,,land_cover=Tarim,"Ağaçlandırma kapsamı dışı. Bu kare tarım alanı olarak sınıflanmış, orman rehabilitasyonu hedefi değil.",Öncelik sıralamasına dahil edilmiyor.,False
MAR_2024_01_000304,KAPSAM_DISI,,,,land_cover=Tarim,"Ağaçlandırma kapsamı dışı. Bu kare tarım alanı olarak sınıflanmış, orman rehabilitasyonu hedefi değil.",Öncelik sıralamasına dahil edilmiyor.,False
MAR_2024_01_000305,KAPSAM_DISI,,0.5443,,land_cover=Tarim,"Ağaçlandırma kapsamı dışı. Bu kare tarım alanı olarak sınıflanmış, orman rehabilitasyonu hedefi değil.",Öncelik sıralamasına dahil edilmiyor.,False
MAR_2024_01_000313,KAPSAM_DISI,,,,land_cover=Tarim,"Ağaçlandırma kapsamı dışı. Bu kare tarım alanı olarak sınıflanmış, orman rehabilitasyonu hedefi değil.",Öncelik sıralamasına dahil edilmiyor.,False
MAR_2024_01_000314,KAPSAM_DISI,,,,land_cover=Tarim,"Ağaçlandırma kapsamı dışı. Bu kare tarım alanı olarak sınıflanmış, orman rehabilitasyonu hedefi değil.",Öncelik sıralamasına dahil edilmiyor.,False
MAR_2024_01_000315,KAPSAM_DISI,,,,land_cover=Tarim,"Ağaçlandırma kapsamı dışı. Bu kare tarım alanı olarak sınıflanmış, orman rehabilitasyonu hedefi değil.",Öncelik sıralamasına dahil edilmiyor.,False
MAR_2024_01_000317,KAPSAM_DISI,,,,land_cover=Tarim,"Ağaçlandırma kapsamı dışı. Bu kare tarım alanı olarak sınıflanmış, orman rehabilitasyonu hedefi değil.",Öncelik sıralamasına dahil edilmiyor.,False
MAR_2024_01_000318,KAPSAM_DISI,,,,land_cover=Tarim,"Ağaçlandırma kapsamı dışı. Bu kare tarım alanı olarak sınıflanmış, orman rehabilitasyonu hedefi değil.",Öncelik sıralamasına dahil edilmiyor.,False
MAR_2024_01_000319,KAPSAM_DISI,,,,land_cover=Tarim,"Ağaçlandırma kapsamı dışı. Bu kare tarım alanı olarak sınıflanmış, orman rehabilitasyonu hedefi değil.",Öncelik sıralamasına dahil edilmiyor.,False
MAR_2024_01_000320,KAPSAM_DISI,,,,land_cover=Tarim,"Ağaçlandırma kapsamı dışı. Bu kare tarım alanı olarak sınıflanmış, orman rehabilitasyonu hedefi değil.",Öncelik sıralamasına dahil edilmiyor.,False
MAR_2024_01_000321,KAPSAM_DISI,,,,land_cover=Tarim,"Ağaçlandırma kapsamı dışı. Bu kare tarım alanı olarak sınıflanmış, orman rehabilitasyonu hedefi değil.",Öncelik sıralamasına dahil edilmiyor.,False
MAR_2024_01_000322,KAPSAM_DISI,,,,land_cover=Tarim,"Ağaçlandırma kapsamı dışı. Bu kare tarım alanı olarak sınıflanmış, orman rehabilitasyonu hedefi değil.",Öncelik sıralamasına dahil edilmiyor.,False
MAR_2024_01_000323,KAPSAM_DISI,,,,land_cover=Tarim,"Ağaçlandırma kapsamı dışı. Bu kare tarım alanı olarak sınıflanmış, orman rehabilitasyonu hedefi değil.",Öncelik sıralamasına dahil edilmiyor.,False
MAR_2024_01_000324,KAPSAM_DISI,,,,land_cover=Tarim,"Ağaçlandırma kapsamı dışı. Bu kare tarım alanı olarak sınıflanmış, orman rehabilitasyonu hedefi değil.",Öncelik sıralamasına dahil edilmiyor.,False
MAR_2024_01_000326,KAPSAM_DISI,,,,land_cover=Tarim,"Ağaçlandırma kapsamı dışı. Bu kare tarım alanı olarak sınıflanmış, orman rehabilitasyonu hedefi değil.",Öncelik sıralamasına dahil edilmiyor.,False
MAR_2024_01_000349,KAPSAM_DISI,,,,land_cover=Tarim,"Ağaçlandırma kapsamı dışı. Bu kare tarım alanı olarak sınıflanmış, orman rehabilitasyonu hedefi değil.",Öncelik sıralamasına dahil edilmiyor.,False
MAR_2024_01_000350,KAPSAM_DISI,,,,land_cover=Tarim,"Ağaçlandırma kapsamı dışı. Bu kare tarım alanı olarak sınıflanmış, orman rehabilitasyonu hedefi değil.",Öncelik sıralamasına dahil edilmiyor.,False
MAR_2024_01_000353,KAPSAM_DISI,,,,land_cover=Tarim,"Ağaçlandırma kapsamı dışı. Bu kare tarım alanı olarak sınıflanmış, orman rehabilitasyonu hedefi değil.",Öncelik sıralamasına dahil edilmiyor.,False
MAR_2024_01_000370,KAPSAM_DISI,,,,land_cover=Tarim,"Ağaçlandırma kapsamı dışı. Bu kare tarım alanı olarak sınıflanmış, orman rehabilitasyonu hedefi değil.",Öncelik sıralamasına dahil edilmiyor.,False
MAR_2024_01_000371,KAPSAM_DISI,,,,land_cover=Tarim,"Ağaçlandırma kapsamı dışı. Bu kare tarım alanı olarak sınıflanmış, orman rehabilitasyonu hedefi değil.",Öncelik sıralamasına dahil edilmiyor.,False
MAR_2024_01_000379,KAPSAM_DISI,,,,land_cover=Tarim,"Ağaçlandırma kapsamı dışı. Bu kare tarım alanı olarak sınıflanmış, orman rehabilitasyonu hedefi değil.",Öncelik sıralamasına dahil edilmiyor.,False
MAR_2024_01_000380,KAPSAM_DISI,,,,land_cover=Tarim,"Ağaçlandırma kapsamı dışı. Bu kare tarım alanı olarak sınıflanmış, orman rehabilitasyonu hedefi değil.",Öncelik sıralamasına dahil edilmiyor.,False
MAR_2024_01_000382,KAPSAM_DISI,,,,land_cover=Tarim,"Ağaçlandırma kapsamı dışı. Bu kare tarım alanı olarak sınıflanmış, orman rehabilitasyonu hedefi değil.",Öncelik sıralamasına dahil edilmiyor.,False
MAR_2024_01_000383,KAPSAM_DISI,,,,land_cover=Tarim,"Ağaçlandırma kapsamı dışı. Bu kare tarım alanı olarak sınıflanmış, orman rehabilitasyonu hedefi değil.",Öncelik sıralamasına dahil edilmiyor.,False
MAR_2024_01_000384,KAPSAM_DISI,,,,land_cover=Tarim,"Ağaçlandırma kapsamı dışı. Bu kare tarım alanı olarak sınıflanmış, orman rehabilitasyonu hedefi değil.",Öncelik sıralamasına dahil edilmiyor.,False
MAR_2024_01_000385,KAPSAM_DISI,,,,land_cover=Tarim,"Ağaçlandırma kapsamı dışı. Bu kare tarım alanı olarak sınıflanmış, orman rehabilitasyonu hedefi değil.",Öncelik sıralamasına dahil edilmiyor.,False
MAR_2024_01_000391,KAPSAM_DISI,,,,land_cover=Tarim,"Ağaçlandırma kapsamı dışı. Bu kare tarım alanı olarak sınıflanmış, orman rehabilitasyonu hedefi değil.",Öncelik sıralamasına dahil edilmiyor.,False
MAR_2024_01_000394,KAPSAM_DISI,,,,land_cover=Yerlesim,"Ağaçlandırma kapsamı dışı. Bu kare yerleşim alanı olarak sınıflanmış, orman rehabilitasyonu hedefi değil.",Öncelik sıralamasına dahil edilmiyor.,False
MAR_2024_01_000415,KAPSAM_DISI,,,,land_cover=Tarim,"Ağaçlandırma kapsamı dışı. Bu kare tarım alanı olarak sınıflanmış, orman rehabilitasyonu hedefi değil.",Öncelik sıralamasına dahil edilmiyor.,False
MAR_2024_01_000416,KAPSAM_DISI,,,,land_cover=Tarim,"Ağaçlandırma kapsamı dışı. Bu kare tarım alanı olarak sınıflanmış, orman rehabilitasyonu hedefi değil.",Öncelik sıralamasına dahil edilmiyor.,False
MAR_2024_01_000417,KAPSAM_DISI,,,,land_cover=Tarim,"Ağaçlandırma kapsamı dışı. Bu kare tarım alanı olarak sınıflanmış, orman rehabilitasyonu hedefi değil.",Öncelik sıralamasına dahil edilmiyor.,False
MAR_2024_01_000418,KAPSAM_DISI,,,,land_cover=Tarim,"Ağaçlandırma kapsamı dışı. Bu kare tarım alanı olarak sınıflanmış, orman rehabilitasyonu hedefi değil.",Öncelik sıralamasına dahil edilmiyor.,False
MAR_2024_01_000419,KAPSAM_DISI,,,,land_cover=Tarim,"Ağaçlandırma kapsamı dışı. Bu kare tarım alanı olarak sınıflanmış, orman rehabilitasyonu hedefi değil.",Öncelik sıralamasına dahil edilmiyor.,False
MAR_2024_01_000420,KAPSAM_DISI,,,,land_cover=Tarim,"Ağaçlandırma kapsamı dışı. Bu kare tarım alanı olarak sınıflanmış, orman rehabilitasyonu hedefi değil.",Öncelik sıralamasına dahil edilmiyor.,False
MAR_2024_01_000436,KAPSAM_DISI,,,,land_cover=Tarim,"Ağaçlandırma kapsamı dışı. Bu kare tarım alanı olarak sınıflanmış, orman rehabilitasyonu hedefi değil.",Öncelik sıralamasına dahil edilmiyor.,False
MAR_2024_01_000437,KAPSAM_DISI,,,,land_cover=Tarim,"Ağaçlandırma kapsamı dışı. Bu kare tarım alanı olarak sınıflanmış, orman rehabilitasyonu hedefi değil.",Öncelik sıralamasına dahil edilmiyor.,False
MAR_2024_01_000445,KAPSAM_DISI,,,,land_cover=Tarim,"Ağaçlandırma kapsamı dışı. Bu kare tarım alanı olarak sınıflanmış, orman rehabilitasyonu hedefi değil.",Öncelik sıralamasına dahil edilmiyor.,False
MAR_2024_01_000446,KAPSAM_DISI,,,,land_cover=Tarim,"Ağaçlandırma kapsamı dışı. Bu kare tarım alanı olarak sınıflanmış, orman rehabilitasyonu hedefi değil.",Öncelik sıralamasına dahil edilmiyor.,False
MAR_2024_01_000447,KAPSAM_DISI,,,,land_cover=Tarim,"Ağaçlandırma kapsamı dışı. Bu kare tarım alanı olarak sınıflanmış, orman rehabilitasyonu hedefi değil.",Öncelik sıralamasına dahil edilmiyor.,False
MAR_2024_01_000448,KAPSAM_DISI,,,,land_cover=Tarim,"Ağaçlandırma kapsamı dışı. Bu kare tarım alanı olarak sınıflanmış, orman rehabilitasyonu hedefi değil.",Öncelik sıralamasına dahil edilmiyor.,False
MAR_2024_01_000449,KAPSAM_DISI,,,,land_cover=Tarim,"Ağaçlandırma kapsamı dışı. Bu kare tarım alanı olarak sınıflanmış, orman rehabilitasyonu hedefi değil.",Öncelik sıralamasına dahil edilmiyor.,False
MAR_2024_01_000479,KAPSAM_DISI,,,,land_cover=Tarim,"Ağaçlandırma kapsamı dışı. Bu kare tarım alanı olarak sınıflanmış, orman rehabilitasyonu hedefi değil.",Öncelik sıralamasına dahil edilmiyor.,False
MAR_2024_01_000480,KAPSAM_DISI,,,,land_cover=Tarim,"Ağaçlandırma kapsamı dışı. Bu kare tarım alanı olarak sınıflanmış, orman rehabilitasyonu hedefi değil.",Öncelik sıralamasına dahil edilmiyor.,False
MAR_2024_01_000481,KAPSAM_DISI,,,,land_cover=Tarim,"Ağaçlandırma kapsamı dışı. Bu kare tarım alanı olarak sınıflanmış, orman rehabilitasyonu hedefi değil.",Öncelik sıralamasına dahil edilmiyor.,False
MAR_2024_01_000482,KAPSAM_DISI,,,,land_cover=Tarim,"Ağaçlandırma kapsamı dışı. Bu kare tarım alanı olarak sınıflanmış, orman rehabilitasyonu hedefi değil.",Öncelik sıralamasına dahil edilmiyor.,False
MAR_2024_01_000483,KAPSAM_DISI,,,,land_cover=Tarim,"Ağaçlandırma kapsamı dışı. Bu kare tarım alanı olarak sınıflanmış, orman rehabilitasyonu hedefi değil.",Öncelik sıralamasına dahil edilmiyor.,False
MAR_2024_01_000484,KAPSAM_DISI,,,,land_cover=Tarim,"Ağaçlandırma kapsamı dışı. Bu kare tarım alanı olarak sınıflanmış, orman rehabilitasyonu hedefi değil.",Öncelik sıralamasına dahil edilmiyor.,False
MAR_2024_01_000502,KAPSAM_DISI,,,,land_cover=Yerlesim,"Ağaçlandırma kapsamı dışı. Bu kare yerleşim alanı olarak sınıflanmış, orman rehabilitasyonu hedefi değil.",Öncelik sıralamasına dahil edilmiyor.,False
MAR_2024_01_000503,KAPSAM_DISI,,,,land_cover=Tarim,"Ağaçlandırma kapsamı dışı. Bu kare tarım alanı olarak sınıflanmış, orman rehabilitasyonu hedefi değil.",Öncelik sıralamasına dahil edilmiyor.,False
MAR_2024_01_000504,KAPSAM_DISI,,,,land_cover=Tarim,"Ağaçlandırma kapsamı dışı. Bu kare tarım alanı olarak sınıflanmış, orman rehabilitasyonu hedefi değil.",Öncelik sıralamasına dahil edilmiyor.,False
MAR_2024_01_000505,KAPSAM_DISI,,,,land_cover=Tarim,"Ağaçlandırma kapsamı dışı. Bu kare tarım alanı olarak sınıflanmış, orman rehabilitasyonu hedefi değil.",Öncelik sıralamasına dahil edilmiyor.,False
MAR_2024_01_000509,KAPSAM_DISI,,,,land_cover=Tarim,"Ağaçlandırma kapsamı dışı. Bu kare tarım alanı olarak sınıflanmış, orman rehabilitasyonu hedefi değil.",Öncelik sıralamasına dahil edilmiyor.,False
MAR_2024_01_000510,KAPSAM_DISI,,,,land_cover=Tarim,"Ağaçlandırma kapsamı dışı. Bu kare tarım alanı olarak sınıflanmış, orman rehabilitasyonu hedefi değil.",Öncelik sıralamasına dahil edilmiyor.,False
MAR_2024_01_000511,KAPSAM_DISI,,,,land_cover=Tarim,"Ağaçlandırma kapsamı dışı. Bu kare tarım alanı olarak sınıflanmış, orman rehabilitasyonu hedefi değil.",Öncelik sıralamasına dahil edilmiyor.,False
MAR_2024_01_000512,KAPSAM_DISI,,,,land_cover=Tarim,"Ağaçlandırma kapsamı dışı. Bu kare tarım alanı olarak sınıflanmış, orman rehabilitasyonu hedefi değil.",Öncelik sıralamasına dahil edilmiyor.,False
MAR_2024_01_000514,KAPSAM_DISI,,,,land_cover=Tarim,"Ağaçlandırma kapsamı dışı. Bu kare tarım alanı olarak sınıflanmış, orman rehabilitasyonu hedefi değil.",Öncelik sıralamasına dahil edilmiyor.,False
MAR_2024_01_000515,KAPSAM_DISI,,,,land_cover=Tarim,"Ağaçlandırma kapsamı dışı. Bu kare tarım alanı olarak sınıflanmış, orman rehabilitasyonu hedefi değil.",Öncelik sıralamasına dahil edilmiyor.,False
MAR_2024_01_000516,KAPSAM_DISI,,,,land_cover=Tarim,"Ağaçlandırma kapsamı dışı. Bu kare tarım alanı olarak sınıflanmış, orman rehabilitasyonu hedefi değil.",Öncelik sıralamasına dahil edilmiyor.,False
MAR_2024_01_000517,KAPSAM_DISI,,,,land_cover=Tarim,"Ağaçlandırma kapsamı dışı. Bu kare tarım alanı olarak sınıflanmış, orman rehabilitasyonu hedefi değil.",Öncelik sıralamasına dahil edilmiyor.,False
MAR_2024_01_000518,KAPSAM_DISI,,,,land_cover=Tarim,"Ağaçlandırma kapsamı dışı. Bu kare tarım alanı olarak sınıflanmış, orman rehabilitasyonu hedefi değil.",Öncelik sıralamasına dahil edilmiyor.,False
MAR_2024_01_000546,KAPSAM_DISI,,,,land_cover=Tarim,"Ağaçlandırma kapsamı dışı. Bu kare tarım alanı olarak sınıflanmış, orman rehabilitasyonu hedefi değil.",Öncelik sıralamasına dahil edilmiyor.,False
MAR_2024_01_000547,KAPSAM_DISI,,,,land_cover=Tarim,"Ağaçlandırma kapsamı dışı. Bu kare tarım alanı olarak sınıflanmış, orman rehabilitasyonu hedefi değil.",Öncelik sıralamasına dahil edilmiyor.,False
MAR_2024_01_000548,KAPSAM_DISI,,,,land_cover=Tarim,"Ağaçlandırma kapsamı dışı. Bu kare tarım alanı olarak sınıflanmış, orman rehabilitasyonu hedefi değil.",Öncelik sıralamasına dahil edilmiyor.,False
MAR_2024_01_000549,KAPSAM_DISI,,,,land_cover=Tarim,"Ağaçlandırma kapsamı dışı. Bu kare tarım alanı olarak sınıflanmış, orman rehabilitasyonu hedefi değil.",Öncelik sıralamasına dahil edilmiyor.,False
MAR_2024_01_000550,KAPSAM_DISI,,,,land_cover=Tarim,"Ağaçlandırma kapsamı dışı. Bu kare tarım alanı olarak sınıflanmış, orman rehabilitasyonu hedefi değil.",Öncelik sıralamasına dahil edilmiyor.,False
MAR_2024_01_000568,KAPSAM_DISI,,,,land_cover=Yerlesim,"Ağaçlandırma kapsamı dışı. Bu kare yerleşim alanı olarak sınıflanmış, orman rehabilitasyonu hedefi değil.",Öncelik sıralamasına dahil edilmiyor.,False
MAR_2024_01_000569,KAPSAM_DISI,,0.5478,,land_cover=Tarim,"Ağaçlandırma kapsamı dışı. Bu kare tarım alanı olarak sınıflanmış, orman rehabilitasyonu hedefi değil.",Öncelik sıralamasına dahil edilmiyor.,False
MAR_2024_01_000570,KAPSAM_DISI,,0.5061,,land_cover=Tarim,"Ağaçlandırma kapsamı dışı. Bu kare tarım alanı olarak sınıflanmış, orman rehabilitasyonu hedefi değil.",Öncelik sıralamasına dahil edilmiyor.,False
MAR_2024_01_000571,KAPSAM_DISI,,0.5593,,land_cover=Tarim,"Ağaçlandırma kapsamı dışı. Bu kare tarım alanı olarak sınıflanmış, orman rehabilitasyonu hedefi değil.",Öncelik sıralamasına dahil edilmiyor.,False
MAR_2024_01_000572,KAPSAM_DISI,,,,land_cover=Tarim,"Ağaçlandırma kapsamı dışı. Bu kare tarım alanı olarak sınıflanmış, orman rehabilitasyonu hedefi değil.",Öncelik sıralamasına dahil edilmiyor.,False
MAR_2024_01_000573,KAPSAM_DISI,,,,land_cover=Tarim,"Ağaçlandırma kapsamı dışı. Bu kare tarım alanı olarak sınıflanmış, orman rehabilitasyonu hedefi değil.",Öncelik sıralamasına dahil edilmiyor.,False
MAR_2024_01_000574,KAPSAM_DISI,,,,land_cover=Tarim,"Ağaçlandırma kapsamı dışı. Bu kare tarım alanı olarak sınıflanmış, orman rehabilitasyonu hedefi değil.",Öncelik sıralamasına dahil edilmiyor.,False
MAR_2024_01_000576,KAPSAM_DISI,,,,land_cover=Tarim,"Ağaçlandırma kapsamı dışı. Bu kare tarım alanı olarak sınıflanmış, orman rehabilitasyonu hedefi değil.",Öncelik sıralamasına dahil edilmiyor.,False
MAR_2024_01_000577,KAPSAM_DISI,,,,land_cover=Tarim,"Ağaçlandırma kapsamı dışı. Bu kare tarım alanı olarak sınıflanmış, orman rehabilitasyonu hedefi değil.",Öncelik sıralamasına dahil edilmiyor.,False
MAR_2024_01_000578,KAPSAM_DISI,,,,land_cover=Tarim,"Ağaçlandırma kapsamı dışı. Bu kare tarım alanı olarak sınıflanmış, orman rehabilitasyonu hedefi değil.",Öncelik sıralamasına dahil edilmiyor.,False
MAR_2024_01_000580,KAPSAM_DISI,,,,land_cover=Tarim,"Ağaçlandırma kapsamı dışı. Bu kare tarım alanı olarak sınıflanmış, orman rehabilitasyonu hedefi değil.",Öncelik sıralamasına dahil edilmiyor.,False
MAR_2024_01_000581,KAPSAM_DISI,,,,land_cover=Tarim,"Ağaçlandırma kapsamı dışı. Bu kare tarım alanı olarak sınıflanmış, orman rehabilitasyonu hedefi değil.",Öncelik sıralamasına dahil edilmiyor.,False
MAR_2024_01_000583,KAPSAM_DISI,,,,land_cover=Tarim,"Ağaçlandırma kapsamı dışı. Bu kare tarım alanı olarak sınıflanmış, orman rehabilitasyonu hedefi değil.",Öncelik sıralamasına dahil edilmiyor.,False
MAR_2024_01_000584,KAPSAM_DISI,,,,land_cover=Tarim,"Ağaçlandırma kapsamı dışı. Bu kare tarım alanı olarak sınıflanmış, orman rehabilitasyonu hedefi değil.",Öncelik sıralamasına dahil edilmiyor.,False
MAR_2024_01_000585,KAPSAM_DISI,,,,land_cover=Tarim,"Ağaçlandırma kapsamı dışı. Bu kare tarım alanı olarak sınıflanmış, orman rehabilitasyonu hedefi değil.",Öncelik sıralamasına dahil edilmiyor.,False
MAR_2024_01_000608,IZLE,DUSUK_GUVEN,,,prediction_status=low_severity,"İzle, müdahale etme. Yangın bu kareyi ağır yakmamış (düşük şiddet, dNBR 0,11).","Model bu rejimde tahmin üretmiyor. Kendi toparlanması bekleniyor, müdahale listesine alınmıyor. Bu bölgede referans yangınımız az — tahmin belirsizliği diğer bölgelerden yüksek, saha doğrulaması önerilir.",True
MAR_2024_01_000610,KAPSAM_DISI,,,,land_cover=Tarim,"Ağaçlandırma kapsamı dışı. Bu kare tarım alanı olarak sınıflanmış, orman rehabilitasyonu hedefi değil.",Öncelik sıralamasına dahil edilmiyor.,False
MAR_2024_01_000611,KAPSAM_DISI,,,,land_cover=Tarim,"Ağaçlandırma kapsamı dışı. Bu kare tarım alanı olarak sınıflanmış, orman rehabilitasyonu hedefi değil.",Öncelik sıralamasına dahil edilmiyor.,False
MAR_2024_01_000612,KAPSAM_DISI,,0.6039,,land_cover=Tarim,"Ağaçlandırma kapsamı dışı. Bu kare tarım alanı olarak sınıflanmış, orman rehabilitasyonu hedefi değil.",Öncelik sıralamasına dahil edilmiyor.,False
MAR_2024_01_000613,KAPSAM_DISI,,0.5898,,land_cover=Tarim,"Ağaçlandırma kapsamı dışı. Bu kare tarım alanı olarak sınıflanmış, orman rehabilitasyonu hedefi değil.",Öncelik sıralamasına dahil edilmiyor.,False
MAR_2024_01_000614,KAPSAM_DISI,,0.621,,land_cover=Tarim,"Ağaçlandırma kapsamı dışı. Bu kare tarım alanı olarak sınıflanmış, orman rehabilitasyonu hedefi değil.",Öncelik sıralamasına dahil edilmiyor.,False
MAR_2024_01_000615,KAPSAM_DISI,,,,land_cover=Tarim,"Ağaçlandırma kapsamı dışı. Bu kare tarım alanı olarak sınıflanmış, orman rehabilitasyonu hedefi değil.",Öncelik sıralamasına dahil edilmiyor.,False
MAR_2024_01_000616,KAPSAM_DISI,,,,land_cover=Tarim,"Ağaçlandırma kapsamı dışı. Bu kare tarım alanı olarak sınıflanmış, orman rehabilitasyonu hedefi değil.",Öncelik sıralamasına dahil edilmiyor.,False
MAR_2024_01_000634,KAPSAM_DISI,,,,land_cover=Tarim,"Ağaçlandırma kapsamı dışı. Bu kare tarım alanı olarak sınıflanmış, orman rehabilitasyonu hedefi değil.",Öncelik sıralamasına dahil edilmiyor.,False
MAR_2024_01_000635,KAPSAM_DISI,,0.5498,,land_cover=Tarim,"Ağaçlandırma kapsamı dışı. Bu kare tarım alanı olarak sınıflanmış, orman rehabilitasyonu hedefi değil.",Öncelik sıralamasına dahil edilmiyor.,False
MAR_2024_01_000636,KAPSAM_DISI,,0.5218,,land_cover=Tarim,"Ağaçlandırma kapsamı dışı. Bu kare tarım alanı olarak sınıflanmış, orman rehabilitasyonu hedefi değil.",Öncelik sıralamasına dahil edilmiyor.,False
MAR_2024_01_000637,KAPSAM_DISI,,0.5674,,land_cover=Tarim,"Ağaçlandırma kapsamı dışı. Bu kare tarım alanı olarak sınıflanmış, orman rehabilitasyonu hedefi değil.",Öncelik sıralamasına dahil edilmiyor.,False
MAR_2024_01_000638,KAPSAM_DISI,,0.5164,,land_cover=Tarim,"Ağaçlandırma kapsamı dışı. Bu kare tarım alanı olarak sınıflanmış, orman rehabilitasyonu hedefi değil.",Öncelik sıralamasına dahil edilmiyor.,False
MAR_2024_01_000639,KAPSAM_DISI,,,,land_cover=Tarim,"Ağaçlandırma kapsamı dışı. Bu kare tarım alanı olarak sınıflanmış, orman rehabilitasyonu hedefi değil.",Öncelik sıralamasına dahil edilmiyor.,False
MAR_2024_01_000640,KAPSAM_DISI,,,,land_cover=Tarim,"Ağaçlandırma kapsamı dışı. Bu kare tarım alanı olarak sınıflanmış, orman rehabilitasyonu hedefi değil.",Öncelik sıralamasına dahil edilmiyor.,False
MAR_2024_01_000641,KAPSAM_DISI,,,,land_cover=Tarim,"Ağaçlandırma kapsamı dışı. Bu kare tarım alanı olarak sınıflanmış, orman rehabilitasyonu hedefi değil.",Öncelik sıralamasına dahil edilmiyor.,False
MAR_2024_01_000642,KAPSAM_DISI,,,,land_cover=Tarim,"Ağaçlandırma kapsamı dışı. Bu kare tarım alanı olarak sınıflanmış, orman rehabilitasyonu hedefi değil.",Öncelik sıralamasına dahil edilmiyor.,False
MAR_2024_01_000643,KAPSAM_DISI,,,,land_cover=Tarim,"Ağaçlandırma kapsamı dışı. Bu kare tarım alanı olarak sınıflanmış, orman rehabilitasyonu hedefi değil.",Öncelik sıralamasına dahil edilmiyor.,False
MAR_2024_01_000644,KAPSAM_DISI,,,,land_cover=Tarim,"Ağaçlandırma kapsamı dışı. Bu kare tarım alanı olarak sınıflanmış, orman rehabilitasyonu hedefi değil.",Öncelik sıralamasına dahil edilmiyor.,False
MAR_2024_01_000645,KAPSAM_DISI,,0.529,,land_cover=Tarim,"Ağaçlandırma kapsamı dışı. Bu kare tarım alanı olarak sınıflanmış, orman rehabilitasyonu hedefi değil.",Öncelik sıralamasına dahil edilmiyor.,False
MAR_2024_01_000646,KAPSAM_DISI,,0.54,,land_cover=Tarim,"Ağaçlandırma kapsamı dışı. Bu kare tarım alanı olarak sınıflanmış, orman rehabilitasyonu hedefi değil.",Öncelik sıralamasına dahil edilmiyor.,False
MAR_2024_01_000647,KAPSAM_DISI,,0.5612,,land_cover=Tarim,"Ağaçlandırma kapsamı dışı. Bu kare tarım alanı olarak sınıflanmış, orman rehabilitasyonu hedefi değil.",Öncelik sıralamasına dahil edilmiyor.,False
MAR_2024_01_000649,KAPSAM_DISI,,,,land_cover=Tarim,"Ağaçlandırma kapsamı dışı. Bu kare tarım alanı olarak sınıflanmış, orman rehabilitasyonu hedefi değil.",Öncelik sıralamasına dahil edilmiyor.,False
MAR_2024_01_000650,KAPSAM_DISI,,,,land_cover=Tarim,"Ağaçlandırma kapsamı dışı. Bu kare tarım alanı olarak sınıflanmış, orman rehabilitasyonu hedefi değil.",Öncelik sıralamasına dahil edilmiyor.,False
MAR_2024_01_000651,KAPSAM_DISI,,,,land_cover=Tarim,"Ağaçlandırma kapsamı dışı. Bu kare tarım alanı olarak sınıflanmış, orman rehabilitasyonu hedefi değil.",Öncelik sıralamasına dahil edilmiyor.,False
MAR_2024_01_000652,KAPSAM_DISI,,,,land_cover=Tarim,"Ağaçlandırma kapsamı dışı. Bu kare tarım alanı olarak sınıflanmış, orman rehabilitasyonu hedefi değil.",Öncelik sıralamasına dahil edilmiyor.,False
MAR_2024_01_000653,KAPSAM_DISI,,,,land_cover=Tarim,"Ağaçlandırma kapsamı dışı. Bu kare tarım alanı olarak sınıflanmış, orman rehabilitasyonu hedefi değil.",Öncelik sıralamasına dahil edilmiyor.,False
MAR_2024_01_000669,IZLE,DUSUK_GUVEN,,,prediction_status=low_severity,"İzle, müdahale etme. Yangın bu kareyi ağır yakmamış (düşük şiddet, dNBR 0,11).","Model bu rejimde tahmin üretmiyor. Kendi toparlanması bekleniyor, müdahale listesine alınmıyor. Bu bölgede referans yangınımız az — tahmin belirsizliği diğer bölgelerden yüksek, saha doğrulaması önerilir.",True
MAR_2024_01_000676,KAPSAM_DISI,,,,land_cover=Tarim,"Ağaçlandırma kapsamı dışı. Bu kare tarım alanı olarak sınıflanmış, orman rehabilitasyonu hedefi değil.",Öncelik sıralamasına dahil edilmiyor.,False
MAR_2024_01_000677,KAPSAM_DISI,,0.5555,,land_cover=Tarim,"Ağaçlandırma kapsamı dışı. Bu kare tarım alanı olarak sınıflanmış, orman rehabilitasyonu hedefi değil.",Öncelik sıralamasına dahil edilmiyor.,False
MAR_2024_01_000678,KAPSAM_DISI,,0.5016,,land_cover=Tarim,"Ağaçlandırma kapsamı dışı. Bu kare tarım alanı olarak sınıflanmış, orman rehabilitasyonu hedefi değil.",Öncelik sıralamasına dahil edilmiyor.,False
MAR_2024_01_000679,KAPSAM_DISI,,0.5439,,land_cover=Tarim,"Ağaçlandırma kapsamı dışı. Bu kare tarım alanı olarak sınıflanmış, orman rehabilitasyonu hedefi değil.",Öncelik sıralamasına dahil edilmiyor.,False
MAR_2024_01_000680,KAPSAM_DISI,,0.5936,,land_cover=Tarim,"Ağaçlandırma kapsamı dışı. Bu kare tarım alanı olarak sınıflanmış, orman rehabilitasyonu hedefi değil.",Öncelik sıralamasına dahil edilmiyor.,False
MAR_2024_01_000681,KAPSAM_DISI,,,,land_cover=Tarim,"Ağaçlandırma kapsamı dışı. Bu kare tarım alanı olarak sınıflanmış, orman rehabilitasyonu hedefi değil.",Öncelik sıralamasına dahil edilmiyor.,False
MAR_2024_01_000682,KAPSAM_DISI,,,,land_cover=Tarim,"Ağaçlandırma kapsamı dışı. Bu kare tarım alanı olarak sınıflanmış, orman rehabilitasyonu hedefi değil.",Öncelik sıralamasına dahil edilmiyor.,False
MAR_2024_01_000683,KAPSAM_DISI,,,,land_cover=Tarim,"Ağaçlandırma kapsamı dışı. Bu kare tarım alanı olarak sınıflanmış, orman rehabilitasyonu hedefi değil.",Öncelik sıralamasına dahil edilmiyor.,False
MAR_2024_01_000697,KAPSAM_DISI,,,,land_cover=Tarim,"Ağaçlandırma kapsamı dışı. Bu kare tarım alanı olarak sınıflanmış, orman rehabilitasyonu hedefi değil.",Öncelik sıralamasına dahil edilmiyor.,False
MAR_2024_01_000698,KAPSAM_DISI,,,,land_cover=Tarim,"Ağaçlandırma kapsamı dışı. Bu kare tarım alanı olarak sınıflanmış, orman rehabilitasyonu hedefi değil.",Öncelik sıralamasına dahil edilmiyor.,False
MAR_2024_01_000699,KAPSAM_DISI,,,,land_cover=Tarim,"Ağaçlandırma kapsamı dışı. Bu kare tarım alanı olarak sınıflanmış, orman rehabilitasyonu hedefi değil.",Öncelik sıralamasına dahil edilmiyor.,False
MAR_2024_01_000700,KAPSAM_DISI,,,,land_cover=Tarim,"Ağaçlandırma kapsamı dışı. Bu kare tarım alanı olarak sınıflanmış, orman rehabilitasyonu hedefi değil.",Öncelik sıralamasına dahil edilmiyor.,False
MAR_2024_01_000701,KAPSAM_DISI,,,,land_cover=Tarim,"Ağaçlandırma kapsamı dışı. Bu kare tarım alanı olarak sınıflanmış, orman rehabilitasyonu hedefi değil.",Öncelik sıralamasına dahil edilmiyor.,False
MAR_2024_01_000702,KAPSAM_DISI,,,,land_cover=Tarim,"Ağaçlandırma kapsamı dışı. Bu kare tarım alanı olarak sınıflanmış, orman rehabilitasyonu hedefi değil.",Öncelik sıralamasına dahil edilmiyor.,False
MAR_2024_01_000703,KAPSAM_DISI,,,,land_cover=Tarim,"Ağaçlandırma kapsamı dışı. Bu kare tarım alanı olarak sınıflanmış, orman rehabilitasyonu hedefi değil.",Öncelik sıralamasına dahil edilmiyor.,False
MAR_2024_01_000704,KAPSAM_DISI,,0.5056,,land_cover=Tarim,"Ağaçlandırma kapsamı dışı. Bu kare tarım alanı olarak sınıflanmış, orman rehabilitasyonu hedefi değil.",Öncelik sıralamasına dahil edilmiyor.,False
MAR_2024_01_000705,KAPSAM_DISI,,0.5205,,land_cover=Tarim,"Ağaçlandırma kapsamı dışı. Bu kare tarım alanı olarak sınıflanmış, orman rehabilitasyonu hedefi değil.",Öncelik sıralamasına dahil edilmiyor.,False
MAR_2024_01_000706,KAPSAM_DISI,,,,land_cover=Tarim,"Ağaçlandırma kapsamı dışı. Bu kare tarım alanı olarak sınıflanmış, orman rehabilitasyonu hedefi değil.",Öncelik sıralamasına dahil edilmiyor.,False
MAR_2024_01_000707,KAPSAM_DISI,,,,land_cover=Tarim,"Ağaçlandırma kapsamı dışı. Bu kare tarım alanı olarak sınıflanmış, orman rehabilitasyonu hedefi değil.",Öncelik sıralamasına dahil edilmiyor.,False
MAR_2024_01_000711,KAPSAM_DISI,,,,land_cover=Tarim,"Ağaçlandırma kapsamı dışı. Bu kare tarım alanı olarak sınıflanmış, orman rehabilitasyonu hedefi değil.",Öncelik sıralamasına dahil edilmiyor.,False
MAR_2024_01_000712,KAPSAM_DISI,,,,land_cover=Tarim,"Ağaçlandırma kapsamı dışı. Bu kare tarım alanı olarak sınıflanmış, orman rehabilitasyonu hedefi değil.",Öncelik sıralamasına dahil edilmiyor.,False
MAR_2024_01_000713,KAPSAM_DISI,,,,land_cover=Tarim,"Ağaçlandırma kapsamı dışı. Bu kare tarım alanı olarak sınıflanmış, orman rehabilitasyonu hedefi değil.",Öncelik sıralamasına dahil edilmiyor.,False
MAR_2024_01_000714,KAPSAM_DISI,,,,land_cover=Tarim,"Ağaçlandırma kapsamı dışı. Bu kare tarım alanı olarak sınıflanmış, orman rehabilitasyonu hedefi değil.",Öncelik sıralamasına dahil edilmiyor.,False
MAR_2024_01_000715,KAPSAM_DISI,,,,land_cover=Tarim,"Ağaçlandırma kapsamı dışı. Bu kare tarım alanı olarak sınıflanmış, orman rehabilitasyonu hedefi değil.",Öncelik sıralamasına dahil edilmiyor.,False
MAR_2024_01_000716,IZLE,DUSUK_GUVEN,,,prediction_status=low_severity,"İzle, müdahale etme. Yangın bu kareyi ağır yakmamış (düşük şiddet, dNBR 0,11).","Model bu rejimde tahmin üretmiyor. Kendi toparlanması bekleniyor, müdahale listesine alınmıyor. Bu bölgede referans yangınımız az — tahmin belirsizliği diğer bölgelerden yüksek, saha doğrulaması önerilir.",True
MAR_2024_01_000719,KAPSAM_DISI,,,,land_cover=Tarim,"Ağaçlandırma kapsamı dışı. Bu kare tarım alanı olarak sınıflanmış, orman rehabilitasyonu hedefi değil.",Öncelik sıralamasına dahil edilmiyor.,False
MAR_2024_01_000731,IZLE,ESKIDEN_ORMAN_DEGIL|DUSUK_GUVEN,,,prediction_status=low_severity,"İzle, müdahale etme. Yangın bu kareyi ağır yakmamış (düşük şiddet, dNBR 0,11).","Model bu rejimde tahmin üretmiyor. Kendi toparlanması bekleniyor, müdahale listesine alınmıyor. Yangın öncesi örtü otlak ve çalılık idi; orman kurma değil, mevcut örtünün onarımı düşünülmeli. Bu bölgede referans yangınımız az — tahmin belirsizliği diğer bölgelerden yüksek, saha doğrulaması önerilir.",True
MAR_2024_01_000742,KAPSAM_DISI,,,,land_cover=Tarim,"Ağaçlandırma kapsamı dışı. Bu kare tarım alanı olarak sınıflanmış, orman rehabilitasyonu hedefi değil.",Öncelik sıralamasına dahil edilmiyor.,False
MAR_2024_01_000743,KAPSAM_DISI,,0.5043,,land_cover=Tarim,"Ağaçlandırma kapsamı dışı. Bu kare tarım alanı olarak sınıflanmış, orman rehabilitasyonu hedefi değil.",Öncelik sıralamasına dahil edilmiyor.,False
MAR_2024_01_000744,KAPSAM_DISI,,0.5039,,land_cover=Tarim,"Ağaçlandırma kapsamı dışı. Bu kare tarım alanı olarak sınıflanmış, orman rehabilitasyonu hedefi değil.",Öncelik sıralamasına dahil edilmiyor.,False
MAR_2024_01_000745,KAPSAM_DISI,,0.5264,,land_cover=Tarim,"Ağaçlandırma kapsamı dışı. Bu kare tarım alanı olarak sınıflanmış, orman rehabilitasyonu hedefi değil.",Öncelik sıralamasına dahil edilmiyor.,False
MAR_2024_01_000746,KAPSAM_DISI,,0.5572,,land_cover=Tarim,"Ağaçlandırma kapsamı dışı. Bu kare tarım alanı olarak sınıflanmış, orman rehabilitasyonu hedefi değil.",Öncelik sıralamasına dahil edilmiyor.,False
MAR_2024_01_000747,KAPSAM_DISI,,,,land_cover=Tarim,"Ağaçlandırma kapsamı dışı. Bu kare tarım alanı olarak sınıflanmış, orman rehabilitasyonu hedefi değil.",Öncelik sıralamasına dahil edilmiyor.,False
MAR_2024_01_000748,KAPSAM_DISI,,,,land_cover=Tarim,"Ağaçlandırma kapsamı dışı. Bu kare tarım alanı olarak sınıflanmış, orman rehabilitasyonu hedefi değil.",Öncelik sıralamasına dahil edilmiyor.,False
MAR_2024_01_000766,KAPSAM_DISI,,,,land_cover=Tarim,"Ağaçlandırma kapsamı dışı. Bu kare tarım alanı olarak sınıflanmış, orman rehabilitasyonu hedefi değil.",Öncelik sıralamasına dahil edilmiyor.,False
MAR_2024_01_000770,KAPSAM_DISI,,,,land_cover=Tarim,"Ağaçlandırma kapsamı dışı. Bu kare tarım alanı olarak sınıflanmış, orman rehabilitasyonu hedefi değil.",Öncelik sıralamasına dahil edilmiyor.,False
MAR_2024_01_000771,KAPSAM_DISI,,,,land_cover=Tarim,"Ağaçlandırma kapsamı dışı. Bu kare tarım alanı olarak sınıflanmış, orman rehabilitasyonu hedefi değil.",Öncelik sıralamasına dahil edilmiyor.,False
MAR_2024_01_000772,KAPSAM_DISI,,,,land_cover=Tarim,"Ağaçlandırma kapsamı dışı. Bu kare tarım alanı olarak sınıflanmış, orman rehabilitasyonu hedefi değil.",Öncelik sıralamasına dahil edilmiyor.,False
MAR_2024_01_000782,IZLE,DUSUK_GUVEN,,,prediction_status=low_severity,"İzle, müdahale etme. Yangın bu kareyi ağır yakmamış (düşük şiddet, dNBR 0,11).","Model bu rejimde tahmin üretmiyor. Kendi toparlanması bekleniyor, müdahale listesine alınmıyor. Bu bölgede referans yangınımız az — tahmin belirsizliği diğer bölgelerden yüksek, saha doğrulaması önerilir.",True
MAR_2024_01_000783,KAPSAM_DISI,,,,land_cover=Tarim,"Ağaçlandırma kapsamı dışı. Bu kare tarım alanı olarak sınıflanmış, orman rehabilitasyonu hedefi değil.",Öncelik sıralamasına dahil edilmiyor.,False
MAR_2024_01_000785,KAPSAM_DISI,,,,land_cover=Tarim,"Ağaçlandırma kapsamı dışı. Bu kare tarım alanı olarak sınıflanmış, orman rehabilitasyonu hedefi değil.",Öncelik sıralamasına dahil edilmiyor.,False
MAR_2024_01_000807,KAPSAM_DISI,,,,land_cover=Tarim,"Ağaçlandırma kapsamı dışı. Bu kare tarım alanı olarak sınıflanmış, orman rehabilitasyonu hedefi değil.",Öncelik sıralamasına dahil edilmiyor.,False
MAR_2024_01_000808,KAPSAM_DISI,,,,land_cover=Tarim,"Ağaçlandırma kapsamı dışı. Bu kare tarım alanı olarak sınıflanmış, orman rehabilitasyonu hedefi değil.",Öncelik sıralamasına dahil edilmiyor.,False
MAR_2024_01_000809,KAPSAM_DISI,,,,land_cover=Tarim,"Ağaçlandırma kapsamı dışı. Bu kare tarım alanı olarak sınıflanmış, orman rehabilitasyonu hedefi değil.",Öncelik sıralamasına dahil edilmiyor.,False
MAR_2024_01_000810,KAPSAM_DISI,,0.617,,land_cover=Tarim,"Ağaçlandırma kapsamı dışı. Bu kare tarım alanı olarak sınıflanmış, orman rehabilitasyonu hedefi değil.",Öncelik sıralamasına dahil edilmiyor.,False
MAR_2024_01_000811,KAPSAM_DISI,,0.5366,,land_cover=Tarim,"Ağaçlandırma kapsamı dışı. Bu kare tarım alanı olarak sınıflanmış, orman rehabilitasyonu hedefi değil.",Öncelik sıralamasına dahil edilmiyor.,False
MAR_2024_01_000812,KAPSAM_DISI,,,,land_cover=Tarim,"Ağaçlandırma kapsamı dışı. Bu kare tarım alanı olarak sınıflanmış, orman rehabilitasyonu hedefi değil.",Öncelik sıralamasına dahil edilmiyor.,False
MAR_2024_01_000813,KAPSAM_DISI,,,,land_cover=Tarim,"Ağaçlandırma kapsamı dışı. Bu kare tarım alanı olarak sınıflanmış, orman rehabilitasyonu hedefi değil.",Öncelik sıralamasına dahil edilmiyor.,False
MAR_2024_01_000814,KAPSAM_DISI,,,,land_cover=Tarim,"Ağaçlandırma kapsamı dışı. Bu kare tarım alanı olarak sınıflanmış, orman rehabilitasyonu hedefi değil.",Öncelik sıralamasına dahil edilmiyor.,False
MAR_2024_01_000831,KAPSAM_DISI,,,,land_cover=Tarim,"Ağaçlandırma kapsamı dışı. Bu kare tarım alanı olarak sınıflanmış, orman rehabilitasyonu hedefi değil.",Öncelik sıralamasına dahil edilmiyor.,False
MAR_2024_01_000832,KAPSAM_DISI,,,,land_cover=Tarim,"Ağaçlandırma kapsamı dışı. Bu kare tarım alanı olarak sınıflanmış, orman rehabilitasyonu hedefi değil.",Öncelik sıralamasına dahil edilmiyor.,False
MAR_2024_01_000835,KAPSAM_DISI,,,,land_cover=Tarim,"Ağaçlandırma kapsamı dışı. Bu kare tarım alanı olarak sınıflanmış, orman rehabilitasyonu hedefi değil.",Öncelik sıralamasına dahil edilmiyor.,False
MAR_2024_01_000847,KAPSAM_DISI,,,,land_cover=Tarim,"Ağaçlandırma kapsamı dışı. Bu kare tarım alanı olarak sınıflanmış, orman rehabilitasyonu hedefi değil.",Öncelik sıralamasına dahil edilmiyor.,False
MAR_2024_01_000848,KAPSAM_DISI,,0.614,,land_cover=Tarim,"Ağaçlandırma kapsamı dışı. Bu kare tarım alanı olarak sınıflanmış, orman rehabilitasyonu hedefi değil.",Öncelik sıralamasına dahil edilmiyor.,False
MAR_2024_01_000849,KAPSAM_DISI,,,,land_cover=Tarim,"Ağaçlandırma kapsamı dışı. Bu kare tarım alanı olarak sınıflanmış, orman rehabilitasyonu hedefi değil.",Öncelik sıralamasına dahil edilmiyor.,False
MAR_2024_01_000850,KAPSAM_DISI,,,,land_cover=Tarim,"Ağaçlandırma kapsamı dışı. Bu kare tarım alanı olarak sınıflanmış, orman rehabilitasyonu hedefi değil.",Öncelik sıralamasına dahil edilmiyor.,False
MAR_2024_01_000853,KAPSAM_DISI,,,,land_cover=Tarim,"Ağaçlandırma kapsamı dışı. Bu kare tarım alanı olarak sınıflanmış, orman rehabilitasyonu hedefi değil.",Öncelik sıralamasına dahil edilmiyor.,False
MAR_2024_01_000856,KAPSAM_DISI,,,,land_cover=Tarim,"Ağaçlandırma kapsamı dışı. Bu kare tarım alanı olarak sınıflanmış, orman rehabilitasyonu hedefi değil.",Öncelik sıralamasına dahil edilmiyor.,False
MAR_2024_01_000875,KAPSAM_DISI,,,,land_cover=Tarim,"Ağaçlandırma kapsamı dışı. Bu kare tarım alanı olarak sınıflanmış, orman rehabilitasyonu hedefi değil.",Öncelik sıralamasına dahil edilmiyor.,False
MAR_2024_01_000876,KAPSAM_DISI,,0.5624,,land_cover=Tarim,"Ağaçlandırma kapsamı dışı. Bu kare tarım alanı olarak sınıflanmış, orman rehabilitasyonu hedefi değil.",Öncelik sıralamasına dahil edilmiyor.,False
MAR_2024_01_000877,KAPSAM_DISI,,0.5512,,land_cover=Tarim,"Ağaçlandırma kapsamı dışı. Bu kare tarım alanı olarak sınıflanmış, orman rehabilitasyonu hedefi değil.",Öncelik sıralamasına dahil edilmiyor.,False
MAR_2024_01_000879,KAPSAM_DISI,,,,land_cover=Tarim,"Ağaçlandırma kapsamı dışı. Bu kare tarım alanı olarak sınıflanmış, orman rehabilitasyonu hedefi değil.",Öncelik sıralamasına dahil edilmiyor.,False
MAR_2024_01_000880,KAPSAM_DISI,,,,land_cover=Tarim,"Ağaçlandırma kapsamı dışı. Bu kare tarım alanı olarak sınıflanmış, orman rehabilitasyonu hedefi değil.",Öncelik sıralamasına dahil edilmiyor.,False
MAR_2024_01_000912,KAPSAM_DISI,,,,land_cover=Tarim,"Ağaçlandırma kapsamı dışı. Bu kare tarım alanı olarak sınıflanmış, orman rehabilitasyonu hedefi değil.",Öncelik sıralamasına dahil edilmiyor.,False
MAR_2024_01_000913,KAPSAM_DISI,,,,land_cover=Tarim,"Ağaçlandırma kapsamı dışı. Bu kare tarım alanı olarak sınıflanmış, orman rehabilitasyonu hedefi değil.",Öncelik sıralamasına dahil edilmiyor.,False
MAR_2024_01_000914,KAPSAM_DISI,,,,land_cover=Tarim,"Ağaçlandırma kapsamı dışı. Bu kare tarım alanı olarak sınıflanmış, orman rehabilitasyonu hedefi değil.",Öncelik sıralamasına dahil edilmiyor.,False
MAR_2024_01_000915,KAPSAM_DISI,,,,land_cover=Tarim,"Ağaçlandırma kapsamı dışı. Bu kare tarım alanı olarak sınıflanmış, orman rehabilitasyonu hedefi değil.",Öncelik sıralamasına dahil edilmiyor.,False
MAR_2024_01_000917,KAPSAM_DISI,,,,land_cover=Yerlesim,"Ağaçlandırma kapsamı dışı. Bu kare yerleşim alanı olarak sınıflanmış, orman rehabilitasyonu hedefi değil.",Öncelik sıralamasına dahil edilmiyor.,False
MAR_2024_01_000921,KAPSAM_DISI,,,,land_cover=Tarim,"Ağaçlandırma kapsamı dışı. Bu kare tarım alanı olarak sınıflanmış, orman rehabilitasyonu hedefi değil.",Öncelik sıralamasına dahil edilmiyor.,False
MAR_2024_01_000922,IZLE,DUSUK_GUVEN,,,prediction_status=low_severity,"İzle, müdahale etme. Yangın bu kareyi ağır yakmamış (düşük şiddet, dNBR 0,12).","Model bu rejimde tahmin üretmiyor. Kendi toparlanması bekleniyor, müdahale listesine alınmıyor. Bu bölgede referans yangınımız az — tahmin belirsizliği diğer bölgelerden yüksek, saha doğrulaması önerilir.",True
MAR_2024_01_000923,IZLE,DUSUK_GUVEN,,,prediction_status=low_severity,"İzle, müdahale etme. Yangın bu kareyi ağır yakmamış (düşük şiddet, dNBR 0,13).","Model bu rejimde tahmin üretmiyor. Kendi toparlanması bekleniyor, müdahale listesine alınmıyor. Bu bölgede referans yangınımız az — tahmin belirsizliği diğer bölgelerden yüksek, saha doğrulaması önerilir.",True
MAR_2024_01_000932,KAPSAM_DISI,,,,land_cover=Tarim,"Ağaçlandırma kapsamı dışı. Bu kare tarım alanı olarak sınıflanmış, orman rehabilitasyonu hedefi değil.",Öncelik sıralamasına dahil edilmiyor.,False
MAR_2024_01_000941,KAPSAM_DISI,,,,land_cover=Tarim,"Ağaçlandırma kapsamı dışı. Bu kare tarım alanı olarak sınıflanmış, orman rehabilitasyonu hedefi değil.",Öncelik sıralamasına dahil edilmiyor.,False
MAR_2024_01_000945,KAPSAM_DISI,,,,land_cover=Tarim,"Ağaçlandırma kapsamı dışı. Bu kare tarım alanı olarak sınıflanmış, orman rehabilitasyonu hedefi değil.",Öncelik sıralamasına dahil edilmiyor.,False
MAR_2024_01_000946,KAPSAM_DISI,,,,land_cover=Tarim,"Ağaçlandırma kapsamı dışı. Bu kare tarım alanı olarak sınıflanmış, orman rehabilitasyonu hedefi değil.",Öncelik sıralamasına dahil edilmiyor.,False
MAR_2024_01_000970,IZLE,DUSUK_GUVEN,,,prediction_status=low_severity,"İzle, müdahale etme. Yangın bu kareyi ağır yakmamış (düşük şiddet, dNBR 0,12).","Model bu rejimde tahmin üretmiyor. Kendi toparlanması bekleniyor, müdahale listesine alınmıyor. Bu bölgede referans yangınımız az — tahmin belirsizliği diğer bölgelerden yüksek, saha doğrulaması önerilir.",True
MAR_2024_01_000977,KAPSAM_DISI,,,,land_cover=Tarim,"Ağaçlandırma kapsamı dışı. Bu kare tarım alanı olarak sınıflanmış, orman rehabilitasyonu hedefi değil.",Öncelik sıralamasına dahil edilmiyor.,False
MAR_2024_01_000979,KAPSAM_DISI,,,,land_cover=Tarim,"Ağaçlandırma kapsamı dışı. Bu kare tarım alanı olarak sınıflanmış, orman rehabilitasyonu hedefi değil.",Öncelik sıralamasına dahil edilmiyor.,False
MAR_2024_01_000980,KAPSAM_DISI,,,,land_cover=Tarim,"Ağaçlandırma kapsamı dışı. Bu kare tarım alanı olarak sınıflanmış, orman rehabilitasyonu hedefi değil.",Öncelik sıralamasına dahil edilmiyor.,False
MAR_2024_01_000981,KAPSAM_DISI,,,,land_cover=Tarim,"Ağaçlandırma kapsamı dışı. Bu kare tarım alanı olarak sınıflanmış, orman rehabilitasyonu hedefi değil.",Öncelik sıralamasına dahil edilmiyor.,False
MAR_2024_01_000982,KAPSAM_DISI,,,,land_cover=Tarim,"Ağaçlandırma kapsamı dışı. Bu kare tarım alanı olarak sınıflanmış, orman rehabilitasyonu hedefi değil.",Öncelik sıralamasına dahil edilmiyor.,False
MAR_2024_01_000985,KAPSAM_DISI,,,,land_cover=Tarim,"Ağaçlandırma kapsamı dışı. Bu kare tarım alanı olarak sınıflanmış, orman rehabilitasyonu hedefi değil.",Öncelik sıralamasına dahil edilmiyor.,False
MAR_2024_01_000986,KAPSAM_DISI,,,,land_cover=Tarim,"Ağaçlandırma kapsamı dışı. Bu kare tarım alanı olarak sınıflanmış, orman rehabilitasyonu hedefi değil.",Öncelik sıralamasına dahil edilmiyor.,False
MAR_2024_01_001007,KAPSAM_DISI,,0.5947,,land_cover=Tarim,"Ağaçlandırma kapsamı dışı. Bu kare tarım alanı olarak sınıflanmış, orman rehabilitasyonu hedefi değil.",Öncelik sıralamasına dahil edilmiyor.,False
MAR_2024_01_001008,KAPSAM_DISI,,,,land_cover=Tarim,"Ağaçlandırma kapsamı dışı. Bu kare tarım alanı olarak sınıflanmış, orman rehabilitasyonu hedefi değil.",Öncelik sıralamasına dahil edilmiyor.,False
MAR_2024_01_001045,KAPSAM_DISI,,,,land_cover=Tarim,"Ağaçlandırma kapsamı dışı. Bu kare tarım alanı olarak sınıflanmış, orman rehabilitasyonu hedefi değil.",Öncelik sıralamasına dahil edilmiyor.,False
MAR_2024_01_001046,KAPSAM_DISI,,,,land_cover=Tarim,"Ağaçlandırma kapsamı dışı. Bu kare tarım alanı olarak sınıflanmış, orman rehabilitasyonu hedefi değil.",Öncelik sıralamasına dahil edilmiyor.,False
MAR_2024_01_001047,KAPSAM_DISI,,,,land_cover=Tarim,"Ağaçlandırma kapsamı dışı. Bu kare tarım alanı olarak sınıflanmış, orman rehabilitasyonu hedefi değil.",Öncelik sıralamasına dahil edilmiyor.,False
MAR_2024_01_001048,KAPSAM_DISI,,,,land_cover=Tarim,"Ağaçlandırma kapsamı dışı. Bu kare tarım alanı olarak sınıflanmış, orman rehabilitasyonu hedefi değil.",Öncelik sıralamasına dahil edilmiyor.,False
MAR_2024_01_001050,KAPSAM_DISI,,,,land_cover=Tarim,"Ağaçlandırma kapsamı dışı. Bu kare tarım alanı olarak sınıflanmış, orman rehabilitasyonu hedefi değil.",Öncelik sıralamasına dahil edilmiyor.,False
MAR_2024_01_001051,KAPSAM_DISI,,,,land_cover=Tarim,"Ağaçlandırma kapsamı dışı. Bu kare tarım alanı olarak sınıflanmış, orman rehabilitasyonu hedefi değil.",Öncelik sıralamasına dahil edilmiyor.,False
MAR_2024_01_001072,KAPSAM_DISI,,,,land_cover=Tarim,"Ağaçlandırma kapsamı dışı. Bu kare tarım alanı olarak sınıflanmış, orman rehabilitasyonu hedefi değil.",Öncelik sıralamasına dahil edilmiyor.,False
MAR_2024_01_001073,KAPSAM_DISI,,,,land_cover=Tarim,"Ağaçlandırma kapsamı dışı. Bu kare tarım alanı olarak sınıflanmış, orman rehabilitasyonu hedefi değil.",Öncelik sıralamasına dahil edilmiyor.,False
MAR_2024_01_001106,KAPSAM_DISI,,,,land_cover=Tarim,"Ağaçlandırma kapsamı dışı. Bu kare tarım alanı olarak sınıflanmış, orman rehabilitasyonu hedefi değil.",Öncelik sıralamasına dahil edilmiyor.,False
MAR_2024_01_001107,KAPSAM_DISI,,,,land_cover=Tarim,"Ağaçlandırma kapsamı dışı. Bu kare tarım alanı olarak sınıflanmış, orman rehabilitasyonu hedefi değil.",Öncelik sıralamasına dahil edilmiyor.,False
MAR_2024_01_001112,KAPSAM_DISI,,,,land_cover=Tarim,"Ağaçlandırma kapsamı dışı. Bu kare tarım alanı olarak sınıflanmış, orman rehabilitasyonu hedefi değil.",Öncelik sıralamasına dahil edilmiyor.,False
MAR_2024_01_001114,KAPSAM_DISI,,,,land_cover=Tarim,"Ağaçlandırma kapsamı dışı. Bu kare tarım alanı olarak sınıflanmış, orman rehabilitasyonu hedefi değil.",Öncelik sıralamasına dahil edilmiyor.,False
MAR_2024_01_001139,KAPSAM_DISI,,,,land_cover=Tarim,"Ağaçlandırma kapsamı dışı. Bu kare tarım alanı olarak sınıflanmış, orman rehabilitasyonu hedefi değil.",Öncelik sıralamasına dahil edilmiyor.,False
MAR_2024_01_001140,KAPSAM_DISI,,,,land_cover=Tarim,"Ağaçlandırma kapsamı dışı. Bu kare tarım alanı olarak sınıflanmış, orman rehabilitasyonu hedefi değil.",Öncelik sıralamasına dahil edilmiyor.,False
MAR_2024_01_001203,KAPSAM_DISI,,,,land_cover=Tarim,"Ağaçlandırma kapsamı dışı. Bu kare tarım alanı olarak sınıflanmış, orman rehabilitasyonu hedefi değil.",Öncelik sıralamasına dahil edilmiyor.,False
MAR_2024_01_001204,KAPSAM_DISI,,,,land_cover=Tarim,"Ağaçlandırma kapsamı dışı. Bu kare tarım alanı olarak sınıflanmış, orman rehabilitasyonu hedefi değil.",Öncelik sıralamasına dahil edilmiyor.,False
MAR_2024_01_001205,KAPSAM_DISI,,,,land_cover=Tarim,"Ağaçlandırma kapsamı dışı. Bu kare tarım alanı olarak sınıflanmış, orman rehabilitasyonu hedefi değil.",Öncelik sıralamasına dahil edilmiyor.,False
MAR_2024_01_001206,KAPSAM_DISI,,,,land_cover=Tarim,"Ağaçlandırma kapsamı dışı. Bu kare tarım alanı olarak sınıflanmış, orman rehabilitasyonu hedefi değil.",Öncelik sıralamasına dahil edilmiyor.,False
MAR_2024_01_001207,KAPSAM_DISI,,,,land_cover=Tarim,"Ağaçlandırma kapsamı dışı. Bu kare tarım alanı olarak sınıflanmış, orman rehabilitasyonu hedefi değil.",Öncelik sıralamasına dahil edilmiyor.,False
MAR_2024_01_001215,KAPSAM_DISI,,,,land_cover=Tarim,"Ağaçlandırma kapsamı dışı. Bu kare tarım alanı olarak sınıflanmış, orman rehabilitasyonu hedefi değil.",Öncelik sıralamasına dahil edilmiyor.,False
MAR_2024_01_001237,KAPSAM_DISI,,,,land_cover=Tarim,"Ağaçlandırma kapsamı dışı. Bu kare tarım alanı olarak sınıflanmış, orman rehabilitasyonu hedefi değil.",Öncelik sıralamasına dahil edilmiyor.,False
MAR_2024_01_001238,KAPSAM_DISI,,,,land_cover=Tarim,"Ağaçlandırma kapsamı dışı. Bu kare tarım alanı olarak sınıflanmış, orman rehabilitasyonu hedefi değil.",Öncelik sıralamasına dahil edilmiyor.,False
MAR_2024_01_001239,KAPSAM_DISI,,,,land_cover=Tarim,"Ağaçlandırma kapsamı dışı. Bu kare tarım alanı olarak sınıflanmış, orman rehabilitasyonu hedefi değil.",Öncelik sıralamasına dahil edilmiyor.,False
MAR_2024_01_001243,KAPSAM_DISI,,,,land_cover=Tarim,"Ağaçlandırma kapsamı dışı. Bu kare tarım alanı olarak sınıflanmış, orman rehabilitasyonu hedefi değil.",Öncelik sıralamasına dahil edilmiyor.,False
MAR_2024_01_001269,KAPSAM_DISI,,,,land_cover=Tarim,"Ağaçlandırma kapsamı dışı. Bu kare tarım alanı olarak sınıflanmış, orman rehabilitasyonu hedefi değil.",Öncelik sıralamasına dahil edilmiyor.,False
MAR_2024_01_001270,KAPSAM_DISI,,,,land_cover=Tarim,"Ağaçlandırma kapsamı dışı. Bu kare tarım alanı olarak sınıflanmış, orman rehabilitasyonu hedefi değil.",Öncelik sıralamasına dahil edilmiyor.,False
MAR_2024_01_001271,KAPSAM_DISI,,,,land_cover=Tarim,"Ağaçlandırma kapsamı dışı. Bu kare tarım alanı olarak sınıflanmış, orman rehabilitasyonu hedefi değil.",Öncelik sıralamasına dahil edilmiyor.,False
MAR_2024_01_001272,KAPSAM_DISI,,,,land_cover=Tarim,"Ağaçlandırma kapsamı dışı. Bu kare tarım alanı olarak sınıflanmış, orman rehabilitasyonu hedefi değil.",Öncelik sıralamasına dahil edilmiyor.,False
MAR_2024_01_001273,KAPSAM_DISI,,,,land_cover=Tarim,"Ağaçlandırma kapsamı dışı. Bu kare tarım alanı olarak sınıflanmış, orman rehabilitasyonu hedefi değil.",Öncelik sıralamasına dahil edilmiyor.,False
MAR_2024_01_001304,KAPSAM_DISI,,,,land_cover=Tarim,"Ağaçlandırma kapsamı dışı. Bu kare tarım alanı olarak sınıflanmış, orman rehabilitasyonu hedefi değil.",Öncelik sıralamasına dahil edilmiyor.,False
MAR_2024_01_001305,KAPSAM_DISI,,,,land_cover=Tarim,"Ağaçlandırma kapsamı dışı. Bu kare tarım alanı olarak sınıflanmış, orman rehabilitasyonu hedefi değil.",Öncelik sıralamasına dahil edilmiyor.,False
MAR_2024_01_001310,KAPSAM_DISI,,,,land_cover=Tarim,"Ağaçlandırma kapsamı dışı. Bu kare tarım alanı olarak sınıflanmış, orman rehabilitasyonu hedefi değil.",Öncelik sıralamasına dahil edilmiyor.,False
MAR_2024_01_001311,IZLE,DUSUK_GUVEN,,,prediction_status=low_severity,"İzle, müdahale etme. Yangın bu kareyi ağır yakmamış (düşük şiddet, dNBR 0,12).","Model bu rejimde tahmin üretmiyor. Kendi toparlanması bekleniyor, müdahale listesine alınmıyor. Bu bölgede referans yangınımız az — tahmin belirsizliği diğer bölgelerden yüksek, saha doğrulaması önerilir.",True
MAR_2024_01_001335,IZLE,ESKIDEN_ORMAN_DEGIL|DUSUK_GUVEN,,,prediction_status=low_severity,"İzle, müdahale etme. Yangın bu kareyi ağır yakmamış (düşük şiddet, dNBR 0,16).","Model bu rejimde tahmin üretmiyor. Kendi toparlanması bekleniyor, müdahale listesine alınmıyor. Yangın öncesi örtü otlak ve çalılık idi; orman kurma değil, mevcut örtünün onarımı düşünülmeli. Bu bölgede referans yangınımız az — tahmin belirsizliği diğer bölgelerden yüksek, saha doğrulaması önerilir.",True
MAR_2024_01_001336,KAPSAM_DISI,,,,land_cover=Tarim,"Ağaçlandırma kapsamı dışı. Bu kare tarım alanı olarak sınıflanmış, orman rehabilitasyonu hedefi değil.",Öncelik sıralamasına dahil edilmiyor.,False
MAR_2024_01_001337,KAPSAM_DISI,,,,land_cover=Tarim,"Ağaçlandırma kapsamı dışı. Bu kare tarım alanı olarak sınıflanmış, orman rehabilitasyonu hedefi değil.",Öncelik sıralamasına dahil edilmiyor.,False
MAR_2024_01_001366,KAPSAM_DISI,,,,land_cover=Tarim,"Ağaçlandırma kapsamı dışı. Bu kare tarım alanı olarak sınıflanmış, orman rehabilitasyonu hedefi değil.",Öncelik sıralamasına dahil edilmiyor.,False
MAR_2024_01_001368,KAPSAM_DISI,,,,land_cover=Tarim,"Ağaçlandırma kapsamı dışı. Bu kare tarım alanı olarak sınıflanmış, orman rehabilitasyonu hedefi değil.",Öncelik sıralamasına dahil edilmiyor.,False
MAR_2024_01_001369,KAPSAM_DISI,,,,land_cover=Tarim,"Ağaçlandırma kapsamı dışı. Bu kare tarım alanı olarak sınıflanmış, orman rehabilitasyonu hedefi değil.",Öncelik sıralamasına dahil edilmiyor.,False
MAR_2024_01_001370,KAPSAM_DISI,,,,land_cover=Tarim,"Ağaçlandırma kapsamı dışı. Bu kare tarım alanı olarak sınıflanmış, orman rehabilitasyonu hedefi değil.",Öncelik sıralamasına dahil edilmiyor.,False
MAR_2024_01_001372,KAPSAM_DISI,,,,land_cover=Tarim,"Ağaçlandırma kapsamı dışı. Bu kare tarım alanı olarak sınıflanmış, orman rehabilitasyonu hedefi değil.",Öncelik sıralamasına dahil edilmiyor.,False
MAR_2024_01_001373,KAPSAM_DISI,,0.5776,,land_cover=Tarim,"Ağaçlandırma kapsamı dışı. Bu kare tarım alanı olarak sınıflanmış, orman rehabilitasyonu hedefi değil.",Öncelik sıralamasına dahil edilmiyor.,False
MAR_2024_01_001374,KAPSAM_DISI,,,,land_cover=Tarim,"Ağaçlandırma kapsamı dışı. Bu kare tarım alanı olarak sınıflanmış, orman rehabilitasyonu hedefi değil.",Öncelik sıralamasına dahil edilmiyor.,False
MAR_2024_01_001401,KAPSAM_DISI,,,,land_cover=Tarim,"Ağaçlandırma kapsamı dışı. Bu kare tarım alanı olarak sınıflanmış, orman rehabilitasyonu hedefi değil.",Öncelik sıralamasına dahil edilmiyor.,False
MAR_2024_01_001405,KAPSAM_DISI,,,,land_cover=Tarim,"Ağaçlandırma kapsamı dışı. Bu kare tarım alanı olarak sınıflanmış, orman rehabilitasyonu hedefi değil.",Öncelik sıralamasına dahil edilmiyor.,False
MAR_2024_01_001439,KAPSAM_DISI,,,,land_cover=Tarim,"Ağaçlandırma kapsamı dışı. Bu kare tarım alanı olarak sınıflanmış, orman rehabilitasyonu hedefi değil.",Öncelik sıralamasına dahil edilmiyor.,False
MAR_2024_01_001440,KAPSAM_DISI,,0.6176,,land_cover=Tarim,"Ağaçlandırma kapsamı dışı. Bu kare tarım alanı olarak sınıflanmış, orman rehabilitasyonu hedefi değil.",Öncelik sıralamasına dahil edilmiyor.,False
MAR_2024_01_001441,KAPSAM_DISI,,,,land_cover=Tarim,"Ağaçlandırma kapsamı dışı. Bu kare tarım alanı olarak sınıflanmış, orman rehabilitasyonu hedefi değil.",Öncelik sıralamasına dahil edilmiyor.,False
MAR_2024_01_001442,KAPSAM_DISI,,,,land_cover=Tarim,"Ağaçlandırma kapsamı dışı. Bu kare tarım alanı olarak sınıflanmış, orman rehabilitasyonu hedefi değil.",Öncelik sıralamasına dahil edilmiyor.,False
MAR_2024_01_001465,IZLE,ESKIDEN_ORMAN_DEGIL|DUSUK_GUVEN,,,prediction_status=low_severity,"İzle, müdahale etme. Yangın bu kareyi ağır yakmamış (düşük şiddet, dNBR 0,13).","Model bu rejimde tahmin üretmiyor. Kendi toparlanması bekleniyor, müdahale listesine alınmıyor. Yangın öncesi örtü otlak ve çalılık idi; orman kurma değil, mevcut örtünün onarımı düşünülmeli. Bu bölgede referans yangınımız az — tahmin belirsizliği diğer bölgelerden yüksek, saha doğrulaması önerilir.",True
MAR_2024_01_001466,KAPSAM_DISI,,,,land_cover=Tarim,"Ağaçlandırma kapsamı dışı. Bu kare tarım alanı olarak sınıflanmış, orman rehabilitasyonu hedefi değil.",Öncelik sıralamasına dahil edilmiyor.,False
MAR_2024_01_001479,KAPSAM_DISI,,,,land_cover=Tarim,"Ağaçlandırma kapsamı dışı. Bu kare tarım alanı olarak sınıflanmış, orman rehabilitasyonu hedefi değil.",Öncelik sıralamasına dahil edilmiyor.,False
MAR_2024_01_001483,KAPSAM_DISI,,,,land_cover=Tarim,"Ağaçlandırma kapsamı dışı. Bu kare tarım alanı olarak sınıflanmış, orman rehabilitasyonu hedefi değil.",Öncelik sıralamasına dahil edilmiyor.,False
MAR_2024_01_001504,KAPSAM_DISI,,,,land_cover=Tarim,"Ağaçlandırma kapsamı dışı. Bu kare tarım alanı olarak sınıflanmış, orman rehabilitasyonu hedefi değil.",Öncelik sıralamasına dahil edilmiyor.,False
MAR_2024_01_001505,KAPSAM_DISI,,,,land_cover=Tarim,"Ağaçlandırma kapsamı dışı. Bu kare tarım alanı olarak sınıflanmış, orman rehabilitasyonu hedefi değil.",Öncelik sıralamasına dahil edilmiyor.,False
MAR_2024_01_001506,KAPSAM_DISI,,0.6882,,land_cover=Tarim,"Ağaçlandırma kapsamı dışı. Bu kare tarım alanı olarak sınıflanmış, orman rehabilitasyonu hedefi değil.",Öncelik sıralamasına dahil edilmiyor.,False
MAR_2024_01_001507,KAPSAM_DISI,,,,land_cover=Tarim,"Ağaçlandırma kapsamı dışı. Bu kare tarım alanı olarak sınıflanmış, orman rehabilitasyonu hedefi değil.",Öncelik sıralamasına dahil edilmiyor.,False
MAR_2024_01_001514,IZLE,ESKIDEN_ORMAN_DEGIL|DUSUK_GUVEN,,,prediction_status=low_severity,"İzle, müdahale etme. Yangın bu kareyi ağır yakmamış (düşük şiddet, dNBR 0,10).","Model bu rejimde tahmin üretmiyor. Kendi toparlanması bekleniyor, müdahale listesine alınmıyor. Yangın öncesi örtü otlak ve çalılık idi; orman kurma değil, mevcut örtünün onarımı düşünülmeli. Bu bölgede referans yangınımız az — tahmin belirsizliği diğer bölgelerden yüksek, saha doğrulaması önerilir.",True
MAR_2024_01_001515,IZLE,ESKIDEN_ORMAN_DEGIL|DUSUK_GUVEN,,,prediction_status=low_severity,"İzle, müdahale etme. Yangın bu kareyi ağır yakmamış (düşük şiddet, dNBR 0,15).","Model bu rejimde tahmin üretmiyor. Kendi toparlanması bekleniyor, müdahale listesine alınmıyor. Yangın öncesi örtü otlak ve çalılık idi; orman kurma değil, mevcut örtünün onarımı düşünülmeli. Bu bölgede referans yangınımız az — tahmin belirsizliği diğer bölgelerden yüksek, saha doğrulaması önerilir.",True
MAR_2024_01_001517,IZLE,ERISIM_ZOR|ESKIDEN_ORMAN_DEGIL|DUSUK_GUVEN,,,prediction_status=low_severity,"İzle, müdahale etme. Yangın bu kareyi ağır yakmamış (düşük şiddet, dNBR 0,13).","Model bu rejimde tahmin üretmiyor. Kendi toparlanması bekleniyor, müdahale listesine alınmıyor. En yakın yol 2,13 km — erişim ve lojistik bu karede belirleyici olacak. Yangın öncesi örtü otlak ve çalılık idi; orman kurma değil, mevcut örtünün onarımı düşünülmeli. Bu bölgede referans yangınımız az — tahmin belirsizliği diğer bölgelerden yüksek, saha doğrulaması önerilir.",True
MAR_2024_01_001523,KAPSAM_DISI,,,,land_cover=Tarim,"Ağaçlandırma kapsamı dışı. Bu kare tarım alanı olarak sınıflanmış, orman rehabilitasyonu hedefi değil.",Öncelik sıralamasına dahil edilmiyor.,False
MAR_2024_01_001532,KAPSAM_DISI,,,,land_cover=Tarim,"Ağaçlandırma kapsamı dışı. Bu kare tarım alanı olarak sınıflanmış, orman rehabilitasyonu hedefi değil.",Öncelik sıralamasına dahil edilmiyor.,False
MAR_2024_01_001537,KAPSAM_DISI,,,,land_cover=Tarim,"Ağaçlandırma kapsamı dışı. Bu kare tarım alanı olarak sınıflanmış, orman rehabilitasyonu hedefi değil.",Öncelik sıralamasına dahil edilmiyor.,False
MAR_2024_01_001538,KAPSAM_DISI,,,,land_cover=Tarim,"Ağaçlandırma kapsamı dışı. Bu kare tarım alanı olarak sınıflanmış, orman rehabilitasyonu hedefi değil.",Öncelik sıralamasına dahil edilmiyor.,False
MAR_2024_01_001548,KAPSAM_DISI,,,,land_cover=Tarim,"Ağaçlandırma kapsamı dışı. Bu kare tarım alanı olarak sınıflanmış, orman rehabilitasyonu hedefi değil.",Öncelik sıralamasına dahil edilmiyor.,False
MAR_2024_01_001549,KAPSAM_DISI,,,,land_cover=Tarim,"Ağaçlandırma kapsamı dışı. Bu kare tarım alanı olarak sınıflanmış, orman rehabilitasyonu hedefi değil.",Öncelik sıralamasına dahil edilmiyor.,False
MAR_2024_01_001572,KAPSAM_DISI,,,,land_cover=Tarim,"Ağaçlandırma kapsamı dışı. Bu kare tarım alanı olarak sınıflanmış, orman rehabilitasyonu hedefi değil.",Öncelik sıralamasına dahil edilmiyor.,False
MAR_2024_01_001573,KAPSAM_DISI,,,,land_cover=Tarim,"Ağaçlandırma kapsamı dışı. Bu kare tarım alanı olarak sınıflanmış, orman rehabilitasyonu hedefi değil.",Öncelik sıralamasına dahil edilmiyor.,False
MAR_2024_01_001580,IZLE,ESKIDEN_ORMAN_DEGIL|DUSUK_GUVEN,,,prediction_status=low_severity,"İzle, müdahale etme. Yangın bu kareyi ağır yakmamış (düşük şiddet, dNBR 0,16).","Model bu rejimde tahmin üretmiyor. Kendi toparlanması bekleniyor, müdahale listesine alınmıyor. Yangın öncesi örtü otlak ve çalılık idi; orman kurma değil, mevcut örtünün onarımı düşünülmeli. Bu bölgede referans yangınımız az — tahmin belirsizliği diğer bölgelerden yüksek, saha doğrulaması önerilir.",True
MAR_2024_01_001589,KAPSAM_DISI,,,,land_cover=Tarim,"Ağaçlandırma kapsamı dışı. Bu kare tarım alanı olarak sınıflanmış, orman rehabilitasyonu hedefi değil.",Öncelik sıralamasına dahil edilmiyor.,False
MAR_2024_01_001596,IZLE,ESKIDEN_ORMAN_DEGIL|DUSUK_GUVEN,,,prediction_status=low_severity,"İzle, müdahale etme. Yangın bu kareyi ağır yakmamış (düşük şiddet, dNBR 0,12).","Model bu rejimde tahmin üretmiyor. Kendi toparlanması bekleniyor, müdahale listesine alınmıyor. Yangın öncesi örtü otlak ve çalılık idi; orman kurma değil, mevcut örtünün onarımı düşünülmeli. Bu bölgede referans yangınımız az — tahmin belirsizliği diğer bölgelerden yüksek, saha doğrulaması önerilir.",True
MAR_2024_01_001597,KAPSAM_DISI,,0.5961,,land_cover=Tarim,"Ağaçlandırma kapsamı dışı. Bu kare tarım alanı olarak sınıflanmış, orman rehabilitasyonu hedefi değil.",Öncelik sıralamasına dahil edilmiyor.,False
MAR_2024_01_001598,KAPSAM_DISI,,,,land_cover=Tarim,"Ağaçlandırma kapsamı dışı. Bu kare tarım alanı olarak sınıflanmış, orman rehabilitasyonu hedefi değil.",Öncelik sıralamasına dahil edilmiyor.,False
MAR_2024_01_001599,KAPSAM_DISI,,,,land_cover=Tarim,"Ağaçlandırma kapsamı dışı. Bu kare tarım alanı olarak sınıflanmış, orman rehabilitasyonu hedefi değil.",Öncelik sıralamasına dahil edilmiyor.,False
MAR_2024_01_001600,KAPSAM_DISI,,,,land_cover=Tarim,"Ağaçlandırma kapsamı dışı. Bu kare tarım alanı olarak sınıflanmış, orman rehabilitasyonu hedefi değil.",Öncelik sıralamasına dahil edilmiyor.,False
MAR_2024_01_001601,KAPSAM_DISI,,,,land_cover=Tarim,"Ağaçlandırma kapsamı dışı. Bu kare tarım alanı olarak sınıflanmış, orman rehabilitasyonu hedefi değil.",Öncelik sıralamasına dahil edilmiyor.,False
MAR_2024_01_001603,KAPSAM_DISI,,,,land_cover=Tarim,"Ağaçlandırma kapsamı dışı. Bu kare tarım alanı olarak sınıflanmış, orman rehabilitasyonu hedefi değil.",Öncelik sıralamasına dahil edilmiyor.,False
MAR_2024_01_001604,KAPSAM_DISI,,,,land_cover=Tarim,"Ağaçlandırma kapsamı dışı. Bu kare tarım alanı olarak sınıflanmış, orman rehabilitasyonu hedefi değil.",Öncelik sıralamasına dahil edilmiyor.,False
MAR_2024_01_001611,KAPSAM_DISI,,,,land_cover=Tarim,"Ağaçlandırma kapsamı dışı. Bu kare tarım alanı olarak sınıflanmış, orman rehabilitasyonu hedefi değil.",Öncelik sıralamasına dahil edilmiyor.,False
MAR_2024_01_001612,KAPSAM_DISI,,,,land_cover=Tarim,"Ağaçlandırma kapsamı dışı. Bu kare tarım alanı olarak sınıflanmış, orman rehabilitasyonu hedefi değil.",Öncelik sıralamasına dahil edilmiyor.,False
MAR_2024_01_001613,KAPSAM_DISI,,,,land_cover=Tarim,"Ağaçlandırma kapsamı dışı. Bu kare tarım alanı olarak sınıflanmış, orman rehabilitasyonu hedefi değil.",Öncelik sıralamasına dahil edilmiyor.,False
MAR_2024_01_001614,KAPSAM_DISI,,,,land_cover=Tarim,"Ağaçlandırma kapsamı dışı. Bu kare tarım alanı olarak sınıflanmış, orman rehabilitasyonu hedefi değil.",Öncelik sıralamasına dahil edilmiyor.,False
MAR_2024_01_001638,KAPSAM_DISI,,,,land_cover=Tarim,"Ağaçlandırma kapsamı dışı. Bu kare tarım alanı olarak sınıflanmış, orman rehabilitasyonu hedefi değil.",Öncelik sıralamasına dahil edilmiyor.,False
MAR_2024_01_001639,KAPSAM_DISI,,,,land_cover=Tarim,"Ağaçlandırma kapsamı dışı. Bu kare tarım alanı olarak sınıflanmış, orman rehabilitasyonu hedefi değil.",Öncelik sıralamasına dahil edilmiyor.,False
MAR_2024_01_001643,KAPSAM_DISI,,,,land_cover=Tarim,"Ağaçlandırma kapsamı dışı. Bu kare tarım alanı olarak sınıflanmış, orman rehabilitasyonu hedefi değil.",Öncelik sıralamasına dahil edilmiyor.,False
MAR_2024_01_001644,KAPSAM_DISI,,,,land_cover=Tarim,"Ağaçlandırma kapsamı dışı. Bu kare tarım alanı olarak sınıflanmış, orman rehabilitasyonu hedefi değil.",Öncelik sıralamasına dahil edilmiyor.,False
MAR_2024_01_001647,KAPSAM_DISI,,,,land_cover=Tarim,"Ağaçlandırma kapsamı dışı. Bu kare tarım alanı olarak sınıflanmış, orman rehabilitasyonu hedefi değil.",Öncelik sıralamasına dahil edilmiyor.,False
MAR_2024_01_001648,KAPSAM_DISI,,,,land_cover=Tarim,"Ağaçlandırma kapsamı dışı. Bu kare tarım alanı olarak sınıflanmış, orman rehabilitasyonu hedefi değil.",Öncelik sıralamasına dahil edilmiyor.,False
MAR_2024_01_001658,IZLE,ESKIDEN_ORMAN_DEGIL|DUSUK_GUVEN,,,prediction_status=low_severity,"İzle, müdahale etme. Yangın bu kareyi ağır yakmamış (düşük şiddet, dNBR 0,12).","Model bu rejimde tahmin üretmiyor. Kendi toparlanması bekleniyor, müdahale listesine alınmıyor. Yangın öncesi örtü otlak ve çalılık idi; orman kurma değil, mevcut örtünün onarımı düşünülmeli. Bu bölgede referans yangınımız az — tahmin belirsizliği diğer bölgelerden yüksek, saha doğrulaması önerilir.",True
MAR_2024_01_001662,IZLE,ESKIDEN_ORMAN_DEGIL|DUSUK_GUVEN,,,prediction_status=low_severity,"İzle, müdahale etme. Yangın bu kareyi ağır yakmamış (düşük şiddet, dNBR 0,11).","Model bu rejimde tahmin üretmiyor. Kendi toparlanması bekleniyor, müdahale listesine alınmıyor. Yangın öncesi örtü otlak ve çalılık idi; orman kurma değil, mevcut örtünün onarımı düşünülmeli. Bu bölgede referans yangınımız az — tahmin belirsizliği diğer bölgelerden yüksek, saha doğrulaması önerilir.",True
MAR_2024_01_001663,IZLE,ESKIDEN_ORMAN_DEGIL|DUSUK_GUVEN,,,prediction_status=low_severity,"İzle, müdahale etme. Yangın bu kareyi ağır yakmamış (düşük şiddet, dNBR 0,20).","Model bu rejimde tahmin üretmiyor. Kendi toparlanması bekleniyor, müdahale listesine alınmıyor. Yangın öncesi örtü otlak ve çalılık idi; orman kurma değil, mevcut örtünün onarımı düşünülmeli. Bu bölgede referans yangınımız az — tahmin belirsizliği diğer bölgelerden yüksek, saha doğrulaması önerilir.",True
MAR_2024_01_001664,KAPSAM_DISI,,,,land_cover=Tarim,"Ağaçlandırma kapsamı dışı. Bu kare tarım alanı olarak sınıflanmış, orman rehabilitasyonu hedefi değil.",Öncelik sıralamasına dahil edilmiyor.,False
MAR_2024_01_001665,KAPSAM_DISI,,,,land_cover=Tarim,"Ağaçlandırma kapsamı dışı. Bu kare tarım alanı olarak sınıflanmış, orman rehabilitasyonu hedefi değil.",Öncelik sıralamasına dahil edilmiyor.,False
MAR_2024_01_001666,KAPSAM_DISI,,,,land_cover=Tarim,"Ağaçlandırma kapsamı dışı. Bu kare tarım alanı olarak sınıflanmış, orman rehabilitasyonu hedefi değil.",Öncelik sıralamasına dahil edilmiyor.,False
MAR_2024_01_001667,KAPSAM_DISI,,0.5855,,land_cover=Tarim,"Ağaçlandırma kapsamı dışı. Bu kare tarım alanı olarak sınıflanmış, orman rehabilitasyonu hedefi değil.",Öncelik sıralamasına dahil edilmiyor.,False
MAR_2024_01_001668,KAPSAM_DISI,,,,land_cover=Tarim,"Ağaçlandırma kapsamı dışı. Bu kare tarım alanı olarak sınıflanmış, orman rehabilitasyonu hedefi değil.",Öncelik sıralamasına dahil edilmiyor.,False
MAR_2024_01_001669,KAPSAM_DISI,,,,land_cover=Tarim,"Ağaçlandırma kapsamı dışı. Bu kare tarım alanı olarak sınıflanmış, orman rehabilitasyonu hedefi değil.",Öncelik sıralamasına dahil edilmiyor.,False
MAR_2024_01_001676,KAPSAM_DISI,,,,land_cover=Tarim,"Ağaçlandırma kapsamı dışı. Bu kare tarım alanı olarak sınıflanmış, orman rehabilitasyonu hedefi değil.",Öncelik sıralamasına dahil edilmiyor.,False
MAR_2024_01_001677,KAPSAM_DISI,,,,land_cover=Tarim,"Ağaçlandırma kapsamı dışı. Bu kare tarım alanı olarak sınıflanmış, orman rehabilitasyonu hedefi değil.",Öncelik sıralamasına dahil edilmiyor.,False
MAR_2024_01_001678,KAPSAM_DISI,,,,land_cover=Tarim,"Ağaçlandırma kapsamı dışı. Bu kare tarım alanı olarak sınıflanmış, orman rehabilitasyonu hedefi değil.",Öncelik sıralamasına dahil edilmiyor.,False
MAR_2024_01_001705,KAPSAM_DISI,,,,land_cover=Tarim,"Ağaçlandırma kapsamı dışı. Bu kare tarım alanı olarak sınıflanmış, orman rehabilitasyonu hedefi değil.",Öncelik sıralamasına dahil edilmiyor.,False
MAR_2024_01_001709,KAPSAM_DISI,,,,land_cover=Tarim,"Ağaçlandırma kapsamı dışı. Bu kare tarım alanı olarak sınıflanmış, orman rehabilitasyonu hedefi değil.",Öncelik sıralamasına dahil edilmiyor.,False
MAR_2024_01_001711,IZLE,ESKIDEN_ORMAN_DEGIL|DUSUK_GUVEN,,,prediction_status=low_severity,"İzle, müdahale etme. Yangın bu kareyi ağır yakmamış (düşük şiddet, dNBR 0,11).","Model bu rejimde tahmin üretmiyor. Kendi toparlanması bekleniyor, müdahale listesine alınmıyor. Yangın öncesi örtü otlak ve çalılık idi; orman kurma değil, mevcut örtünün onarımı düşünülmeli. Bu bölgede referans yangınımız az — tahmin belirsizliği diğer bölgelerden yüksek, saha doğrulaması önerilir.",True
MAR_2024_01_001712,KAPSAM_DISI,,,,land_cover=Tarim,"Ağaçlandırma kapsamı dışı. Bu kare tarım alanı olarak sınıflanmış, orman rehabilitasyonu hedefi değil.",Öncelik sıralamasına dahil edilmiyor.,False
MAR_2024_01_001713,KAPSAM_DISI,,,,land_cover=Tarim,"Ağaçlandırma kapsamı dışı. Bu kare tarım alanı olarak sınıflanmış, orman rehabilitasyonu hedefi değil.",Öncelik sıralamasına dahil edilmiyor.,False
MAR_2024_01_001714,KAPSAM_DISI,,,,land_cover=Tarim,"Ağaçlandırma kapsamı dışı. Bu kare tarım alanı olarak sınıflanmış, orman rehabilitasyonu hedefi değil.",Öncelik sıralamasına dahil edilmiyor.,False
MAR_2024_01_001715,KAPSAM_DISI,,,,land_cover=Tarim,"Ağaçlandırma kapsamı dışı. Bu kare tarım alanı olarak sınıflanmış, orman rehabilitasyonu hedefi değil.",Öncelik sıralamasına dahil edilmiyor.,False
MAR_2024_01_001724,IZLE,ESKIDEN_ORMAN_DEGIL|DUSUK_GUVEN,,,prediction_status=low_severity,"İzle, müdahale etme. Yangın bu kareyi ağır yakmamış (düşük şiddet, dNBR 0,10).","Model bu rejimde tahmin üretmiyor. Kendi toparlanması bekleniyor, müdahale listesine alınmıyor. Yangın öncesi örtü otlak ve çalılık idi; orman kurma değil, mevcut örtünün onarımı düşünülmeli. Bu bölgede referans yangınımız az — tahmin belirsizliği diğer bölgelerden yüksek, saha doğrulaması önerilir.",True
MAR_2024_01_001725,IZLE,ESKIDEN_ORMAN_DEGIL|DUSUK_GUVEN,,,prediction_status=low_severity,"İzle, müdahale etme. Yangın bu kareyi ağır yakmamış (düşük şiddet, dNBR 0,14).","Model bu rejimde tahmin üretmiyor. Kendi toparlanması bekleniyor, müdahale listesine alınmıyor. Yangın öncesi örtü otlak ve çalılık idi; orman kurma değil, mevcut örtünün onarımı düşünülmeli. Bu bölgede referans yangınımız az — tahmin belirsizliği diğer bölgelerden yüksek, saha doğrulaması önerilir.",True
MAR_2024_01_001726,IZLE,ESKIDEN_ORMAN_DEGIL|DUSUK_GUVEN,,,prediction_status=low_severity,"İzle, müdahale etme. Yangın bu kareyi ağır yakmamış (düşük şiddet, dNBR 0,15).","Model bu rejimde tahmin üretmiyor. Kendi toparlanması bekleniyor, müdahale listesine alınmıyor. Yangın öncesi örtü otlak ve çalılık idi; orman kurma değil, mevcut örtünün onarımı düşünülmeli. Bu bölgede referans yangınımız az — tahmin belirsizliği diğer bölgelerden yüksek, saha doğrulaması önerilir.",True
MAR_2024_01_001727,KAPSAM_DISI,,,,land_cover=Tarim,"Ağaçlandırma kapsamı dışı. Bu kare tarım alanı olarak sınıflanmış, orman rehabilitasyonu hedefi değil.",Öncelik sıralamasına dahil edilmiyor.,False
MAR_2024_01_001728,KAPSAM_DISI,,,,land_cover=Tarim,"Ağaçlandırma kapsamı dışı. Bu kare tarım alanı olarak sınıflanmış, orman rehabilitasyonu hedefi değil.",Öncelik sıralamasına dahil edilmiyor.,False
MAR_2024_01_001729,KAPSAM_DISI,,,,land_cover=Tarim,"Ağaçlandırma kapsamı dışı. Bu kare tarım alanı olarak sınıflanmış, orman rehabilitasyonu hedefi değil.",Öncelik sıralamasına dahil edilmiyor.,False
MAR_2024_01_001732,KAPSAM_DISI,,,,land_cover=Tarim,"Ağaçlandırma kapsamı dışı. Bu kare tarım alanı olarak sınıflanmış, orman rehabilitasyonu hedefi değil.",Öncelik sıralamasına dahil edilmiyor.,False
MAR_2024_01_001733,KAPSAM_DISI,,,,land_cover=Tarim,"Ağaçlandırma kapsamı dışı. Bu kare tarım alanı olarak sınıflanmış, orman rehabilitasyonu hedefi değil.",Öncelik sıralamasına dahil edilmiyor.,False
MAR_2024_01_001734,KAPSAM_DISI,,,,land_cover=Tarim,"Ağaçlandırma kapsamı dışı. Bu kare tarım alanı olarak sınıflanmış, orman rehabilitasyonu hedefi değil.",Öncelik sıralamasına dahil edilmiyor.,False
MAR_2024_01_001735,KAPSAM_DISI,,,,land_cover=Tarim,"Ağaçlandırma kapsamı dışı. Bu kare tarım alanı olarak sınıflanmış, orman rehabilitasyonu hedefi değil.",Öncelik sıralamasına dahil edilmiyor.,False
MAR_2024_01_001736,KAPSAM_DISI,,,,land_cover=Tarim,"Ağaçlandırma kapsamı dışı. Bu kare tarım alanı olarak sınıflanmış, orman rehabilitasyonu hedefi değil.",Öncelik sıralamasına dahil edilmiyor.,False
MAR_2024_01_001741,KAPSAM_DISI,,,,land_cover=Tarim,"Ağaçlandırma kapsamı dışı. Bu kare tarım alanı olarak sınıflanmış, orman rehabilitasyonu hedefi değil.",Öncelik sıralamasına dahil edilmiyor.,False
MAR_2024_01_001742,KAPSAM_DISI,,,,land_cover=Tarim,"Ağaçlandırma kapsamı dışı. Bu kare tarım alanı olarak sınıflanmış, orman rehabilitasyonu hedefi değil.",Öncelik sıralamasına dahil edilmiyor.,False
MAR_2024_01_001743,KAPSAM_DISI,,,,land_cover=Tarim,"Ağaçlandırma kapsamı dışı. Bu kare tarım alanı olarak sınıflanmış, orman rehabilitasyonu hedefi değil.",Öncelik sıralamasına dahil edilmiyor.,False
MAR_2024_01_001744,KAPSAM_DISI,,,,land_cover=Tarim,"Ağaçlandırma kapsamı dışı. Bu kare tarım alanı olarak sınıflanmış, orman rehabilitasyonu hedefi değil.",Öncelik sıralamasına dahil edilmiyor.,False
MAR_2024_01_001745,KAPSAM_DISI,,,,land_cover=Tarim,"Ağaçlandırma kapsamı dışı. Bu kare tarım alanı olarak sınıflanmış, orman rehabilitasyonu hedefi değil.",Öncelik sıralamasına dahil edilmiyor.,False
MAR_2024_01_001746,KAPSAM_DISI,,,,land_cover=Tarim,"Ağaçlandırma kapsamı dışı. Bu kare tarım alanı olarak sınıflanmış, orman rehabilitasyonu hedefi değil.",Öncelik sıralamasına dahil edilmiyor.,False
MAR_2024_01_001747,KAPSAM_DISI,,,,land_cover=Tarim,"Ağaçlandırma kapsamı dışı. Bu kare tarım alanı olarak sınıflanmış, orman rehabilitasyonu hedefi değil.",Öncelik sıralamasına dahil edilmiyor.,False
MAR_2024_01_001748,KAPSAM_DISI,,,,land_cover=Tarim,"Ağaçlandırma kapsamı dışı. Bu kare tarım alanı olarak sınıflanmış, orman rehabilitasyonu hedefi değil.",Öncelik sıralamasına dahil edilmiyor.,False
MAR_2024_01_001749,KAPSAM_DISI,,,,land_cover=Tarim,"Ağaçlandırma kapsamı dışı. Bu kare tarım alanı olarak sınıflanmış, orman rehabilitasyonu hedefi değil.",Öncelik sıralamasına dahil edilmiyor.,False
MAR_2024_01_001750,KAPSAM_DISI,,,,land_cover=Tarim,"Ağaçlandırma kapsamı dışı. Bu kare tarım alanı olarak sınıflanmış, orman rehabilitasyonu hedefi değil.",Öncelik sıralamasına dahil edilmiyor.,False
MAR_2024_01_001771,KAPSAM_DISI,,,,land_cover=Tarim,"Ağaçlandırma kapsamı dışı. Bu kare tarım alanı olarak sınıflanmış, orman rehabilitasyonu hedefi değil.",Öncelik sıralamasına dahil edilmiyor.,False
MAR_2024_01_001772,KAPSAM_DISI,,,,land_cover=Tarim,"Ağaçlandırma kapsamı dışı. Bu kare tarım alanı olarak sınıflanmış, orman rehabilitasyonu hedefi değil.",Öncelik sıralamasına dahil edilmiyor.,False
MAR_2024_01_001773,KAPSAM_DISI,,,,land_cover=Tarim,"Ağaçlandırma kapsamı dışı. Bu kare tarım alanı olarak sınıflanmış, orman rehabilitasyonu hedefi değil.",Öncelik sıralamasına dahil edilmiyor.,False
MAR_2024_01_001774,KAPSAM_DISI,,,,land_cover=Tarim,"Ağaçlandırma kapsamı dışı. Bu kare tarım alanı olarak sınıflanmış, orman rehabilitasyonu hedefi değil.",Öncelik sıralamasına dahil edilmiyor.,False
MAR_2024_01_001777,KAPSAM_DISI,,,,land_cover=Tarim,"Ağaçlandırma kapsamı dışı. Bu kare tarım alanı olarak sınıflanmış, orman rehabilitasyonu hedefi değil.",Öncelik sıralamasına dahil edilmiyor.,False
MAR_2024_01_001778,KAPSAM_DISI,,,,land_cover=Tarim,"Ağaçlandırma kapsamı dışı. Bu kare tarım alanı olarak sınıflanmış, orman rehabilitasyonu hedefi değil.",Öncelik sıralamasına dahil edilmiyor.,False
MAR_2024_01_001779,KAPSAM_DISI,,0.5865,,land_cover=Tarim,"Ağaçlandırma kapsamı dışı. Bu kare tarım alanı olarak sınıflanmış, orman rehabilitasyonu hedefi değil.",Öncelik sıralamasına dahil edilmiyor.,False
MAR_2024_01_001780,KAPSAM_DISI,,,,land_cover=Tarim,"Ağaçlandırma kapsamı dışı. Bu kare tarım alanı olarak sınıflanmış, orman rehabilitasyonu hedefi değil.",Öncelik sıralamasına dahil edilmiyor.,False
MAR_2024_01_001781,KAPSAM_DISI,,,,land_cover=Tarim,"Ağaçlandırma kapsamı dışı. Bu kare tarım alanı olarak sınıflanmış, orman rehabilitasyonu hedefi değil.",Öncelik sıralamasına dahil edilmiyor.,False
MAR_2024_01_001791,KAPSAM_DISI,,,,land_cover=Tarim,"Ağaçlandırma kapsamı dışı. Bu kare tarım alanı olarak sınıflanmış, orman rehabilitasyonu hedefi değil.",Öncelik sıralamasına dahil edilmiyor.,False
MAR_2024_01_001792,KAPSAM_DISI,,,,land_cover=Tarim,"Ağaçlandırma kapsamı dışı. Bu kare tarım alanı olarak sınıflanmış, orman rehabilitasyonu hedefi değil.",Öncelik sıralamasına dahil edilmiyor.,False
MAR_2024_01_001795,KAPSAM_DISI,,,,land_cover=Tarim,"Ağaçlandırma kapsamı dışı. Bu kare tarım alanı olarak sınıflanmış, orman rehabilitasyonu hedefi değil.",Öncelik sıralamasına dahil edilmiyor.,False
MAR_2024_01_001804,KAPSAM_DISI,,,,land_cover=Tarim,"Ağaçlandırma kapsamı dışı. Bu kare tarım alanı olarak sınıflanmış, orman rehabilitasyonu hedefi değil.",Öncelik sıralamasına dahil edilmiyor.,False
MAR_2024_01_001810,KAPSAM_DISI,,,,land_cover=Tarim,"Ağaçlandırma kapsamı dışı. Bu kare tarım alanı olarak sınıflanmış, orman rehabilitasyonu hedefi değil.",Öncelik sıralamasına dahil edilmiyor.,False
MAR_2024_01_001811,KAPSAM_DISI,,,,land_cover=Tarim,"Ağaçlandırma kapsamı dışı. Bu kare tarım alanı olarak sınıflanmış, orman rehabilitasyonu hedefi değil.",Öncelik sıralamasına dahil edilmiyor.,False
MAR_2024_01_001815,KAPSAM_DISI,,,,land_cover=Tarim,"Ağaçlandırma kapsamı dışı. Bu kare tarım alanı olarak sınıflanmış, orman rehabilitasyonu hedefi değil.",Öncelik sıralamasına dahil edilmiyor.,False
MAR_2024_01_001837,KAPSAM_DISI,,,,land_cover=Tarim,"Ağaçlandırma kapsamı dışı. Bu kare tarım alanı olarak sınıflanmış, orman rehabilitasyonu hedefi değil.",Öncelik sıralamasına dahil edilmiyor.,False
MAR_2024_01_001838,KAPSAM_DISI,,,,land_cover=Tarim,"Ağaçlandırma kapsamı dışı. Bu kare tarım alanı olarak sınıflanmış, orman rehabilitasyonu hedefi değil.",Öncelik sıralamasına dahil edilmiyor.,False
MAR_2024_01_001839,KAPSAM_DISI,,,,land_cover=Tarim,"Ağaçlandırma kapsamı dışı. Bu kare tarım alanı olarak sınıflanmış, orman rehabilitasyonu hedefi değil.",Öncelik sıralamasına dahil edilmiyor.,False
MAR_2024_01_001842,KAPSAM_DISI,,,,land_cover=Tarim,"Ağaçlandırma kapsamı dışı. Bu kare tarım alanı olarak sınıflanmış, orman rehabilitasyonu hedefi değil.",Öncelik sıralamasına dahil edilmiyor.,False
MAR_2024_01_001843,KAPSAM_DISI,,,,land_cover=Tarim,"Ağaçlandırma kapsamı dışı. Bu kare tarım alanı olarak sınıflanmış, orman rehabilitasyonu hedefi değil.",Öncelik sıralamasına dahil edilmiyor.,False
MAR_2024_01_001844,KAPSAM_DISI,,0.6517,,land_cover=Tarim,"Ağaçlandırma kapsamı dışı. Bu kare tarım alanı olarak sınıflanmış, orman rehabilitasyonu hedefi değil.",Öncelik sıralamasına dahil edilmiyor.,False
MAR_2024_01_001845,KAPSAM_DISI,,,,land_cover=Tarim,"Ağaçlandırma kapsamı dışı. Bu kare tarım alanı olarak sınıflanmış, orman rehabilitasyonu hedefi değil.",Öncelik sıralamasına dahil edilmiyor.,False
MAR_2024_01_001857,KAPSAM_DISI,,,,land_cover=Tarim,"Ağaçlandırma kapsamı dışı. Bu kare tarım alanı olarak sınıflanmış, orman rehabilitasyonu hedefi değil.",Öncelik sıralamasına dahil edilmiyor.,False
MAR_2024_01_001858,KAPSAM_DISI,,,,land_cover=Tarim,"Ağaçlandırma kapsamı dışı. Bu kare tarım alanı olarak sınıflanmış, orman rehabilitasyonu hedefi değil.",Öncelik sıralamasına dahil edilmiyor.,False
MAR_2024_01_001867,KAPSAM_DISI,,,,land_cover=Tarim,"Ağaçlandırma kapsamı dışı. Bu kare tarım alanı olarak sınıflanmış, orman rehabilitasyonu hedefi değil.",Öncelik sıralamasına dahil edilmiyor.,False
MAR_2024_01_001868,KAPSAM_DISI,,,,land_cover=Tarim,"Ağaçlandırma kapsamı dışı. Bu kare tarım alanı olarak sınıflanmış, orman rehabilitasyonu hedefi değil.",Öncelik sıralamasına dahil edilmiyor.,False
MAR_2024_01_001903,KAPSAM_DISI,,,,land_cover=Tarim,"Ağaçlandırma kapsamı dışı. Bu kare tarım alanı olarak sınıflanmış, orman rehabilitasyonu hedefi değil.",Öncelik sıralamasına dahil edilmiyor.,False
MAR_2024_01_001904,KAPSAM_DISI,,,,land_cover=Tarim,"Ağaçlandırma kapsamı dışı. Bu kare tarım alanı olarak sınıflanmış, orman rehabilitasyonu hedefi değil.",Öncelik sıralamasına dahil edilmiyor.,False
MAR_2024_01_001905,KAPSAM_DISI,,,,land_cover=Tarim,"Ağaçlandırma kapsamı dışı. Bu kare tarım alanı olarak sınıflanmış, orman rehabilitasyonu hedefi değil.",Öncelik sıralamasına dahil edilmiyor.,False
MAR_2024_01_001906,KAPSAM_DISI,,,,land_cover=Tarim,"Ağaçlandırma kapsamı dışı. Bu kare tarım alanı olarak sınıflanmış, orman rehabilitasyonu hedefi değil.",Öncelik sıralamasına dahil edilmiyor.,False
MAR_2024_01_001908,KAPSAM_DISI,,,,land_cover=Tarim,"Ağaçlandırma kapsamı dışı. Bu kare tarım alanı olarak sınıflanmış, orman rehabilitasyonu hedefi değil.",Öncelik sıralamasına dahil edilmiyor.,False
MAR_2024_01_001909,KAPSAM_DISI,,,,land_cover=Tarim,"Ağaçlandırma kapsamı dışı. Bu kare tarım alanı olarak sınıflanmış, orman rehabilitasyonu hedefi değil.",Öncelik sıralamasına dahil edilmiyor.,False
MAR_2024_01_001910,KAPSAM_DISI,,,,land_cover=Tarim,"Ağaçlandırma kapsamı dışı. Bu kare tarım alanı olarak sınıflanmış, orman rehabilitasyonu hedefi değil.",Öncelik sıralamasına dahil edilmiyor.,False
MAR_2024_01_001911,KAPSAM_DISI,,,,land_cover=Tarim,"Ağaçlandırma kapsamı dışı. Bu kare tarım alanı olarak sınıflanmış, orman rehabilitasyonu hedefi değil.",Öncelik sıralamasına dahil edilmiyor.,False
MAR_2024_01_001929,KAPSAM_DISI,,,,land_cover=Tarim,"Ağaçlandırma kapsamı dışı. Bu kare tarım alanı olarak sınıflanmış, orman rehabilitasyonu hedefi değil.",Öncelik sıralamasına dahil edilmiyor.,False
MAR_2024_01_001932,KAPSAM_DISI,,,,land_cover=Tarim,"Ağaçlandırma kapsamı dışı. Bu kare tarım alanı olarak sınıflanmış, orman rehabilitasyonu hedefi değil.",Öncelik sıralamasına dahil edilmiyor.,False
MAR_2024_01_001933,KAPSAM_DISI,,,,land_cover=Tarim,"Ağaçlandırma kapsamı dışı. Bu kare tarım alanı olarak sınıflanmış, orman rehabilitasyonu hedefi değil.",Öncelik sıralamasına dahil edilmiyor.,False
MAR_2024_01_001934,KAPSAM_DISI,,,,land_cover=Tarim,"Ağaçlandırma kapsamı dışı. Bu kare tarım alanı olarak sınıflanmış, orman rehabilitasyonu hedefi değil.",Öncelik sıralamasına dahil edilmiyor.,False
MAR_2024_01_001939,KAPSAM_DISI,,,,land_cover=Tarim,"Ağaçlandırma kapsamı dışı. Bu kare tarım alanı olarak sınıflanmış, orman rehabilitasyonu hedefi değil.",Öncelik sıralamasına dahil edilmiyor.,False
MAR_2024_01_001942,KAPSAM_DISI,,,,land_cover=Tarim,"Ağaçlandırma kapsamı dışı. Bu kare tarım alanı olarak sınıflanmış, orman rehabilitasyonu hedefi değil.",Öncelik sıralamasına dahil edilmiyor.,False
MAR_2024_01_001969,KAPSAM_DISI,,,,land_cover=Tarim,"Ağaçlandırma kapsamı dışı. Bu kare tarım alanı olarak sınıflanmış, orman rehabilitasyonu hedefi değil.",Öncelik sıralamasına dahil edilmiyor.,False
MAR_2024_01_001970,KAPSAM_DISI,,,,land_cover=Tarim,"Ağaçlandırma kapsamı dışı. Bu kare tarım alanı olarak sınıflanmış, orman rehabilitasyonu hedefi değil.",Öncelik sıralamasına dahil edilmiyor.,False
MAR_2024_01_001971,KAPSAM_DISI,,,,land_cover=Tarim,"Ağaçlandırma kapsamı dışı. Bu kare tarım alanı olarak sınıflanmış, orman rehabilitasyonu hedefi değil.",Öncelik sıralamasına dahil edilmiyor.,False
MAR_2024_01_001972,KAPSAM_DISI,,,,land_cover=Tarim,"Ağaçlandırma kapsamı dışı. Bu kare tarım alanı olarak sınıflanmış, orman rehabilitasyonu hedefi değil.",Öncelik sıralamasına dahil edilmiyor.,False
MAR_2024_01_001973,KAPSAM_DISI,,,,land_cover=Tarim,"Ağaçlandırma kapsamı dışı. Bu kare tarım alanı olarak sınıflanmış, orman rehabilitasyonu hedefi değil.",Öncelik sıralamasına dahil edilmiyor.,False
MAR_2024_01_001974,KAPSAM_DISI,,,,land_cover=Tarim,"Ağaçlandırma kapsamı dışı. Bu kare tarım alanı olarak sınıflanmış, orman rehabilitasyonu hedefi değil.",Öncelik sıralamasına dahil edilmiyor.,False
MAR_2024_01_001975,KAPSAM_DISI,,,,land_cover=Tarim,"Ağaçlandırma kapsamı dışı. Bu kare tarım alanı olarak sınıflanmış, orman rehabilitasyonu hedefi değil.",Öncelik sıralamasına dahil edilmiyor.,False
MAR_2024_01_001977,KAPSAM_DISI,,,,land_cover=Tarim,"Ağaçlandırma kapsamı dışı. Bu kare tarım alanı olarak sınıflanmış, orman rehabilitasyonu hedefi değil.",Öncelik sıralamasına dahil edilmiyor.,False
MAR_2024_01_001978,KAPSAM_DISI,,,,land_cover=Tarim,"Ağaçlandırma kapsamı dışı. Bu kare tarım alanı olarak sınıflanmış, orman rehabilitasyonu hedefi değil.",Öncelik sıralamasına dahil edilmiyor.,False
MAR_2024_01_001979,IZLE,ERISIM_ZOR|ESKIDEN_ORMAN_DEGIL|DUSUK_GUVEN,,,prediction_status=low_severity,"İzle, müdahale etme. Yangın bu kareyi ağır yakmamış (düşük şiddet, dNBR 0,11).","Model bu rejimde tahmin üretmiyor. Kendi toparlanması bekleniyor, müdahale listesine alınmıyor. En yakın yol 2,06 km — erişim ve lojistik bu karede belirleyici olacak. Yangın öncesi örtü otlak ve çalılık idi; orman kurma değil, mevcut örtünün onarımı düşünülmeli. Bu bölgede referans yangınımız az — tahmin belirsizliği diğer bölgelerden yüksek, saha doğrulaması önerilir.",True
MAR_2024_01_001993,KAPSAM_DISI,,,,land_cover=Tarim,"Ağaçlandırma kapsamı dışı. Bu kare tarım alanı olarak sınıflanmış, orman rehabilitasyonu hedefi değil.",Öncelik sıralamasına dahil edilmiyor.,False
MAR_2024_01_001994,KAPSAM_DISI,,,,land_cover=Tarim,"Ağaçlandırma kapsamı dışı. Bu kare tarım alanı olarak sınıflanmış, orman rehabilitasyonu hedefi değil.",Öncelik sıralamasına dahil edilmiyor.,False
MAR_2024_01_001995,KAPSAM_DISI,,,,land_cover=Tarim,"Ağaçlandırma kapsamı dışı. Bu kare tarım alanı olarak sınıflanmış, orman rehabilitasyonu hedefi değil.",Öncelik sıralamasına dahil edilmiyor.,False
MAR_2024_01_001998,KAPSAM_DISI,,,,land_cover=Tarim,"Ağaçlandırma kapsamı dışı. Bu kare tarım alanı olarak sınıflanmış, orman rehabilitasyonu hedefi değil.",Öncelik sıralamasına dahil edilmiyor.,False
MAR_2024_01_002009,KAPSAM_DISI,,,,land_cover=Tarim,"Ağaçlandırma kapsamı dışı. Bu kare tarım alanı olarak sınıflanmış, orman rehabilitasyonu hedefi değil.",Öncelik sıralamasına dahil edilmiyor.,False
MAR_2024_01_002011,IZLE,DUSUK_GUVEN,,,prediction_status=low_severity,"İzle, müdahale etme. Yangın bu kareyi ağır yakmamış (düşük şiddet, dNBR 0,12).","Model bu rejimde tahmin üretmiyor. Kendi toparlanması bekleniyor, müdahale listesine alınmıyor. Bu bölgede referans yangınımız az — tahmin belirsizliği diğer bölgelerden yüksek, saha doğrulaması önerilir.",True
MAR_2024_01_002035,KAPSAM_DISI,,,,land_cover=Tarim,"Ağaçlandırma kapsamı dışı. Bu kare tarım alanı olarak sınıflanmış, orman rehabilitasyonu hedefi değil.",Öncelik sıralamasına dahil edilmiyor.,False
MAR_2024_01_002036,KAPSAM_DISI,,,,land_cover=Tarim,"Ağaçlandırma kapsamı dışı. Bu kare tarım alanı olarak sınıflanmış, orman rehabilitasyonu hedefi değil.",Öncelik sıralamasına dahil edilmiyor.,False
MAR_2024_01_002039,KAPSAM_DISI,,0.5686,,land_cover=Tarim,"Ağaçlandırma kapsamı dışı. Bu kare tarım alanı olarak sınıflanmış, orman rehabilitasyonu hedefi değil.",Öncelik sıralamasına dahil edilmiyor.,False
MAR_2024_01_002040,KAPSAM_DISI,,,,land_cover=Tarim,"Ağaçlandırma kapsamı dışı. Bu kare tarım alanı olarak sınıflanmış, orman rehabilitasyonu hedefi değil.",Öncelik sıralamasına dahil edilmiyor.,False
MAR_2024_01_002043,IZLE,ESKIDEN_ORMAN_DEGIL|DUSUK_GUVEN,,,prediction_status=low_severity,"İzle, müdahale etme. Yangın bu kareyi ağır yakmamış (düşük şiddet, dNBR 0,17).","Model bu rejimde tahmin üretmiyor. Kendi toparlanması bekleniyor, müdahale listesine alınmıyor. Yangın öncesi örtü otlak ve çalılık idi; orman kurma değil, mevcut örtünün onarımı düşünülmeli. Bu bölgede referans yangınımız az — tahmin belirsizliği diğer bölgelerden yüksek, saha doğrulaması önerilir.",True
MAR_2024_01_002059,KAPSAM_DISI,,,,land_cover=Tarim,"Ağaçlandırma kapsamı dışı. Bu kare tarım alanı olarak sınıflanmış, orman rehabilitasyonu hedefi değil.",Öncelik sıralamasına dahil edilmiyor.,False
MAR_2024_01_002060,KAPSAM_DISI,,,,land_cover=Tarim,"Ağaçlandırma kapsamı dışı. Bu kare tarım alanı olarak sınıflanmış, orman rehabilitasyonu hedefi değil.",Öncelik sıralamasına dahil edilmiyor.,False
MAR_2024_01_002061,KAPSAM_DISI,,,,land_cover=Tarim,"Ağaçlandırma kapsamı dışı. Bu kare tarım alanı olarak sınıflanmış, orman rehabilitasyonu hedefi değil.",Öncelik sıralamasına dahil edilmiyor.,False
MAR_2024_01_002063,KAPSAM_DISI,,,,land_cover=Tarim,"Ağaçlandırma kapsamı dışı. Bu kare tarım alanı olarak sınıflanmış, orman rehabilitasyonu hedefi değil.",Öncelik sıralamasına dahil edilmiyor.,False
MAR_2024_01_002075,IZLE,DUSUK_GUVEN,,,prediction_status=low_severity,"İzle, müdahale etme. Yangın bu kareyi ağır yakmamış (düşük şiddet, dNBR 0,13).","Model bu rejimde tahmin üretmiyor. Kendi toparlanması bekleniyor, müdahale listesine alınmıyor. Bu bölgede referans yangınımız az — tahmin belirsizliği diğer bölgelerden yüksek, saha doğrulaması önerilir.",True
MAR_2024_01_002076,IZLE,DUSUK_GUVEN,,,prediction_status=low_severity,"İzle, müdahale etme. Yangın bu kareyi ağır yakmamış (düşük şiddet, dNBR 0,22).","Model bu rejimde tahmin üretmiyor. Kendi toparlanması bekleniyor, müdahale listesine alınmıyor. Bu bölgede referans yangınımız az — tahmin belirsizliği diğer bölgelerden yüksek, saha doğrulaması önerilir.",True
MAR_2024_01_002077,DIKIM_ADAYI,DUSUK_GUVEN,0.2818,"meşe, kayın, karaçam",toparlanma=0.28 <0.35,"Aktif dikim adayı. Doğal toparlanma zayıf kalıyor, eğim (5,8°) dikime elverişli.","Modelin tahminine göre yangın öncesi örtünün ancak %28 kadarı iki yılda geri gelecek — kendi başına kapanmayacak bir açık var. Bu bölgede referans yangınımız az — tahmin belirsizliği diğer bölgelerden yüksek, saha doğrulaması önerilir. Yetişme ortamı: Marmara kuşağı, 101 m, düz-hafif eğimli (0–10°). Bu koşullar için önerilen türler: meşe, kayın, karaçam. Tür önerisi sistemin çıkarımı değil, dışarıdan verilen tablodan okunmuştur. Tablo: ÖRNEK TABLO — OGM tür-yetişme ortamı rehberi ile değiştirilecek",True
MAR_2024_01_002078,DIKIM_ADAYI,DUSUK_GUVEN,0.3092,"meşe, kayın, karaçam",toparlanma=0.31 <0.35,"Aktif dikim adayı. Doğal toparlanma zayıf kalıyor, eğim (5,7°) dikime elverişli.","Modelin tahminine göre yangın öncesi örtünün ancak %31 kadarı iki yılda geri gelecek — kendi başına kapanmayacak bir açık var. Bu bölgede referans yangınımız az — tahmin belirsizliği diğer bölgelerden yüksek, saha doğrulaması önerilir. Yetişme ortamı: Marmara kuşağı, 117 m, düz-hafif eğimli (0–10°). Bu koşullar için önerilen türler: meşe, kayın, karaçam. Tür önerisi sistemin çıkarımı değil, dışarıdan verilen tablodan okunmuştur. Tablo: ÖRNEK TABLO — OGM tür-yetişme ortamı rehberi ile değiştirilecek",True
MAR_2024_01_002079,ONCELIGE_GORE,DUSUK_GUVEN,0.3867,,toparlanma=0.39 0.35..0.50,Öncelik sırasına göre değerlendir. Kısmi toparlanma bekleniyor; müdahale kararı bütçeye ve sıraya bağlı.,"Modelin tahminine göre yangın öncesi örtünün %39 kadarı iki yılda geri gelecek. Ne kendi kapanacak kadar iyi ne de acil müdahale gerektirecek kadar kötü — öncelik skoru bu kareyi sıranın neresine koyduğuna bakın. Bu bölgede referans yangınımız az — tahmin belirsizliği diğer bölgelerden yüksek, saha doğrulaması önerilir.",True
MAR_2024_01_002082,IZLE,DUSUK_GUVEN,,,prediction_status=low_severity,"İzle, müdahale etme. Yangın bu kareyi ağır yakmamış (düşük şiddet, dNBR 0,18).","Model bu rejimde tahmin üretmiyor. Kendi toparlanması bekleniyor, müdahale listesine alınmıyor. Bu bölgede referans yangınımız az — tahmin belirsizliği diğer bölgelerden yüksek, saha doğrulaması önerilir.",True
MAR_2024_01_002083,DIKIM_ADAYI,DUSUK_GUVEN,0.3299,"meşe, kayın, karaçam",toparlanma=0.33 <0.35,"Aktif dikim adayı. Doğal toparlanma zayıf kalıyor, eğim (8,5°) dikime elverişli.","Modelin tahminine göre yangın öncesi örtünün ancak %33 kadarı iki yılda geri gelecek — kendi başına kapanmayacak bir açık var. Bu bölgede referans yangınımız az — tahmin belirsizliği diğer bölgelerden yüksek, saha doğrulaması önerilir. Yetişme ortamı: Marmara kuşağı, 184 m, düz-hafif eğimli (0–10°). Bu koşullar için önerilen türler: meşe, kayın, karaçam. Tür önerisi sistemin çıkarımı değil, dışarıdan verilen tablodan okunmuştur. Tablo: ÖRNEK TABLO — OGM tür-yetişme ortamı rehberi ile değiştirilecek",True
MAR_2024_01_002084,DIKIM_ADAYI,AGIR_YANMIS|DUSUK_GUVEN,0.2478,"meşe, kayın, karaçam",toparlanma=0.25 <0.35,"Aktif dikim adayı. Doğal toparlanma zayıf kalıyor, eğim (6,8°) dikime elverişli.","Modelin tahminine göre yangın öncesi örtünün ancak %25 kadarı iki yılda geri gelecek — kendi başına kapanmayacak bir açık var. Yangın orta-yüksek şiddet sınıfında (dNBR 0,54); toprak yüzeyi büyük olasılıkla açıkta. Bu bölgede referans yangınımız az — tahmin belirsizliği diğer bölgelerden yüksek, saha doğrulaması önerilir. Yetişme ortamı: Marmara kuşağı, 166 m, düz-hafif eğimli (0–10°). Bu koşullar için önerilen türler: meşe, kayın, karaçam. Tür önerisi sistemin çıkarımı değil, dışarıdan verilen tablodan okunmuştur. Tablo: ÖRNEK TABLO — OGM tür-yetişme ortamı rehberi ile değiştirilecek",True
MAR_2024_01_002085,DIKIM_ADAYI,AGIR_YANMIS|DUSUK_GUVEN,0.3201,"meşe, kayın, karaçam",toparlanma=0.32 <0.35,"Aktif dikim adayı. Doğal toparlanma zayıf kalıyor, eğim (5,0°) dikime elverişli.","Modelin tahminine göre yangın öncesi örtünün ancak %32 kadarı iki yılda geri gelecek — kendi başına kapanmayacak bir açık var. Yangın orta-yüksek şiddet sınıfında (dNBR 0,50); toprak yüzeyi büyük olasılıkla açıkta. Bu bölgede referans yangınımız az — tahmin belirsizliği diğer bölgelerden yüksek, saha doğrulaması önerilir. Yetişme ortamı: Marmara kuşağı, 148 m, düz-hafif eğimli (0–10°). Bu koşullar için önerilen türler: meşe, kayın, karaçam. Tür önerisi sistemin çıkarımı değil, dışarıdan verilen tablodan okunmuştur. Tablo: ÖRNEK TABLO — OGM tür-yetişme ortamı rehberi ile değiştirilecek",True
MAR_2024_01_002086,DIKIM_ADAYI,AGIR_YANMIS|DUSUK_GUVEN,0.3198,"meşe, kayın, karaçam",toparlanma=0.32 <0.35,"Aktif dikim adayı. Doğal toparlanma zayıf kalıyor, eğim (6,1°) dikime elverişli.","Modelin tahminine göre yangın öncesi örtünün ancak %32 kadarı iki yılda geri gelecek — kendi başına kapanmayacak bir açık var. Yangın orta-yüksek şiddet sınıfında (dNBR 0,46); toprak yüzeyi büyük olasılıkla açıkta. Bu bölgede referans yangınımız az — tahmin belirsizliği diğer bölgelerden yüksek, saha doğrulaması önerilir. Yetişme ortamı: Marmara kuşağı, 145 m, düz-hafif eğimli (0–10°). Bu koşullar için önerilen türler: meşe, kayın, karaçam. Tür önerisi sistemin çıkarımı değil, dışarıdan verilen tablodan okunmuştur. Tablo: ÖRNEK TABLO — OGM tür-yetişme ortamı rehberi ile değiştirilecek",True
MAR_2024_01_002087,IZLE,DUSUK_GUVEN,,,prediction_status=low_severity,"İzle, müdahale etme. Yangın bu kareyi ağır yakmamış (düşük şiddet, dNBR 0,24).","Model bu rejimde tahmin üretmiyor. Kendi toparlanması bekleniyor, müdahale listesine alınmıyor. Bu bölgede referans yangınımız az — tahmin belirsizliği diğer bölgelerden yüksek, saha doğrulaması önerilir.",True
MAR_2024_01_002101,KAPSAM_DISI,,,,land_cover=Tarim,"Ağaçlandırma kapsamı dışı. Bu kare tarım alanı olarak sınıflanmış, orman rehabilitasyonu hedefi değil.",Öncelik sıralamasına dahil edilmiyor.,False
MAR_2024_01_002102,KAPSAM_DISI,,,,land_cover=Tarim,"Ağaçlandırma kapsamı dışı. Bu kare tarım alanı olarak sınıflanmış, orman rehabilitasyonu hedefi değil.",Öncelik sıralamasına dahil edilmiyor.,False
MAR_2024_01_002103,KAPSAM_DISI,,,,land_cover=Tarim,"Ağaçlandırma kapsamı dışı. Bu kare tarım alanı olarak sınıflanmış, orman rehabilitasyonu hedefi değil.",Öncelik sıralamasına dahil edilmiyor.,False
MAR_2024_01_002104,KAPSAM_DISI,,,,land_cover=Tarim,"Ağaçlandırma kapsamı dışı. Bu kare tarım alanı olarak sınıflanmış, orman rehabilitasyonu hedefi değil.",Öncelik sıralamasına dahil edilmiyor.,False
MAR_2024_01_002105,KAPSAM_DISI,,0.5148,,land_cover=Tarim,"Ağaçlandırma kapsamı dışı. Bu kare tarım alanı olarak sınıflanmış, orman rehabilitasyonu hedefi değil.",Öncelik sıralamasına dahil edilmiyor.,False
MAR_2024_01_002106,KAPSAM_DISI,,,,land_cover=Tarim,"Ağaçlandırma kapsamı dışı. Bu kare tarım alanı olarak sınıflanmış, orman rehabilitasyonu hedefi değil.",Öncelik sıralamasına dahil edilmiyor.,False
MAR_2024_01_002111,IZLE,ESKIDEN_ORMAN_DEGIL|DUSUK_GUVEN,,,prediction_status=low_severity,"İzle, müdahale etme. Yangın bu kareyi ağır yakmamış (düşük şiddet, dNBR 0,11).","Model bu rejimde tahmin üretmiyor. Kendi toparlanması bekleniyor, müdahale listesine alınmıyor. Yangın öncesi örtü otlak ve çalılık idi; orman kurma değil, mevcut örtünün onarımı düşünülmeli. Bu bölgede referans yangınımız az — tahmin belirsizliği diğer bölgelerden yüksek, saha doğrulaması önerilir.",True
MAR_2024_01_002124,KAPSAM_DISI,,,,land_cover=Tarim,"Ağaçlandırma kapsamı dışı. Bu kare tarım alanı olarak sınıflanmış, orman rehabilitasyonu hedefi değil.",Öncelik sıralamasına dahil edilmiyor.,False
MAR_2024_01_002125,KAPSAM_DISI,,,,land_cover=Tarim,"Ağaçlandırma kapsamı dışı. Bu kare tarım alanı olarak sınıflanmış, orman rehabilitasyonu hedefi değil.",Öncelik sıralamasına dahil edilmiyor.,False
MAR_2024_01_002128,KAPSAM_DISI,,,,land_cover=Tarim,"Ağaçlandırma kapsamı dışı. Bu kare tarım alanı olarak sınıflanmış, orman rehabilitasyonu hedefi değil.",Öncelik sıralamasına dahil edilmiyor.,False
MAR_2024_01_002135,KAPSAM_DISI,,,,land_cover=Tarim,"Ağaçlandırma kapsamı dışı. Bu kare tarım alanı olarak sınıflanmış, orman rehabilitasyonu hedefi değil.",Öncelik sıralamasına dahil edilmiyor.,False
MAR_2024_01_002137,IZLE,DUSUK_GUVEN,,,prediction_status=low_severity,"İzle, müdahale etme. Yangın bu kareyi ağır yakmamış (düşük şiddet, dNBR 0,11).","Model bu rejimde tahmin üretmiyor. Kendi toparlanması bekleniyor, müdahale listesine alınmıyor. Bu bölgede referans yangınımız az — tahmin belirsizliği diğer bölgelerden yüksek, saha doğrulaması önerilir.",True
MAR_2024_01_002138,IZLE,DUSUK_GUVEN,,,prediction_status=low_severity,"İzle, müdahale etme. Yangın bu kareyi ağır yakmamış (düşük şiddet, dNBR 0,20).","Model bu rejimde tahmin üretmiyor. Kendi toparlanması bekleniyor, müdahale listesine alınmıyor. Bu bölgede referans yangınımız az — tahmin belirsizliği diğer bölgelerden yüksek, saha doğrulaması önerilir.",True
MAR_2024_01_002139,IZLE,DUSUK_GUVEN,,,prediction_status=low_severity,"İzle, müdahale etme. Yangın bu kareyi ağır yakmamış (orta-düşük şiddet, dNBR 0,28).","Model bu rejimde tahmin üretmiyor. Kendi toparlanması bekleniyor, müdahale listesine alınmıyor. Bu bölgede referans yangınımız az — tahmin belirsizliği diğer bölgelerden yüksek, saha doğrulaması önerilir.",True
MAR_2024_01_002140,ONCELIGE_GORE,DUSUK_GUVEN,0.3752,,toparlanma=0.38 0.35..0.50,Öncelik sırasına göre değerlendir. Kısmi toparlanma bekleniyor; müdahale kararı bütçeye ve sıraya bağlı.,"Modelin tahminine göre yangın öncesi örtünün %38 kadarı iki yılda geri gelecek. Ne kendi kapanacak kadar iyi ne de acil müdahale gerektirecek kadar kötü — öncelik skoru bu kareyi sıranın neresine koyduğuna bakın. Bu bölgede referans yangınımız az — tahmin belirsizliği diğer bölgelerden yüksek, saha doğrulaması önerilir.",True
MAR_2024_01_002141,IZLE,DUSUK_GUVEN,,,prediction_status=low_severity,"İzle, müdahale etme. Yangın bu kareyi ağır yakmamış (düşük şiddet, dNBR 0,16).","Model bu rejimde tahmin üretmiyor. Kendi toparlanması bekleniyor, müdahale listesine alınmıyor. Bu bölgede referans yangınımız az — tahmin belirsizliği diğer bölgelerden yüksek, saha doğrulaması önerilir.",True
MAR_2024_01_002142,IZLE,DUSUK_GUVEN,,,prediction_status=low_severity,"İzle, müdahale etme. Yangın bu kareyi ağır yakmamış (orta-düşük şiddet, dNBR 0,32).","Model bu rejimde tahmin üretmiyor. Kendi toparlanması bekleniyor, müdahale listesine alınmıyor. Bu bölgede referans yangınımız az — tahmin belirsizliği diğer bölgelerden yüksek, saha doğrulaması önerilir.",True
MAR_2024_01_002143,DIKIM_ADAYI,AGIR_YANMIS|DUSUK_GUVEN,0.2603,"meşe, kayın, karaçam",toparlanma=0.26 <0.35,"Aktif dikim adayı. Doğal toparlanma zayıf kalıyor, eğim (6,1°) dikime elverişli.","Modelin tahminine göre yangın öncesi örtünün ancak %26 kadarı iki yılda geri gelecek — kendi başına kapanmayacak bir açık var. Yangın orta-yüksek şiddet sınıfında (dNBR 0,45); toprak yüzeyi büyük olasılıkla açıkta. Bu bölgede referans yangınımız az — tahmin belirsizliği diğer bölgelerden yüksek, saha doğrulaması önerilir. Yetişme ortamı: Marmara kuşağı, 106 m, düz-hafif eğimli (0–10°). Bu koşullar için önerilen türler: meşe, kayın, karaçam. Tür önerisi sistemin çıkarımı değil, dışarıdan verilen tablodan okunmuştur. Tablo: ÖRNEK TABLO — OGM tür-yetişme ortamı rehberi ile değiştirilecek",True
MAR_2024_01_002144,DIKIM_ADAYI,AGIR_YANMIS|DUSUK_GUVEN,0.257,"meşe, kayın, karaçam",toparlanma=0.26 <0.35,"Aktif dikim adayı. Doğal toparlanma zayıf kalıyor, eğim (7,6°) dikime elverişli.","Modelin tahminine göre yangın öncesi örtünün ancak %26 kadarı iki yılda geri gelecek — kendi başına kapanmayacak bir açık var. Yangın orta-yüksek şiddet sınıfında (dNBR 0,47); toprak yüzeyi büyük olasılıkla açıkta. Bu bölgede referans yangınımız az — tahmin belirsizliği diğer bölgelerden yüksek, saha doğrulaması önerilir. Yetişme ortamı: Marmara kuşağı, 130 m, düz-hafif eğimli (0–10°). Bu koşullar için önerilen türler: meşe, kayın, karaçam. Tür önerisi sistemin çıkarımı değil, dışarıdan verilen tablodan okunmuştur. Tablo: ÖRNEK TABLO — OGM tür-yetişme ortamı rehberi ile değiştirilecek",True
MAR_2024_01_002145,DIKIM_ADAYI,AGIR_YANMIS|DUSUK_GUVEN,0.2776,"meşe, kayın, karaçam",toparlanma=0.28 <0.35,"Aktif dikim adayı. Doğal toparlanma zayıf kalıyor, eğim (8,6°) dikime elverişli.","Modelin tahminine göre yangın öncesi örtünün ancak %28 kadarı iki yılda geri gelecek — kendi başına kapanmayacak bir açık var. Yangın orta-yüksek şiddet sınıfında (dNBR 0,47); toprak yüzeyi büyük olasılıkla açıkta. Bu bölgede referans yangınımız az — tahmin belirsizliği diğer bölgelerden yüksek, saha doğrulaması önerilir. Yetişme ortamı: Marmara kuşağı, 128 m, düz-hafif eğimli (0–10°). Bu koşullar için önerilen türler: meşe, kayın, karaçam. Tür önerisi sistemin çıkarımı değil, dışarıdan verilen tablodan okunmuştur. Tablo: ÖRNEK TABLO — OGM tür-yetişme ortamı rehberi ile değiştirilecek",True
MAR_2024_01_002146,DIKIM_ADAYI,DUSUK_GUVEN,0.2724,"meşe, kayın, karaçam",toparlanma=0.27 <0.35,"Aktif dikim adayı. Doğal toparlanma zayıf kalıyor, eğim (10,6°) dikime elverişli.","Modelin tahminine göre yangın öncesi örtünün ancak %27 kadarı iki yılda geri gelecek — kendi başına kapanmayacak bir açık var. Bu bölgede referans yangınımız az — tahmin belirsizliği diğer bölgelerden yüksek, saha doğrulaması önerilir. Yetişme ortamı: Marmara kuşağı, 141 m, orta eğimli (10–25°). Bu koşullar için önerilen türler: meşe, kayın, karaçam. Tür önerisi sistemin çıkarımı değil, dışarıdan verilen tablodan okunmuştur. Tablo: ÖRNEK TABLO — OGM tür-yetişme ortamı rehberi ile değiştirilecek",True
MAR_2024_01_002147,DIKIM_ADAYI,DUSUK_GUVEN,0.2686,"meşe, kayın, karaçam",toparlanma=0.27 <0.35,"Aktif dikim adayı. Doğal toparlanma zayıf kalıyor, eğim (14,4°) dikime elverişli.","Modelin tahminine göre yangın öncesi örtünün ancak %27 kadarı iki yılda geri gelecek — kendi başına kapanmayacak bir açık var. Bu bölgede referans yangınımız az — tahmin belirsizliği diğer bölgelerden yüksek, saha doğrulaması önerilir. Yetişme ortamı: Marmara kuşağı, 176 m, orta eğimli (10–25°). Bu koşullar için önerilen türler: meşe, kayın, karaçam. Tür önerisi sistemin çıkarımı değil, dışarıdan verilen tablodan okunmuştur. Tablo: ÖRNEK TABLO — OGM tür-yetişme ortamı rehberi ile değiştirilecek",True
MAR_2024_01_002148,DIKIM_ADAYI,AGIR_YANMIS|DUSUK_GUVEN,0.2424,"meşe, kayın, karaçam",toparlanma=0.24 <0.35,"Aktif dikim adayı. Doğal toparlanma zayıf kalıyor, eğim (6,1°) dikime elverişli.","Modelin tahminine göre yangın öncesi örtünün ancak %24 kadarı iki yılda geri gelecek — kendi başına kapanmayacak bir açık var. Yangın orta-yüksek şiddet sınıfında (dNBR 0,53); toprak yüzeyi büyük olasılıkla açıkta. Bu bölgede referans yangınımız az — tahmin belirsizliği diğer bölgelerden yüksek, saha doğrulaması önerilir. Yetişme ortamı: Marmara kuşağı, 199 m, düz-hafif eğimli (0–10°). Bu koşullar için önerilen türler: meşe, kayın, karaçam. Tür önerisi sistemin çıkarımı değil, dışarıdan verilen tablodan okunmuştur. Tablo: ÖRNEK TABLO — OGM tür-yetişme ortamı rehberi ile değiştirilecek",True
MAR_2024_01_002149,DIKIM_ADAYI,AGIR_YANMIS|DUSUK_GUVEN,0.2182,"meşe, kayın, karaçam",toparlanma=0.22 <0.35,"Aktif dikim adayı. Doğal toparlanma zayıf kalıyor, eğim (6,7°) dikime elverişli.","Modelin tahminine göre yangın öncesi örtünün ancak %22 kadarı iki yılda geri gelecek — kendi başına kapanmayacak bir açık var. Yangın orta-yüksek şiddet sınıfında (dNBR 0,64); toprak yüzeyi büyük olasılıkla açıkta. Bu bölgede referans yangınımız az — tahmin belirsizliği diğer bölgelerden yüksek, saha doğrulaması önerilir. Yetişme ortamı: Marmara kuşağı, 170 m, düz-hafif eğimli (0–10°). Bu koşullar için önerilen türler: meşe, kayın, karaçam. Tür önerisi sistemin çıkarımı değil, dışarıdan verilen tablodan okunmuştur. Tablo: ÖRNEK TABLO — OGM tür-yetişme ortamı rehberi ile değiştirilecek",True
MAR_2024_01_002150,DIKIM_ADAYI,AGIR_YANMIS|DUSUK_GUVEN,0.2288,"meşe, kayın, karaçam",toparlanma=0.23 <0.35,"Aktif dikim adayı. Doğal toparlanma zayıf kalıyor, eğim (5,8°) dikime elverişli.","Modelin tahminine göre yangın öncesi örtünün ancak %23 kadarı iki yılda geri gelecek — kendi başına kapanmayacak bir açık var. Yangın orta-yüksek şiddet sınıfında (dNBR 0,63); toprak yüzeyi büyük olasılıkla açıkta. Bu bölgede referans yangınımız az — tahmin belirsizliği diğer bölgelerden yüksek, saha doğrulaması önerilir. Yetişme ortamı: Marmara kuşağı, 149 m, düz-hafif eğimli (0–10°). Bu koşullar için önerilen türler: meşe, kayın, karaçam. Tür önerisi sistemin çıkarımı değil, dışarıdan verilen tablodan okunmuştur. Tablo: ÖRNEK TABLO — OGM tür-yetişme ortamı rehberi ile değiştirilecek",True
MAR_2024_01_002151,DIKIM_ADAYI,AGIR_YANMIS|DUSUK_GUVEN,0.2752,"meşe, kayın, karaçam",toparlanma=0.28 <0.35,"Aktif dikim adayı. Doğal toparlanma zayıf kalıyor, eğim (4,7°) dikime elverişli.","Modelin tahminine göre yangın öncesi örtünün ancak %28 kadarı iki yılda geri gelecek — kendi başına kapanmayacak bir açık var. Yangın orta-yüksek şiddet sınıfında (dNBR 0,55); toprak yüzeyi büyük olasılıkla açıkta. Bu bölgede referans yangınımız az — tahmin belirsizliği diğer bölgelerden yüksek, saha doğrulaması önerilir. Yetişme ortamı: Marmara kuşağı, 136 m, düz-hafif eğimli (0–10°). Bu koşullar için önerilen türler: meşe, kayın, karaçam. Tür önerisi sistemin çıkarımı değil, dışarıdan verilen tablodan okunmuştur. Tablo: ÖRNEK TABLO — OGM tür-yetişme ortamı rehberi ile değiştirilecek",True
MAR_2024_01_002152,ONCELIGE_GORE,DUSUK_GUVEN,0.376,,toparlanma=0.38 0.35..0.50,Öncelik sırasına göre değerlendir. Kısmi toparlanma bekleniyor; müdahale kararı bütçeye ve sıraya bağlı.,"Modelin tahminine göre yangın öncesi örtünün %38 kadarı iki yılda geri gelecek. Ne kendi kapanacak kadar iyi ne de acil müdahale gerektirecek kadar kötü — öncelik skoru bu kareyi sıranın neresine koyduğuna bakın. Bu bölgede referans yangınımız az — tahmin belirsizliği diğer bölgelerden yüksek, saha doğrulaması önerilir.",True
MAR_2024_01_002153,IZLE,DUSUK_GUVEN,,,prediction_status=low_severity,"İzle, müdahale etme. Yangın bu kareyi ağır yakmamış (düşük şiddet, dNBR 0,16).","Model bu rejimde tahmin üretmiyor. Kendi toparlanması bekleniyor, müdahale listesine alınmıyor. Bu bölgede referans yangınımız az — tahmin belirsizliği diğer bölgelerden yüksek, saha doğrulaması önerilir.",True
MAR_2024_01_002167,KAPSAM_DISI,,,,land_cover=Tarim,"Ağaçlandırma kapsamı dışı. Bu kare tarım alanı olarak sınıflanmış, orman rehabilitasyonu hedefi değil.",Öncelik sıralamasına dahil edilmiyor.,False
MAR_2024_01_002168,KAPSAM_DISI,,,,land_cover=Tarim,"Ağaçlandırma kapsamı dışı. Bu kare tarım alanı olarak sınıflanmış, orman rehabilitasyonu hedefi değil.",Öncelik sıralamasına dahil edilmiyor.,False
MAR_2024_01_002169,KAPSAM_DISI,,0.6252,,land_cover=Tarim,"Ağaçlandırma kapsamı dışı. Bu kare tarım alanı olarak sınıflanmış, orman rehabilitasyonu hedefi değil.",Öncelik sıralamasına dahil edilmiyor.,False
MAR_2024_01_002170,KAPSAM_DISI,,,,land_cover=Tarim,"Ağaçlandırma kapsamı dışı. Bu kare tarım alanı olarak sınıflanmış, orman rehabilitasyonu hedefi değil.",Öncelik sıralamasına dahil edilmiyor.,False
MAR_2024_01_002171,KAPSAM_DISI,,,,land_cover=Tarim,"Ağaçlandırma kapsamı dışı. Bu kare tarım alanı olarak sınıflanmış, orman rehabilitasyonu hedefi değil.",Öncelik sıralamasına dahil edilmiyor.,False
MAR_2024_01_002172,KAPSAM_DISI,,,,land_cover=Tarim,"Ağaçlandırma kapsamı dışı. Bu kare tarım alanı olarak sınıflanmış, orman rehabilitasyonu hedefi değil.",Öncelik sıralamasına dahil edilmiyor.,False
MAR_2024_01_002175,IZLE,ESKIDEN_ORMAN_DEGIL|DUSUK_GUVEN,,,prediction_status=low_severity,"İzle, müdahale etme. Yangın bu kareyi ağır yakmamış (düşük şiddet, dNBR 0,10).","Model bu rejimde tahmin üretmiyor. Kendi toparlanması bekleniyor, müdahale listesine alınmıyor. Yangın öncesi örtü otlak ve çalılık idi; orman kurma değil, mevcut örtünün onarımı düşünülmeli. Bu bölgede referans yangınımız az — tahmin belirsizliği diğer bölgelerden yüksek, saha doğrulaması önerilir.",True
MAR_2024_01_002191,KAPSAM_DISI,,,,land_cover=Tarim,"Ağaçlandırma kapsamı dışı. Bu kare tarım alanı olarak sınıflanmış, orman rehabilitasyonu hedefi değil.",Öncelik sıralamasına dahil edilmiyor.,False
MAR_2024_01_002192,KAPSAM_DISI,,,,land_cover=Tarim,"Ağaçlandırma kapsamı dışı. Bu kare tarım alanı olarak sınıflanmış, orman rehabilitasyonu hedefi değil.",Öncelik sıralamasına dahil edilmiyor.,False
MAR_2024_01_002193,KAPSAM_DISI,,,,land_cover=Tarim,"Ağaçlandırma kapsamı dışı. Bu kare tarım alanı olarak sınıflanmış, orman rehabilitasyonu hedefi değil.",Öncelik sıralamasına dahil edilmiyor.,False
MAR_2024_01_002196,KAPSAM_DISI,,,,land_cover=Tarim,"Ağaçlandırma kapsamı dışı. Bu kare tarım alanı olarak sınıflanmış, orman rehabilitasyonu hedefi değil.",Öncelik sıralamasına dahil edilmiyor.,False
MAR_2024_01_002197,KAPSAM_DISI,,,,land_cover=Tarim,"Ağaçlandırma kapsamı dışı. Bu kare tarım alanı olarak sınıflanmış, orman rehabilitasyonu hedefi değil.",Öncelik sıralamasına dahil edilmiyor.,False
MAR_2024_01_002198,IZLE,DUSUK_GUVEN,,,prediction_status=low_severity,"İzle, müdahale etme. Yangın bu kareyi ağır yakmamış (düşük şiddet, dNBR 0,10).","Model bu rejimde tahmin üretmiyor. Kendi toparlanması bekleniyor, müdahale listesine alınmıyor. Bu bölgede referans yangınımız az — tahmin belirsizliği diğer bölgelerden yüksek, saha doğrulaması önerilir.",True
MAR_2024_01_002199,IZLE,DUSUK_GUVEN,,,prediction_status=low_severity,"İzle, müdahale etme. Yangın bu kareyi ağır yakmamış (düşük şiddet, dNBR 0,16).","Model bu rejimde tahmin üretmiyor. Kendi toparlanması bekleniyor, müdahale listesine alınmıyor. Bu bölgede referans yangınımız az — tahmin belirsizliği diğer bölgelerden yüksek, saha doğrulaması önerilir.",True
MAR_2024_01_002200,IZLE,DUSUK_GUVEN,,,prediction_status=low_severity,"İzle, müdahale etme. Yangın bu kareyi ağır yakmamış (düşük şiddet, dNBR 0,25).","Model bu rejimde tahmin üretmiyor. Kendi toparlanması bekleniyor, müdahale listesine alınmıyor. Bu bölgede referans yangınımız az — tahmin belirsizliği diğer bölgelerden yüksek, saha doğrulaması önerilir.",True
MAR_2024_01_002201,ONCELIGE_GORE,DUSUK_GUVEN,0.4795,,toparlanma=0.48 0.35..0.50,Öncelik sırasına göre değerlendir. Kısmi toparlanma bekleniyor; müdahale kararı bütçeye ve sıraya bağlı.,"Modelin tahminine göre yangın öncesi örtünün %48 kadarı iki yılda geri gelecek. Ne kendi kapanacak kadar iyi ne de acil müdahale gerektirecek kadar kötü — öncelik skoru bu kareyi sıranın neresine koyduğuna bakın. Bu bölgede referans yangınımız az — tahmin belirsizliği diğer bölgelerden yüksek, saha doğrulaması önerilir.",True
MAR_2024_01_002202,IZLE,DUSUK_GUVEN,,,prediction_status=low_severity,"İzle, müdahale etme. Yangın bu kareyi ağır yakmamış (orta-düşük şiddet, dNBR 0,32).","Model bu rejimde tahmin üretmiyor. Kendi toparlanması bekleniyor, müdahale listesine alınmıyor. Bu bölgede referans yangınımız az — tahmin belirsizliği diğer bölgelerden yüksek, saha doğrulaması önerilir.",True
MAR_2024_01_002203,ONCELIGE_GORE,DUSUK_GUVEN,0.4354,,toparlanma=0.44 0.35..0.50,Öncelik sırasına göre değerlendir. Kısmi toparlanma bekleniyor; müdahale kararı bütçeye ve sıraya bağlı.,"Modelin tahminine göre yangın öncesi örtünün %44 kadarı iki yılda geri gelecek. Ne kendi kapanacak kadar iyi ne de acil müdahale gerektirecek kadar kötü — öncelik skoru bu kareyi sıranın neresine koyduğuna bakın. Bu bölgede referans yangınımız az — tahmin belirsizliği diğer bölgelerden yüksek, saha doğrulaması önerilir.",True
MAR_2024_01_002204,DIKIM_ADAYI,AGIR_YANMIS|DUSUK_GUVEN,0.3196,"meşe, kayın, karaçam",toparlanma=0.32 <0.35,"Aktif dikim adayı. Doğal toparlanma zayıf kalıyor, eğim (8,1°) dikime elverişli.","Modelin tahminine göre yangın öncesi örtünün ancak %32 kadarı iki yılda geri gelecek — kendi başına kapanmayacak bir açık var. Yangın orta-yüksek şiddet sınıfında (dNBR 0,46); toprak yüzeyi büyük olasılıkla açıkta. Bu bölgede referans yangınımız az — tahmin belirsizliği diğer bölgelerden yüksek, saha doğrulaması önerilir. Yetişme ortamı: Marmara kuşağı, 95 m, düz-hafif eğimli (0–10°). Bu koşullar için önerilen türler: meşe, kayın, karaçam. Tür önerisi sistemin çıkarımı değil, dışarıdan verilen tablodan okunmuştur. Tablo: ÖRNEK TABLO — OGM tür-yetişme ortamı rehberi ile değiştirilecek",True
MAR_2024_01_002205,DIKIM_ADAYI,AGIR_YANMIS|DUSUK_GUVEN,0.2805,"meşe, kayın, karaçam",toparlanma=0.28 <0.35,"Aktif dikim adayı. Doğal toparlanma zayıf kalıyor, eğim (8,5°) dikime elverişli.","Modelin tahminine göre yangın öncesi örtünün ancak %28 kadarı iki yılda geri gelecek — kendi başına kapanmayacak bir açık var. Yangın orta-yüksek şiddet sınıfında (dNBR 0,58); toprak yüzeyi büyük olasılıkla açıkta. Bu bölgede referans yangınımız az — tahmin belirsizliği diğer bölgelerden yüksek, saha doğrulaması önerilir. Yetişme ortamı: Marmara kuşağı, 115 m, düz-hafif eğimli (0–10°). Bu koşullar için önerilen türler: meşe, kayın, karaçam. Tür önerisi sistemin çıkarımı değil, dışarıdan verilen tablodan okunmuştur. Tablo: ÖRNEK TABLO — OGM tür-yetişme ortamı rehberi ile değiştirilecek",True
MAR_2024_01_002206,DIKIM_ADAYI,AGIR_YANMIS|DUSUK_GUVEN,0.2454,"meşe, kayın, karaçam",toparlanma=0.25 <0.35,"Aktif dikim adayı. Doğal toparlanma zayıf kalıyor, eğim (10,3°) dikime elverişli.","Modelin tahminine göre yangın öncesi örtünün ancak %25 kadarı iki yılda geri gelecek — kendi başına kapanmayacak bir açık var. Yangın orta-yüksek şiddet sınıfında (dNBR 0,62); toprak yüzeyi büyük olasılıkla açıkta. Bu bölgede referans yangınımız az — tahmin belirsizliği diğer bölgelerden yüksek, saha doğrulaması önerilir. Yetişme ortamı: Marmara kuşağı, 143 m, orta eğimli (10–25°). Bu koşullar için önerilen türler: meşe, kayın, karaçam. Tür önerisi sistemin çıkarımı değil, dışarıdan verilen tablodan okunmuştur. Tablo: ÖRNEK TABLO — OGM tür-yetişme ortamı rehberi ile değiştirilecek",True
MAR_2024_01_002207,DIKIM_ADAYI,AGIR_YANMIS|DUSUK_GUVEN,0.2723,"meşe, kayın, karaçam",toparlanma=0.27 <0.35,"Aktif dikim adayı. Doğal toparlanma zayıf kalıyor, eğim (7,0°) dikime elverişli.","Modelin tahminine göre yangın öncesi örtünün ancak %27 kadarı iki yılda geri gelecek — kendi başına kapanmayacak bir açık var. Yangın orta-yüksek şiddet sınıfında (dNBR 0,63); toprak yüzeyi büyük olasılıkla açıkta. Bu bölgede referans yangınımız az — tahmin belirsizliği diğer bölgelerden yüksek, saha doğrulaması önerilir. Yetişme ortamı: Marmara kuşağı, 120 m, düz-hafif eğimli (0–10°). Bu koşullar için önerilen türler: meşe, kayın, karaçam. Tür önerisi sistemin çıkarımı değil, dışarıdan verilen tablodan okunmuştur. Tablo: ÖRNEK TABLO — OGM tür-yetişme ortamı rehberi ile değiştirilecek",True
MAR_2024_01_002208,DIKIM_ADAYI,AGIR_YANMIS|DUSUK_GUVEN,0.2559,"meşe, kayın, karaçam",toparlanma=0.26 <0.35,"Aktif dikim adayı. Doğal toparlanma zayıf kalıyor, eğim (6,7°) dikime elverişli.","Modelin tahminine göre yangın öncesi örtünün ancak %26 kadarı iki yılda geri gelecek — kendi başına kapanmayacak bir açık var. Yangın orta-yüksek şiddet sınıfında (dNBR 0,54); toprak yüzeyi büyük olasılıkla açıkta. Bu bölgede referans yangınımız az — tahmin belirsizliği diğer bölgelerden yüksek, saha doğrulaması önerilir. Yetişme ortamı: Marmara kuşağı, 126 m, düz-hafif eğimli (0–10°). Bu koşullar için önerilen türler: meşe, kayın, karaçam. Tür önerisi sistemin çıkarımı değil, dışarıdan verilen tablodan okunmuştur. Tablo: ÖRNEK TABLO — OGM tür-yetişme ortamı rehberi ile değiştirilecek",True
MAR_2024_01_002209,DIKIM_ADAYI,AGIR_YANMIS|DUSUK_GUVEN,0.2602,"meşe, kayın, karaçam",toparlanma=0.26 <0.35,"Aktif dikim adayı. Doğal toparlanma zayıf kalıyor, eğim (6,6°) dikime elverişli.","Modelin tahminine göre yangın öncesi örtünün ancak %26 kadarı iki yılda geri gelecek — kendi başına kapanmayacak bir açık var. Yangın orta-yüksek şiddet sınıfında (dNBR 0,49); toprak yüzeyi büyük olasılıkla açıkta. Bu bölgede referans yangınımız az — tahmin belirsizliği diğer bölgelerden yüksek, saha doğrulaması önerilir. Yetişme ortamı: Marmara kuşağı, 120 m, düz-hafif eğimli (0–10°). Bu koşullar için önerilen türler: meşe, kayın, karaçam. Tür önerisi sistemin çıkarımı değil, dışarıdan verilen tablodan okunmuştur. Tablo: ÖRNEK TABLO — OGM tür-yetişme ortamı rehberi ile değiştirilecek",True
MAR_2024_01_002210,DIKIM_ADAYI,AGIR_YANMIS|DUSUK_GUVEN,0.2612,"meşe, kayın, karaçam",toparlanma=0.26 <0.35,"Aktif dikim adayı. Doğal toparlanma zayıf kalıyor, eğim (10,4°) dikime elverişli.","Modelin tahminine göre yangın öncesi örtünün ancak %26 kadarı iki yılda geri gelecek — kendi başına kapanmayacak bir açık var. Yangın orta-yüksek şiddet sınıfında (dNBR 0,45); toprak yüzeyi büyük olasılıkla açıkta. Bu bölgede referans yangınımız az — tahmin belirsizliği diğer bölgelerden yüksek, saha doğrulaması önerilir. Yetişme ortamı: Marmara kuşağı, 142 m, orta eğimli (10–25°). Bu koşullar için önerilen türler: meşe, kayın, karaçam. Tür önerisi sistemin çıkarımı değil, dışarıdan verilen tablodan okunmuştur. Tablo: ÖRNEK TABLO — OGM tür-yetişme ortamı rehberi ile değiştirilecek",True
MAR_2024_01_002211,DIKIM_ADAYI,AGIR_YANMIS|DUSUK_GUVEN,0.2536,"meşe, kayın, karaçam",toparlanma=0.25 <0.35,"Aktif dikim adayı. Doğal toparlanma zayıf kalıyor, eğim (10,7°) dikime elverişli.","Modelin tahminine göre yangın öncesi örtünün ancak %25 kadarı iki yılda geri gelecek — kendi başına kapanmayacak bir açık var. Yangın orta-yüksek şiddet sınıfında (dNBR 0,57); toprak yüzeyi büyük olasılıkla açıkta. Bu bölgede referans yangınımız az — tahmin belirsizliği diğer bölgelerden yüksek, saha doğrulaması önerilir. Yetişme ortamı: Marmara kuşağı, 172 m, orta eğimli (10–25°). Bu koşullar için önerilen türler: meşe, kayın, karaçam. Tür önerisi sistemin çıkarımı değil, dışarıdan verilen tablodan okunmuştur. Tablo: ÖRNEK TABLO — OGM tür-yetişme ortamı rehberi ile değiştirilecek",True
MAR_2024_01_002212,DIKIM_ADAYI,AGIR_YANMIS|DUSUK_GUVEN,0.2411,"meşe, kayın, karaçam",toparlanma=0.24 <0.35,"Aktif dikim adayı. Doğal toparlanma zayıf kalıyor, eğim (14,8°) dikime elverişli.","Modelin tahminine göre yangın öncesi örtünün ancak %24 kadarı iki yılda geri gelecek — kendi başına kapanmayacak bir açık var. Yangın orta-yüksek şiddet sınıfında (dNBR 0,47); toprak yüzeyi büyük olasılıkla açıkta. Bu bölgede referans yangınımız az — tahmin belirsizliği diğer bölgelerden yüksek, saha doğrulaması önerilir. Yetişme ortamı: Marmara kuşağı, 177 m, orta eğimli (10–25°). Bu koşullar için önerilen türler: meşe, kayın, karaçam. Tür önerisi sistemin çıkarımı değil, dışarıdan verilen tablodan okunmuştur. Tablo: ÖRNEK TABLO — OGM tür-yetişme ortamı rehberi ile değiştirilecek",True
MAR_2024_01_002213,DIKIM_ADAYI,AGIR_YANMIS|DUSUK_GUVEN,0.2374,"meşe, kayın, karaçam",toparlanma=0.24 <0.35,"Aktif dikim adayı. Doğal toparlanma zayıf kalıyor, eğim (9,0°) dikime elverişli.","Modelin tahminine göre yangın öncesi örtünün ancak %24 kadarı iki yılda geri gelecek — kendi başına kapanmayacak bir açık var. Yangın orta-yüksek şiddet sınıfında (dNBR 0,46); toprak yüzeyi büyük olasılıkla açıkta. Bu bölgede referans yangınımız az — tahmin belirsizliği diğer bölgelerden yüksek, saha doğrulaması önerilir. Yetişme ortamı: Marmara kuşağı, 217 m, düz-hafif eğimli (0–10°). Bu koşullar için önerilen türler: meşe, kayın, karaçam. Tür önerisi sistemin çıkarımı değil, dışarıdan verilen tablodan okunmuştur. Tablo: ÖRNEK TABLO — OGM tür-yetişme ortamı rehberi ile değiştirilecek",True
MAR_2024_01_002214,DIKIM_ADAYI,AGIR_YANMIS|DUSUK_GUVEN,0.2082,"meşe, kayın, karaçam",toparlanma=0.21 <0.35,"Aktif dikim adayı. Doğal toparlanma zayıf kalıyor, eğim (8,9°) dikime elverişli.","Modelin tahminine göre yangın öncesi örtünün ancak %21 kadarı iki yılda geri gelecek — kendi başına kapanmayacak bir açık var. Yangın orta-yüksek şiddet sınıfında (dNBR 0,60); toprak yüzeyi büyük olasılıkla açıkta. Bu bölgede referans yangınımız az — tahmin belirsizliği diğer bölgelerden yüksek, saha doğrulaması önerilir. Yetişme ortamı: Marmara kuşağı, 187 m, düz-hafif eğimli (0–10°). Bu koşullar için önerilen türler: meşe, kayın, karaçam. Tür önerisi sistemin çıkarımı değil, dışarıdan verilen tablodan okunmuştur. Tablo: ÖRNEK TABLO — OGM tür-yetişme ortamı rehberi ile değiştirilecek",True
MAR_2024_01_002215,DIKIM_ADAYI,AGIR_YANMIS|DUSUK_GUVEN,0.2513,"meşe, kayın, karaçam",toparlanma=0.25 <0.35,"Aktif dikim adayı. Doğal toparlanma zayıf kalıyor, eğim (6,8°) dikime elverişli.","Modelin tahminine göre yangın öncesi örtünün ancak %25 kadarı iki yılda geri gelecek — kendi başına kapanmayacak bir açık var. Yangın orta-yüksek şiddet sınıfında (dNBR 0,59); toprak yüzeyi büyük olasılıkla açıkta. Bu bölgede referans yangınımız az — tahmin belirsizliği diğer bölgelerden yüksek, saha doğrulaması önerilir. Yetişme ortamı: Marmara kuşağı, 158 m, düz-hafif eğimli (0–10°). Bu koşullar için önerilen türler: meşe, kayın, karaçam. Tür önerisi sistemin çıkarımı değil, dışarıdan verilen tablodan okunmuştur. Tablo: ÖRNEK TABLO — OGM tür-yetişme ortamı rehberi ile değiştirilecek",True
MAR_2024_01_002216,ONCELIGE_GORE,DUSUK_GUVEN,0.4514,,toparlanma=0.45 0.35..0.50,Öncelik sırasına göre değerlendir. Kısmi toparlanma bekleniyor; müdahale kararı bütçeye ve sıraya bağlı.,"Modelin tahminine göre yangın öncesi örtünün %45 kadarı iki yılda geri gelecek. Ne kendi kapanacak kadar iyi ne de acil müdahale gerektirecek kadar kötü — öncelik skoru bu kareyi sıranın neresine koyduğuna bakın. Bu bölgede referans yangınımız az — tahmin belirsizliği diğer bölgelerden yüksek, saha doğrulaması önerilir.",True
MAR_2024_01_002217,IZLE,DUSUK_GUVEN,,,prediction_status=low_severity,"İzle, müdahale etme. Yangın bu kareyi ağır yakmamış (düşük şiddet, dNBR 0,13).","Model bu rejimde tahmin üretmiyor. Kendi toparlanması bekleniyor, müdahale listesine alınmıyor. Bu bölgede referans yangınımız az — tahmin belirsizliği diğer bölgelerden yüksek, saha doğrulaması önerilir.",True
MAR_2024_01_002232,KAPSAM_DISI,,,,land_cover=Tarim,"Ağaçlandırma kapsamı dışı. Bu kare tarım alanı olarak sınıflanmış, orman rehabilitasyonu hedefi değil.",Öncelik sıralamasına dahil edilmiyor.,False
MAR_2024_01_002233,KAPSAM_DISI,,,,land_cover=Tarim,"Ağaçlandırma kapsamı dışı. Bu kare tarım alanı olarak sınıflanmış, orman rehabilitasyonu hedefi değil.",Öncelik sıralamasına dahil edilmiyor.,False
MAR_2024_01_002234,KAPSAM_DISI,,0.6202,,land_cover=Tarim,"Ağaçlandırma kapsamı dışı. Bu kare tarım alanı olarak sınıflanmış, orman rehabilitasyonu hedefi değil.",Öncelik sıralamasına dahil edilmiyor.,False
MAR_2024_01_002235,KAPSAM_DISI,,0.4591,,land_cover=Tarim,"Ağaçlandırma kapsamı dışı. Bu kare tarım alanı olarak sınıflanmış, orman rehabilitasyonu hedefi değil.",Öncelik sıralamasına dahil edilmiyor.,False
MAR_2024_01_002236,KAPSAM_DISI,,,,land_cover=Tarim,"Ağaçlandırma kapsamı dışı. Bu kare tarım alanı olarak sınıflanmış, orman rehabilitasyonu hedefi değil.",Öncelik sıralamasına dahil edilmiyor.,False
MAR_2024_01_002239,KAPSAM_DISI,,,,land_cover=Tarim,"Ağaçlandırma kapsamı dışı. Bu kare tarım alanı olarak sınıflanmış, orman rehabilitasyonu hedefi değil.",Öncelik sıralamasına dahil edilmiyor.,False
MAR_2024_01_002257,KAPSAM_DISI,,,,land_cover=Tarim,"Ağaçlandırma kapsamı dışı. Bu kare tarım alanı olarak sınıflanmış, orman rehabilitasyonu hedefi değil.",Öncelik sıralamasına dahil edilmiyor.,False
MAR_2024_01_002258,KAPSAM_DISI,,,,land_cover=Tarim,"Ağaçlandırma kapsamı dışı. Bu kare tarım alanı olarak sınıflanmış, orman rehabilitasyonu hedefi değil.",Öncelik sıralamasına dahil edilmiyor.,False
MAR_2024_01_002259,KAPSAM_DISI,,,,land_cover=Tarim,"Ağaçlandırma kapsamı dışı. Bu kare tarım alanı olarak sınıflanmış, orman rehabilitasyonu hedefi değil.",Öncelik sıralamasına dahil edilmiyor.,False
MAR_2024_01_002260,KAPSAM_DISI,,,,land_cover=Tarim,"Ağaçlandırma kapsamı dışı. Bu kare tarım alanı olarak sınıflanmış, orman rehabilitasyonu hedefi değil.",Öncelik sıralamasına dahil edilmiyor.,False
MAR_2024_01_002262,KAPSAM_DISI,,,,land_cover=Tarim,"Ağaçlandırma kapsamı dışı. Bu kare tarım alanı olarak sınıflanmış, orman rehabilitasyonu hedefi değil.",Öncelik sıralamasına dahil edilmiyor.,False
MAR_2024_01_002263,ONCELIGE_GORE,DUSUK_GUVEN,0.4051,,toparlanma=0.41 0.35..0.50,Öncelik sırasına göre değerlendir. Kısmi toparlanma bekleniyor; müdahale kararı bütçeye ve sıraya bağlı.,"Modelin tahminine göre yangın öncesi örtünün %41 kadarı iki yılda geri gelecek. Ne kendi kapanacak kadar iyi ne de acil müdahale gerektirecek kadar kötü — öncelik skoru bu kareyi sıranın neresine koyduğuna bakın. Bu bölgede referans yangınımız az — tahmin belirsizliği diğer bölgelerden yüksek, saha doğrulaması önerilir.",True
MAR_2024_01_002264,DIKIM_ADAYI,DUSUK_GUVEN,0.3464,"meşe, kayın, karaçam",toparlanma=0.35 <0.35,"Aktif dikim adayı. Doğal toparlanma zayıf kalıyor, eğim (2,8°) dikime elverişli.","Modelin tahminine göre yangın öncesi örtünün ancak %35 kadarı iki yılda geri gelecek — kendi başına kapanmayacak bir açık var. Bu bölgede referans yangınımız az — tahmin belirsizliği diğer bölgelerden yüksek, saha doğrulaması önerilir. Yetişme ortamı: Marmara kuşağı, 46 m, düz-hafif eğimli (0–10°). Bu koşullar için önerilen türler: meşe, kayın, karaçam. Tür önerisi sistemin çıkarımı değil, dışarıdan verilen tablodan okunmuştur. Tablo: ÖRNEK TABLO — OGM tür-yetişme ortamı rehberi ile değiştirilecek",True
MAR_2024_01_002265,DIKIM_ADAYI,DUSUK_GUVEN,0.3492,"meşe, kayın, karaçam",toparlanma=0.35 <0.35,"Aktif dikim adayı. Doğal toparlanma zayıf kalıyor, eğim (3,4°) dikime elverişli.","Modelin tahminine göre yangın öncesi örtünün ancak %35 kadarı iki yılda geri gelecek — kendi başına kapanmayacak bir açık var. Bu bölgede referans yangınımız az — tahmin belirsizliği diğer bölgelerden yüksek, saha doğrulaması önerilir. Yetişme ortamı: Marmara kuşağı, 46 m, düz-hafif eğimli (0–10°). Bu koşullar için önerilen türler: meşe, kayın, karaçam. Tür önerisi sistemin çıkarımı değil, dışarıdan verilen tablodan okunmuştur. Tablo: ÖRNEK TABLO — OGM tür-yetişme ortamı rehberi ile değiştirilecek",True
MAR_2024_01_002266,DIKIM_ADAYI,AGIR_YANMIS|DUSUK_GUVEN,0.3204,"meşe, kayın, karaçam",toparlanma=0.32 <0.35,"Aktif dikim adayı. Doğal toparlanma zayıf kalıyor, eğim (5,5°) dikime elverişli.","Modelin tahminine göre yangın öncesi örtünün ancak %32 kadarı iki yılda geri gelecek — kendi başına kapanmayacak bir açık var. Yangın orta-yüksek şiddet sınıfında (dNBR 0,45); toprak yüzeyi büyük olasılıkla açıkta. Bu bölgede referans yangınımız az — tahmin belirsizliği diğer bölgelerden yüksek, saha doğrulaması önerilir. Yetişme ortamı: Marmara kuşağı, 63 m, düz-hafif eğimli (0–10°). Bu koşullar için önerilen türler: meşe, kayın, karaçam. Tür önerisi sistemin çıkarımı değil, dışarıdan verilen tablodan okunmuştur. Tablo: ÖRNEK TABLO — OGM tür-yetişme ortamı rehberi ile değiştirilecek",True
MAR_2024_01_002267,DIKIM_ADAYI,AGIR_YANMIS|DUSUK_GUVEN,0.2847,"meşe, kayın, karaçam",toparlanma=0.28 <0.35,"Aktif dikim adayı. Doğal toparlanma zayıf kalıyor, eğim (5,6°) dikime elverişli.","Modelin tahminine göre yangın öncesi örtünün ancak %28 kadarı iki yılda geri gelecek — kendi başına kapanmayacak bir açık var. Yangın orta-yüksek şiddet sınıfında (dNBR 0,52); toprak yüzeyi büyük olasılıkla açıkta. Bu bölgede referans yangınımız az — tahmin belirsizliği diğer bölgelerden yüksek, saha doğrulaması önerilir. Yetişme ortamı: Marmara kuşağı, 77 m, düz-hafif eğimli (0–10°). Bu koşullar için önerilen türler: meşe, kayın, karaçam. Tür önerisi sistemin çıkarımı değil, dışarıdan verilen tablodan okunmuştur. Tablo: ÖRNEK TABLO — OGM tür-yetişme ortamı rehberi ile değiştirilecek",True
MAR_2024_01_002268,DIKIM_ADAYI,AGIR_YANMIS|DUSUK_GUVEN,0.2719,"meşe, kayın, karaçam",toparlanma=0.27 <0.35,"Aktif dikim adayı. Doğal toparlanma zayıf kalıyor, eğim (5,0°) dikime elverişli.","Modelin tahminine göre yangın öncesi örtünün ancak %27 kadarı iki yılda geri gelecek — kendi başına kapanmayacak bir açık var. Yangın orta-yüksek şiddet sınıfında (dNBR 0,61); toprak yüzeyi büyük olasılıkla açıkta. Bu bölgede referans yangınımız az — tahmin belirsizliği diğer bölgelerden yüksek, saha doğrulaması önerilir. Yetişme ortamı: Marmara kuşağı, 92 m, düz-hafif eğimli (0–10°). Bu koşullar için önerilen türler: meşe, kayın, karaçam. Tür önerisi sistemin çıkarımı değil, dışarıdan verilen tablodan okunmuştur. Tablo: ÖRNEK TABLO — OGM tür-yetişme ortamı rehberi ile değiştirilecek",True
MAR_2024_01_002269,DIKIM_ADAYI,AGIR_YANMIS|DUSUK_GUVEN,0.3221,"meşe, kayın, karaçam",toparlanma=0.32 <0.35,"Aktif dikim adayı. Doğal toparlanma zayıf kalıyor, eğim (4,9°) dikime elverişli.","Modelin tahminine göre yangın öncesi örtünün ancak %32 kadarı iki yılda geri gelecek — kendi başına kapanmayacak bir açık var. Yangın orta-yüksek şiddet sınıfında (dNBR 0,51); toprak yüzeyi büyük olasılıkla açıkta. Bu bölgede referans yangınımız az — tahmin belirsizliği diğer bölgelerden yüksek, saha doğrulaması önerilir. Yetişme ortamı: Marmara kuşağı, 94 m, düz-hafif eğimli (0–10°). Bu koşullar için önerilen türler: meşe, kayın, karaçam. Tür önerisi sistemin çıkarımı değil, dışarıdan verilen tablodan okunmuştur. Tablo: ÖRNEK TABLO — OGM tür-yetişme ortamı rehberi ile değiştirilecek",True
MAR_2024_01_002270,DIKIM_ADAYI,AGIR_YANMIS|DUSUK_GUVEN,0.2811,"meşe, kayın, karaçam",toparlanma=0.28 <0.35,"Aktif dikim adayı. Doğal toparlanma zayıf kalıyor, eğim (5,9°) dikime elverişli.","Modelin tahminine göre yangın öncesi örtünün ancak %28 kadarı iki yılda geri gelecek — kendi başına kapanmayacak bir açık var. Yangın orta-yüksek şiddet sınıfında (dNBR 0,56); toprak yüzeyi büyük olasılıkla açıkta. Bu bölgede referans yangınımız az — tahmin belirsizliği diğer bölgelerden yüksek, saha doğrulaması önerilir. Yetişme ortamı: Marmara kuşağı, 94 m, düz-hafif eğimli (0–10°). Bu koşullar için önerilen türler: meşe, kayın, karaçam. Tür önerisi sistemin çıkarımı değil, dışarıdan verilen tablodan okunmuştur. Tablo: ÖRNEK TABLO — OGM tür-yetişme ortamı rehberi ile değiştirilecek",True
MAR_2024_01_002271,DIKIM_ADAYI,AGIR_YANMIS|DUSUK_GUVEN,0.225,"meşe, kayın, karaçam",toparlanma=0.23 <0.35,"Aktif dikim adayı. Doğal toparlanma zayıf kalıyor, eğim (11,1°) dikime elverişli.","Modelin tahminine göre yangın öncesi örtünün ancak %23 kadarı iki yılda geri gelecek — kendi başına kapanmayacak bir açık var. Yangın orta-yüksek şiddet sınıfında (dNBR 0,60); toprak yüzeyi büyük olasılıkla açıkta. Bu bölgede referans yangınımız az — tahmin belirsizliği diğer bölgelerden yüksek, saha doğrulaması önerilir. Yetişme ortamı: Marmara kuşağı, 122 m, orta eğimli (10–25°). Bu koşullar için önerilen türler: meşe, kayın, karaçam. Tür önerisi sistemin çıkarımı değil, dışarıdan verilen tablodan okunmuştur. Tablo: ÖRNEK TABLO — OGM tür-yetişme ortamı rehberi ile değiştirilecek",True
MAR_2024_01_002272,DIKIM_ADAYI,AGIR_YANMIS|DUSUK_GUVEN,0.2292,"meşe, kayın, karaçam",toparlanma=0.23 <0.35,"Aktif dikim adayı. Doğal toparlanma zayıf kalıyor, eğim (10,5°) dikime elverişli.","Modelin tahminine göre yangın öncesi örtünün ancak %23 kadarı iki yılda geri gelecek — kendi başına kapanmayacak bir açık var. Yangın orta-yüksek şiddet sınıfında (dNBR 0,60); toprak yüzeyi büyük olasılıkla açıkta. Bu bölgede referans yangınımız az — tahmin belirsizliği diğer bölgelerden yüksek, saha doğrulaması önerilir. Yetişme ortamı: Marmara kuşağı, 172 m, orta eğimli (10–25°). Bu koşullar için önerilen türler: meşe, kayın, karaçam. Tür önerisi sistemin çıkarımı değil, dışarıdan verilen tablodan okunmuştur. Tablo: ÖRNEK TABLO — OGM tür-yetişme ortamı rehberi ile değiştirilecek",True
MAR_2024_01_002273,DIKIM_ADAYI,AGIR_YANMIS|DUSUK_GUVEN,0.2484,"meşe, kayın, karaçam",toparlanma=0.25 <0.35,"Aktif dikim adayı. Doğal toparlanma zayıf kalıyor, eğim (9,2°) dikime elverişli.","Modelin tahminine göre yangın öncesi örtünün ancak %25 kadarı iki yılda geri gelecek — kendi başına kapanmayacak bir açık var. Yangın orta-yüksek şiddet sınıfında (dNBR 0,64); toprak yüzeyi büyük olasılıkla açıkta. Bu bölgede referans yangınımız az — tahmin belirsizliği diğer bölgelerden yüksek, saha doğrulaması önerilir. Yetişme ortamı: Marmara kuşağı, 145 m, düz-hafif eğimli (0–10°). Bu koşullar için önerilen türler: meşe, kayın, karaçam. Tür önerisi sistemin çıkarımı değil, dışarıdan verilen tablodan okunmuştur. Tablo: ÖRNEK TABLO — OGM tür-yetişme ortamı rehberi ile değiştirilecek",True
MAR_2024_01_002274,DIKIM_ADAYI,AGIR_YANMIS|DUSUK_GUVEN,0.2591,"meşe, kayın, karaçam",toparlanma=0.26 <0.35,"Aktif dikim adayı. Doğal toparlanma zayıf kalıyor, eğim (6,7°) dikime elverişli.","Modelin tahminine göre yangın öncesi örtünün ancak %26 kadarı iki yılda geri gelecek — kendi başına kapanmayacak bir açık var. Yangın orta-yüksek şiddet sınıfında (dNBR 0,60); toprak yüzeyi büyük olasılıkla açıkta. Bu bölgede referans yangınımız az — tahmin belirsizliği diğer bölgelerden yüksek, saha doğrulaması önerilir. Yetişme ortamı: Marmara kuşağı, 144 m, düz-hafif eğimli (0–10°). Bu koşullar için önerilen türler: meşe, kayın, karaçam. Tür önerisi sistemin çıkarımı değil, dışarıdan verilen tablodan okunmuştur. Tablo: ÖRNEK TABLO — OGM tür-yetişme ortamı rehberi ile değiştirilecek",True
MAR_2024_01_002275,DIKIM_ADAYI,AGIR_YANMIS|DUSUK_GUVEN,0.2518,"meşe, kayın, karaçam",toparlanma=0.25 <0.35,"Aktif dikim adayı. Doğal toparlanma zayıf kalıyor, eğim (6,7°) dikime elverişli.","Modelin tahminine göre yangın öncesi örtünün ancak %25 kadarı iki yılda geri gelecek — kendi başına kapanmayacak bir açık var. Yangın orta-yüksek şiddet sınıfında (dNBR 0,52); toprak yüzeyi büyük olasılıkla açıkta. Bu bölgede referans yangınımız az — tahmin belirsizliği diğer bölgelerden yüksek, saha doğrulaması önerilir. Yetişme ortamı: Marmara kuşağı, 134 m, düz-hafif eğimli (0–10°). Bu koşullar için önerilen türler: meşe, kayın, karaçam. Tür önerisi sistemin çıkarımı değil, dışarıdan verilen tablodan okunmuştur. Tablo: ÖRNEK TABLO — OGM tür-yetişme ortamı rehberi ile değiştirilecek",True
MAR_2024_01_002276,DIKIM_ADAYI,AGIR_YANMIS|DUSUK_GUVEN,0.2369,"meşe, kayın, karaçam",toparlanma=0.24 <0.35,"Aktif dikim adayı. Doğal toparlanma zayıf kalıyor, eğim (10,2°) dikime elverişli.","Modelin tahminine göre yangın öncesi örtünün ancak %24 kadarı iki yılda geri gelecek — kendi başına kapanmayacak bir açık var. Yangın orta-yüksek şiddet sınıfında (dNBR 0,52); toprak yüzeyi büyük olasılıkla açıkta. Bu bölgede referans yangınımız az — tahmin belirsizliği diğer bölgelerden yüksek, saha doğrulaması önerilir. Yetişme ortamı: Marmara kuşağı, 146 m, orta eğimli (10–25°). Bu koşullar için önerilen türler: meşe, kayın, karaçam. Tür önerisi sistemin çıkarımı değil, dışarıdan verilen tablodan okunmuştur. Tablo: ÖRNEK TABLO — OGM tür-yetişme ortamı rehberi ile değiştirilecek",True
MAR_2024_01_002277,DIKIM_ADAYI,AGIR_YANMIS|DUSUK_GUVEN,0.2059,"meşe, kayın, karaçam",toparlanma=0.21 <0.35,"Aktif dikim adayı. Doğal toparlanma zayıf kalıyor, eğim (14,1°) dikime elverişli.","Modelin tahminine göre yangın öncesi örtünün ancak %21 kadarı iki yılda geri gelecek — kendi başına kapanmayacak bir açık var. Yangın orta-yüksek şiddet sınıfında (dNBR 0,47); toprak yüzeyi büyük olasılıkla açıkta. Bu bölgede referans yangınımız az — tahmin belirsizliği diğer bölgelerden yüksek, saha doğrulaması önerilir. Yetişme ortamı: Marmara kuşağı, 180 m, orta eğimli (10–25°). Bu koşullar için önerilen türler: meşe, kayın, karaçam. Tür önerisi sistemin çıkarımı değil, dışarıdan verilen tablodan okunmuştur. Tablo: ÖRNEK TABLO — OGM tür-yetişme ortamı rehberi ile değiştirilecek",True
MAR_2024_01_002278,DIKIM_ADAYI,AGIR_YANMIS|DUSUK_GUVEN,0.272,"meşe, kayın, karaçam",toparlanma=0.27 <0.35,"Aktif dikim adayı. Doğal toparlanma zayıf kalıyor, eğim (6,0°) dikime elverişli.","Modelin tahminine göre yangın öncesi örtünün ancak %27 kadarı iki yılda geri gelecek — kendi başına kapanmayacak bir açık var. Yangın orta-yüksek şiddet sınıfında (dNBR 0,49); toprak yüzeyi büyük olasılıkla açıkta. Bu bölgede referans yangınımız az — tahmin belirsizliği diğer bölgelerden yüksek, saha doğrulaması önerilir. Yetişme ortamı: Marmara kuşağı, 211 m, düz-hafif eğimli (0–10°). Bu koşullar için önerilen türler: meşe, kayın, karaçam. Tür önerisi sistemin çıkarımı değil, dışarıdan verilen tablodan okunmuştur. Tablo: ÖRNEK TABLO — OGM tür-yetişme ortamı rehberi ile değiştirilecek",True
MAR_2024_01_002279,DIKIM_ADAYI,DUSUK_GUVEN,0.2549,"meşe, kayın, karaçam",toparlanma=0.25 <0.35,"Aktif dikim adayı. Doğal toparlanma zayıf kalıyor, eğim (5,8°) dikime elverişli.","Modelin tahminine göre yangın öncesi örtünün ancak %25 kadarı iki yılda geri gelecek — kendi başına kapanmayacak bir açık var. Bu bölgede referans yangınımız az — tahmin belirsizliği diğer bölgelerden yüksek, saha doğrulaması önerilir. Yetişme ortamı: Marmara kuşağı, 206 m, düz-hafif eğimli (0–10°). Bu koşullar için önerilen türler: meşe, kayın, karaçam. Tür önerisi sistemin çıkarımı değil, dışarıdan verilen tablodan okunmuştur. Tablo: ÖRNEK TABLO — OGM tür-yetişme ortamı rehberi ile değiştirilecek",True
MAR_2024_01_002280,DIKIM_ADAYI,AGIR_YANMIS|DUSUK_GUVEN,0.2673,"meşe, kayın, karaçam",toparlanma=0.27 <0.35,"Aktif dikim adayı. Doğal toparlanma zayıf kalıyor, eğim (7,9°) dikime elverişli.","Modelin tahminine göre yangın öncesi örtünün ancak %27 kadarı iki yılda geri gelecek — kendi başına kapanmayacak bir açık var. Yangın orta-yüksek şiddet sınıfında (dNBR 0,53); toprak yüzeyi büyük olasılıkla açıkta. Bu bölgede referans yangınımız az — tahmin belirsizliği diğer bölgelerden yüksek, saha doğrulaması önerilir. Yetişme ortamı: Marmara kuşağı, 182 m, düz-hafif eğimli (0–10°). Bu koşullar için önerilen türler: meşe, kayın, karaçam. Tür önerisi sistemin çıkarımı değil, dışarıdan verilen tablodan okunmuştur. Tablo: ÖRNEK TABLO — OGM tür-yetişme ortamı rehberi ile değiştirilecek",True
MAR_2024_01_002281,IZLE,DUSUK_GUVEN,,,prediction_status=low_severity,"İzle, müdahale etme. Yangın bu kareyi ağır yakmamış (orta-düşük şiddet, dNBR 0,28).","Model bu rejimde tahmin üretmiyor. Kendi toparlanması bekleniyor, müdahale listesine alınmıyor. Bu bölgede referans yangınımız az — tahmin belirsizliği diğer bölgelerden yüksek, saha doğrulaması önerilir.",True
MAR_2024_01_002298,KAPSAM_DISI,,,,land_cover=Tarim,"Ağaçlandırma kapsamı dışı. Bu kare tarım alanı olarak sınıflanmış, orman rehabilitasyonu hedefi değil.",Öncelik sıralamasına dahil edilmiyor.,False
MAR_2024_01_002301,KAPSAM_DISI,,0.6155,,land_cover=Tarim,"Ağaçlandırma kapsamı dışı. Bu kare tarım alanı olarak sınıflanmış, orman rehabilitasyonu hedefi değil.",Öncelik sıralamasına dahil edilmiyor.,False
MAR_2024_01_002302,KAPSAM_DISI,,,,land_cover=Tarim,"Ağaçlandırma kapsamı dışı. Bu kare tarım alanı olarak sınıflanmış, orman rehabilitasyonu hedefi değil.",Öncelik sıralamasına dahil edilmiyor.,False
MAR_2024_01_002324,KAPSAM_DISI,,,,land_cover=Tarim,"Ağaçlandırma kapsamı dışı. Bu kare tarım alanı olarak sınıflanmış, orman rehabilitasyonu hedefi değil.",Öncelik sıralamasına dahil edilmiyor.,False
MAR_2024_01_002326,KAPSAM_DISI,,,,land_cover=Tarim,"Ağaçlandırma kapsamı dışı. Bu kare tarım alanı olarak sınıflanmış, orman rehabilitasyonu hedefi değil.",Öncelik sıralamasına dahil edilmiyor.,False
MAR_2024_01_002328,KAPSAM_DISI,,,,land_cover=Tarim,"Ağaçlandırma kapsamı dışı. Bu kare tarım alanı olarak sınıflanmış, orman rehabilitasyonu hedefi değil.",Öncelik sıralamasına dahil edilmiyor.,False
MAR_2024_01_002329,IZLE,DUSUK_GUVEN,,,prediction_status=low_severity,"İzle, müdahale etme. Yangın bu kareyi ağır yakmamış (düşük şiddet, dNBR 0,13).","Model bu rejimde tahmin üretmiyor. Kendi toparlanması bekleniyor, müdahale listesine alınmıyor. Bu bölgede referans yangınımız az — tahmin belirsizliği diğer bölgelerden yüksek, saha doğrulaması önerilir.",True
MAR_2024_01_002330,IZLE,ESKIDEN_ORMAN_DEGIL|DUSUK_GUVEN,,,prediction_status=low_severity,"İzle, müdahale etme. Yangın bu kareyi ağır yakmamış (düşük şiddet, dNBR 0,13).","Model bu rejimde tahmin üretmiyor. Kendi toparlanması bekleniyor, müdahale listesine alınmıyor. Yangın öncesi örtü otlak ve çalılık idi; orman kurma değil, mevcut örtünün onarımı düşünülmeli. Bu bölgede referans yangınımız az — tahmin belirsizliği diğer bölgelerden yüksek, saha doğrulaması önerilir.",True
MAR_2024_01_002331,DIKIM_ADAYI,AGIR_YANMIS|DUSUK_GUVEN,0.3352,"meşe, kayın, karaçam",toparlanma=0.34 <0.35,"Aktif dikim adayı. Doğal toparlanma zayıf kalıyor, eğim (4,9°) dikime elverişli.","Modelin tahminine göre yangın öncesi örtünün ancak %34 kadarı iki yılda geri gelecek — kendi başına kapanmayacak bir açık var. Yangın orta-yüksek şiddet sınıfında (dNBR 0,46); toprak yüzeyi büyük olasılıkla açıkta. Bu bölgede referans yangınımız az — tahmin belirsizliği diğer bölgelerden yüksek, saha doğrulaması önerilir. Yetişme ortamı: Marmara kuşağı, 47 m, düz-hafif eğimli (0–10°). Bu koşullar için önerilen türler: meşe, kayın, karaçam. Tür önerisi sistemin çıkarımı değil, dışarıdan verilen tablodan okunmuştur. Tablo: ÖRNEK TABLO — OGM tür-yetişme ortamı rehberi ile değiştirilecek",True
MAR_2024_01_002332,DIKIM_ADAYI,AGIR_YANMIS|DUSUK_GUVEN,0.2653,"meşe, kayın, karaçam",toparlanma=0.27 <0.35,"Aktif dikim adayı. Doğal toparlanma zayıf kalıyor, eğim (5,1°) dikime elverişli.","Modelin tahminine göre yangın öncesi örtünün ancak %27 kadarı iki yılda geri gelecek — kendi başına kapanmayacak bir açık var. Yangın orta-yüksek şiddet sınıfında (dNBR 0,48); toprak yüzeyi büyük olasılıkla açıkta. Bu bölgede referans yangınımız az — tahmin belirsizliği diğer bölgelerden yüksek, saha doğrulaması önerilir. Yetişme ortamı: Marmara kuşağı, 60 m, düz-hafif eğimli (0–10°). Bu koşullar için önerilen türler: meşe, kayın, karaçam. Tür önerisi sistemin çıkarımı değil, dışarıdan verilen tablodan okunmuştur. Tablo: ÖRNEK TABLO — OGM tür-yetişme ortamı rehberi ile değiştirilecek",True
MAR_2024_01_002333,DIKIM_ADAYI,AGIR_YANMIS|DUSUK_GUVEN,0.2548,"meşe, kayın, karaçam",toparlanma=0.25 <0.35,"Aktif dikim adayı. Doğal toparlanma zayıf kalıyor, eğim (5,4°) dikime elverişli.","Modelin tahminine göre yangın öncesi örtünün ancak %25 kadarı iki yılda geri gelecek — kendi başına kapanmayacak bir açık var. Yangın orta-yüksek şiddet sınıfında (dNBR 0,47); toprak yüzeyi büyük olasılıkla açıkta. Bu bölgede referans yangınımız az — tahmin belirsizliği diğer bölgelerden yüksek, saha doğrulaması önerilir. Yetişme ortamı: Marmara kuşağı, 59 m, düz-hafif eğimli (0–10°). Bu koşullar için önerilen türler: meşe, kayın, karaçam. Tür önerisi sistemin çıkarımı değil, dışarıdan verilen tablodan okunmuştur. Tablo: ÖRNEK TABLO — OGM tür-yetişme ortamı rehberi ile değiştirilecek",True
MAR_2024_01_002334,DIKIM_ADAYI,AGIR_YANMIS|DUSUK_GUVEN,0.2624,"meşe, kayın, karaçam",toparlanma=0.26 <0.35,"Aktif dikim adayı. Doğal toparlanma zayıf kalıyor, eğim (5,2°) dikime elverişli.","Modelin tahminine göre yangın öncesi örtünün ancak %26 kadarı iki yılda geri gelecek — kendi başına kapanmayacak bir açık var. Yangın orta-yüksek şiddet sınıfında (dNBR 0,59); toprak yüzeyi büyük olasılıkla açıkta. Bu bölgede referans yangınımız az — tahmin belirsizliği diğer bölgelerden yüksek, saha doğrulaması önerilir. Yetişme ortamı: Marmara kuşağı, 77 m, düz-hafif eğimli (0–10°). Bu koşullar için önerilen türler: meşe, kayın, karaçam. Tür önerisi sistemin çıkarımı değil, dışarıdan verilen tablodan okunmuştur. Tablo: ÖRNEK TABLO — OGM tür-yetişme ortamı rehberi ile değiştirilecek",True
MAR_2024_01_002335,DIKIM_ADAYI,AGIR_YANMIS|DUSUK_GUVEN,0.2372,"meşe, kayın, karaçam",toparlanma=0.24 <0.35,"Aktif dikim adayı. Doğal toparlanma zayıf kalıyor, eğim (5,8°) dikime elverişli.","Modelin tahminine göre yangın öncesi örtünün ancak %24 kadarı iki yılda geri gelecek — kendi başına kapanmayacak bir açık var. Yangın orta-yüksek şiddet sınıfında (dNBR 0,51); toprak yüzeyi büyük olasılıkla açıkta. Bu bölgede referans yangınımız az — tahmin belirsizliği diğer bölgelerden yüksek, saha doğrulaması önerilir. Yetişme ortamı: Marmara kuşağı, 92 m, düz-hafif eğimli (0–10°). Bu koşullar için önerilen türler: meşe, kayın, karaçam. Tür önerisi sistemin çıkarımı değil, dışarıdan verilen tablodan okunmuştur. Tablo: ÖRNEK TABLO — OGM tür-yetişme ortamı rehberi ile değiştirilecek",True
MAR_2024_01_002336,DIKIM_ADAYI,AGIR_YANMIS|DUSUK_GUVEN,0.2574,"meşe, kayın, karaçam",toparlanma=0.26 <0.35,"Aktif dikim adayı. Doğal toparlanma zayıf kalıyor, eğim (6,0°) dikime elverişli.","Modelin tahminine göre yangın öncesi örtünün ancak %26 kadarı iki yılda geri gelecek — kendi başına kapanmayacak bir açık var. Yangın orta-yüksek şiddet sınıfında (dNBR 0,56); toprak yüzeyi büyük olasılıkla açıkta. Bu bölgede referans yangınımız az — tahmin belirsizliği diğer bölgelerden yüksek, saha doğrulaması önerilir. Yetişme ortamı: Marmara kuşağı, 108 m, düz-hafif eğimli (0–10°). Bu koşullar için önerilen türler: meşe, kayın, karaçam. Tür önerisi sistemin çıkarımı değil, dışarıdan verilen tablodan okunmuştur. Tablo: ÖRNEK TABLO — OGM tür-yetişme ortamı rehberi ile değiştirilecek",True
MAR_2024_01_002337,DIKIM_ADAYI,AGIR_YANMIS|DUSUK_GUVEN,0.2671,"meşe, kayın, karaçam",toparlanma=0.27 <0.35,"Aktif dikim adayı. Doğal toparlanma zayıf kalıyor, eğim (9,9°) dikime elverişli.","Modelin tahminine göre yangın öncesi örtünün ancak %27 kadarı iki yılda geri gelecek — kendi başına kapanmayacak bir açık var. Yangın orta-yüksek şiddet sınıfında (dNBR 0,62); toprak yüzeyi büyük olasılıkla açıkta. Bu bölgede referans yangınımız az — tahmin belirsizliği diğer bölgelerden yüksek, saha doğrulaması önerilir. Yetişme ortamı: Marmara kuşağı, 131 m, düz-hafif eğimli (0–10°). Bu koşullar için önerilen türler: meşe, kayın, karaçam. Tür önerisi sistemin çıkarımı değil, dışarıdan verilen tablodan okunmuştur. Tablo: ÖRNEK TABLO — OGM tür-yetişme ortamı rehberi ile değiştirilecek",True
MAR_2024_01_002338,DIKIM_ADAYI,AGIR_YANMIS|DUSUK_GUVEN,0.2268,"meşe, kayın, karaçam",toparlanma=0.23 <0.35,"Aktif dikim adayı. Doğal toparlanma zayıf kalıyor, eğim (9,9°) dikime elverişli.","Modelin tahminine göre yangın öncesi örtünün ancak %23 kadarı iki yılda geri gelecek — kendi başına kapanmayacak bir açık var. Yangın orta-yüksek şiddet sınıfında (dNBR 0,54); toprak yüzeyi büyük olasılıkla açıkta. Bu bölgede referans yangınımız az — tahmin belirsizliği diğer bölgelerden yüksek, saha doğrulaması önerilir. Yetişme ortamı: Marmara kuşağı, 178 m, düz-hafif eğimli (0–10°). Bu koşullar için önerilen türler: meşe, kayın, karaçam. Tür önerisi sistemin çıkarımı değil, dışarıdan verilen tablodan okunmuştur. Tablo: ÖRNEK TABLO — OGM tür-yetişme ortamı rehberi ile değiştirilecek",True
MAR_2024_01_002339,DIKIM_ADAYI,AGIR_YANMIS|DUSUK_GUVEN,0.2404,"meşe, kayın, karaçam",toparlanma=0.24 <0.35,"Aktif dikim adayı. Doğal toparlanma zayıf kalıyor, eğim (8,9°) dikime elverişli.","Modelin tahminine göre yangın öncesi örtünün ancak %24 kadarı iki yılda geri gelecek — kendi başına kapanmayacak bir açık var. Yangın orta-yüksek şiddet sınıfında (dNBR 0,58); toprak yüzeyi büyük olasılıkla açıkta. Bu bölgede referans yangınımız az — tahmin belirsizliği diğer bölgelerden yüksek, saha doğrulaması önerilir. Yetişme ortamı: Marmara kuşağı, 175 m, düz-hafif eğimli (0–10°). Bu koşullar için önerilen türler: meşe, kayın, karaçam. Tür önerisi sistemin çıkarımı değil, dışarıdan verilen tablodan okunmuştur. Tablo: ÖRNEK TABLO — OGM tür-yetişme ortamı rehberi ile değiştirilecek",True
MAR_2024_01_002340,DIKIM_ADAYI,AGIR_YANMIS|DUSUK_GUVEN,0.2421,"meşe, kayın, karaçam",toparlanma=0.24 <0.35,"Aktif dikim adayı. Doğal toparlanma zayıf kalıyor, eğim (10,5°) dikime elverişli.","Modelin tahminine göre yangın öncesi örtünün ancak %24 kadarı iki yılda geri gelecek — kendi başına kapanmayacak bir açık var. Yangın orta-yüksek şiddet sınıfında (dNBR 0,66); toprak yüzeyi büyük olasılıkla açıkta. Bu bölgede referans yangınımız az — tahmin belirsizliği diğer bölgelerden yüksek, saha doğrulaması önerilir. Yetişme ortamı: Marmara kuşağı, 179 m, orta eğimli (10–25°). Bu koşullar için önerilen türler: meşe, kayın, karaçam. Tür önerisi sistemin çıkarımı değil, dışarıdan verilen tablodan okunmuştur. Tablo: ÖRNEK TABLO — OGM tür-yetişme ortamı rehberi ile değiştirilecek",True
MAR_2024_01_002341,DIKIM_ADAYI,AGIR_YANMIS|DUSUK_GUVEN,0.2115,"meşe, kayın, karaçam",toparlanma=0.21 <0.35,"Aktif dikim adayı. Doğal toparlanma zayıf kalıyor, eğim (10,5°) dikime elverişli.","Modelin tahminine göre yangın öncesi örtünün ancak %21 kadarı iki yılda geri gelecek — kendi başına kapanmayacak bir açık var. Yangın orta-yüksek şiddet sınıfında (dNBR 0,57); toprak yüzeyi büyük olasılıkla açıkta. Bu bölgede referans yangınımız az — tahmin belirsizliği diğer bölgelerden yüksek, saha doğrulaması önerilir. Yetişme ortamı: Marmara kuşağı, 165 m, orta eğimli (10–25°). Bu koşullar için önerilen türler: meşe, kayın, karaçam. Tür önerisi sistemin çıkarımı değil, dışarıdan verilen tablodan okunmuştur. Tablo: ÖRNEK TABLO — OGM tür-yetişme ortamı rehberi ile değiştirilecek",True
MAR_2024_01_002342,DIKIM_ADAYI,AGIR_YANMIS|DUSUK_GUVEN,0.2013,"meşe, kayın, karaçam",toparlanma=0.20 <0.35,"Aktif dikim adayı. Doğal toparlanma zayıf kalıyor, eğim (14,8°) dikime elverişli.","Modelin tahminine göre yangın öncesi örtünün ancak %20 kadarı iki yılda geri gelecek — kendi başına kapanmayacak bir açık var. Yangın orta-yüksek şiddet sınıfında (dNBR 0,60); toprak yüzeyi büyük olasılıkla açıkta. Bu bölgede referans yangınımız az — tahmin belirsizliği diğer bölgelerden yüksek, saha doğrulaması önerilir. Yetişme ortamı: Marmara kuşağı, 178 m, orta eğimli (10–25°). Bu koşullar için önerilen türler: meşe, kayın, karaçam. Tür önerisi sistemin çıkarımı değil, dışarıdan verilen tablodan okunmuştur. Tablo: ÖRNEK TABLO — OGM tür-yetişme ortamı rehberi ile değiştirilecek",True
MAR_2024_01_002343,DIKIM_ADAYI,AGIR_YANMIS|DUSUK_GUVEN,0.2412,"meşe, kayın, karaçam",toparlanma=0.24 <0.35,"Aktif dikim adayı. Doğal toparlanma zayıf kalıyor, eğim (12,7°) dikime elverişli.","Modelin tahminine göre yangın öncesi örtünün ancak %24 kadarı iki yılda geri gelecek — kendi başına kapanmayacak bir açık var. Yangın orta-yüksek şiddet sınıfında (dNBR 0,49); toprak yüzeyi büyük olasılıkla açıkta. Bu bölgede referans yangınımız az — tahmin belirsizliği diğer bölgelerden yüksek, saha doğrulaması önerilir. Yetişme ortamı: Marmara kuşağı, 221 m, orta eğimli (10–25°). Bu koşullar için önerilen türler: meşe, kayın, karaçam. Tür önerisi sistemin çıkarımı değil, dışarıdan verilen tablodan okunmuştur. Tablo: ÖRNEK TABLO — OGM tür-yetişme ortamı rehberi ile değiştirilecek",True
MAR_2024_01_002344,DIKIM_ADAYI,AGIR_YANMIS|DUSUK_GUVEN,0.2862,"meşe, kayın, karaçam",toparlanma=0.29 <0.35,"Aktif dikim adayı. Doğal toparlanma zayıf kalıyor, eğim (6,0°) dikime elverişli.","Modelin tahminine göre yangın öncesi örtünün ancak %29 kadarı iki yılda geri gelecek — kendi başına kapanmayacak bir açık var. Yangın orta-yüksek şiddet sınıfında (dNBR 0,49); toprak yüzeyi büyük olasılıkla açıkta. Bu bölgede referans yangınımız az — tahmin belirsizliği diğer bölgelerden yüksek, saha doğrulaması önerilir. Yetişme ortamı: Marmara kuşağı, 218 m, düz-hafif eğimli (0–10°). Bu koşullar için önerilen türler: meşe, kayın, karaçam. Tür önerisi sistemin çıkarımı değil, dışarıdan verilen tablodan okunmuştur. Tablo: ÖRNEK TABLO — OGM tür-yetişme ortamı rehberi ile değiştirilecek",True
MAR_2024_01_002345,IZLE,DUSUK_GUVEN,,,prediction_status=low_severity,"İzle, müdahale etme. Yangın bu kareyi ağır yakmamış (orta-düşük şiddet, dNBR 0,27).","Model bu rejimde tahmin üretmiyor. Kendi toparlanması bekleniyor, müdahale listesine alınmıyor. Bu bölgede referans yangınımız az — tahmin belirsizliği diğer bölgelerden yüksek, saha doğrulaması önerilir.",True
MAR_2024_01_002346,IZLE,DUSUK_GUVEN,,,prediction_status=low_severity,"İzle, müdahale etme. Yangın bu kareyi ağır yakmamış (düşük şiddet, dNBR 0,14).","Model bu rejimde tahmin üretmiyor. Kendi toparlanması bekleniyor, müdahale listesine alınmıyor. Bu bölgede referans yangınımız az — tahmin belirsizliği diğer bölgelerden yüksek, saha doğrulaması önerilir.",True
MAR_2024_01_002361,KAPSAM_DISI,,,,land_cover=Tarim,"Ağaçlandırma kapsamı dışı. Bu kare tarım alanı olarak sınıflanmış, orman rehabilitasyonu hedefi değil.",Öncelik sıralamasına dahil edilmiyor.,False
MAR_2024_01_002363,KAPSAM_DISI,,,,land_cover=Tarim,"Ağaçlandırma kapsamı dışı. Bu kare tarım alanı olarak sınıflanmış, orman rehabilitasyonu hedefi değil.",Öncelik sıralamasına dahil edilmiyor.,False
MAR_2024_01_002392,KAPSAM_DISI,,,,land_cover=Tarim,"Ağaçlandırma kapsamı dışı. Bu kare tarım alanı olarak sınıflanmış, orman rehabilitasyonu hedefi değil.",Öncelik sıralamasına dahil edilmiyor.,False
MAR_2024_01_002393,KAPSAM_DISI,,,,land_cover=Tarim,"Ağaçlandırma kapsamı dışı. Bu kare tarım alanı olarak sınıflanmış, orman rehabilitasyonu hedefi değil.",Öncelik sıralamasına dahil edilmiyor.,False
MAR_2024_01_002394,IZLE,DUSUK_GUVEN,,,prediction_status=low_severity,"İzle, müdahale etme. Yangın bu kareyi ağır yakmamış (orta-düşük şiddet, dNBR 0,33).","Model bu rejimde tahmin üretmiyor. Kendi toparlanması bekleniyor, müdahale listesine alınmıyor. Bu bölgede referans yangınımız az — tahmin belirsizliği diğer bölgelerden yüksek, saha doğrulaması önerilir.",True
MAR_2024_01_002395,IZLE,DUSUK_GUVEN,,,prediction_status=low_severity,"İzle, müdahale etme. Yangın bu kareyi ağır yakmamış (düşük şiddet, dNBR 0,22).","Model bu rejimde tahmin üretmiyor. Kendi toparlanması bekleniyor, müdahale listesine alınmıyor. Bu bölgede referans yangınımız az — tahmin belirsizliği diğer bölgelerden yüksek, saha doğrulaması önerilir.",True
MAR_2024_01_002396,IZLE,ESKIDEN_ORMAN_DEGIL|DUSUK_GUVEN,,,prediction_status=low_severity,"İzle, müdahale etme. Yangın bu kareyi ağır yakmamış (düşük şiddet, dNBR 0,21).","Model bu rejimde tahmin üretmiyor. Kendi toparlanması bekleniyor, müdahale listesine alınmıyor. Yangın öncesi örtü otlak ve çalılık idi; orman kurma değil, mevcut örtünün onarımı düşünülmeli. Bu bölgede referans yangınımız az — tahmin belirsizliği diğer bölgelerden yüksek, saha doğrulaması önerilir.",True
MAR_2024_01_002397,ONCELIGE_GORE,DUSUK_GUVEN,0.4235,,toparlanma=0.42 0.35..0.50,Öncelik sırasına göre değerlendir. Kısmi toparlanma bekleniyor; müdahale kararı bütçeye ve sıraya bağlı.,"Modelin tahminine göre yangın öncesi örtünün %42 kadarı iki yılda geri gelecek. Ne kendi kapanacak kadar iyi ne de acil müdahale gerektirecek kadar kötü — öncelik skoru bu kareyi sıranın neresine koyduğuna bakın. Bu bölgede referans yangınımız az — tahmin belirsizliği diğer bölgelerden yüksek, saha doğrulaması önerilir.",True
MAR_2024_01_002398,DIKIM_ADAYI,DUSUK_GUVEN,0.3199,"meşe, kayın, karaçam",toparlanma=0.32 <0.35,"Aktif dikim adayı. Doğal toparlanma zayıf kalıyor, eğim (3,1°) dikime elverişli.","Modelin tahminine göre yangın öncesi örtünün ancak %32 kadarı iki yılda geri gelecek — kendi başına kapanmayacak bir açık var. Bu bölgede referans yangınımız az — tahmin belirsizliği diğer bölgelerden yüksek, saha doğrulaması önerilir. Yetişme ortamı: Marmara kuşağı, 48 m, düz-hafif eğimli (0–10°). Bu koşullar için önerilen türler: meşe, kayın, karaçam. Tür önerisi sistemin çıkarımı değil, dışarıdan verilen tablodan okunmuştur. Tablo: ÖRNEK TABLO — OGM tür-yetişme ortamı rehberi ile değiştirilecek",True
MAR_2024_01_002399,DIKIM_ADAYI,DUSUK_GUVEN,0.2973,"meşe, kayın, karaçam",toparlanma=0.30 <0.35,"Aktif dikim adayı. Doğal toparlanma zayıf kalıyor, eğim (4,9°) dikime elverişli.","Modelin tahminine göre yangın öncesi örtünün ancak %30 kadarı iki yılda geri gelecek — kendi başına kapanmayacak bir açık var. Bu bölgede referans yangınımız az — tahmin belirsizliği diğer bölgelerden yüksek, saha doğrulaması önerilir. Yetişme ortamı: Marmara kuşağı, 61 m, düz-hafif eğimli (0–10°). Bu koşullar için önerilen türler: meşe, kayın, karaçam. Tür önerisi sistemin çıkarımı değil, dışarıdan verilen tablodan okunmuştur. Tablo: ÖRNEK TABLO — OGM tür-yetişme ortamı rehberi ile değiştirilecek",True
MAR_2024_01_002400,DIKIM_ADAYI,AGIR_YANMIS|DUSUK_GUVEN,0.2707,"meşe, kayın, karaçam",toparlanma=0.27 <0.35,"Aktif dikim adayı. Doğal toparlanma zayıf kalıyor, eğim (5,0°) dikime elverişli.","Modelin tahminine göre yangın öncesi örtünün ancak %27 kadarı iki yılda geri gelecek — kendi başına kapanmayacak bir açık var. Yangın orta-yüksek şiddet sınıfında (dNBR 0,54); toprak yüzeyi büyük olasılıkla açıkta. Bu bölgede referans yangınımız az — tahmin belirsizliği diğer bölgelerden yüksek, saha doğrulaması önerilir. Yetişme ortamı: Marmara kuşağı, 73 m, düz-hafif eğimli (0–10°). Bu koşullar için önerilen türler: meşe, kayın, karaçam. Tür önerisi sistemin çıkarımı değil, dışarıdan verilen tablodan okunmuştur. Tablo: ÖRNEK TABLO — OGM tür-yetişme ortamı rehberi ile değiştirilecek",True
MAR_2024_01_002401,DIKIM_ADAYI,AGIR_YANMIS|DUSUK_GUVEN,0.2737,"meşe, kayın, karaçam",toparlanma=0.27 <0.35,"Aktif dikim adayı. Doğal toparlanma zayıf kalıyor, eğim (5,8°) dikime elverişli.","Modelin tahminine göre yangın öncesi örtünün ancak %27 kadarı iki yılda geri gelecek — kendi başına kapanmayacak bir açık var. Yangın orta-yüksek şiddet sınıfında (dNBR 0,53); toprak yüzeyi büyük olasılıkla açıkta. Bu bölgede referans yangınımız az — tahmin belirsizliği diğer bölgelerden yüksek, saha doğrulaması önerilir. Yetişme ortamı: Marmara kuşağı, 76 m, düz-hafif eğimli (0–10°). Bu koşullar için önerilen türler: meşe, kayın, karaçam. Tür önerisi sistemin çıkarımı değil, dışarıdan verilen tablodan okunmuştur. Tablo: ÖRNEK TABLO — OGM tür-yetişme ortamı rehberi ile değiştirilecek",True
MAR_2024_01_002402,DIKIM_ADAYI,AGIR_YANMIS|DUSUK_GUVEN,0.2539,"meşe, kayın, karaçam",toparlanma=0.25 <0.35,"Aktif dikim adayı. Doğal toparlanma zayıf kalıyor, eğim (10,6°) dikime elverişli.","Modelin tahminine göre yangın öncesi örtünün ancak %25 kadarı iki yılda geri gelecek — kendi başına kapanmayacak bir açık var. Yangın orta-yüksek şiddet sınıfında (dNBR 0,55); toprak yüzeyi büyük olasılıkla açıkta. Bu bölgede referans yangınımız az — tahmin belirsizliği diğer bölgelerden yüksek, saha doğrulaması önerilir. Yetişme ortamı: Marmara kuşağı, 108 m, orta eğimli (10–25°). Bu koşullar için önerilen türler: meşe, kayın, karaçam. Tür önerisi sistemin çıkarımı değil, dışarıdan verilen tablodan okunmuştur. Tablo: ÖRNEK TABLO — OGM tür-yetişme ortamı rehberi ile değiştirilecek",True
MAR_2024_01_002403,DIKIM_ADAYI,AGIR_YANMIS|DUSUK_GUVEN,0.2531,"meşe, kayın, karaçam",toparlanma=0.25 <0.35,"Aktif dikim adayı. Doğal toparlanma zayıf kalıyor, eğim (9,0°) dikime elverişli.","Modelin tahminine göre yangın öncesi örtünün ancak %25 kadarı iki yılda geri gelecek — kendi başına kapanmayacak bir açık var. Yangın orta-yüksek şiddet sınıfında (dNBR 0,62); toprak yüzeyi büyük olasılıkla açıkta. Bu bölgede referans yangınımız az — tahmin belirsizliği diğer bölgelerden yüksek, saha doğrulaması önerilir. Yetişme ortamı: Marmara kuşağı, 143 m, düz-hafif eğimli (0–10°). Bu koşullar için önerilen türler: meşe, kayın, karaçam. Tür önerisi sistemin çıkarımı değil, dışarıdan verilen tablodan okunmuştur. Tablo: ÖRNEK TABLO — OGM tür-yetişme ortamı rehberi ile değiştirilecek",True
MAR_2024_01_002404,DIKIM_ADAYI,AGIR_YANMIS|DUSUK_GUVEN,0.2145,"meşe, kayın, karaçam",toparlanma=0.21 <0.35,"Aktif dikim adayı. Doğal toparlanma zayıf kalıyor, eğim (11,6°) dikime elverişli.","Modelin tahminine göre yangın öncesi örtünün ancak %21 kadarı iki yılda geri gelecek — kendi başına kapanmayacak bir açık var. Yangın orta-yüksek şiddet sınıfında (dNBR 0,55); toprak yüzeyi büyük olasılıkla açıkta. Bu bölgede referans yangınımız az — tahmin belirsizliği diğer bölgelerden yüksek, saha doğrulaması önerilir. Yetişme ortamı: Marmara kuşağı, 174 m, orta eğimli (10–25°). Bu koşullar için önerilen türler: meşe, kayın, karaçam. Tür önerisi sistemin çıkarımı değil, dışarıdan verilen tablodan okunmuştur. Tablo: ÖRNEK TABLO — OGM tür-yetişme ortamı rehberi ile değiştirilecek",True
MAR_2024_01_002405,DIKIM_ADAYI,AGIR_YANMIS|DUSUK_GUVEN,0.2353,"meşe, kayın, karaçam",toparlanma=0.24 <0.35,"Aktif dikim adayı. Doğal toparlanma zayıf kalıyor, eğim (9,6°) dikime elverişli.","Modelin tahminine göre yangın öncesi örtünün ancak %24 kadarı iki yılda geri gelecek — kendi başına kapanmayacak bir açık var. Yangın orta-yüksek şiddet sınıfında (dNBR 0,59); toprak yüzeyi büyük olasılıkla açıkta. Bu bölgede referans yangınımız az — tahmin belirsizliği diğer bölgelerden yüksek, saha doğrulaması önerilir. Yetişme ortamı: Marmara kuşağı, 208 m, düz-hafif eğimli (0–10°). Bu koşullar için önerilen türler: meşe, kayın, karaçam. Tür önerisi sistemin çıkarımı değil, dışarıdan verilen tablodan okunmuştur. Tablo: ÖRNEK TABLO — OGM tür-yetişme ortamı rehberi ile değiştirilecek",True
MAR_2024_01_002406,DIKIM_ADAYI,AGIR_YANMIS|DUSUK_GUVEN,0.2294,"meşe, kayın, karaçam",toparlanma=0.23 <0.35,"Aktif dikim adayı. Doğal toparlanma zayıf kalıyor, eğim (10,7°) dikime elverişli.","Modelin tahminine göre yangın öncesi örtünün ancak %23 kadarı iki yılda geri gelecek — kendi başına kapanmayacak bir açık var. Yangın orta-yüksek şiddet sınıfında (dNBR 0,66); toprak yüzeyi büyük olasılıkla açıkta. Bu bölgede referans yangınımız az — tahmin belirsizliği diğer bölgelerden yüksek, saha doğrulaması önerilir. Yetişme ortamı: Marmara kuşağı, 223 m, orta eğimli (10–25°). Bu koşullar için önerilen türler: meşe, kayın, karaçam. Tür önerisi sistemin çıkarımı değil, dışarıdan verilen tablodan okunmuştur. Tablo: ÖRNEK TABLO — OGM tür-yetişme ortamı rehberi ile değiştirilecek",True
MAR_2024_01_002407,DIKIM_ADAYI,AGIR_YANMIS|DUSUK_GUVEN,0.2276,"meşe, kayın, karaçam",toparlanma=0.23 <0.35,"Aktif dikim adayı. Doğal toparlanma zayıf kalıyor, eğim (12,2°) dikime elverişli.","Modelin tahminine göre yangın öncesi örtünün ancak %23 kadarı iki yılda geri gelecek — kendi başına kapanmayacak bir açık var. Yangın yüksek şiddet sınıfında (dNBR 0,73); toprak yüzeyi büyük olasılıkla açıkta. Bu bölgede referans yangınımız az — tahmin belirsizliği diğer bölgelerden yüksek, saha doğrulaması önerilir. Yetişme ortamı: Marmara kuşağı, 209 m, orta eğimli (10–25°). Bu koşullar için önerilen türler: meşe, kayın, karaçam. Tür önerisi sistemin çıkarımı değil, dışarıdan verilen tablodan okunmuştur. Tablo: ÖRNEK TABLO — OGM tür-yetişme ortamı rehberi ile değiştirilecek",True
MAR_2024_01_002408,DIKIM_ADAYI,AGIR_YANMIS|DUSUK_GUVEN,0.3072,"meşe, kayın, karaçam",toparlanma=0.31 <0.35,"Aktif dikim adayı. Doğal toparlanma zayıf kalıyor, eğim (15,1°) dikime elverişli.","Modelin tahminine göre yangın öncesi örtünün ancak %31 kadarı iki yılda geri gelecek — kendi başına kapanmayacak bir açık var. Yangın orta-yüksek şiddet sınıfında (dNBR 0,55); toprak yüzeyi büyük olasılıkla açıkta. Bu bölgede referans yangınımız az — tahmin belirsizliği diğer bölgelerden yüksek, saha doğrulaması önerilir. Yetişme ortamı: Marmara kuşağı, 230 m, orta eğimli (10–25°). Bu koşullar için önerilen türler: meşe, kayın, karaçam. Tür önerisi sistemin çıkarımı değil, dışarıdan verilen tablodan okunmuştur. Tablo: ÖRNEK TABLO — OGM tür-yetişme ortamı rehberi ile değiştirilecek",True
MAR_2024_01_002409,IZLE,DUSUK_GUVEN,,,prediction_status=low_severity,"İzle, müdahale etme. Yangın bu kareyi ağır yakmamış (düşük şiddet, dNBR 0,20).","Model bu rejimde tahmin üretmiyor. Kendi toparlanması bekleniyor, müdahale listesine alınmıyor. Bu bölgede referans yangınımız az — tahmin belirsizliği diğer bölgelerden yüksek, saha doğrulaması önerilir.",True
MAR_2024_01_002410,IZLE,DUSUK_GUVEN,,,prediction_status=low_severity,"İzle, müdahale etme. Yangın bu kareyi ağır yakmamış (düşük şiddet, dNBR 0,12).","Model bu rejimde tahmin üretmiyor. Kendi toparlanması bekleniyor, müdahale listesine alınmıyor. Bu bölgede referans yangınımız az — tahmin belirsizliği diğer bölgelerden yüksek, saha doğrulaması önerilir.",True
MAR_2024_01_002417,IZLE,ESKIDEN_ORMAN_DEGIL|DUSUK_GUVEN,,,prediction_status=low_severity,"İzle, müdahale etme. Yangın bu kareyi ağır yakmamış (düşük şiddet, dNBR 0,13).","Model bu rejimde tahmin üretmiyor. Kendi toparlanması bekleniyor, müdahale listesine alınmıyor. Yangın öncesi örtü otlak ve çalılık idi; orman kurma değil, mevcut örtünün onarımı düşünülmeli. Bu bölgede referans yangınımız az — tahmin belirsizliği diğer bölgelerden yüksek, saha doğrulaması önerilir.",True
MAR_2024_01_002425,KAPSAM_DISI,,,,land_cover=Tarim,"Ağaçlandırma kapsamı dışı. Bu kare tarım alanı olarak sınıflanmış, orman rehabilitasyonu hedefi değil.",Öncelik sıralamasına dahil edilmiyor.,False
MAR_2024_01_002427,KAPSAM_DISI,,,,land_cover=Tarim,"Ağaçlandırma kapsamı dışı. Bu kare tarım alanı olarak sınıflanmış, orman rehabilitasyonu hedefi değil.",Öncelik sıralamasına dahil edilmiyor.,False
MAR_2024_01_002428,KAPSAM_DISI,,,,land_cover=Tarim,"Ağaçlandırma kapsamı dışı. Bu kare tarım alanı olarak sınıflanmış, orman rehabilitasyonu hedefi değil.",Öncelik sıralamasına dahil edilmiyor.,False
MAR_2024_01_002429,KAPSAM_DISI,,,,land_cover=Tarim,"Ağaçlandırma kapsamı dışı. Bu kare tarım alanı olarak sınıflanmış, orman rehabilitasyonu hedefi değil.",Öncelik sıralamasına dahil edilmiyor.,False
MAR_2024_01_002432,KAPSAM_DISI,,,,land_cover=Tarim,"Ağaçlandırma kapsamı dışı. Bu kare tarım alanı olarak sınıflanmış, orman rehabilitasyonu hedefi değil.",Öncelik sıralamasına dahil edilmiyor.,False
MAR_2024_01_002433,KAPSAM_DISI,,,,land_cover=Tarim,"Ağaçlandırma kapsamı dışı. Bu kare tarım alanı olarak sınıflanmış, orman rehabilitasyonu hedefi değil.",Öncelik sıralamasına dahil edilmiyor.,False
MAR_2024_01_002434,KAPSAM_DISI,,,,land_cover=Tarim,"Ağaçlandırma kapsamı dışı. Bu kare tarım alanı olarak sınıflanmış, orman rehabilitasyonu hedefi değil.",Öncelik sıralamasına dahil edilmiyor.,False
MAR_2024_01_002439,KAPSAM_DISI,,,,land_cover=Tarim,"Ağaçlandırma kapsamı dışı. Bu kare tarım alanı olarak sınıflanmış, orman rehabilitasyonu hedefi değil.",Öncelik sıralamasına dahil edilmiyor.,False
MAR_2024_01_002457,KAPSAM_DISI,,,,land_cover=Tarim,"Ağaçlandırma kapsamı dışı. Bu kare tarım alanı olarak sınıflanmış, orman rehabilitasyonu hedefi değil.",Öncelik sıralamasına dahil edilmiyor.,False
MAR_2024_01_002458,KAPSAM_DISI,,,,land_cover=Tarim,"Ağaçlandırma kapsamı dışı. Bu kare tarım alanı olarak sınıflanmış, orman rehabilitasyonu hedefi değil.",Öncelik sıralamasına dahil edilmiyor.,False
MAR_2024_01_002459,KAPSAM_DISI,,,,land_cover=Tarim,"Ağaçlandırma kapsamı dışı. Bu kare tarım alanı olarak sınıflanmış, orman rehabilitasyonu hedefi değil.",Öncelik sıralamasına dahil edilmiyor.,False
MAR_2024_01_002460,ONCELIGE_GORE,DUSUK_GUVEN,0.3525,,toparlanma=0.35 0.35..0.50,Öncelik sırasına göre değerlendir. Kısmi toparlanma bekleniyor; müdahale kararı bütçeye ve sıraya bağlı.,"Modelin tahminine göre yangın öncesi örtünün %35 kadarı iki yılda geri gelecek. Ne kendi kapanacak kadar iyi ne de acil müdahale gerektirecek kadar kötü — öncelik skoru bu kareyi sıranın neresine koyduğuna bakın. Bu bölgede referans yangınımız az — tahmin belirsizliği diğer bölgelerden yüksek, saha doğrulaması önerilir.",True
MAR_2024_01_002461,DIKIM_ADAYI,AGIR_YANMIS|DUSUK_GUVEN,0.2698,"meşe, kayın, karaçam",toparlanma=0.27 <0.35,"Aktif dikim adayı. Doğal toparlanma zayıf kalıyor, eğim (5,0°) dikime elverişli.","Modelin tahminine göre yangın öncesi örtünün ancak %27 kadarı iki yılda geri gelecek — kendi başına kapanmayacak bir açık var. Yangın orta-yüksek şiddet sınıfında (dNBR 0,55); toprak yüzeyi büyük olasılıkla açıkta. Bu bölgede referans yangınımız az — tahmin belirsizliği diğer bölgelerden yüksek, saha doğrulaması önerilir. Yetişme ortamı: Marmara kuşağı, 46 m, düz-hafif eğimli (0–10°). Bu koşullar için önerilen türler: meşe, kayın, karaçam. Tür önerisi sistemin çıkarımı değil, dışarıdan verilen tablodan okunmuştur. Tablo: ÖRNEK TABLO — OGM tür-yetişme ortamı rehberi ile değiştirilecek",True
MAR_2024_01_002462,DIKIM_ADAYI,AGIR_YANMIS|DUSUK_GUVEN,0.2641,"meşe, kayın, karaçam",toparlanma=0.26 <0.35,"Aktif dikim adayı. Doğal toparlanma zayıf kalıyor, eğim (5,1°) dikime elverişli.","Modelin tahminine göre yangın öncesi örtünün ancak %26 kadarı iki yılda geri gelecek — kendi başına kapanmayacak bir açık var. Yangın orta-yüksek şiddet sınıfında (dNBR 0,59); toprak yüzeyi büyük olasılıkla açıkta. Bu bölgede referans yangınımız az — tahmin belirsizliği diğer bölgelerden yüksek, saha doğrulaması önerilir. Yetişme ortamı: Marmara kuşağı, 44 m, düz-hafif eğimli (0–10°). Bu koşullar için önerilen türler: meşe, kayın, karaçam. Tür önerisi sistemin çıkarımı değil, dışarıdan verilen tablodan okunmuştur. Tablo: ÖRNEK TABLO — OGM tür-yetişme ortamı rehberi ile değiştirilecek",True
MAR_2024_01_002463,IZLE,DUSUK_GUVEN,,,prediction_status=low_severity,"İzle, müdahale etme. Yangın bu kareyi ağır yakmamış (orta-düşük şiddet, dNBR 0,33).","Model bu rejimde tahmin üretmiyor. Kendi toparlanması bekleniyor, müdahale listesine alınmıyor. Bu bölgede referans yangınımız az — tahmin belirsizliği diğer bölgelerden yüksek, saha doğrulaması önerilir.",True
MAR_2024_01_002464,IZLE,DUSUK_GUVEN,,,prediction_status=low_severity,"İzle, müdahale etme. Yangın bu kareyi ağır yakmamış (orta-düşük şiddet, dNBR 0,33).","Model bu rejimde tahmin üretmiyor. Kendi toparlanması bekleniyor, müdahale listesine alınmıyor. Bu bölgede referans yangınımız az — tahmin belirsizliği diğer bölgelerden yüksek, saha doğrulaması önerilir.",True
MAR_2024_01_002465,ONCELIGE_GORE,DUSUK_GUVEN,0.3735,,toparlanma=0.37 0.35..0.50,Öncelik sırasına göre değerlendir. Kısmi toparlanma bekleniyor; müdahale kararı bütçeye ve sıraya bağlı.,"Modelin tahminine göre yangın öncesi örtünün %37 kadarı iki yılda geri gelecek. Ne kendi kapanacak kadar iyi ne de acil müdahale gerektirecek kadar kötü — öncelik skoru bu kareyi sıranın neresine koyduğuna bakın. Bu bölgede referans yangınımız az — tahmin belirsizliği diğer bölgelerden yüksek, saha doğrulaması önerilir.",True
MAR_2024_01_002466,DIKIM_ADAYI,AGIR_YANMIS|DUSUK_GUVEN,0.2911,"meşe, kayın, karaçam",toparlanma=0.29 <0.35,"Aktif dikim adayı. Doğal toparlanma zayıf kalıyor, eğim (6,1°) dikime elverişli.","Modelin tahminine göre yangın öncesi örtünün ancak %29 kadarı iki yılda geri gelecek — kendi başına kapanmayacak bir açık var. Yangın orta-yüksek şiddet sınıfında (dNBR 0,60); toprak yüzeyi büyük olasılıkla açıkta. Bu bölgede referans yangınımız az — tahmin belirsizliği diğer bölgelerden yüksek, saha doğrulaması önerilir. Yetişme ortamı: Marmara kuşağı, 69 m, düz-hafif eğimli (0–10°). Bu koşullar için önerilen türler: meşe, kayın, karaçam. Tür önerisi sistemin çıkarımı değil, dışarıdan verilen tablodan okunmuştur. Tablo: ÖRNEK TABLO — OGM tür-yetişme ortamı rehberi ile değiştirilecek",True
MAR_2024_01_002467,DIKIM_ADAYI,AGIR_YANMIS|DUSUK_GUVEN,0.2717,"meşe, kayın, karaçam",toparlanma=0.27 <0.35,"Aktif dikim adayı. Doğal toparlanma zayıf kalıyor, eğim (6,5°) dikime elverişli.","Modelin tahminine göre yangın öncesi örtünün ancak %27 kadarı iki yılda geri gelecek — kendi başına kapanmayacak bir açık var. Yangın orta-yüksek şiddet sınıfında (dNBR 0,62); toprak yüzeyi büyük olasılıkla açıkta. Bu bölgede referans yangınımız az — tahmin belirsizliği diğer bölgelerden yüksek, saha doğrulaması önerilir. Yetişme ortamı: Marmara kuşağı, 81 m, düz-hafif eğimli (0–10°). Bu koşullar için önerilen türler: meşe, kayın, karaçam. Tür önerisi sistemin çıkarımı değil, dışarıdan verilen tablodan okunmuştur. Tablo: ÖRNEK TABLO — OGM tür-yetişme ortamı rehberi ile değiştirilecek",True
MAR_2024_01_002468,DIKIM_ADAYI,AGIR_YANMIS|DUSUK_GUVEN,0.2545,"meşe, kayın, karaçam",toparlanma=0.25 <0.35,"Aktif dikim adayı. Doğal toparlanma zayıf kalıyor, eğim (9,5°) dikime elverişli.","Modelin tahminine göre yangın öncesi örtünün ancak %25 kadarı iki yılda geri gelecek — kendi başına kapanmayacak bir açık var. Yangın yüksek şiddet sınıfında (dNBR 0,66); toprak yüzeyi büyük olasılıkla açıkta. Bu bölgede referans yangınımız az — tahmin belirsizliği diğer bölgelerden yüksek, saha doğrulaması önerilir. Yetişme ortamı: Marmara kuşağı, 102 m, düz-hafif eğimli (0–10°). Bu koşullar için önerilen türler: meşe, kayın, karaçam. Tür önerisi sistemin çıkarımı değil, dışarıdan verilen tablodan okunmuştur. Tablo: ÖRNEK TABLO — OGM tür-yetişme ortamı rehberi ile değiştirilecek",True
MAR_2024_01_002469,DIKIM_ADAYI,AGIR_YANMIS|DUSUK_GUVEN,0.2128,"meşe, kayın, karaçam",toparlanma=0.21 <0.35,"Aktif dikim adayı. Doğal toparlanma zayıf kalıyor, eğim (15,9°) dikime elverişli.","Modelin tahminine göre yangın öncesi örtünün ancak %21 kadarı iki yılda geri gelecek — kendi başına kapanmayacak bir açık var. Yangın yüksek şiddet sınıfında (dNBR 0,67); toprak yüzeyi büyük olasılıkla açıkta. Bu bölgede referans yangınımız az — tahmin belirsizliği diğer bölgelerden yüksek, saha doğrulaması önerilir. Yetişme ortamı: Marmara kuşağı, 140 m, orta eğimli (10–25°). Bu koşullar için önerilen türler: meşe, kayın, karaçam. Tür önerisi sistemin çıkarımı değil, dışarıdan verilen tablodan okunmuştur. Tablo: ÖRNEK TABLO — OGM tür-yetişme ortamı rehberi ile değiştirilecek",True
MAR_2024_01_002470,DIKIM_ADAYI,AGIR_YANMIS|DUSUK_GUVEN,0.1881,"meşe, kayın, karaçam",toparlanma=0.19 <0.35,"Aktif dikim adayı. Doğal toparlanma zayıf kalıyor, eğim (15,4°) dikime elverişli.","Modelin tahminine göre yangın öncesi örtünün ancak %19 kadarı iki yılda geri gelecek — kendi başına kapanmayacak bir açık var. Yangın orta-yüksek şiddet sınıfında (dNBR 0,55); toprak yüzeyi büyük olasılıkla açıkta. Bu bölgede referans yangınımız az — tahmin belirsizliği diğer bölgelerden yüksek, saha doğrulaması önerilir. Yetişme ortamı: Marmara kuşağı, 203 m, orta eğimli (10–25°). Bu koşullar için önerilen türler: meşe, kayın, karaçam. Tür önerisi sistemin çıkarımı değil, dışarıdan verilen tablodan okunmuştur. Tablo: ÖRNEK TABLO — OGM tür-yetişme ortamı rehberi ile değiştirilecek",True
MAR_2024_01_002471,DIKIM_ADAYI,AGIR_YANMIS|DUSUK_GUVEN,0.1952,"meşe, kayın, karaçam",toparlanma=0.20 <0.35,"Aktif dikim adayı. Doğal toparlanma zayıf kalıyor, eğim (11,9°) dikime elverişli.","Modelin tahminine göre yangın öncesi örtünün ancak %20 kadarı iki yılda geri gelecek — kendi başına kapanmayacak bir açık var. Yangın orta-yüksek şiddet sınıfında (dNBR 0,53); toprak yüzeyi büyük olasılıkla açıkta. Bu bölgede referans yangınımız az — tahmin belirsizliği diğer bölgelerden yüksek, saha doğrulaması önerilir. Yetişme ortamı: Marmara kuşağı, 244 m, orta eğimli (10–25°). Bu koşullar için önerilen türler: meşe, kayın, karaçam. Tür önerisi sistemin çıkarımı değil, dışarıdan verilen tablodan okunmuştur. Tablo: ÖRNEK TABLO — OGM tür-yetişme ortamı rehberi ile değiştirilecek",True
MAR_2024_01_002472,DIKIM_ADAYI,AGIR_YANMIS|DUSUK_GUVEN,0.2465,"meşe, kayın, karaçam",toparlanma=0.25 <0.35,"Aktif dikim adayı. Doğal toparlanma zayıf kalıyor, eğim (10,2°) dikime elverişli.","Modelin tahminine göre yangın öncesi örtünün ancak %25 kadarı iki yılda geri gelecek — kendi başına kapanmayacak bir açık var. Yangın orta-yüksek şiddet sınıfında (dNBR 0,54); toprak yüzeyi büyük olasılıkla açıkta. Bu bölgede referans yangınımız az — tahmin belirsizliği diğer bölgelerden yüksek, saha doğrulaması önerilir. Yetişme ortamı: Marmara kuşağı, 271 m, orta eğimli (10–25°). Bu koşullar için önerilen türler: meşe, kayın, karaçam. Tür önerisi sistemin çıkarımı değil, dışarıdan verilen tablodan okunmuştur. Tablo: ÖRNEK TABLO — OGM tür-yetişme ortamı rehberi ile değiştirilecek",True
MAR_2024_01_002473,DIKIM_ADAYI,AGIR_YANMIS|DUSUK_GUVEN,0.292,"meşe, kayın, karaçam",toparlanma=0.29 <0.35,"Aktif dikim adayı. Doğal toparlanma zayıf kalıyor, eğim (9,3°) dikime elverişli.","Modelin tahminine göre yangın öncesi örtünün ancak %29 kadarı iki yılda geri gelecek — kendi başına kapanmayacak bir açık var. Yangın orta-yüksek şiddet sınıfında (dNBR 0,55); toprak yüzeyi büyük olasılıkla açıkta. Bu bölgede referans yangınımız az — tahmin belirsizliği diğer bölgelerden yüksek, saha doğrulaması önerilir. Yetişme ortamı: Marmara kuşağı, 264 m, düz-hafif eğimli (0–10°). Bu koşullar için önerilen türler: meşe, kayın, karaçam. Tür önerisi sistemin çıkarımı değil, dışarıdan verilen tablodan okunmuştur. Tablo: ÖRNEK TABLO — OGM tür-yetişme ortamı rehberi ile değiştirilecek",True
MAR_2024_01_002474,IZLE,DUSUK_GUVEN,,,prediction_status=low_severity,"İzle, müdahale etme. Yangın bu kareyi ağır yakmamış (düşük şiddet, dNBR 0,13).","Model bu rejimde tahmin üretmiyor. Kendi toparlanması bekleniyor, müdahale listesine alınmıyor. Bu bölgede referans yangınımız az — tahmin belirsizliği diğer bölgelerden yüksek, saha doğrulaması önerilir.",True
MAR_2024_01_002483,KAPSAM_DISI,,,,land_cover=Tarim,"Ağaçlandırma kapsamı dışı. Bu kare tarım alanı olarak sınıflanmış, orman rehabilitasyonu hedefi değil.",Öncelik sıralamasına dahil edilmiyor.,False
MAR_2024_01_002498,KAPSAM_DISI,,,,land_cover=Tarim,"Ağaçlandırma kapsamı dışı. Bu kare tarım alanı olarak sınıflanmış, orman rehabilitasyonu hedefi değil.",Öncelik sıralamasına dahil edilmiyor.,False
MAR_2024_01_002499,KAPSAM_DISI,,,,land_cover=Tarim,"Ağaçlandırma kapsamı dışı. Bu kare tarım alanı olarak sınıflanmış, orman rehabilitasyonu hedefi değil.",Öncelik sıralamasına dahil edilmiyor.,False
MAR_2024_01_002500,KAPSAM_DISI,,,,land_cover=Tarim,"Ağaçlandırma kapsamı dışı. Bu kare tarım alanı olarak sınıflanmış, orman rehabilitasyonu hedefi değil.",Öncelik sıralamasına dahil edilmiyor.,False
MAR_2024_01_002503,KAPSAM_DISI,,,,land_cover=Yerlesim,"Ağaçlandırma kapsamı dışı. Bu kare yerleşim alanı olarak sınıflanmış, orman rehabilitasyonu hedefi değil.",Öncelik sıralamasına dahil edilmiyor.,False
MAR_2024_01_002505,KAPSAM_DISI,,,,land_cover=Tarim,"Ağaçlandırma kapsamı dışı. Bu kare tarım alanı olarak sınıflanmış, orman rehabilitasyonu hedefi değil.",Öncelik sıralamasına dahil edilmiyor.,False
MAR_2024_01_002506,KAPSAM_DISI,,,,land_cover=Tarim,"Ağaçlandırma kapsamı dışı. Bu kare tarım alanı olarak sınıflanmış, orman rehabilitasyonu hedefi değil.",Öncelik sıralamasına dahil edilmiyor.,False
MAR_2024_01_002525,KAPSAM_DISI,,,,land_cover=Tarim,"Ağaçlandırma kapsamı dışı. Bu kare tarım alanı olarak sınıflanmış, orman rehabilitasyonu hedefi değil.",Öncelik sıralamasına dahil edilmiyor.,False
MAR_2024_01_002526,IZLE,DUSUK_GUVEN,,,prediction_status=low_severity,"İzle, müdahale etme. Yangın bu kareyi ağır yakmamış (orta-düşük şiddet, dNBR 0,33).","Model bu rejimde tahmin üretmiyor. Kendi toparlanması bekleniyor, müdahale listesine alınmıyor. Bu bölgede referans yangınımız az — tahmin belirsizliği diğer bölgelerden yüksek, saha doğrulaması önerilir.",True
MAR_2024_01_002527,DIKIM_ADAYI,AGIR_YANMIS|DUSUK_GUVEN,0.2821,"meşe, kayın, karaçam",toparlanma=0.28 <0.35,"Aktif dikim adayı. Doğal toparlanma zayıf kalıyor, eğim (5,5°) dikime elverişli.","Modelin tahminine göre yangın öncesi örtünün ancak %28 kadarı iki yılda geri gelecek — kendi başına kapanmayacak bir açık var. Yangın orta-yüksek şiddet sınıfında (dNBR 0,45); toprak yüzeyi büyük olasılıkla açıkta. Bu bölgede referans yangınımız az — tahmin belirsizliği diğer bölgelerden yüksek, saha doğrulaması önerilir. Yetişme ortamı: Marmara kuşağı, 51 m, düz-hafif eğimli (0–10°). Bu koşullar için önerilen türler: meşe, kayın, karaçam. Tür önerisi sistemin çıkarımı değil, dışarıdan verilen tablodan okunmuştur. Tablo: ÖRNEK TABLO — OGM tür-yetişme ortamı rehberi ile değiştirilecek",True
MAR_2024_01_002528,DIKIM_ADAYI,AGIR_YANMIS|DUSUK_GUVEN,0.2915,"meşe, kayın, karaçam",toparlanma=0.29 <0.35,"Aktif dikim adayı. Doğal toparlanma zayıf kalıyor, eğim (5,9°) dikime elverişli.","Modelin tahminine göre yangın öncesi örtünün ancak %29 kadarı iki yılda geri gelecek — kendi başına kapanmayacak bir açık var. Yangın orta-yüksek şiddet sınıfında (dNBR 0,49); toprak yüzeyi büyük olasılıkla açıkta. Bu bölgede referans yangınımız az — tahmin belirsizliği diğer bölgelerden yüksek, saha doğrulaması önerilir. Yetişme ortamı: Marmara kuşağı, 67 m, düz-hafif eğimli (0–10°). Bu koşullar için önerilen türler: meşe, kayın, karaçam. Tür önerisi sistemin çıkarımı değil, dışarıdan verilen tablodan okunmuştur. Tablo: ÖRNEK TABLO — OGM tür-yetişme ortamı rehberi ile değiştirilecek",True
MAR_2024_01_002529,DIKIM_ADAYI,DUSUK_GUVEN,0.3485,"meşe, kayın, karaçam",toparlanma=0.35 <0.35,"Aktif dikim adayı. Doğal toparlanma zayıf kalıyor, eğim (5,1°) dikime elverişli.","Modelin tahminine göre yangın öncesi örtünün ancak %35 kadarı iki yılda geri gelecek — kendi başına kapanmayacak bir açık var. Bu bölgede referans yangınımız az — tahmin belirsizliği diğer bölgelerden yüksek, saha doğrulaması önerilir. Yetişme ortamı: Marmara kuşağı, 64 m, düz-hafif eğimli (0–10°). Bu koşullar için önerilen türler: meşe, kayın, karaçam. Tür önerisi sistemin çıkarımı değil, dışarıdan verilen tablodan okunmuştur. Tablo: ÖRNEK TABLO — OGM tür-yetişme ortamı rehberi ile değiştirilecek",True
MAR_2024_01_002530,DIKIM_ADAYI,AGIR_YANMIS|DUSUK_GUVEN,0.3431,"meşe, kayın, karaçam",toparlanma=0.34 <0.35,"Aktif dikim adayı. Doğal toparlanma zayıf kalıyor, eğim (4,7°) dikime elverişli.","Modelin tahminine göre yangın öncesi örtünün ancak %34 kadarı iki yılda geri gelecek — kendi başına kapanmayacak bir açık var. Yangın orta-yüksek şiddet sınıfında (dNBR 0,45); toprak yüzeyi büyük olasılıkla açıkta. Bu bölgede referans yangınımız az — tahmin belirsizliği diğer bölgelerden yüksek, saha doğrulaması önerilir. Yetişme ortamı: Marmara kuşağı, 58 m, düz-hafif eğimli (0–10°). Bu koşullar için önerilen türler: meşe, kayın, karaçam. Tür önerisi sistemin çıkarımı değil, dışarıdan verilen tablodan okunmuştur. Tablo: ÖRNEK TABLO — OGM tür-yetişme ortamı rehberi ile değiştirilecek",True
MAR_2024_01_002531,DIKIM_ADAYI,AGIR_YANMIS|DUSUK_GUVEN,0.2827,"meşe, kayın, karaçam",toparlanma=0.28 <0.35,"Aktif dikim adayı. Doğal toparlanma zayıf kalıyor, eğim (5,5°) dikime elverişli.","Modelin tahminine göre yangın öncesi örtünün ancak %28 kadarı iki yılda geri gelecek — kendi başına kapanmayacak bir açık var. Yangın orta-yüksek şiddet sınıfında (dNBR 0,50); toprak yüzeyi büyük olasılıkla açıkta. Bu bölgede referans yangınımız az — tahmin belirsizliği diğer bölgelerden yüksek, saha doğrulaması önerilir. Yetişme ortamı: Marmara kuşağı, 64 m, düz-hafif eğimli (0–10°). Bu koşullar için önerilen türler: meşe, kayın, karaçam. Tür önerisi sistemin çıkarımı değil, dışarıdan verilen tablodan okunmuştur. Tablo: ÖRNEK TABLO — OGM tür-yetişme ortamı rehberi ile değiştirilecek",True
MAR_2024_01_002532,DIKIM_ADAYI,AGIR_YANMIS|DUSUK_GUVEN,0.2586,"meşe, kayın, karaçam",toparlanma=0.26 <0.35,"Aktif dikim adayı. Doğal toparlanma zayıf kalıyor, eğim (7,9°) dikime elverişli.","Modelin tahminine göre yangın öncesi örtünün ancak %26 kadarı iki yılda geri gelecek — kendi başına kapanmayacak bir açık var. Yangın orta-yüksek şiddet sınıfında (dNBR 0,62); toprak yüzeyi büyük olasılıkla açıkta. Bu bölgede referans yangınımız az — tahmin belirsizliği diğer bölgelerden yüksek, saha doğrulaması önerilir. Yetişme ortamı: Marmara kuşağı, 88 m, düz-hafif eğimli (0–10°). Bu koşullar için önerilen türler: meşe, kayın, karaçam. Tür önerisi sistemin çıkarımı değil, dışarıdan verilen tablodan okunmuştur. Tablo: ÖRNEK TABLO — OGM tür-yetişme ortamı rehberi ile değiştirilecek",True
MAR_2024_01_002533,DIKIM_ADAYI,AGIR_YANMIS|DUSUK_GUVEN,0.239,"meşe, kayın, karaçam",toparlanma=0.24 <0.35,"Aktif dikim adayı. Doğal toparlanma zayıf kalıyor, eğim (11,2°) dikime elverişli.","Modelin tahminine göre yangın öncesi örtünün ancak %24 kadarı iki yılda geri gelecek — kendi başına kapanmayacak bir açık var. Yangın yüksek şiddet sınıfında (dNBR 0,69); toprak yüzeyi büyük olasılıkla açıkta. Bu bölgede referans yangınımız az — tahmin belirsizliği diğer bölgelerden yüksek, saha doğrulaması önerilir. Yetişme ortamı: Marmara kuşağı, 114 m, orta eğimli (10–25°). Bu koşullar için önerilen türler: meşe, kayın, karaçam. Tür önerisi sistemin çıkarımı değil, dışarıdan verilen tablodan okunmuştur. Tablo: ÖRNEK TABLO — OGM tür-yetişme ortamı rehberi ile değiştirilecek",True
MAR_2024_01_002534,DIKIM_ADAYI,AGIR_YANMIS|DUSUK_GUVEN,0.2143,"meşe, kayın, karaçam",toparlanma=0.21 <0.35,"Aktif dikim adayı. Doğal toparlanma zayıf kalıyor, eğim (15,7°) dikime elverişli.","Modelin tahminine göre yangın öncesi örtünün ancak %21 kadarı iki yılda geri gelecek — kendi başına kapanmayacak bir açık var. Yangın yüksek şiddet sınıfında (dNBR 0,70); toprak yüzeyi büyük olasılıkla açıkta. Bu bölgede referans yangınımız az — tahmin belirsizliği diğer bölgelerden yüksek, saha doğrulaması önerilir. Yetişme ortamı: Marmara kuşağı, 148 m, orta eğimli (10–25°). Bu koşullar için önerilen türler: meşe, kayın, karaçam. Tür önerisi sistemin çıkarımı değil, dışarıdan verilen tablodan okunmuştur. Tablo: ÖRNEK TABLO — OGM tür-yetişme ortamı rehberi ile değiştirilecek",True
MAR_2024_01_002535,DIKIM_ADAYI,AGIR_YANMIS|DUSUK_GUVEN,0.1946,"meşe, kayın, karaçam",toparlanma=0.19 <0.35,"Aktif dikim adayı. Doğal toparlanma zayıf kalıyor, eğim (20,6°) dikime elverişli.","Modelin tahminine göre yangın öncesi örtünün ancak %19 kadarı iki yılda geri gelecek — kendi başına kapanmayacak bir açık var. Yangın yüksek şiddet sınıfında (dNBR 0,67); toprak yüzeyi büyük olasılıkla açıkta. Bu bölgede referans yangınımız az — tahmin belirsizliği diğer bölgelerden yüksek, saha doğrulaması önerilir. Yetişme ortamı: Marmara kuşağı, 196 m, orta eğimli (10–25°). Bu koşullar için önerilen türler: meşe, kayın, karaçam. Tür önerisi sistemin çıkarımı değil, dışarıdan verilen tablodan okunmuştur. Tablo: ÖRNEK TABLO — OGM tür-yetişme ortamı rehberi ile değiştirilecek",True
MAR_2024_01_002536,DIKIM_ADAYI,AGIR_YANMIS|DUSUK_GUVEN,0.2434,"meşe, kayın, karaçam",toparlanma=0.24 <0.35,"Aktif dikim adayı. Doğal toparlanma zayıf kalıyor, eğim (11,1°) dikime elverişli.","Modelin tahminine göre yangın öncesi örtünün ancak %24 kadarı iki yılda geri gelecek — kendi başına kapanmayacak bir açık var. Yangın orta-yüksek şiddet sınıfında (dNBR 0,58); toprak yüzeyi büyük olasılıkla açıkta. Bu bölgede referans yangınımız az — tahmin belirsizliği diğer bölgelerden yüksek, saha doğrulaması önerilir. Yetişme ortamı: Marmara kuşağı, 252 m, orta eğimli (10–25°). Bu koşullar için önerilen türler: meşe, kayın, karaçam. Tür önerisi sistemin çıkarımı değil, dışarıdan verilen tablodan okunmuştur. Tablo: ÖRNEK TABLO — OGM tür-yetişme ortamı rehberi ile değiştirilecek",True
MAR_2024_01_002537,IZLE,DUSUK_GUVEN,,,prediction_status=low_severity,"İzle, müdahale etme. Yangın bu kareyi ağır yakmamış (orta-düşük şiddet, dNBR 0,29).","Model bu rejimde tahmin üretmiyor. Kendi toparlanması bekleniyor, müdahale listesine alınmıyor. Bu bölgede referans yangınımız az — tahmin belirsizliği diğer bölgelerden yüksek, saha doğrulaması önerilir.",True
MAR_2024_01_002549,KAPSAM_DISI,,,,land_cover=Tarim,"Ağaçlandırma kapsamı dışı. Bu kare tarım alanı olarak sınıflanmış, orman rehabilitasyonu hedefi değil.",Öncelik sıralamasına dahil edilmiyor.,False
MAR_2024_01_002560,KAPSAM_DISI,,,,land_cover=Tarim,"Ağaçlandırma kapsamı dışı. Bu kare tarım alanı olarak sınıflanmış, orman rehabilitasyonu hedefi değil.",Öncelik sıralamasına dahil edilmiyor.,False
MAR_2024_01_002561,KAPSAM_DISI,,,,land_cover=Tarim,"Ağaçlandırma kapsamı dışı. Bu kare tarım alanı olarak sınıflanmış, orman rehabilitasyonu hedefi değil.",Öncelik sıralamasına dahil edilmiyor.,False
MAR_2024_01_002562,KAPSAM_DISI,,,,land_cover=Tarim,"Ağaçlandırma kapsamı dışı. Bu kare tarım alanı olarak sınıflanmış, orman rehabilitasyonu hedefi değil.",Öncelik sıralamasına dahil edilmiyor.,False
MAR_2024_01_002563,KAPSAM_DISI,,,,land_cover=Tarim,"Ağaçlandırma kapsamı dışı. Bu kare tarım alanı olarak sınıflanmış, orman rehabilitasyonu hedefi değil.",Öncelik sıralamasına dahil edilmiyor.,False
MAR_2024_01_002565,KAPSAM_DISI,,,,land_cover=Tarim,"Ağaçlandırma kapsamı dışı. Bu kare tarım alanı olarak sınıflanmış, orman rehabilitasyonu hedefi değil.",Öncelik sıralamasına dahil edilmiyor.,False
MAR_2024_01_002566,KAPSAM_DISI,,,,land_cover=Tarim,"Ağaçlandırma kapsamı dışı. Bu kare tarım alanı olarak sınıflanmış, orman rehabilitasyonu hedefi değil.",Öncelik sıralamasına dahil edilmiyor.,False
MAR_2024_01_002567,KAPSAM_DISI,,,,land_cover=Tarim,"Ağaçlandırma kapsamı dışı. Bu kare tarım alanı olarak sınıflanmış, orman rehabilitasyonu hedefi değil.",Öncelik sıralamasına dahil edilmiyor.,False
MAR_2024_01_002568,KAPSAM_DISI,,,,land_cover=Tarim,"Ağaçlandırma kapsamı dışı. Bu kare tarım alanı olarak sınıflanmış, orman rehabilitasyonu hedefi değil.",Öncelik sıralamasına dahil edilmiyor.,False
MAR_2024_01_002569,KAPSAM_DISI,,,,land_cover=Tarim,"Ağaçlandırma kapsamı dışı. Bu kare tarım alanı olarak sınıflanmış, orman rehabilitasyonu hedefi değil.",Öncelik sıralamasına dahil edilmiyor.,False
MAR_2024_01_002570,KAPSAM_DISI,,,,land_cover=Tarim,"Ağaçlandırma kapsamı dışı. Bu kare tarım alanı olarak sınıflanmış, orman rehabilitasyonu hedefi değil.",Öncelik sıralamasına dahil edilmiyor.,False
MAR_2024_01_002571,KAPSAM_DISI,,,,land_cover=Tarim,"Ağaçlandırma kapsamı dışı. Bu kare tarım alanı olarak sınıflanmış, orman rehabilitasyonu hedefi değil.",Öncelik sıralamasına dahil edilmiyor.,False
MAR_2024_01_002572,KAPSAM_DISI,,,,land_cover=Tarim,"Ağaçlandırma kapsamı dışı. Bu kare tarım alanı olarak sınıflanmış, orman rehabilitasyonu hedefi değil.",Öncelik sıralamasına dahil edilmiyor.,False
MAR_2024_01_002591,KAPSAM_DISI,,,,land_cover=Tarim,"Ağaçlandırma kapsamı dışı. Bu kare tarım alanı olarak sınıflanmış, orman rehabilitasyonu hedefi değil.",Öncelik sıralamasına dahil edilmiyor.,False
MAR_2024_01_002592,ONCELIGE_GORE,DUSUK_GUVEN,0.3798,,toparlanma=0.38 0.35..0.50,Öncelik sırasına göre değerlendir. Kısmi toparlanma bekleniyor; müdahale kararı bütçeye ve sıraya bağlı.,"Modelin tahminine göre yangın öncesi örtünün %38 kadarı iki yılda geri gelecek. Ne kendi kapanacak kadar iyi ne de acil müdahale gerektirecek kadar kötü — öncelik skoru bu kareyi sıranın neresine koyduğuna bakın. Bu bölgede referans yangınımız az — tahmin belirsizliği diğer bölgelerden yüksek, saha doğrulaması önerilir.",True
MAR_2024_01_002593,DIKIM_ADAYI,DUSUK_GUVEN,0.3292,"meşe, kayın, karaçam",toparlanma=0.33 <0.35,"Aktif dikim adayı. Doğal toparlanma zayıf kalıyor, eğim (6,1°) dikime elverişli.","Modelin tahminine göre yangın öncesi örtünün ancak %33 kadarı iki yılda geri gelecek — kendi başına kapanmayacak bir açık var. Bu bölgede referans yangınımız az — tahmin belirsizliği diğer bölgelerden yüksek, saha doğrulaması önerilir. Yetişme ortamı: Marmara kuşağı, 33 m, düz-hafif eğimli (0–10°). Bu koşullar için önerilen türler: meşe, kayın, karaçam. Tür önerisi sistemin çıkarımı değil, dışarıdan verilen tablodan okunmuştur. Tablo: ÖRNEK TABLO — OGM tür-yetişme ortamı rehberi ile değiştirilecek",True
MAR_2024_01_002594,DIKIM_ADAYI,DUSUK_GUVEN,0.3408,"meşe, kayın, karaçam",toparlanma=0.34 <0.35,"Aktif dikim adayı. Doğal toparlanma zayıf kalıyor, eğim (7,6°) dikime elverişli.","Modelin tahminine göre yangın öncesi örtünün ancak %34 kadarı iki yılda geri gelecek — kendi başına kapanmayacak bir açık var. Bu bölgede referans yangınımız az — tahmin belirsizliği diğer bölgelerden yüksek, saha doğrulaması önerilir. Yetişme ortamı: Marmara kuşağı, 46 m, düz-hafif eğimli (0–10°). Bu koşullar için önerilen türler: meşe, kayın, karaçam. Tür önerisi sistemin çıkarımı değil, dışarıdan verilen tablodan okunmuştur. Tablo: ÖRNEK TABLO — OGM tür-yetişme ortamı rehberi ile değiştirilecek",True
MAR_2024_01_002595,DIKIM_ADAYI,AGIR_YANMIS|DUSUK_GUVEN,0.2905,"meşe, kayın, karaçam",toparlanma=0.29 <0.35,"Aktif dikim adayı. Doğal toparlanma zayıf kalıyor, eğim (6,5°) dikime elverişli.","Modelin tahminine göre yangın öncesi örtünün ancak %29 kadarı iki yılda geri gelecek — kendi başına kapanmayacak bir açık var. Yangın orta-yüksek şiddet sınıfında (dNBR 0,53); toprak yüzeyi büyük olasılıkla açıkta. Bu bölgede referans yangınımız az — tahmin belirsizliği diğer bölgelerden yüksek, saha doğrulaması önerilir. Yetişme ortamı: Marmara kuşağı, 52 m, düz-hafif eğimli (0–10°). Bu koşullar için önerilen türler: meşe, kayın, karaçam. Tür önerisi sistemin çıkarımı değil, dışarıdan verilen tablodan okunmuştur. Tablo: ÖRNEK TABLO — OGM tür-yetişme ortamı rehberi ile değiştirilecek",True
MAR_2024_01_002596,DIKIM_ADAYI,AGIR_YANMIS|DUSUK_GUVEN,0.2667,"meşe, kayın, karaçam",toparlanma=0.27 <0.35,"Aktif dikim adayı. Doğal toparlanma zayıf kalıyor, eğim (6,2°) dikime elverişli.","Modelin tahminine göre yangın öncesi örtünün ancak %27 kadarı iki yılda geri gelecek — kendi başına kapanmayacak bir açık var. Yangın orta-yüksek şiddet sınıfında (dNBR 0,49); toprak yüzeyi büyük olasılıkla açıkta. Bu bölgede referans yangınımız az — tahmin belirsizliği diğer bölgelerden yüksek, saha doğrulaması önerilir. Yetişme ortamı: Marmara kuşağı, 66 m, düz-hafif eğimli (0–10°). Bu koşullar için önerilen türler: meşe, kayın, karaçam. Tür önerisi sistemin çıkarımı değil, dışarıdan verilen tablodan okunmuştur. Tablo: ÖRNEK TABLO — OGM tür-yetişme ortamı rehberi ile değiştirilecek",True
MAR_2024_01_002597,DIKIM_ADAYI,AGIR_YANMIS|DUSUK_GUVEN,0.2653,"meşe, kayın, karaçam",toparlanma=0.27 <0.35,"Aktif dikim adayı. Doğal toparlanma zayıf kalıyor, eğim (7,2°) dikime elverişli.","Modelin tahminine göre yangın öncesi örtünün ancak %27 kadarı iki yılda geri gelecek — kendi başına kapanmayacak bir açık var. Yangın orta-yüksek şiddet sınıfında (dNBR 0,63); toprak yüzeyi büyük olasılıkla açıkta. Bu bölgede referans yangınımız az — tahmin belirsizliği diğer bölgelerden yüksek, saha doğrulaması önerilir. Yetişme ortamı: Marmara kuşağı, 75 m, düz-hafif eğimli (0–10°). Bu koşullar için önerilen türler: meşe, kayın, karaçam. Tür önerisi sistemin çıkarımı değil, dışarıdan verilen tablodan okunmuştur. Tablo: ÖRNEK TABLO — OGM tür-yetişme ortamı rehberi ile değiştirilecek",True
MAR_2024_01_002598,DIKIM_ADAYI,AGIR_YANMIS|DUSUK_GUVEN,0.2413,"meşe, kayın, karaçam",toparlanma=0.24 <0.35,"Aktif dikim adayı. Doğal toparlanma zayıf kalıyor, eğim (10,8°) dikime elverişli.","Modelin tahminine göre yangın öncesi örtünün ancak %24 kadarı iki yılda geri gelecek — kendi başına kapanmayacak bir açık var. Yangın yüksek şiddet sınıfında (dNBR 0,70); toprak yüzeyi büyük olasılıkla açıkta. Bu bölgede referans yangınımız az — tahmin belirsizliği diğer bölgelerden yüksek, saha doğrulaması önerilir. Yetişme ortamı: Marmara kuşağı, 92 m, orta eğimli (10–25°). Bu koşullar için önerilen türler: meşe, kayın, karaçam. Tür önerisi sistemin çıkarımı değil, dışarıdan verilen tablodan okunmuştur. Tablo: ÖRNEK TABLO — OGM tür-yetişme ortamı rehberi ile değiştirilecek",True
MAR_2024_01_002599,DIKIM_ADAYI,AGIR_YANMIS|DUSUK_GUVEN,0.2103,"meşe, kayın, karaçam",toparlanma=0.21 <0.35,"Aktif dikim adayı. Doğal toparlanma zayıf kalıyor, eğim (15,4°) dikime elverişli.","Modelin tahminine göre yangın öncesi örtünün ancak %21 kadarı iki yılda geri gelecek — kendi başına kapanmayacak bir açık var. Yangın yüksek şiddet sınıfında (dNBR 0,71); toprak yüzeyi büyük olasılıkla açıkta. Bu bölgede referans yangınımız az — tahmin belirsizliği diğer bölgelerden yüksek, saha doğrulaması önerilir. Yetişme ortamı: Marmara kuşağı, 140 m, orta eğimli (10–25°). Bu koşullar için önerilen türler: meşe, kayın, karaçam. Tür önerisi sistemin çıkarımı değil, dışarıdan verilen tablodan okunmuştur. Tablo: ÖRNEK TABLO — OGM tür-yetişme ortamı rehberi ile değiştirilecek",True
MAR_2024_01_002600,DIKIM_ADAYI,AGIR_YANMIS|DUSUK_GUVEN,0.2059,"meşe, kayın, karaçam",toparlanma=0.21 <0.35,"Aktif dikim adayı. Doğal toparlanma zayıf kalıyor, eğim (16,4°) dikime elverişli.","Modelin tahminine göre yangın öncesi örtünün ancak %21 kadarı iki yılda geri gelecek — kendi başına kapanmayacak bir açık var. Yangın yüksek şiddet sınıfında (dNBR 0,69); toprak yüzeyi büyük olasılıkla açıkta. Bu bölgede referans yangınımız az — tahmin belirsizliği diğer bölgelerden yüksek, saha doğrulaması önerilir. Yetişme ortamı: Marmara kuşağı, 203 m, orta eğimli (10–25°). Bu koşullar için önerilen türler: meşe, kayın, karaçam. Tür önerisi sistemin çıkarımı değil, dışarıdan verilen tablodan okunmuştur. Tablo: ÖRNEK TABLO — OGM tür-yetişme ortamı rehberi ile değiştirilecek",True
MAR_2024_01_002601,ONCELIGE_GORE,AGIR_YANMIS|DUSUK_GUVEN,0.3685,,toparlanma=0.37 0.35..0.50,Öncelik sırasına göre değerlendir. Kısmi toparlanma bekleniyor; müdahale kararı bütçeye ve sıraya bağlı.,"Modelin tahminine göre yangın öncesi örtünün %37 kadarı iki yılda geri gelecek. Ne kendi kapanacak kadar iyi ne de acil müdahale gerektirecek kadar kötü — öncelik skoru bu kareyi sıranın neresine koyduğuna bakın. Yangın orta-yüksek şiddet sınıfında (dNBR 0,44); toprak yüzeyi büyük olasılıkla açıkta. Bu bölgede referans yangınımız az — tahmin belirsizliği diğer bölgelerden yüksek, saha doğrulaması önerilir.",True
MAR_2024_01_002602,IZLE,DUSUK_GUVEN,,,prediction_status=low_severity,"İzle, müdahale etme. Yangın bu kareyi ağır yakmamış (düşük şiddet, dNBR 0,23).","Model bu rejimde tahmin üretmiyor. Kendi toparlanması bekleniyor, müdahale listesine alınmıyor. Bu bölgede referans yangınımız az — tahmin belirsizliği diğer bölgelerden yüksek, saha doğrulaması önerilir.",True
MAR_2024_01_002626,KAPSAM_DISI,,,,land_cover=Tarim,"Ağaçlandırma kapsamı dışı. Bu kare tarım alanı olarak sınıflanmış, orman rehabilitasyonu hedefi değil.",Öncelik sıralamasına dahil edilmiyor.,False
MAR_2024_01_002629,KAPSAM_DISI,,,,land_cover=Tarim,"Ağaçlandırma kapsamı dışı. Bu kare tarım alanı olarak sınıflanmış, orman rehabilitasyonu hedefi değil.",Öncelik sıralamasına dahil edilmiyor.,False
MAR_2024_01_002630,KAPSAM_DISI,,,,land_cover=Tarim,"Ağaçlandırma kapsamı dışı. Bu kare tarım alanı olarak sınıflanmış, orman rehabilitasyonu hedefi değil.",Öncelik sıralamasına dahil edilmiyor.,False
MAR_2024_01_002631,KAPSAM_DISI,,,,land_cover=Tarim,"Ağaçlandırma kapsamı dışı. Bu kare tarım alanı olarak sınıflanmış, orman rehabilitasyonu hedefi değil.",Öncelik sıralamasına dahil edilmiyor.,False
MAR_2024_01_002632,KAPSAM_DISI,,,,land_cover=Tarim,"Ağaçlandırma kapsamı dışı. Bu kare tarım alanı olarak sınıflanmış, orman rehabilitasyonu hedefi değil.",Öncelik sıralamasına dahil edilmiyor.,False
MAR_2024_01_002633,KAPSAM_DISI,,,,land_cover=Tarim,"Ağaçlandırma kapsamı dışı. Bu kare tarım alanı olarak sınıflanmış, orman rehabilitasyonu hedefi değil.",Öncelik sıralamasına dahil edilmiyor.,False
MAR_2024_01_002634,KAPSAM_DISI,,0.5235,,land_cover=Tarim,"Ağaçlandırma kapsamı dışı. Bu kare tarım alanı olarak sınıflanmış, orman rehabilitasyonu hedefi değil.",Öncelik sıralamasına dahil edilmiyor.,False
MAR_2024_01_002635,KAPSAM_DISI,,,,land_cover=Tarim,"Ağaçlandırma kapsamı dışı. Bu kare tarım alanı olarak sınıflanmış, orman rehabilitasyonu hedefi değil.",Öncelik sıralamasına dahil edilmiyor.,False
MAR_2024_01_002636,KAPSAM_DISI,,,,land_cover=Tarim,"Ağaçlandırma kapsamı dışı. Bu kare tarım alanı olarak sınıflanmış, orman rehabilitasyonu hedefi değil.",Öncelik sıralamasına dahil edilmiyor.,False
MAR_2024_01_002637,KAPSAM_DISI,,,,land_cover=Tarim,"Ağaçlandırma kapsamı dışı. Bu kare tarım alanı olarak sınıflanmış, orman rehabilitasyonu hedefi değil.",Öncelik sıralamasına dahil edilmiyor.,False
MAR_2024_01_002657,IZLE,DUSUK_GUVEN,,,prediction_status=low_severity,"İzle, müdahale etme. Yangın bu kareyi ağır yakmamış (orta-düşük şiddet, dNBR 0,31).","Model bu rejimde tahmin üretmiyor. Kendi toparlanması bekleniyor, müdahale listesine alınmıyor. Bu bölgede referans yangınımız az — tahmin belirsizliği diğer bölgelerden yüksek, saha doğrulaması önerilir.",True
MAR_2024_01_002658,ONCELIGE_GORE,DUSUK_GUVEN,0.3741,,toparlanma=0.37 0.35..0.50,Öncelik sırasına göre değerlendir. Kısmi toparlanma bekleniyor; müdahale kararı bütçeye ve sıraya bağlı.,"Modelin tahminine göre yangın öncesi örtünün %37 kadarı iki yılda geri gelecek. Ne kendi kapanacak kadar iyi ne de acil müdahale gerektirecek kadar kötü — öncelik skoru bu kareyi sıranın neresine koyduğuna bakın. Bu bölgede referans yangınımız az — tahmin belirsizliği diğer bölgelerden yüksek, saha doğrulaması önerilir.",True
MAR_2024_01_002659,ONCELIGE_GORE,DUSUK_GUVEN,0.3832,,toparlanma=0.38 0.35..0.50,Öncelik sırasına göre değerlendir. Kısmi toparlanma bekleniyor; müdahale kararı bütçeye ve sıraya bağlı.,"Modelin tahminine göre yangın öncesi örtünün %38 kadarı iki yılda geri gelecek. Ne kendi kapanacak kadar iyi ne de acil müdahale gerektirecek kadar kötü — öncelik skoru bu kareyi sıranın neresine koyduğuna bakın. Bu bölgede referans yangınımız az — tahmin belirsizliği diğer bölgelerden yüksek, saha doğrulaması önerilir.",True
MAR_2024_01_002660,DIKIM_ADAYI,AGIR_YANMIS|DUSUK_GUVEN,0.3289,"meşe, kayın, karaçam",toparlanma=0.33 <0.35,"Aktif dikim adayı. Doğal toparlanma zayıf kalıyor, eğim (5,1°) dikime elverişli.","Modelin tahminine göre yangın öncesi örtünün ancak %33 kadarı iki yılda geri gelecek — kendi başına kapanmayacak bir açık var. Yangın orta-yüksek şiddet sınıfında (dNBR 0,46); toprak yüzeyi büyük olasılıkla açıkta. Bu bölgede referans yangınımız az — tahmin belirsizliği diğer bölgelerden yüksek, saha doğrulaması önerilir. Yetişme ortamı: Marmara kuşağı, 47 m, düz-hafif eğimli (0–10°). Bu koşullar için önerilen türler: meşe, kayın, karaçam. Tür önerisi sistemin çıkarımı değil, dışarıdan verilen tablodan okunmuştur. Tablo: ÖRNEK TABLO — OGM tür-yetişme ortamı rehberi ile değiştirilecek",True
MAR_2024_01_002661,DIKIM_ADAYI,AGIR_YANMIS|DUSUK_GUVEN,0.2251,"meşe, kayın, karaçam",toparlanma=0.23 <0.35,"Aktif dikim adayı. Doğal toparlanma zayıf kalıyor, eğim (9,9°) dikime elverişli.","Modelin tahminine göre yangın öncesi örtünün ancak %23 kadarı iki yılda geri gelecek — kendi başına kapanmayacak bir açık var. Yangın orta-yüksek şiddet sınıfında (dNBR 0,51); toprak yüzeyi büyük olasılıkla açıkta. Bu bölgede referans yangınımız az — tahmin belirsizliği diğer bölgelerden yüksek, saha doğrulaması önerilir. Yetişme ortamı: Marmara kuşağı, 65 m, düz-hafif eğimli (0–10°). Bu koşullar için önerilen türler: meşe, kayın, karaçam. Tür önerisi sistemin çıkarımı değil, dışarıdan verilen tablodan okunmuştur. Tablo: ÖRNEK TABLO — OGM tür-yetişme ortamı rehberi ile değiştirilecek",True
MAR_2024_01_002662,DIKIM_ADAYI,AGIR_YANMIS|DUSUK_GUVEN,0.2493,"meşe, kayın, karaçam",toparlanma=0.25 <0.35,"Aktif dikim adayı. Doğal toparlanma zayıf kalıyor, eğim (11,8°) dikime elverişli.","Modelin tahminine göre yangın öncesi örtünün ancak %25 kadarı iki yılda geri gelecek — kendi başına kapanmayacak bir açık var. Yangın orta-yüksek şiddet sınıfında (dNBR 0,60); toprak yüzeyi büyük olasılıkla açıkta. Bu bölgede referans yangınımız az — tahmin belirsizliği diğer bölgelerden yüksek, saha doğrulaması önerilir. Yetişme ortamı: Marmara kuşağı, 84 m, orta eğimli (10–25°). Bu koşullar için önerilen türler: meşe, kayın, karaçam. Tür önerisi sistemin çıkarımı değil, dışarıdan verilen tablodan okunmuştur. Tablo: ÖRNEK TABLO — OGM tür-yetişme ortamı rehberi ile değiştirilecek",True
MAR_2024_01_002663,DIKIM_ADAYI,AGIR_YANMIS|DUSUK_GUVEN,0.2196,"meşe, kayın, karaçam",toparlanma=0.22 <0.35,"Aktif dikim adayı. Doğal toparlanma zayıf kalıyor, eğim (11,9°) dikime elverişli.","Modelin tahminine göre yangın öncesi örtünün ancak %22 kadarı iki yılda geri gelecek — kendi başına kapanmayacak bir açık var. Yangın orta-yüksek şiddet sınıfında (dNBR 0,60); toprak yüzeyi büyük olasılıkla açıkta. Bu bölgede referans yangınımız az — tahmin belirsizliği diğer bölgelerden yüksek, saha doğrulaması önerilir. Yetişme ortamı: Marmara kuşağı, 101 m, orta eğimli (10–25°). Bu koşullar için önerilen türler: meşe, kayın, karaçam. Tür önerisi sistemin çıkarımı değil, dışarıdan verilen tablodan okunmuştur. Tablo: ÖRNEK TABLO — OGM tür-yetişme ortamı rehberi ile değiştirilecek",True
MAR_2024_01_002664,DIKIM_ADAYI,AGIR_YANMIS|DUSUK_GUVEN,0.21,"meşe, kayın, karaçam",toparlanma=0.21 <0.35,"Aktif dikim adayı. Doğal toparlanma zayıf kalıyor, eğim (15,4°) dikime elverişli.","Modelin tahminine göre yangın öncesi örtünün ancak %21 kadarı iki yılda geri gelecek — kendi başına kapanmayacak bir açık var. Yangın yüksek şiddet sınıfında (dNBR 0,75); toprak yüzeyi büyük olasılıkla açıkta. Bu bölgede referans yangınımız az — tahmin belirsizliği diğer bölgelerden yüksek, saha doğrulaması önerilir. Yetişme ortamı: Marmara kuşağı, 130 m, orta eğimli (10–25°). Bu koşullar için önerilen türler: meşe, kayın, karaçam. Tür önerisi sistemin çıkarımı değil, dışarıdan verilen tablodan okunmuştur. Tablo: ÖRNEK TABLO — OGM tür-yetişme ortamı rehberi ile değiştirilecek",True
MAR_2024_01_002665,DIKIM_ADAYI,AGIR_YANMIS|DUSUK_GUVEN,0.1857,"meşe, kayın, karaçam",toparlanma=0.19 <0.35,"Aktif dikim adayı. Doğal toparlanma zayıf kalıyor, eğim (15,5°) dikime elverişli.","Modelin tahminine göre yangın öncesi örtünün ancak %19 kadarı iki yılda geri gelecek — kendi başına kapanmayacak bir açık var. Yangın yüksek şiddet sınıfında (dNBR 0,69); toprak yüzeyi büyük olasılıkla açıkta. Bu bölgede referans yangınımız az — tahmin belirsizliği diğer bölgelerden yüksek, saha doğrulaması önerilir. Yetişme ortamı: Marmara kuşağı, 179 m, orta eğimli (10–25°). Bu koşullar için önerilen türler: meşe, kayın, karaçam. Tür önerisi sistemin çıkarımı değil, dışarıdan verilen tablodan okunmuştur. Tablo: ÖRNEK TABLO — OGM tür-yetişme ortamı rehberi ile değiştirilecek",True
MAR_2024_01_002666,DIKIM_ADAYI,DUSUK_GUVEN,0.3443,"meşe, kayın, karaçam",toparlanma=0.34 <0.35,"Aktif dikim adayı. Doğal toparlanma zayıf kalıyor, eğim (12,3°) dikime elverişli.","Modelin tahminine göre yangın öncesi örtünün ancak %34 kadarı iki yılda geri gelecek — kendi başına kapanmayacak bir açık var. Bu bölgede referans yangınımız az — tahmin belirsizliği diğer bölgelerden yüksek, saha doğrulaması önerilir. Yetişme ortamı: Marmara kuşağı, 240 m, orta eğimli (10–25°). Bu koşullar için önerilen türler: meşe, kayın, karaçam. Tür önerisi sistemin çıkarımı değil, dışarıdan verilen tablodan okunmuştur. Tablo: ÖRNEK TABLO — OGM tür-yetişme ortamı rehberi ile değiştirilecek",True
MAR_2024_01_002693,IZLE,DUSUK_GUVEN,,,prediction_status=low_severity,"İzle, müdahale etme. Yangın bu kareyi ağır yakmamış (düşük şiddet, dNBR 0,13).","Model bu rejimde tahmin üretmiyor. Kendi toparlanması bekleniyor, müdahale listesine alınmıyor. Bu bölgede referans yangınımız az — tahmin belirsizliği diğer bölgelerden yüksek, saha doğrulaması önerilir.",True
MAR_2024_01_002694,IZLE,DUSUK_GUVEN,,,prediction_status=low_severity,"İzle, müdahale etme. Yangın bu kareyi ağır yakmamış (düşük şiddet, dNBR 0,12).","Model bu rejimde tahmin üretmiyor. Kendi toparlanması bekleniyor, müdahale listesine alınmıyor. Bu bölgede referans yangınımız az — tahmin belirsizliği diğer bölgelerden yüksek, saha doğrulaması önerilir.",True
MAR_2024_01_002696,IZLE,DUSUK_GUVEN,,,prediction_status=low_severity,"İzle, müdahale etme. Yangın bu kareyi ağır yakmamış (düşük şiddet, dNBR 0,12).","Model bu rejimde tahmin üretmiyor. Kendi toparlanması bekleniyor, müdahale listesine alınmıyor. Bu bölgede referans yangınımız az — tahmin belirsizliği diğer bölgelerden yüksek, saha doğrulaması önerilir.",True
MAR_2024_01_002697,KAPSAM_DISI,,,,land_cover=Tarim,"Ağaçlandırma kapsamı dışı. Bu kare tarım alanı olarak sınıflanmış, orman rehabilitasyonu hedefi değil.",Öncelik sıralamasına dahil edilmiyor.,False
MAR_2024_01_002698,KAPSAM_DISI,,,,land_cover=Tarim,"Ağaçlandırma kapsamı dışı. Bu kare tarım alanı olarak sınıflanmış, orman rehabilitasyonu hedefi değil.",Öncelik sıralamasına dahil edilmiyor.,False
MAR_2024_01_002699,KAPSAM_DISI,,0.6707,,land_cover=Tarim,"Ağaçlandırma kapsamı dışı. Bu kare tarım alanı olarak sınıflanmış, orman rehabilitasyonu hedefi değil.",Öncelik sıralamasına dahil edilmiyor.,False
MAR_2024_01_002700,KAPSAM_DISI,,0.5701,,land_cover=Tarim,"Ağaçlandırma kapsamı dışı. Bu kare tarım alanı olarak sınıflanmış, orman rehabilitasyonu hedefi değil.",Öncelik sıralamasına dahil edilmiyor.,False
MAR_2024_01_002701,KAPSAM_DISI,,,,land_cover=Tarim,"Ağaçlandırma kapsamı dışı. Bu kare tarım alanı olarak sınıflanmış, orman rehabilitasyonu hedefi değil.",Öncelik sıralamasına dahil edilmiyor.,False
MAR_2024_01_002702,KAPSAM_DISI,,,,land_cover=Tarim,"Ağaçlandırma kapsamı dışı. Bu kare tarım alanı olarak sınıflanmış, orman rehabilitasyonu hedefi değil.",Öncelik sıralamasına dahil edilmiyor.,False
MAR_2024_01_002703,KAPSAM_DISI,,,,land_cover=Tarim,"Ağaçlandırma kapsamı dışı. Bu kare tarım alanı olarak sınıflanmış, orman rehabilitasyonu hedefi değil.",Öncelik sıralamasına dahil edilmiyor.,False
MAR_2024_01_002704,KAPSAM_DISI,,,,land_cover=Tarim,"Ağaçlandırma kapsamı dışı. Bu kare tarım alanı olarak sınıflanmış, orman rehabilitasyonu hedefi değil.",Öncelik sıralamasına dahil edilmiyor.,False
MAR_2024_01_002724,DIKIM_ADAYI,AGIR_YANMIS|DUSUK_GUVEN,0.3406,"meşe, kayın, karaçam",toparlanma=0.34 <0.35,"Aktif dikim adayı. Doğal toparlanma zayıf kalıyor, eğim (4,5°) dikime elverişli.","Modelin tahminine göre yangın öncesi örtünün ancak %34 kadarı iki yılda geri gelecek — kendi başına kapanmayacak bir açık var. Yangın orta-yüksek şiddet sınıfında (dNBR 0,49); toprak yüzeyi büyük olasılıkla açıkta. Bu bölgede referans yangınımız az — tahmin belirsizliği diğer bölgelerden yüksek, saha doğrulaması önerilir. Yetişme ortamı: Marmara kuşağı, 21 m, düz-hafif eğimli (0–10°). Bu koşullar için önerilen türler: meşe, kayın, karaçam. Tür önerisi sistemin çıkarımı değil, dışarıdan verilen tablodan okunmuştur. Tablo: ÖRNEK TABLO — OGM tür-yetişme ortamı rehberi ile değiştirilecek",True
MAR_2024_01_002725,DIKIM_ADAYI,AGIR_YANMIS|DUSUK_GUVEN,0.3293,"meşe, kayın, karaçam",toparlanma=0.33 <0.35,"Aktif dikim adayı. Doğal toparlanma zayıf kalıyor, eğim (4,5°) dikime elverişli.","Modelin tahminine göre yangın öncesi örtünün ancak %33 kadarı iki yılda geri gelecek — kendi başına kapanmayacak bir açık var. Yangın orta-yüksek şiddet sınıfında (dNBR 0,51); toprak yüzeyi büyük olasılıkla açıkta. Bu bölgede referans yangınımız az — tahmin belirsizliği diğer bölgelerden yüksek, saha doğrulaması önerilir. Yetişme ortamı: Marmara kuşağı, 24 m, düz-hafif eğimli (0–10°). Bu koşullar için önerilen türler: meşe, kayın, karaçam. Tür önerisi sistemin çıkarımı değil, dışarıdan verilen tablodan okunmuştur. Tablo: ÖRNEK TABLO — OGM tür-yetişme ortamı rehberi ile değiştirilecek",True
MAR_2024_01_002726,DIKIM_ADAYI,AGIR_YANMIS|DUSUK_GUVEN,0.2424,"meşe, kayın, karaçam",toparlanma=0.24 <0.35,"Aktif dikim adayı. Doğal toparlanma zayıf kalıyor, eğim (5,0°) dikime elverişli.","Modelin tahminine göre yangın öncesi örtünün ancak %24 kadarı iki yılda geri gelecek — kendi başına kapanmayacak bir açık var. Yangın orta-yüksek şiddet sınıfında (dNBR 0,51); toprak yüzeyi büyük olasılıkla açıkta. Bu bölgede referans yangınımız az — tahmin belirsizliği diğer bölgelerden yüksek, saha doğrulaması önerilir. Yetişme ortamı: Marmara kuşağı, 37 m, düz-hafif eğimli (0–10°). Bu koşullar için önerilen türler: meşe, kayın, karaçam. Tür önerisi sistemin çıkarımı değil, dışarıdan verilen tablodan okunmuştur. Tablo: ÖRNEK TABLO — OGM tür-yetişme ortamı rehberi ile değiştirilecek",True
MAR_2024_01_002727,DIKIM_ADAYI,AGIR_YANMIS|DUSUK_GUVEN,0.2211,"meşe, kayın, karaçam",toparlanma=0.22 <0.35,"Aktif dikim adayı. Doğal toparlanma zayıf kalıyor, eğim (10,7°) dikime elverişli.","Modelin tahminine göre yangın öncesi örtünün ancak %22 kadarı iki yılda geri gelecek — kendi başına kapanmayacak bir açık var. Yangın orta-yüksek şiddet sınıfında (dNBR 0,56); toprak yüzeyi büyük olasılıkla açıkta. Bu bölgede referans yangınımız az — tahmin belirsizliği diğer bölgelerden yüksek, saha doğrulaması önerilir. Yetişme ortamı: Marmara kuşağı, 63 m, orta eğimli (10–25°). Bu koşullar için önerilen türler: meşe, kayın, karaçam. Tür önerisi sistemin çıkarımı değil, dışarıdan verilen tablodan okunmuştur. Tablo: ÖRNEK TABLO — OGM tür-yetişme ortamı rehberi ile değiştirilecek",True
MAR_2024_01_002728,DIKIM_ADAYI,AGIR_YANMIS|DUSUK_GUVEN,0.2188,"meşe, kayın, karaçam",toparlanma=0.22 <0.35,"Aktif dikim adayı. Doğal toparlanma zayıf kalıyor, eğim (14,2°) dikime elverişli.","Modelin tahminine göre yangın öncesi örtünün ancak %22 kadarı iki yılda geri gelecek — kendi başına kapanmayacak bir açık var. Yangın yüksek şiddet sınıfında (dNBR 0,68); toprak yüzeyi büyük olasılıkla açıkta. Bu bölgede referans yangınımız az — tahmin belirsizliği diğer bölgelerden yüksek, saha doğrulaması önerilir. Yetişme ortamı: Marmara kuşağı, 125 m, orta eğimli (10–25°). Bu koşullar için önerilen türler: meşe, kayın, karaçam. Tür önerisi sistemin çıkarımı değil, dışarıdan verilen tablodan okunmuştur. Tablo: ÖRNEK TABLO — OGM tür-yetişme ortamı rehberi ile değiştirilecek",True
MAR_2024_01_002729,DIKIM_ADAYI,AGIR_YANMIS|DUSUK_GUVEN,0.2043,"meşe, kayın, karaçam",toparlanma=0.20 <0.35,"Aktif dikim adayı. Doğal toparlanma zayıf kalıyor, eğim (12,4°) dikime elverişli.","Modelin tahminine göre yangın öncesi örtünün ancak %20 kadarı iki yılda geri gelecek — kendi başına kapanmayacak bir açık var. Yangın orta-yüksek şiddet sınıfında (dNBR 0,64); toprak yüzeyi büyük olasılıkla açıkta. Bu bölgede referans yangınımız az — tahmin belirsizliği diğer bölgelerden yüksek, saha doğrulaması önerilir. Yetişme ortamı: Marmara kuşağı, 158 m, orta eğimli (10–25°). Bu koşullar için önerilen türler: meşe, kayın, karaçam. Tür önerisi sistemin çıkarımı değil, dışarıdan verilen tablodan okunmuştur. Tablo: ÖRNEK TABLO — OGM tür-yetişme ortamı rehberi ile değiştirilecek",True
MAR_2024_01_002730,DIKIM_ADAYI,AGIR_YANMIS|DUSUK_GUVEN,0.1975,"meşe, kayın, karaçam",toparlanma=0.20 <0.35,"Aktif dikim adayı. Doğal toparlanma zayıf kalıyor, eğim (11,2°) dikime elverişli.","Modelin tahminine göre yangın öncesi örtünün ancak %20 kadarı iki yılda geri gelecek — kendi başına kapanmayacak bir açık var. Yangın orta-yüksek şiddet sınıfında (dNBR 0,64); toprak yüzeyi büyük olasılıkla açıkta. Bu bölgede referans yangınımız az — tahmin belirsizliği diğer bölgelerden yüksek, saha doğrulaması önerilir. Yetişme ortamı: Marmara kuşağı, 188 m, orta eğimli (10–25°). Bu koşullar için önerilen türler: meşe, kayın, karaçam. Tür önerisi sistemin çıkarımı değil, dışarıdan verilen tablodan okunmuştur. Tablo: ÖRNEK TABLO — OGM tür-yetişme ortamı rehberi ile değiştirilecek",True
MAR_2024_01_002731,DIKIM_ADAYI,AGIR_YANMIS|DUSUK_GUVEN,0.2227,"meşe, kayın, karaçam",toparlanma=0.22 <0.35,"Aktif dikim adayı. Doğal toparlanma zayıf kalıyor, eğim (11,7°) dikime elverişli.","Modelin tahminine göre yangın öncesi örtünün ancak %22 kadarı iki yılda geri gelecek — kendi başına kapanmayacak bir açık var. Yangın orta-yüksek şiddet sınıfında (dNBR 0,58); toprak yüzeyi büyük olasılıkla açıkta. Bu bölgede referans yangınımız az — tahmin belirsizliği diğer bölgelerden yüksek, saha doğrulaması önerilir. Yetişme ortamı: Marmara kuşağı, 224 m, orta eğimli (10–25°). Bu koşullar için önerilen türler: meşe, kayın, karaçam. Tür önerisi sistemin çıkarımı değil, dışarıdan verilen tablodan okunmuştur. Tablo: ÖRNEK TABLO — OGM tür-yetişme ortamı rehberi ile değiştirilecek",True
MAR_2024_01_002732,IZLE,DUSUK_GUVEN,,,prediction_status=low_severity,"İzle, müdahale etme. Yangın bu kareyi ağır yakmamış (düşük şiddet, dNBR 0,17).","Model bu rejimde tahmin üretmiyor. Kendi toparlanması bekleniyor, müdahale listesine alınmıyor. Bu bölgede referans yangınımız az — tahmin belirsizliği diğer bölgelerden yüksek, saha doğrulaması önerilir.",True
MAR_2024_01_002746,KAPSAM_DISI,,,,land_cover=Tarim,"Ağaçlandırma kapsamı dışı. Bu kare tarım alanı olarak sınıflanmış, orman rehabilitasyonu hedefi değil.",Öncelik sıralamasına dahil edilmiyor.,False
MAR_2024_01_002765,KAPSAM_DISI,,,,land_cover=Tarim,"Ağaçlandırma kapsamı dışı. Bu kare tarım alanı olarak sınıflanmış, orman rehabilitasyonu hedefi değil.",Öncelik sıralamasına dahil edilmiyor.,False
MAR_2024_01_002766,KAPSAM_DISI,,,,land_cover=Tarim,"Ağaçlandırma kapsamı dışı. Bu kare tarım alanı olarak sınıflanmış, orman rehabilitasyonu hedefi değil.",Öncelik sıralamasına dahil edilmiyor.,False
MAR_2024_01_002767,KAPSAM_DISI,,,,land_cover=Tarim,"Ağaçlandırma kapsamı dışı. Bu kare tarım alanı olarak sınıflanmış, orman rehabilitasyonu hedefi değil.",Öncelik sıralamasına dahil edilmiyor.,False
MAR_2024_01_002768,KAPSAM_DISI,,,,land_cover=Tarim,"Ağaçlandırma kapsamı dışı. Bu kare tarım alanı olarak sınıflanmış, orman rehabilitasyonu hedefi değil.",Öncelik sıralamasına dahil edilmiyor.,False
MAR_2024_01_002769,KAPSAM_DISI,,,,land_cover=Tarim,"Ağaçlandırma kapsamı dışı. Bu kare tarım alanı olarak sınıflanmış, orman rehabilitasyonu hedefi değil.",Öncelik sıralamasına dahil edilmiyor.,False
MAR_2024_01_002770,KAPSAM_DISI,,,,land_cover=Tarim,"Ağaçlandırma kapsamı dışı. Bu kare tarım alanı olarak sınıflanmış, orman rehabilitasyonu hedefi değil.",Öncelik sıralamasına dahil edilmiyor.,False
MAR_2024_01_002771,KAPSAM_DISI,,,,land_cover=Tarim,"Ağaçlandırma kapsamı dışı. Bu kare tarım alanı olarak sınıflanmış, orman rehabilitasyonu hedefi değil.",Öncelik sıralamasına dahil edilmiyor.,False
MAR_2024_01_002790,DIKIM_ADAYI,AGIR_YANMIS|DUSUK_GUVEN,0.3056,"meşe, kayın, karaçam",toparlanma=0.31 <0.35,"Aktif dikim adayı. Doğal toparlanma zayıf kalıyor, eğim (3,9°) dikime elverişli.","Modelin tahminine göre yangın öncesi örtünün ancak %31 kadarı iki yılda geri gelecek — kendi başına kapanmayacak bir açık var. Yangın orta-yüksek şiddet sınıfında (dNBR 0,44); toprak yüzeyi büyük olasılıkla açıkta. Bu bölgede referans yangınımız az — tahmin belirsizliği diğer bölgelerden yüksek, saha doğrulaması önerilir. Yetişme ortamı: Marmara kuşağı, 16 m, düz-hafif eğimli (0–10°). Bu koşullar için önerilen türler: meşe, kayın, karaçam. Tür önerisi sistemin çıkarımı değil, dışarıdan verilen tablodan okunmuştur. Tablo: ÖRNEK TABLO — OGM tür-yetişme ortamı rehberi ile değiştirilecek",True
MAR_2024_01_002791,DIKIM_ADAYI,AGIR_YANMIS|DUSUK_GUVEN,0.2472,"meşe, kayın, karaçam",toparlanma=0.25 <0.35,"Aktif dikim adayı. Doğal toparlanma zayıf kalıyor, eğim (4,9°) dikime elverişli.","Modelin tahminine göre yangın öncesi örtünün ancak %25 kadarı iki yılda geri gelecek — kendi başına kapanmayacak bir açık var. Yangın orta-yüksek şiddet sınıfında (dNBR 0,54); toprak yüzeyi büyük olasılıkla açıkta. Bu bölgede referans yangınımız az — tahmin belirsizliği diğer bölgelerden yüksek, saha doğrulaması önerilir. Yetişme ortamı: Marmara kuşağı, 26 m, düz-hafif eğimli (0–10°). Bu koşullar için önerilen türler: meşe, kayın, karaçam. Tür önerisi sistemin çıkarımı değil, dışarıdan verilen tablodan okunmuştur. Tablo: ÖRNEK TABLO — OGM tür-yetişme ortamı rehberi ile değiştirilecek",True
MAR_2024_01_002792,DIKIM_ADAYI,AGIR_YANMIS|DUSUK_GUVEN,0.2386,"meşe, kayın, karaçam",toparlanma=0.24 <0.35,"Aktif dikim adayı. Doğal toparlanma zayıf kalıyor, eğim (5,5°) dikime elverişli.","Modelin tahminine göre yangın öncesi örtünün ancak %24 kadarı iki yılda geri gelecek — kendi başına kapanmayacak bir açık var. Yangın orta-yüksek şiddet sınıfında (dNBR 0,51); toprak yüzeyi büyük olasılıkla açıkta. Bu bölgede referans yangınımız az — tahmin belirsizliği diğer bölgelerden yüksek, saha doğrulaması önerilir. Yetişme ortamı: Marmara kuşağı, 44 m, düz-hafif eğimli (0–10°). Bu koşullar için önerilen türler: meşe, kayın, karaçam. Tür önerisi sistemin çıkarımı değil, dışarıdan verilen tablodan okunmuştur. Tablo: ÖRNEK TABLO — OGM tür-yetişme ortamı rehberi ile değiştirilecek",True
MAR_2024_01_002793,DIKIM_ADAYI,AGIR_YANMIS|DUSUK_GUVEN,0.2272,"meşe, kayın, karaçam",toparlanma=0.23 <0.35,"Aktif dikim adayı. Doğal toparlanma zayıf kalıyor, eğim (8,5°) dikime elverişli.","Modelin tahminine göre yangın öncesi örtünün ancak %23 kadarı iki yılda geri gelecek — kendi başına kapanmayacak bir açık var. Yangın orta-yüksek şiddet sınıfında (dNBR 0,61); toprak yüzeyi büyük olasılıkla açıkta. Bu bölgede referans yangınımız az — tahmin belirsizliği diğer bölgelerden yüksek, saha doğrulaması önerilir. Yetişme ortamı: Marmara kuşağı, 66 m, düz-hafif eğimli (0–10°). Bu koşullar için önerilen türler: meşe, kayın, karaçam. Tür önerisi sistemin çıkarımı değil, dışarıdan verilen tablodan okunmuştur. Tablo: ÖRNEK TABLO — OGM tür-yetişme ortamı rehberi ile değiştirilecek",True
MAR_2024_01_002794,DIKIM_ADAYI,AGIR_YANMIS|DUSUK_GUVEN,0.222,"meşe, kayın, karaçam",toparlanma=0.22 <0.35,"Aktif dikim adayı. Doğal toparlanma zayıf kalıyor, eğim (11,8°) dikime elverişli.","Modelin tahminine göre yangın öncesi örtünün ancak %22 kadarı iki yılda geri gelecek — kendi başına kapanmayacak bir açık var. Yangın orta-yüksek şiddet sınıfında (dNBR 0,66); toprak yüzeyi büyük olasılıkla açıkta. Bu bölgede referans yangınımız az — tahmin belirsizliği diğer bölgelerden yüksek, saha doğrulaması önerilir. Yetişme ortamı: Marmara kuşağı, 105 m, orta eğimli (10–25°). Bu koşullar için önerilen türler: meşe, kayın, karaçam. Tür önerisi sistemin çıkarımı değil, dışarıdan verilen tablodan okunmuştur. Tablo: ÖRNEK TABLO — OGM tür-yetişme ortamı rehberi ile değiştirilecek",True
MAR_2024_01_002795,DIKIM_ADAYI,AGIR_YANMIS|DUSUK_GUVEN,0.2088,"meşe, kayın, karaçam",toparlanma=0.21 <0.35,"Aktif dikim adayı. Doğal toparlanma zayıf kalıyor, eğim (13,0°) dikime elverişli.","Modelin tahminine göre yangın öncesi örtünün ancak %21 kadarı iki yılda geri gelecek — kendi başına kapanmayacak bir açık var. Yangın yüksek şiddet sınıfında (dNBR 0,67); toprak yüzeyi büyük olasılıkla açıkta. Bu bölgede referans yangınımız az — tahmin belirsizliği diğer bölgelerden yüksek, saha doğrulaması önerilir. Yetişme ortamı: Marmara kuşağı, 144 m, orta eğimli (10–25°). Bu koşullar için önerilen türler: meşe, kayın, karaçam. Tür önerisi sistemin çıkarımı değil, dışarıdan verilen tablodan okunmuştur. Tablo: ÖRNEK TABLO — OGM tür-yetişme ortamı rehberi ile değiştirilecek",True
MAR_2024_01_002796,DIKIM_ADAYI,AGIR_YANMIS|DUSUK_GUVEN,0.2698,"meşe, kayın, karaçam",toparlanma=0.27 <0.35,"Aktif dikim adayı. Doğal toparlanma zayıf kalıyor, eğim (13,9°) dikime elverişli.","Modelin tahminine göre yangın öncesi örtünün ancak %27 kadarı iki yılda geri gelecek — kendi başına kapanmayacak bir açık var. Yangın orta-yüksek şiddet sınıfında (dNBR 0,57); toprak yüzeyi büyük olasılıkla açıkta. Bu bölgede referans yangınımız az — tahmin belirsizliği diğer bölgelerden yüksek, saha doğrulaması önerilir. Yetişme ortamı: Marmara kuşağı, 201 m, orta eğimli (10–25°). Bu koşullar için önerilen türler: meşe, kayın, karaçam. Tür önerisi sistemin çıkarımı değil, dışarıdan verilen tablodan okunmuştur. Tablo: ÖRNEK TABLO — OGM tür-yetişme ortamı rehberi ile değiştirilecek",True
MAR_2024_01_002797,IZLE,DUSUK_GUVEN,,,prediction_status=low_severity,"İzle, müdahale etme. Yangın bu kareyi ağır yakmamış (düşük şiddet, dNBR 0,12).","Model bu rejimde tahmin üretmiyor. Kendi toparlanması bekleniyor, müdahale listesine alınmıyor. Bu bölgede referans yangınımız az — tahmin belirsizliği diğer bölgelerden yüksek, saha doğrulaması önerilir.",True
MAR_2024_01_002812,KAPSAM_DISI,,,,land_cover=Tarim,"Ağaçlandırma kapsamı dışı. Bu kare tarım alanı olarak sınıflanmış, orman rehabilitasyonu hedefi değil.",Öncelik sıralamasına dahil edilmiyor.,False
MAR_2024_01_002835,KAPSAM_DISI,,,,land_cover=Tarim,"Ağaçlandırma kapsamı dışı. Bu kare tarım alanı olarak sınıflanmış, orman rehabilitasyonu hedefi değil.",Öncelik sıralamasına dahil edilmiyor.,False
MAR_2024_01_002836,KAPSAM_DISI,,,,land_cover=Tarim,"Ağaçlandırma kapsamı dışı. Bu kare tarım alanı olarak sınıflanmış, orman rehabilitasyonu hedefi değil.",Öncelik sıralamasına dahil edilmiyor.,False
MAR_2024_01_002837,KAPSAM_DISI,,,,land_cover=Tarim,"Ağaçlandırma kapsamı dışı. Bu kare tarım alanı olarak sınıflanmış, orman rehabilitasyonu hedefi değil.",Öncelik sıralamasına dahil edilmiyor.,False
MAR_2024_01_002856,ONCELIGE_GORE,DUSUK_GUVEN,0.3881,,toparlanma=0.39 0.35..0.50,Öncelik sırasına göre değerlendir. Kısmi toparlanma bekleniyor; müdahale kararı bütçeye ve sıraya bağlı.,"Modelin tahminine göre yangın öncesi örtünün %39 kadarı iki yılda geri gelecek. Ne kendi kapanacak kadar iyi ne de acil müdahale gerektirecek kadar kötü — öncelik skoru bu kareyi sıranın neresine koyduğuna bakın. Bu bölgede referans yangınımız az — tahmin belirsizliği diğer bölgelerden yüksek, saha doğrulaması önerilir.",True
MAR_2024_01_002857,DIKIM_ADAYI,AGIR_YANMIS|DUSUK_GUVEN,0.2465,"meşe, kayın, karaçam",toparlanma=0.25 <0.35,"Aktif dikim adayı. Doğal toparlanma zayıf kalıyor, eğim (5,4°) dikime elverişli.","Modelin tahminine göre yangın öncesi örtünün ancak %25 kadarı iki yılda geri gelecek — kendi başına kapanmayacak bir açık var. Yangın orta-yüksek şiddet sınıfında (dNBR 0,49); toprak yüzeyi büyük olasılıkla açıkta. Bu bölgede referans yangınımız az — tahmin belirsizliği diğer bölgelerden yüksek, saha doğrulaması önerilir. Yetişme ortamı: Marmara kuşağı, 38 m, düz-hafif eğimli (0–10°). Bu koşullar için önerilen türler: meşe, kayın, karaçam. Tür önerisi sistemin çıkarımı değil, dışarıdan verilen tablodan okunmuştur. Tablo: ÖRNEK TABLO — OGM tür-yetişme ortamı rehberi ile değiştirilecek",True
MAR_2024_01_002858,DIKIM_ADAYI,DUSUK_GUVEN,0.2448,"meşe, kayın, karaçam",toparlanma=0.24 <0.35,"Aktif dikim adayı. Doğal toparlanma zayıf kalıyor, eğim (13,0°) dikime elverişli.","Modelin tahminine göre yangın öncesi örtünün ancak %24 kadarı iki yılda geri gelecek — kendi başına kapanmayacak bir açık var. Bu bölgede referans yangınımız az — tahmin belirsizliği diğer bölgelerden yüksek, saha doğrulaması önerilir. Yetişme ortamı: Marmara kuşağı, 69 m, orta eğimli (10–25°). Bu koşullar için önerilen türler: meşe, kayın, karaçam. Tür önerisi sistemin çıkarımı değil, dışarıdan verilen tablodan okunmuştur. Tablo: ÖRNEK TABLO — OGM tür-yetişme ortamı rehberi ile değiştirilecek",True
MAR_2024_01_002859,DIKIM_ADAYI,AGIR_YANMIS|DUSUK_GUVEN,0.2313,"meşe, kayın, karaçam",toparlanma=0.23 <0.35,"Aktif dikim adayı. Doğal toparlanma zayıf kalıyor, eğim (16,5°) dikime elverişli.","Modelin tahminine göre yangın öncesi örtünün ancak %23 kadarı iki yılda geri gelecek — kendi başına kapanmayacak bir açık var. Yangın yüksek şiddet sınıfında (dNBR 0,75); toprak yüzeyi büyük olasılıkla açıkta. Bu bölgede referans yangınımız az — tahmin belirsizliği diğer bölgelerden yüksek, saha doğrulaması önerilir. Yetişme ortamı: Marmara kuşağı, 105 m, orta eğimli (10–25°). Bu koşullar için önerilen türler: meşe, kayın, karaçam. Tür önerisi sistemin çıkarımı değil, dışarıdan verilen tablodan okunmuştur. Tablo: ÖRNEK TABLO — OGM tür-yetişme ortamı rehberi ile değiştirilecek",True
MAR_2024_01_002860,DIKIM_ADAYI,AGIR_YANMIS|DUSUK_GUVEN,0.2991,"meşe, kayın, karaçam",toparlanma=0.30 <0.35,"Aktif dikim adayı. Doğal toparlanma zayıf kalıyor, eğim (18,4°) dikime elverişli.","Modelin tahminine göre yangın öncesi örtünün ancak %30 kadarı iki yılda geri gelecek — kendi başına kapanmayacak bir açık var. Yangın yüksek şiddet sınıfında (dNBR 0,67); toprak yüzeyi büyük olasılıkla açıkta. Bu bölgede referans yangınımız az — tahmin belirsizliği diğer bölgelerden yüksek, saha doğrulaması önerilir. Yetişme ortamı: Marmara kuşağı, 147 m, orta eğimli (10–25°). Bu koşullar için önerilen türler: meşe, kayın, karaçam. Tür önerisi sistemin çıkarımı değil, dışarıdan verilen tablodan okunmuştur. Tablo: ÖRNEK TABLO — OGM tür-yetişme ortamı rehberi ile değiştirilecek",True
MAR_2024_01_002861,GENCLESME_IZLE,DUSUK_GUVEN,0.5062,,toparlanma=0.51 >=0.50,Doğal gençleşmeyi izle. Doğal toparlanma yeterli görünüyor.,"Modelin tahminine göre yangın öncesi örtünün %51 kadarı iki yılda geri geliyor — bu yangınlarda ölçtüğümüz tipik toparlanmanın üstünde. Müdahale yerine izleme öneriliyor; kaynak daha zayıf karelere ayrılmalı. Bu bölgede referans yangınımız az — tahmin belirsizliği diğer bölgelerden yüksek, saha doğrulaması önerilir.",True
MAR_2024_01_002878,KAPSAM_DISI,,,,land_cover=Tarim,"Ağaçlandırma kapsamı dışı. Bu kare tarım alanı olarak sınıflanmış, orman rehabilitasyonu hedefi değil.",Öncelik sıralamasına dahil edilmiyor.,False
MAR_2024_01_002903,KAPSAM_DISI,,,,land_cover=Tarim,"Ağaçlandırma kapsamı dışı. Bu kare tarım alanı olarak sınıflanmış, orman rehabilitasyonu hedefi değil.",Öncelik sıralamasına dahil edilmiyor.,False
MAR_2024_01_002922,DIKIM_ADAYI,AGIR_YANMIS|DUSUK_GUVEN,0.2703,"meşe, kayın, karaçam",toparlanma=0.27 <0.35,"Aktif dikim adayı. Doğal toparlanma zayıf kalıyor, eğim (7,6°) dikime elverişli.","Modelin tahminine göre yangın öncesi örtünün ancak %27 kadarı iki yılda geri gelecek — kendi başına kapanmayacak bir açık var. Yangın orta-yüksek şiddet sınıfında (dNBR 0,56); toprak yüzeyi büyük olasılıkla açıkta. Bu bölgede referans yangınımız az — tahmin belirsizliği diğer bölgelerden yüksek, saha doğrulaması önerilir. Yetişme ortamı: Marmara kuşağı, 23 m, düz-hafif eğimli (0–10°). Bu koşullar için önerilen türler: meşe, kayın, karaçam. Tür önerisi sistemin çıkarımı değil, dışarıdan verilen tablodan okunmuştur. Tablo: ÖRNEK TABLO — OGM tür-yetişme ortamı rehberi ile değiştirilecek",True
MAR_2024_01_002923,DIKIM_ADAYI,AGIR_YANMIS|DUSUK_GUVEN,0.2416,"meşe, kayın, karaçam",toparlanma=0.24 <0.35,"Aktif dikim adayı. Doğal toparlanma zayıf kalıyor, eğim (11,2°) dikime elverişli.","Modelin tahminine göre yangın öncesi örtünün ancak %24 kadarı iki yılda geri gelecek — kendi başına kapanmayacak bir açık var. Yangın orta-yüksek şiddet sınıfında (dNBR 0,53); toprak yüzeyi büyük olasılıkla açıkta. Bu bölgede referans yangınımız az — tahmin belirsizliği diğer bölgelerden yüksek, saha doğrulaması önerilir. Yetişme ortamı: Marmara kuşağı, 49 m, orta eğimli (10–25°). Bu koşullar için önerilen türler: meşe, kayın, karaçam. Tür önerisi sistemin çıkarımı değil, dışarıdan verilen tablodan okunmuştur. Tablo: ÖRNEK TABLO — OGM tür-yetişme ortamı rehberi ile değiştirilecek",True
MAR_2024_01_002924,DIKIM_ADAYI,DUSUK_GUVEN,0.2833,"meşe, kayın, karaçam",toparlanma=0.28 <0.35,"Aktif dikim adayı. Doğal toparlanma zayıf kalıyor, eğim (16,6°) dikime elverişli.","Modelin tahminine göre yangın öncesi örtünün ancak %28 kadarı iki yılda geri gelecek — kendi başına kapanmayacak bir açık var. Bu bölgede referans yangınımız az — tahmin belirsizliği diğer bölgelerden yüksek, saha doğrulaması önerilir. Yetişme ortamı: Marmara kuşağı, 91 m, orta eğimli (10–25°). Bu koşullar için önerilen türler: meşe, kayın, karaçam. Tür önerisi sistemin çıkarımı değil, dışarıdan verilen tablodan okunmuştur. Tablo: ÖRNEK TABLO — OGM tür-yetişme ortamı rehberi ile değiştirilecek",True
MAR_2024_01_002925,ONCELIGE_GORE,DUSUK_GUVEN,0.4327,,toparlanma=0.43 0.35..0.50,Öncelik sırasına göre değerlendir. Kısmi toparlanma bekleniyor; müdahale kararı bütçeye ve sıraya bağlı.,"Modelin tahminine göre yangın öncesi örtünün %43 kadarı iki yılda geri gelecek. Ne kendi kapanacak kadar iyi ne de acil müdahale gerektirecek kadar kötü — öncelik skoru bu kareyi sıranın neresine koyduğuna bakın. Bu bölgede referans yangınımız az — tahmin belirsizliği diğer bölgelerden yüksek, saha doğrulaması önerilir.",True
MAR_2024_01_002944,KAPSAM_DISI,,,,land_cover=Tarim,"Ağaçlandırma kapsamı dışı. Bu kare tarım alanı olarak sınıflanmış, orman rehabilitasyonu hedefi değil.",Öncelik sıralamasına dahil edilmiyor.,False
MAR_2024_01_002967,KAPSAM_DISI,,,,land_cover=Tarim,"Ağaçlandırma kapsamı dışı. Bu kare tarım alanı olarak sınıflanmış, orman rehabilitasyonu hedefi değil.",Öncelik sıralamasına dahil edilmiyor.,False
MAR_2024_01_002968,KAPSAM_DISI,,,,land_cover=Tarim,"Ağaçlandırma kapsamı dışı. Bu kare tarım alanı olarak sınıflanmış, orman rehabilitasyonu hedefi değil.",Öncelik sıralamasına dahil edilmiyor.,False
MAR_2024_01_002969,KAPSAM_DISI,,,,land_cover=Tarim,"Ağaçlandırma kapsamı dışı. Bu kare tarım alanı olarak sınıflanmış, orman rehabilitasyonu hedefi değil.",Öncelik sıralamasına dahil edilmiyor.,False
MAR_2024_01_002988,DIKIM_ADAYI,DUSUK_GUVEN,0.2714,"meşe, kayın, karaçam",toparlanma=0.27 <0.35,"Aktif dikim adayı. Doğal toparlanma zayıf kalıyor, eğim (12,6°) dikime elverişli.","Modelin tahminine göre yangın öncesi örtünün ancak %27 kadarı iki yılda geri gelecek — kendi başına kapanmayacak bir açık var. Bu bölgede referans yangınımız az — tahmin belirsizliği diğer bölgelerden yüksek, saha doğrulaması önerilir. Yetişme ortamı: Marmara kuşağı, 41 m, orta eğimli (10–25°). Bu koşullar için önerilen türler: meşe, kayın, karaçam. Tür önerisi sistemin çıkarımı değil, dışarıdan verilen tablodan okunmuştur. Tablo: ÖRNEK TABLO — OGM tür-yetişme ortamı rehberi ile değiştirilecek",True
MAR_2024_01_002989,IZLE,DUSUK_GUVEN,,,prediction_status=low_severity,"İzle, müdahale etme. Yangın bu kareyi ağır yakmamış (orta-düşük şiddet, dNBR 0,27).","Model bu rejimde tahmin üretmiyor. Kendi toparlanması bekleniyor, müdahale listesine alınmıyor. Bu bölgede referans yangınımız az — tahmin belirsizliği diğer bölgelerden yüksek, saha doğrulaması önerilir.",True
MAR_2024_01_003034,KAPSAM_DISI,,,,land_cover=Tarim,"Ağaçlandırma kapsamı dışı. Bu kare tarım alanı olarak sınıflanmış, orman rehabilitasyonu hedefi değil.",Öncelik sıralamasına dahil edilmiyor.,False
MAR_2024_01_003035,KAPSAM_DISI,,,,land_cover=Tarim,"Ağaçlandırma kapsamı dışı. Bu kare tarım alanı olarak sınıflanmış, orman rehabilitasyonu hedefi değil.",Öncelik sıralamasına dahil edilmiyor.,False
MAR_2024_01_003069,KAPSAM_DISI,,,,land_cover=Tarim,"Ağaçlandırma kapsamı dışı. Bu kare tarım alanı olarak sınıflanmış, orman rehabilitasyonu hedefi değil.",Öncelik sıralamasına dahil edilmiyor.,False
MAR_2024_01_003077,KAPSAM_DISI,,,,land_cover=Tarim,"Ağaçlandırma kapsamı dışı. Bu kare tarım alanı olarak sınıflanmış, orman rehabilitasyonu hedefi değil.",Öncelik sıralamasına dahil edilmiyor.,False
MAR_2024_01_003078,KAPSAM_DISI,,,,land_cover=Tarim,"Ağaçlandırma kapsamı dışı. Bu kare tarım alanı olarak sınıflanmış, orman rehabilitasyonu hedefi değil.",Öncelik sıralamasına dahil edilmiyor.,False
MAR_2024_01_003101,KAPSAM_DISI,,,,land_cover=Tarim,"Ağaçlandırma kapsamı dışı. Bu kare tarım alanı olarak sınıflanmış, orman rehabilitasyonu hedefi değil.",Öncelik sıralamasına dahil edilmiyor.,False
MAR_2024_01_003145,KAPSAM_DISI,,,,land_cover=Tarim,"Ağaçlandırma kapsamı dışı. Bu kare tarım alanı olarak sınıflanmış, orman rehabilitasyonu hedefi değil.",Öncelik sıralamasına dahil edilmiyor.,False
MAR_2024_01_003205,KAPSAM_DISI,,,,land_cover=Tarim,"Ağaçlandırma kapsamı dışı. Bu kare tarım alanı olarak sınıflanmış, orman rehabilitasyonu hedefi değil.",Öncelik sıralamasına dahil edilmiyor.,False
MAR_2024_01_003208,KAPSAM_DISI,,,,land_cover=Tarim,"Ağaçlandırma kapsamı dışı. Bu kare tarım alanı olarak sınıflanmış, orman rehabilitasyonu hedefi değil.",Öncelik sıralamasına dahil edilmiyor.,False
MAR_2024_01_003211,KAPSAM_DISI,,,,land_cover=Yerlesim,"Ağaçlandırma kapsamı dışı. Bu kare yerleşim alanı olarak sınıflanmış, orman rehabilitasyonu hedefi değil.",Öncelik sıralamasına dahil edilmiyor.,False
MAR_2024_01_003266,KAPSAM_DISI,,,,land_cover=Tarim,"Ağaçlandırma kapsamı dışı. Bu kare tarım alanı olarak sınıflanmış, orman rehabilitasyonu hedefi değil.",Öncelik sıralamasına dahil edilmiyor.,False
MAR_2024_01_003277,KAPSAM_DISI,,,,land_cover=Tarim,"Ağaçlandırma kapsamı dışı. Bu kare tarım alanı olarak sınıflanmış, orman rehabilitasyonu hedefi değil.",Öncelik sıralamasına dahil edilmiyor.,False
MAR_2024_01_003278,KAPSAM_DISI,,,,land_cover=Tarim,"Ağaçlandırma kapsamı dışı. Bu kare tarım alanı olarak sınıflanmış, orman rehabilitasyonu hedefi değil.",Öncelik sıralamasına dahil edilmiyor.,False
MAR_2024_01_003279,KAPSAM_DISI,,,,land_cover=Tarim,"Ağaçlandırma kapsamı dışı. Bu kare tarım alanı olarak sınıflanmış, orman rehabilitasyonu hedefi değil.",Öncelik sıralamasına dahil edilmiyor.,False
MAR_2024_01_003280,KAPSAM_DISI,,,,land_cover=Tarim,"Ağaçlandırma kapsamı dışı. Bu kare tarım alanı olarak sınıflanmış, orman rehabilitasyonu hedefi değil.",Öncelik sıralamasına dahil edilmiyor.,False
MAR_2024_01_003282,KAPSAM_DISI,,,,land_cover=Tarim,"Ağaçlandırma kapsamı dışı. Bu kare tarım alanı olarak sınıflanmış, orman rehabilitasyonu hedefi değil.",Öncelik sıralamasına dahil edilmiyor.,False
MAR_2024_01_003299,IZLE,DUSUK_GUVEN,,,prediction_status=low_severity,"İzle, müdahale etme. Yangın bu kareyi ağır yakmamış (düşük şiddet, dNBR 0,11).","Model bu rejimde tahmin üretmiyor. Kendi toparlanması bekleniyor, müdahale listesine alınmıyor. Bu bölgede referans yangınımız az — tahmin belirsizliği diğer bölgelerden yüksek, saha doğrulaması önerilir.",True
MAR_2024_01_003332,KAPSAM_DISI,,,,land_cover=Tarim,"Ağaçlandırma kapsamı dışı. Bu kare tarım alanı olarak sınıflanmış, orman rehabilitasyonu hedefi değil.",Öncelik sıralamasına dahil edilmiyor.,False
MAR_2024_01_003344,KAPSAM_DISI,,,,land_cover=Tarim,"Ağaçlandırma kapsamı dışı. Bu kare tarım alanı olarak sınıflanmış, orman rehabilitasyonu hedefi değil.",Öncelik sıralamasına dahil edilmiyor.,False
MAR_2024_01_003345,KAPSAM_DISI,,,,land_cover=Tarim,"Ağaçlandırma kapsamı dışı. Bu kare tarım alanı olarak sınıflanmış, orman rehabilitasyonu hedefi değil.",Öncelik sıralamasına dahil edilmiyor.,False
MAR_2024_01_003346,KAPSAM_DISI,,,,land_cover=Tarim,"Ağaçlandırma kapsamı dışı. Bu kare tarım alanı olarak sınıflanmış, orman rehabilitasyonu hedefi değil.",Öncelik sıralamasına dahil edilmiyor.,False
MAR_2024_01_003347,KAPSAM_DISI,,,,land_cover=Tarim,"Ağaçlandırma kapsamı dışı. Bu kare tarım alanı olarak sınıflanmış, orman rehabilitasyonu hedefi değil.",Öncelik sıralamasına dahil edilmiyor.,False
MAR_2024_01_003348,KAPSAM_DISI,,,,land_cover=Tarim,"Ağaçlandırma kapsamı dışı. Bu kare tarım alanı olarak sınıflanmış, orman rehabilitasyonu hedefi değil.",Öncelik sıralamasına dahil edilmiyor.,False
MAR_2024_01_003396,KAPSAM_DISI,,,,land_cover=Tarim,"Ağaçlandırma kapsamı dışı. Bu kare tarım alanı olarak sınıflanmış, orman rehabilitasyonu hedefi değil.",Öncelik sıralamasına dahil edilmiyor.,False
MAR_2024_01_003399,KAPSAM_DISI,,,,land_cover=Tarim,"Ağaçlandırma kapsamı dışı. Bu kare tarım alanı olarak sınıflanmış, orman rehabilitasyonu hedefi değil.",Öncelik sıralamasına dahil edilmiyor.,False
MAR_2024_01_003412,KAPSAM_DISI,,,,land_cover=Tarim,"Ağaçlandırma kapsamı dışı. Bu kare tarım alanı olarak sınıflanmış, orman rehabilitasyonu hedefi değil.",Öncelik sıralamasına dahil edilmiyor.,False
MAR_2024_01_003413,KAPSAM_DISI,,,,land_cover=Tarim,"Ağaçlandırma kapsamı dışı. Bu kare tarım alanı olarak sınıflanmış, orman rehabilitasyonu hedefi değil.",Öncelik sıralamasına dahil edilmiyor.,False
MAR_2024_01_003414,KAPSAM_DISI,,,,land_cover=Tarim,"Ağaçlandırma kapsamı dışı. Bu kare tarım alanı olarak sınıflanmış, orman rehabilitasyonu hedefi değil.",Öncelik sıralamasına dahil edilmiyor.,False
MAR_2024_01_003415,KAPSAM_DISI,,,,land_cover=Tarim,"Ağaçlandırma kapsamı dışı. Bu kare tarım alanı olarak sınıflanmış, orman rehabilitasyonu hedefi değil.",Öncelik sıralamasına dahil edilmiyor.,False
MAR_2024_01_003461,KAPSAM_DISI,,,,land_cover=Tarim,"Ağaçlandırma kapsamı dışı. Bu kare tarım alanı olarak sınıflanmış, orman rehabilitasyonu hedefi değil.",Öncelik sıralamasına dahil edilmiyor.,False
MAR_2024_01_003462,KAPSAM_DISI,,,,land_cover=Tarim,"Ağaçlandırma kapsamı dışı. Bu kare tarım alanı olarak sınıflanmış, orman rehabilitasyonu hedefi değil.",Öncelik sıralamasına dahil edilmiyor.,False
MAR_2024_01_003465,KAPSAM_DISI,,,,land_cover=Tarim,"Ağaçlandırma kapsamı dışı. Bu kare tarım alanı olarak sınıflanmış, orman rehabilitasyonu hedefi değil.",Öncelik sıralamasına dahil edilmiyor.,False
MAR_2024_01_003475,KAPSAM_DISI,,,,land_cover=Tarim,"Ağaçlandırma kapsamı dışı. Bu kare tarım alanı olarak sınıflanmış, orman rehabilitasyonu hedefi değil.",Öncelik sıralamasına dahil edilmiyor.,False
MAR_2024_01_003479,KAPSAM_DISI,,,,land_cover=Tarim,"Ağaçlandırma kapsamı dışı. Bu kare tarım alanı olarak sınıflanmış, orman rehabilitasyonu hedefi değil.",Öncelik sıralamasına dahil edilmiyor.,False
MAR_2024_01_003480,KAPSAM_DISI,,,,land_cover=Tarim,"Ağaçlandırma kapsamı dışı. Bu kare tarım alanı olarak sınıflanmış, orman rehabilitasyonu hedefi değil.",Öncelik sıralamasına dahil edilmiyor.,False
MAR_2024_01_003481,KAPSAM_DISI,,,,land_cover=Tarim,"Ağaçlandırma kapsamı dışı. Bu kare tarım alanı olarak sınıflanmış, orman rehabilitasyonu hedefi değil.",Öncelik sıralamasına dahil edilmiyor.,False
MAR_2024_01_003482,KAPSAM_DISI,,,,land_cover=Tarim,"Ağaçlandırma kapsamı dışı. Bu kare tarım alanı olarak sınıflanmış, orman rehabilitasyonu hedefi değil.",Öncelik sıralamasına dahil edilmiyor.,False
MAR_2024_01_003527,KAPSAM_DISI,,,,land_cover=Tarim,"Ağaçlandırma kapsamı dışı. Bu kare tarım alanı olarak sınıflanmış, orman rehabilitasyonu hedefi değil.",Öncelik sıralamasına dahil edilmiyor.,False
MAR_2024_01_003542,KAPSAM_DISI,,,,land_cover=Tarim,"Ağaçlandırma kapsamı dışı. Bu kare tarım alanı olarak sınıflanmış, orman rehabilitasyonu hedefi değil.",Öncelik sıralamasına dahil edilmiyor.,False
MAR_2024_01_003547,KAPSAM_DISI,,,,land_cover=Tarim,"Ağaçlandırma kapsamı dışı. Bu kare tarım alanı olarak sınıflanmış, orman rehabilitasyonu hedefi değil.",Öncelik sıralamasına dahil edilmiyor.,False
MAR_2024_01_003548,KAPSAM_DISI,,,,land_cover=Tarim,"Ağaçlandırma kapsamı dışı. Bu kare tarım alanı olarak sınıflanmış, orman rehabilitasyonu hedefi değil.",Öncelik sıralamasına dahil edilmiyor.,False
MAR_2024_01_003563,KAPSAM_DISI,,,,land_cover=Tarim,"Ağaçlandırma kapsamı dışı. Bu kare tarım alanı olarak sınıflanmış, orman rehabilitasyonu hedefi değil.",Öncelik sıralamasına dahil edilmiyor.,False
MAR_2024_01_003592,KAPSAM_DISI,,,,land_cover=Tarim,"Ağaçlandırma kapsamı dışı. Bu kare tarım alanı olarak sınıflanmış, orman rehabilitasyonu hedefi değil.",Öncelik sıralamasına dahil edilmiyor.,False
MAR_2024_01_003593,KAPSAM_DISI,,,,land_cover=Tarim,"Ağaçlandırma kapsamı dışı. Bu kare tarım alanı olarak sınıflanmış, orman rehabilitasyonu hedefi değil.",Öncelik sıralamasına dahil edilmiyor.,False
MAR_2024_01_003599,KAPSAM_DISI,,,,land_cover=Tarim,"Ağaçlandırma kapsamı dışı. Bu kare tarım alanı olarak sınıflanmış, orman rehabilitasyonu hedefi değil.",Öncelik sıralamasına dahil edilmiyor.,False
MAR_2024_01_003603,KAPSAM_DISI,,,,land_cover=Tarim,"Ağaçlandırma kapsamı dışı. Bu kare tarım alanı olarak sınıflanmış, orman rehabilitasyonu hedefi değil.",Öncelik sıralamasına dahil edilmiyor.,False
MAR_2024_01_003610,KAPSAM_DISI,,,,land_cover=Tarim,"Ağaçlandırma kapsamı dışı. Bu kare tarım alanı olarak sınıflanmış, orman rehabilitasyonu hedefi değil.",Öncelik sıralamasına dahil edilmiyor.,False
MAR_2024_01_003611,KAPSAM_DISI,,,,land_cover=Tarim,"Ağaçlandırma kapsamı dışı. Bu kare tarım alanı olarak sınıflanmış, orman rehabilitasyonu hedefi değil.",Öncelik sıralamasına dahil edilmiyor.,False
MAR_2024_01_003612,KAPSAM_DISI,,,,land_cover=Tarim,"Ağaçlandırma kapsamı dışı. Bu kare tarım alanı olarak sınıflanmış, orman rehabilitasyonu hedefi değil.",Öncelik sıralamasına dahil edilmiyor.,False
MAR_2024_01_003613,KAPSAM_DISI,,0.6507,,land_cover=Tarim,"Ağaçlandırma kapsamı dışı. Bu kare tarım alanı olarak sınıflanmış, orman rehabilitasyonu hedefi değil.",Öncelik sıralamasına dahil edilmiyor.,False
MAR_2024_01_003614,KAPSAM_DISI,,0.6067,,land_cover=Tarim,"Ağaçlandırma kapsamı dışı. Bu kare tarım alanı olarak sınıflanmış, orman rehabilitasyonu hedefi değil.",Öncelik sıralamasına dahil edilmiyor.,False
MAR_2024_01_003626,IZLE,DUSUK_GUVEN,,,prediction_status=low_severity,"İzle, müdahale etme. Yangın bu kareyi ağır yakmamış (düşük şiddet, dNBR 0,13).","Model bu rejimde tahmin üretmiyor. Kendi toparlanması bekleniyor, müdahale listesine alınmıyor. Bu bölgede referans yangınımız az — tahmin belirsizliği diğer bölgelerden yüksek, saha doğrulaması önerilir.",True
MAR_2024_01_003658,KAPSAM_DISI,,,,land_cover=Tarim,"Ağaçlandırma kapsamı dışı. Bu kare tarım alanı olarak sınıflanmış, orman rehabilitasyonu hedefi değil.",Öncelik sıralamasına dahil edilmiyor.,False
MAR_2024_01_003659,KAPSAM_DISI,,,,land_cover=Tarim,"Ağaçlandırma kapsamı dışı. Bu kare tarım alanı olarak sınıflanmış, orman rehabilitasyonu hedefi değil.",Öncelik sıralamasına dahil edilmiyor.,False
MAR_2024_01_003675,KAPSAM_DISI,,,,land_cover=Tarim,"Ağaçlandırma kapsamı dışı. Bu kare tarım alanı olarak sınıflanmış, orman rehabilitasyonu hedefi değil.",Öncelik sıralamasına dahil edilmiyor.,False
MAR_2024_01_003677,KAPSAM_DISI,,,,land_cover=Tarim,"Ağaçlandırma kapsamı dışı. Bu kare tarım alanı olarak sınıflanmış, orman rehabilitasyonu hedefi değil.",Öncelik sıralamasına dahil edilmiyor.,False
MAR_2024_01_003678,KAPSAM_DISI,,,,land_cover=Tarim,"Ağaçlandırma kapsamı dışı. Bu kare tarım alanı olarak sınıflanmış, orman rehabilitasyonu hedefi değil.",Öncelik sıralamasına dahil edilmiyor.,False
MAR_2024_01_003679,KAPSAM_DISI,,,,land_cover=Tarim,"Ağaçlandırma kapsamı dışı. Bu kare tarım alanı olarak sınıflanmış, orman rehabilitasyonu hedefi değil.",Öncelik sıralamasına dahil edilmiyor.,False
MAR_2024_01_003680,KAPSAM_DISI,,,,land_cover=Tarim,"Ağaçlandırma kapsamı dışı. Bu kare tarım alanı olarak sınıflanmış, orman rehabilitasyonu hedefi değil.",Öncelik sıralamasına dahil edilmiyor.,False
MAR_2024_01_003723,KAPSAM_DISI,,,,land_cover=Tarim,"Ağaçlandırma kapsamı dışı. Bu kare tarım alanı olarak sınıflanmış, orman rehabilitasyonu hedefi değil.",Öncelik sıralamasına dahil edilmiyor.,False
MAR_2024_01_003724,KAPSAM_DISI,,,,land_cover=Tarim,"Ağaçlandırma kapsamı dışı. Bu kare tarım alanı olarak sınıflanmış, orman rehabilitasyonu hedefi değil.",Öncelik sıralamasına dahil edilmiyor.,False
MAR_2024_01_003725,KAPSAM_DISI,,,,land_cover=Tarim,"Ağaçlandırma kapsamı dışı. Bu kare tarım alanı olarak sınıflanmış, orman rehabilitasyonu hedefi değil.",Öncelik sıralamasına dahil edilmiyor.,False
MAR_2024_01_003729,KAPSAM_DISI,,,,land_cover=Tarim,"Ağaçlandırma kapsamı dışı. Bu kare tarım alanı olarak sınıflanmış, orman rehabilitasyonu hedefi değil.",Öncelik sıralamasına dahil edilmiyor.,False
MAR_2024_01_003731,KAPSAM_DISI,,,,land_cover=Tarim,"Ağaçlandırma kapsamı dışı. Bu kare tarım alanı olarak sınıflanmış, orman rehabilitasyonu hedefi değil.",Öncelik sıralamasına dahil edilmiyor.,False
MAR_2024_01_003740,KAPSAM_DISI,,,,land_cover=Tarim,"Ağaçlandırma kapsamı dışı. Bu kare tarım alanı olarak sınıflanmış, orman rehabilitasyonu hedefi değil.",Öncelik sıralamasına dahil edilmiyor.,False
MAR_2024_01_003743,KAPSAM_DISI,,,,land_cover=Tarim,"Ağaçlandırma kapsamı dışı. Bu kare tarım alanı olarak sınıflanmış, orman rehabilitasyonu hedefi değil.",Öncelik sıralamasına dahil edilmiyor.,False
MAR_2024_01_003745,KAPSAM_DISI,,,,land_cover=Tarim,"Ağaçlandırma kapsamı dışı. Bu kare tarım alanı olarak sınıflanmış, orman rehabilitasyonu hedefi değil.",Öncelik sıralamasına dahil edilmiyor.,False
MAR_2024_01_003746,KAPSAM_DISI,,,,land_cover=Tarim,"Ağaçlandırma kapsamı dışı. Bu kare tarım alanı olarak sınıflanmış, orman rehabilitasyonu hedefi değil.",Öncelik sıralamasına dahil edilmiyor.,False
MAR_2024_01_003786,IZLE,DUSUK_GUVEN,,,prediction_status=low_severity,"İzle, müdahale etme. Yangın bu kareyi ağır yakmamış (düşük şiddet, dNBR 0,10).","Model bu rejimde tahmin üretmiyor. Kendi toparlanması bekleniyor, müdahale listesine alınmıyor. Bu bölgede referans yangınımız az — tahmin belirsizliği diğer bölgelerden yüksek, saha doğrulaması önerilir.",True
MAR_2024_01_003789,KAPSAM_DISI,,,,land_cover=Tarim,"Ağaçlandırma kapsamı dışı. Bu kare tarım alanı olarak sınıflanmış, orman rehabilitasyonu hedefi değil.",Öncelik sıralamasına dahil edilmiyor.,False
MAR_2024_01_003790,KAPSAM_DISI,,,,land_cover=Tarim,"Ağaçlandırma kapsamı dışı. Bu kare tarım alanı olarak sınıflanmış, orman rehabilitasyonu hedefi değil.",Öncelik sıralamasına dahil edilmiyor.,False
MAR_2024_01_003791,KAPSAM_DISI,,,,land_cover=Tarim,"Ağaçlandırma kapsamı dışı. Bu kare tarım alanı olarak sınıflanmış, orman rehabilitasyonu hedefi değil.",Öncelik sıralamasına dahil edilmiyor.,False
MAR_2024_01_003792,KAPSAM_DISI,,,,land_cover=Tarim,"Ağaçlandırma kapsamı dışı. Bu kare tarım alanı olarak sınıflanmış, orman rehabilitasyonu hedefi değil.",Öncelik sıralamasına dahil edilmiyor.,False
MAR_2024_01_003793,KAPSAM_DISI,,,,land_cover=Tarim,"Ağaçlandırma kapsamı dışı. Bu kare tarım alanı olarak sınıflanmış, orman rehabilitasyonu hedefi değil.",Öncelik sıralamasına dahil edilmiyor.,False
MAR_2024_01_003806,KAPSAM_DISI,,,,land_cover=Tarim,"Ağaçlandırma kapsamı dışı. Bu kare tarım alanı olarak sınıflanmış, orman rehabilitasyonu hedefi değil.",Öncelik sıralamasına dahil edilmiyor.,False
MAR_2024_01_003808,KAPSAM_DISI,,,,land_cover=Tarim,"Ağaçlandırma kapsamı dışı. Bu kare tarım alanı olarak sınıflanmış, orman rehabilitasyonu hedefi değil.",Öncelik sıralamasına dahil edilmiyor.,False
MAR_2024_01_003812,KAPSAM_DISI,,,,land_cover=Tarim,"Ağaçlandırma kapsamı dışı. Bu kare tarım alanı olarak sınıflanmış, orman rehabilitasyonu hedefi değil.",Öncelik sıralamasına dahil edilmiyor.,False
MAR_2024_01_003813,KAPSAM_DISI,,,,land_cover=Tarim,"Ağaçlandırma kapsamı dışı. Bu kare tarım alanı olarak sınıflanmış, orman rehabilitasyonu hedefi değil.",Öncelik sıralamasına dahil edilmiyor.,False
MAR_2024_01_003814,IZLE,DUSUK_GUVEN,,,prediction_status=low_severity,"İzle, müdahale etme. Yangın bu kareyi ağır yakmamış (düşük şiddet, dNBR 0,12).","Model bu rejimde tahmin üretmiyor. Kendi toparlanması bekleniyor, müdahale listesine alınmıyor. Bu bölgede referans yangınımız az — tahmin belirsizliği diğer bölgelerden yüksek, saha doğrulaması önerilir.",True
MAR_2024_01_003845,IZLE,DUSUK_GUVEN,,,prediction_status=low_severity,"İzle, müdahale etme. Yangın bu kareyi ağır yakmamış (düşük şiddet, dNBR 0,14).","Model bu rejimde tahmin üretmiyor. Kendi toparlanması bekleniyor, müdahale listesine alınmıyor. Bu bölgede referans yangınımız az — tahmin belirsizliği diğer bölgelerden yüksek, saha doğrulaması önerilir.",True
MAR_2024_01_003852,KAPSAM_DISI,,,,land_cover=Tarim,"Ağaçlandırma kapsamı dışı. Bu kare tarım alanı olarak sınıflanmış, orman rehabilitasyonu hedefi değil.",Öncelik sıralamasına dahil edilmiyor.,False
MAR_2024_01_003854,KAPSAM_DISI,,,,land_cover=Tarim,"Ağaçlandırma kapsamı dışı. Bu kare tarım alanı olarak sınıflanmış, orman rehabilitasyonu hedefi değil.",Öncelik sıralamasına dahil edilmiyor.,False
MAR_2024_01_003855,KAPSAM_DISI,,,,land_cover=Tarim,"Ağaçlandırma kapsamı dışı. Bu kare tarım alanı olarak sınıflanmış, orman rehabilitasyonu hedefi değil.",Öncelik sıralamasına dahil edilmiyor.,False
MAR_2024_01_003856,KAPSAM_DISI,,,,land_cover=Tarim,"Ağaçlandırma kapsamı dışı. Bu kare tarım alanı olarak sınıflanmış, orman rehabilitasyonu hedefi değil.",Öncelik sıralamasına dahil edilmiyor.,False
MAR_2024_01_003859,KAPSAM_DISI,,,,land_cover=Tarim,"Ağaçlandırma kapsamı dışı. Bu kare tarım alanı olarak sınıflanmış, orman rehabilitasyonu hedefi değil.",Öncelik sıralamasına dahil edilmiyor.,False
MAR_2024_01_003865,KAPSAM_DISI,,,,land_cover=Tarim,"Ağaçlandırma kapsamı dışı. Bu kare tarım alanı olarak sınıflanmış, orman rehabilitasyonu hedefi değil.",Öncelik sıralamasına dahil edilmiyor.,False
MAR_2024_01_003869,KAPSAM_DISI,,,,land_cover=Tarim,"Ağaçlandırma kapsamı dışı. Bu kare tarım alanı olarak sınıflanmış, orman rehabilitasyonu hedefi değil.",Öncelik sıralamasına dahil edilmiyor.,False
MAR_2024_01_003872,KAPSAM_DISI,,,,land_cover=Tarim,"Ağaçlandırma kapsamı dışı. Bu kare tarım alanı olarak sınıflanmış, orman rehabilitasyonu hedefi değil.",Öncelik sıralamasına dahil edilmiyor.,False
MAR_2024_01_003875,KAPSAM_DISI,,,,land_cover=Tarim,"Ağaçlandırma kapsamı dışı. Bu kare tarım alanı olarak sınıflanmış, orman rehabilitasyonu hedefi değil.",Öncelik sıralamasına dahil edilmiyor.,False
MAR_2024_01_003879,KAPSAM_DISI,,,,land_cover=Tarim,"Ağaçlandırma kapsamı dışı. Bu kare tarım alanı olarak sınıflanmış, orman rehabilitasyonu hedefi değil.",Öncelik sıralamasına dahil edilmiyor.,False
MAR_2024_01_003880,KAPSAM_DISI,,,,land_cover=Tarim,"Ağaçlandırma kapsamı dışı. Bu kare tarım alanı olarak sınıflanmış, orman rehabilitasyonu hedefi değil.",Öncelik sıralamasına dahil edilmiyor.,False
MAR_2024_01_003917,KAPSAM_DISI,,,,land_cover=Tarim,"Ağaçlandırma kapsamı dışı. Bu kare tarım alanı olarak sınıflanmış, orman rehabilitasyonu hedefi değil.",Öncelik sıralamasına dahil edilmiyor.,False
MAR_2024_01_003919,KAPSAM_DISI,,,,land_cover=Tarim,"Ağaçlandırma kapsamı dışı. Bu kare tarım alanı olarak sınıflanmış, orman rehabilitasyonu hedefi değil.",Öncelik sıralamasına dahil edilmiyor.,False
MAR_2024_01_003921,KAPSAM_DISI,,,,land_cover=Tarim,"Ağaçlandırma kapsamı dışı. Bu kare tarım alanı olarak sınıflanmış, orman rehabilitasyonu hedefi değil.",Öncelik sıralamasına dahil edilmiyor.,False
MAR_2024_01_003930,KAPSAM_DISI,,,,land_cover=Tarim,"Ağaçlandırma kapsamı dışı. Bu kare tarım alanı olarak sınıflanmış, orman rehabilitasyonu hedefi değil.",Öncelik sıralamasına dahil edilmiyor.,False
MAR_2024_01_003931,KAPSAM_DISI,,,,land_cover=Tarim,"Ağaçlandırma kapsamı dışı. Bu kare tarım alanı olarak sınıflanmış, orman rehabilitasyonu hedefi değil.",Öncelik sıralamasına dahil edilmiyor.,False
MAR_2024_01_003932,KAPSAM_DISI,,,,land_cover=Tarim,"Ağaçlandırma kapsamı dışı. Bu kare tarım alanı olarak sınıflanmış, orman rehabilitasyonu hedefi değil.",Öncelik sıralamasına dahil edilmiyor.,False
MAR_2024_01_003933,KAPSAM_DISI,,,,land_cover=Tarim,"Ağaçlandırma kapsamı dışı. Bu kare tarım alanı olarak sınıflanmış, orman rehabilitasyonu hedefi değil.",Öncelik sıralamasına dahil edilmiyor.,False
MAR_2024_01_003935,KAPSAM_DISI,,,,land_cover=Tarim,"Ağaçlandırma kapsamı dışı. Bu kare tarım alanı olarak sınıflanmış, orman rehabilitasyonu hedefi değil.",Öncelik sıralamasına dahil edilmiyor.,False
MAR_2024_01_003937,KAPSAM_DISI,,,,land_cover=Tarim,"Ağaçlandırma kapsamı dışı. Bu kare tarım alanı olarak sınıflanmış, orman rehabilitasyonu hedefi değil.",Öncelik sıralamasına dahil edilmiyor.,False
MAR_2024_01_003939,KAPSAM_DISI,,,,land_cover=Tarim,"Ağaçlandırma kapsamı dışı. Bu kare tarım alanı olarak sınıflanmış, orman rehabilitasyonu hedefi değil.",Öncelik sıralamasına dahil edilmiyor.,False
MAR_2024_01_003940,KAPSAM_DISI,,,,land_cover=Tarim,"Ağaçlandırma kapsamı dışı. Bu kare tarım alanı olarak sınıflanmış, orman rehabilitasyonu hedefi değil.",Öncelik sıralamasına dahil edilmiyor.,False
MAR_2024_01_003945,KAPSAM_DISI,,,,land_cover=Tarim,"Ağaçlandırma kapsamı dışı. Bu kare tarım alanı olarak sınıflanmış, orman rehabilitasyonu hedefi değil.",Öncelik sıralamasına dahil edilmiyor.,False
MAR_2024_01_003946,KAPSAM_DISI,,,,land_cover=Tarim,"Ağaçlandırma kapsamı dışı. Bu kare tarım alanı olarak sınıflanmış, orman rehabilitasyonu hedefi değil.",Öncelik sıralamasına dahil edilmiyor.,False
MAR_2024_01_003981,KAPSAM_DISI,,,,land_cover=Tarim,"Ağaçlandırma kapsamı dışı. Bu kare tarım alanı olarak sınıflanmış, orman rehabilitasyonu hedefi değil.",Öncelik sıralamasına dahil edilmiyor.,False
MAR_2024_01_003982,KAPSAM_DISI,,,,land_cover=Tarim,"Ağaçlandırma kapsamı dışı. Bu kare tarım alanı olarak sınıflanmış, orman rehabilitasyonu hedefi değil.",Öncelik sıralamasına dahil edilmiyor.,False
MAR_2024_01_003985,KAPSAM_DISI,,,,land_cover=Tarim,"Ağaçlandırma kapsamı dışı. Bu kare tarım alanı olarak sınıflanmış, orman rehabilitasyonu hedefi değil.",Öncelik sıralamasına dahil edilmiyor.,False
MAR_2024_01_003986,KAPSAM_DISI,,,,land_cover=Tarim,"Ağaçlandırma kapsamı dışı. Bu kare tarım alanı olarak sınıflanmış, orman rehabilitasyonu hedefi değil.",Öncelik sıralamasına dahil edilmiyor.,False
MAR_2024_01_003987,KAPSAM_DISI,,,,land_cover=Tarim,"Ağaçlandırma kapsamı dışı. Bu kare tarım alanı olarak sınıflanmış, orman rehabilitasyonu hedefi değil.",Öncelik sıralamasına dahil edilmiyor.,False
MAR_2024_01_003989,KAPSAM_DISI,,,,land_cover=Tarim,"Ağaçlandırma kapsamı dışı. Bu kare tarım alanı olarak sınıflanmış, orman rehabilitasyonu hedefi değil.",Öncelik sıralamasına dahil edilmiyor.,False
MAR_2024_01_003992,KAPSAM_DISI,,,,land_cover=Tarim,"Ağaçlandırma kapsamı dışı. Bu kare tarım alanı olarak sınıflanmış, orman rehabilitasyonu hedefi değil.",Öncelik sıralamasına dahil edilmiyor.,False
MAR_2024_01_003994,KAPSAM_DISI,,,,land_cover=Tarim,"Ağaçlandırma kapsamı dışı. Bu kare tarım alanı olarak sınıflanmış, orman rehabilitasyonu hedefi değil.",Öncelik sıralamasına dahil edilmiyor.,False
MAR_2024_01_003995,KAPSAM_DISI,,,,land_cover=Tarim,"Ağaçlandırma kapsamı dışı. Bu kare tarım alanı olarak sınıflanmış, orman rehabilitasyonu hedefi değil.",Öncelik sıralamasına dahil edilmiyor.,False
MAR_2024_01_003996,KAPSAM_DISI,,,,land_cover=Tarim,"Ağaçlandırma kapsamı dışı. Bu kare tarım alanı olarak sınıflanmış, orman rehabilitasyonu hedefi değil.",Öncelik sıralamasına dahil edilmiyor.,False
MAR_2024_01_003997,KAPSAM_DISI,,,,land_cover=Tarim,"Ağaçlandırma kapsamı dışı. Bu kare tarım alanı olarak sınıflanmış, orman rehabilitasyonu hedefi değil.",Öncelik sıralamasına dahil edilmiyor.,False
MAR_2024_01_003998,KAPSAM_DISI,,,,land_cover=Tarim,"Ağaçlandırma kapsamı dışı. Bu kare tarım alanı olarak sınıflanmış, orman rehabilitasyonu hedefi değil.",Öncelik sıralamasına dahil edilmiyor.,False
MAR_2024_01_003999,KAPSAM_DISI,,0.5405,,land_cover=Tarim,"Ağaçlandırma kapsamı dışı. Bu kare tarım alanı olarak sınıflanmış, orman rehabilitasyonu hedefi değil.",Öncelik sıralamasına dahil edilmiyor.,False
MAR_2024_01_004000,KAPSAM_DISI,,,,land_cover=Tarim,"Ağaçlandırma kapsamı dışı. Bu kare tarım alanı olarak sınıflanmış, orman rehabilitasyonu hedefi değil.",Öncelik sıralamasına dahil edilmiyor.,False
MAR_2024_01_004001,KAPSAM_DISI,,,,land_cover=Tarim,"Ağaçlandırma kapsamı dışı. Bu kare tarım alanı olarak sınıflanmış, orman rehabilitasyonu hedefi değil.",Öncelik sıralamasına dahil edilmiyor.,False
MAR_2024_01_004002,KAPSAM_DISI,,,,land_cover=Tarim,"Ağaçlandırma kapsamı dışı. Bu kare tarım alanı olarak sınıflanmış, orman rehabilitasyonu hedefi değil.",Öncelik sıralamasına dahil edilmiyor.,False
MAR_2024_01_004003,KAPSAM_DISI,,,,land_cover=Tarim,"Ağaçlandırma kapsamı dışı. Bu kare tarım alanı olarak sınıflanmış, orman rehabilitasyonu hedefi değil.",Öncelik sıralamasına dahil edilmiyor.,False
MAR_2024_01_004046,KAPSAM_DISI,,,,land_cover=Tarim,"Ağaçlandırma kapsamı dışı. Bu kare tarım alanı olarak sınıflanmış, orman rehabilitasyonu hedefi değil.",Öncelik sıralamasına dahil edilmiyor.,False
MAR_2024_01_004047,KAPSAM_DISI,,,,land_cover=Tarim,"Ağaçlandırma kapsamı dışı. Bu kare tarım alanı olarak sınıflanmış, orman rehabilitasyonu hedefi değil.",Öncelik sıralamasına dahil edilmiyor.,False
MAR_2024_01_004048,KAPSAM_DISI,,,,land_cover=Tarim,"Ağaçlandırma kapsamı dışı. Bu kare tarım alanı olarak sınıflanmış, orman rehabilitasyonu hedefi değil.",Öncelik sıralamasına dahil edilmiyor.,False
MAR_2024_01_004049,KAPSAM_DISI,,,,land_cover=Tarim,"Ağaçlandırma kapsamı dışı. Bu kare tarım alanı olarak sınıflanmış, orman rehabilitasyonu hedefi değil.",Öncelik sıralamasına dahil edilmiyor.,False
MAR_2024_01_004051,KAPSAM_DISI,,,,land_cover=Tarim,"Ağaçlandırma kapsamı dışı. Bu kare tarım alanı olarak sınıflanmış, orman rehabilitasyonu hedefi değil.",Öncelik sıralamasına dahil edilmiyor.,False
MAR_2024_01_004052,KAPSAM_DISI,,,,land_cover=Tarim,"Ağaçlandırma kapsamı dışı. Bu kare tarım alanı olarak sınıflanmış, orman rehabilitasyonu hedefi değil.",Öncelik sıralamasına dahil edilmiyor.,False
MAR_2024_01_004058,KAPSAM_DISI,,,,land_cover=Tarim,"Ağaçlandırma kapsamı dışı. Bu kare tarım alanı olarak sınıflanmış, orman rehabilitasyonu hedefi değil.",Öncelik sıralamasına dahil edilmiyor.,False
MAR_2024_01_004059,KAPSAM_DISI,,,,land_cover=Tarim,"Ağaçlandırma kapsamı dışı. Bu kare tarım alanı olarak sınıflanmış, orman rehabilitasyonu hedefi değil.",Öncelik sıralamasına dahil edilmiyor.,False
MAR_2024_01_004060,KAPSAM_DISI,,,,land_cover=Tarim,"Ağaçlandırma kapsamı dışı. Bu kare tarım alanı olarak sınıflanmış, orman rehabilitasyonu hedefi değil.",Öncelik sıralamasına dahil edilmiyor.,False
MAR_2024_01_004061,KAPSAM_DISI,,,,land_cover=Tarim,"Ağaçlandırma kapsamı dışı. Bu kare tarım alanı olarak sınıflanmış, orman rehabilitasyonu hedefi değil.",Öncelik sıralamasına dahil edilmiyor.,False
MAR_2024_01_004062,KAPSAM_DISI,,,,land_cover=Tarim,"Ağaçlandırma kapsamı dışı. Bu kare tarım alanı olarak sınıflanmış, orman rehabilitasyonu hedefi değil.",Öncelik sıralamasına dahil edilmiyor.,False
MAR_2024_01_004063,KAPSAM_DISI,,,,land_cover=Tarim,"Ağaçlandırma kapsamı dışı. Bu kare tarım alanı olarak sınıflanmış, orman rehabilitasyonu hedefi değil.",Öncelik sıralamasına dahil edilmiyor.,False
MAR_2024_01_004064,KAPSAM_DISI,,,,land_cover=Tarim,"Ağaçlandırma kapsamı dışı. Bu kare tarım alanı olarak sınıflanmış, orman rehabilitasyonu hedefi değil.",Öncelik sıralamasına dahil edilmiyor.,False
MAR_2024_01_004065,KAPSAM_DISI,,,,land_cover=Tarim,"Ağaçlandırma kapsamı dışı. Bu kare tarım alanı olarak sınıflanmış, orman rehabilitasyonu hedefi değil.",Öncelik sıralamasına dahil edilmiyor.,False
MAR_2024_01_004066,KAPSAM_DISI,,,,land_cover=Tarim,"Ağaçlandırma kapsamı dışı. Bu kare tarım alanı olarak sınıflanmış, orman rehabilitasyonu hedefi değil.",Öncelik sıralamasına dahil edilmiyor.,False
MAR_2024_01_004067,KAPSAM_DISI,,,,land_cover=Tarim,"Ağaçlandırma kapsamı dışı. Bu kare tarım alanı olarak sınıflanmış, orman rehabilitasyonu hedefi değil.",Öncelik sıralamasına dahil edilmiyor.,False
MAR_2024_01_004068,KAPSAM_DISI,,,,land_cover=Tarim,"Ağaçlandırma kapsamı dışı. Bu kare tarım alanı olarak sınıflanmış, orman rehabilitasyonu hedefi değil.",Öncelik sıralamasına dahil edilmiyor.,False
MAR_2024_01_004069,KAPSAM_DISI,,,,land_cover=Tarim,"Ağaçlandırma kapsamı dışı. Bu kare tarım alanı olarak sınıflanmış, orman rehabilitasyonu hedefi değil.",Öncelik sıralamasına dahil edilmiyor.,False
MAR_2024_01_004070,KAPSAM_DISI,,,,land_cover=Tarim,"Ağaçlandırma kapsamı dışı. Bu kare tarım alanı olarak sınıflanmış, orman rehabilitasyonu hedefi değil.",Öncelik sıralamasına dahil edilmiyor.,False
MAR_2024_01_004113,KAPSAM_DISI,,,,land_cover=Tarim,"Ağaçlandırma kapsamı dışı. Bu kare tarım alanı olarak sınıflanmış, orman rehabilitasyonu hedefi değil.",Öncelik sıralamasına dahil edilmiyor.,False
MAR_2024_01_004114,KAPSAM_DISI,,,,land_cover=Tarim,"Ağaçlandırma kapsamı dışı. Bu kare tarım alanı olarak sınıflanmış, orman rehabilitasyonu hedefi değil.",Öncelik sıralamasına dahil edilmiyor.,False
MAR_2024_01_004115,KAPSAM_DISI,,,,land_cover=Tarim,"Ağaçlandırma kapsamı dışı. Bu kare tarım alanı olarak sınıflanmış, orman rehabilitasyonu hedefi değil.",Öncelik sıralamasına dahil edilmiyor.,False
MAR_2024_01_004116,KAPSAM_DISI,,,,land_cover=Tarim,"Ağaçlandırma kapsamı dışı. Bu kare tarım alanı olarak sınıflanmış, orman rehabilitasyonu hedefi değil.",Öncelik sıralamasına dahil edilmiyor.,False
MAR_2024_01_004117,KAPSAM_DISI,,,,land_cover=Tarim,"Ağaçlandırma kapsamı dışı. Bu kare tarım alanı olarak sınıflanmış, orman rehabilitasyonu hedefi değil.",Öncelik sıralamasına dahil edilmiyor.,False
MAR_2024_01_004118,KAPSAM_DISI,,,,land_cover=Tarim,"Ağaçlandırma kapsamı dışı. Bu kare tarım alanı olarak sınıflanmış, orman rehabilitasyonu hedefi değil.",Öncelik sıralamasına dahil edilmiyor.,False
MAR_2024_01_004119,KAPSAM_DISI,,,,land_cover=Tarim,"Ağaçlandırma kapsamı dışı. Bu kare tarım alanı olarak sınıflanmış, orman rehabilitasyonu hedefi değil.",Öncelik sıralamasına dahil edilmiyor.,False
MAR_2024_01_004120,KAPSAM_DISI,,,,land_cover=Tarim,"Ağaçlandırma kapsamı dışı. Bu kare tarım alanı olarak sınıflanmış, orman rehabilitasyonu hedefi değil.",Öncelik sıralamasına dahil edilmiyor.,False
MAR_2024_01_004123,KAPSAM_DISI,,,,land_cover=Tarim,"Ağaçlandırma kapsamı dışı. Bu kare tarım alanı olarak sınıflanmış, orman rehabilitasyonu hedefi değil.",Öncelik sıralamasına dahil edilmiyor.,False
MAR_2024_01_004124,KAPSAM_DISI,,,,land_cover=Tarim,"Ağaçlandırma kapsamı dışı. Bu kare tarım alanı olarak sınıflanmış, orman rehabilitasyonu hedefi değil.",Öncelik sıralamasına dahil edilmiyor.,False
MAR_2024_01_004127,KAPSAM_DISI,,,,land_cover=Tarim,"Ağaçlandırma kapsamı dışı. Bu kare tarım alanı olarak sınıflanmış, orman rehabilitasyonu hedefi değil.",Öncelik sıralamasına dahil edilmiyor.,False
MAR_2024_01_004128,KAPSAM_DISI,,,,land_cover=Tarim,"Ağaçlandırma kapsamı dışı. Bu kare tarım alanı olarak sınıflanmış, orman rehabilitasyonu hedefi değil.",Öncelik sıralamasına dahil edilmiyor.,False
MAR_2024_01_004129,KAPSAM_DISI,,,,land_cover=Tarim,"Ağaçlandırma kapsamı dışı. Bu kare tarım alanı olarak sınıflanmış, orman rehabilitasyonu hedefi değil.",Öncelik sıralamasına dahil edilmiyor.,False
MAR_2024_01_004130,KAPSAM_DISI,,,,land_cover=Tarim,"Ağaçlandırma kapsamı dışı. Bu kare tarım alanı olarak sınıflanmış, orman rehabilitasyonu hedefi değil.",Öncelik sıralamasına dahil edilmiyor.,False
MAR_2024_01_004131,KAPSAM_DISI,,,,land_cover=Tarim,"Ağaçlandırma kapsamı dışı. Bu kare tarım alanı olarak sınıflanmış, orman rehabilitasyonu hedefi değil.",Öncelik sıralamasına dahil edilmiyor.,False
MAR_2024_01_004132,KAPSAM_DISI,,,,land_cover=Tarim,"Ağaçlandırma kapsamı dışı. Bu kare tarım alanı olarak sınıflanmış, orman rehabilitasyonu hedefi değil.",Öncelik sıralamasına dahil edilmiyor.,False
MAR_2024_01_004133,KAPSAM_DISI,,,,land_cover=Tarim,"Ağaçlandırma kapsamı dışı. Bu kare tarım alanı olarak sınıflanmış, orman rehabilitasyonu hedefi değil.",Öncelik sıralamasına dahil edilmiyor.,False
MAR_2024_01_004179,KAPSAM_DISI,,,,land_cover=Tarim,"Ağaçlandırma kapsamı dışı. Bu kare tarım alanı olarak sınıflanmış, orman rehabilitasyonu hedefi değil.",Öncelik sıralamasına dahil edilmiyor.,False
MAR_2024_01_004180,KAPSAM_DISI,,,,land_cover=Tarim,"Ağaçlandırma kapsamı dışı. Bu kare tarım alanı olarak sınıflanmış, orman rehabilitasyonu hedefi değil.",Öncelik sıralamasına dahil edilmiyor.,False
MAR_2024_01_004181,KAPSAM_DISI,,,,land_cover=Tarim,"Ağaçlandırma kapsamı dışı. Bu kare tarım alanı olarak sınıflanmış, orman rehabilitasyonu hedefi değil.",Öncelik sıralamasına dahil edilmiyor.,False
MAR_2024_01_004183,KAPSAM_DISI,,,,land_cover=Tarim,"Ağaçlandırma kapsamı dışı. Bu kare tarım alanı olarak sınıflanmış, orman rehabilitasyonu hedefi değil.",Öncelik sıralamasına dahil edilmiyor.,False
MAR_2024_01_004184,KAPSAM_DISI,,,,land_cover=Tarim,"Ağaçlandırma kapsamı dışı. Bu kare tarım alanı olarak sınıflanmış, orman rehabilitasyonu hedefi değil.",Öncelik sıralamasına dahil edilmiyor.,False
MAR_2024_01_004186,KAPSAM_DISI,,,,land_cover=Tarim,"Ağaçlandırma kapsamı dışı. Bu kare tarım alanı olarak sınıflanmış, orman rehabilitasyonu hedefi değil.",Öncelik sıralamasına dahil edilmiyor.,False
MAR_2024_01_004188,KAPSAM_DISI,,,,land_cover=Tarim,"Ağaçlandırma kapsamı dışı. Bu kare tarım alanı olarak sınıflanmış, orman rehabilitasyonu hedefi değil.",Öncelik sıralamasına dahil edilmiyor.,False
MAR_2024_01_004189,KAPSAM_DISI,,,,land_cover=Tarim,"Ağaçlandırma kapsamı dışı. Bu kare tarım alanı olarak sınıflanmış, orman rehabilitasyonu hedefi değil.",Öncelik sıralamasına dahil edilmiyor.,False
MAR_2024_01_004190,KAPSAM_DISI,,,,land_cover=Tarim,"Ağaçlandırma kapsamı dışı. Bu kare tarım alanı olarak sınıflanmış, orman rehabilitasyonu hedefi değil.",Öncelik sıralamasına dahil edilmiyor.,False
MAR_2024_01_004191,KAPSAM_DISI,,,,land_cover=Tarim,"Ağaçlandırma kapsamı dışı. Bu kare tarım alanı olarak sınıflanmış, orman rehabilitasyonu hedefi değil.",Öncelik sıralamasına dahil edilmiyor.,False
MAR_2024_01_004192,KAPSAM_DISI,,,,land_cover=Tarim,"Ağaçlandırma kapsamı dışı. Bu kare tarım alanı olarak sınıflanmış, orman rehabilitasyonu hedefi değil.",Öncelik sıralamasına dahil edilmiyor.,False
MAR_2024_01_004193,KAPSAM_DISI,,,,land_cover=Tarim,"Ağaçlandırma kapsamı dışı. Bu kare tarım alanı olarak sınıflanmış, orman rehabilitasyonu hedefi değil.",Öncelik sıralamasına dahil edilmiyor.,False
MAR_2024_01_004196,KAPSAM_DISI,,,,land_cover=Tarim,"Ağaçlandırma kapsamı dışı. Bu kare tarım alanı olarak sınıflanmış, orman rehabilitasyonu hedefi değil.",Öncelik sıralamasına dahil edilmiyor.,False
MAR_2024_01_004200,KAPSAM_DISI,,,,land_cover=Tarim,"Ağaçlandırma kapsamı dışı. Bu kare tarım alanı olarak sınıflanmış, orman rehabilitasyonu hedefi değil.",Öncelik sıralamasına dahil edilmiyor.,False
MAR_2024_01_004243,KAPSAM_DISI,,,,land_cover=Tarim,"Ağaçlandırma kapsamı dışı. Bu kare tarım alanı olarak sınıflanmış, orman rehabilitasyonu hedefi değil.",Öncelik sıralamasına dahil edilmiyor.,False
MAR_2024_01_004244,KAPSAM_DISI,,,,land_cover=Tarim,"Ağaçlandırma kapsamı dışı. Bu kare tarım alanı olarak sınıflanmış, orman rehabilitasyonu hedefi değil.",Öncelik sıralamasına dahil edilmiyor.,False
MAR_2024_01_004245,KAPSAM_DISI,,,,land_cover=Tarim,"Ağaçlandırma kapsamı dışı. Bu kare tarım alanı olarak sınıflanmış, orman rehabilitasyonu hedefi değil.",Öncelik sıralamasına dahil edilmiyor.,False
MAR_2024_01_004246,KAPSAM_DISI,,,,land_cover=Tarim,"Ağaçlandırma kapsamı dışı. Bu kare tarım alanı olarak sınıflanmış, orman rehabilitasyonu hedefi değil.",Öncelik sıralamasına dahil edilmiyor.,False
MAR_2024_01_004247,KAPSAM_DISI,,,,land_cover=Tarim,"Ağaçlandırma kapsamı dışı. Bu kare tarım alanı olarak sınıflanmış, orman rehabilitasyonu hedefi değil.",Öncelik sıralamasına dahil edilmiyor.,False
MAR_2024_01_004248,KAPSAM_DISI,,,,land_cover=Tarim,"Ağaçlandırma kapsamı dışı. Bu kare tarım alanı olarak sınıflanmış, orman rehabilitasyonu hedefi değil.",Öncelik sıralamasına dahil edilmiyor.,False
MAR_2024_01_004249,KAPSAM_DISI,,,,land_cover=Tarim,"Ağaçlandırma kapsamı dışı. Bu kare tarım alanı olarak sınıflanmış, orman rehabilitasyonu hedefi değil.",Öncelik sıralamasına dahil edilmiyor.,False
MAR_2024_01_004252,KAPSAM_DISI,,,,land_cover=Tarim,"Ağaçlandırma kapsamı dışı. Bu kare tarım alanı olarak sınıflanmış, orman rehabilitasyonu hedefi değil.",Öncelik sıralamasına dahil edilmiyor.,False
MAR_2024_01_004253,KAPSAM_DISI,,,,land_cover=Tarim,"Ağaçlandırma kapsamı dışı. Bu kare tarım alanı olarak sınıflanmış, orman rehabilitasyonu hedefi değil.",Öncelik sıralamasına dahil edilmiyor.,False
MAR_2024_01_004254,KAPSAM_DISI,,,,land_cover=Tarim,"Ağaçlandırma kapsamı dışı. Bu kare tarım alanı olarak sınıflanmış, orman rehabilitasyonu hedefi değil.",Öncelik sıralamasına dahil edilmiyor.,False
MAR_2024_01_004255,KAPSAM_DISI,,,,land_cover=Tarim,"Ağaçlandırma kapsamı dışı. Bu kare tarım alanı olarak sınıflanmış, orman rehabilitasyonu hedefi değil.",Öncelik sıralamasına dahil edilmiyor.,False
MAR_2024_01_004258,KAPSAM_DISI,,,,land_cover=Tarim,"Ağaçlandırma kapsamı dışı. Bu kare tarım alanı olarak sınıflanmış, orman rehabilitasyonu hedefi değil.",Öncelik sıralamasına dahil edilmiyor.,False
MAR_2024_01_004259,KAPSAM_DISI,,,,land_cover=Tarim,"Ağaçlandırma kapsamı dışı. Bu kare tarım alanı olarak sınıflanmış, orman rehabilitasyonu hedefi değil.",Öncelik sıralamasına dahil edilmiyor.,False
MAR_2024_01_004260,KAPSAM_DISI,,,,land_cover=Tarim,"Ağaçlandırma kapsamı dışı. Bu kare tarım alanı olarak sınıflanmış, orman rehabilitasyonu hedefi değil.",Öncelik sıralamasına dahil edilmiyor.,False
MAR_2024_01_004264,KAPSAM_DISI,,,,land_cover=Tarim,"Ağaçlandırma kapsamı dışı. Bu kare tarım alanı olarak sınıflanmış, orman rehabilitasyonu hedefi değil.",Öncelik sıralamasına dahil edilmiyor.,False
MAR_2024_01_004307,KAPSAM_DISI,,,,land_cover=Tarim,"Ağaçlandırma kapsamı dışı. Bu kare tarım alanı olarak sınıflanmış, orman rehabilitasyonu hedefi değil.",Öncelik sıralamasına dahil edilmiyor.,False
MAR_2024_01_004308,KAPSAM_DISI,,,,land_cover=Tarim,"Ağaçlandırma kapsamı dışı. Bu kare tarım alanı olarak sınıflanmış, orman rehabilitasyonu hedefi değil.",Öncelik sıralamasına dahil edilmiyor.,False
MAR_2024_01_004311,KAPSAM_DISI,,,,land_cover=Tarim,"Ağaçlandırma kapsamı dışı. Bu kare tarım alanı olarak sınıflanmış, orman rehabilitasyonu hedefi değil.",Öncelik sıralamasına dahil edilmiyor.,False
MAR_2024_01_004312,KAPSAM_DISI,,,,land_cover=Tarim,"Ağaçlandırma kapsamı dışı. Bu kare tarım alanı olarak sınıflanmış, orman rehabilitasyonu hedefi değil.",Öncelik sıralamasına dahil edilmiyor.,False
MAR_2024_01_004313,KAPSAM_DISI,,,,land_cover=Tarim,"Ağaçlandırma kapsamı dışı. Bu kare tarım alanı olarak sınıflanmış, orman rehabilitasyonu hedefi değil.",Öncelik sıralamasına dahil edilmiyor.,False
MAR_2024_01_004317,KAPSAM_DISI,,,,land_cover=Tarim,"Ağaçlandırma kapsamı dışı. Bu kare tarım alanı olarak sınıflanmış, orman rehabilitasyonu hedefi değil.",Öncelik sıralamasına dahil edilmiyor.,False
MAR_2024_01_004319,KAPSAM_DISI,,,,land_cover=Tarim,"Ağaçlandırma kapsamı dışı. Bu kare tarım alanı olarak sınıflanmış, orman rehabilitasyonu hedefi değil.",Öncelik sıralamasına dahil edilmiyor.,False
MAR_2024_01_004323,KAPSAM_DISI,,,,land_cover=Tarim,"Ağaçlandırma kapsamı dışı. Bu kare tarım alanı olarak sınıflanmış, orman rehabilitasyonu hedefi değil.",Öncelik sıralamasına dahil edilmiyor.,False
MAR_2024_01_004324,KAPSAM_DISI,,,,land_cover=Tarim,"Ağaçlandırma kapsamı dışı. Bu kare tarım alanı olarak sınıflanmış, orman rehabilitasyonu hedefi değil.",Öncelik sıralamasına dahil edilmiyor.,False
MAR_2024_01_004325,KAPSAM_DISI,,,,land_cover=Tarim,"Ağaçlandırma kapsamı dışı. Bu kare tarım alanı olarak sınıflanmış, orman rehabilitasyonu hedefi değil.",Öncelik sıralamasına dahil edilmiyor.,False
MAR_2024_01_004373,KAPSAM_DISI,,,,land_cover=Tarim,"Ağaçlandırma kapsamı dışı. Bu kare tarım alanı olarak sınıflanmış, orman rehabilitasyonu hedefi değil.",Öncelik sıralamasına dahil edilmiyor.,False
MAR_2024_01_004374,KAPSAM_DISI,,,,land_cover=Tarim,"Ağaçlandırma kapsamı dışı. Bu kare tarım alanı olarak sınıflanmış, orman rehabilitasyonu hedefi değil.",Öncelik sıralamasına dahil edilmiyor.,False
MAR_2024_01_004377,KAPSAM_DISI,,,,land_cover=Tarim,"Ağaçlandırma kapsamı dışı. Bu kare tarım alanı olarak sınıflanmış, orman rehabilitasyonu hedefi değil.",Öncelik sıralamasına dahil edilmiyor.,False
MAR_2024_01_004378,KAPSAM_DISI,,0.5493,,land_cover=Tarim,"Ağaçlandırma kapsamı dışı. Bu kare tarım alanı olarak sınıflanmış, orman rehabilitasyonu hedefi değil.",Öncelik sıralamasına dahil edilmiyor.,False
MAR_2024_01_004379,KAPSAM_DISI,,,,land_cover=Tarim,"Ağaçlandırma kapsamı dışı. Bu kare tarım alanı olarak sınıflanmış, orman rehabilitasyonu hedefi değil.",Öncelik sıralamasına dahil edilmiyor.,False
MAR_2024_01_004380,KAPSAM_DISI,,,,land_cover=Tarim,"Ağaçlandırma kapsamı dışı. Bu kare tarım alanı olarak sınıflanmış, orman rehabilitasyonu hedefi değil.",Öncelik sıralamasına dahil edilmiyor.,False
MAR_2024_01_004381,KAPSAM_DISI,,,,land_cover=Tarim,"Ağaçlandırma kapsamı dışı. Bu kare tarım alanı olarak sınıflanmış, orman rehabilitasyonu hedefi değil.",Öncelik sıralamasına dahil edilmiyor.,False
MAR_2024_01_004382,KAPSAM_DISI,,,,land_cover=Tarim,"Ağaçlandırma kapsamı dışı. Bu kare tarım alanı olarak sınıflanmış, orman rehabilitasyonu hedefi değil.",Öncelik sıralamasına dahil edilmiyor.,False
MAR_2024_01_004383,KAPSAM_DISI,,,,land_cover=Tarim,"Ağaçlandırma kapsamı dışı. Bu kare tarım alanı olarak sınıflanmış, orman rehabilitasyonu hedefi değil.",Öncelik sıralamasına dahil edilmiyor.,False
MAR_2024_01_004384,KAPSAM_DISI,,,,land_cover=Tarim,"Ağaçlandırma kapsamı dışı. Bu kare tarım alanı olarak sınıflanmış, orman rehabilitasyonu hedefi değil.",Öncelik sıralamasına dahil edilmiyor.,False
MAR_2024_01_004385,KAPSAM_DISI,,,,land_cover=Tarim,"Ağaçlandırma kapsamı dışı. Bu kare tarım alanı olarak sınıflanmış, orman rehabilitasyonu hedefi değil.",Öncelik sıralamasına dahil edilmiyor.,False
MAR_2024_01_004419,IZLE,ESKIDEN_ORMAN_DEGIL|DUSUK_GUVEN,,,prediction_status=low_severity,"İzle, müdahale etme. Yangın bu kareyi ağır yakmamış (düşük şiddet, dNBR 0,11).","Model bu rejimde tahmin üretmiyor. Kendi toparlanması bekleniyor, müdahale listesine alınmıyor. Yangın öncesi örtü otlak ve çalılık idi; orman kurma değil, mevcut örtünün onarımı düşünülmeli. Bu bölgede referans yangınımız az — tahmin belirsizliği diğer bölgelerden yüksek, saha doğrulaması önerilir.",True
MAR_2024_01_004420,KAPSAM_DISI,,,,land_cover=Tarim,"Ağaçlandırma kapsamı dışı. Bu kare tarım alanı olarak sınıflanmış, orman rehabilitasyonu hedefi değil.",Öncelik sıralamasına dahil edilmiyor.,False
MAR_2024_01_004421,KAPSAM_DISI,,,,land_cover=Tarim,"Ağaçlandırma kapsamı dışı. Bu kare tarım alanı olarak sınıflanmış, orman rehabilitasyonu hedefi değil.",Öncelik sıralamasına dahil edilmiyor.,False
MAR_2024_01_004443,KAPSAM_DISI,,,,land_cover=Tarim,"Ağaçlandırma kapsamı dışı. Bu kare tarım alanı olarak sınıflanmış, orman rehabilitasyonu hedefi değil.",Öncelik sıralamasına dahil edilmiyor.,False
MAR_2024_01_004444,KAPSAM_DISI,,,,land_cover=Tarim,"Ağaçlandırma kapsamı dışı. Bu kare tarım alanı olarak sınıflanmış, orman rehabilitasyonu hedefi değil.",Öncelik sıralamasına dahil edilmiyor.,False
MAR_2024_01_004445,KAPSAM_DISI,,0.4952,,land_cover=Tarim,"Ağaçlandırma kapsamı dışı. Bu kare tarım alanı olarak sınıflanmış, orman rehabilitasyonu hedefi değil.",Öncelik sıralamasına dahil edilmiyor.,False
MAR_2024_01_004446,KAPSAM_DISI,,,,land_cover=Tarim,"Ağaçlandırma kapsamı dışı. Bu kare tarım alanı olarak sınıflanmış, orman rehabilitasyonu hedefi değil.",Öncelik sıralamasına dahil edilmiyor.,False
MAR_2024_01_004447,KAPSAM_DISI,,,,land_cover=Tarim,"Ağaçlandırma kapsamı dışı. Bu kare tarım alanı olarak sınıflanmış, orman rehabilitasyonu hedefi değil.",Öncelik sıralamasına dahil edilmiyor.,False
MAR_2024_01_004448,KAPSAM_DISI,,,,land_cover=Tarim,"Ağaçlandırma kapsamı dışı. Bu kare tarım alanı olarak sınıflanmış, orman rehabilitasyonu hedefi değil.",Öncelik sıralamasına dahil edilmiyor.,False
MAR_2024_01_004449,KAPSAM_DISI,,,,land_cover=Tarim,"Ağaçlandırma kapsamı dışı. Bu kare tarım alanı olarak sınıflanmış, orman rehabilitasyonu hedefi değil.",Öncelik sıralamasına dahil edilmiyor.,False
MAR_2024_01_004450,KAPSAM_DISI,,,,land_cover=Tarim,"Ağaçlandırma kapsamı dışı. Bu kare tarım alanı olarak sınıflanmış, orman rehabilitasyonu hedefi değil.",Öncelik sıralamasına dahil edilmiyor.,False
MAR_2024_01_004451,KAPSAM_DISI,,,,land_cover=Tarim,"Ağaçlandırma kapsamı dışı. Bu kare tarım alanı olarak sınıflanmış, orman rehabilitasyonu hedefi değil.",Öncelik sıralamasına dahil edilmiyor.,False
MAR_2024_01_004485,KAPSAM_DISI,,,,land_cover=Tarim,"Ağaçlandırma kapsamı dışı. Bu kare tarım alanı olarak sınıflanmış, orman rehabilitasyonu hedefi değil.",Öncelik sıralamasına dahil edilmiyor.,False
MAR_2024_01_004486,KAPSAM_DISI,,,,land_cover=Tarim,"Ağaçlandırma kapsamı dışı. Bu kare tarım alanı olarak sınıflanmış, orman rehabilitasyonu hedefi değil.",Öncelik sıralamasına dahil edilmiyor.,False
MAR_2024_01_004487,KAPSAM_DISI,,,,land_cover=Tarim,"Ağaçlandırma kapsamı dışı. Bu kare tarım alanı olarak sınıflanmış, orman rehabilitasyonu hedefi değil.",Öncelik sıralamasına dahil edilmiyor.,False
