fire_id,cell_id,lat,lon,tree_cover,tree_cover_annual,burn_severity_dnbr,slope_deg,elevation_m,road_distance_km,ndvi_before,ndvi_after,ndvi_drop,severity_class,land_cover,prediction_status,recovery_gap_pred,priority_score,priority_class
AKD_2021_05,AKD_2021_05_000084,37.41279,35.61438,0.0,0.0,0.11145562,4.5906806,244.41595,1.0561873,0.2325567,0.13155854,0.10099816,dusuk,Tarim,low_severity,,0.0,DUSUK
AKD_2021_05,AKD_2021_05_000156,37.41153,35.56915,0.16430199,0.0,0.22465014,6.2024527,263.37152,0.76395315,0.45967856,0.23376551,0.22591305,dusuk,Tarim,low_severity,,0.0,DUSUK
AKD_2021_05,AKD_2021_05_000160,37.41129,35.58044,0.0,0.0,0.3068124,5.2742534,264.05188,0.6179377,0.46812958,0.19532657,0.272803,orta-dusuk,Tarim,predicted,0.1917,0.3312,ORTA
AKD_2021_05,AKD_2021_05_000172,37.41054,35.6143,0.0,0.0,0.18049814,5.1693635,242.16629,1.1208774,0.36510265,0.15335724,0.21174541,dusuk,Tarim,low_severity,,0.0,DUSUK
AKD_2021_05,AKD_2021_05_000173,37.41048,35.61712,0.0,0.0,0.28537673,1.584282,234.37558,0.8819163,0.461187,0.17643894,0.28474808,orta-dusuk,Tarim,predicted,0.1965,0.2401,DUSUK
AKD_2021_05,AKD_2021_05_000204,37.41168,35.45618,0.7883517,0.46493965,0.138592,7.824683,252.073,0.59374416,0.61430085,0.52723575,0.0870651,dusuk,Agaclik,low_severity,,0.0,DUSUK
AKD_2021_05,AKD_2021_05_000244,37.40928,35.56907,0.5108295,0.28878775,0.16817693,9.159505,275.32755,0.5696582,0.553776,0.36896282,0.1848132,dusuk,Tarim,low_severity,,0.0,DUSUK
AKD_2021_05,AKD_2021_05_000248,37.40904,35.58036,0.11945312,0.0,0.14681578,3.9213805,256.08517,0.43239045,0.37705928,0.22687988,0.1501794,dusuk,Tarim,low_severity,,0.0,DUSUK
AKD_2021_05,AKD_2021_05_000255,37.4086,35.60011,0.0575405,0.0,0.11556095,3.6589792,266.98404,0.33896312,0.3897673,0.27955246,0.11021483,dusuk,Tarim,low_severity,,0.0,DUSUK
AKD_2021_05,AKD_2021_05_000261,37.40823,35.61705,0.0,0.0,0.33412495,2.612144,227.22508,0.99311006,0.5126942,0.20021285,0.31248134,orta-dusuk,Tarim,predicted,0.2152,0.2762,ORTA
AKD_2021_05,AKD_2021_05_000290,37.40955,35.45046,0.78127056,0.80357474,0.11690745,12.055221,258.4488,0.054474562,0.6272126,0.5334711,0.09374148,dusuk,Agaclik,low_severity,,0.0,DUSUK
AKD_2021_05,AKD_2021_05_000291,37.40949,35.45328,0.8067269,0.42218184,0.20016629,9.757269,253.34541,0.26575896,0.60889447,0.47249842,0.13639605,dusuk,Agaclik,low_severity,,0.0,DUSUK
AKD_2021_05,AKD_2021_05_000292,37.40943,35.45611,0.8380563,0.45169488,0.11773813,7.204068,250.0794,0.42282787,0.6073973,0.5378085,0.06958884,dusuk,Agaclik,low_severity,,0.0,DUSUK
AKD_2021_05,AKD_2021_05_000294,37.40931,35.46175,0.42770335,0.04724849,0.12401068,2.992601,236.53058,0.2227048,0.547789,0.4620238,0.08576518,dusuk,Su,low_severity,,0.0,DUSUK
AKD_2021_05,AKD_2021_05_000297,37.40914,35.47022,0.65857726,0.0,0.21258904,5.253857,241.63585,0.83463496,0.45753473,0.2594645,0.19807023,dusuk,Otlak/calilik,low_severity,,0.0,DUSUK
AKD_2021_05,AKD_2021_05_000298,37.40908,35.47304,0.85450613,0.17576167,0.12474269,3.9513285,246.6772,0.7696848,0.5702722,0.48035455,0.08991766,dusuk,Otlak/calilik,low_severity,,0.0,DUSUK
AKD_2021_05,AKD_2021_05_000333,37.40697,35.57182,0.23447919,0.0,0.10614608,4.7146573,251.86996,0.21636228,0.37008935,0.2805245,0.08956486,dusuk,Tarim,low_severity,,0.0,DUSUK
AKD_2021_05,AKD_2021_05_000342,37.40641,35.59721,0.15165074,0.0,0.19610573,3.9027364,269.52646,0.4056698,0.3979911,0.21384194,0.18414915,dusuk,Tarim,low_severity,,0.0,DUSUK
AKD_2021_05,AKD_2021_05_000344,37.40629,35.60286,0.0,0.0,0.15767877,4.570677,279.0882,0.68533194,0.28288245,0.14929748,0.13358498,dusuk,Tarim,low_severity,,0.0,DUSUK
AKD_2021_05,AKD_2021_05_000376,37.40741,35.44474,0.5759448,0.5156783,0.27307686,8.689867,243.07483,0.34085435,0.58512884,0.38658953,0.19853932,orta-dusuk,Agaclik,low_severity,,0.0,DUSUK
AKD_2021_05,AKD_2021_05_000386,37.40683,35.47297,0.7520378,0.020511715,0.2079923,2.4097161,240.50334,0.9335282,0.55689,0.35982835,0.19706166,dusuk,Otlak/calilik,low_severity,,0.0,DUSUK
AKD_2021_05,AKD_2021_05_000431,37.4041,35.59996,0.11508774,0.0,0.17544189,3.0690277,255.49821,0.7231425,0.4356618,0.26722103,0.16844076,dusuk,Tarim,low_severity,,0.0,DUSUK
AKD_2021_05,AKD_2021_05_000437,37.40373,35.61689,0.0,0.0,0.2238594,3.7568305,223.08556,0.88893574,0.39100584,0.18221104,0.2087948,dusuk,Tarim,low_severity,,0.0,DUSUK
AKD_2021_05,AKD_2021_05_000474,37.40458,35.47289,0.6081406,0.0,0.25385195,2.495989,235.5636,0.87157094,0.43022987,0.24141341,0.18881646,dusuk,Su,low_severity,,0.0,DUSUK
AKD_2021_05,AKD_2021_05_000510,37.40241,35.57448,0.33942893,0.0,0.21248135,3.9414644,241.15349,0.21833234,0.46758652,0.2778244,0.18976212,dusuk,Tarim,low_severity,,0.0,DUSUK
AKD_2021_05,AKD_2021_05_000515,37.4021,35.58859,0.0,0.0,0.1010603,4.0103383,281.43942,0.24977894,0.2686724,0.1591629,0.10950951,dusuk,Tarim,low_severity,,0.0,DUSUK
AKD_2021_05,AKD_2021_05_000518,37.40191,35.59706,0.0,0.0,0.1272855,4.8626337,258.88968,0.6378952,0.27223432,0.16859,0.10364433,dusuk,Tarim,low_severity,,0.0,DUSUK
AKD_2021_05,AKD_2021_05_000519,37.40185,35.59988,0.12480667,0.0,0.19039167,2.7218168,248.23647,0.87849337,0.39326626,0.22036913,0.17289713,dusuk,Tarim,low_severity,,0.0,DUSUK
AKD_2021_05,AKD_2021_05_000520,37.40179,35.6027,0.0412476,0.0,0.18093309,4.6299887,263.8925,1.0636221,0.34880835,0.1510329,0.19777545,dusuk,Tarim,low_severity,,0.0,DUSUK
AKD_2021_05,AKD_2021_05_000521,37.40173,35.60552,0.0,0.0,0.23528543,4.4322333,261.55344,1.0280257,0.3701017,0.13311566,0.23698603,dusuk,Tarim,low_severity,,0.0,DUSUK
AKD_2021_05,AKD_2021_05_000522,37.40166,35.60835,0.0,0.0,0.13182099,3.7656355,243.86821,0.84231687,0.33254415,0.16399942,0.16854472,dusuk,Tarim,low_severity,,0.0,DUSUK
AKD_2021_05,AKD_2021_05_000525,37.40148,35.61681,0.0,0.0,0.19454832,4.5388927,222.40308,0.64612657,0.35964563,0.15703188,0.20261376,dusuk,Tarim,low_severity,,0.0,DUSUK
AKD_2021_05,AKD_2021_05_000581,37.40119,35.52644,0.4642092,0.43138894,0.109258845,4.8987703,311.4299,0.8599657,0.29698497,0.19663827,0.1003467,dusuk,Tarim,low_severity,,0.0,DUSUK
AKD_2021_05,AKD_2021_05_000598,37.40016,35.57441,0.37406403,0.0,0.18461818,6.9302974,242.36609,0.17554586,0.5211105,0.3244756,0.19663489,dusuk,Tarim,low_severity,,0.0,DUSUK
AKD_2021_05,AKD_2021_05_000599,37.40009,35.57723,0.062109586,0.0,0.14671451,3.133099,234.08508,0.13545099,0.39988843,0.22276199,0.17712644,dusuk,Tarim,low_severity,,0.0,DUSUK
AKD_2021_05,AKD_2021_05_000605,37.39972,35.59416,0.0,0.0,0.12465788,5.1833615,280.96198,0.57545406,0.2683242,0.18292618,0.08539802,dusuk,Tarim,low_severity,,0.0,DUSUK
AKD_2021_05,AKD_2021_05_000606,37.39966,35.59698,0.0,0.0,0.11401321,5.216485,258.47864,0.7556372,0.27362096,0.17403048,0.09959048,dusuk,Tarim,low_severity,,0.0,DUSUK
AKD_2021_05,AKD_2021_05_000610,37.39941,35.60827,0.0,0.0,0.10207035,3.8674908,238.2067,0.67953694,0.30667105,0.16268033,0.14399073,dusuk,Tarim,low_severity,,0.0,DUSUK
AKD_2021_05,AKD_2021_05_000611,37.39935,35.61109,0.0,0.0,0.2471012,2.3130174,227.00526,0.4893169,0.46545243,0.1818119,0.28364053,dusuk,Tarim,low_severity,,0.0,DUSUK
AKD_2021_05,AKD_2021_05_000651,37.40001,35.47557,0.7538654,0.0,0.18044628,9.755673,255.0976,0.54856855,0.526369,0.37431172,0.15205726,dusuk,Otlak/calilik,low_severity,,0.0,DUSUK
AKD_2021_05,AKD_2021_05_000687,37.39784,35.57715,0.057545766,0.0,0.31230554,2.0223696,225.70302,0.35566038,0.55688024,0.2673612,0.28951904,orta-dusuk,Tarim,predicted,0.199,0.3074,ORTA
AKD_2021_05,AKD_2021_05_000688,37.39778,35.57997,0.13169459,0.0,0.13659705,3.0593424,230.99872,0.33355647,0.38544044,0.24666598,0.13877445,dusuk,Tarim,low_severity,,0.0,DUSUK
AKD_2021_05,AKD_2021_05_000694,37.39741,35.5969,0.0,0.0,0.115553014,4.8255763,252.74303,0.92739683,0.2563123,0.14959165,0.106720656,dusuk,Tarim,low_severity,,0.0,DUSUK
AKD_2021_05,AKD_2021_05_000695,37.39735,35.59973,0.0,0.0,0.2902129,2.2388315,239.24571,1.0926875,0.4707145,0.23986442,0.23085009,orta-dusuk,Tarim,predicted,0.1501,0.1607,DUSUK
AKD_2021_05,AKD_2021_05_000701,37.39697,35.61665,0.0,0.0,0.16528876,2.4810312,227.8781,0.21685256,0.34161484,0.14978111,0.19183373,dusuk,Tarim,low_severity,,0.0,DUSUK
AKD_2021_05,AKD_2021_05_000732,37.39818,35.45574,0.7124577,0.5716377,0.11335811,9.170878,241.47517,0.1348631,0.43686348,0.30574584,0.13111764,dusuk,Agaclik,low_severity,,0.0,DUSUK
AKD_2021_05,AKD_2021_05_000739,37.39776,35.47549,0.7563638,0.0,0.11535692,12.03831,275.3306,0.29862687,0.5099132,0.42077333,0.08913988,dusuk,Otlak/calilik,low_severity,,0.0,DUSUK
AKD_2021_05,AKD_2021_05_000775,37.39559,35.57707,0.072176434,0.0,0.14879596,1.3350148,221.6345,0.5997013,0.37253845,0.22130905,0.1512294,dusuk,Tarim,low_severity,,0.0,DUSUK
AKD_2021_05,AKD_2021_05_000776,37.39553,35.5799,0.09324913,0.0,0.28344867,2.855836,223.96542,0.55500066,0.4900996,0.20287417,0.28722543,orta-dusuk,Tarim,predicted,0.2051,0.3116,ORTA
AKD_2021_05,AKD_2021_05_000777,37.39547,35.58272,0.0,0.0,0.11736833,5.222904,237.43875,0.52114594,0.31271815,0.16493872,0.14777943,dusuk,Tarim,low_severity,,0.0,DUSUK
AKD_2021_05,AKD_2021_05_000778,37.39541,35.58554,0.26908255,0.0,0.24834494,6.2289805,242.32188,0.60013366,0.50945765,0.28533608,0.22412157,dusuk,Tarim,low_severity,,0.0,DUSUK
AKD_2021_05,AKD_2021_05_000783,37.3951,35.59965,0.05755061,0.0,0.19480035,2.6842086,235.44044,0.8602905,0.44199103,0.24962369,0.19236735,dusuk,Tarim,low_severity,,0.0,DUSUK
AKD_2021_05,AKD_2021_05_000785,37.39497,35.60529,0.0,0.0,0.19918022,3.217635,246.23938,0.79569286,0.3008389,0.13220195,0.16863693,dusuk,Tarim,low_severity,,0.0,DUSUK
AKD_2021_05,AKD_2021_05_000786,37.39491,35.60811,0.0,0.0,0.111123405,4.023986,238.29895,0.5842225,0.27085188,0.14822602,0.12262586,dusuk,Tarim,low_severity,,0.0,DUSUK
AKD_2021_05,AKD_2021_05_000863,37.39334,35.577,0.12389509,0.0,0.12294535,2.5396125,222.45627,0.714338,0.3372841,0.24247956,0.094804525,dusuk,Tarim,low_severity,,0.0,DUSUK
AKD_2021_05,AKD_2021_05_000864,37.39328,35.57982,0.28774765,0.0,0.15334307,1.8467344,217.79182,0.79359406,0.48331565,0.34868982,0.13462582,dusuk,Tarim,low_severity,,0.0,DUSUK
AKD_2021_05,AKD_2021_05_000865,37.39322,35.58264,0.057549924,0.0,0.25644565,3.5556953,223.37172,0.77029794,0.45090938,0.2141619,0.23674747,dusuk,Tarim,low_severity,,0.0,DUSUK
AKD_2021_05,AKD_2021_05_000866,37.39316,35.58546,0.19359562,0.06877749,0.11527695,6.8202834,237.62083,0.82578826,0.3063089,0.19933528,0.10697362,dusuk,Tarim,low_severity,,0.0,DUSUK
AKD_2021_05,AKD_2021_05_000871,37.39285,35.59957,0.040984757,0.0,0.37976652,2.4525173,231.4259,0.64127487,0.5704609,0.21024993,0.36021098,orta-dusuk,Tarim,predicted,0.2513,0.3643,ORTA
AKD_2021_05,AKD_2021_05_000872,37.39278,35.60239,0.009987086,0.0,0.21488479,3.2011514,236.21547,0.5433665,0.4751587,0.18941185,0.28574684,dusuk,Tarim,low_severity,,0.0,DUSUK
AKD_2021_05,AKD_2021_05_000873,37.39272,35.60521,0.0,0.0,0.18275544,3.2194946,237.29568,0.5515985,0.29711783,0.14313444,0.15398338,dusuk,Tarim,low_severity,,0.0,DUSUK
AKD_2021_05,AKD_2021_05_000876,37.39253,35.61368,0.24900688,0.0,0.15302086,2.4522004,213.93306,0.3858885,0.45534074,0.2728159,0.18252483,dusuk,Tarim,low_severity,,0.0,DUSUK
AKD_2021_05,AKD_2021_05_000924,37.39273,35.50074,0.5356709,0.59565884,0.116621956,6.853626,295.47684,0.5397039,0.42845047,0.26851743,0.15993303,dusuk,Agaclik,low_severity,,0.0,DUSUK
AKD_2021_05,AKD_2021_05_000952,37.39103,35.57974,0.041978896,0.0,0.21730518,2.1442373,214.26465,0.6683465,0.45873594,0.26865333,0.19008261,dusuk,Tarim,low_severity,,0.0,DUSUK
AKD_2021_05,AKD_2021_05_000953,37.39097,35.58256,0.41302216,0.0,0.1781572,2.4890828,211.18652,0.669958,0.5540727,0.39296812,0.16110456,dusuk,Tarim,low_severity,,0.0,DUSUK
AKD_2021_05,AKD_2021_05_000954,37.3909,35.58538,0.16612886,0.023396363,0.11960288,5.183859,215.4199,0.75894684,0.35028118,0.2446045,0.10567668,dusuk,Tarim,low_severity,,0.0,DUSUK
AKD_2021_05,AKD_2021_05_000959,37.39059,35.59949,0.0,0.0,0.21288198,2.955007,227.25728,0.45537585,0.40189698,0.18856904,0.21332794,dusuk,Tarim,low_severity,,0.0,DUSUK
AKD_2021_05,AKD_2021_05_000960,37.39053,35.60231,0.057554375,0.0,0.16668199,3.5060024,229.21283,0.30229267,0.38856006,0.21246505,0.17609501,dusuk,Tarim,low_severity,,0.0,DUSUK
AKD_2021_05,AKD_2021_05_000961,37.39047,35.60513,0.0,0.0,0.119129926,3.7011027,234.48447,0.31685102,0.23722023,0.12722439,0.10999584,dusuk,Tarim,low_severity,,0.0,DUSUK
AKD_2021_05,AKD_2021_05_000962,37.39041,35.60796,0.0,0.0,0.13369271,3.561533,222.81493,0.48415726,0.33431405,0.15968087,0.17463318,dusuk,Tarim,low_severity,,0.0,DUSUK
AKD_2021_05,AKD_2021_05_000963,37.39035,35.61078,0.05260643,0.0,0.13641447,2.5202692,226.40862,0.70244,0.25161102,0.20323847,0.04837255,dusuk,Tarim,low_severity,,0.0,DUSUK
AKD_2021_05,AKD_2021_05_000964,37.39028,35.6136,0.08455091,0.0,0.20697497,3.7468224,212.5265,0.63338983,0.38405868,0.1937668,0.19029188,dusuk,Tarim,low_severity,,0.0,DUSUK
AKD_2021_05,AKD_2021_05_001041,37.38871,35.58249,0.09972672,0.0,0.12745665,1.8376075,208.47598,0.42739192,0.3618304,0.23293367,0.12889674,dusuk,Tarim,low_severity,,0.0,DUSUK
AKD_2021_05,AKD_2021_05_001042,37.38865,35.58531,0.09776244,0.0,0.13672519,2.470164,206.77667,0.5566152,0.30766606,0.19733182,0.11033425,dusuk,Tarim,low_severity,,0.0,DUSUK
AKD_2021_05,AKD_2021_05_001046,37.38841,35.59659,0.0,0.0,0.1898824,5.051356,242.67741,0.60785455,0.374116,0.1542649,0.2198511,dusuk,Tarim,low_severity,,0.0,DUSUK
AKD_2021_05,AKD_2021_05_001047,37.38834,35.59941,0.0,0.0,0.30163622,3.0546477,221.52934,0.35847017,0.5038046,0.1878785,0.31592613,orta-dusuk,Tarim,predicted,0.2236,0.3639,ORTA
AKD_2021_05,AKD_2021_05_001050,37.38816,35.60788,0.0,0.0,0.13945863,3.411759,214.3505,0.39438808,0.32763577,0.16058454,0.16705123,dusuk,Tarim,low_severity,,0.0,DUSUK
AKD_2021_05,AKD_2021_05_001051,37.38809,35.6107,0.0,0.0,0.13977659,2.7919772,219.2343,0.64386,0.2662319,0.13286838,0.13336352,dusuk,Tarim,low_severity,,0.0,DUSUK
AKD_2021_05,AKD_2021_05_001052,37.38803,35.61352,0.0,0.0,0.103933625,3.559014,208.29247,0.8823012,0.27700615,0.15083852,0.12616763,dusuk,Tarim,low_severity,,0.0,DUSUK
AKD_2021_05,AKD_2021_05_001128,37.38653,35.57959,0.23494911,0.0,0.10126833,3.7693133,221.2572,0.19831131,0.36224908,0.2593819,0.102867186,dusuk,Tarim,low_severity,,0.0,DUSUK
AKD_2021_05,AKD_2021_05_001129,37.38646,35.58241,0.2425689,0.0,0.16384134,2.1729333,208.61153,0.2036762,0.45116234,0.26221538,0.18894696,dusuk,Tarim,low_severity,,0.0,DUSUK
AKD_2021_05,AKD_2021_05_001130,37.3864,35.58523,0.23050179,0.0,0.12216708,1.9529707,203.6846,0.36901423,0.33891425,0.24385291,0.09506133,dusuk,Tarim,low_severity,,0.0,DUSUK
AKD_2021_05,AKD_2021_05_001134,37.38615,35.59652,0.0,0.0,0.121836215,4.405195,236.33025,0.64468664,0.32477033,0.1656168,0.15915354,dusuk,Tarim,low_severity,,0.0,DUSUK
AKD_2021_05,AKD_2021_05_001135,37.38609,35.59934,0.0,0.0,0.17662649,3.2500503,220.38075,0.417893,0.3244154,0.1573866,0.16702878,dusuk,Tarim,low_severity,,0.0,DUSUK
AKD_2021_05,AKD_2021_05_001141,37.38572,35.61626,0.0,0.0,0.15033396,7.605156,195.17313,0.82205904,0.39991975,0.19089544,0.20902431,dusuk,Tarim,low_severity,,0.0,DUSUK
AKD_2021_05,AKD_2021_05_001222,37.3839,35.59644,0.0,0.0,0.11578761,3.9427714,223.03339,0.7659991,0.29587525,0.15523303,0.14064223,dusuk,Tarim,low_severity,,0.0,DUSUK
AKD_2021_05,AKD_2021_05_001223,37.38384,35.59926,0.0,0.0,0.16279936,2.3075848,213.94463,0.5880206,0.31479496,0.1526806,0.16211435,dusuk,Tarim,low_severity,,0.0,DUSUK
AKD_2021_05,AKD_2021_05_001224,37.38378,35.60208,0.0,0.0,0.14346227,3.0749173,213.57967,0.47935578,0.40051192,0.21302629,0.18748564,dusuk,Tarim,low_severity,,0.0,DUSUK
AKD_2021_05,AKD_2021_05_001297,37.38245,35.55969,0.22932686,0.31042722,0.21663459,6.343586,268.72742,1.2503307,0.4201799,0.24801812,0.17216179,dusuk,Tarim,low_severity,,0.0,DUSUK
AKD_2021_05,AKD_2021_05_001300,37.38227,35.56815,0.6622024,0.6763886,0.12234843,8.874382,285.52823,0.88917583,0.5384124,0.42675245,0.111659944,dusuk,Agaclik,low_severity,,0.0,DUSUK
AKD_2021_05,AKD_2021_05_001311,37.38159,35.59918,0.0,0.0,0.39566672,1.470944,206.94412,0.8011878,0.54376715,0.17836529,0.36540186,orta-dusuk,Tarim,predicted,0.2485,0.3245,ORTA
AKD_2021_05,AKD_2021_05_001367,37.38129,35.50883,0.60588217,0.7184723,0.1388754,5.318267,255.81093,0.4712165,0.4705941,0.31336156,0.15723255,dusuk,Agaclik,low_severity,,0.0,DUSUK
AKD_2021_05,AKD_2021_05_001370,37.38111,35.51729,0.11510198,0.0,0.10134021,4.4393415,224.33005,0.7078092,0.29527706,0.21074432,0.08453274,dusuk,Tarim,low_severity,,0.0,DUSUK
AKD_2021_05,AKD_2021_05_001371,37.38105,35.52011,0.2731673,0.0,0.15161446,4.498941,223.25317,0.9186821,0.4097926,0.29635012,0.11344248,dusuk,Tarim,low_severity,,0.0,DUSUK
AKD_2021_05,AKD_2021_05_001384,37.38026,35.55679,0.61378336,0.042738527,0.13225742,10.530521,274.94724,1.6038777,0.45767993,0.35023832,0.107441604,dusuk,Tarim,low_severity,,0.0,DUSUK
AKD_2021_05,AKD_2021_05_001385,37.3802,35.55961,0.0,0.02602828,0.28175795,3.9170558,257.99792,1.4369618,0.3877188,0.16544363,0.22227517,orta-dusuk,Tarim,predicted,0.1506,0.1575,DUSUK
AKD_2021_05,AKD_2021_05_001386,37.38014,35.56243,0.42810687,0.34736562,0.18341726,7.939142,278.4841,1.2970331,0.42316025,0.26081774,0.16234252,dusuk,Tarim,low_severity,,0.0,DUSUK
AKD_2021_05,AKD_2021_05_001388,37.38002,35.56807,0.6159411,0.5413594,0.107931316,7.0276,292.50967,1.1367348,0.3424973,0.25071445,0.09178284,dusuk,Agaclik,low_severity,,0.0,DUSUK
AKD_2021_05,AKD_2021_05_001391,37.37983,35.57654,0.7603601,0.62965167,0.13065803,5.7508874,225.6478,0.63915867,0.5589942,0.43116474,0.12782943,dusuk,Agaclik,low_severity,,0.0,DUSUK
AKD_2021_05,AKD_2021_05_001394,37.37965,35.585,0.24144237,0.0,0.1130558,3.7503004,198.87833,0.14937884,0.4015298,0.2644453,0.13708448,dusuk,Tarim,low_severity,,0.0,DUSUK
AKD_2021_05,AKD_2021_05_001396,37.37952,35.59064,0.03540491,0.0,0.10019392,1.9839947,197.28581,0.61320806,0.31946224,0.18385482,0.13560742,dusuk,Tarim,low_severity,,0.0,DUSUK
AKD_2021_05,AKD_2021_05_001398,37.3794,35.59628,0.0,0.0,0.16782588,3.1107962,208.5718,1.1089338,0.33318397,0.1479669,0.18521707,dusuk,Tarim,low_severity,,0.0,DUSUK
AKD_2021_05,AKD_2021_05_001399,37.37934,35.5991,0.0,0.0,0.21166,1.9113103,203.53989,1.0310363,0.42044526,0.20043191,0.22001335,dusuk,Tarim,low_severity,,0.0,DUSUK
AKD_2021_05,AKD_2021_05_001451,37.37928,35.49747,0.007880993,0.017648596,0.12170252,3.0863662,203.38133,0.58478403,0.3078496,0.2285734,0.07927619,dusuk,Tarim,low_severity,,0.0,DUSUK
AKD_2021_05,AKD_2021_05_001455,37.37904,35.50875,0.020457687,0.0008571096,0.21033093,3.505212,241.5288,0.2621567,0.34899923,0.1617571,0.18724214,dusuk,Tarim,low_severity,,0.0,DUSUK
AKD_2021_05,AKD_2021_05_001457,37.37892,35.5144,0.27986708,0.042906623,0.1525199,3.143212,216.01874,0.36012784,0.37678018,0.24755257,0.12922761,dusuk,Tarim,low_severity,,0.0,DUSUK
AKD_2021_05,AKD_2021_05_001458,37.37886,35.51722,0.16313133,0.0,0.17598213,2.5757887,214.32268,0.5896397,0.37428507,0.221504,0.15278107,dusuk,Tarim,low_severity,,0.0,DUSUK
AKD_2021_05,AKD_2021_05_001473,37.37795,35.55953,0.15666853,0.0,0.21169196,5.0739326,250.6951,1.5287269,0.3887329,0.21525857,0.17347434,dusuk,Tarim,low_severity,,0.0,DUSUK
AKD_2021_05,AKD_2021_05_001484,37.37727,35.59056,0.0,0.0,0.11423387,1.5765018,190.3524,0.7016258,0.34899575,0.23885766,0.11013809,dusuk,Tarim,low_severity,,0.0,DUSUK
AKD_2021_05,AKD_2021_05_001494,37.37665,35.61877,0.0,0.0,0.12787549,9.075608,181.89061,0.55850506,0.48564762,0.34957257,0.13607505,dusuk,Tarim,low_severity,,0.0,DUSUK
AKD_2021_05,AKD_2021_05_001539,37.37703,35.49739,0.0,0.0,0.10561225,2.1253552,196.3962,0.40549198,0.31519622,0.2319771,0.08321911,dusuk,Tarim,low_severity,,0.0,DUSUK
AKD_2021_05,AKD_2021_05_001543,37.37679,35.50868,0.0,0.0,0.14608777,2.838302,233.22891,0.20101564,0.25818044,0.13826329,0.119917154,dusuk,Tarim,low_severity,,0.0,DUSUK
AKD_2021_05,AKD_2021_05_001546,37.37661,35.51714,0.18087676,0.0,0.120344296,1.9042386,208.32924,0.56511605,0.35402054,0.26577115,0.088249385,dusuk,Tarim,low_severity,,0.0,DUSUK
AKD_2021_05,AKD_2021_05_001561,37.3757,35.55946,0.12996669,0.0,0.14967018,3.9668343,241.94548,1.3336682,0.37021393,0.24048312,0.1297308,dusuk,Tarim,low_severity,,0.0,DUSUK
AKD_2021_05,AKD_2021_05_001571,37.37508,35.58766,0.104136944,0.0,0.18131092,2.2383206,186.2239,0.70297825,0.5139651,0.32029414,0.19367093,dusuk,Tarim,low_severity,,0.0,DUSUK
AKD_2021_05,AKD_2021_05_001572,37.37502,35.59049,0.0,0.0,0.17840841,1.7040045,187.0886,0.8564657,0.4298931,0.25321817,0.17667493,dusuk,Tarim,low_severity,,0.0,DUSUK
AKD_2021_05,AKD_2021_05_001576,37.37477,35.60177,0.0,0.0,0.16840206,3.26416,206.79971,1.0896167,0.25560653,0.14451592,0.111090615,dusuk,Tarim,low_severity,,0.0,DUSUK
AKD_2021_05,AKD_2021_05_001579,37.37459,35.61023,0.0,0.0,0.10105476,2.7449272,191.37846,1.1855829,0.25161147,0.1319405,0.11967097,dusuk,Tarim,low_severity,,0.0,DUSUK
AKD_2021_05,AKD_2021_05_001580,37.37453,35.61305,0.0,0.0,0.26012227,2.1060493,181.65865,0.97837853,0.463079,0.20688203,0.25619698,dusuk,Tarim,low_severity,,0.0,DUSUK
AKD_2021_05,AKD_2021_05_001582,37.3744,35.61869,0.0,0.0,0.13566607,8.718618,184.81711,0.4792142,0.32651335,0.39797056,-0.07145721,dusuk,Tarim,low_severity,,0.0,DUSUK
AKD_2021_05,AKD_2021_05_001650,37.37339,35.5622,0.1737447,0.0043735513,0.1148863,6.6933627,240.49774,0.98078984,0.3377639,0.19622935,0.14153455,dusuk,Tarim,low_severity,,0.0,DUSUK
AKD_2021_05,AKD_2021_05_001663,37.37259,35.59887,0.0,0.0,0.20271805,1.956085,193.14502,0.74774057,0.41432822,0.1849155,0.22941272,dusuk,Tarim,low_severity,,0.0,DUSUK
AKD_2021_05,AKD_2021_05_001664,37.37252,35.60169,0.0,0.0,0.19836588,2.7797055,202.09474,0.88991606,0.272641,0.13397843,0.13866258,dusuk,Tarim,low_severity,,0.0,DUSUK
AKD_2021_05,AKD_2021_05_001667,37.37234,35.61015,0.0,0.0,0.18207619,2.800364,185.22122,0.9759882,0.27183664,0.12633643,0.14550021,dusuk,Tarim,low_severity,,0.0,DUSUK
AKD_2021_05,AKD_2021_05_001668,37.37227,35.61297,0.0,0.0,0.22755124,1.7002403,176.8697,0.8499812,0.45394224,0.2172268,0.23671544,dusuk,Tarim,low_severity,,0.0,DUSUK
AKD_2021_05,AKD_2021_05_001669,37.37221,35.61579,0.0,0.0,0.11190334,4.3980036,182.70569,0.7573993,0.4292112,0.27275866,0.15645254,dusuk,Tarim,low_severity,,0.0,DUSUK
AKD_2021_05,AKD_2021_05_001679,37.37463,35.39569,0.6530303,1.0,0.13672803,10.535146,484.52832,0.41086543,0.37591344,0.27832803,0.09758541,dusuk,Agaclik,low_severity,,0.0,DUSUK
AKD_2021_05,AKD_2021_05_001680,37.37457,35.39851,0.27412245,1.0,0.19409075,3.7547936,513.34674,0.32629776,0.3428185,0.18941718,0.15340132,dusuk,Agaclik,low_severity,,0.0,DUSUK
AKD_2021_05,AKD_2021_05_001698,37.37353,35.44929,0.50509334,0.09861503,0.15804164,4.5431566,216.97208,0.26013935,0.4436314,0.31845194,0.12517947,dusuk,Tarim,low_severity,,0.0,DUSUK
AKD_2021_05,AKD_2021_05_001699,37.37347,35.45211,0.6894276,0.47673163,0.112668306,4.7136393,214.13223,0.3672607,0.46377775,0.36251473,0.10126302,dusuk,Agaclik,low_severity,,0.0,DUSUK
AKD_2021_05,AKD_2021_05_001700,37.37341,35.45493,0.7284034,0.6077077,0.14092477,7.062348,209.68219,0.4891546,0.57462776,0.452259,0.12236875,dusuk,Agaclik,low_severity,,0.0,DUSUK
AKD_2021_05,AKD_2021_05_001701,37.37335,35.45775,0.5044777,0.37251255,0.16220604,7.776864,206.07721,0.6141687,0.55122095,0.42167783,0.12954313,dusuk,Tarim,low_severity,,0.0,DUSUK
AKD_2021_05,AKD_2021_05_001721,37.37216,35.51417,0.08518781,0.0,0.14704283,2.1160955,198.4676,0.64787,0.43748993,0.35978073,0.0777092,dusuk,Tarim,low_severity,,0.0,DUSUK
AKD_2021_05,AKD_2021_05_001725,37.37192,35.52545,0.0,0.0,0.10514985,2.8680563,218.35318,0.24254784,0.27668226,0.17086853,0.10581373,dusuk,Tarim,low_severity,,0.0,DUSUK
AKD_2021_05,AKD_2021_05_001732,37.3715,35.5452,0.5423734,0.5697952,0.14913425,6.970167,288.43048,0.8301653,0.5193031,0.3295607,0.18974239,dusuk,Agaclik,low_severity,,0.0,DUSUK
AKD_2021_05,AKD_2021_05_001737,37.3712,35.5593,0.04271654,0.13700244,0.15300737,7.2825813,245.64333,1.0183324,0.31352153,0.19237007,0.12115146,dusuk,Tarim,low_severity,,0.0,DUSUK
AKD_2021_05,AKD_2021_05_001738,37.37113,35.56212,0.0,0.0,0.120292805,3.439745,229.25505,0.80846375,0.30258405,0.18842469,0.11415936,dusuk,Tarim,low_severity,,0.0,DUSUK
AKD_2021_05,AKD_2021_05_001744,37.37077,35.57905,0.0,0.0,0.12868479,5.2721634,228.1952,0.46214768,0.24906245,0.13107902,0.11798343,dusuk,Tarim,low_severity,,0.0,DUSUK
AKD_2021_05,AKD_2021_05_001748,37.37052,35.59033,0.009232129,0.0,0.13774443,1.191944,178.60469,0.4604784,0.42061287,0.43440446,-0.013791591,dusuk,Tarim,low_severity,,0.0,DUSUK
AKD_2021_05,AKD_2021_05_001751,37.37033,35.59879,0.0,0.0,0.1673044,2.0781825,188.76266,0.53740305,0.38037115,0.20410818,0.17626297,dusuk,Tarim,low_severity,,0.0,DUSUK
AKD_2021_05,AKD_2021_05_001767,37.37237,35.39562,0.6732212,1.0,0.14795345,12.432853,461.39172,0.6068386,0.33578798,0.22709362,0.10869436,dusuk,Agaclik,low_severity,,0.0,DUSUK
AKD_2021_05,AKD_2021_05_001768,37.37232,35.39844,0.1999459,1.0,0.12188561,10.7304535,493.16498,0.3642629,0.3380841,0.2343033,0.103780806,dusuk,Agaclik,low_severity,,0.0,DUSUK
AKD_2021_05,AKD_2021_05_001787,37.37122,35.45204,0.47309038,0.36504626,0.15068138,4.0977697,221.1206,0.21673585,0.44843942,0.33267462,0.1157648,dusuk,Tarim,low_severity,,0.0,DUSUK
AKD_2021_05,AKD_2021_05_001788,37.37116,35.45486,0.72192854,0.37841272,0.10781714,5.289638,216.98242,0.26290205,0.510541,0.4234875,0.08705351,dusuk,Tarim,low_severity,,0.0,DUSUK
AKD_2021_05,AKD_2021_05_001813,37.36967,35.52538,0.013668682,0.0,0.14977928,3.839778,213.71394,0.37182924,0.33833873,0.18961957,0.14871916,dusuk,Tarim,low_severity,,0.0,DUSUK
AKD_2021_05,AKD_2021_05_001814,37.36961,35.5282,0.23433353,0.025120167,0.14014544,6.0207973,227.96782,0.28402507,0.35569918,0.23363027,0.12206891,dusuk,Tarim,low_severity,,0.0,DUSUK
AKD_2021_05,AKD_2021_05_001815,37.36955,35.53102,0.5193495,0.21371374,0.1016964,6.831202,239.88588,0.3848162,0.40852207,0.31782013,0.09070194,dusuk,Tarim,low_severity,,0.0,DUSUK
AKD_2021_05,AKD_2021_05_001820,37.36925,35.54512,0.4632999,0.59783775,0.14013508,8.208917,292.49738,0.5856324,0.43206617,0.30850372,0.123562455,dusuk,Agaclik,low_severity,,0.0,DUSUK
AKD_2021_05,AKD_2021_05_001821,37.36919,35.54794,0.49584818,0.49645707,0.15066771,7.4732585,277.00015,0.69132143,0.4248646,0.2705238,0.1543408,dusuk,Tarim,low_severity,,0.0,DUSUK
AKD_2021_05,AKD_2021_05_001824,37.36901,35.55641,0.7588593,0.51135784,0.10098389,6.553915,267.40033,1.1670702,0.444951,0.3576736,0.08727741,dusuk,Agaclik,low_severity,,0.0,DUSUK
AKD_2021_05,AKD_2021_05_001825,37.36894,35.55923,0.069790006,0.061960306,0.19726384,6.1003566,247.87898,0.92394024,0.337214,0.16441451,0.17279948,dusuk,Tarim,low_severity,,0.0,DUSUK
AKD_2021_05,AKD_2021_05_001826,37.36888,35.56205,0.0,0.0,0.20603307,3.633234,228.93217,0.68576854,0.37235773,0.18907335,0.18328437,dusuk,Tarim,low_severity,,0.0,DUSUK
AKD_2021_05,AKD_2021_05_001832,37.36852,35.57897,0.0,0.0,0.127226,4.5370717,217.00981,0.3751879,0.28503692,0.15678415,0.12825277,dusuk,Tarim,low_severity,,0.0,DUSUK
AKD_2021_05,AKD_2021_05_001835,37.36833,35.58743,0.0,0.0,0.14518939,3.1847057,186.76933,0.4044117,0.33753633,0.17444503,0.1630913,dusuk,Tarim,low_severity,,0.0,DUSUK
AKD_2021_05,AKD_2021_05_001836,37.36827,35.59025,0.0,0.0,0.12938987,1.4864386,178.10332,0.25225613,0.50503784,0.37323856,0.13179928,dusuk,Tarim,low_severity,,0.0,DUSUK
AKD_2021_05,AKD_2021_05_001839,37.36808,35.59871,0.0,0.0,0.10438913,1.9711671,184.4622,0.3372528,0.38664815,0.2384339,0.14821425,dusuk,Tarim,low_severity,,0.0,DUSUK
AKD_2021_05,AKD_2021_05_001875,37.36897,35.45196,0.12977827,0.0068578585,0.10905486,2.624202,231.58298,0.10503229,0.2787509,0.20924848,0.06950241,dusuk,Tarim,low_severity,,0.0,DUSUK
AKD_2021_05,AKD_2021_05_001880,37.36867,35.46607,0.51437426,0.49396083,0.26513588,7.961275,219.58286,0.8237463,0.32054114,0.1835452,0.13699594,dusuk,Agaclik,low_severity,,0.0,DUSUK
AKD_2021_05,AKD_2021_05_001881,37.36861,35.46889,1.0,0.99848187,0.13588016,11.264384,188.6117,0.8931458,0.52135736,0.46254283,0.058814526,dusuk,Agaclik,low_severity,,0.0,DUSUK
AKD_2021_05,AKD_2021_05_001888,37.3682,35.48863,0.050187208,0.0,0.18776065,3.8528292,186.70683,0.40705764,0.48526448,0.36504242,0.12022206,dusuk,Tarim,low_severity,,0.0,DUSUK
AKD_2021_05,AKD_2021_05_001901,37.36742,35.5253,0.14252,0.0,0.10506744,5.829948,218.68114,0.49543726,0.2851532,0.1761722,0.10898101,dusuk,Tarim,low_severity,,0.0,DUSUK
AKD_2021_05,AKD_2021_05_001908,37.367,35.54505,0.23714098,0.1829038,0.1335896,5.818433,289.25446,0.34893578,0.3181181,0.21422312,0.10389498,dusuk,Tarim,low_severity,,0.0,DUSUK
AKD_2021_05,AKD_2021_05_001909,37.36694,35.54787,0.1253503,0.0073838816,0.20951831,6.001412,263.00443,0.5066717,0.3784205,0.21188092,0.16653958,dusuk,Tarim,low_severity,,0.0,DUSUK
AKD_2021_05,AKD_2021_05_001910,37.36688,35.55069,0.22854392,0.46989897,0.18788078,6.0908337,256.91742,0.718802,0.40742943,0.2408877,0.16654173,dusuk,Tarim,low_severity,,0.0,DUSUK
AKD_2021_05,AKD_2021_05_001911,37.36682,35.55351,0.88779783,0.7966469,0.100459784,7.1712494,269.0601,0.9495453,0.42236254,0.32511625,0.09724629,dusuk,Agaclik,low_severity,,0.0,DUSUK
AKD_2021_05,AKD_2021_05_001913,37.36669,35.55915,0.3135512,0.1851179,0.1277032,6.3355956,254.68787,0.89181304,0.3660851,0.24607345,0.12001166,dusuk,Tarim,low_severity,,0.0,DUSUK
AKD_2021_05,AKD_2021_05_001914,37.36663,35.56197,0.15686907,0.063896924,0.10110298,6.834283,239.65176,0.6418282,0.33211824,0.2276713,0.10444695,dusuk,Tarim,low_severity,,0.0,DUSUK
AKD_2021_05,AKD_2021_05_001928,37.36577,35.60146,0.0,0.0,0.11458598,1.9383307,184.98383,0.36873347,0.38796374,0.345172,0.042791754,dusuk,Tarim,low_severity,,0.0,DUSUK
AKD_2021_05,AKD_2021_05_001966,37.36654,35.46035,0.81640494,0.5215856,0.106143564,7.6971307,252.051,0.620356,0.4205964,0.36208445,0.058511943,dusuk,Agaclik,low_severity,,0.0,DUSUK
AKD_2021_05,AKD_2021_05_001967,37.36648,35.46317,0.69384694,0.7810003,0.46311754,10.646653,227.81282,0.8428471,0.44703132,0.19480887,0.25222245,orta-yuksek,Agaclik,predicted,0.2468,0.4933,ORTA
AKD_2021_05,AKD_2021_05_001968,37.36642,35.46599,0.8763095,1.0,0.63818955,9.093901,190.3251,1.071366,0.5447354,0.136796,0.40793937,orta-yuksek,Agaclik,predicted,0.3753,0.6328,YUKSEK
AKD_2021_05,AKD_2021_05_001969,37.36636,35.46881,0.909012,0.89603907,0.36889866,7.6021795,172.18796,1.1291497,0.47679925,0.250255,0.22654426,orta-dusuk,Agaclik,predicted,0.2481,0.4069,ORTA
AKD_2021_05,AKD_2021_05_001980,37.36571,35.49984,0.0,0.0,0.24059097,0.96196336,190.53905,0.62626326,0.427808,0.24093747,0.18687052,dusuk,Tarim,low_severity,,0.0,DUSUK
AKD_2021_05,AKD_2021_05_001981,37.36565,35.50266,0.0,0.0,0.22047381,1.5257574,194.63214,0.81381315,0.46280748,0.26479957,0.19800791,dusuk,Tarim,low_severity,,0.0,DUSUK
AKD_2021_05,AKD_2021_05_001988,37.36523,35.52241,0.0,0.0,0.10136044,3.4527462,198.60738,0.307619,0.39896482,0.36696553,0.03199929,dusuk,Tarim,low_severity,,0.0,DUSUK
AKD_2021_05,AKD_2021_05_001989,37.36517,35.52523,0.12134609,0.0,0.109994665,6.1044426,217.6014,0.52728933,0.24028985,0.11959699,0.120692864,dusuk,Tarim,low_severity,,0.0,DUSUK
AKD_2021_05,AKD_2021_05_001993,37.36493,35.53651,0.3646536,0.41448793,0.13889739,5.699695,241.88809,0.60882425,0.37921783,0.26374623,0.1154716,dusuk,Tarim,low_severity,,0.0,DUSUK
AKD_2021_05,AKD_2021_05_001994,37.36487,35.53933,0.5076728,0.6212093,0.14824674,5.6732826,251.14767,0.36142355,0.505961,0.38668627,0.119274735,dusuk,Agaclik,low_severity,,0.0,DUSUK
AKD_2021_05,AKD_2021_05_001997,37.36469,35.54779,0.7720415,0.8042502,0.10035303,8.135701,278.86072,0.40063334,0.44172314,0.3533432,0.08837995,dusuk,Agaclik,low_severity,,0.0,DUSUK
AKD_2021_05,AKD_2021_05_001998,37.36463,35.55061,0.23009053,0.15902592,0.15550977,5.5211163,253.50854,0.64843434,0.37509826,0.24329314,0.13180512,dusuk,Tarim,low_severity,,0.0,DUSUK
AKD_2021_05,AKD_2021_05_001999,37.36456,35.55343,0.07460566,0.0,0.21492812,4.7574778,242.80759,0.89745593,0.3614793,0.18200463,0.17947468,dusuk,Tarim,low_severity,,0.0,DUSUK
AKD_2021_05,AKD_2021_05_002012,37.36377,35.5901,0.0,0.0,0.11411792,3.159614,175.68608,0.3765883,0.47492507,0.40303814,0.07188693,dusuk,Tarim,low_severity,,0.0,DUSUK
AKD_2021_05,AKD_2021_05_002013,37.3637,35.59292,0.287867,0.0,0.14150962,1.323121,171.17422,0.3346196,0.50074375,0.49226886,0.008474886,dusuk,Tarim,low_severity,,0.0,DUSUK
AKD_2021_05,AKD_2021_05_002014,37.36364,35.59574,0.05406802,0.0,0.117082566,1.5064417,174.09996,0.22817966,0.40229982,0.45521408,-0.05291426,dusuk,Tarim,low_severity,,0.0,DUSUK
AKD_2021_05,AKD_2021_05_002016,37.36352,35.60138,0.0,0.0,0.10902016,1.832989,183.29587,0.4055632,0.43037257,0.39797753,0.032395035,dusuk,Tarim,low_severity,,0.0,DUSUK
AKD_2021_05,AKD_2021_05_002053,37.36435,35.45746,0.92727464,0.893202,0.17439994,10.13375,262.39658,0.28710398,0.4928753,0.36600155,0.12687376,dusuk,Agaclik,low_severity,,0.0,DUSUK
AKD_2021_05,AKD_2021_05_002054,37.36429,35.46028,0.84664315,0.91707474,0.5037745,12.774991,271.99765,0.5319571,0.60186505,0.29190084,0.3099642,orta-yuksek,Agaclik,predicted,0.3141,0.6679,YUKSEK
AKD_2021_05,AKD_2021_05_002055,37.36423,35.4631,0.76810443,1.0,0.709396,11.741312,213.2294,0.78008205,0.60872936,0.15977073,0.44895864,yuksek,Agaclik,predicted,0.402,0.7542,COK_YUKSEK
AKD_2021_05,AKD_2021_05_002056,37.36417,35.46592,0.9232549,1.0,0.7992097,9.352526,182.79796,1.029115,0.65246725,0.1590685,0.49339876,yuksek,Agaclik,predicted,0.4273,0.7203,YUKSEK
AKD_2021_05,AKD_2021_05_002057,37.36411,35.46874,0.91449547,0.9318736,0.6601646,8.555572,167.11165,1.2785255,0.6028756,0.20867114,0.39420444,yuksek,Agaclik,predicted,0.3544,0.5693,YUKSEK
AKD_2021_05,AKD_2021_05_002058,37.36405,35.47156,0.43210712,0.42024526,0.19387612,5.8104186,144.49683,1.4116267,0.47613752,0.3704429,0.10569462,dusuk,Su,low_severity,,0.0,DUSUK
AKD_2021_05,AKD_2021_05_002068,37.36346,35.49977,0.13769738,0.0,0.3427236,3.5666215,192.89546,0.46933088,0.55462736,0.23457141,0.32005596,orta-dusuk,Tarim,predicted,0.2268,0.3669,ORTA
AKD_2021_05,AKD_2021_05_002073,37.36316,35.51387,0.0,0.0,0.11457771,0.5699987,182.47807,0.49815908,0.44835493,0.33444458,0.11391035,dusuk,Tarim,low_severity,,0.0,DUSUK
AKD_2021_05,AKD_2021_05_002080,37.36274,35.53361,0.07869166,0.0,0.13941225,3.566243,225.06427,0.8743557,0.29931986,0.16971825,0.12960161,dusuk,Tarim,low_severity,,0.0,DUSUK
AKD_2021_05,AKD_2021_05_002086,37.36237,35.55054,0.4773622,0.43703964,0.10026218,7.05926,258.94962,0.6702671,0.437172,0.3431555,0.09401649,dusuk,Agaclik,low_severity,,0.0,DUSUK
AKD_2021_05,AKD_2021_05_002087,37.36231,35.55336,0.104861945,0.04498237,0.19168971,4.618439,238.13086,0.91335535,0.4193231,0.23665428,0.1826688,dusuk,Tarim,low_severity,,0.0,DUSUK
AKD_2021_05,AKD_2021_05_002093,37.36195,35.57028,0.24732785,0.020927334,0.11387572,4.2286415,207.00351,0.51972306,0.42816442,0.28327805,0.14488637,dusuk,Tarim,low_severity,,0.0,DUSUK
AKD_2021_05,AKD_2021_05_002094,37.36188,35.5731,0.03414113,0.0,0.14164425,1.9139086,201.78827,0.35814518,0.41827604,0.25581232,0.16246372,dusuk,Tarim,low_severity,,0.0,DUSUK
AKD_2021_05,AKD_2021_05_002101,37.36145,35.59284,0.125536,0.0,0.122383,1.1052493,168.2643,0.5804096,0.5248587,0.40915108,0.115707636,dusuk,Tarim,low_severity,,0.0,DUSUK
AKD_2021_05,AKD_2021_05_002103,37.36133,35.59848,0.0,0.0,0.17767829,1.6401216,174.098,0.44642007,0.43826127,0.39181584,0.04644543,dusuk,Tarim,low_severity,,0.0,DUSUK
AKD_2021_05,AKD_2021_05_002136,37.36239,35.44328,0.84709007,0.84673846,0.10710996,5.65102,288.7899,0.33319595,0.4381851,0.3389569,0.0992282,dusuk,Agaclik,low_severity,,0.0,DUSUK
AKD_2021_05,AKD_2021_05_002139,37.36221,35.45174,0.8153398,0.9843769,0.12734455,4.784685,274.2432,0.087742776,0.44180048,0.36314708,0.078653395,dusuk,Agaclik,low_severity,,0.0,DUSUK
AKD_2021_05,AKD_2021_05_002140,37.36215,35.45456,0.64724743,1.0,0.31318164,6.5715938,279.56223,0.05622556,0.4818262,0.2952383,0.1865879,orta-dusuk,Agaclik,low_severity,,0.0,DUSUK
AKD_2021_05,AKD_2021_05_002141,37.36209,35.45738,0.65800184,0.6540393,0.40956593,7.929409,301.513,0.293401,0.5114405,0.21795417,0.29348636,orta-dusuk,Agaclik,predicted,0.2774,0.545,YUKSEK
AKD_2021_05,AKD_2021_05_002142,37.36204,35.46021,0.76785827,0.7607815,0.55734175,11.885046,284.36664,0.5206406,0.52005315,0.17604196,0.3440112,orta-yuksek,Agaclik,predicted,0.3193,0.6599,YUKSEK
AKD_2021_05,AKD_2021_05_002143,37.36198,35.46303,0.9719465,1.0,0.87637436,13.631763,241.94473,0.7206353,0.6905737,0.17702395,0.51354975,yuksek,Agaclik,predicted,0.4466,0.8637,COK_YUKSEK
AKD_2021_05,AKD_2021_05_002144,37.36192,35.46585,0.87433755,1.0,0.8029179,11.369372,226.9825,0.944756,0.6397524,0.14891404,0.49083835,yuksek,Agaclik,predicted,0.4285,0.7696,COK_YUKSEK
AKD_2021_05,AKD_2021_05_002145,37.36186,35.46867,0.82567626,1.0,0.67032003,9.358597,194.21869,1.1793271,0.5748135,0.15678343,0.41803005,yuksek,Agaclik,predicted,0.3777,0.6301,YUKSEK
AKD_2021_05,AKD_2021_05_002146,37.3618,35.47149,0.73139304,1.0,0.48973253,10.250771,171.67445,1.4191762,0.62280905,0.27046415,0.3523449,orta-yuksek,Agaclik,predicted,0.3457,0.5739,YUKSEK
AKD_2021_05,AKD_2021_05_002147,37.36174,35.47431,0.7419055,0.6887542,0.2724044,6.792799,151.37589,1.5199096,0.517666,0.33240044,0.18526554,orta-dusuk,Agaclik,low_severity,,0.0,DUSUK
AKD_2021_05,AKD_2021_05_002167,37.36055,35.53072,0.0067319004,0.0,0.1179043,3.1900036,208.97984,1.1867303,0.3075106,0.20125628,0.10625434,dusuk,Tarim,low_severity,,0.0,DUSUK
AKD_2021_05,AKD_2021_05_002175,37.36006,35.55328,0.73519844,0.63407254,0.10457513,8.576865,257.8839,0.95334435,0.50100917,0.41491878,0.086090386,dusuk,Tarim,low_severity,,0.0,DUSUK
AKD_2021_05,AKD_2021_05_002176,37.36,35.5561,0.1376825,0.005508098,0.13803782,4.979526,230.62009,1.112247,0.40368253,0.24898888,0.15469365,dusuk,Tarim,low_severity,,0.0,DUSUK
AKD_2021_05,AKD_2021_05_002177,37.35994,35.55892,0.12054833,0.0,0.196316,4.475043,227.55327,1.1411104,0.39484593,0.19320026,0.20164567,dusuk,Tarim,low_severity,,0.0,DUSUK
AKD_2021_05,AKD_2021_05_002195,37.35883,35.60968,0.0,0.0,0.1350838,3.352272,175.18489,0.77423805,0.37906456,0.3269009,0.05216366,dusuk,Tarim,low_severity,,0.0,DUSUK
AKD_2021_05,AKD_2021_05_002196,37.35877,35.6125,0.0,0.0,0.19536527,2.408346,163.30711,0.53106505,0.45030892,0.3321761,0.11813283,dusuk,Tarim,low_severity,,0.0,DUSUK
AKD_2021_05,AKD_2021_05_002223,37.36019,35.44039,0.8828821,1.0,0.2851753,6.9413066,325.92285,0.14028032,0.5062853,0.24937227,0.25691304,orta-dusuk,Agaclik,predicted,0.2987,0.5741,YUKSEK
AKD_2021_05,AKD_2021_05_002224,37.36014,35.44321,0.9639366,1.0,0.47504443,7.471106,305.10843,0.24272312,0.6705835,0.31455308,0.3560304,orta-yuksek,Agaclik,predicted,0.3598,0.6654,YUKSEK
AKD_2021_05,AKD_2021_05_002225,37.36008,35.44603,0.9385862,0.9107538,0.24288906,6.978315,282.686,0.47238803,0.5617525,0.4193327,0.14241979,dusuk,Agaclik,low_severity,,0.0,DUSUK
AKD_2021_05,AKD_2021_05_002226,37.36002,35.44885,0.54900134,0.6571708,0.23707908,7.1920495,268.4121,0.43356887,0.39622152,0.23891804,0.15730348,dusuk,Agaclik,low_severity,,0.0,DUSUK
AKD_2021_05,AKD_2021_05_002227,37.35996,35.45167,0.28777578,0.62688714,0.24198174,5.87726,254.11798,0.32131782,0.3397438,0.18044886,0.15929493,dusuk,Agaclik,low_severity,,0.0,DUSUK
AKD_2021_05,AKD_2021_05_002228,37.3599,35.45449,0.8540119,0.9793382,0.5674149,11.44361,274.47778,0.17229298,0.5069547,0.16161212,0.3453426,orta-yuksek,Agaclik,predicted,0.3369,0.7144,YUKSEK
AKD_2021_05,AKD_2021_05_002229,37.35984,35.45731,0.4865113,0.67328113,0.3226031,5.0391455,311.45776,0.16713318,0.41095597,0.18143266,0.2295233,orta-dusuk,Tarim,predicted,0.2227,0.4206,ORTA
AKD_2021_05,AKD_2021_05_002230,37.35978,35.46013,0.38056588,0.48585686,0.30736423,4.645448,303.29382,0.38882145,0.3595546,0.16063762,0.19891697,orta-dusuk,Tarim,low_severity,,0.0,DUSUK
AKD_2021_05,AKD_2021_05_002231,37.35973,35.46295,0.51297534,0.63091165,0.41377997,11.19125,297.31232,0.63200533,0.3261435,0.07489928,0.25124422,orta-dusuk,Agaclik,predicted,0.2388,0.5139,YUKSEK
AKD_2021_05,AKD_2021_05_002232,37.35967,35.46577,0.7149204,0.98362833,0.7351173,15.975774,262.811,0.8790218,0.57971424,0.14107606,0.43863818,yuksek,Agaclik,predicted,0.3968,0.8171,COK_YUKSEK
AKD_2021_05,AKD_2021_05_002233,37.35961,35.46859,0.91564125,1.0,0.9308462,15.004067,232.88802,1.1273544,0.7049378,0.18142809,0.52350974,yuksek,Agaclik,predicted,0.4473,0.8483,COK_YUKSEK
AKD_2021_05,AKD_2021_05_002234,37.35955,35.47141,0.92568046,1.0,0.560011,14.16901,216.26833,1.3762909,0.64696616,0.2888993,0.35806686,orta-yuksek,Agaclik,predicted,0.3586,0.6729,YUKSEK
AKD_2021_05,AKD_2021_05_002235,37.35949,35.47423,0.98278713,1.0,0.46511734,9.344915,173.8317,1.5453234,0.6179776,0.27105218,0.34692544,orta-yuksek,Agaclik,predicted,0.354,0.5558,YUKSEK
AKD_2021_05,AKD_2021_05_002236,37.35943,35.47705,0.91565186,1.0,0.42208177,10.637142,170.95186,1.2953545,0.66934407,0.29240257,0.3769415,orta-dusuk,Agaclik,predicted,0.3869,0.6563,YUKSEK
AKD_2021_05,AKD_2021_05_002237,37.35937,35.47988,0.63135254,0.6412123,0.24191259,9.251681,173.63507,1.0454005,0.53324056,0.3370459,0.19619465,dusuk,Agaclik,low_severity,,0.0,DUSUK
AKD_2021_05,AKD_2021_05_002238,37.35931,35.4827,0.34276843,0.124559164,0.13626568,10.304775,165.9201,0.79547536,0.5461542,0.46370512,0.08244908,dusuk,Tarim,low_severity,,0.0,DUSUK
AKD_2021_05,AKD_2021_05_002247,37.35878,35.50808,0.0,0.0,0.21528631,0.9977069,207.50282,0.5817282,0.40278742,0.24644108,0.15634634,dusuk,Tarim,low_severity,,0.0,DUSUK
AKD_2021_05,AKD_2021_05_002250,37.3586,35.51654,0.11513567,0.0,0.1405828,1.0602362,177.0579,0.13068435,0.4153965,0.42906666,-0.013670146,dusuk,Tarim,low_severity,,0.0,DUSUK
AKD_2021_05,AKD_2021_05_002261,37.35793,35.54756,0.14790139,0.05090966,0.18319757,6.741049,253.74843,0.54237986,0.36986902,0.21518558,0.15468344,dusuk,Tarim,low_severity,,0.0,DUSUK
AKD_2021_05,AKD_2021_05_002265,37.35769,35.55884,0.02895455,0.0,0.1938784,4.1675687,220.70955,0.919069,0.3777539,0.19021127,0.18754265,dusuk,Tarim,low_severity,,0.0,DUSUK
AKD_2021_05,AKD_2021_05_002270,37.35738,35.57294,0.05757569,0.0,0.10415495,6.12679,213.26915,0.5611935,0.28575546,0.18854225,0.09721321,dusuk,Tarim,low_severity,,0.0,DUSUK
AKD_2021_05,AKD_2021_05_002272,37.35726,35.57859,0.0,0.0,0.10122146,2.8481266,191.64629,0.44786948,0.3255247,0.20522556,0.12029913,dusuk,Tarim,low_severity,,0.0,DUSUK
AKD_2021_05,AKD_2021_05_002283,37.35658,35.60961,0.0,0.0,0.11927513,3.0761335,172.44296,0.7665552,0.3150578,0.29488677,0.020171046,dusuk,Tarim,low_severity,,0.0,DUSUK
AKD_2021_05,AKD_2021_05_002286,37.35639,35.61807,0.0,0.0,0.10941723,13.393559,156.05167,0.101800136,0.39748028,0.33209383,0.065386444,dusuk,Tarim,low_severity,,0.0,DUSUK
AKD_2021_05,AKD_2021_05_002308,37.35812,35.43185,1.0,1.0,0.1649918,7.4305596,319.73007,0.010201964,0.62842214,0.44286972,0.18555242,dusuk,Agaclik,low_severity,,0.0,DUSUK
AKD_2021_05,AKD_2021_05_002309,37.35806,35.43467,1.0,1.0,0.108275354,8.888771,293.289,0.12340149,0.6106006,0.53645945,0.074141145,dusuk,Agaclik,low_severity,,0.0,DUSUK
AKD_2021_05,AKD_2021_05_002310,37.358,35.43749,0.88960385,1.0,0.31350675,9.924481,317.2541,0.31901872,0.60544264,0.3993273,0.20611534,orta-dusuk,Agaclik,predicted,0.2562,0.5486,YUKSEK
AKD_2021_05,AKD_2021_05_002311,37.35794,35.44032,0.62372303,0.93936735,0.38092634,4.5472155,340.7948,0.12652627,0.45068616,0.20893759,0.24174857,orta-dusuk,Agaclik,predicted,0.2497,0.4561,ORTA
AKD_2021_05,AKD_2021_05_002312,37.35788,35.44314,0.8307897,0.91550505,0.3673208,6.003745,328.35324,0.2350422,0.4943396,0.27531934,0.21902025,orta-dusuk,Agaclik,predicted,0.242,0.461,ORTA
AKD_2021_05,AKD_2021_05_002313,37.35783,35.44596,0.977541,1.0,0.48691908,6.7329655,306.43875,0.46848777,0.6937126,0.34894684,0.34476575,orta-yuksek,Agaclik,predicted,0.3472,0.6086,YUKSEK
AKD_2021_05,AKD_2021_05_002314,37.35777,35.44878,0.8932402,1.0,0.55101615,5.5084524,293.4258,0.5476175,0.60931593,0.23221833,0.3770976,orta-yuksek,Agaclik,predicted,0.3586,0.594,YUKSEK
AKD_2021_05,AKD_2021_05_002315,37.35771,35.4516,0.9176202,0.96101356,0.5831311,8.553079,266.48163,0.401935,0.5773383,0.20001383,0.37732446,orta-yuksek,Agaclik,predicted,0.3574,0.6658,YUKSEK
AKD_2021_05,AKD_2021_05_002316,37.35765,35.45442,0.5316586,0.71467596,0.37946936,8.881878,246.834,0.18654862,0.39399287,0.150857,0.24313587,orta-dusuk,Agaclik,predicted,0.2364,0.5128,YUKSEK
AKD_2021_05,AKD_2021_05_002317,37.35759,35.45724,0.75731367,0.78688526,0.38781166,12.327217,291.17892,0.18179388,0.4786682,0.20635203,0.2723162,orta-dusuk,Agaclik,predicted,0.2855,0.6531,YUKSEK
AKD_2021_05,AKD_2021_05_002320,37.35742,35.4657,0.21848954,0.30559066,0.23852272,6.4817204,305.82605,0.88192683,0.23219353,0.1335385,0.09865503,dusuk,Otlak/calilik,low_severity,,0.0,DUSUK
AKD_2021_05,AKD_2021_05_002321,37.35736,35.46852,0.46105328,0.6766022,0.48153794,9.312252,289.6729,1.129621,0.41169965,0.14552578,0.26617387,orta-yuksek,Agaclik,predicted,0.2383,0.4249,ORTA
AKD_2021_05,AKD_2021_05_002322,37.3573,35.47134,0.742386,0.8042589,0.42124557,14.016064,259.15662,1.3781481,0.46432433,0.206702,0.25762233,orta-dusuk,Agaclik,predicted,0.2713,0.5385,YUKSEK
AKD_2021_05,AKD_2021_05_002323,37.35724,35.47416,0.8872758,1.0,0.5360892,11.65649,207.31496,1.5618455,0.61079,0.24957296,0.36121705,orta-yuksek,Agaclik,predicted,0.3577,0.6039,YUKSEK
AKD_2021_05,AKD_2021_05_002324,37.35718,35.47698,0.5260672,0.81453395,0.3627664,8.987458,216.72679,1.315021,0.4732591,0.208343,0.2649161,orta-dusuk,Agaclik,predicted,0.2653,0.4398,ORTA
AKD_2021_05,AKD_2021_05_002325,37.35712,35.4798,0.21430388,0.21876682,0.29089242,4.9913073,195.73834,1.0696726,0.42184305,0.18852746,0.23331559,orta-dusuk,Tarim,predicted,0.1818,0.2635,ORTA
AKD_2021_05,AKD_2021_05_002326,37.35706,35.48262,0.23756488,0.10383121,0.2641805,7.2545824,181.1954,0.8271145,0.35551804,0.16553146,0.18998659,dusuk,Tarim,low_severity,,0.0,DUSUK
AKD_2021_05,AKD_2021_05_002333,37.35664,35.50236,0.09673093,0.03425713,0.108313814,2.710028,209.70485,0.44585603,0.290528,0.18731,0.103218004,dusuk,Tarim,low_severity,,0.0,DUSUK
AKD_2021_05,AKD_2021_05_002335,37.35653,35.508,0.07329019,0.0,0.1283446,2.8686562,201.99126,0.40164077,0.33873892,0.19991168,0.13882723,dusuk,Tarim,low_severity,,0.0,DUSUK
AKD_2021_05,AKD_2021_05_002341,37.35617,35.52493,0.21465938,0.0,0.12556341,1.8175744,189.7449,0.7759965,0.40014645,0.42101848,-0.020872027,dusuk,Tarim,low_severity,,0.0,DUSUK
AKD_2021_05,AKD_2021_05_002358,37.35513,35.57287,0.23347624,0.0,0.109427795,3.505014,223.64795,0.76867074,0.31038117,0.20291078,0.10747039,dusuk,Tarim,low_severity,,0.0,DUSUK
AKD_2021_05,AKD_2021_05_002370,37.35439,35.60671,0.0,0.0,0.124861605,2.3455596,179.82497,1.0691977,0.2840814,0.30004945,-0.015968055,dusuk,Tarim,low_severity,,0.0,DUSUK
AKD_2021_05,AKD_2021_05_002397,37.35581,35.4346,0.98437554,1.0,0.30271986,9.679761,292.21252,0.33028823,0.6317421,0.39989418,0.23184794,orta-dusuk,Agaclik,predicted,0.2831,0.5832,YUKSEK
AKD_2021_05,AKD_2021_05_002398,37.35575,35.43742,0.9245261,1.0,0.48400572,10.8613405,292.41263,0.4723381,0.5762665,0.2701893,0.30607724,orta-yuksek,Agaclik,predicted,0.3199,0.6462,YUKSEK
AKD_2021_05,AKD_2021_05_002399,37.35569,35.44024,0.9949971,1.0,0.6724996,8.449181,319.66223,0.37059307,0.615904,0.17935753,0.43654644,yuksek,Agaclik,predicted,0.4036,0.7365,YUKSEK
AKD_2021_05,AKD_2021_05_002400,37.35563,35.44306,0.7698171,0.96322966,0.4761971,6.056112,322.63538,0.42020848,0.4925869,0.19094098,0.30164593,orta-yuksek,Agaclik,predicted,0.2983,0.5272,YUKSEK
AKD_2021_05,AKD_2021_05_002401,37.35557,35.44588,0.6557481,1.0,0.48337215,7.2195387,308.5346,0.5837903,0.44204956,0.17401557,0.26803398,orta-yuksek,Agaclik,predicted,0.2674,0.4859,ORTA
AKD_2021_05,AKD_2021_05_002402,37.35552,35.4487,0.8932396,1.0,0.69335693,5.448921,289.14297,0.37301546,0.59736776,0.18265888,0.41470888,yuksek,Agaclik,predicted,0.3687,0.6264,YUKSEK
AKD_2021_05,AKD_2021_05_002403,37.35546,35.45152,0.9256312,1.0,0.7010354,6.7218647,276.88208,0.20762005,0.59738994,0.18946132,0.40792862,yuksek,Agaclik,predicted,0.365,0.6625,YUKSEK
AKD_2021_05,AKD_2021_05_002404,37.3554,35.45434,0.86389387,1.0,0.52305835,8.036858,245.795,0.2684616,0.53823924,0.19347632,0.34476292,orta-yuksek,Agaclik,predicted,0.3367,0.6388,YUKSEK
AKD_2021_05,AKD_2021_05_002405,37.35534,35.45716,0.75919,1.0,0.37616932,11.385756,247.27988,0.4039363,0.47791794,0.21893471,0.25898322,orta-dusuk,Agaclik,predicted,0.2875,0.6147,YUKSEK
AKD_2021_05,AKD_2021_05_002406,37.35528,35.45998,0.71489704,0.82905626,0.48468748,11.443737,283.60437,0.5037746,0.4525425,0.18853796,0.26400456,orta-yuksek,Agaclik,predicted,0.262,0.567,YUKSEK
AKD_2021_05,AKD_2021_05_002407,37.35522,35.46281,0.9033589,0.92645925,0.54924095,6.088193,288.79648,0.67902726,0.47644913,0.1653054,0.31114373,orta-yuksek,Agaclik,predicted,0.2971,0.4988,ORTA
AKD_2021_05,AKD_2021_05_002408,37.35516,35.46563,0.98268336,0.8896889,0.69843864,9.050746,277.51825,0.8907116,0.5671052,0.18239306,0.3847121,yuksek,Agaclik,predicted,0.3452,0.6057,YUKSEK
AKD_2021_05,AKD_2021_05_002409,37.35511,35.46845,0.99994296,1.0,0.80505437,10.559891,255.72516,1.1183275,0.6306976,0.16959989,0.46109772,yuksek,Agaclik,predicted,0.407,0.7036,YUKSEK
AKD_2021_05,AKD_2021_05_002410,37.35505,35.47127,0.48558348,0.557923,0.37957913,7.776151,254.56026,1.3538632,0.34344888,0.14013755,0.20331132,orta-dusuk,Agaclik,predicted,0.1868,0.2945,ORTA
AKD_2021_05,AKD_2021_05_002411,37.35499,35.47409,0.27439833,0.29387277,0.22912094,6.1950793,239.88492,1.5938114,0.32653522,0.17408398,0.15245125,dusuk,Tarim,low_severity,,0.0,DUSUK
AKD_2021_05,AKD_2021_05_002412,37.35493,35.47691,0.33857456,0.44466037,0.20494609,6.567569,232.90297,1.3804412,0.31575942,0.1635512,0.15220822,dusuk,Agaclik,low_severity,,0.0,DUSUK
AKD_2021_05,AKD_2021_05_002413,37.35487,35.47973,0.14099038,0.26161256,0.18484892,7.1046896,203.37177,1.1491461,0.28865224,0.1556372,0.13301504,dusuk,Tarim,low_severity,,0.0,DUSUK
AKD_2021_05,AKD_2021_05_002414,37.35481,35.48255,0.35260007,0.23331344,0.23708922,8.450293,186.61157,0.92760754,0.31833303,0.14897078,0.16936225,dusuk,Tarim,low_severity,,0.0,DUSUK
AKD_2021_05,AKD_2021_05_002415,37.35475,35.48537,0.33616284,0.32061952,0.13799584,7.9719796,134.32954,0.7248274,0.32381856,0.20881559,0.115002975,dusuk,Agaclik,low_severity,,0.0,DUSUK
AKD_2021_05,AKD_2021_05_002429,37.35391,35.52485,0.051901046,0.0,0.15880074,2.353184,192.33513,0.92005527,0.31431162,0.3081,0.0062116385,dusuk,Tarim,low_severity,,0.0,DUSUK
AKD_2021_05,AKD_2021_05_002437,37.35343,35.54741,0.34043005,0.38205767,0.22994523,6.5636272,246.17493,0.052047953,0.31273675,0.20611687,0.10661988,dusuk,Tarim,low_severity,,0.0,DUSUK
AKD_2021_05,AKD_2021_05_002438,37.35337,35.55023,0.18366224,0.44953355,0.25083876,4.9634414,238.31229,0.2844943,0.2757962,0.14230883,0.13348737,dusuk,Tarim,low_severity,,0.0,DUSUK
AKD_2021_05,AKD_2021_05_002439,37.35331,35.55305,0.18213047,0.0,0.14200073,7.0015817,240.77663,0.53307134,0.24223135,0.15523855,0.0869928,dusuk,Tarim,low_severity,,0.0,DUSUK
AKD_2021_05,AKD_2021_05_002440,37.35325,35.55587,0.3449505,0.18189792,0.21942139,6.947316,232.3552,0.7760309,0.3922559,0.21174726,0.18050864,dusuk,Tarim,low_severity,,0.0,DUSUK
AKD_2021_05,AKD_2021_05_002441,37.35319,35.55869,0.05224842,0.0,0.13205746,4.534617,211.89462,0.55208486,0.23760262,0.17526945,0.062333167,dusuk,Tarim,low_severity,,0.0,DUSUK
AKD_2021_05,AKD_2021_05_002455,37.35233,35.59817,0.08656846,0.0,0.10794294,1.3437866,157.82198,1.0065643,0.5569581,0.55724627,-0.00028818846,dusuk,Tarim,low_severity,,0.0,DUSUK
AKD_2021_05,AKD_2021_05_002458,37.35214,35.60663,0.0,0.0,0.14455265,2.1334388,178.15579,0.92683214,0.26129818,0.31378138,-0.0524832,dusuk,Tarim,low_severity,,0.0,DUSUK
AKD_2021_05,AKD_2021_05_002459,37.35208,35.60945,0.07825368,0.0,0.122508705,2.1627555,182.36821,0.8160537,0.2855575,0.33997315,-0.054415643,dusuk,Tarim,low_severity,,0.0,DUSUK
AKD_2021_05,AKD_2021_05_002476,37.35408,35.40915,0.8914757,0.74202704,0.107491925,6.143761,381.59653,0.27405804,0.38081586,0.3003922,0.08042365,dusuk,Agaclik,low_severity,,0.0,DUSUK
AKD_2021_05,AKD_2021_05_002477,37.35402,35.41197,0.8787328,1.0,0.13481209,5.3854804,356.17285,0.16393052,0.45067394,0.38445222,0.066221714,dusuk,Agaclik,low_severity,,0.0,DUSUK
AKD_2021_05,AKD_2021_05_002478,37.35396,35.41479,0.84950894,1.0,0.14149265,4.879192,350.1041,0.3219295,0.40979892,0.29412073,0.11567819,dusuk,Agaclik,low_severity,,0.0,DUSUK
AKD_2021_05,AKD_2021_05_002484,37.35361,35.43171,0.96402514,1.0,0.12230244,10.995874,281.15036,0.5100638,0.6308979,0.5683403,0.06255758,dusuk,Agaclik,low_severity,,0.0,DUSUK
AKD_2021_05,AKD_2021_05_002485,37.35356,35.43453,0.89419365,1.0,0.45742404,10.601926,289.46658,0.56729186,0.57408106,0.26325715,0.31082392,orta-yuksek,Agaclik,predicted,0.3263,0.6409,YUKSEK
AKD_2021_05,AKD_2021_05_002486,37.3535,35.43735,0.77979016,1.0,0.49450365,9.722573,257.09796,0.65759796,0.55887485,0.2164544,0.34242046,orta-yuksek,Agaclik,predicted,0.34,0.6352,YUKSEK
AKD_2021_05,AKD_2021_05_002487,37.35344,35.44017,0.8747595,1.0,0.6100207,10.705337,274.05832,0.61941063,0.5629257,0.17106143,0.39186427,orta-yuksek,Agaclik,predicted,0.3722,0.7064,YUKSEK
AKD_2021_05,AKD_2021_05_002488,37.35338,35.44299,0.7489907,1.0,0.66143835,8.789137,288.965,0.6503118,0.57277715,0.15269293,0.42008424,yuksek,Agaclik,predicted,0.3798,0.6779,YUKSEK
AKD_2021_05,AKD_2021_05_002489,37.35332,35.44581,0.6263104,0.57698345,0.4513601,6.4923444,307.88278,0.56958807,0.41061443,0.1547696,0.25584483,orta-yuksek,Agaclik,predicted,0.2279,0.414,ORTA
AKD_2021_05,AKD_2021_05_002490,37.35326,35.44863,1.0,0.99501777,0.7874669,7.5817046,279.18994,0.3215527,0.6429659,0.18122137,0.46174455,yuksek,Agaclik,predicted,0.4037,0.7252,YUKSEK
AKD_2021_05,AKD_2021_05_002491,37.35321,35.45145,1.0,1.0,0.6363646,6.2068458,256.20056,0.085800275,0.6010659,0.20711629,0.39394957,orta-yuksek,Agaclik,predicted,0.3641,0.6641,YUKSEK
AKD_2021_05,AKD_2021_05_002492,37.35315,35.45427,0.9073692,1.0,0.514006,5.1905155,243.82306,0.19059704,0.55378276,0.2137247,0.34005806,orta-yuksek,Agaclik,predicted,0.3294,0.5815,YUKSEK
AKD_2021_05,AKD_2021_05_002493,37.35309,35.45709,0.89951295,1.0,0.44700825,5.7009435,226.57686,0.16698769,0.5473665,0.24043882,0.30692768,orta-yuksek,Agaclik,predicted,0.3109,0.5659,YUKSEK
AKD_2021_05,AKD_2021_05_002494,37.35303,35.45991,0.83409995,1.0,0.6353227,8.766506,240.76512,0.33192477,0.57646376,0.1963295,0.38013425,orta-yuksek,Agaclik,predicted,0.3501,0.6662,YUKSEK
AKD_2021_05,AKD_2021_05_002495,37.35297,35.46273,0.98144585,1.0,0.72337854,6.9217196,269.6456,0.5634388,0.59964424,0.16621724,0.433427,yuksek,Agaclik,predicted,0.3869,0.6619,YUKSEK
AKD_2021_05,AKD_2021_05_002496,37.35291,35.46555,1.0,1.0,0.7975287,8.359612,264.98965,0.8060722,0.6116245,0.1692931,0.44233137,yuksek,Agaclik,predicted,0.3869,0.664,YUKSEK
AKD_2021_05,AKD_2021_05_002497,37.35285,35.46837,1.0,1.0,0.877058,6.1037774,228.30853,1.0521604,0.6758182,0.17394727,0.50187093,yuksek,Agaclik,predicted,0.4204,0.6453,YUKSEK
AKD_2021_05,AKD_2021_05_002498,37.35279,35.47119,0.3973398,0.42438656,0.31155795,5.4710226,226.42235,1.2997426,0.26479188,0.11898801,0.14580387,orta-dusuk,Tarim,low_severity,,0.0,DUSUK
AKD_2021_05,AKD_2021_05_002499,37.35274,35.47401,0.0,0.0,0.14651592,4.508178,224.78526,1.548102,0.21076877,0.12836951,0.082399264,dusuk,Tarim,low_severity,,0.0,DUSUK
AKD_2021_05,AKD_2021_05_002500,37.35268,35.47683,0.15480877,0.10911178,0.15403226,4.154581,218.08952,1.4855825,0.21155289,0.12693368,0.08461921,dusuk,Tarim,low_severity,,0.0,DUSUK
AKD_2021_05,AKD_2021_05_002501,37.35262,35.47965,0.5396655,0.89104825,0.35212365,5.902325,214.69807,1.2735282,0.40195435,0.1568757,0.24507865,orta-dusuk,Agaclik,predicted,0.2488,0.3603,ORTA
AKD_2021_05,AKD_2021_05_002502,37.35256,35.48247,0.6557689,0.8856146,0.5094963,11.145521,181.49986,1.0778651,0.5380721,0.18299305,0.35507905,orta-yuksek,Agaclik,predicted,0.3354,0.6114,YUKSEK
AKD_2021_05,AKD_2021_05_002503,37.3525,35.48529,0.3763494,0.48222548,0.30875763,10.162284,141.72078,0.9092371,0.4799885,0.20390545,0.27608305,orta-dusuk,Agaclik,predicted,0.252,0.4849,ORTA
AKD_2021_05,AKD_2021_05_002504,37.35244,35.48811,0.0038772426,0.0,0.104283296,3.8674462,127.40445,0.6979752,0.29000533,0.23192254,0.05808279,dusuk,Tarim,low_severity,,0.0,DUSUK
AKD_2021_05,AKD_2021_05_002517,37.35166,35.52477,0.0,0.0,0.18691996,1.872658,195.35396,1.1026481,0.31022775,0.2393546,0.070873156,dusuk,Tarim,low_severity,,0.0,DUSUK
AKD_2021_05,AKD_2021_05_002524,37.35124,35.54451,0.5663201,0.7723581,0.18666652,3.082774,265.43533,0.2057592,0.42538136,0.28844863,0.13693273,dusuk,Agaclik,low_severity,,0.0,DUSUK
AKD_2021_05,AKD_2021_05_002525,37.35118,35.54733,0.5959621,0.7538644,0.455785,7.9643598,273.205,0.21089222,0.49593398,0.17951861,0.31641537,orta-yuksek,Agaclik,predicted,0.2936,0.5786,YUKSEK
AKD_2021_05,AKD_2021_05_002526,37.35112,35.55015,0.41949448,0.6593084,0.25192648,6.3513,250.65616,0.35029066,0.3755893,0.1888401,0.1867492,dusuk,Tarim,low_severity,,0.0,DUSUK
AKD_2021_05,AKD_2021_05_002527,37.35106,35.55297,0.47308064,0.15731473,0.16437918,7.21977,267.38846,0.5709042,0.32466066,0.2123222,0.11233845,dusuk,Tarim,low_severity,,0.0,DUSUK
AKD_2021_05,AKD_2021_05_002528,37.351,35.55579,0.7031199,0.4034635,0.16065374,6.768988,248.02393,0.7209569,0.5201557,0.3737747,0.14638102,dusuk,Tarim,low_severity,,0.0,DUSUK
AKD_2021_05,AKD_2021_05_002529,37.35094,35.55861,0.43175545,0.33969313,0.23845005,7.451354,228.67636,0.47154278,0.39333868,0.22663182,0.16670686,dusuk,Tarim,low_severity,,0.0,DUSUK
AKD_2021_05,AKD_2021_05_002530,37.35087,35.56143,0.025761994,0.0,0.12465008,4.4451876,204.94862,0.22344205,0.29838663,0.22292742,0.07545921,dusuk,Tarim,low_severity,,0.0,DUSUK
AKD_2021_05,AKD_2021_05_002537,37.35044,35.58117,0.03365893,0.0,0.12134181,3.3668613,178.37962,0.468604,0.40355933,0.430105,-0.026545674,dusuk,Tarim,low_severity,,0.0,DUSUK
AKD_2021_05,AKD_2021_05_002543,37.35007,35.59809,0.03525932,0.0,0.19161129,1.5459348,155.48817,0.7651838,0.5651668,0.5397729,0.025393844,dusuk,Tarim,low_severity,,0.0,DUSUK
AKD_2021_05,AKD_2021_05_002545,37.34995,35.60373,0.0,0.0,0.14976874,2.1273987,170.01007,0.74130106,0.3208381,0.36476064,-0.043922544,dusuk,Tarim,low_severity,,0.0,DUSUK
AKD_2021_05,AKD_2021_05_002547,37.34983,35.60937,0.0,0.0,0.10225424,2.010893,177.4314,0.6196543,0.2940254,0.39115006,-0.097124666,dusuk,Tarim,low_severity,,0.0,DUSUK
AKD_2021_05,AKD_2021_05_002549,37.3497,35.61501,0.0,0.0,0.1834446,6.5395093,161.76149,0.44338885,0.3342408,0.26920307,0.06503773,dusuk,Tarim,low_severity,,0.0,DUSUK
AKD_2021_05,AKD_2021_05_002550,37.34964,35.61783,0.0,0.0,0.19066808,13.588267,157.0431,0.3534358,0.40349287,0.38784295,0.015649915,dusuk,Tarim,low_severity,,0.0,DUSUK
AKD_2021_05,AKD_2021_05_002565,37.35177,35.41189,0.47955272,1.0,0.20560573,5.40539,355.47415,0.09305316,0.39980054,0.23933005,0.16047049,dusuk,Agaclik,low_severity,,0.0,DUSUK
AKD_2021_05,AKD_2021_05_002566,37.35171,35.41471,0.92457414,1.0,0.2113011,8.372799,332.27432,0.29227436,0.41419786,0.22136001,0.19283785,dusuk,Agaclik,low_severity,,0.0,DUSUK
AKD_2021_05,AKD_2021_05_002567,37.35165,35.41753,1.0,1.0,0.26730314,8.447719,307.62543,0.53590083,0.51473975,0.23370658,0.28103316,dusuk,Agaclik,low_severity,,0.0,DUSUK
AKD_2021_05,AKD_2021_05_002568,37.35159,35.42035,0.7484743,1.0,0.10856706,8.805752,308.95032,0.7835529,0.3854357,0.30108935,0.084346354,dusuk,Agaclik,low_severity,,0.0,DUSUK
AKD_2021_05,AKD_2021_05_002572,37.35136,35.43164,1.0,0.9533984,0.13449514,9.881585,256.83456,0.41145894,0.5298989,0.44434974,0.085549146,dusuk,Agaclik,low_severity,,0.0,DUSUK
AKD_2021_05,AKD_2021_05_002573,37.3513,35.43446,0.5090123,1.0,0.5386753,9.43455,268.04346,0.3472453,0.5182197,0.15740304,0.36081666,orta-yuksek,Agaclik,predicted,0.3369,0.6576,YUKSEK
AKD_2021_05,AKD_2021_05_002574,37.35125,35.43728,0.831068,1.0,0.6523286,10.872811,258.3385,0.44368926,0.5991955,0.19566111,0.40353435,orta-yuksek,Agaclik,predicted,0.3734,0.7299,YUKSEK
AKD_2021_05,AKD_2021_05_002575,37.35119,35.4401,0.70563805,1.0,0.58419466,9.537717,242.867,0.6309842,0.50847876,0.16157329,0.34690547,orta-yuksek,Agaclik,predicted,0.3255,0.6126,YUKSEK
AKD_2021_05,AKD_2021_05_002576,37.35113,35.44292,0.69525355,1.0,0.6408955,8.808974,267.13522,0.7593108,0.55513155,0.16064352,0.39448804,orta-yuksek,Agaclik,predicted,0.3574,0.6332,YUKSEK
AKD_2021_05,AKD_2021_05_002577,37.35107,35.44574,0.3503348,0.48434788,0.46126464,9.213389,295.19604,0.6431844,0.43229106,0.14920798,0.28308308,orta-yuksek,Agaclik,predicted,0.237,0.4721,ORTA
AKD_2021_05,AKD_2021_05_002578,37.35101,35.44856,0.63594383,0.70737904,0.4511383,6.4753776,293.63943,0.43892112,0.4509043,0.17206061,0.2788437,orta-yuksek,Agaclik,predicted,0.2574,0.4718,ORTA
AKD_2021_05,AKD_2021_05_002579,37.35095,35.45138,1.0,1.0,0.7003879,7.1590505,270.40607,0.31083322,0.65982616,0.2291894,0.43063676,yuksek,Agaclik,predicted,0.3892,0.6964,YUKSEK
AKD_2021_05,AKD_2021_05_002580,37.3509,35.4542,1.0,1.0,0.64232916,7.900806,246.69612,0.22799325,0.66581327,0.24236819,0.42344508,orta-yuksek,Agaclik,predicted,0.3927,0.7246,YUKSEK
AKD_2021_05,AKD_2021_05_002581,37.35084,35.45702,0.9424334,1.0,0.48218235,5.0598555,220.39198,0.09628129,0.54108953,0.20968494,0.3314046,orta-yuksek,Agaclik,predicted,0.327,0.5853,YUKSEK
AKD_2021_05,AKD_2021_05_002582,37.35078,35.45984,0.7246203,1.0,0.5351864,11.403928,222.7334,0.3025876,0.5251029,0.17279367,0.35230923,orta-yuksek,Agaclik,predicted,0.3418,0.7074,YUKSEK
AKD_2021_05,AKD_2021_05_002583,37.35072,35.46266,0.95744795,1.0,0.73996866,10.218201,274.99222,0.5466703,0.57120645,0.17684457,0.39436188,yuksek,Agaclik,predicted,0.3563,0.6808,YUKSEK
AKD_2021_05,AKD_2021_05_002584,37.35066,35.46548,1.0,1.0,0.8400207,10.586913,254.2945,0.7944417,0.63210136,0.16784461,0.46425676,yuksek,Agaclik,predicted,0.404,0.7336,YUKSEK
AKD_2021_05,AKD_2021_05_002585,37.3506,35.4683,0.8830641,0.9367181,0.8278166,6.4365883,218.44234,1.0432769,0.6472411,0.16811949,0.47912163,yuksek,Agaclik,predicted,0.3988,0.6202,YUKSEK
AKD_2021_05,AKD_2021_05_002586,37.35054,35.47112,0.12949903,0.13647465,0.22712502,4.153881,208.24379,1.227347,0.24618375,0.12806524,0.11811851,dusuk,Tarim,low_severity,,0.0,DUSUK
AKD_2021_05,AKD_2021_05_002588,37.35043,35.47676,0.045720268,0.11851051,0.15713897,2.672183,205.72144,1.5158046,0.2339254,0.14125395,0.092671454,dusuk,Tarim,low_severity,,0.0,DUSUK
AKD_2021_05,AKD_2021_05_002589,37.35037,35.47958,0.4484461,0.7507719,0.34139633,4.959384,203.14671,1.4311574,0.34875488,0.13995034,0.20880455,orta-dusuk,Agaclik,predicted,0.2019,0.2552,ORTA
AKD_2021_05,AKD_2021_05_002590,37.35031,35.4824,0.17730802,0.5161745,0.19856413,5.737943,209.53682,1.2558146,0.27999368,0.13959366,0.14040002,dusuk,Agaclik,low_severity,,0.0,DUSUK
AKD_2021_05,AKD_2021_05_002591,37.35025,35.48522,0.56467867,0.6267562,0.20020638,11.301667,193.40541,1.0214891,0.3998437,0.24835381,0.15148988,dusuk,Agaclik,low_severity,,0.0,DUSUK
AKD_2021_05,AKD_2021_05_002592,37.35019,35.48804,0.73689544,0.8338097,0.15305796,14.465972,174.96019,0.79502106,0.5888969,0.48531753,0.10357934,dusuk,Agaclik,low_severity,,0.0,DUSUK
AKD_2021_05,AKD_2021_05_002593,37.35013,35.49086,0.9046666,0.8843254,0.41243774,14.257428,165.99394,0.58794284,0.6773635,0.37494677,0.30241674,orta-dusuk,Agaclik,predicted,0.321,0.7008,YUKSEK
AKD_2021_05,AKD_2021_05_002597,37.34989,35.50214,0.47415173,0.0,0.16119769,6.7612243,142.389,0.20671079,0.5880418,0.45047498,0.1375668,dusuk,Tarim,low_severity,,0.0,DUSUK
AKD_2021_05,AKD_2021_05_002598,37.34983,35.50496,0.44554588,0.0,0.106337965,8.203756,159.25267,0.022962905,0.41309786,0.3099141,0.10318375,dusuk,Tarim,low_severity,,0.0,DUSUK
AKD_2021_05,AKD_2021_05_002599,37.34977,35.50778,0.05889639,0.0,0.1174208,4.3908014,172.70088,0.1507553,0.26626542,0.18775445,0.07851097,dusuk,Tarim,low_severity,,0.0,DUSUK
AKD_2021_05,AKD_2021_05_002603,37.34953,35.51906,0.09201874,0.0,0.10152207,3.7953544,196.00473,0.7859717,0.23396437,0.16284546,0.071118906,dusuk,Tarim,low_severity,,0.0,DUSUK
AKD_2021_05,AKD_2021_05_002604,37.34947,35.52188,0.0,0.0,0.10310159,1.7519516,190.16469,0.85816115,0.25177497,0.16524778,0.08652718,dusuk,Tarim,low_severity,,0.0,DUSUK
AKD_2021_05,AKD_2021_05_002605,37.34941,35.5247,0.057575747,0.0,0.110607505,1.6765771,196.63531,0.9679911,0.26809493,0.18295066,0.08514427,dusuk,Tarim,low_severity,,0.0,DUSUK
AKD_2021_05,AKD_2021_05_002606,37.34935,35.52752,0.124411575,0.07244215,0.15602697,2.5257463,201.83382,1.1236427,0.3306885,0.19935393,0.13133457,dusuk,Tarim,low_severity,,0.0,DUSUK
AKD_2021_05,AKD_2021_05_002610,37.34911,35.5388,0.10417195,0.0,0.116903745,4.458767,236.60791,0.47074822,0.31927836,0.20813453,0.11114383,dusuk,Tarim,low_severity,,0.0,DUSUK
AKD_2021_05,AKD_2021_05_002611,37.34905,35.54162,0.41483352,0.62360585,0.21442448,5.604229,255.08914,0.22336006,0.41746017,0.23004675,0.18741342,dusuk,Tarim,low_severity,,0.0,DUSUK
AKD_2021_05,AKD_2021_05_002612,37.34899,35.54444,0.6338194,0.9108362,0.26466078,5.295077,273.5936,0.05635202,0.486489,0.26597482,0.22051418,dusuk,Agaclik,low_severity,,0.0,DUSUK
AKD_2021_05,AKD_2021_05_002613,37.34893,35.54726,0.69392604,0.75334984,0.25996703,7.6799192,286.78867,0.2854144,0.4890306,0.25572985,0.23330075,dusuk,Agaclik,low_severity,,0.0,DUSUK
AKD_2021_05,AKD_2021_05_002614,37.34887,35.55008,0.8578369,0.91854835,0.22616404,7.6556864,260.9517,0.5336171,0.56725395,0.37663257,0.19062138,dusuk,Agaclik,low_severity,,0.0,DUSUK
AKD_2021_05,AKD_2021_05_002615,37.34881,35.5529,0.59348,0.8460617,0.25799632,7.284093,283.24225,0.70192456,0.5054958,0.29698735,0.20850843,dusuk,Agaclik,low_severity,,0.0,DUSUK
AKD_2021_05,AKD_2021_05_002616,37.34874,35.55572,0.96130276,0.97251076,0.23551993,8.108696,253.72064,0.7498892,0.6301643,0.49125266,0.13891166,dusuk,Agaclik,low_severity,,0.0,DUSUK
AKD_2021_05,AKD_2021_05_002617,37.34868,35.55854,0.61309886,0.42671573,0.1887522,7.051062,223.63902,0.51469165,0.39930192,0.28090972,0.1183922,dusuk,Agaclik,low_severity,,0.0,DUSUK
AKD_2021_05,AKD_2021_05_002618,37.34862,35.56136,0.75521445,0.82039887,0.497739,9.8884,229.55988,0.30410734,0.5346044,0.25731963,0.27728474,orta-yuksek,Agaclik,predicted,0.2668,0.5654,YUKSEK
AKD_2021_05,AKD_2021_05_002619,37.34856,35.56418,0.43839493,0.38063547,0.3730599,7.981867,203.73036,0.21226168,0.48057786,0.2416263,0.23895155,orta-dusuk,Tarim,predicted,0.2015,0.4404,ORTA
AKD_2021_05,AKD_2021_05_002620,37.3485,35.567,0.060769513,0.03164066,0.17338148,2.893942,191.24535,0.21842805,0.34120205,0.23743951,0.10376254,dusuk,Tarim,low_severity,,0.0,DUSUK
AKD_2021_05,AKD_2021_05_002622,37.34838,35.57264,0.29538077,0.0,0.13389704,3.2254503,189.59111,0.2940306,0.40609306,0.26255733,0.14353573,dusuk,Tarim,low_severity,,0.0,DUSUK
AKD_2021_05,AKD_2021_05_002631,37.34782,35.59802,0.0,0.0,0.234971,1.4808613,154.76332,0.5318278,0.58514124,0.42069042,0.16445082,dusuk,Tarim,low_severity,,0.0,DUSUK
AKD_2021_05,AKD_2021_05_002633,37.3477,35.60365,0.0,0.0,0.38771528,2.0893595,162.79866,0.51390475,0.66965353,0.3046822,0.36497134,orta-dusuk,Tarim,predicted,0.2487,0.3668,ORTA
AKD_2021_05,AKD_2021_05_002654,37.34946,35.41464,0.62497324,1.0,0.16122834,7.874952,345.53857,0.43841758,0.32244867,0.19618374,0.12626493,dusuk,Agaclik,low_severity,,0.0,DUSUK
AKD_2021_05,AKD_2021_05_002655,37.3494,35.41746,0.63036346,1.0,0.21873598,9.3317375,308.68317,0.6276746,0.38427773,0.19011956,0.19415817,dusuk,Agaclik,low_severity,,0.0,DUSUK
AKD_2021_05,AKD_2021_05_002656,37.34934,35.42028,0.8741075,1.0,0.2011247,8.2626295,280.96606,0.8489645,0.40546656,0.22543144,0.18003511,dusuk,Agaclik,low_severity,,0.0,DUSUK
AKD_2021_05,AKD_2021_05_002660,37.34911,35.43156,0.92115885,0.8409825,0.31400925,10.366298,231.37903,0.24232948,0.44328755,0.2502544,0.19303316,orta-dusuk,Agaclik,low_severity,,0.0,DUSUK
AKD_2021_05,AKD_2021_05_002661,37.34905,35.43438,0.9014622,1.0,0.61840487,7.965131,235.4613,0.10002212,0.5992607,0.19839357,0.4008671,orta-yuksek,Agaclik,predicted,0.3718,0.7079,YUKSEK
AKD_2021_05,AKD_2021_05_002662,37.34899,35.4372,0.6183521,1.0,0.5905619,10.369446,252.6533,0.29374355,0.5393282,0.16179274,0.37753546,orta-yuksek,Agaclik,predicted,0.3496,0.7002,YUKSEK
AKD_2021_05,AKD_2021_05_002663,37.34894,35.44002,0.87067485,1.0,0.72518593,8.914953,222.68445,0.48833415,0.61155814,0.18626326,0.42529488,yuksek,Agaclik,predicted,0.377,0.6931,YUKSEK
AKD_2021_05,AKD_2021_05_002664,37.34888,35.44284,0.49751428,0.95965934,0.61438155,8.517103,262.15976,0.52120274,0.53009075,0.163391,0.36669976,orta-yuksek,Agaclik,predicted,0.3245,0.6031,YUKSEK
AKD_2021_05,AKD_2021_05_002665,37.34882,35.44566,0.90199393,0.9549656,0.615294,9.216735,255.53114,0.65561754,0.5424813,0.15925393,0.38322738,orta-yuksek,Agaclik,predicted,0.3576,0.6522,YUKSEK
AKD_2021_05,AKD_2021_05_002666,37.34876,35.44848,0.39405227,0.7654902,0.44088265,10.793881,279.6105,0.52256715,0.45636973,0.17842656,0.27794316,orta-yuksek,Agaclik,predicted,0.261,0.5511,YUKSEK
AKD_2021_05,AKD_2021_05_002667,37.3487,35.4513,0.8262431,0.8990267,0.5490367,7.7613482,281.09497,0.27283326,0.5303153,0.2021193,0.328196,orta-yuksek,Agaclik,predicted,0.3098,0.5926,YUKSEK
AKD_2021_05,AKD_2021_05_002668,37.34864,35.45412,1.0,1.0,0.64579535,5.74391,252.73581,0.02827684,0.6711551,0.27937052,0.39178458,orta-yuksek,Agaclik,predicted,0.3595,0.6544,YUKSEK
AKD_2021_05,AKD_2021_05_002669,37.34859,35.45694,1.0,1.0,0.6070634,7.0465446,227.65092,0.2283882,0.6026714,0.22421318,0.3784582,orta-yuksek,Agaclik,predicted,0.3559,0.6529,YUKSEK
AKD_2021_05,AKD_2021_05_002670,37.34853,35.45976,0.7680085,1.0,0.54182386,8.706046,203.38272,0.44490948,0.54466474,0.17056832,0.37409642,orta-yuksek,Agaclik,predicted,0.3552,0.6609,YUKSEK
AKD_2021_05,AKD_2021_05_002671,37.34847,35.46258,1.0,1.0,0.6928588,12.276816,232.39705,0.63657963,0.5785982,0.17190084,0.40669736,yuksek,Agaclik,predicted,0.3794,0.7455,YUKSEK
AKD_2021_05,AKD_2021_05_002672,37.34841,35.4654,1.0,1.0,0.8641281,6.2586684,224.66322,0.7734912,0.6709063,0.17508139,0.49582493,yuksek,Agaclik,predicted,0.4171,0.6726,YUKSEK
AKD_2021_05,AKD_2021_05_002673,37.34835,35.46822,0.51215297,0.52283007,0.48091382,6.806636,203.1769,0.89998245,0.41890383,0.14113212,0.2777717,orta-yuksek,Agaclik,predicted,0.2302,0.3888,ORTA
AKD_2021_05,AKD_2021_05_002674,37.34829,35.47104,0.11514025,0.060632642,0.17222428,2.5585508,194.4261,1.0090144,0.25915006,0.14256153,0.11658853,dusuk,Tarim,low_severity,,0.0,DUSUK
AKD_2021_05,AKD_2021_05_002676,37.34817,35.47668,0.20052515,0.09584327,0.1565627,1.8544526,197.85022,1.3451368,0.3052208,0.19021253,0.11500828,dusuk,Tarim,low_severity,,0.0,DUSUK
AKD_2021_05,AKD_2021_05_002677,37.34811,35.4795,0.44259825,0.45783496,0.29011777,4.6724467,188.05699,1.4536808,0.36329597,0.191311,0.17198497,orta-dusuk,Tarim,low_severity,,0.0,DUSUK
AKD_2021_05,AKD_2021_05_002678,37.34806,35.48232,0.08052528,0.06064414,0.1355024,7.943866,193.6271,1.2049091,0.23348612,0.15614352,0.0773426,dusuk,Tarim,low_severity,,0.0,DUSUK
AKD_2021_05,AKD_2021_05_002680,37.34794,35.48796,0.59761864,0.53474414,0.35261047,3.4059365,199.78432,0.7099597,0.40700042,0.18692213,0.22007829,orta-dusuk,Agaclik,predicted,0.1965,0.293,ORTA
AKD_2021_05,AKD_2021_05_002681,37.34788,35.49078,0.99257344,1.0,0.61214614,13.692468,182.50899,0.46654168,0.68659997,0.27936614,0.40723383,orta-yuksek,Agaclik,predicted,0.3932,0.8112,COK_YUKSEK
AKD_2021_05,AKD_2021_05_002685,37.34764,35.50206,0.782954,0.16160595,0.15643463,7.058815,154.81337,0.27062008,0.52226996,0.42210662,0.10016334,dusuk,Tarim,low_severity,,0.0,DUSUK
AKD_2021_05,AKD_2021_05_002688,37.34746,35.51052,0.6669199,0.27209878,0.10460681,6.6398363,158.10504,0.29893446,0.4701935,0.45848542,0.011708081,dusuk,Tarim,low_severity,,0.0,DUSUK
AKD_2021_05,AKD_2021_05_002689,37.3474,35.51334,0.21268848,0.21847056,0.11805823,5.435896,160.36655,0.27678677,0.2775644,0.2257005,0.05186391,dusuk,Tarim,low_severity,,0.0,DUSUK
AKD_2021_05,AKD_2021_05_002690,37.34734,35.51616,0.14449802,0.034345936,0.29935932,5.9914136,167.50949,0.4345803,0.2962017,0.13162333,0.16457838,orta-dusuk,Tarim,low_severity,,0.0,DUSUK
AKD_2021_05,AKD_2021_05_002691,37.34728,35.51898,0.02998169,0.0,0.17404908,5.2199907,177.73206,0.5631283,0.21049377,0.12090013,0.08959364,dusuk,Tarim,low_severity,,0.0,DUSUK
AKD_2021_05,AKD_2021_05_002692,37.34722,35.5218,0.059035763,0.0,0.14959762,2.3385317,184.98752,0.62664163,0.20986892,0.13780828,0.072060645,dusuk,Tarim,low_severity,,0.0,DUSUK
AKD_2021_05,AKD_2021_05_002696,37.34698,35.53308,0.047593024,0.0,0.105908185,4.6121545,227.65952,1.0128529,0.21106796,0.12874363,0.082324326,dusuk,Tarim,low_severity,,0.0,DUSUK
AKD_2021_05,AKD_2021_05_002697,37.34692,35.5359,0.1533771,0.0,0.11150314,4.666994,235.68365,0.7772752,0.221216,0.16936028,0.051855713,dusuk,Tarim,low_severity,,0.0,DUSUK
AKD_2021_05,AKD_2021_05_002698,37.34686,35.53872,0.1286952,0.17996912,0.16409865,4.8581543,251.47385,0.55447507,0.2776484,0.17367624,0.10397215,dusuk,Tarim,low_severity,,0.0,DUSUK
AKD_2021_05,AKD_2021_05_002699,37.3468,35.54154,0.4390072,0.61680895,0.17988178,5.0828233,259.45477,0.3684134,0.33996767,0.20869458,0.13127309,dusuk,Tarim,low_severity,,0.0,DUSUK
AKD_2021_05,AKD_2021_05_002700,37.34674,35.54436,0.5628176,0.93936735,0.12759298,7.274307,284.4285,0.29835257,0.36650234,0.27053162,0.09597072,dusuk,Agaclik,low_severity,,0.0,DUSUK
AKD_2021_05,AKD_2021_05_002701,37.34668,35.54718,0.6871915,0.7130092,0.20664541,7.1765347,299.66238,0.4090233,0.45766217,0.28994387,0.16771829,dusuk,Agaclik,low_severity,,0.0,DUSUK
AKD_2021_05,AKD_2021_05_002702,37.34662,35.55,0.7567864,1.0,0.37503874,7.140703,276.74313,0.6087577,0.5195856,0.31034926,0.20923635,orta-dusuk,Agaclik,predicted,0.2358,0.4342,ORTA
AKD_2021_05,AKD_2021_05_002703,37.34655,35.55282,0.7272691,0.93936735,0.6354344,7.6732807,277.40005,0.8359855,0.5377317,0.17086713,0.36686456,orta-yuksek,Agaclik,predicted,0.3289,0.5605,YUKSEK
AKD_2021_05,AKD_2021_05_002704,37.34649,35.55564,0.8896975,1.0,0.74160945,6.0512133,255.44531,0.85433525,0.6224122,0.18455467,0.43785754,yuksek,Agaclik,predicted,0.3816,0.6068,YUKSEK
AKD_2021_05,AKD_2021_05_002705,37.34643,35.55846,0.8848998,1.0,0.7366483,5.804969,247.4062,0.65761876,0.60850513,0.20320374,0.4053014,yuksek,Agaclik,predicted,0.3524,0.5788,YUKSEK
AKD_2021_05,AKD_2021_05_002706,37.34637,35.56128,0.5842684,1.0,0.63543,6.35316,248.4595,0.50993747,0.5208017,0.15532982,0.3654719,orta-yuksek,Agaclik,predicted,0.3214,0.5582,YUKSEK
AKD_2021_05,AKD_2021_05_002707,37.34631,35.5641,0.40169242,0.8382498,0.5279592,8.540136,216.80707,0.46109647,0.4872945,0.15393795,0.33335656,orta-yuksek,Agaclik,predicted,0.2939,0.5639,YUKSEK
AKD_2021_05,AKD_2021_05_002708,37.34625,35.56692,0.14282115,0.20447859,0.19340435,6.0414877,195.07248,0.28715116,0.40038398,0.24153951,0.15884447,dusuk,Tarim,low_severity,,0.0,DUSUK
AKD_2021_05,AKD_2021_05_002709,37.34619,35.56974,0.34344372,0.37467775,0.24249893,5.7030864,190.01392,0.1983113,0.38805866,0.23161097,0.1564477,dusuk,Tarim,low_severity,,0.0,DUSUK
AKD_2021_05,AKD_2021_05_002710,37.34613,35.57256,0.013397548,0.0,0.11978784,3.4641697,180.35579,0.34813643,0.31819147,0.20828837,0.1099031,dusuk,Tarim,low_severity,,0.0,DUSUK
AKD_2021_05,AKD_2021_05_002720,37.34551,35.60076,0.0,0.0,0.13450885,1.6532313,155.2771,0.53087455,0.4742831,0.50090533,-0.026622236,dusuk,Tarim,low_severity,,0.0,DUSUK
AKD_2021_05,AKD_2021_05_002747,37.34692,35.42867,0.7709449,0.7423953,0.101155296,8.083549,216.99124,0.49685797,0.32934937,0.2836879,0.04566148,dusuk,Agaclik,low_severity,,0.0,DUSUK
AKD_2021_05,AKD_2021_05_002748,37.34686,35.43149,0.8203466,0.71810293,0.14710304,7.661262,200.31332,0.27046016,0.40808234,0.32267118,0.08541116,dusuk,Agaclik,low_severity,,0.0,DUSUK
AKD_2021_05,AKD_2021_05_002749,37.3468,35.43431,0.7586106,0.9810231,0.46726525,8.510436,208.47745,0.15629953,0.5281194,0.22174942,0.30636996,orta-yuksek,Agaclik,predicted,0.3051,0.6121,YUKSEK
AKD_2021_05,AKD_2021_05_002750,37.34674,35.43713,0.9555312,1.0,0.6905483,7.661719,229.45271,0.31734902,0.59721184,0.1628897,0.43432212,yuksek,Agaclik,predicted,0.3915,0.7088,YUKSEK
AKD_2021_05,AKD_2021_05_002751,37.34668,35.43995,0.88225186,1.0,0.7133311,8.17557,209.06636,0.24201182,0.59514904,0.1531606,0.44198844,yuksek,Agaclik,predicted,0.3916,0.7267,YUKSEK
AKD_2021_05,AKD_2021_05_002752,37.34663,35.44277,0.38235036,0.91907537,0.55728376,11.479722,237.7196,0.3029055,0.5018438,0.15606259,0.3457812,orta-yuksek,Agaclik,predicted,0.3125,0.6647,YUKSEK
AKD_2021_05,AKD_2021_05_002753,37.34657,35.44559,0.8523649,1.0,0.6244941,8.164385,241.91582,0.49993378,0.5556314,0.17633682,0.37929457,orta-yuksek,Agaclik,predicted,0.3508,0.6381,YUKSEK
AKD_2021_05,AKD_2021_05_002754,37.34651,35.44841,0.77108955,1.0,0.66053736,12.2381,245.60782,0.5867576,0.6011705,0.20798677,0.3931837,yuksek,Agaclik,predicted,0.363,0.7254,YUKSEK
AKD_2021_05,AKD_2021_05_002755,37.34645,35.45123,0.39265215,0.8139825,0.45070395,6.2969747,284.5893,0.36408338,0.43009895,0.16689505,0.26320392,orta-yuksek,Agaclik,predicted,0.24,0.4501,ORTA
AKD_2021_05,AKD_2021_05_002756,37.34639,35.45405,0.9572764,1.0,0.70790786,7.261469,260.56018,0.115842454,0.6133366,0.20571727,0.40761936,yuksek,Agaclik,predicted,0.3655,0.6833,YUKSEK
AKD_2021_05,AKD_2021_05_002757,37.34633,35.45687,0.97568405,1.0,0.6670813,8.294932,228.51599,0.13886048,0.5710294,0.17487305,0.39615637,yuksek,Agaclik,predicted,0.3637,0.6979,YUKSEK
AKD_2021_05,AKD_2021_05_002758,37.34628,35.45969,0.94329834,1.0,0.65211403,9.641016,193.31184,0.3360816,0.59528005,0.16307226,0.4322078,orta-yuksek,Agaclik,predicted,0.3981,0.7547,COK_YUKSEK
AKD_2021_05,AKD_2021_05_002759,37.34622,35.46251,0.8624734,1.0,0.6306714,10.413704,186.45593,0.4217321,0.5913651,0.17324147,0.41812363,orta-yuksek,Agaclik,predicted,0.387,0.7438,YUKSEK
AKD_2021_05,AKD_2021_05_002760,37.34616,35.46533,0.9196889,1.0,0.6602439,8.913448,199.87137,0.6029563,0.56267595,0.16927901,0.39339694,yuksek,Agaclik,predicted,0.3605,0.6562,YUKSEK
AKD_2021_05,AKD_2021_05_002761,37.3461,35.46815,0.39374736,0.6505833,0.4399637,3.5527823,194.49892,0.6683545,0.43159002,0.16373059,0.26785943,orta-dusuk,Agaclik,predicted,0.2243,0.342,ORTA
AKD_2021_05,AKD_2021_05_002762,37.34604,35.47097,0.5752477,0.594332,0.26480657,4.224838,189.34909,0.8092214,0.44666457,0.2876381,0.15902647,dusuk,Agaclik,low_severity,,0.0,DUSUK
AKD_2021_05,AKD_2021_05_002763,37.34598,35.47379,0.79509133,0.85036945,0.22487074,3.5104122,201.05484,0.99397224,0.5077313,0.33312026,0.17461106,dusuk,Agaclik,low_severity,,0.0,DUSUK
AKD_2021_05,AKD_2021_05_002765,37.34586,35.47943,0.7730939,0.64472324,0.47935998,12.462194,185.46004,1.4245223,0.5304053,0.2154793,0.31492597,orta-yuksek,Agaclik,predicted,0.2957,0.5405,YUKSEK
AKD_2021_05,AKD_2021_05_002766,37.3458,35.48225,0.8668303,0.9037744,0.52002746,12.5018015,153.25797,1.203657,0.6451808,0.2862299,0.3589509,orta-yuksek,Agaclik,predicted,0.3496,0.6455,YUKSEK
AKD_2021_05,AKD_2021_05_002767,37.34575,35.48507,0.5043853,0.3831893,0.21371834,13.192236,176.47462,0.9552009,0.37646127,0.2386048,0.13785647,dusuk,Tarim,low_severity,,0.0,DUSUK
AKD_2021_05,AKD_2021_05_002768,37.34569,35.48789,0.7048243,0.4340405,0.2993673,13.992943,167.19574,0.7078327,0.44528446,0.2930864,0.15219805,orta-dusuk,Agaclik,low_severity,,0.0,DUSUK
AKD_2021_05,AKD_2021_05_002769,37.34563,35.49071,0.52917415,0.55126214,0.19388357,9.897078,135.2154,0.46329847,0.4612178,0.29009026,0.17112753,dusuk,Agaclik,low_severity,,0.0,DUSUK
AKD_2021_05,AKD_2021_05_002773,37.34539,35.50199,0.2806199,0.14155725,0.17389947,5.444619,170.26271,0.42104378,0.31611782,0.18886101,0.12725681,dusuk,Tarim,low_severity,,0.0,DUSUK
AKD_2021_05,AKD_2021_05_002776,37.34521,35.51045,0.5300897,0.6600341,0.33972955,9.285212,185.96696,0.15072963,0.45448142,0.22928458,0.22519684,orta-dusuk,Agaclik,predicted,0.2212,0.5014,YUKSEK
AKD_2021_05,AKD_2021_05_002777,37.34515,35.51327,0.70155406,0.84989864,0.44254395,8.226075,184.15396,0.09984255,0.46731424,0.15865621,0.30865803,orta-yuksek,Agaclik,predicted,0.2973,0.6009,YUKSEK
AKD_2021_05,AKD_2021_05_002778,37.34509,35.51609,0.69606334,0.7893214,0.45604557,10.083449,191.68202,0.3495964,0.38024575,0.13897431,0.24127144,orta-yuksek,Agaclik,predicted,0.2358,0.5178,YUKSEK
AKD_2021_05,AKD_2021_05_002779,37.34503,35.51891,0.23534943,0.342281,0.24071239,6.9404902,173.7348,0.31361228,0.28208047,0.15745592,0.12462455,dusuk,Tarim,low_severity,,0.0,DUSUK
AKD_2021_05,AKD_2021_05_002781,37.34491,35.52455,0.46275684,0.48877308,0.27042332,5.9376183,203.91716,0.6119519,0.34563142,0.18455437,0.16107705,orta-dusuk,Agaclik,low_severity,,0.0,DUSUK
AKD_2021_05,AKD_2021_05_002782,37.34485,35.52737,0.6777136,0.47352132,0.15725604,3.9842854,218.57693,0.8366907,0.39829272,0.29714888,0.10114384,dusuk,Tarim,low_severity,,0.0,DUSUK
AKD_2021_05,AKD_2021_05_002784,37.34473,35.53301,0.25921452,0.08892054,0.15716821,4.3239274,240.88054,1.1120745,0.28002045,0.17636696,0.10365349,dusuk,Tarim,low_severity,,0.0,DUSUK
AKD_2021_05,AKD_2021_05_002785,37.34467,35.53583,0.025705546,0.07072249,0.15548496,4.6547546,243.29285,0.902771,0.20202282,0.1234716,0.07855122,dusuk,Tarim,low_severity,,0.0,DUSUK
AKD_2021_05,AKD_2021_05_002786,37.34461,35.53865,0.23749132,0.27302465,0.24869479,5.3420978,245.88419,0.71991754,0.26913357,0.1309599,0.13817367,dusuk,Tarim,low_severity,,0.0,DUSUK
AKD_2021_05,AKD_2021_05_002787,37.34455,35.54147,0.40451705,0.7004109,0.2971694,5.1044726,252.06978,0.5886995,0.35361087,0.18839088,0.16521999,orta-dusuk,Agaclik,low_severity,,0.0,DUSUK
AKD_2021_05,AKD_2021_05_002788,37.34449,35.54429,0.77398396,0.9547571,0.4530133,8.045593,269.51553,0.5475883,0.39776546,0.18854497,0.20922048,orta-yuksek,Agaclik,predicted,0.2225,0.438,ORTA
AKD_2021_05,AKD_2021_05_002789,37.34442,35.54711,0.38792586,0.41450492,0.29550853,6.0480566,303.2496,0.6149299,0.31385365,0.12564382,0.18820983,orta-dusuk,Agaclik,low_severity,,0.0,DUSUK
AKD_2021_05,AKD_2021_05_002790,37.34436,35.54993,0.8720328,1.0,0.6777059,6.639168,291.0243,0.59179807,0.55181974,0.1750373,0.37678245,yuksek,Agaclik,predicted,0.3397,0.5826,YUKSEK
AKD_2021_05,AKD_2021_05_002791,37.3443,35.55275,0.9410504,1.0,0.7643323,8.742918,260.20148,0.60848904,0.6092248,0.16255477,0.44667003,yuksek,Agaclik,predicted,0.3939,0.7026,YUKSEK
AKD_2021_05,AKD_2021_05_002792,37.34424,35.55557,0.83577305,1.0,0.7455601,6.30644,238.90338,0.71783906,0.61131465,0.16327111,0.44804353,yuksek,Agaclik,predicted,0.3873,0.6345,YUKSEK
AKD_2021_05,AKD_2021_05_002793,37.34418,35.55839,0.6635185,1.0,0.6756389,5.7072554,229.24593,0.85147953,0.54379654,0.1571866,0.38660994,yuksek,Agaclik,predicted,0.3352,0.5307,YUKSEK
AKD_2021_05,AKD_2021_05_002794,37.34412,35.5612,0.4203846,0.73777336,0.4839153,7.2670617,225.51254,0.74336475,0.43408906,0.16183761,0.27225146,orta-yuksek,Agaclik,predicted,0.2383,0.4263,ORTA
AKD_2021_05,AKD_2021_05_002795,37.34406,35.56402,0.22796272,0.30597642,0.32937694,6.286081,204.5163,0.6405694,0.45816743,0.198553,0.25961444,orta-dusuk,Agaclik,predicted,0.2086,0.3736,ORTA
AKD_2021_05,AKD_2021_05_002796,37.344,35.56684,0.81149477,0.7674597,0.49062768,8.455523,214.9832,0.49213895,0.5732814,0.26462317,0.30865824,orta-yuksek,Agaclik,predicted,0.2906,0.554,YUKSEK
AKD_2021_05,AKD_2021_05_002797,37.34394,35.56966,0.6912505,0.8920535,0.5717571,7.058176,220.41827,0.44617525,0.5103702,0.14096375,0.36940646,orta-yuksek,Agaclik,predicted,0.3321,0.5945,YUKSEK
AKD_2021_05,AKD_2021_05_002798,37.34388,35.57248,0.26601237,0.18739484,0.27226672,7.456828,195.49196,0.5291983,0.35826987,0.20536095,0.15290892,orta-dusuk,Tarim,low_severity,,0.0,DUSUK
AKD_2021_05,AKD_2021_05_002799,37.34381,35.5753,0.0,0.0,0.1470045,3.1289282,174.36852,0.31465718,0.31095052,0.19161153,0.11933899,dusuk,Tarim,low_severity,,0.0,DUSUK
AKD_2021_05,AKD_2021_05_002807,37.34332,35.59786,0.00033662093,0.0,0.18126816,1.6828243,153.52654,0.2291505,0.48790008,0.45075125,0.037148833,dusuk,Tarim,low_severity,,0.0,DUSUK
AKD_2021_05,AKD_2021_05_002813,37.34295,35.61478,0.01859028,0.0,0.13459215,2.5102434,161.28336,0.16192341,0.30851698,0.30327877,0.005238205,dusuk,Tarim,low_severity,,0.0,DUSUK
AKD_2021_05,AKD_2021_05_002835,37.34467,35.4286,0.94498307,1.0,0.2063148,6.854394,214.7999,0.6215247,0.50336355,0.3681953,0.13516825,dusuk,Agaclik,low_severity,,0.0,DUSUK
AKD_2021_05,AKD_2021_05_002836,37.34461,35.43142,0.26516488,0.43007925,0.23736197,5.7710357,191.49161,0.46105728,0.361273,0.19726694,0.16400605,dusuk,Tarim,low_severity,,0.0,DUSUK
AKD_2021_05,AKD_2021_05_002837,37.34455,35.43424,0.4137573,0.49855453,0.26957884,4.953815,183.10529,0.40478966,0.3990446,0.19778137,0.20126323,dusuk,Tarim,low_severity,,0.0,DUSUK
AKD_2021_05,AKD_2021_05_002838,37.34449,35.43706,0.6211475,0.80152553,0.4884494,8.525898,206.40996,0.20194925,0.4405279,0.14534834,0.29517955,orta-yuksek,Agaclik,predicted,0.2728,0.5591,YUKSEK
AKD_2021_05,AKD_2021_05_002839,37.34443,35.43988,0.95565337,1.0,0.74151087,6.2148705,195.31277,0.04824567,0.6117032,0.16366595,0.44803727,yuksek,Agaclik,predicted,0.3906,0.708,YUKSEK
AKD_2021_05,AKD_2021_05_002840,37.34438,35.4427,0.8325298,0.9520716,0.5758839,8.737872,202.85944,0.1919667,0.51657903,0.15870194,0.35787708,orta-yuksek,Agaclik,predicted,0.3346,0.6571,YUKSEK
AKD_2021_05,AKD_2021_05_002841,37.34432,35.44552,0.6793797,0.98729575,0.5924943,8.942381,210.77623,0.44162568,0.53427863,0.1700621,0.36421654,orta-yuksek,Agaclik,predicted,0.3345,0.6346,YUKSEK
AKD_2021_05,AKD_2021_05_002842,37.34426,35.44834,0.8379996,1.0,0.65976495,11.052252,234.59673,0.46469083,0.59404576,0.19593002,0.39811575,orta-yuksek,Agaclik,predicted,0.3672,0.7218,YUKSEK
AKD_2021_05,AKD_2021_05_002843,37.3442,35.45116,0.53879726,0.98382765,0.5117626,7.5975447,268.68863,0.4277015,0.46325946,0.15984848,0.30341098,orta-yuksek,Agaclik,predicted,0.2868,0.5386,YUKSEK
AKD_2021_05,AKD_2021_05_002844,37.34414,35.45398,0.76125646,1.0,0.60990536,6.8017235,263.1395,0.2525695,0.483172,0.12996143,0.35321057,orta-yuksek,Agaclik,predicted,0.3238,0.5974,YUKSEK
AKD_2021_05,AKD_2021_05_002845,37.34408,35.4568,0.92628396,1.0,0.66689754,8.754742,244.15858,0.25984642,0.55594194,0.15967467,0.39626727,yuksek,Agaclik,predicted,0.3634,0.6936,YUKSEK
AKD_2021_05,AKD_2021_05_002846,37.34402,35.45962,0.90921444,0.9514201,0.6040776,15.504192,247.18835,0.086181685,0.5257362,0.15417606,0.37156016,orta-yuksek,Agaclik,predicted,0.3623,0.8394,COK_YUKSEK
AKD_2021_05,AKD_2021_05_002847,37.34397,35.46244,0.8111944,0.90284026,0.57045984,15.9038725,196.30705,0.26895055,0.5413637,0.16619714,0.3751666,orta-yuksek,Agaclik,predicted,0.3619,0.8273,COK_YUKSEK
AKD_2021_05,AKD_2021_05_002848,37.34391,35.46526,0.996193,1.0,0.67531854,9.934185,164.44641,0.35395706,0.61968666,0.17722419,0.44246247,yuksek,Agaclik,predicted,0.4052,0.7691,COK_YUKSEK
AKD_2021_05,AKD_2021_05_002849,37.34385,35.46808,1.0,1.0,0.8219981,9.081653,177.59926,0.45653817,0.6880351,0.18821788,0.4998172,yuksek,Agaclik,predicted,0.4313,0.7813,COK_YUKSEK
AKD_2021_05,AKD_2021_05_002850,37.34379,35.4709,1.0,1.0,0.50861394,8.602466,168.20471,0.64542127,0.7142848,0.4171226,0.29716218,orta-yuksek,Agaclik,predicted,0.3013,0.5568,YUKSEK
AKD_2021_05,AKD_2021_05_002851,37.34373,35.47372,0.9942276,0.99372435,0.48921704,11.808564,187.73547,0.865858,0.7172053,0.37067294,0.34653234,orta-yuksek,Agaclik,predicted,0.3553,0.6763,YUKSEK
AKD_2021_05,AKD_2021_05_002852,37.34367,35.47654,0.78433895,0.73819774,0.38426322,16.264103,173.6479,1.099023,0.59893,0.30759817,0.29133183,orta-dusuk,Agaclik,predicted,0.305,0.6615,YUKSEK
AKD_2021_05,AKD_2021_05_002853,37.34361,35.47936,0.40055138,0.4095295,0.40039968,9.143772,130.71355,1.33828,0.5424222,0.2377935,0.30462867,orta-dusuk,Agaclik,predicted,0.256,0.4264,ORTA
AKD_2021_05,AKD_2021_05_002854,37.34355,35.48218,0.07772001,0.049395677,0.32692027,3.4666018,124.86965,1.2533056,0.56327033,0.2191678,0.34410253,orta-dusuk,Tarim,predicted,0.2491,0.3162,ORTA
AKD_2021_05,AKD_2021_05_002855,37.34349,35.485,0.28461415,0.19213563,0.23105136,8.161992,129.49037,1.0170511,0.4849159,0.2649358,0.21998012,dusuk,Su,low_severity,,0.0,DUSUK
AKD_2021_05,AKD_2021_05_002856,37.34343,35.48782,0.52510715,0.3246063,0.12059474,7.2176843,130.56036,0.78931075,0.35790431,0.26487312,0.0930312,dusuk,Su,low_severity,,0.0,DUSUK
AKD_2021_05,AKD_2021_05_002861,37.34314,35.50191,0.13567747,0.17122808,0.22560306,4.4824514,177.68475,0.22391939,0.33174217,0.14882058,0.18292159,dusuk,Tarim,low_severity,,0.0,DUSUK
AKD_2021_05,AKD_2021_05_002862,37.34308,35.50473,0.16750515,0.0,0.20799893,5.6019273,167.07256,0.35387298,0.36038944,0.18823637,0.17215307,dusuk,Tarim,low_severity,,0.0,DUSUK
AKD_2021_05,AKD_2021_05_002863,37.34302,35.50755,0.28483653,0.12318636,0.1961034,7.438904,168.18492,0.46779045,0.31288248,0.186912,0.12597048,dusuk,Tarim,low_severity,,0.0,DUSUK
AKD_2021_05,AKD_2021_05_002864,37.34296,35.51037,0.6957683,0.9102377,0.54032445,6.5829644,200.0235,0.2847403,0.5139812,0.15367866,0.36030257,orta-yuksek,Agaclik,predicted,0.3286,0.5971,YUKSEK
AKD_2021_05,AKD_2021_05_002865,37.3429,35.51319,0.62589604,0.82693976,0.43040586,6.0130963,210.6574,0.2613927,0.40027386,0.1238644,0.27640945,orta-dusuk,Agaclik,predicted,0.2622,0.4888,ORTA
AKD_2021_05,AKD_2021_05_002866,37.34284,35.51601,0.66297835,0.62346023,0.5143097,3.4509268,209.59721,0.23243412,0.45321715,0.13196822,0.32124895,orta-yuksek,Agaclik,predicted,0.2693,0.4534,ORTA
AKD_2021_05,AKD_2021_05_002867,37.34278,35.51883,0.59813446,0.64569324,0.40905538,8.391566,195.62216,0.06776326,0.41121304,0.15817931,0.25303373,orta-dusuk,Agaclik,predicted,0.235,0.5138,YUKSEK
AKD_2021_05,AKD_2021_05_002868,37.34272,35.52165,0.21103007,0.10504803,0.19385755,5.436732,178.09413,0.28312206,0.2711379,0.17093703,0.10020086,dusuk,Tarim,low_severity,,0.0,DUSUK
AKD_2021_05,AKD_2021_05_002869,37.34266,35.52447,0.3864783,0.26278654,0.17376095,5.744323,196.28107,0.5298343,0.316192,0.22287431,0.09331769,dusuk,Tarim,low_severity,,0.0,DUSUK
AKD_2021_05,AKD_2021_05_002870,37.3426,35.52729,0.68379444,0.7185577,0.16610567,4.9892426,201.45477,0.77864665,0.4526325,0.32783058,0.124801904,dusuk,Agaclik,low_severity,,0.0,DUSUK
AKD_2021_05,AKD_2021_05_002871,37.34254,35.53011,0.61343336,0.6169738,0.3704078,4.4962683,215.76414,1.0280354,0.4628316,0.21766222,0.24516937,orta-dusuk,Agaclik,predicted,0.2258,0.3245,ORTA
AKD_2021_05,AKD_2021_05_002872,37.34248,35.53293,0.2053062,0.33859363,0.24070871,4.9410963,225.13036,1.254013,0.28721902,0.13991776,0.14730126,dusuk,Tarim,low_severity,,0.0,DUSUK
AKD_2021_05,AKD_2021_05_002873,37.34242,35.53575,0.30081704,0.0,0.15859845,4.018456,224.31851,1.0727694,0.234891,0.15279643,0.082094565,dusuk,Tarim,low_severity,,0.0,DUSUK
AKD_2021_05,AKD_2021_05_002874,37.34236,35.53857,0.5579526,0.0,0.12059933,4.5866337,236.03723,0.9133753,0.3474145,0.27996254,0.067451954,dusuk,Tarim,low_severity,,0.0,DUSUK
AKD_2021_05,AKD_2021_05_002875,37.3423,35.54139,0.49864376,0.6357214,0.2911718,5.719684,249.87784,0.7343797,0.39233842,0.23414442,0.158194,orta-dusuk,Agaclik,low_severity,,0.0,DUSUK
AKD_2021_05,AKD_2021_05_002876,37.34223,35.54421,0.7176631,0.9514201,0.54885095,7.8540826,272.18024,0.6077603,0.49015284,0.17023486,0.31991798,orta-yuksek,Agaclik,predicted,0.3018,0.5472,YUKSEK
AKD_2021_05,AKD_2021_05_002877,37.34217,35.54703,0.654256,0.86256236,0.46333072,6.3731613,304.08932,0.47418886,0.4006647,0.120948985,0.27971572,orta-yuksek,Agaclik,predicted,0.2686,0.483,ORTA
AKD_2021_05,AKD_2021_05_002878,37.34211,35.54985,0.5925855,1.0,0.5202836,8.924736,289.56665,0.34624997,0.44849086,0.14984214,0.29864872,orta-yuksek,Agaclik,predicted,0.2885,0.5752,YUKSEK
AKD_2021_05,AKD_2021_05_002879,37.34205,35.55267,0.96021277,1.0,0.83326423,8.538875,264.62473,0.37406284,0.64924836,0.18139927,0.46784908,yuksek,Agaclik,predicted,0.402,0.7355,YUKSEK
AKD_2021_05,AKD_2021_05_002880,37.34199,35.55549,0.9536507,1.0,0.7684842,8.254175,263.20596,0.5338136,0.6487521,0.18852516,0.46022695,yuksek,Agaclik,predicted,0.4047,0.7173,YUKSEK
AKD_2021_05,AKD_2021_05_002881,37.34193,35.55831,0.78303313,0.9505551,0.63803834,9.318833,242.66805,0.7449771,0.5722456,0.18158284,0.39066276,orta-yuksek,Agaclik,predicted,0.3548,0.6405,YUKSEK
AKD_2021_05,AKD_2021_05_002882,37.34187,35.56113,0.39241603,0.64344615,0.3219954,7.1078553,220.42757,0.9746922,0.42850262,0.23715171,0.1913509,orta-dusuk,Tarim,low_severity,,0.0,DUSUK
AKD_2021_05,AKD_2021_05_002883,37.34181,35.56395,0.6759167,0.7087506,0.24783994,10.118548,233.38321,0.8337111,0.48689654,0.3073192,0.17957735,dusuk,Agaclik,low_severity,,0.0,DUSUK
AKD_2021_05,AKD_2021_05_002884,37.34175,35.56677,0.25494942,0.3643577,0.34375554,5.70515,240.2174,0.72591025,0.36093545,0.16553949,0.19539596,orta-dusuk,Tarim,low_severity,,0.0,DUSUK
AKD_2021_05,AKD_2021_05_002885,37.34169,35.56959,0.2541164,0.08289463,0.2498563,5.5260544,224.43015,0.69556975,0.2693019,0.14424635,0.12505554,dusuk,Tarim,low_severity,,0.0,DUSUK
AKD_2021_05,AKD_2021_05_002886,37.34162,35.57241,0.31096685,0.07300276,0.26541555,5.963258,205.43346,0.6678266,0.29798412,0.14020805,0.15777607,dusuk,Tarim,low_severity,,0.0,DUSUK
AKD_2021_05,AKD_2021_05_002892,37.34125,35.58932,0.0,0.0,0.11035048,1.9697047,163.52193,0.5872711,0.2979053,0.29061753,0.0072877705,dusuk,Tarim,low_severity,,0.0,DUSUK
AKD_2021_05,AKD_2021_05_002901,37.3407,35.6147,0.0,0.0,0.11745779,3.0289056,161.28314,0.045789603,0.39388236,0.2544291,0.13945326,dusuk,Tarim,low_severity,,0.0,DUSUK
AKD_2021_05,AKD_2021_05_002923,37.34241,35.42853,0.83477706,1.0,0.38188338,9.838381,234.54137,0.80667096,0.6215136,0.3803653,0.2411483,orta-dusuk,Agaclik,predicted,0.2706,0.5174,YUKSEK
AKD_2021_05,AKD_2021_05_002924,37.34236,35.43135,0.331998,0.7555151,0.36635822,8.93142,199.75427,0.69065106,0.42239654,0.1620895,0.26030704,orta-dusuk,Agaclik,predicted,0.2465,0.476,ORTA
AKD_2021_05,AKD_2021_05_002925,37.3423,35.43417,0.0118385125,0.022493677,0.10542729,4.5135846,177.18137,0.5145799,0.22533903,0.15036786,0.07497117,dusuk,Tarim,low_severity,,0.0,DUSUK
AKD_2021_05,AKD_2021_05_002926,37.34224,35.43698,0.28629306,0.30148938,0.27485085,6.8808146,181.84328,0.31833413,0.30591902,0.13963145,0.16628757,orta-dusuk,Tarim,low_severity,,0.0,DUSUK
AKD_2021_05,AKD_2021_05_002927,37.34218,35.4398,0.7699922,1.0,0.59309554,5.4680157,193.5878,0.25076038,0.51399094,0.15231457,0.36167637,orta-yuksek,Agaclik,predicted,0.3284,0.579,YUKSEK
AKD_2021_05,AKD_2021_05_002928,37.34212,35.44262,0.73121464,0.8866679,0.543165,5.7999115,180.7886,0.30031893,0.49491268,0.17047341,0.3244393,orta-yuksek,Agaclik,predicted,0.2938,0.5281,YUKSEK
AKD_2021_05,AKD_2021_05_002929,37.34207,35.44544,0.9034927,1.0,0.76914406,11.475173,208.61865,0.275809,0.63860965,0.18365815,0.4549515,yuksek,Agaclik,predicted,0.4024,0.8026,COK_YUKSEK
AKD_2021_05,AKD_2021_05_002930,37.34201,35.44826,0.7927802,1.0,0.6842192,6.834965,244.3995,0.2208498,0.5813861,0.18110894,0.40027714,yuksek,Agaclik,predicted,0.3541,0.6469,YUKSEK
AKD_2021_05,AKD_2021_05_002931,37.34195,35.45108,0.7410579,1.0,0.60065836,8.238625,242.62813,0.24438067,0.5498308,0.16997233,0.37985846,orta-yuksek,Agaclik,predicted,0.3502,0.6655,YUKSEK
AKD_2021_05,AKD_2021_05_002932,37.34189,35.4539,0.72478056,1.0,0.52079135,8.471961,251.75072,0.42126077,0.47939765,0.16339757,0.3160001,orta-yuksek,Agaclik,predicted,0.307,0.5864,YUKSEK
AKD_2021_05,AKD_2021_05_002933,37.34183,35.45672,0.49879324,0.6492008,0.41157007,7.5635805,271.66095,0.28655672,0.39025006,0.13945079,0.25079927,orta-dusuk,Agaclik,predicted,0.2301,0.4676,ORTA
AKD_2021_05,AKD_2021_05_002934,37.34177,35.45954,0.30021605,0.16137224,0.28399754,8.414548,263.63354,0.16402355,0.3761262,0.17872378,0.19740242,orta-dusuk,Tarim,low_severity,,0.0,DUSUK
AKD_2021_05,AKD_2021_05_002935,37.34171,35.46236,0.1487205,0.08868684,0.22256608,11.723109,235.8499,0.11686539,0.34411767,0.17130621,0.17281146,dusuk,Yerlesim,low_severity,,0.0,DUSUK
AKD_2021_05,AKD_2021_05_002936,37.34166,35.46518,0.5444905,0.61721396,0.38059413,12.038912,192.86302,0.109612636,0.4132715,0.14984736,0.26342413,orta-dusuk,Agaclik,predicted,0.2522,0.6051,YUKSEK
AKD_2021_05,AKD_2021_05_002937,37.3416,35.468,0.91485566,0.9591618,0.68755335,10.801927,167.49371,0.3084744,0.626958,0.18659872,0.4403593,yuksek,Agaclik,predicted,0.3969,0.778,COK_YUKSEK
AKD_2021_05,AKD_2021_05_002938,37.34154,35.47082,0.9058121,0.94730055,0.6259196,9.153754,157.21054,0.5507249,0.671615,0.23699668,0.43461832,orta-yuksek,Agaclik,predicted,0.3965,0.7204,YUKSEK
AKD_2021_05,AKD_2021_05_002939,37.34148,35.47364,0.7957205,0.84268945,0.5033061,9.597979,140.80084,0.7977716,0.57435083,0.21358949,0.36076134,orta-yuksek,Agaclik,predicted,0.339,0.6166,YUKSEK
AKD_2021_05,AKD_2021_05_002941,37.34136,35.47928,0.014861328,0.0,0.27595854,3.2468164,127.12576,1.2952693,0.39961717,0.18901138,0.21060579,orta-dusuk,Tarim,predicted,0.1329,0.1329,DUSUK
AKD_2021_05,AKD_2021_05_002942,37.3413,35.4821,0.26140943,0.0,0.30174002,8.696526,145.16641,1.3482429,0.4684353,0.21462509,0.2538102,orta-dusuk,Tarim,predicted,0.1905,0.3183,ORTA
AKD_2021_05,AKD_2021_05_002943,37.34124,35.48492,0.25957862,0.2500036,0.10455319,5.6310754,163.64758,1.1319795,0.28433388,0.21500377,0.06933011,dusuk,Tarim,low_severity,,0.0,DUSUK
AKD_2021_05,AKD_2021_05_002948,37.34095,35.49902,0.20922038,0.33130214,0.19655527,5.75625,175.42117,0.2265032,0.29944867,0.15447089,0.14497778,dusuk,Tarim,low_severity,,0.0,DUSUK
AKD_2021_05,AKD_2021_05_002949,37.34089,35.50184,0.6041154,0.8521633,0.34571332,7.1995244,187.40637,0.037281368,0.32166177,0.15784165,0.16382012,orta-dusuk,Agaclik,low_severity,,0.0,DUSUK
AKD_2021_05,AKD_2021_05_002950,37.34083,35.50466,0.25755116,0.41258004,0.27294967,7.960373,184.7337,0.27654314,0.31440884,0.14921454,0.1651943,orta-dusuk,Agaclik,low_severity,,0.0,DUSUK
AKD_2021_05,AKD_2021_05_002951,37.34077,35.50748,0.88431895,0.97234935,0.60534084,9.424371,185.05653,0.5258919,0.47739774,0.12698871,0.35040903,orta-yuksek,Agaclik,predicted,0.3282,0.6256,YUKSEK
AKD_2021_05,AKD_2021_05_002952,37.34071,35.5103,0.97110116,1.0,0.7977387,8.885114,201.45221,0.5142321,0.6381817,0.1692802,0.4689015,yuksek,Agaclik,predicted,0.4073,0.7354,YUKSEK
AKD_2021_05,AKD_2021_05_002953,37.34065,35.51312,0.7148905,0.86668193,0.58938956,6.4603815,216.90186,0.50168097,0.4856638,0.12877882,0.356885,orta-yuksek,Agaclik,predicted,0.316,0.553,YUKSEK
AKD_2021_05,AKD_2021_05_002954,37.34059,35.51594,0.5694559,0.66810906,0.53755057,4.995943,222.15247,0.2920014,0.44021404,0.11949447,0.32071957,orta-yuksek,Agaclik,predicted,0.2683,0.4753,ORTA
AKD_2021_05,AKD_2021_05_002955,37.34053,35.51876,0.23568267,0.37857822,0.32242933,5.7979174,210.48572,0.18929091,0.27367574,0.11243361,0.16124213,orta-dusuk,Tarim,low_severity,,0.0,DUSUK
AKD_2021_05,AKD_2021_05_002956,37.34047,35.52158,0.17050616,0.19086337,0.24767488,5.0517206,187.98718,0.33376232,0.28200096,0.15457472,0.12742624,dusuk,Tarim,low_severity,,0.0,DUSUK
AKD_2021_05,AKD_2021_05_002957,37.34041,35.5244,0.13051958,0.0,0.19984084,3.090669,187.50087,0.55853695,0.26965746,0.17188567,0.09777179,dusuk,Tarim,low_severity,,0.0,DUSUK
AKD_2021_05,AKD_2021_05_002958,37.34035,35.52722,0.11200075,0.11528271,0.20514318,4.208654,197.92854,0.7984546,0.25443837,0.15933096,0.09510741,dusuk,Tarim,low_severity,,0.0,DUSUK
AKD_2021_05,AKD_2021_05_002959,37.34029,35.53004,0.06322089,0.18751171,0.1719427,4.2152514,210.23108,1.0431184,0.20788935,0.12971419,0.07817516,dusuk,Tarim,low_severity,,0.0,DUSUK
AKD_2021_05,AKD_2021_05_002960,37.34023,35.53286,0.11516731,0.1332706,0.1819281,4.1071405,211.4806,1.1843067,0.24441427,0.13602604,0.10838823,dusuk,Tarim,low_severity,,0.0,DUSUK
AKD_2021_05,AKD_2021_05_002961,37.34016,35.53568,0.024241574,0.07752727,0.15148346,3.6188526,221.009,1.0091488,0.25651243,0.14645585,0.11005658,dusuk,Tarim,low_severity,,0.0,DUSUK
AKD_2021_05,AKD_2021_05_002963,37.34004,35.54132,0.24876064,0.37092566,0.20076244,6.2813244,252.22185,0.5635254,0.25822544,0.16789235,0.09033309,dusuk,Tarim,low_severity,,0.0,DUSUK
AKD_2021_05,AKD_2021_05_002964,37.33998,35.54413,0.25743166,0.25607827,0.30184397,4.7984867,262.99417,0.38421336,0.31477475,0.15246885,0.1623059,orta-dusuk,Tarim,low_severity,,0.0,DUSUK
AKD_2021_05,AKD_2021_05_002965,37.33992,35.54695,0.20114185,0.55827206,0.34984598,7.117028,282.1814,0.3204356,0.31863135,0.1427078,0.17592356,orta-dusuk,Agaclik,low_severity,,0.0,DUSUK
AKD_2021_05,AKD_2021_05_002966,37.33986,35.54977,0.32966942,0.98948675,0.3512683,6.0886235,297.08286,0.12063631,0.36707604,0.15890053,0.20817551,orta-dusuk,Agaclik,predicted,0.2173,0.4375,ORTA
AKD_2021_05,AKD_2021_05_002967,37.3398,35.55259,0.61690736,1.0,0.3963503,5.8846164,291.71906,0.18597603,0.44038928,0.19962111,0.24076816,orta-dusuk,Agaclik,predicted,0.2515,0.4781,ORTA
AKD_2021_05,AKD_2021_05_002968,37.33974,35.55541,0.9194357,1.0,0.6669408,8.108605,266.0423,0.42381725,0.60870314,0.20692462,0.40177852,yuksek,Agaclik,predicted,0.3676,0.6703,YUKSEK
AKD_2021_05,AKD_2021_05_002969,37.33968,35.55823,0.8673148,0.9260203,0.7196634,7.0699506,239.03085,0.6705632,0.61911285,0.18442366,0.4346892,yuksek,Agaclik,predicted,0.3773,0.6391,YUKSEK
AKD_2021_05,AKD_2021_05_002970,37.33962,35.56105,0.60913616,0.85811806,0.4946703,7.9608927,244.11049,0.91906965,0.47400457,0.16251937,0.3114852,orta-yuksek,Agaclik,predicted,0.2907,0.4999,ORTA
AKD_2021_05,AKD_2021_05_002971,37.33956,35.56387,0.3315866,0.5679989,0.40034097,6.559392,255.33319,1.0511037,0.3727331,0.14934042,0.22339267,orta-dusuk,Agaclik,predicted,0.1923,0.3113,ORTA
AKD_2021_05,AKD_2021_05_002972,37.3395,35.56669,0.6124422,0.6227544,0.41216254,6.5525875,230.73073,0.9678278,0.46616805,0.22721027,0.23895778,orta-dusuk,Tarim,predicted,0.2192,0.3603,ORTA
AKD_2021_05,AKD_2021_05_002973,37.33943,35.56951,0.27270284,0.20127074,0.18022233,5.775042,208.75293,0.94528425,0.30758953,0.17716393,0.1304256,dusuk,Tarim,low_severity,,0.0,DUSUK
AKD_2021_05,AKD_2021_05_002980,37.339,35.58925,0.079156466,0.0,0.15308052,1.6581889,158.13977,0.73635715,0.2689532,0.23031144,0.038641766,dusuk,Tarim,low_severity,,0.0,DUSUK
AKD_2021_05,AKD_2021_05_003010,37.34022,35.42563,0.9264662,1.0,0.2562297,10.688414,277.2262,0.72028875,0.67325056,0.48576492,0.18748564,dusuk,Agaclik,low_severity,,0.0,DUSUK
AKD_2021_05,AKD_2021_05_003011,37.34016,35.42845,0.7275406,1.0,0.61016697,10.333816,235.82852,0.924243,0.63490534,0.21201825,0.4228871,orta-yuksek,Agaclik,predicted,0.391,0.6956,YUKSEK
AKD_2021_05,AKD_2021_05_003012,37.3401,35.43127,0.8284023,1.0,0.66755885,9.466177,234.63197,0.8595356,0.64983916,0.21855488,0.43128428,yuksek,Agaclik,predicted,0.3916,0.6866,YUKSEK
AKD_2021_05,AKD_2021_05_003013,37.34005,35.43409,0.4740365,0.73581696,0.44806176,12.541944,199.98285,0.64446634,0.4416865,0.15679099,0.28489554,orta-yuksek,Agaclik,predicted,0.2679,0.5822,YUKSEK
AKD_2021_05,AKD_2021_05_003014,37.33999,35.43691,0.0,0.08339341,0.25601703,4.8428693,168.50679,0.3949354,0.3341354,0.14042857,0.19370684,dusuk,Tarim,low_severity,,0.0,DUSUK
AKD_2021_05,AKD_2021_05_003015,37.33993,35.43973,0.03830857,0.3033306,0.23403566,6.205395,169.6557,0.14700706,0.2546926,0.124427244,0.13026537,dusuk,Tarim,low_severity,,0.0,DUSUK
AKD_2021_05,AKD_2021_05_003016,37.33987,35.44255,0.23344551,0.4268237,0.32699543,4.311507,166.79086,0.11067153,0.3254211,0.1429182,0.1825029,orta-dusuk,Tarim,low_severity,,0.0,DUSUK
AKD_2021_05,AKD_2021_05_003017,37.33981,35.44537,0.40979263,1.0,0.56787133,11.146698,200.09038,0.18414026,0.4915268,0.14453004,0.34699678,orta-yuksek,Agaclik,predicted,0.3166,0.677,YUKSEK
AKD_2021_05,AKD_2021_05_003018,37.33976,35.44819,0.88438004,1.0,0.6689136,9.387388,226.60602,0.08131224,0.55493844,0.15135226,0.40358618,yuksek,Agaclik,predicted,0.3682,0.7316,YUKSEK
AKD_2021_05,AKD_2021_05_003019,37.3397,35.45101,0.7554176,1.0,0.5743556,11.083864,222.90265,0.11502323,0.53814435,0.17228436,0.36586,orta-yuksek,Agaclik,predicted,0.348,0.7302,YUKSEK
AKD_2021_05,AKD_2021_05_003020,37.33964,35.45383,0.8189404,0.8210027,0.38799566,10.414819,230.29651,0.36189649,0.47173166,0.223791,0.24794066,orta-dusuk,Agaclik,predicted,0.2625,0.563,YUKSEK
AKD_2021_05,AKD_2021_05_003021,37.33958,35.45665,0.4638245,0.12819424,0.14476182,5.972526,258.4242,0.16931683,0.27520463,0.19870126,0.076503366,dusuk,Tarim,low_severity,,0.0,DUSUK
AKD_2021_05,AKD_2021_05_003024,37.3394,35.46511,0.075695716,0.020721648,0.104878776,3.575884,211.08714,0.15409173,0.20158856,0.16614275,0.03544581,dusuk,Tarim,low_severity,,0.0,DUSUK
AKD_2021_05,AKD_2021_05_003025,37.33935,35.46793,0.42388335,0.42846638,0.32552254,3.7820868,196.74057,0.3269339,0.34552795,0.1631646,0.18236335,orta-dusuk,Tarim,low_severity,,0.0,DUSUK
AKD_2021_05,AKD_2021_05_003026,37.33929,35.47075,0.3425281,0.3163139,0.34841806,6.6743937,189.51009,0.5612729,0.38844898,0.16998452,0.21846446,orta-dusuk,Agaclik,predicted,0.1753,0.3393,ORTA
AKD_2021_05,AKD_2021_05_003027,37.33923,35.47357,0.5102109,0.4997876,0.37993935,10.615896,136.11794,0.8050893,0.4999131,0.22739473,0.27251837,orta-dusuk,Agaclik,predicted,0.2454,0.4946,ORTA
AKD_2021_05,AKD_2021_05_003028,37.33917,35.47639,0.061948624,0.0,0.21934628,2.3197286,124.670815,1.0518129,0.33520663,0.2191667,0.11603993,dusuk,Tarim,low_severity,,0.0,DUSUK
AKD_2021_05,AKD_2021_05_003029,37.33911,35.47921,0.5201059,0.030116227,0.4008662,7.961151,149.23332,1.2997892,0.4517938,0.19587475,0.25591904,orta-dusuk,Tarim,predicted,0.1886,0.3064,ORTA
AKD_2021_05,AKD_2021_05_003030,37.33905,35.48203,0.10061838,0.091149054,0.1431292,3.068343,166.09865,1.4797782,0.22780344,0.13598171,0.09182173,dusuk,Tarim,low_severity,,0.0,DUSUK
AKD_2021_05,AKD_2021_05_003032,37.33893,35.48767,0.0,0.0,0.19655502,4.292222,179.75835,1.1144416,0.2973072,0.1507439,0.14656329,dusuk,Tarim,low_severity,,0.0,DUSUK
AKD_2021_05,AKD_2021_05_003036,37.33869,35.49895,0.8590241,0.9906599,0.5134989,8.531355,205.33958,0.35714662,0.5170946,0.19872375,0.31837088,orta-yuksek,Agaclik,predicted,0.3135,0.6041,YUKSEK
AKD_2021_05,AKD_2021_05_003037,37.33863,35.50177,0.7782104,1.0,0.7077421,7.958848,208.74591,0.27863938,0.59565127,0.16332069,0.43233058,yuksek,Agaclik,predicted,0.379,0.6998,YUKSEK
AKD_2021_05,AKD_2021_05_003038,37.33857,35.50459,0.38688836,0.8158394,0.46678388,9.73257,207.52835,0.39080188,0.44342703,0.15152282,0.2919042,orta-yuksek,Agaclik,predicted,0.267,0.5536,YUKSEK
AKD_2021_05,AKD_2021_05_003039,37.33851,35.5074,0.8291003,0.8768778,0.56961447,9.739736,199.30103,0.5939801,0.5328126,0.17460707,0.35820553,orta-yuksek,Agaclik,predicted,0.3327,0.6312,YUKSEK
AKD_2021_05,AKD_2021_05_003040,37.33846,35.51022,0.6548222,0.8714752,0.651794,9.629161,240.08313,0.7568304,0.45276457,0.11838332,0.33438125,orta-yuksek,Agaclik,predicted,0.2923,0.5513,YUKSEK
AKD_2021_05,AKD_2021_05_003041,37.3384,35.51304,0.7960287,0.8936213,0.72017884,9.502929,238.71771,0.6449324,0.57535887,0.15309766,0.4222612,yuksek,Agaclik,predicted,0.3662,0.6717,YUKSEK
AKD_2021_05,AKD_2021_05_003042,37.33834,35.51586,0.7625667,0.9920668,0.71340287,6.6266866,242.33138,0.49143055,0.5502397,0.13719219,0.4130475,yuksek,Agaclik,predicted,0.3585,0.6211,YUKSEK
AKD_2021_05,AKD_2021_05_003043,37.33828,35.51868,0.7907906,0.9541872,0.64637077,8.510965,232.61545,0.4382582,0.5362815,0.1442307,0.39205083,orta-yuksek,Agaclik,predicted,0.3528,0.6542,YUKSEK
AKD_2021_05,AKD_2021_05_003044,37.33822,35.5215,0.22148937,0.119492844,0.2956903,6.546444,204.7596,0.51733595,0.2779917,0.11988588,0.15810584,orta-dusuk,Tarim,low_severity,,0.0,DUSUK
AKD_2021_05,AKD_2021_05_003045,37.33815,35.52432,0.04440408,0.05681907,0.18219113,5.3494697,201.88467,0.6842534,0.2131365,0.1300725,0.08306399,dusuk,Tarim,low_severity,,0.0,DUSUK
AKD_2021_05,AKD_2021_05_003047,37.33803,35.52996,0.05758495,0.060632642,0.23742123,5.752018,210.70801,1.1154977,0.21783656,0.1275258,0.09031075,dusuk,Tarim,low_severity,,0.0,DUSUK
AKD_2021_05,AKD_2021_05_003048,37.33797,35.53278,0.38976258,0.50279474,0.38634428,6.959872,225.89642,1.0374784,0.3013692,0.14356531,0.15780388,orta-dusuk,Agaclik,low_severity,,0.0,DUSUK
AKD_2021_05,AKD_2021_05_003049,37.33791,35.5356,0.40812904,0.25295466,0.29811153,6.693028,237.89896,0.8319619,0.43336105,0.21329893,0.22006212,orta-dusuk,Tarim,predicted,0.1852,0.3261,ORTA
AKD_2021_05,AKD_2021_05_003050,37.33785,35.53842,0.70350504,0.4322324,0.24472971,8.209993,247.0016,0.6579968,0.38115144,0.21445256,0.16669887,dusuk,Tarim,low_severity,,0.0,DUSUK
AKD_2021_05,AKD_2021_05_003051,37.33779,35.54124,0.46200475,0.6600914,0.36539382,7.4758954,252.3843,0.46990228,0.3908863,0.17739752,0.21348879,orta-dusuk,Tarim,predicted,0.2029,0.4058,ORTA
AKD_2021_05,AKD_2021_05_003052,37.33773,35.54406,0.33800352,0.23417656,0.28165126,7.1556687,259.21255,0.22553761,0.27378923,0.15531096,0.11847827,orta-dusuk,Tarim,low_severity,,0.0,DUSUK
AKD_2021_05,AKD_2021_05_003053,37.33767,35.54688,0.4821773,0.61850387,0.32778677,8.114415,282.40237,0.07698229,0.3546384,0.1700122,0.18462619,orta-dusuk,Tarim,low_severity,,0.0,DUSUK
AKD_2021_05,AKD_2021_05_003054,37.33761,35.5497,0.40277255,0.9984174,0.49829617,5.3131723,300.76364,0.16988648,0.44271964,0.16544698,0.27727264,orta-yuksek,Agaclik,predicted,0.2571,0.4773,ORTA
AKD_2021_05,AKD_2021_05_003055,37.33755,35.55252,0.6884928,0.9431809,0.49919733,5.905653,294.63635,0.22356915,0.4992749,0.19508865,0.30418625,orta-yuksek,Agaclik,predicted,0.2902,0.5328,YUKSEK
AKD_2021_05,AKD_2021_05_003056,37.33749,35.55534,0.7102936,1.0,0.46991897,4.7165494,272.7844,0.44283736,0.50521284,0.23313665,0.2720762,orta-yuksek,Agaclik,predicted,0.2683,0.4541,ORTA
AKD_2021_05,AKD_2021_05_003057,37.33743,35.55816,0.5590082,0.8198242,0.45130444,5.1247234,265.3439,0.6835398,0.4244266,0.1466807,0.2777459,orta-yuksek,Agaclik,predicted,0.2573,0.4201,ORTA
AKD_2021_05,AKD_2021_05_003058,37.33737,35.56098,0.10986308,0.14686267,0.20959026,5.105966,267.7717,0.86940277,0.25322214,0.13286433,0.12035781,dusuk,Tarim,low_severity,,0.0,DUSUK
AKD_2021_05,AKD_2021_05_003098,37.33797,35.42556,0.9358746,1.0,0.68539524,11.899211,292.22495,0.5884869,0.67423224,0.26709443,0.4071378,yuksek,Agaclik,predicted,0.3798,0.744,YUKSEK
AKD_2021_05,AKD_2021_05_003099,37.33791,35.42838,0.55562156,1.0,0.6550288,8.94452,264.61703,0.825667,0.668906,0.20840874,0.46049723,orta-yuksek,Agaclik,predicted,0.4075,0.7041,YUKSEK
AKD_2021_05,AKD_2021_05_003100,37.33785,35.4312,0.9325008,1.0,0.73323417,8.272153,261.60068,0.92019373,0.647431,0.18867612,0.4587549,yuksek,Agaclik,predicted,0.4084,0.6827,YUKSEK
AKD_2021_05,AKD_2021_05_003101,37.3378,35.43402,0.464755,1.0,0.65355337,12.053838,218.42711,0.6799953,0.5715182,0.15826832,0.41324985,orta-yuksek,Agaclik,predicted,0.367,0.7181,YUKSEK
AKD_2021_05,AKD_2021_05_003102,37.33774,35.43684,0.28787023,0.8657508,0.3824004,8.288244,184.05382,0.4505893,0.40063646,0.14926177,0.2513747,orta-dusuk,Agaclik,predicted,0.2399,0.479,ORTA
AKD_2021_05,AKD_2021_05_003103,37.33768,35.43966,0.0,0.02030747,0.18914814,4.751355,160.41556,0.26204544,0.2528014,0.13206713,0.12073426,dusuk,Tarim,low_severity,,0.0,DUSUK
AKD_2021_05,AKD_2021_05_003104,37.33762,35.44248,0.0,0.0030145214,0.14021827,2.9634447,155.54875,0.24352603,0.225667,0.13137147,0.09429553,dusuk,Tarim,low_severity,,0.0,DUSUK
AKD_2021_05,AKD_2021_05_003105,37.33756,35.4453,0.35605767,0.7054117,0.35277736,8.883038,172.77718,0.055054322,0.351191,0.12937456,0.22181645,orta-dusuk,Agaclik,predicted,0.2103,0.4874,ORTA
AKD_2021_05,AKD_2021_05_003106,37.3375,35.44812,0.86505103,0.9999525,0.6994032,9.05783,197.57014,0.24382566,0.58844304,0.16119295,0.4272501,yuksek,Agaclik,predicted,0.3816,0.7284,YUKSEK
AKD_2021_05,AKD_2021_05_003107,37.33745,35.45094,0.9511717,1.0,0.71293694,10.423656,192.96556,0.3028841,0.60415924,0.16794932,0.43620992,yuksek,Agaclik,predicted,0.394,0.767,COK_YUKSEK
AKD_2021_05,AKD_2021_05_003108,37.33739,35.45376,0.7062149,0.9956855,0.60319585,10.141313,227.22412,0.28654101,0.5731089,0.19827333,0.37483558,orta-yuksek,Agaclik,predicted,0.3471,0.6928,YUKSEK
AKD_2021_05,AKD_2021_05_003109,37.33733,35.45658,0.26425532,0.18078774,0.16202712,5.0838428,250.00058,0.07804713,0.32465646,0.2148203,0.10983616,dusuk,Yerlesim,low_severity,,0.0,DUSUK
AKD_2021_05,AKD_2021_05_003113,37.33709,35.46786,0.33223206,0.4304709,0.2903749,4.1935225,203.57399,0.4935738,0.2947899,0.1526806,0.1421093,orta-dusuk,Tarim,low_severity,,0.0,DUSUK
AKD_2021_05,AKD_2021_05_003114,37.33704,35.47068,0.28664774,0.2576026,0.4248783,7.9128566,187.8356,0.67212844,0.43294042,0.16964671,0.2632937,orta-dusuk,Tarim,predicted,0.1987,0.3866,ORTA
AKD_2021_05,AKD_2021_05_003115,37.33698,35.4735,0.4891527,0.24939495,0.3373411,9.700904,132.48053,0.8859448,0.49055666,0.23892635,0.2516303,orta-dusuk,Tarim,predicted,0.2124,0.419,ORTA
AKD_2021_05,AKD_2021_05_003116,37.33692,35.47631,0.0,0.00013537827,0.25389615,2.1563563,124.4497,1.1149169,0.20317331,0.17330761,0.029865697,dusuk,Tarim,low_severity,,0.0,DUSUK
AKD_2021_05,AKD_2021_05_003117,37.33686,35.47913,0.45244345,0.27333534,0.31312805,7.039847,147.34085,1.3513627,0.33803776,0.15111937,0.1869184,orta-dusuk,Tarim,low_severity,,0.0,DUSUK
AKD_2021_05,AKD_2021_05_003118,37.3368,35.48195,0.31357408,0.21281452,0.24575594,3.3352447,165.708,1.5919557,0.3270316,0.14092751,0.1861041,dusuk,Tarim,low_severity,,0.0,DUSUK
AKD_2021_05,AKD_2021_05_003121,37.33662,35.49041,0.62849164,0.8475807,0.20087032,8.753035,221.22443,1.1083975,0.36132252,0.18137771,0.17994481,dusuk,Agaclik,low_severity,,0.0,DUSUK
AKD_2021_05,AKD_2021_05_003122,37.33656,35.49323,0.638746,0.8786472,0.34759486,6.634654,233.04619,0.8964549,0.40323907,0.19189781,0.21134126,orta-dusuk,Agaclik,predicted,0.2253,0.3785,ORTA
AKD_2021_05,AKD_2021_05_003123,37.3365,35.49605,0.19313164,0.3751896,0.11282653,7.796749,245.31346,0.70973057,0.27066055,0.20878243,0.061878115,dusuk,Agaclik,low_severity,,0.0,DUSUK
AKD_2021_05,AKD_2021_05_003124,37.33644,35.49887,0.8542829,0.83536196,0.4856404,10.333905,233.00166,0.5734141,0.49203038,0.18091348,0.3111169,orta-yuksek,Agaclik,predicted,0.3054,0.6037,YUKSEK
AKD_2021_05,AKD_2021_05_003125,37.33638,35.50169,0.34882635,0.7042704,0.3463773,7.7612762,233.41936,0.5281003,0.37513012,0.13344628,0.24168384,orta-dusuk,Agaclik,predicted,0.2289,0.4442,ORTA
AKD_2021_05,AKD_2021_05_003126,37.33632,35.50451,0.65089184,0.8665694,0.42372698,9.417762,218.06996,0.5949589,0.42043257,0.1533652,0.26706737,orta-dusuk,Agaclik,predicted,0.2672,0.5265,YUKSEK
AKD_2021_05,AKD_2021_05_003127,37.33626,35.50733,0.9424165,1.0,0.6113001,8.30937,210.70174,0.7443536,0.5812869,0.19581804,0.38546887,orta-yuksek,Agaclik,predicted,0.3615,0.6313,YUKSEK
AKD_2021_05,AKD_2021_05_003128,37.3362,35.51015,0.78707314,0.92947793,0.59893894,7.715152,240.56857,0.9376292,0.4649055,0.1312595,0.333646,orta-yuksek,Agaclik,predicted,0.306,0.5162,YUKSEK
AKD_2021_05,AKD_2021_05_003129,37.33614,35.51297,0.50262374,0.620446,0.4722904,6.5179687,266.2225,0.83497125,0.32284933,0.049987204,0.27286214,orta-yuksek,Agaclik,predicted,0.2359,0.3987,ORTA
AKD_2021_05,AKD_2021_05_003130,37.33608,35.51579,0.5913219,0.88445103,0.59183365,7.2746234,256.2438,0.7230098,0.46507478,0.123826966,0.3412478,orta-yuksek,Agaclik,predicted,0.3014,0.5234,YUKSEK
AKD_2021_05,AKD_2021_05_003131,37.33602,35.51861,0.72708243,0.9506904,0.53542256,6.1684284,232.34499,0.6879749,0.4737413,0.14824034,0.32550097,orta-yuksek,Agaclik,predicted,0.3038,0.5095,YUKSEK
AKD_2021_05,AKD_2021_05_003132,37.33596,35.52143,0.643119,0.82487756,0.33230776,4.4684863,208.97565,0.7408614,0.43326694,0.21422121,0.21904573,orta-dusuk,Agaclik,predicted,0.2248,0.3526,ORTA
AKD_2021_05,AKD_2021_05_003133,37.3359,35.52425,0.5745864,0.59536475,0.12543589,7.5511856,220.16054,0.8657031,0.3421839,0.30683196,0.035351932,dusuk,Agaclik,low_severity,,0.0,DUSUK
AKD_2021_05,AKD_2021_05_003134,37.33584,35.52707,0.2484775,0.22065088,0.27684766,6.62999,216.178,0.9959582,0.27520588,0.15334302,0.12186286,orta-dusuk,Tarim,low_severity,,0.0,DUSUK
AKD_2021_05,AKD_2021_05_003135,37.33578,35.52989,0.11617338,0.17881225,0.30776212,6.836691,219.20636,0.9202013,0.2214868,0.12246838,0.099018425,orta-dusuk,Tarim,low_severity,,0.0,DUSUK
AKD_2021_05,AKD_2021_05_003136,37.33572,35.53271,0.55127424,0.833016,0.46648163,5.5053053,237.03072,0.9091799,0.3874522,0.14362386,0.24382833,orta-yuksek,Agaclik,predicted,0.2255,0.3559,ORTA
AKD_2021_05,AKD_2021_05_003137,37.33566,35.53552,0.25276044,0.34632906,0.2531439,5.0957932,246.08109,0.70067096,0.33458793,0.1433046,0.19128333,dusuk,Tarim,low_severity,,0.0,DUSUK
AKD_2021_05,AKD_2021_05_003138,37.3356,35.53834,0.7420498,0.6296164,0.23216967,6.4832706,262.1614,0.48139262,0.43992695,0.23747373,0.20245323,dusuk,Agaclik,low_severity,,0.0,DUSUK
AKD_2021_05,AKD_2021_05_003139,37.33554,35.54116,0.38125077,0.3031878,0.28934526,6.5775065,284.9359,0.3123107,0.39914805,0.17500713,0.22414091,orta-dusuk,Agaclik,predicted,0.194,0.3917,ORTA
AKD_2021_05,AKD_2021_05_003140,37.33548,35.54398,0.64789623,0.8602072,0.45863053,5.6333103,283.5189,0.281273,0.39614505,0.15272608,0.24341896,orta-yuksek,Agaclik,predicted,0.2342,0.4373,ORTA
AKD_2021_05,AKD_2021_05_003141,37.33542,35.5468,0.5842156,0.93936735,0.547454,5.9219637,290.60397,0.18486094,0.44797325,0.15500942,0.29296383,orta-yuksek,Agaclik,predicted,0.2676,0.5032,YUKSEK
AKD_2021_05,AKD_2021_05_003142,37.33536,35.54962,0.60355175,0.999694,0.60999763,5.4403157,280.51895,0.3379832,0.5283816,0.15583079,0.3725508,orta-yuksek,Agaclik,predicted,0.3317,0.5742,YUKSEK
AKD_2021_05,AKD_2021_05_003143,37.3353,35.55244,0.60879916,0.75365585,0.44848508,5.5984015,286.75623,0.34157923,0.41506118,0.15901046,0.2560507,orta-yuksek,Agaclik,predicted,0.2376,0.4354,ORTA
AKD_2021_05,AKD_2021_05_003144,37.33524,35.55526,0.90472555,1.0,0.63335794,5.842451,276.63556,0.3597805,0.60192454,0.23552245,0.3664021,orta-yuksek,Agaclik,predicted,0.3365,0.5869,YUKSEK
AKD_2021_05,AKD_2021_05_003145,37.33518,35.55808,0.7286967,0.75358796,0.36898208,6.1713295,256.82407,0.51692134,0.5112206,0.25641698,0.2548036,orta-dusuk,Agaclik,predicted,0.2545,0.4534,ORTA
AKD_2021_05,AKD_2021_05_003146,37.33512,35.5609,0.8650867,0.86354834,0.10510537,5.9480734,260.5389,0.72799265,0.4964614,0.41307008,0.08339131,dusuk,Agaclik,low_severity,,0.0,DUSUK
AKD_2021_05,AKD_2021_05_003157,37.33444,35.59191,0.02791237,0.0,0.1550743,2.3587577,157.10245,1.0552456,0.3489262,0.37881905,-0.029892862,dusuk,Tarim,low_severity,,0.0,DUSUK
AKD_2021_05,AKD_2021_05_003158,37.33438,35.59473,0.010989824,0.0,0.20986304,2.5893075,161.28574,1.0199,0.24221182,0.17698985,0.065221965,dusuk,Tarim,low_severity,,0.0,DUSUK
AKD_2021_05,AKD_2021_05_003160,37.33425,35.60037,0.078896284,0.0,0.10103443,0.6853956,141.71039,0.7830749,0.47189087,0.43703276,0.034858108,dusuk,Tarim,low_severity,,0.0,DUSUK
AKD_2021_05,AKD_2021_05_003161,37.33419,35.60319,0.0,0.0,0.120677896,1.40822,145.21384,0.6192172,0.39218533,0.3147948,0.07739052,dusuk,Tarim,low_severity,,0.0,DUSUK
AKD_2021_05,AKD_2021_05_003162,37.33413,35.60601,0.0,0.0,0.14844388,2.062804,152.58296,0.52787656,0.41738665,0.28421205,0.1331746,dusuk,Tarim,low_severity,,0.0,DUSUK
AKD_2021_05,AKD_2021_05_003163,37.33407,35.60883,0.0,0.0,0.22484134,2.346115,160.58783,0.4174813,0.46810785,0.22131948,0.24678837,dusuk,Tarim,low_severity,,0.0,DUSUK
AKD_2021_05,AKD_2021_05_003166,37.33388,35.61728,0.0,0.0,0.109255716,19.964764,146.45258,0.421476,0.44417042,0.326128,0.11804241,dusuk,Tarim,low_severity,,0.0,DUSUK
AKD_2021_05,AKD_2021_05_003185,37.33578,35.42267,0.529687,0.8787347,0.20577899,5.6022453,331.0323,0.29733583,0.47395742,0.30243433,0.1715231,dusuk,Agaclik,low_severity,,0.0,DUSUK
AKD_2021_05,AKD_2021_05_003186,37.33572,35.42549,0.8418493,1.0,0.82208794,9.067531,306.3096,0.54664224,0.6449779,0.1465956,0.49838233,yuksek,Agaclik,predicted,0.4286,0.7675,COK_YUKSEK
AKD_2021_05,AKD_2021_05_003187,37.33566,35.42831,0.78388196,1.0,0.740662,8.280692,294.86252,0.7963836,0.7065464,0.23225516,0.47429127,yuksek,Agaclik,predicted,0.4157,0.7068,YUKSEK
AKD_2021_05,AKD_2021_05_003188,37.3356,35.43113,0.8581963,1.0,0.81361353,13.342723,264.9465,0.7653519,0.67774796,0.17227641,0.5054716,yuksek,Agaclik,predicted,0.4448,0.8507,COK_YUKSEK
AKD_2021_05,AKD_2021_05_003189,37.33554,35.43395,0.22865489,1.0,0.5536108,8.2434635,228.3835,0.75933725,0.49239346,0.14313343,0.34926003,orta-yuksek,Agaclik,predicted,0.3082,0.5484,YUKSEK
AKD_2021_05,AKD_2021_05_003190,37.33549,35.43677,0.0019635793,1.0,0.33797935,10.28607,210.094,0.6124438,0.34551108,0.1577484,0.18776268,orta-dusuk,Agaclik,low_severity,,0.0,DUSUK
AKD_2021_05,AKD_2021_05_003191,37.33543,35.43959,0.22783156,0.91095626,0.3005062,10.192803,190.83154,0.4906369,0.32531452,0.1522585,0.17305602,orta-dusuk,Agaclik,low_severity,,0.0,DUSUK
AKD_2021_05,AKD_2021_05_003192,37.33537,35.44241,0.18191935,0.34960407,0.2269848,8.759818,162.19218,0.32751137,0.31736076,0.16856946,0.1487913,dusuk,Agaclik,low_severity,,0.0,DUSUK
AKD_2021_05,AKD_2021_05_003193,37.33531,35.44523,0.040280152,0.0,0.15548058,4.6481256,149.88138,0.19668165,0.237566,0.12605321,0.11151278,dusuk,Tarim,low_severity,,0.0,DUSUK
AKD_2021_05,AKD_2021_05_003194,37.33525,35.44805,0.69066715,0.83160263,0.42885804,8.863517,167.35222,0.2448621,0.4505493,0.15770309,0.2928462,orta-dusuk,Agaclik,predicted,0.2846,0.5788,YUKSEK
AKD_2021_05,AKD_2021_05_003195,37.33519,35.45086,0.7924323,1.0,0.6599287,6.5553284,177.04858,0.30718732,0.5914074,0.1729097,0.4184977,orta-yuksek,Agaclik,predicted,0.3706,0.6573,YUKSEK
AKD_2021_05,AKD_2021_05_003196,37.33514,35.45368,0.61820865,1.0,0.58187973,8.679642,206.40361,0.32053366,0.5762383,0.19068348,0.3855548,orta-yuksek,Agaclik,predicted,0.3523,0.6691,YUKSEK
AKD_2021_05,AKD_2021_05_003197,37.33508,35.4565,0.29484957,0.62584573,0.267469,7.959073,235.85085,0.17883684,0.35502446,0.19307029,0.16195416,dusuk,Agaclik,low_severity,,0.0,DUSUK
AKD_2021_05,AKD_2021_05_003200,37.3349,35.46496,0.38469687,0.33705074,0.22030425,4.144263,205.30609,0.64977145,0.26759118,0.14167139,0.12591979,dusuk,Tarim,low_severity,,0.0,DUSUK
AKD_2021_05,AKD_2021_05_003201,37.33484,35.46778,0.9219976,0.71712446,0.60952646,10.731088,179.75894,0.7108758,0.55123365,0.17821574,0.3730179,orta-yuksek,Agaclik,predicted,0.3333,0.6388,YUKSEK
AKD_2021_05,AKD_2021_05_003202,37.33478,35.4706,0.8588663,0.9940974,0.67183405,10.946286,154.84436,0.84468096,0.6306071,0.1767368,0.45387033,yuksek,Agaclik,predicted,0.4116,0.7466,YUKSEK
AKD_2021_05,AKD_2021_05_003203,37.33472,35.47342,0.33556333,0.28234762,0.23586527,5.076249,124.785866,1.0230482,0.3769944,0.2609067,0.116087705,dusuk,Su,low_severity,,0.0,DUSUK
AKD_2021_05,AKD_2021_05_003204,37.33467,35.47624,0.2601296,0.2168316,0.36207095,8.533965,133.08269,1.2266903,0.29010418,0.19803543,0.09206875,orta-dusuk,Tarim,low_severity,,0.0,DUSUK
AKD_2021_05,AKD_2021_05_003205,37.33461,35.47906,0.5601033,0.68264544,0.4740277,10.442418,172.71786,1.4449604,0.49067554,0.1747827,0.31589285,orta-yuksek,Agaclik,predicted,0.2859,0.485,ORTA
AKD_2021_05,AKD_2021_05_003206,37.33455,35.48188,0.13222891,0.2530889,0.20816539,6.1459503,180.7821,1.67214,0.2689324,0.116626024,0.15230638,dusuk,Tarim,low_severity,,0.0,DUSUK
AKD_2021_05,AKD_2021_05_003207,37.33449,35.4847,0.57598555,0.555592,0.26436782,9.036417,175.52795,1.6650317,0.32463974,0.13700134,0.1876384,dusuk,Agaclik,low_severity,,0.0,DUSUK
AKD_2021_05,AKD_2021_05_003208,37.33443,35.48752,0.8150518,0.8395508,0.44303867,10.913732,179.81088,1.4507614,0.4628004,0.20623228,0.25656813,orta-yuksek,Agaclik,predicted,0.2625,0.4582,ORTA
AKD_2021_05,AKD_2021_05_003209,37.33437,35.49034,0.7987293,0.8931044,0.5423685,11.331617,184.10396,1.2469143,0.51478064,0.17813821,0.33664244,orta-yuksek,Agaclik,predicted,0.3214,0.5762,YUKSEK
AKD_2021_05,AKD_2021_05_003210,37.33431,35.49316,0.71000427,0.8581875,0.43107265,13.01097,226.55255,1.0629587,0.3972887,0.13378744,0.2635013,orta-dusuk,Agaclik,predicted,0.2736,0.5558,YUKSEK
AKD_2021_05,AKD_2021_05_003211,37.33425,35.49598,0.27558127,0.4841355,0.2768703,8.626813,267.45276,0.9110255,0.28533816,0.12323027,0.16210788,orta-dusuk,Agaclik,low_severity,,0.0,DUSUK
AKD_2021_05,AKD_2021_05_003212,37.33419,35.4988,0.4686255,0.5478378,0.34870833,6.8981314,272.3232,0.8093539,0.22621945,0.07794975,0.1482697,orta-dusuk,Agaclik,low_severity,,0.0,DUSUK
AKD_2021_05,AKD_2021_05_003213,37.33413,35.50162,0.2632869,0.37917536,0.294546,6.789773,263.61374,0.7779074,0.32563758,0.13376501,0.19187257,orta-dusuk,Tarim,low_severity,,0.0,DUSUK
AKD_2021_05,AKD_2021_05_003214,37.33407,35.50444,0.93185693,0.98722094,0.6279608,9.318277,241.53024,0.82475823,0.5628074,0.18015993,0.38264745,orta-yuksek,Agaclik,predicted,0.3586,0.6379,YUKSEK
AKD_2021_05,AKD_2021_05_003215,37.33401,35.50725,0.78134894,1.0,0.5077487,9.89344,234.82158,0.9382496,0.5400313,0.19203222,0.3479991,orta-yuksek,Agaclik,predicted,0.3426,0.6129,YUKSEK
AKD_2021_05,AKD_2021_05_003216,37.33395,35.51007,0.82724327,1.0,0.51800466,7.4844356,244.74255,1.0979065,0.5220454,0.1769518,0.34509358,orta-yuksek,Agaclik,predicted,0.3356,0.5395,YUKSEK
AKD_2021_05,AKD_2021_05_003217,37.33389,35.51289,0.7692817,1.0,0.62885594,4.887141,268.97128,1.0504361,0.5618557,0.17253253,0.38932315,orta-yuksek,Agaclik,predicted,0.3497,0.5159,YUKSEK
AKD_2021_05,AKD_2021_05_003218,37.33383,35.51571,0.8091828,1.0,0.56890744,7.091061,266.62598,0.9638373,0.5759548,0.20265454,0.37330025,orta-yuksek,Agaclik,predicted,0.3515,0.5699,YUKSEK
AKD_2021_05,AKD_2021_05_003219,37.33377,35.51853,0.9424133,1.0,0.48997116,6.5958347,235.46788,0.93784255,0.6359274,0.2633162,0.37261117,orta-yuksek,Agaclik,predicted,0.3669,0.5863,YUKSEK
AKD_2021_05,AKD_2021_05_003222,37.33359,35.52699,0.6996514,0.6050715,0.31503385,8.543176,238.95287,0.7757697,0.34905374,0.20668602,0.14236772,orta-dusuk,Agaclik,low_severity,,0.0,DUSUK
AKD_2021_05,AKD_2021_05_003223,37.33353,35.52981,0.21939917,0.34874788,0.29486805,5.527972,217.48108,0.6757635,0.27906436,0.14603543,0.13302892,orta-dusuk,Tarim,low_severity,,0.0,DUSUK
AKD_2021_05,AKD_2021_05_003224,37.33347,35.53263,0.08866103,0.19142863,0.2915376,3.9696345,221.34398,0.66067696,0.29166228,0.13897315,0.15268913,orta-dusuk,Tarim,low_severity,,0.0,DUSUK
AKD_2021_05,AKD_2021_05_003225,37.33341,35.53545,0.03844444,0.13560228,0.15709369,4.9221635,233.8874,0.6439867,0.2535385,0.13796097,0.11557752,dusuk,Tarim,low_severity,,0.0,DUSUK
AKD_2021_05,AKD_2021_05_003226,37.33335,35.53827,0.67836994,0.58969593,0.30054492,4.800273,252.05577,0.3943577,0.42166054,0.18423134,0.2374292,orta-dusuk,Tarim,predicted,0.2326,0.4071,ORTA
AKD_2021_05,AKD_2021_05_003227,37.33329,35.54109,0.49857035,0.6313061,0.36082616,6.382339,273.87866,0.14600384,0.4005432,0.17006692,0.23047629,orta-dusuk,Agaclik,predicted,0.2163,0.439,ORTA
AKD_2021_05,AKD_2021_05_003228,37.33323,35.54391,0.32296613,0.43947083,0.42448464,5.1902113,269.0513,0.11007373,0.33347124,0.15383558,0.17963566,orta-dusuk,Tarim,low_severity,,0.0,DUSUK
AKD_2021_05,AKD_2021_05_003229,37.33317,35.54673,0.8556853,0.98348695,0.6901751,5.7388573,268.34952,0.35765252,0.5643523,0.16827172,0.39608055,yuksek,Agaclik,predicted,0.3497,0.605,YUKSEK
AKD_2021_05,AKD_2021_05_003230,37.33311,35.54955,0.39615157,0.7577755,0.38196546,4.113739,272.84628,0.35780284,0.3826675,0.17048278,0.21218473,orta-dusuk,Agaclik,predicted,0.1967,0.3438,ORTA
AKD_2021_05,AKD_2021_05_003231,37.33305,35.55236,0.41435498,0.5920958,0.20063289,6.0441556,261.5469,0.1256524,0.313098,0.23629934,0.07679868,dusuk,Agaclik,low_severity,,0.0,DUSUK
AKD_2021_05,AKD_2021_05_003233,37.33293,35.558,0.9267764,0.99107,0.14456451,6.2749243,260.7916,0.40782326,0.60878646,0.5146694,0.094117045,dusuk,Agaclik,low_severity,,0.0,DUSUK
AKD_2021_05,AKD_2021_05_003242,37.33237,35.58338,0.0324849,0.0,0.11274001,4.5650125,166.96681,1.544536,0.28969038,0.19603515,0.09365523,dusuk,Tarim,low_severity,,0.0,DUSUK
AKD_2021_05,AKD_2021_05_003254,37.33163,35.61721,0.0,0.0,0.22074376,20.94094,141.48492,0.622988,0.41097805,0.20871826,0.2022598,dusuk,Tarim,low_severity,,0.0,DUSUK
AKD_2021_05,AKD_2021_05_003273,37.33352,35.4226,1.0,1.0,0.2881722,8.310186,312.44153,0.40731993,0.5992121,0.4289891,0.170223,orta-dusuk,Agaclik,low_severity,,0.0,DUSUK
AKD_2021_05,AKD_2021_05_003274,37.33347,35.42542,0.8503745,1.0,0.59190106,6.9767284,308.3474,0.6134482,0.58246166,0.18713401,0.39532763,orta-yuksek,Agaclik,predicted,0.3703,0.6328,YUKSEK
AKD_2021_05,AKD_2021_05_003275,37.33341,35.42824,0.62930954,0.69455147,0.40348068,4.8560357,315.74072,0.6375966,0.464729,0.15842964,0.3062994,orta-dusuk,Agaclik,predicted,0.2854,0.462,ORTA
AKD_2021_05,AKD_2021_05_003276,37.33335,35.43105,0.6031153,0.94165266,0.6379004,9.87827,295.03043,0.52188027,0.52433586,0.12773661,0.39659923,orta-yuksek,Agaclik,predicted,0.3548,0.6747,YUKSEK
AKD_2021_05,AKD_2021_05_003277,37.33329,35.43387,0.23517178,1.0,0.5351893,9.247574,264.31714,0.513019,0.49059293,0.14514959,0.34544334,orta-yuksek,Agaclik,predicted,0.3116,0.5986,YUKSEK
AKD_2021_05,AKD_2021_05_003278,37.33323,35.43669,0.0,1.0,0.2822451,14.397442,249.71492,0.61564445,0.30710137,0.15605459,0.15104678,orta-dusuk,Agaclik,low_severity,,0.0,DUSUK
AKD_2021_05,AKD_2021_05_003279,37.33318,35.43951,0.0,1.0,0.30415332,8.80618,223.54329,0.6793353,0.30989942,0.15123256,0.15866686,orta-dusuk,Agaclik,low_severity,,0.0,DUSUK
AKD_2021_05,AKD_2021_05_003280,37.33312,35.44233,0.6124379,0.9555699,0.51457286,13.859967,191.51608,0.51760644,0.45682096,0.15253553,0.30428544,orta-yuksek,Agaclik,predicted,0.299,0.6675,YUKSEK
AKD_2021_05,AKD_2021_05_003281,37.33306,35.44515,0.24315034,0.29952425,0.31963605,6.865118,148.0494,0.30640915,0.41406742,0.1679107,0.24615672,orta-dusuk,Tarim,predicted,0.1971,0.4025,ORTA
AKD_2021_05,AKD_2021_05_003282,37.333,35.44797,0.01562674,0.10674399,0.1397121,4.214331,141.1407,0.057386212,0.28614867,0.18308884,0.10305983,dusuk,Tarim,low_severity,,0.0,DUSUK
AKD_2021_05,AKD_2021_05_003283,37.33294,35.45079,0.65819836,0.5999022,0.21622398,8.910058,165.38454,0.18277408,0.36657202,0.24193822,0.124633804,dusuk,Agaclik,low_severity,,0.0,DUSUK
AKD_2021_05,AKD_2021_05_003284,37.33288,35.45361,0.59052074,1.0,0.5075669,8.91546,183.86145,0.09876553,0.49503142,0.17885369,0.31617773,orta-yuksek,Agaclik,predicted,0.3012,0.6201,YUKSEK
AKD_2021_05,AKD_2021_05_003285,37.33283,35.45643,0.57796794,1.0,0.5087286,9.827026,228.26653,0.044662908,0.47894078,0.1670276,0.3119132,orta-yuksek,Agaclik,predicted,0.3006,0.6423,YUKSEK
AKD_2021_05,AKD_2021_05_003287,37.33271,35.46207,0.17595859,0.14121547,0.1510966,4.413557,218.23604,0.45769754,0.22687595,0.11855515,0.108320795,dusuk,Tarim,low_severity,,0.0,DUSUK
AKD_2021_05,AKD_2021_05_003288,37.33265,35.46489,0.18304808,0.26551053,0.16178763,2.6078813,207.21953,0.70762503,0.2575101,0.13430157,0.12320852,dusuk,Tarim,low_severity,,0.0,DUSUK
AKD_2021_05,AKD_2021_05_003289,37.33259,35.46771,0.5560101,0.39852223,0.4278144,7.7830973,195.69862,0.86147773,0.44090497,0.14481783,0.29608715,orta-dusuk,Tarim,predicted,0.2494,0.4404,ORTA
AKD_2021_05,AKD_2021_05_003290,37.33253,35.47053,0.7489711,0.64428544,0.5205962,13.39586,148.48723,0.9286513,0.57320297,0.25431588,0.31888708,orta-yuksek,Agaclik,predicted,0.2917,0.6045,YUKSEK
AKD_2021_05,AKD_2021_05_003292,37.33241,35.47617,0.16814116,0.1934856,0.23530446,10.379925,158.32477,1.2156857,0.37592185,0.1752658,0.20065604,dusuk,Tarim,low_severity,,0.0,DUSUK
AKD_2021_05,AKD_2021_05_003293,37.33236,35.47899,0.063194655,0.08754948,0.2119258,6.6920567,197.24768,1.4046854,0.28428668,0.13693717,0.1473495,dusuk,Tarim,low_severity,,0.0,DUSUK
AKD_2021_05,AKD_2021_05_003294,37.3323,35.48181,0.6042468,0.57300377,0.40822515,11.511949,182.93207,1.6104007,0.35111475,0.11482684,0.2362879,orta-dusuk,Agaclik,predicted,0.2231,0.3937,ORTA
AKD_2021_05,AKD_2021_05_003295,37.33224,35.48463,0.46900886,0.6011655,0.33948332,9.140842,136.84969,1.7974628,0.39926684,0.16769671,0.23157012,orta-dusuk,Agaclik,predicted,0.219,0.3225,ORTA
AKD_2021_05,AKD_2021_05_003296,37.33218,35.48744,0.8969177,0.94877034,0.5367254,9.806723,153.3029,1.5987366,0.5924917,0.20190947,0.3905822,orta-yuksek,Agaclik,predicted,0.3738,0.5888,YUKSEK
AKD_2021_05,AKD_2021_05_003297,37.33212,35.49026,0.9424155,1.0,0.5871,8.9237175,181.44635,1.4163492,0.6442684,0.21826139,0.426007,orta-yuksek,Agaclik,predicted,0.4018,0.6331,YUKSEK
AKD_2021_05,AKD_2021_05_003298,37.33206,35.49308,0.99997777,1.0,0.701998,8.512157,195.51697,1.2574304,0.64934397,0.1931197,0.45622426,yuksek,Agaclik,predicted,0.4122,0.6576,YUKSEK
AKD_2021_05,AKD_2021_05_003299,37.332,35.4959,0.907982,0.9929703,0.7955583,12.77931,226.26822,1.1319088,0.64617,0.16076028,0.48540974,yuksek,Agaclik,predicted,0.4291,0.7779,COK_YUKSEK
AKD_2021_05,AKD_2021_05_003300,37.33194,35.49872,0.6561106,0.73028356,0.46613464,8.590196,244.9619,1.0518098,0.49108076,0.1729188,0.31816196,orta-yuksek,Agaclik,predicted,0.2954,0.5051,YUKSEK
AKD_2021_05,AKD_2021_05_003301,37.33188,35.50154,0.33224422,0.4983034,0.3841809,5.5533857,264.95383,1.0278083,0.42554414,0.16134554,0.2641986,orta-dusuk,Agaclik,predicted,0.2238,0.3418,ORTA
AKD_2021_05,AKD_2021_05_003302,37.33182,35.50436,0.5728583,0.71150374,0.37274474,6.2173023,274.81042,1.0637087,0.45599926,0.18546832,0.27053094,orta-dusuk,Agaclik,predicted,0.2593,0.4041,ORTA
AKD_2021_05,AKD_2021_05_003303,37.33176,35.50718,0.45034373,0.7308395,0.31430215,8.348212,273.94345,1.1539334,0.37012112,0.15011477,0.22000635,orta-dusuk,Agaclik,predicted,0.2249,0.3837,ORTA
AKD_2021_05,AKD_2021_05_003304,37.3317,35.51,1.0,1.0,0.4625115,7.8987956,257.2127,1.2128953,0.65662056,0.30155542,0.35506514,orta-yuksek,Agaclik,predicted,0.3623,0.5755,YUKSEK
AKD_2021_05,AKD_2021_05_003305,37.33164,35.51282,0.69202405,0.9124618,0.43894926,6.4849386,274.20193,1.0879444,0.5368267,0.23925927,0.29756746,orta-dusuk,Agaclik,predicted,0.293,0.4573,ORTA
AKD_2021_05,AKD_2021_05_003306,37.33158,35.51564,0.7794219,0.9927246,0.30201393,5.998369,268.62933,1.0105102,0.52880836,0.31247008,0.21633828,orta-dusuk,Agaclik,predicted,0.2516,0.3939,ORTA
AKD_2021_05,AKD_2021_05_003307,37.33152,35.51846,0.88482314,1.0,0.15527868,6.0200596,244.1233,0.99178576,0.54570365,0.39012718,0.15557647,dusuk,Agaclik,low_severity,,0.0,DUSUK
AKD_2021_05,AKD_2021_05_003311,37.33128,35.52973,0.8475587,0.943793,0.23796526,7.630508,245.28395,0.43765533,0.52620375,0.40705466,0.11914909,dusuk,Agaclik,low_severity,,0.0,DUSUK
AKD_2021_05,AKD_2021_05_003312,37.33122,35.53255,0.5244195,0.6118266,0.36784288,6.7395563,237.87538,0.4139805,0.37843242,0.16042846,0.21800396,orta-dusuk,Agaclik,predicted,0.2034,0.3983,ORTA
AKD_2021_05,AKD_2021_05_003313,37.33116,35.53537,0.46541685,0.64992964,0.3214007,6.127738,243.91765,0.5255641,0.4400763,0.21955895,0.22051734,orta-dusuk,Agaclik,predicted,0.2122,0.3881,ORTA
AKD_2021_05,AKD_2021_05_003314,37.3311,35.53819,0.22754657,0.4081747,0.28086847,6.6842856,252.14746,0.45199242,0.3492644,0.17120695,0.17805746,orta-dusuk,Tarim,low_severity,,0.0,DUSUK
AKD_2021_05,AKD_2021_05_003315,37.33104,35.54101,0.35619313,0.7994698,0.4404549,6.578488,278.5079,0.264757,0.40996027,0.13655213,0.27340814,orta-yuksek,Agaclik,predicted,0.2482,0.4782,ORTA
AKD_2021_05,AKD_2021_05_003316,37.33098,35.54383,0.4683235,0.4939454,0.33677223,7.1244216,263.28275,0.24676988,0.33221567,0.1598559,0.17235976,orta-dusuk,Agaclik,low_severity,,0.0,DUSUK
AKD_2021_05,AKD_2021_05_003317,37.33092,35.54665,0.58224624,0.558682,0.26073226,5.2686152,250.19382,0.42035043,0.3916924,0.26601976,0.12567264,dusuk,Agaclik,low_severity,,0.0,DUSUK
AKD_2021_05,AKD_2021_05_003318,37.33086,35.54947,0.9667863,0.99829525,0.1943688,7.2104597,269.71237,0.39004493,0.54589343,0.42092255,0.12497088,dusuk,Agaclik,low_severity,,0.0,DUSUK
AKD_2021_05,AKD_2021_05_003331,37.33006,35.58612,0.0,0.0,0.20869988,1.8597573,156.81552,1.5441988,0.39464176,0.19249791,0.20214385,dusuk,Tarim,low_severity,,0.0,DUSUK
AKD_2021_05,AKD_2021_05_003332,37.33,35.58894,0.0,0.0,0.72172636,0.89334506,152.03197,1.4196701,0.80489993,0.15939179,0.64550817,yuksek,Tarim,predicted,0.4404,0.537,YUKSEK
AKD_2021_05,AKD_2021_05_003333,37.32994,35.59176,0.0,0.0,0.10158721,0.9888429,148.66585,1.291121,0.42835146,0.38397014,0.04438132,dusuk,Tarim,low_severity,,0.0,DUSUK
AKD_2021_05,AKD_2021_05_003334,37.32988,35.59458,0.0,0.0,0.12389493,2.625871,151.1982,1.1839728,0.42437297,0.30988565,0.11448732,dusuk,Tarim,low_severity,,0.0,DUSUK
AKD_2021_05,AKD_2021_05_003341,37.32944,35.61431,0.0,0.0,0.16145352,2.76936,147.30527,0.783073,0.30219486,0.30804595,-0.00585109,dusuk,Tarim,low_severity,,0.0,DUSUK
AKD_2021_05,AKD_2021_05_003342,37.32938,35.61713,0.0,0.0,0.18515581,21.703321,137.58176,0.8506386,0.40381706,0.29352856,0.1102885,dusuk,Tarim,low_severity,,0.0,DUSUK
AKD_2021_05,AKD_2021_05_003361,37.33127,35.42252,0.8250962,1.0,0.1546162,8.495243,279.96802,0.6069682,0.5440131,0.45399106,0.09002203,dusuk,Agaclik,low_severity,,0.0,DUSUK
AKD_2021_05,AKD_2021_05_003362,37.33121,35.42534,0.9027273,1.0,0.5736005,8.800334,274.58698,0.6908657,0.6465062,0.27114773,0.37535846,orta-yuksek,Agaclik,predicted,0.3606,0.645,YUKSEK
AKD_2021_05,AKD_2021_05_003363,37.33116,35.42816,0.9234017,1.0,0.7071095,8.229757,290.3952,0.46703845,0.6506961,0.20209962,0.44859648,yuksek,Agaclik,predicted,0.4039,0.7227,YUKSEK
AKD_2021_05,AKD_2021_05_003364,37.3311,35.43098,0.8155574,1.0,0.78408843,7.9385138,279.44315,0.28974894,0.60445535,0.14375368,0.46070167,yuksek,Agaclik,predicted,0.3964,0.7244,YUKSEK
AKD_2021_05,AKD_2021_05_003365,37.33104,35.4338,0.6135871,1.0,0.5909604,7.762396,280.57208,0.2734666,0.5025535,0.14377442,0.3587791,orta-yuksek,Agaclik,predicted,0.3281,0.6201,YUKSEK
AKD_2021_05,AKD_2021_05_003366,37.33098,35.43662,0.16138522,0.93936735,0.2946974,9.732839,291.109,0.4365931,0.28653175,0.12718418,0.15934756,orta-dusuk,Agaclik,low_severity,,0.0,DUSUK
AKD_2021_05,AKD_2021_05_003367,37.33092,35.43944,0.15580393,1.0,0.35087544,12.1784115,251.7312,0.65684325,0.33544767,0.13895318,0.19649449,orta-dusuk,Agaclik,low_severity,,0.0,DUSUK
AKD_2021_05,AKD_2021_05_003368,37.33087,35.44226,0.93724144,1.0,0.60970855,10.5539875,211.03343,0.6075059,0.57043946,0.1954624,0.37497705,orta-yuksek,Agaclik,predicted,0.3572,0.6822,YUKSEK
AKD_2021_05,AKD_2021_05_003369,37.33081,35.44508,0.29438353,0.852687,0.27905393,10.784137,164.91994,0.40276828,0.38695517,0.17709446,0.20986071,orta-dusuk,Agaclik,predicted,0.2238,0.5076,YUKSEK
AKD_2021_05,AKD_2021_05_003371,37.33069,35.45072,0.13740896,0.33863539,0.22617996,6.2216015,144.62144,0.2557717,0.30671933,0.15847018,0.14824915,dusuk,Tarim,low_severity,,0.0,DUSUK
AKD_2021_05,AKD_2021_05_003372,37.33063,35.45354,0.4550787,0.95859337,0.5103124,9.070192,167.91943,0.2043708,0.47900409,0.13724649,0.3417576,orta-yuksek,Agaclik,predicted,0.3141,0.6313,YUKSEK
AKD_2021_05,AKD_2021_05_003373,37.33057,35.45636,0.7339172,1.0,0.6766094,10.089713,212.04327,0.24008653,0.61500967,0.16948448,0.44552517,yuksek,Agaclik,predicted,0.3985,0.774,COK_YUKSEK
AKD_2021_05,AKD_2021_05_003374,37.33052,35.45918,0.251798,0.5724914,0.27434504,4.2683954,234.27466,0.3144641,0.32645935,0.15751034,0.16894901,orta-dusuk,Tarim,low_severity,,0.0,DUSUK
AKD_2021_05,AKD_2021_05_003377,37.33034,35.46763,0.33142072,0.31556395,0.20214762,11.166312,196.95789,0.61464936,0.24270792,0.1257209,0.11698702,dusuk,Tarim,low_severity,,0.0,DUSUK
AKD_2021_05,AKD_2021_05_003378,37.33028,35.47045,0.53343356,0.28191122,0.32812798,9.455955,132.75075,0.70572174,0.47855395,0.31144702,0.16710693,orta-dusuk,Agaclik,low_severity,,0.0,DUSUK
AKD_2021_05,AKD_2021_05_003379,37.33022,35.47327,0.06349244,0.0,0.17048448,2.9619167,126.56722,0.8621441,0.31426358,0.26816583,0.046097755,dusuk,Tarim,low_severity,,0.0,DUSUK
AKD_2021_05,AKD_2021_05_003380,37.33016,35.47609,0.07080648,0.0,0.15339021,9.156913,151.05014,1.0552449,0.22794461,0.12474616,0.103198454,dusuk,Tarim,low_severity,,0.0,DUSUK
AKD_2021_05,AKD_2021_05_003381,37.3301,35.47891,0.47662288,0.0,0.3891642,8.983564,176.09183,1.2683812,0.41839504,0.15537122,0.26302382,orta-dusuk,Tarim,predicted,0.196,0.3404,ORTA
AKD_2021_05,AKD_2021_05_003382,37.33004,35.48173,0.58313787,0.55541193,0.35506374,11.192005,152.21362,1.492997,0.40198296,0.14997792,0.25200504,orta-dusuk,Agaclik,predicted,0.2411,0.4269,ORTA
AKD_2021_05,AKD_2021_05_003383,37.32999,35.48455,0.13330853,0.16332853,0.20211129,3.1781998,121.29502,1.724613,0.3770935,0.20705846,0.17003503,dusuk,Su,low_severity,,0.0,DUSUK
AKD_2021_05,AKD_2021_05_003385,37.32987,35.49019,0.67015016,0.7138932,0.55474645,13.484942,147.87631,1.6069521,0.559464,0.19340944,0.36605453,orta-yuksek,Agaclik,predicted,0.3302,0.5928,YUKSEK
AKD_2021_05,AKD_2021_05_003386,37.32981,35.49301,0.97029567,1.0,0.73903984,11.640881,178.83977,1.4688027,0.62040436,0.1683307,0.45207366,yuksek,Agaclik,predicted,0.4078,0.6887,YUKSEK
AKD_2021_05,AKD_2021_05_003387,37.32975,35.49583,0.81612474,0.90727067,0.58599496,8.852408,210.29459,1.3628894,0.5724613,0.16635539,0.40610594,orta-yuksek,Agaclik,predicted,0.3731,0.5942,YUKSEK
AKD_2021_05,AKD_2021_05_003388,37.32969,35.49865,0.40354943,0.6036289,0.38626668,7.2959924,240.933,1.2971328,0.40027404,0.14081243,0.2594616,orta-dusuk,Agaclik,predicted,0.2333,0.3612,ORTA
AKD_2021_05,AKD_2021_05_003389,37.32963,35.50147,0.02087958,0.15040664,0.1917197,5.1565576,265.3643,1.277748,0.27232546,0.13916895,0.13315651,dusuk,Tarim,low_severity,,0.0,DUSUK
AKD_2021_05,AKD_2021_05_003390,37.32957,35.50429,0.019888125,0.0,0.13263705,3.130222,279.52267,1.2847885,0.2181482,0.14050727,0.077640936,dusuk,Tarim,low_severity,,0.0,DUSUK
AKD_2021_05,AKD_2021_05_003391,37.32951,35.50711,0.02654966,0.05951925,0.16139853,3.4468884,286.0479,1.2045102,0.2149415,0.11235702,0.10258448,dusuk,Tarim,low_severity,,0.0,DUSUK
AKD_2021_05,AKD_2021_05_003392,37.32945,35.50992,0.5644293,0.8021816,0.40381414,4.9407587,283.0271,1.0189961,0.34394884,0.083369486,0.26057935,orta-dusuk,Agaclik,predicted,0.2493,0.3693,ORTA
AKD_2021_05,AKD_2021_05_003396,37.32921,35.5212,0.80234766,0.96449727,0.10818115,5.6206775,231.98209,0.7989901,0.57766294,0.49737716,0.08028579,dusuk,Agaclik,low_severity,,0.0,DUSUK
AKD_2021_05,AKD_2021_05_003400,37.32897,35.53248,0.75320905,0.8436647,0.22853236,7.8929944,264.9295,0.1768212,0.54276145,0.34762886,0.19513258,dusuk,Agaclik,low_severity,,0.0,DUSUK
AKD_2021_05,AKD_2021_05_003401,37.32891,35.5353,0.8568807,0.93936735,0.11579181,6.3430996,250.93987,0.368922,0.5424676,0.45041752,0.092050076,dusuk,Agaclik,low_severity,,0.0,DUSUK
AKD_2021_05,AKD_2021_05_003402,37.32885,35.53812,0.71873105,0.89349526,0.2332156,8.467314,280.16162,0.31397438,0.51363474,0.3341794,0.17945534,dusuk,Agaclik,low_severity,,0.0,DUSUK
AKD_2021_05,AKD_2021_05_003403,37.32879,35.54094,0.5968449,0.92903244,0.2962416,5.801631,281.83865,0.2644126,0.45562738,0.22031856,0.23530883,orta-dusuk,Agaclik,predicted,0.256,0.4751,ORTA
AKD_2021_05,AKD_2021_05_003404,37.32873,35.54375,0.7988669,0.93264204,0.23267552,6.591967,265.88983,0.4077354,0.5550462,0.35635078,0.19869542,dusuk,Agaclik,low_severity,,0.0,DUSUK
AKD_2021_05,AKD_2021_05_003420,37.32775,35.58886,0.0,0.0,0.13539658,1.9617257,152.35089,1.199063,0.27966416,0.15995222,0.119711936,dusuk,Tarim,low_severity,,0.0,DUSUK
AKD_2021_05,AKD_2021_05_003421,37.32769,35.59168,0.0,0.0,0.2402052,0.94727814,147.04169,1.0831861,0.5227794,0.32298082,0.19979858,dusuk,Tarim,low_severity,,0.0,DUSUK
AKD_2021_05,AKD_2021_05_003422,37.32762,35.5945,0.0,0.0,0.2671209,2.5038295,148.35495,0.9529377,0.48615164,0.24314755,0.24300408,dusuk,Tarim,low_severity,,0.0,DUSUK
AKD_2021_05,AKD_2021_05_003428,37.32725,35.61141,0.0,0.0,0.14323652,1.0310735,147.83524,0.43212473,0.38725728,0.2936713,0.09358597,dusuk,Tarim,low_severity,,0.0,DUSUK
AKD_2021_05,AKD_2021_05_003443,37.32937,35.40553,0.5849132,0.19001178,0.13291423,6.876357,207.37941,1.3716466,0.39435005,0.26002127,0.13432878,dusuk,Tarim,low_severity,,0.0,DUSUK
AKD_2021_05,AKD_2021_05_003449,37.32902,35.42245,1.0,1.0,0.51336014,12.110436,303.68988,0.47602105,0.6362243,0.28081846,0.35540587,orta-yuksek,Agaclik,predicted,0.3652,0.7379,YUKSEK
AKD_2021_05,AKD_2021_05_003450,37.32896,35.42527,0.92068,1.0,0.6512391,11.011712,258.98438,0.59473944,0.63356936,0.2072871,0.42628226,orta-yuksek,Agaclik,predicted,0.398,0.7537,COK_YUKSEK
AKD_2021_05,AKD_2021_05_003451,37.32891,35.42809,1.0,1.0,0.7260293,9.737598,253.30777,0.3933451,0.6418288,0.17343105,0.46839774,yuksek,Agaclik,predicted,0.4235,0.7887,COK_YUKSEK
AKD_2021_05,AKD_2021_05_003452,37.32885,35.43091,0.7515695,1.0,0.71130043,10.109603,254.4939,0.14335234,0.58042145,0.14235334,0.4380681,yuksek,Agaclik,predicted,0.3889,0.7701,COK_YUKSEK
AKD_2021_05,AKD_2021_05_003453,37.32879,35.43373,0.94492316,1.0,0.77483976,10.605917,257.227,0.10667441,0.6410078,0.16411899,0.47688878,yuksek,Agaclik,predicted,0.4226,0.8341,COK_YUKSEK
AKD_2021_05,AKD_2021_05_003454,37.32873,35.43655,0.8700476,1.0,0.67431545,9.372631,289.28558,0.35666364,0.5627117,0.16048053,0.4022312,yuksek,Agaclik,predicted,0.3684,0.7028,YUKSEK
AKD_2021_05,AKD_2021_05_003455,37.32867,35.43937,0.14616843,1.0,0.42495775,12.550026,269.25494,0.60666174,0.38960642,0.14835486,0.24125156,orta-dusuk,Agaclik,predicted,0.241,0.5458,YUKSEK
AKD_2021_05,AKD_2021_05_003456,37.32862,35.44219,0.1837051,1.0,0.2691023,14.27131,214.50069,0.48412582,0.33499938,0.1869027,0.14809668,dusuk,Agaclik,low_severity,,0.0,DUSUK
AKD_2021_05,AKD_2021_05_003457,37.32856,35.44501,0.50060415,1.0,0.103045374,13.869923,184.38416,0.2570491,0.33427522,0.3204944,0.0137808025,dusuk,Agaclik,low_severity,,0.0,DUSUK
AKD_2021_05,AKD_2021_05_003458,37.3285,35.44783,0.26577982,0.4103159,0.15642232,10.471241,143.80757,0.09008321,0.37097836,0.30474854,0.06622982,dusuk,Tarim,low_severity,,0.0,DUSUK
AKD_2021_05,AKD_2021_05_003459,37.32844,35.45065,0.0,0.0,0.22815327,3.1227782,130.94604,0.26247886,0.36434907,0.1852768,0.17907226,dusuk,Tarim,low_severity,,0.0,DUSUK
AKD_2021_05,AKD_2021_05_003460,37.32838,35.45346,0.08124781,0.2653517,0.2176694,9.153778,149.93436,0.44584775,0.27104688,0.1296558,0.14139108,dusuk,Tarim,low_severity,,0.0,DUSUK
AKD_2021_05,AKD_2021_05_003461,37.32832,35.45628,0.9306951,1.0,0.6859079,9.282886,200.95891,0.48814783,0.5957061,0.1690192,0.42668688,yuksek,Agaclik,predicted,0.3869,0.7151,YUKSEK
AKD_2021_05,AKD_2021_05_003462,37.32826,35.4591,0.7486192,0.9544998,0.5016396,6.6517696,215.30457,0.5287102,0.49427712,0.15874448,0.33553264,orta-yuksek,Agaclik,predicted,0.3195,0.5591,YUKSEK
AKD_2021_05,AKD_2021_05_003465,37.32809,35.46756,0.88354784,0.819907,0.5379763,13.675223,183.73372,0.3720803,0.48263782,0.1363672,0.34627062,orta-yuksek,Agaclik,predicted,0.3333,0.7308,YUKSEK
AKD_2021_05,AKD_2021_05_003466,37.32803,35.47038,0.2718979,0.23714116,0.33347428,6.8084,129.1559,0.5086188,0.42634362,0.29214904,0.13419458,orta-dusuk,Agaclik,low_severity,,0.0,DUSUK
AKD_2021_05,AKD_2021_05_003467,37.32797,35.4732,0.16811638,0.2903455,0.16000143,0.8792502,124.07062,0.709889,0.37449428,0.44533753,-0.07084325,dusuk,Tarim,low_severity,,0.0,DUSUK
AKD_2021_05,AKD_2021_05_003469,37.32785,35.47884,0.07554155,0.0,0.16135418,7.233647,155.60083,1.1702311,0.25034544,0.15002266,0.10032278,dusuk,Tarim,low_severity,,0.0,DUSUK
AKD_2021_05,AKD_2021_05_003470,37.32779,35.48166,0.63443524,0.21720092,0.31530064,8.419466,133.59785,1.4105638,0.49612132,0.29517496,0.20094636,orta-dusuk,Tarim,predicted,0.1729,0.28,ORTA
AKD_2021_05,AKD_2021_05_003474,37.32756,35.49293,0.36938974,0.5458123,0.3286844,9.575377,137.81467,1.5213118,0.43603295,0.22041762,0.21561533,orta-dusuk,Agaclik,predicted,0.199,0.3297,ORTA
AKD_2021_05,AKD_2021_05_003475,37.3275,35.49575,0.91642064,0.95012045,0.71798426,14.86555,183.13954,1.504058,0.55668294,0.14634179,0.41034114,yuksek,Agaclik,predicted,0.3757,0.6985,YUKSEK
AKD_2021_05,AKD_2021_05_003476,37.32744,35.49857,0.84962124,0.88290006,0.6367029,14.508219,238.1202,1.3591557,0.5083393,0.14430532,0.36403397,orta-yuksek,Agaclik,predicted,0.3414,0.6553,YUKSEK
AKD_2021_05,AKD_2021_05_003477,37.32738,35.50139,0.4237963,0.48484287,0.41241175,9.631924,255.18364,1.1915553,0.4252128,0.15837148,0.26684132,orta-dusuk,Agaclik,predicted,0.2335,0.4173,ORTA
AKD_2021_05,AKD_2021_05_003478,37.32732,35.50421,0.5032647,0.3778005,0.4081388,10.906202,259.04834,1.0570259,0.43082,0.1643508,0.26646918,orta-dusuk,Agaclik,predicted,0.2324,0.4542,ORTA
AKD_2021_05,AKD_2021_05_003479,37.32726,35.50703,0.4714443,0.44277197,0.39221424,9.963063,260.08203,0.9694346,0.40340292,0.14479545,0.25860748,orta-dusuk,Agaclik,predicted,0.2292,0.4405,ORTA
AKD_2021_05,AKD_2021_05_003480,37.3272,35.50985,0.89865285,0.9897614,0.6933852,10.211977,258.6879,0.8547462,0.61143094,0.20369269,0.40773827,yuksek,Agaclik,predicted,0.3717,0.6715,YUKSEK
AKD_2021_05,AKD_2021_05_003481,37.32714,35.51267,0.15388678,0.27986884,0.21941388,5.1382933,271.7298,0.6656569,0.27617115,0.14406973,0.13210142,dusuk,Tarim,low_severity,,0.0,DUSUK
AKD_2021_05,AKD_2021_05_003482,37.32708,35.51549,0.07779484,0.057701834,0.13220847,4.216955,260.90466,0.52972364,0.27726907,0.15890516,0.1183639,dusuk,Tarim,low_severity,,0.0,DUSUK
AKD_2021_05,AKD_2021_05_003483,37.32702,35.51831,0.42241642,0.49764034,0.10097012,4.9599566,244.09138,0.49306712,0.40623942,0.29235327,0.11388615,dusuk,Tarim,low_severity,,0.0,DUSUK
AKD_2021_05,AKD_2021_05_003484,37.32696,35.52113,0.48664853,0.37409416,0.12429853,6.7471843,251.97743,0.57499844,0.34817642,0.26363266,0.084543765,dusuk,Tarim,low_severity,,0.0,DUSUK
AKD_2021_05,AKD_2021_05_003485,37.3269,35.52395,0.28617314,0.3560178,0.16731858,4.899951,256.39124,0.6720406,0.39098948,0.25390476,0.13708472,dusuk,Tarim,low_severity,,0.0,DUSUK
AKD_2021_05,AKD_2021_05_003487,37.32678,35.52958,0.13307369,0.15889904,0.11043891,3.7893798,274.9401,0.19056208,0.27633545,0.19064394,0.08569151,dusuk,Tarim,low_severity,,0.0,DUSUK
AKD_2021_05,AKD_2021_05_003514,37.32513,35.6057,0.0,0.0,0.25049773,1.3831646,133.81438,0.26819444,0.50649184,0.3167899,0.18970194,dusuk,Tarim,low_severity,,0.0,DUSUK
AKD_2021_05,AKD_2021_05_003537,37.32677,35.42238,0.8367868,1.0,0.5051656,7.3056917,322.45682,0.24500063,0.4842128,0.23714384,0.24706894,orta-yuksek,Agaclik,predicted,0.2538,0.5026,YUKSEK
AKD_2021_05,AKD_2021_05_003538,37.32671,35.4252,0.8071677,1.0,0.80939,14.635511,285.28958,0.43260178,0.6424378,0.16444579,0.47799203,yuksek,Agaclik,predicted,0.4225,0.8769,COK_YUKSEK
AKD_2021_05,AKD_2021_05_003539,37.32665,35.42802,1.0,1.0,0.6966891,12.326076,225.40364,0.46509764,0.641864,0.19662152,0.44524246,yuksek,Agaclik,predicted,0.4124,0.8141,COK_YUKSEK
AKD_2021_05,AKD_2021_05_003540,37.3266,35.43084,0.88483655,1.0,0.6728862,10.11814,209.20096,0.2866101,0.5811245,0.15373829,0.4273862,yuksek,Agaclik,predicted,0.3896,0.7563,COK_YUKSEK
AKD_2021_05,AKD_2021_05_003541,37.32654,35.43366,0.8687094,1.0,0.6993768,12.236684,216.13194,0.27013862,0.60121906,0.14693263,0.45428643,yuksek,Agaclik,predicted,0.4134,0.8343,COK_YUKSEK
AKD_2021_05,AKD_2021_05_003542,37.32648,35.43648,0.80251306,1.0,0.68154395,12.175863,243.10217,0.43451628,0.555709,0.1424775,0.4132315,yuksek,Agaclik,predicted,0.3783,0.7632,COK_YUKSEK
AKD_2021_05,AKD_2021_05_003543,37.32642,35.43929,0.8369227,1.0,0.6498342,7.8733625,264.04935,0.65546465,0.55410314,0.17160833,0.3824948,orta-yuksek,Agaclik,predicted,0.3493,0.614,YUKSEK
AKD_2021_05,AKD_2021_05_003544,37.32636,35.44211,0.23341124,1.0,0.12223835,11.073652,250.27303,0.47319224,0.3227995,0.2851054,0.037694097,dusuk,Agaclik,low_severity,,0.0,DUSUK
AKD_2021_05,AKD_2021_05_003545,37.32631,35.44493,0.7340617,1.0,0.2615198,14.504392,232.03102,0.23581208,0.40626127,0.30410606,0.10215521,dusuk,Agaclik,low_severity,,0.0,DUSUK
AKD_2021_05,AKD_2021_05_003546,37.32625,35.44775,0.5467066,0.8015781,0.5150033,15.436864,159.25604,0.110922426,0.5280421,0.18111509,0.346927,orta-yuksek,Agaclik,predicted,0.3241,0.7781,COK_YUKSEK
AKD_2021_05,AKD_2021_05_003547,37.32619,35.45057,0.0,0.11678241,0.28811598,3.4633977,125.04303,0.22299735,0.46509853,0.19536144,0.2697371,orta-dusuk,Tarim,predicted,0.1904,0.336,ORTA
AKD_2021_05,AKD_2021_05_003548,37.32613,35.45339,0.38286123,0.6771154,0.37209287,9.234494,139.033,0.36887282,0.47260386,0.18960074,0.28300312,orta-dusuk,Agaclik,predicted,0.2599,0.5357,YUKSEK
AKD_2021_05,AKD_2021_05_003549,37.32607,35.45621,0.904606,1.0,0.66842604,11.186996,176.88547,0.589412,0.5944763,0.1747689,0.4197074,yuksek,Agaclik,predicted,0.3857,0.7391,YUKSEK
AKD_2021_05,AKD_2021_05_003550,37.32601,35.45903,0.648959,0.6267065,0.4487241,6.999646,197.35852,0.6429197,0.42730492,0.13059774,0.29670718,orta-yuksek,Agaclik,predicted,0.2655,0.4726,ORTA
AKD_2021_05,AKD_2021_05_003552,37.3259,35.46467,0.32462525,0.2798126,0.23747927,9.383245,211.96703,0.16983624,0.25014794,0.11734815,0.13279979,dusuk,Tarim,low_severity,,0.0,DUSUK
AKD_2021_05,AKD_2021_05_003553,37.32584,35.46749,0.8809478,0.90602833,0.57884777,10.32327,188.91003,0.15522131,0.501526,0.14461342,0.35691258,orta-yuksek,Agaclik,predicted,0.335,0.6919,YUKSEK
AKD_2021_05,AKD_2021_05_003554,37.32578,35.47031,0.72708607,0.673152,0.33136427,12.918903,149.28995,0.37992495,0.5693296,0.31503314,0.25429648,orta-dusuk,Agaclik,predicted,0.2645,0.612,YUKSEK
AKD_2021_05,AKD_2021_05_003557,37.3256,35.47876,0.6940422,0.053464655,0.1698936,10.740731,162.86412,1.1203084,0.40282685,0.3411405,0.061686337,dusuk,Tarim,low_severity,,0.0,DUSUK
AKD_2021_05,AKD_2021_05_003558,37.32554,35.48158,0.6184209,0.09305531,0.22824931,8.4122715,129.89832,1.3694307,0.5471895,0.4794794,0.06771007,dusuk,Su,low_severity,,0.0,DUSUK
AKD_2021_05,AKD_2021_05_003563,37.32525,35.49568,0.37357473,0.39879927,0.4033674,10.141192,149.84297,1.2540861,0.32878718,0.12884876,0.19993842,orta-dusuk,Tarim,low_severity,,0.0,DUSUK
AKD_2021_05,AKD_2021_05_003564,37.32519,35.4985,0.8307768,0.92490697,0.6171376,11.421284,191.0939,1.1995525,0.46307254,0.12583755,0.33723497,orta-yuksek,Agaclik,predicted,0.3142,0.572,YUKSEK
AKD_2021_05,AKD_2021_05_003565,37.32513,35.50132,1.0,1.0,0.784124,10.806399,201.37553,1.0056969,0.58281016,0.16739371,0.41541645,yuksek,Agaclik,predicted,0.3683,0.6619,YUKSEK
AKD_2021_05,AKD_2021_05_003566,37.32507,35.50414,0.78420305,0.8377981,0.56466115,8.3593855,212.18225,0.8419774,0.4560663,0.13679942,0.3192669,orta-yuksek,Agaclik,predicted,0.2921,0.5177,YUKSEK
AKD_2021_05,AKD_2021_05_003567,37.32501,35.50696,1.0,0.9991285,0.72950804,9.432999,214.11987,0.72898954,0.59398115,0.18552312,0.40845802,yuksek,Agaclik,predicted,0.368,0.6642,YUKSEK
AKD_2021_05,AKD_2021_05_003568,37.32495,35.50977,0.9576643,1.0,0.72717416,10.571641,226.17313,0.6920445,0.6505376,0.22055405,0.42998356,yuksek,Agaclik,predicted,0.3886,0.7209,YUKSEK
AKD_2021_05,AKD_2021_05_003569,37.32489,35.51259,0.22328417,0.37172568,0.29613364,6.1629725,266.62396,0.5102325,0.34029588,0.117844775,0.2224511,orta-dusuk,Tarim,predicted,0.188,0.354,ORTA
AKD_2021_05,AKD_2021_05_003571,37.32477,35.51823,0.0,0.0,0.17943163,2.8201826,249.30983,0.24566908,0.3256517,0.16512266,0.16052905,dusuk,Tarim,low_severity,,0.0,DUSUK
AKD_2021_05,AKD_2021_05_003573,37.32465,35.52387,0.0,0.0,0.10343164,2.170853,255.39876,0.6003077,0.21835047,0.1247475,0.09360297,dusuk,Tarim,low_severity,,0.0,DUSUK
AKD_2021_05,AKD_2021_05_003574,37.32459,35.52669,0.0,0.0,0.11641532,2.9437337,256.87115,0.53977966,0.23230024,0.14677283,0.085527405,dusuk,Tarim,low_severity,,0.0,DUSUK
AKD_2021_05,AKD_2021_05_003586,37.32386,35.56052,0.37263215,0.090859294,0.10838935,5.4596214,236.66032,0.65145534,0.3220898,0.24848591,0.07360388,dusuk,Tarim,low_severity,,0.0,DUSUK
AKD_2021_05,AKD_2021_05_003588,37.32374,35.56615,0.6275945,0.401477,0.14295387,4.327885,208.10025,1.0340809,0.52452135,0.41163766,0.11288369,dusuk,Tarim,low_severity,,0.0,DUSUK
AKD_2021_05,AKD_2021_05_003596,37.32325,35.58871,0.0,0.0,0.12677571,2.4153485,146.49883,0.8107586,0.24324013,0.17135383,0.0718863,dusuk,Tarim,low_severity,,0.0,DUSUK
AKD_2021_05,AKD_2021_05_003597,37.32318,35.59152,0.0,0.0,0.31306213,0.8284519,141.22363,0.6428397,0.49543393,0.2606795,0.23475441,orta-dusuk,Tarim,predicted,0.1423,0.1692,DUSUK
AKD_2021_05,AKD_2021_05_003598,37.32312,35.59434,0.017287862,0.0,0.18311311,1.4796928,142.1033,0.5423618,0.39589608,0.3400783,0.055817783,dusuk,Tarim,low_severity,,0.0,DUSUK
AKD_2021_05,AKD_2021_05_003600,37.323,35.59998,0.0,0.0,0.115170695,2.7771637,156.44041,0.3745452,0.29243833,0.25038266,0.042055666,dusuk,Tarim,low_severity,,0.0,DUSUK
AKD_2021_05,AKD_2021_05_003619,37.32486,35.40539,0.37239775,0.21016714,0.12318687,4.970521,190.88457,0.9067398,0.33781642,0.2438263,0.09399012,dusuk,Tarim,low_severity,,0.0,DUSUK
AKD_2021_05,AKD_2021_05_003625,37.32452,35.42231,0.94241774,1.0,0.528067,6.349854,305.51462,0.13584766,0.54291475,0.2532243,0.28969043,orta-yuksek,Agaclik,predicted,0.2894,0.5493,YUKSEK
AKD_2021_05,AKD_2021_05_003626,37.32446,35.42513,0.8473457,1.0,0.70562345,9.609017,295.04327,0.38154104,0.57164955,0.12611768,0.44553187,yuksek,Agaclik,predicted,0.4013,0.7541,COK_YUKSEK
AKD_2021_05,AKD_2021_05_003627,37.3244,35.42795,0.8892087,1.0,0.83815765,11.056363,268.69977,0.6306287,0.67952424,0.18437028,0.49515396,yuksek,Agaclik,predicted,0.4281,0.796,COK_YUKSEK
AKD_2021_05,AKD_2021_05_003628,37.32434,35.43076,0.9192767,1.0,0.92931104,14.310363,245.13223,0.51840216,0.722728,0.19386888,0.52885914,yuksek,Agaclik,predicted,0.4508,0.9042,COK_YUKSEK
AKD_2021_05,AKD_2021_05_003629,37.32429,35.43358,0.9395259,1.0,0.78213596,12.401799,194.77148,0.5094805,0.64083487,0.14760518,0.4932297,yuksek,Agaclik,predicted,0.4373,0.8483,COK_YUKSEK
AKD_2021_05,AKD_2021_05_003630,37.32423,35.4364,0.7963321,1.0,0.7062658,11.236685,199.96774,0.61269885,0.5893409,0.15278417,0.43655676,yuksek,Agaclik,predicted,0.3909,0.7454,YUKSEK
AKD_2021_05,AKD_2021_05_003631,37.32417,35.43922,0.9408011,1.0,0.82931423,11.2779665,235.18317,0.7850028,0.6540954,0.16761392,0.4864815,yuksek,Agaclik,predicted,0.4234,0.777,COK_YUKSEK
AKD_2021_05,AKD_2021_05_003632,37.32411,35.44204,0.5825643,0.97497636,0.43531632,9.1411495,262.20547,0.5817594,0.41346335,0.15399028,0.2594731,orta-dusuk,Agaclik,predicted,0.2648,0.519,YUKSEK
AKD_2021_05,AKD_2021_05_003633,37.32405,35.44486,0.53213185,1.0,0.49717617,14.63261,208.62587,0.3714797,0.46950758,0.15913859,0.31036898,orta-yuksek,Agaclik,predicted,0.3092,0.7129,YUKSEK
AKD_2021_05,AKD_2021_05_003634,37.324,35.44768,0.7180815,1.0,0.62199414,10.174268,169.6414,0.15500857,0.5524199,0.16875081,0.38366908,orta-yuksek,Agaclik,predicted,0.3503,0.7121,YUKSEK
AKD_2021_05,AKD_2021_05_003635,37.32394,35.4505,0.22309366,0.5432055,0.42048746,7.972105,132.36809,0.05751069,0.50424397,0.22745302,0.27679095,orta-dusuk,Agaclik,predicted,0.2266,0.4942,ORTA
AKD_2021_05,AKD_2021_05_003637,37.32382,35.45614,0.67256105,0.7946868,0.36234325,12.754181,150.94147,0.5486221,0.48240054,0.22578529,0.25661525,orta-dusuk,Agaclik,predicted,0.2679,0.5963,YUKSEK
AKD_2021_05,AKD_2021_05_003638,37.32376,35.45896,0.66112304,0.8758214,0.38908988,12.943467,185.13055,0.6511495,0.4060199,0.15182379,0.2541961,orta-dusuk,Agaclik,predicted,0.2689,0.5907,YUKSEK
AKD_2021_05,AKD_2021_05_003639,37.3237,35.46178,0.63338447,0.7669279,0.4768661,14.987946,145.00266,0.4113939,0.52540433,0.2260347,0.29936963,orta-yuksek,Agaclik,predicted,0.2882,0.684,YUKSEK
AKD_2021_05,AKD_2021_05_003640,37.32364,35.46459,0.9013328,0.87892216,0.5364922,14.203065,158.08466,0.19873163,0.5471759,0.23057833,0.31659755,orta-yuksek,Agaclik,predicted,0.3125,0.7278,YUKSEK
AKD_2021_05,AKD_2021_05_003641,37.32359,35.46741,0.9741804,0.99300843,0.6110479,9.833774,154.92581,0.18639627,0.5236012,0.14840141,0.37519976,orta-yuksek,Agaclik,predicted,0.3539,0.7077,YUKSEK
AKD_2021_05,AKD_2021_05_003642,37.32353,35.47023,0.72402835,0.9819679,0.53631395,8.358349,161.6044,0.39369136,0.522409,0.17615129,0.34625775,orta-yuksek,Agaclik,predicted,0.3258,0.6154,YUKSEK
AKD_2021_05,AKD_2021_05_003643,37.32347,35.47305,0.5557141,0.5711976,0.281313,11.666423,152.706,0.632647,0.51111174,0.33896703,0.17214471,orta-dusuk,Agaclik,low_severity,,0.0,DUSUK
AKD_2021_05,AKD_2021_05_003644,37.32341,35.47587,0.41011232,0.4657311,0.11355749,6.3709173,127.303986,0.87777644,0.5355365,0.4409917,0.09454483,dusuk,Su,low_severity,,0.0,DUSUK
AKD_2021_05,AKD_2021_05_003645,37.32335,35.47869,0.45403177,0.35657072,0.21110722,8.969103,134.7252,1.1250515,0.44877338,0.2941477,0.15462568,dusuk,Su,low_severity,,0.0,DUSUK
AKD_2021_05,AKD_2021_05_003646,37.32329,35.48151,0.4601672,0.18489437,0.19698614,7.0349307,130.9796,1.3733135,0.5090356,0.429461,0.079574585,dusuk,Su,low_severity,,0.0,DUSUK
AKD_2021_05,AKD_2021_05_003651,37.32299,35.4956,0.22647367,0.17466219,0.26017767,10.5976,144.0285,1.0041282,0.27736527,0.15607738,0.12128788,dusuk,Tarim,low_severity,,0.0,DUSUK
AKD_2021_05,AKD_2021_05_003652,37.32293,35.49842,0.62371755,0.7209621,0.45022702,8.572064,169.87515,1.0397474,0.3465054,0.112028554,0.23447685,orta-yuksek,Agaclik,predicted,0.2189,0.391,ORTA
AKD_2021_05,AKD_2021_05_003653,37.32288,35.50124,0.825643,0.9435327,0.6325027,9.767421,176.08609,0.85325754,0.5120517,0.094445996,0.4176057,orta-yuksek,Agaclik,predicted,0.3791,0.6743,YUKSEK
AKD_2021_05,AKD_2021_05_003654,37.32282,35.50406,0.7325172,0.7344795,0.50914013,10.20717,192.58478,0.6523406,0.3986379,0.12952165,0.26911622,orta-yuksek,Agaclik,predicted,0.25,0.5097,YUKSEK
AKD_2021_05,AKD_2021_05_003655,37.32276,35.50688,0.90267545,1.0,0.78126144,10.306962,201.97581,0.49804422,0.6429242,0.21188663,0.43103755,yuksek,Agaclik,predicted,0.3767,0.7183,YUKSEK
AKD_2021_05,AKD_2021_05_003656,37.3227,35.5097,0.8540351,0.96690094,0.74717915,11.7470665,239.42882,0.44220793,0.5845841,0.17417721,0.4104069,yuksek,Agaclik,predicted,0.3641,0.7328,YUKSEK
AKD_2021_05,AKD_2021_05_003657,37.32264,35.51252,0.0,0.14581579,0.12072245,3.631292,259.6508,0.4500837,0.224251,0.114848256,0.109402746,dusuk,Tarim,low_severity,,0.0,DUSUK
AKD_2021_05,AKD_2021_05_003659,37.32252,35.51816,0.0,0.0,0.15331489,2.4836378,243.47906,0.050905854,0.30878994,0.16558787,0.14320207,dusuk,Tarim,low_severity,,0.0,DUSUK
AKD_2021_05,AKD_2021_05_003660,37.32246,35.52098,0.0,0.0,0.1730822,3.1455653,246.80591,0.30016568,0.29594442,0.15059102,0.1453534,dusuk,Tarim,low_severity,,0.0,DUSUK
AKD_2021_05,AKD_2021_05_003662,37.32234,35.52661,0.0,0.0,0.11370121,3.8438208,263.51404,0.7254295,0.23421332,0.13018335,0.10402997,dusuk,Tarim,low_severity,,0.0,DUSUK
AKD_2021_05,AKD_2021_05_003674,37.32161,35.56044,0.026665088,0.0,0.19471866,5.353476,215.92853,0.47733143,0.40575677,0.24187729,0.16387948,dusuk,Tarim,low_severity,,0.0,DUSUK
AKD_2021_05,AKD_2021_05_003685,37.32093,35.59145,0.0,0.0,0.48359138,1.3064431,141.43167,0.4588372,0.68038356,0.24350789,0.43687567,orta-yuksek,Tarim,predicted,0.2941,0.4259,ORTA
AKD_2021_05,AKD_2021_05_003686,37.32087,35.59427,0.0,0.0,0.43427566,1.0509135,139.67856,0.30239874,0.64520097,0.26364428,0.3815567,orta-dusuk,Tarim,predicted,0.2524,0.3747,ORTA
AKD_2021_05,AKD_2021_05_003688,37.32075,35.5999,0.0,0.0,0.13562933,2.586303,152.4418,0.14691088,0.36245376,0.24862728,0.11382648,dusuk,Tarim,low_severity,,0.0,DUSUK
AKD_2021_05,AKD_2021_05_003707,37.32261,35.40532,0.20438816,0.3436202,0.1605745,5.9627204,186.24123,0.69286233,0.43868655,0.3100786,0.12860796,dusuk,Tarim,low_severity,,0.0,DUSUK
AKD_2021_05,AKD_2021_05_003713,37.32227,35.42223,0.9644615,1.0,0.356903,6.944696,300.33298,0.3191925,0.47459075,0.3214805,0.15311024,orta-dusuk,Agaclik,low_severity,,0.0,DUSUK
AKD_2021_05,AKD_2021_05_003714,37.32221,35.42505,0.94241565,1.0,0.7947326,12.564844,258.19913,0.47854242,0.64095986,0.12850234,0.5124575,yuksek,Agaclik,predicted,0.4554,0.8819,COK_YUKSEK
AKD_2021_05,AKD_2021_05_003715,37.32215,35.42787,0.75963074,1.0,0.6358268,12.131137,249.79811,0.69362944,0.5478487,0.14304848,0.40480024,orta-yuksek,Agaclik,predicted,0.3767,0.7327,YUKSEK
AKD_2021_05,AKD_2021_05_003716,37.32209,35.43069,0.9559158,1.0,0.7467048,13.824049,232.54747,0.761798,0.60135865,0.14830996,0.4530487,yuksek,Agaclik,predicted,0.4133,0.813,COK_YUKSEK
AKD_2021_05,AKD_2021_05_003717,37.32204,35.43351,0.77730334,1.0,0.7241304,12.174066,200.91519,0.7557551,0.59314024,0.14517269,0.44796756,yuksek,Agaclik,predicted,0.3996,0.7614,COK_YUKSEK
AKD_2021_05,AKD_2021_05_003718,37.32198,35.43633,0.9733198,1.0,0.7350228,7.8603883,174.46541,0.8288518,0.62326753,0.16088027,0.46238726,yuksek,Agaclik,predicted,0.4085,0.6845,YUKSEK
AKD_2021_05,AKD_2021_05_003719,37.32192,35.43915,0.9692207,1.0,0.82091266,11.748219,205.48634,0.8634174,0.6548471,0.15965202,0.49519506,yuksek,Agaclik,predicted,0.4335,0.7929,COK_YUKSEK
AKD_2021_05,AKD_2021_05_003720,37.32186,35.44197,0.7065959,0.90375835,0.53974104,13.0093355,235.63026,0.61767316,0.45417354,0.13002227,0.32415128,orta-yuksek,Agaclik,predicted,0.3129,0.6616,YUKSEK
AKD_2021_05,AKD_2021_05_003721,37.3218,35.44479,0.5914702,1.0,0.5135225,11.696075,223.07701,0.37755874,0.45234135,0.13405755,0.3182838,orta-yuksek,Agaclik,predicted,0.3102,0.6576,YUKSEK
AKD_2021_05,AKD_2021_05_003722,37.32174,35.44761,0.54725957,1.0,0.6626215,10.462206,179.60245,0.16905944,0.56969935,0.14401639,0.42568296,yuksek,Agaclik,predicted,0.3744,0.7523,COK_YUKSEK
AKD_2021_05,AKD_2021_05_003723,37.32169,35.45043,0.5429389,0.764832,0.4802413,10.281506,144.58408,0.19902661,0.51203537,0.17896318,0.3330722,orta-yuksek,Agaclik,predicted,0.3026,0.6378,YUKSEK
AKD_2021_05,AKD_2021_05_003730,37.32128,35.47016,0.34630784,0.61122245,0.3332291,8.9162855,135.98479,0.539113,0.47416157,0.23742715,0.23673442,orta-dusuk,Agaclik,predicted,0.2182,0.4491,ORTA
AKD_2021_05,AKD_2021_05_003731,37.32122,35.47298,0.43418065,0.4749679,0.30039698,6.157125,170.6934,0.73204654,0.3257588,0.12948303,0.19627579,orta-dusuk,Agaclik,low_severity,,0.0,DUSUK
AKD_2021_05,AKD_2021_05_003732,37.32116,35.4758,0.24614096,0.27244535,0.26777244,8.840542,143.14973,0.9519146,0.38060027,0.17691408,0.2036862,dusuk,Tarim,low_severity,,0.0,DUSUK
AKD_2021_05,AKD_2021_05_003733,37.3211,35.47862,0.07839363,0.017686997,0.25182593,3.7953634,122.96905,1.1838034,0.2644716,0.20759639,0.0568752,dusuk,Su,low_severity,,0.0,DUSUK
AKD_2021_05,AKD_2021_05_003734,37.32104,35.48144,0.63976204,0.63248765,0.1748349,6.105906,134.34773,1.4218439,0.50469893,0.3952065,0.10949242,dusuk,Agaclik,low_severity,,0.0,DUSUK
AKD_2021_05,AKD_2021_05_003735,37.32098,35.48425,0.40330523,0.1480623,0.20578271,2.4349124,120.85366,1.2359656,0.53992367,0.471863,0.06806067,dusuk,Su,low_severity,,0.0,DUSUK
AKD_2021_05,AKD_2021_05_003739,37.32074,35.49553,0.39341816,0.20675384,0.20391773,6.0786505,134.0718,0.7541983,0.3592007,0.21061572,0.14858496,dusuk,Su,low_severity,,0.0,DUSUK
AKD_2021_05,AKD_2021_05_003740,37.32068,35.49835,0.4581554,0.66207343,0.3965249,6.7314634,146.40634,0.8010095,0.3719473,0.1345723,0.23737499,orta-dusuk,Agaclik,predicted,0.2132,0.3722,ORTA
AKD_2021_05,AKD_2021_05_003741,37.32062,35.50117,0.8701777,0.9145724,0.6656132,7.953785,167.43079,0.75476533,0.5260396,0.14321293,0.3828267,yuksek,Agaclik,predicted,0.3385,0.5889,YUKSEK
AKD_2021_05,AKD_2021_05_003742,37.32056,35.50399,0.8000784,0.93971145,0.72770774,9.626256,181.90034,0.5168854,0.5636176,0.15623003,0.40738755,yuksek,Agaclik,predicted,0.3532,0.6679,YUKSEK
AKD_2021_05,AKD_2021_05_003743,37.3205,35.50681,0.91669524,1.0,0.7223903,9.852804,218.12912,0.29945,0.6047518,0.16229025,0.44246158,yuksek,Agaclik,predicted,0.3962,0.7598,COK_YUKSEK
AKD_2021_05,AKD_2021_05_003744,37.32044,35.50962,0.4772862,0.7070707,0.42407256,7.3390684,252.79745,0.19279559,0.33843035,0.1270701,0.21136025,orta-dusuk,Agaclik,predicted,0.1953,0.4208,ORTA
AKD_2021_05,AKD_2021_05_003745,37.32038,35.51244,0.011089293,0.08131201,0.13220578,3.649436,252.43114,0.33116454,0.24499074,0.15061674,0.094374,dusuk,Tarim,low_severity,,0.0,DUSUK
AKD_2021_05,AKD_2021_05_003746,37.32032,35.51526,0.0,0.0,0.10336113,2.7191052,238.44276,0.32759959,0.25986338,0.1418545,0.11800888,dusuk,Tarim,low_severity,,0.0,DUSUK
AKD_2021_05,AKD_2021_05_003747,37.32026,35.51808,0.0,0.0,0.14255995,4.5273843,243.66057,0.26425275,0.299456,0.18089826,0.11855774,dusuk,Tarim,low_severity,,0.0,DUSUK
AKD_2021_05,AKD_2021_05_003762,37.31936,35.56036,0.38162535,0.0,0.1794291,4.9303694,210.26099,0.3953436,0.44729996,0.31113744,0.13616252,dusuk,Tarim,low_severity,,0.0,DUSUK
AKD_2021_05,AKD_2021_05_003763,37.3193,35.56318,0.303172,0.0076674344,0.17505471,5.0215325,220.13493,0.61259645,0.38892457,0.24677384,0.14215073,dusuk,Tarim,low_severity,,0.0,DUSUK
AKD_2021_05,AKD_2021_05_003773,37.31868,35.59137,0.017743362,0.0,0.17388377,1.5342182,141.42488,0.36444518,0.3753212,0.22915265,0.14616856,dusuk,Tarim,low_severity,,0.0,DUSUK
AKD_2021_05,AKD_2021_05_003774,37.31862,35.59419,0.0,0.0,0.31843752,0.8343615,137.21104,0.11719089,0.62079924,0.31611016,0.30468908,orta-dusuk,Tarim,predicted,0.2024,0.3148,ORTA
AKD_2021_05,AKD_2021_05_003775,37.31856,35.59701,0.0,0.0,0.18113244,1.7742542,139.91797,0.14016815,0.5790895,0.35371536,0.22537416,dusuk,Tarim,low_severity,,0.0,DUSUK
AKD_2021_05,AKD_2021_05_003779,37.31831,35.60828,0.05709931,0.0,0.12381688,1.0546836,128.57257,0.6397555,0.5003559,0.50324166,-0.0028857589,dusuk,Tarim,low_severity,,0.0,DUSUK
AKD_2021_05,AKD_2021_05_003795,37.32036,35.40525,0.42784038,0.49049655,0.10510137,5.366377,181.46289,0.5127762,0.40010154,0.31007105,0.09003049,dusuk,Tarim,low_severity,,0.0,DUSUK
AKD_2021_05,AKD_2021_05_003796,37.3203,35.40807,0.322328,0.31306222,0.16633764,8.424508,189.14946,0.34773663,0.38872543,0.24442816,0.14429727,dusuk,Tarim,low_severity,,0.0,DUSUK
AKD_2021_05,AKD_2021_05_003801,37.32002,35.42216,0.25281763,1.0,0.11181039,6.0987372,301.75458,0.4418239,0.31449795,0.27826878,0.036229163,dusuk,Agaclik,low_severity,,0.0,DUSUK
AKD_2021_05,AKD_2021_05_003802,37.31996,35.42498,0.9049405,1.0,0.76364756,12.911868,271.584,0.45330417,0.644603,0.17032504,0.47427797,yuksek,Agaclik,predicted,0.4264,0.8476,COK_YUKSEK
AKD_2021_05,AKD_2021_05_003803,37.3199,35.4278,0.85843086,1.0,0.6522393,11.715332,230.38191,0.5837474,0.6429983,0.22649425,0.41650403,orta-yuksek,Agaclik,predicted,0.3869,0.7516,COK_YUKSEK
AKD_2021_05,AKD_2021_05_003804,37.31984,35.43062,0.99896413,1.0,0.66570514,10.950834,211.92929,0.77526593,0.6977276,0.2726931,0.42503452,yuksek,Agaclik,predicted,0.3961,0.7307,YUKSEK
AKD_2021_05,AKD_2021_05_003805,37.31978,35.43344,0.92450434,1.0,0.84729725,11.413327,196.70958,0.99313325,0.67519593,0.1685367,0.50665927,yuksek,Agaclik,predicted,0.4365,0.7774,COK_YUKSEK
AKD_2021_05,AKD_2021_05_003806,37.31973,35.43626,0.94531995,1.0,0.83105445,12.785182,179.33041,1.0599957,0.65820175,0.16563673,0.49256504,yuksek,Agaclik,predicted,0.4299,0.7867,COK_YUKSEK
AKD_2021_05,AKD_2021_05_003807,37.31967,35.43908,0.711713,1.0,0.65703154,9.775445,163.02881,0.9354373,0.598112,0.17353198,0.42458,orta-yuksek,Agaclik,predicted,0.38,0.6672,YUKSEK
AKD_2021_05,AKD_2021_05_003808,37.31961,35.4419,0.70353895,1.0,0.6141957,12.307586,179.65883,0.71489406,0.5264597,0.13484594,0.39161375,orta-yuksek,Agaclik,predicted,0.3636,0.7141,YUKSEK
AKD_2021_05,AKD_2021_05_003809,37.31955,35.44471,0.6780456,1.0,0.5697725,10.73947,216.59776,0.52163595,0.5048798,0.15004672,0.35483307,orta-yuksek,Agaclik,predicted,0.335,0.6614,YUKSEK
AKD_2021_05,AKD_2021_05_003810,37.31949,35.44753,0.6686045,0.94548386,0.5340034,10.385742,211.05417,0.39766133,0.48294348,0.15558489,0.3273586,orta-yuksek,Agaclik,predicted,0.311,0.6316,YUKSEK
AKD_2021_05,AKD_2021_05_003811,37.31943,35.45035,0.6278879,0.724152,0.45295778,13.659181,163.78842,0.41129676,0.451748,0.15980771,0.2919403,orta-yuksek,Agaclik,predicted,0.28,0.6462,YUKSEK
AKD_2021_05,AKD_2021_05_003812,37.31938,35.45317,0.23773718,0.12845896,0.32543263,5.0526247,124.045204,0.55244505,0.4644892,0.25111583,0.21337336,orta-dusuk,Su,predicted,0.1498,0.2709,ORTA
AKD_2021_05,AKD_2021_05_003819,37.31897,35.4729,0.43674088,0.28666335,0.30758423,9.266771,167.85527,0.89249206,0.35787952,0.15765645,0.20022307,orta-dusuk,Tarim,predicted,0.1728,0.3504,ORTA
AKD_2021_05,AKD_2021_05_003820,37.31891,35.47572,0.4799284,0.38987935,0.25783163,11.04457,145.38737,1.0801811,0.37955415,0.2148219,0.16473225,dusuk,Tarim,low_severity,,0.0,DUSUK
AKD_2021_05,AKD_2021_05_003822,37.31879,35.48136,0.49197972,0.4240684,0.15471172,2.3381865,123.19133,1.3286653,0.60046935,0.4946884,0.10578096,dusuk,Agaclik,low_severity,,0.0,DUSUK
AKD_2021_05,AKD_2021_05_003823,37.31873,35.48418,0.8665382,0.7426568,0.12742585,1.3099165,121.46359,1.101432,0.7964903,0.7320093,0.06448102,dusuk,Agaclik,low_severity,,0.0,DUSUK
AKD_2021_05,AKD_2021_05_003827,37.31849,35.49546,0.3459073,0.18960406,0.18364194,6.496435,147.2587,0.50433785,0.3846289,0.2489182,0.13571069,dusuk,Tarim,low_severity,,0.0,DUSUK
AKD_2021_05,AKD_2021_05_003828,37.31843,35.49827,0.103181005,0.080788895,0.24743319,4.4104824,160.67458,0.571977,0.32595092,0.14664721,0.1793037,dusuk,Tarim,low_severity,,0.0,DUSUK
AKD_2021_05,AKD_2021_05_003830,37.31831,35.50391,0.19027974,0.12228742,0.28626263,7.8101077,206.47345,0.48352122,0.24245274,0.10132761,0.14112513,orta-dusuk,Tarim,low_severity,,0.0,DUSUK
AKD_2021_05,AKD_2021_05_003831,37.31825,35.50673,0.27826524,0.43654788,0.29404044,6.6269383,222.18253,0.2372606,0.2853754,0.10691474,0.17846066,orta-dusuk,Tarim,low_severity,,0.0,DUSUK
AKD_2021_05,AKD_2021_05_003832,37.31819,35.50955,0.28101978,0.547252,0.26963347,7.3413267,234.10106,0.061582573,0.363504,0.1775887,0.18591529,dusuk,Tarim,low_severity,,0.0,DUSUK
AKD_2021_05,AKD_2021_05_003834,37.31807,35.51519,0.0,0.0,0.10651158,2.7356298,234.2519,0.5232514,0.2778913,0.16716857,0.110722736,dusuk,Tarim,low_severity,,0.0,DUSUK
AKD_2021_05,AKD_2021_05_003843,37.31753,35.54056,0.6841187,0.53476655,0.10516786,6.8428965,266.2748,0.99669254,0.38027304,0.3153542,0.064918846,dusuk,Tarim,low_severity,,0.0,DUSUK
AKD_2021_05,AKD_2021_05_003844,37.31747,35.54338,0.22777578,0.37682977,0.22344056,4.73282,247.61887,1.0439014,0.42174184,0.2433818,0.17836004,dusuk,Tarim,low_severity,,0.0,DUSUK
AKD_2021_05,AKD_2021_05_003845,37.31741,35.54619,0.5965732,0.65172154,0.11740847,5.9908314,255.59776,0.85428286,0.4182966,0.33873546,0.079561144,dusuk,Agaclik,low_severity,,0.0,DUSUK
AKD_2021_05,AKD_2021_05_003850,37.31711,35.56029,0.0070438487,0.0,0.157314,3.7772894,198.24724,0.35834965,0.43260312,0.3236897,0.10891342,dusuk,Tarim,low_severity,,0.0,DUSUK
AKD_2021_05,AKD_2021_05_003862,37.31637,35.59411,0.0,0.0,0.24743308,1.095009,136.11986,0.24702714,0.44862854,0.27038115,0.17824739,dusuk,Tarim,low_severity,,0.0,DUSUK
AKD_2021_05,AKD_2021_05_003863,37.31631,35.59693,0.0,0.0,0.42569232,1.3467596,135.99908,0.25871956,0.66478884,0.25584793,0.4089409,orta-dusuk,Tarim,predicted,0.2783,0.4239,ORTA
AKD_2021_05,AKD_2021_05_003869,37.31593,35.61384,0.0,0.0,0.105572194,0.96704674,126.58142,1.029255,0.3670072,0.4658563,-0.09884912,dusuk,Tarim,low_severity,,0.0,DUSUK
AKD_2021_05,AKD_2021_05_003884,37.31805,35.40799,0.43930316,0.3429305,0.127766,5.252925,174.57185,0.16971147,0.40089265,0.29493994,0.10595271,dusuk,Tarim,low_severity,,0.0,DUSUK
AKD_2021_05,AKD_2021_05_003889,37.31776,35.42209,0.22722948,1.0,0.13213815,8.172471,289.50012,0.20750423,0.31348702,0.21157601,0.10191101,dusuk,Agaclik,low_severity,,0.0,DUSUK
AKD_2021_05,AKD_2021_05_003890,37.31771,35.42491,0.93076444,1.0,0.5839939,7.2291756,280.43008,0.23094223,0.5859034,0.22303897,0.36286443,orta-yuksek,Agaclik,predicted,0.3455,0.6405,YUKSEK
AKD_2021_05,AKD_2021_05_003891,37.31765,35.42773,0.6496584,0.93936735,0.3855639,10.602364,264.23495,0.43429324,0.5122841,0.28650194,0.22578216,orta-dusuk,Agaclik,predicted,0.2465,0.5349,YUKSEK
AKD_2021_05,AKD_2021_05_003892,37.31759,35.43055,1.0,1.0,0.43698058,8.79074,261.1127,0.66999024,0.6458031,0.34360704,0.30219606,orta-dusuk,Agaclik,predicted,0.3215,0.5882,YUKSEK
AKD_2021_05,AKD_2021_05_003893,37.31753,35.43337,0.9507598,1.0,0.47367096,9.166557,245.82556,0.91332537,0.6716364,0.3368417,0.3347947,orta-yuksek,Agaclik,predicted,0.3426,0.6016,YUKSEK
AKD_2021_05,AKD_2021_05_003894,37.31747,35.43618,0.9424108,1.0,0.6640953,12.369399,227.0797,1.1209424,0.6686601,0.24815421,0.42050588,yuksek,Agaclik,predicted,0.394,0.7184,YUKSEK
AKD_2021_05,AKD_2021_05_003895,37.31742,35.439,0.74267757,0.88321203,0.48548457,13.688729,167.39542,1.0628247,0.5767391,0.23236778,0.3443713,orta-yuksek,Agaclik,predicted,0.3384,0.6662,YUKSEK
AKD_2021_05,AKD_2021_05_003896,37.31736,35.44182,0.42403355,0.8601252,0.4178188,8.63214,147.79785,0.87500113,0.45290786,0.1576296,0.29527825,orta-dusuk,Agaclik,predicted,0.2781,0.4984,ORTA
AKD_2021_05,AKD_2021_05_003897,37.3173,35.44464,0.67626995,1.0,0.57601714,13.045559,182.93918,0.7257117,0.51600605,0.15992454,0.35608152,orta-yuksek,Agaclik,predicted,0.3389,0.69,YUKSEK
AKD_2021_05,AKD_2021_05_003898,37.31724,35.44746,0.64973974,0.830335,0.5296241,11.73689,192.68346,0.64240795,0.45105386,0.12411532,0.32693854,orta-yuksek,Agaclik,predicted,0.3045,0.622,YUKSEK
AKD_2021_05,AKD_2021_05_003899,37.31718,35.45028,0.579908,0.5741968,0.42366898,12.114927,178.34341,0.6509366,0.40142065,0.12844443,0.27297622,orta-dusuk,Agaclik,predicted,0.2523,0.5499,YUKSEK
AKD_2021_05,AKD_2021_05_003900,37.31712,35.4531,0.6777032,0.63020056,0.45622888,8.7602005,136.38312,0.7481637,0.4478322,0.18131495,0.26651725,orta-yuksek,Agaclik,predicted,0.2407,0.458,ORTA
AKD_2021_05,AKD_2021_05_003907,37.31671,35.47283,0.22710928,0.018235853,0.21076813,11.060383,145.86058,1.0872865,0.3595461,0.25831437,0.101231724,dusuk,Tarim,low_severity,,0.0,DUSUK
AKD_2021_05,AKD_2021_05_003908,37.31665,35.47565,0.68285394,0.31248653,0.2428317,9.886478,172.74255,1.24597,0.3828854,0.22738919,0.15549621,dusuk,Yerlesim,low_severity,,0.0,DUSUK
AKD_2021_05,AKD_2021_05_003909,37.3166,35.47847,0.7043789,0.5528489,0.1740334,10.760731,134.73279,1.4309754,0.53934634,0.40432394,0.1350224,dusuk,Su,low_severity,,0.0,DUSUK
AKD_2021_05,AKD_2021_05_003915,37.31624,35.49538,0.10552573,0.006340874,0.12029081,3.2554202,152.1731,0.25475132,0.33426967,0.23161405,0.10265562,dusuk,Tarim,low_severity,,0.0,DUSUK
AKD_2021_05,AKD_2021_05_003916,37.31618,35.4982,0.0,0.0,0.22770724,2.4255838,159.47894,0.37107855,0.3016179,0.15473309,0.1468848,dusuk,Tarim,low_severity,,0.0,DUSUK
AKD_2021_05,AKD_2021_05_003919,37.316,35.50666,0.0075387047,0.0,0.12786782,5.9650936,199.82098,0.38459703,0.24085164,0.14392248,0.09692916,dusuk,Tarim,low_severity,,0.0,DUSUK
AKD_2021_05,AKD_2021_05_003932,37.31522,35.5433,0.42454875,0.12844996,0.12280012,6.6434007,249.11047,1.1602612,0.39556932,0.28880733,0.10676199,dusuk,Tarim,low_severity,,0.0,DUSUK
AKD_2021_05,AKD_2021_05_003933,37.31516,35.54612,0.34701157,0.45358342,0.1194194,4.7710967,234.89598,0.9286266,0.40159696,0.30534518,0.096251786,dusuk,Tarim,low_severity,,0.0,DUSUK
AKD_2021_05,AKD_2021_05_003937,37.31492,35.55739,0.5388976,0.27311411,0.116850115,5.891456,221.99475,0.36270446,0.43845892,0.36819762,0.0702613,dusuk,Tarim,low_severity,,0.0,DUSUK
AKD_2021_05,AKD_2021_05_003938,37.31485,35.56021,0.28779083,0.0,0.1462028,6.357428,205.69402,0.13748413,0.47902545,0.3690613,0.10996416,dusuk,Tarim,low_severity,,0.0,DUSUK
AKD_2021_05,AKD_2021_05_003950,37.31412,35.59403,0.0,0.0,0.17322157,1.7552989,137.39978,0.23196827,0.3998207,0.26543388,0.13438681,dusuk,Tarim,low_severity,,0.0,DUSUK
AKD_2021_05,AKD_2021_05_003951,37.31406,35.59685,0.12274059,0.0,0.1754635,0.8580075,134.13925,0.14821742,0.55077976,0.40319765,0.14758211,dusuk,Tarim,low_severity,,0.0,DUSUK
AKD_2021_05,AKD_2021_05_003973,37.31574,35.41074,0.41351482,0.3880856,0.10854211,6.166741,172.14276,0.21133979,0.3168216,0.24591616,0.07090545,dusuk,Tarim,low_severity,,0.0,DUSUK
AKD_2021_05,AKD_2021_05_003982,37.31522,35.43611,0.88622767,1.0,0.3179928,9.505364,219.37141,0.9102502,0.5764545,0.327577,0.24887753,orta-dusuk,Agaclik,predicted,0.2885,0.5271,YUKSEK
AKD_2021_05,AKD_2021_05_003983,37.31516,35.43893,0.91928273,0.9828844,0.21158993,10.007159,173.3809,1.0781059,0.568776,0.40189594,0.16688007,dusuk,Agaclik,low_severity,,0.0,DUSUK
AKD_2021_05,AKD_2021_05_003984,37.31511,35.44175,0.4902094,0.60584795,0.14893296,6.71983,138.01749,1.0701311,0.4021747,0.29990458,0.10227013,dusuk,Agaclik,low_severity,,0.0,DUSUK
AKD_2021_05,AKD_2021_05_003985,37.31505,35.44457,0.4583559,0.77433056,0.36471,8.45831,138.36436,0.9519511,0.43705207,0.20171161,0.23534046,orta-dusuk,Agaclik,predicted,0.2283,0.4121,ORTA
AKD_2021_05,AKD_2021_05_003986,37.31499,35.44739,0.9645382,1.0,0.6707358,7.7846646,148.52457,0.89007944,0.5718525,0.14635992,0.42549258,yuksek,Agaclik,predicted,0.3846,0.6407,YUKSEK
AKD_2021_05,AKD_2021_05_003987,37.31493,35.45021,0.3898331,0.61619693,0.429948,9.649513,144.90831,0.89625436,0.45578778,0.16895331,0.28683448,orta-dusuk,Agaclik,predicted,0.2516,0.4758,ORTA
AKD_2021_05,AKD_2021_05_003988,37.31487,35.45303,0.31181923,0.28903103,0.35931405,7.6063194,132.5627,0.9691762,0.37510765,0.1668567,0.20825094,orta-dusuk,Su,predicted,0.1613,0.2933,ORTA
AKD_2021_05,AKD_2021_05_003991,37.3147,35.46148,0.32706985,0.1627673,0.13207309,7.2368507,133.12292,1.2090677,0.29376355,0.24340403,0.050359517,dusuk,Tarim,low_severity,,0.0,DUSUK
AKD_2021_05,AKD_2021_05_003996,37.3144,35.47558,0.5509077,0.29618663,0.15837097,8.996893,160.05266,1.4363464,0.40411153,0.2912292,0.112882346,dusuk,Tarim,low_severity,,0.0,DUSUK
AKD_2021_05,AKD_2021_05_004004,37.31393,35.49813,0.017583357,0.0,0.10758989,2.4391646,160.41711,0.27063045,0.26669434,0.1862348,0.080459535,dusuk,Tarim,low_severity,,0.0,DUSUK
AKD_2021_05,AKD_2021_05_004005,37.31387,35.50094,0.0,0.0,0.10500252,3.1442597,171.59537,0.46492022,0.2251859,0.14563864,0.079547256,dusuk,Tarim,low_severity,,0.0,DUSUK
AKD_2021_05,AKD_2021_05_004006,37.31381,35.50376,0.23039976,0.0,0.124862656,5.4162683,184.20874,0.484244,0.29264608,0.18571475,0.10693133,dusuk,Tarim,low_severity,,0.0,DUSUK
AKD_2021_05,AKD_2021_05_004007,37.31375,35.50658,0.24542461,0.0,0.11827072,7.612495,201.63881,0.6037691,0.3007046,0.19328642,0.10741818,dusuk,Tarim,low_severity,,0.0,DUSUK
AKD_2021_05,AKD_2021_05_004016,37.31321,35.53195,0.2920766,0.0,0.1696054,5.5889034,264.77032,0.5962371,0.36272734,0.2023873,0.16034004,dusuk,Tarim,low_severity,,0.0,DUSUK
AKD_2021_05,AKD_2021_05_004017,37.31315,35.53477,0.038489714,0.0,0.10843671,5.3415556,265.70688,0.837865,0.27942747,0.16444664,0.11498083,dusuk,Tarim,low_severity,,0.0,DUSUK
AKD_2021_05,AKD_2021_05_004025,37.31266,35.55732,0.13971928,0.08673384,0.1376785,4.453129,219.68454,0.3834605,0.33410335,0.21694389,0.117159456,dusuk,Tarim,low_severity,,0.0,DUSUK
AKD_2021_05,AKD_2021_05_004026,37.3126,35.56013,0.24648605,0.0,0.12696841,5.0700126,209.03076,0.1854435,0.35090852,0.25092262,0.0999859,dusuk,Tarim,low_severity,,0.0,DUSUK
AKD_2021_05,AKD_2021_05_004027,37.31254,35.56295,0.08963031,0.0,0.16561551,3.427523,191.24023,0.21618661,0.3617643,0.24098626,0.120778054,dusuk,Tarim,low_severity,,0.0,DUSUK
AKD_2021_05,AKD_2021_05_004028,37.31248,35.56577,0.057608563,0.0,0.101023346,2.4969702,185.89647,0.42905012,0.30566567,0.23374629,0.07191938,dusuk,Tarim,low_severity,,0.0,DUSUK
AKD_2021_05,AKD_2021_05_004029,37.31242,35.56859,0.018008111,0.0,0.16490269,2.237815,183.42432,0.6681552,0.33031106,0.21053487,0.11977619,dusuk,Tarim,low_severity,,0.0,DUSUK
AKD_2021_05,AKD_2021_05_004042,37.31162,35.60523,0.0,0.0,0.14330457,0.94536835,141.35417,0.60826707,0.48707822,0.3674394,0.11963883,dusuk,Tarim,low_severity,,0.0,DUSUK
AKD_2021_05,AKD_2021_05_004043,37.31156,35.60805,0.0,0.0,0.119504295,2.2660534,138.02327,0.8234117,0.39800268,0.2917132,0.106289476,dusuk,Tarim,low_severity,,0.0,DUSUK
AKD_2021_05,AKD_2021_05_004044,37.31149,35.61087,0.00978202,0.0,0.22320764,2.5932117,128.52878,1.0222653,0.50411224,0.33163482,0.17247742,dusuk,Tarim,low_severity,,0.0,DUSUK
AKD_2021_05,AKD_2021_05_004073,37.3128,35.4445,0.3879683,0.3156855,0.20131144,5.444392,126.40431,1.1877561,0.47780362,0.37020254,0.10760108,dusuk,Su,low_severity,,0.0,DUSUK
AKD_2021_05,AKD_2021_05_004081,37.31233,35.46705,0.082432546,0.012746629,0.13069734,5.469139,159.3901,1.4010686,0.20755602,0.17961875,0.027937278,dusuk,Tarim,low_severity,,0.0,DUSUK
AKD_2021_05,AKD_2021_05_004082,37.31227,35.46986,0.43832675,0.21498692,0.11764513,10.644355,134.58484,1.4433442,0.4610117,0.37537873,0.08563298,dusuk,Su,low_severity,,0.0,DUSUK
AKD_2021_05,AKD_2021_05_004085,37.31209,35.47832,0.6924886,0.33697352,0.13896903,10.316367,145.41904,1.499725,0.4717343,0.37196517,0.099769115,dusuk,Tarim,low_severity,,0.0,DUSUK
AKD_2021_05,AKD_2021_05_004104,37.31096,35.53187,0.0,0.0,0.10105654,3.6257088,245.20654,0.5721899,0.28647825,0.2005076,0.085970655,dusuk,Tarim,low_severity,,0.0,DUSUK
AKD_2021_05,AKD_2021_05_004117,37.31017,35.56851,0.0,0.0,0.11775662,1.7050422,179.36827,0.5308996,0.30412102,0.22783649,0.07628453,dusuk,Tarim,low_severity,,0.0,DUSUK
AKD_2021_05,AKD_2021_05_004126,37.30961,35.59388,0.0,0.0,0.5040311,2.1679902,138.21893,0.29479277,0.66747403,0.20447376,0.46300027,orta-yuksek,Tarim,predicted,0.3155,0.4918,ORTA
AKD_2021_05,AKD_2021_05_004127,37.30955,35.5967,0.0,0.0,0.2701834,1.1271967,130.99063,0.33011013,0.48152006,0.27658042,0.20493963,orta-dusuk,Tarim,predicted,0.1228,0.1784,DUSUK
AKD_2021_05,AKD_2021_05_004128,37.30949,35.59952,0.0,0.0,0.44959554,0.7607719,129.6632,0.40150458,0.62916553,0.23554653,0.393619,orta-yuksek,Tarim,predicted,0.2596,0.3696,ORTA
AKD_2021_05,AKD_2021_05_004129,37.30943,35.60233,0.0,0.0,0.27314502,1.6797239,132.60274,0.52851915,0.4582336,0.31762248,0.14061111,orta-dusuk,Tarim,low_severity,,0.0,DUSUK
AKD_2021_05,AKD_2021_05_004130,37.30937,35.60515,0.0,0.0,0.11115901,1.2538424,137.16525,0.72281325,0.47755772,0.36736453,0.11019319,dusuk,Tarim,low_severity,,0.0,DUSUK
AKD_2021_05,AKD_2021_05_004131,37.30931,35.60797,0.0,0.0,0.2707332,0.5991507,138.37997,0.9433936,0.52478904,0.27593598,0.24885306,orta-dusuk,Tarim,predicted,0.161,0.1614,DUSUK
AKD_2021_05,AKD_2021_05_004132,37.30924,35.61079,0.0,0.0,0.12468843,1.5565724,136.61842,1.1662297,0.50159657,0.383093,0.11850357,dusuk,Tarim,low_severity,,0.0,DUSUK
AKD_2021_05,AKD_2021_05_004137,37.31192,35.37677,1.0,0.6549162,0.102781326,3.5810971,219.06386,2.0161555,0.56746566,0.49069273,0.07677293,dusuk,Agaclik,low_severity,,0.0,DUSUK
AKD_2021_05,AKD_2021_05_004142,37.31164,35.39087,0.4602916,0.30668405,0.10365247,7.4964213,198.55286,1.4626157,0.27879322,0.22862792,0.050165296,dusuk,Tarim,low_severity,,0.0,DUSUK
AKD_2021_05,AKD_2021_05_004160,37.3106,35.4416,0.24248677,0.13543785,0.16806825,4.9252887,131.67975,1.0677812,0.3557124,0.21705903,0.13865338,dusuk,Otlak/calilik,low_severity,,0.0,DUSUK
AKD_2021_05,AKD_2021_05_004161,37.31055,35.44442,0.75632656,0.7602432,0.1387441,4.8465333,129.07861,1.312979,0.4492895,0.3745747,0.07471481,dusuk,Agaclik,low_severity,,0.0,DUSUK
AKD_2021_05,AKD_2021_05_004170,37.31002,35.46979,0.1405133,0.08790653,0.10142521,8.629179,173.4102,1.2264369,0.23785639,0.21774307,0.02011332,dusuk,Tarim,low_severity,,0.0,DUSUK
AKD_2021_05,AKD_2021_05_004171,37.30996,35.47261,0.36903933,0.28405404,0.114102185,8.287191,125.12648,1.2097472,0.5366298,0.46489787,0.071731925,dusuk,Su,low_severity,,0.0,DUSUK
AKD_2021_05,AKD_2021_05_004179,37.30949,35.49516,0.0,0.0,0.2099673,1.8752775,158.91763,0.4965107,0.34442818,0.18460232,0.15982586,dusuk,Tarim,low_severity,,0.0,DUSUK
AKD_2021_05,AKD_2021_05_004199,37.30828,35.55153,0.0,0.0,0.12796375,4.1641808,210.6489,0.6292153,0.30166516,0.20667914,0.09498602,dusuk,Tarim,low_severity,,0.0,DUSUK
AKD_2021_05,AKD_2021_05_004200,37.30822,35.55435,0.0,0.0,0.104420505,5.5205564,222.87607,0.6591368,0.25075254,0.15780911,0.09294343,dusuk,Tarim,low_severity,,0.0,DUSUK
AKD_2021_05,AKD_2021_05_004206,37.30786,35.57126,0.14531656,0.0,0.10089472,1.9939827,175.5151,0.17920882,0.36025056,0.2835233,0.07672727,dusuk,Tarim,low_severity,,0.0,DUSUK
AKD_2021_05,AKD_2021_05_004214,37.30736,35.5938,0.0,0.0,0.43749952,1.743933,136.58336,0.49219105,0.6020817,0.17412797,0.42795375,orta-dusuk,Tarim,predicted,0.2943,0.431,ORTA
AKD_2021_05,AKD_2021_05_004215,37.3073,35.59662,0.0,0.0,0.15348105,1.2404004,129.75597,0.5700757,0.4753291,0.30422574,0.17110336,dusuk,Tarim,low_severity,,0.0,DUSUK
AKD_2021_05,AKD_2021_05_004216,37.30724,35.59944,0.0,0.0,0.14314014,0.7216508,127.19117,0.6454437,0.47553152,0.32739723,0.14813429,dusuk,Tarim,low_severity,,0.0,DUSUK
AKD_2021_05,AKD_2021_05_004217,37.30718,35.60226,0.0,0.0,0.18685508,1.2379578,128.97327,0.7312483,0.52557105,0.4154513,0.11011976,dusuk,Tarim,low_severity,,0.0,DUSUK
AKD_2021_05,AKD_2021_05_004247,37.30841,35.43871,0.37850535,0.40322945,0.13042846,4.4091167,124.29022,0.792744,0.42290562,0.35356408,0.06934154,dusuk,Agaclik,low_severity,,0.0,DUSUK
AKD_2021_05,AKD_2021_05_004254,37.308,35.45844,0.0012170603,0.0,0.13050413,1.4455328,152.24135,1.5410401,0.29090875,0.18645671,0.104452044,dusuk,Tarim,low_severity,,0.0,DUSUK
AKD_2021_05,AKD_2021_05_004255,37.30794,35.46126,0.0,0.0,0.18345538,2.2084296,158.54428,1.3543062,0.36031628,0.17399934,0.18631694,dusuk,Tarim,low_severity,,0.0,DUSUK
AKD_2021_05,AKD_2021_05_004289,37.30591,35.55709,0.0,0.0,0.11074812,4.018466,222.60365,0.5889109,0.22512019,0.1205671,0.10455309,dusuk,Tarim,low_severity,,0.0,DUSUK
AKD_2021_05,AKD_2021_05_004303,37.30505,35.59654,0.0,0.0,0.18416022,2.6373422,130.41768,0.81608814,0.5070458,0.3384853,0.1685605,dusuk,Tarim,low_severity,,0.0,DUSUK
AKD_2021_05,AKD_2021_05_004304,37.30499,35.59936,0.0,0.0,0.20217125,0.80020964,125.12621,0.8883333,0.46514976,0.2897824,0.17536736,dusuk,Tarim,low_severity,,0.0,DUSUK
AKD_2021_05,AKD_2021_05_004305,37.30493,35.60218,0.0,0.0,0.21975756,0.6509208,125.762054,0.95661676,0.46768498,0.3293808,0.13830417,dusuk,Tarim,low_severity,,0.0,DUSUK
AKD_2021_05,AKD_2021_05_004325,37.30674,35.41045,0.42527717,0.27987662,0.12289885,6.1731014,152.30792,0.3291803,0.31402558,0.243289,0.07073659,dusuk,Tarim,low_severity,,0.0,DUSUK
AKD_2021_05,AKD_2021_05_004333,37.30628,35.433,0.2942728,0.29806685,0.11614561,5.6883826,125.25121,0.3974574,0.43024686,0.32999015,0.10025671,dusuk,Su,low_severity,,0.0,DUSUK
AKD_2021_05,AKD_2021_05_004353,37.3051,35.48937,0.0,0.0,0.13787314,1.6828502,155.15404,1.1054429,0.28926635,0.17242453,0.11684182,dusuk,Tarim,low_severity,,0.0,DUSUK
AKD_2021_05,AKD_2021_05_004356,37.30492,35.49783,0.0,0.0,0.12786771,3.026673,176.7102,0.6402343,0.2480973,0.14231125,0.105786055,dusuk,Tarim,low_severity,,0.0,DUSUK
AKD_2021_05,AKD_2021_05_004376,37.30372,35.55419,0.0,0.0,0.16050047,3.5232997,199.60558,0.23889737,0.32900155,0.20445937,0.12454218,dusuk,Tarim,low_severity,,0.0,DUSUK
AKD_2021_05,AKD_2021_05_004383,37.30329,35.57392,0.11860095,0.0,0.13534302,1.9873209,169.22754,0.09832302,0.44831395,0.3431396,0.10517436,dusuk,Tarim,low_severity,,0.0,DUSUK
AKD_2021_05,AKD_2021_05_004431,37.30344,35.46111,0.22735257,0.0,0.122367635,5.145548,155.55348,1.0607483,0.34034228,0.23128209,0.1090602,dusuk,Tarim,low_severity,,0.0,DUSUK
AKD_2021_05,AKD_2021_05_004437,37.30309,35.47802,0.0,0.0,0.14135365,2.4235992,160.41356,0.71150035,0.2844609,0.16766089,0.11680001,dusuk,Tarim,low_severity,,0.0,DUSUK
AKD_2021_05,AKD_2021_05_004438,37.30303,35.48084,0.0,0.0,0.10979168,2.2366943,156.58199,0.91682804,0.21866542,0.15008087,0.06858455,dusuk,Tarim,low_severity,,0.0,DUSUK
AKD_2021_05,AKD_2021_05_004440,37.30291,35.48648,0.0,0.0,0.19532111,1.6817912,158.88878,1.3726819,0.32263193,0.16787046,0.15476146,dusuk,Tarim,low_severity,,0.0,DUSUK
AKD_2021_05,AKD_2021_05_004441,37.30285,35.4893,0.0,0.0,0.18156447,1.9200273,162.72754,1.33512,0.34395587,0.20758688,0.13636899,dusuk,Tarim,low_severity,,0.0,DUSUK
AKD_2021_05,AKD_2021_05_004444,37.30267,35.49775,0.24026655,0.1833653,0.16868153,5.8548183,191.6654,0.8626544,0.34513924,0.18165939,0.16347985,dusuk,Tarim,low_severity,,0.0,DUSUK
AKD_2021_05,AKD_2021_05_004445,37.30261,35.50057,0.0,0.0,0.15152535,6.878196,202.31178,0.79844475,0.29740462,0.16963485,0.12776977,dusuk,Tarim,low_severity,,0.0,DUSUK
AKD_2021_05,AKD_2021_05_004450,37.30231,35.51466,0.12767284,0.0,0.10527586,2.1278462,203.76535,0.3022231,0.40112165,0.30245125,0.09867039,dusuk,Tarim,low_severity,,0.0,DUSUK
AKD_2021_05,AKD_2021_05_004464,37.30147,35.55412,0.0,0.0,0.18633462,3.0351064,194.3946,0.23638375,0.342849,0.18527287,0.15757611,dusuk,Tarim,low_severity,,0.0,DUSUK
AKD_2021_05,AKD_2021_05_004480,37.30049,35.59921,0.057621695,0.0,0.13825215,2.4857776,131.57188,1.0251385,0.42842585,0.33369064,0.094735205,dusuk,Tarim,low_severity,,0.0,DUSUK
AKD_2021_05,AKD_2021_05_004483,37.3003,35.60766,0.0,0.0,0.29311615,1.2247877,122.641716,1.1148618,0.6490139,0.38417274,0.26484114,orta-dusuk,Tarim,predicted,0.1724,0.1725,DUSUK
AKD_2021_05,AKD_2021_05_004525,37.30084,35.47795,0.0,0.0,0.14152284,3.8769915,172.9019,0.5824548,0.24302386,0.14004111,0.102982745,dusuk,Tarim,low_severity,,0.0,DUSUK
AKD_2021_05,AKD_2021_05_004526,37.30078,35.48077,0.0,0.0,0.13522513,3.7158573,166.88281,0.82072806,0.25279552,0.17082225,0.08197327,dusuk,Tarim,low_severity,,0.0,DUSUK
AKD_2021_05,AKD_2021_05_004527,37.30072,35.48359,0.0,0.0,0.18551268,2.4825037,163.11552,1.0643945,0.338535,0.20792311,0.1306119,dusuk,Tarim,low_severity,,0.0,DUSUK
AKD_2021_05,AKD_2021_05_004528,37.30066,35.48641,0.0,0.0,0.20812817,2.1522033,166.24962,1.310449,0.33355436,0.18579572,0.14775863,dusuk,Tarim,low_severity,,0.0,DUSUK
AKD_2021_05,AKD_2021_05_004529,37.3006,35.48922,0.0,0.0,0.1709489,2.7422562,170.72343,1.5077868,0.30724627,0.19087651,0.116369754,dusuk,Tarim,low_severity,,0.0,DUSUK
AKD_2021_05,AKD_2021_05_004533,37.30036,35.5005,0.28841907,0.25539264,0.17812066,8.544081,219.60002,1.0472759,0.38111597,0.23133695,0.14977902,dusuk,Tarim,low_severity,,0.0,DUSUK
AKD_2021_05,AKD_2021_05_004551,37.29928,35.55122,0.00993841,0.0,0.1472822,3.2293756,192.77733,0.37567702,0.31950235,0.1935295,0.12597285,dusuk,Tarim,low_severity,,0.0,DUSUK
AKD_2021_05,AKD_2021_05_004552,37.29922,35.55404,0.0,0.0,0.19564632,3.2823954,191.27954,0.42388985,0.40321547,0.2225309,0.18068457,dusuk,Tarim,low_severity,,0.0,DUSUK
AKD_2021_05,AKD_2021_05_004566,37.29836,35.59349,0.0,0.0,0.13381346,2.4871569,135.59843,0.48785043,0.2976605,0.20610929,0.091551214,dusuk,Tarim,low_severity,,0.0,DUSUK
AKD_2021_05,AKD_2021_05_004567,37.2983,35.59631,0.0,0.0,0.109781675,2.1702206,130.42525,0.67621267,0.29397422,0.20505917,0.08891505,dusuk,Tarim,low_severity,,0.0,DUSUK
AKD_2021_05,AKD_2021_05_004568,37.29824,35.59913,0.0,0.0,0.14601314,1.9217268,127.63761,0.89528155,0.40936178,0.3034281,0.105933666,dusuk,Tarim,low_severity,,0.0,DUSUK
AKD_2021_05,AKD_2021_05_004571,37.29805,35.60758,0.0,0.0,0.28428954,0.7225369,119.51422,0.86486435,0.536893,0.28076738,0.25612563,orta-dusuk,Tarim,predicted,0.1647,0.1775,DUSUK
AKD_2021_05,AKD_2021_05_004572,37.29799,35.6104,0.0,0.0,0.23069327,1.3640082,121.98888,0.834746,0.57555985,0.30575132,0.26980853,dusuk,Tarim,low_severity,,0.0,DUSUK
AKD_2021_05,AKD_2021_05_004575,37.2978,35.61885,0.0,0.0,0.10899764,12.18467,,0.23243399,0.5534595,0.5088207,0.044638813,dusuk,Tarim,no_data,,,
AKD_2021_05,AKD_2021_05_004596,37.29958,35.42997,0.47483784,0.4907119,0.11997163,10.190915,131.65372,0.53031754,0.52079284,0.51972127,0.0010715723,dusuk,Agaclik,low_severity,,0.0,DUSUK
AKD_2021_05,AKD_2021_05_004605,37.29905,35.45533,0.48137906,0.0,0.101053186,8.723606,137.72179,1.3773613,0.33454365,0.24037546,0.094168186,dusuk,Tarim,low_severity,,0.0,DUSUK
AKD_2021_05,AKD_2021_05_004613,37.29858,35.47788,0.31625643,0.25136772,0.15648267,10.6866455,198.64641,0.5452288,0.34760183,0.2238706,0.123731226,dusuk,Tarim,low_severity,,0.0,DUSUK
AKD_2021_05,AKD_2021_05_004614,37.29853,35.48069,0.32949802,0.28517804,0.124271736,12.737178,198.1704,0.79474235,0.3317365,0.2539793,0.07775721,dusuk,Tarim,low_severity,,0.0,DUSUK
AKD_2021_05,AKD_2021_05_004615,37.29847,35.48351,0.29500368,0.2328916,0.1426127,8.741227,183.31526,1.0444885,0.32810825,0.23367703,0.09443122,dusuk,Tarim,low_severity,,0.0,DUSUK
AKD_2021_05,AKD_2021_05_004616,37.29841,35.48633,0.0,0.0,0.17213762,3.7342584,175.3065,1.2943327,0.34100658,0.20653716,0.13446942,dusuk,Tarim,low_severity,,0.0,DUSUK
AKD_2021_05,AKD_2021_05_004617,37.29835,35.48915,0.06871066,0.016637065,0.11267542,6.490402,187.69112,1.5442274,0.25681674,0.19422139,0.06259535,dusuk,Tarim,low_severity,,0.0,DUSUK
AKD_2021_05,AKD_2021_05_004618,37.29829,35.49197,0.08767922,0.029647013,0.1015265,5.754981,190.08832,1.5414393,0.24499023,0.17753467,0.06745556,dusuk,Tarim,low_severity,,0.0,DUSUK
AKD_2021_05,AKD_2021_05_004648,37.29648,35.57651,0.0,0.0,0.13459352,1.0757283,160.70714,0.5740798,0.36159098,0.25466913,0.10692185,dusuk,Tarim,low_severity,,0.0,DUSUK
AKD_2021_05,AKD_2021_05_004652,37.29623,35.58778,0.0,0.0,0.13880308,4.8330655,154.28984,0.20926294,0.25846863,0.18560727,0.07286136,dusuk,Tarim,low_severity,,0.0,DUSUK
AKD_2021_05,AKD_2021_05_004653,37.29617,35.5906,0.0,0.0,0.11090496,3.3925648,144.16638,0.13911386,0.3479327,0.23023435,0.11769834,dusuk,Tarim,low_severity,,0.0,DUSUK
AKD_2021_05,AKD_2021_05_004659,37.2958,35.6075,0.0,0.0,0.5244917,0.78931904,117.20228,0.61486894,0.649747,0.19166544,0.45808157,orta-yuksek,Tarim,predicted,0.3042,0.4148,ORTA
AKD_2021_05,AKD_2021_05_004660,37.29574,35.61032,0.0,0.0,0.44606408,0.8800356,117.85984,0.5852739,0.6745547,0.19410437,0.48045033,orta-yuksek,Tarim,predicted,0.3366,0.4683,ORTA
AKD_2021_05,AKD_2021_05_004679,37.29762,35.4158,0.03913527,0.0,0.11110923,2.9054234,129.39629,0.06257821,0.33305,0.26591805,0.06713197,dusuk,Tarim,low_severity,,0.0,DUSUK
AKD_2021_05,AKD_2021_05_004696,37.29663,35.46371,0.038608804,0.016758716,0.108192116,5.90453,169.38611,0.763931,0.31621605,0.22362252,0.092593536,dusuk,Tarim,low_severity,,0.0,DUSUK
AKD_2021_05,AKD_2021_05_004698,37.29651,35.46935,0.028606936,0.0,0.108727366,4.1676297,185.69379,0.3567526,0.28161556,0.1786958,0.10291976,dusuk,Tarim,low_severity,,0.0,DUSUK
AKD_2021_05,AKD_2021_05_004704,37.29616,35.48626,0.54071444,0.5077068,0.1303851,10.655058,200.26065,1.3260158,0.536185,0.44138706,0.09479797,dusuk,Agaclik,low_severity,,0.0,DUSUK
AKD_2021_05,AKD_2021_05_004705,37.2961,35.48908,0.36958975,0.21655189,0.14672402,6.4173117,203.51836,1.5708784,0.41507563,0.2977324,0.11734322,dusuk,Tarim,low_severity,,0.0,DUSUK
AKD_2021_05,AKD_2021_05_004706,37.29604,35.49189,0.62500554,0.77534646,0.1092082,8.868018,218.60194,1.7565044,0.48584622,0.3632642,0.12258202,dusuk,Agaclik,low_severity,,0.0,DUSUK
AKD_2021_05,AKD_2021_05_004710,37.2958,35.50317,0.25167173,0.14437199,0.10231674,5.494268,223.04088,0.91448444,0.33879995,0.27264702,0.06615293,dusuk,Tarim,low_severity,,0.0,DUSUK
AKD_2021_05,AKD_2021_05_004711,37.29574,35.50598,0.18736452,0.060632642,0.12513831,4.310998,215.03468,0.6874081,0.3159895,0.23670481,0.07928468,dusuk,Tarim,low_severity,,0.0,DUSUK
AKD_2021_05,AKD_2021_05_004712,37.29568,35.5088,0.007871992,0.0,0.13590272,3.3077703,200.01929,0.48350587,0.32053226,0.21481287,0.10571939,dusuk,Tarim,low_severity,,0.0,DUSUK
AKD_2021_05,AKD_2021_05_004713,37.29562,35.51162,0.16271533,0.0,0.1200469,2.541174,196.64975,0.34644765,0.39941347,0.30883533,0.09057814,dusuk,Tarim,low_severity,,0.0,DUSUK
AKD_2021_05,AKD_2021_05_004718,37.29532,35.52571,0.0,0.0,0.12068737,5.378625,241.89255,0.7601882,0.24794383,0.1458795,0.10206433,dusuk,Tarim,low_severity,,0.0,DUSUK
AKD_2021_05,AKD_2021_05_004736,37.29423,35.57643,0.0,0.0,0.13488305,1.2416501,158.13972,0.32412097,0.39922827,0.2924875,0.10674077,dusuk,Tarim,low_severity,,0.0,DUSUK
AKD_2021_05,AKD_2021_05_004745,37.29367,35.60179,0.0,0.0,0.12490378,3.9021971,131.75076,0.50540423,0.26307392,0.21987098,0.043202937,dusuk,Tarim,low_severity,,0.0,DUSUK
AKD_2021_05,AKD_2021_05_004746,37.29361,35.60461,0.0,0.0,0.12757245,3.1525452,120.25438,0.39000252,0.3632542,0.28234506,0.08090913,dusuk,Tarim,low_severity,,0.0,DUSUK
AKD_2021_05,AKD_2021_05_004747,37.29355,35.60743,0.0,0.0,0.16807398,0.9015241,114.42244,0.36487973,0.3751613,0.23307566,0.14208563,dusuk,Tarim,low_severity,,0.0,DUSUK
AKD_2021_05,AKD_2021_05_004748,37.29348,35.61024,0.0,0.0,0.23040566,1.0860541,114.33734,0.33658615,0.4254334,0.20852628,0.21690711,dusuk,Tarim,low_severity,,0.0,DUSUK
AKD_2021_05,AKD_2021_05_004749,37.29342,35.61306,0.0,0.0,0.166141,1.184899,118.17131,0.39126953,0.4608861,0.28499472,0.17589137,dusuk,Tarim,low_severity,,0.0,DUSUK
AKD_2021_05,AKD_2021_05_004793,37.29385,35.489,0.4086024,0.39312223,0.14690858,10.322,219.5068,1.6357505,0.45593286,0.35146785,0.10446501,dusuk,Tarim,low_severity,,0.0,DUSUK
AKD_2021_05,AKD_2021_05_004796,37.29367,35.49745,0.58488005,0.63220197,0.12560037,8.564638,231.40375,1.4719898,0.4357211,0.27925926,0.15646183,dusuk,Agaclik,low_severity,,0.0,DUSUK
AKD_2021_05,AKD_2021_05_004797,37.29361,35.50027,0.620696,0.6133257,0.10572875,6.786295,226.15332,1.246195,0.38394874,0.31720874,0.066740006,dusuk,Agaclik,low_severity,,0.0,DUSUK
AKD_2021_05,AKD_2021_05_004798,37.29355,35.50309,0.068637736,0.058352698,0.11093977,4.8703394,214.9264,1.0316249,0.303263,0.21830373,0.08495928,dusuk,Tarim,low_severity,,0.0,DUSUK
AKD_2021_05,AKD_2021_05_004799,37.29349,35.50591,0.0,0.0,0.119847044,4.138144,203.20416,0.83695763,0.29246742,0.20196763,0.09049979,dusuk,Tarim,low_severity,,0.0,DUSUK
AKD_2021_05,AKD_2021_05_004800,37.29343,35.50873,0.13931254,0.0,0.20007353,2.489809,193.2136,0.67951906,0.47127444,0.3026425,0.16863194,dusuk,Tarim,low_severity,,0.0,DUSUK
AKD_2021_05,AKD_2021_05_004801,37.29337,35.51154,0.16515668,0.0,0.12363388,3.9079626,199.6202,0.5899103,0.38056785,0.2726996,0.107868254,dusuk,Tarim,low_severity,,0.0,DUSUK
AKD_2021_05,AKD_2021_05_004836,37.29123,35.61017,0.0,0.0,0.117752135,1.1237175,112.80189,0.09505209,0.37486264,0.31813875,0.056723893,dusuk,Tarim,low_severity,,0.0,DUSUK
AKD_2021_05,AKD_2021_05_004837,37.29117,35.61298,0.0,0.0,0.20758225,1.652337,114.42364,0.22098985,0.5717272,0.3894354,0.1822918,dusuk,Tarim,low_severity,,0.0,DUSUK
AKD_2021_05,AKD_2021_05_004866,37.29248,35.44666,0.05262939,0.0,0.13781682,4.2582355,120.172104,0.4997479,0.3464664,0.21240771,0.13405868,dusuk,Su,low_severity,,0.0,DUSUK
AKD_2021_05,AKD_2021_05_004883,37.29148,35.49456,0.33309352,0.4052205,0.14264894,5.5895786,236.33167,1.7306148,0.36907673,0.22349498,0.14558175,dusuk,Tarim,low_severity,,0.0,DUSUK
AKD_2021_05,AKD_2021_05_004885,37.29136,35.5002,0.06488198,0.07555111,0.14260025,3.9811528,206.665,1.2785925,0.2776162,0.173076,0.1045402,dusuk,Tarim,low_severity,,0.0,DUSUK
AKD_2021_05,AKD_2021_05_004886,37.2913,35.50302,0.05761676,0.0,0.102485895,3.8508034,207.36809,1.0687302,0.24334088,0.16937095,0.07396993,dusuk,Tarim,low_severity,,0.0,DUSUK
AKD_2021_05,AKD_2021_05_004888,37.29118,35.50865,0.0,0.0,0.15941712,3.2896156,193.24452,0.7293528,0.3832907,0.25614032,0.12715039,dusuk,Tarim,low_severity,,0.0,DUSUK
AKD_2021_05,AKD_2021_05_004923,37.28904,35.60727,0.0,0.0,0.14509341,1.9462556,117.799225,0.13521859,0.3453071,0.24864075,0.096666366,dusuk,Tarim,low_severity,,0.0,DUSUK
AKD_2021_05,AKD_2021_05_004925,37.28892,35.61291,0.0,0.0,0.12192798,1.2162869,110.37059,0.056828152,0.45263135,0.48000816,-0.0273768,dusuk,Tarim,low_severity,,0.0,DUSUK
AKD_2021_05,AKD_2021_05_004926,37.28886,35.61572,0.08082172,0.0,0.23055772,13.43906,112.8991,0.11135437,0.46215737,0.30311453,0.15904284,dusuk,Tarim,low_severity,,0.0,DUSUK
AKD_2021_05,AKD_2021_05_004970,37.28928,35.49167,0.55957806,0.3397735,0.10805203,6.0118046,221.67502,1.8994865,0.34331283,0.26964408,0.07366875,dusuk,Tarim,low_severity,,0.0,DUSUK
AKD_2021_05,AKD_2021_05_004971,37.28922,35.49449,0.20890911,0.031727422,0.15192217,6.605831,217.31789,1.6554259,0.32423252,0.19370702,0.1305255,dusuk,Tarim,low_severity,,0.0,DUSUK
AKD_2021_05,AKD_2021_05_004974,37.28905,35.50294,0.037163757,0.0,0.19244386,2.7643287,194.58083,0.94212085,0.3424696,0.19788378,0.14458582,dusuk,Tarim,low_severity,,0.0,DUSUK
AKD_2021_05,AKD_2021_05_004975,37.28899,35.50576,0.0,0.0,0.1990475,2.229431,188.82697,0.72109455,0.40122277,0.24708241,0.15414035,dusuk,Tarim,low_severity,,0.0,DUSUK
AKD_2021_05,AKD_2021_05_004976,37.28893,35.50858,0.0,0.0,0.13251561,3.7433507,195.23694,0.5266526,0.30528975,0.20168221,0.103607535,dusuk,Tarim,low_severity,,0.0,DUSUK
AKD_2021_05,AKD_2021_05_004977,37.28887,35.51139,0.02138106,0.0,0.11640023,4.1547856,205.73473,0.39968553,0.22974771,0.15149751,0.0782502,dusuk,Tarim,low_severity,,0.0,DUSUK
AKD_2021_05,AKD_2021_05_005013,37.28667,35.61283,0.0,0.0,0.14395612,0.9090122,108.398094,0.22095014,0.40734833,0.48513287,-0.07778454,dusuk,Tarim,low_severity,,0.0,DUSUK
AKD_2021_05,AKD_2021_05_005014,37.28661,35.61564,0.0,0.0,0.17117734,13.908069,107.58866,0.11374474,0.4156443,0.3945397,0.021104574,dusuk,Tarim,low_severity,,0.0,DUSUK
AKD_2021_05,AKD_2021_05_005058,37.28703,35.4916,0.20701103,0.129528,0.14378457,5.093041,206.77176,1.8650621,0.29282695,0.18442562,0.10840133,dusuk,Tarim,low_severity,,0.0,DUSUK
AKD_2021_05,AKD_2021_05_005059,37.28697,35.49441,0.13197106,0.0,0.17363892,4.79482,199.69656,1.6158102,0.31925744,0.17432529,0.14493215,dusuk,Tarim,low_severity,,0.0,DUSUK
AKD_2021_05,AKD_2021_05_005062,37.28679,35.50287,0.028695408,0.0,0.16990887,3.3904545,189.90553,0.8706315,0.2700998,0.1667155,0.103384286,dusuk,Tarim,low_severity,,0.0,DUSUK
AKD_2021_05,AKD_2021_05_005063,37.28673,35.50568,0.05838854,0.0,0.2483837,2.0152757,185.37228,0.62480783,0.49783772,0.26515782,0.2326799,dusuk,Tarim,low_severity,,0.0,DUSUK
AKD_2021_05,AKD_2021_05_005068,37.28644,35.51977,0.10571907,0.030304562,0.16360049,4.9139037,219.14883,0.6536917,0.3900907,0.2611317,0.128959,dusuk,Tarim,low_severity,,0.0,DUSUK
AKD_2021_05,AKD_2021_05_005081,37.28565,35.5564,0.0,0.0,0.118666396,2.5716617,167.54227,0.75863963,0.35528356,0.27286237,0.08242118,dusuk,Tarim,low_severity,,0.0,DUSUK
AKD_2021_05,AKD_2021_05_005082,37.28559,35.55922,0.0,0.0,0.110424206,3.3184168,169.10057,0.684927,0.31020254,0.23046374,0.079738796,dusuk,Tarim,low_severity,,0.0,DUSUK
AKD_2021_05,AKD_2021_05_005101,37.28442,35.61275,0.0,0.0,0.2136573,0.98300713,109.63532,0.35754913,0.38159427,0.3729208,0.008673459,dusuk,Tarim,low_severity,,0.0,DUSUK
AKD_2021_05,AKD_2021_05_005134,37.28549,35.45771,0.0,0.0,0.119164295,3.3607578,148.00194,0.7879955,0.2994874,0.24842577,0.051061645,dusuk,Tarim,low_severity,,0.0,DUSUK
AKD_2021_05,AKD_2021_05_005146,37.28478,35.49152,0.0,0.0,0.16723718,4.3074064,191.73833,1.8638306,0.28327447,0.14425194,0.13902253,dusuk,Tarim,low_severity,,0.0,DUSUK
AKD_2021_05,AKD_2021_05_005147,37.28472,35.49434,0.0,0.0,0.14496106,3.3936493,190.38162,1.6143883,0.27780914,0.15599915,0.12180999,dusuk,Tarim,low_severity,,0.0,DUSUK
AKD_2021_05,AKD_2021_05_005149,37.2846,35.49997,0.0,0.0,0.10769528,2.3451066,182.25029,1.1162531,0.22830528,0.15010075,0.07820453,dusuk,Tarim,low_severity,,0.0,DUSUK
AKD_2021_05,AKD_2021_05_005150,37.28454,35.50279,0.0008138894,0.0,0.3010247,2.5986013,181.64612,0.86799,0.40978962,0.18641669,0.22337294,orta-dusuk,Tarim,predicted,0.14,0.176,DUSUK
AKD_2021_05,AKD_2021_05_005151,37.28448,35.50561,0.18897668,0.06884832,0.19663559,5.13665,187.71497,0.62112176,0.46612203,0.29425177,0.17187026,dusuk,Tarim,low_severity,,0.0,DUSUK
AKD_2021_05,AKD_2021_05_005156,37.28418,35.5197,0.517916,0.39197126,0.17673509,9.471299,251.34384,0.65016943,0.46908596,0.3331405,0.13594547,dusuk,Tarim,low_severity,,0.0,DUSUK
AKD_2021_05,AKD_2021_05_005157,37.28412,35.52252,0.6052634,0.34431365,0.12423581,8.70407,242.6122,0.89727694,0.48131704,0.37719634,0.1041207,dusuk,Tarim,low_severity,,0.0,DUSUK
AKD_2021_05,AKD_2021_05_005163,37.28376,35.53942,0.4060175,0.34147936,0.10827771,5.0803723,215.11655,0.7057428,0.36753494,0.3093235,0.058211446,dusuk,Tarim,low_severity,,0.0,DUSUK
AKD_2021_05,AKD_2021_05_005170,37.28334,35.55914,0.0,0.0,0.11312006,2.8574698,163.3846,0.92649895,0.30293897,0.27837136,0.024567604,dusuk,Tarim,low_severity,,0.0,DUSUK
AKD_2021_05,AKD_2021_05_005188,37.28223,35.60985,0.0,0.0,0.11347321,2.876405,118.83423,0.63094395,0.29738972,0.34987783,-0.05248812,dusuk,Tarim,low_severity,,0.0,DUSUK
AKD_2021_05,AKD_2021_05_005198,37.28462,35.39001,0.057608478,0.0,0.1361399,2.4498754,128.96524,0.48527807,0.2557766,0.22031164,0.035464972,dusuk,Tarim,low_severity,,0.0,DUSUK
AKD_2021_05,AKD_2021_05_005199,37.28457,35.39283,0.11458705,0.0,0.13841653,3.5080545,130.74034,0.2765773,0.34349516,0.2358068,0.10768837,dusuk,Tarim,low_severity,,0.0,DUSUK
AKD_2021_05,AKD_2021_05_005221,37.28329,35.45482,0.0,0.0,0.19928606,1.9874314,137.59644,0.6907605,0.34507138,0.19810353,0.14696784,dusuk,Tarim,low_severity,,0.0,DUSUK
AKD_2021_05,AKD_2021_05_005222,37.28324,35.45764,0.0,0.0,0.14052685,3.765122,148.49461,0.89055234,0.32424867,0.22013636,0.10411231,dusuk,Tarim,low_severity,,0.0,DUSUK
AKD_2021_05,AKD_2021_05_005234,37.28253,35.49145,0.0,0.0,0.13062277,3.1815646,179.34201,1.8958565,0.28657568,0.18372622,0.10284945,dusuk,Tarim,low_severity,,0.0,DUSUK
AKD_2021_05,AKD_2021_05_005237,37.28235,35.4999,0.073000595,0.0,0.27957866,2.678865,177.01105,1.1689434,0.46736896,0.24626173,0.22110723,orta-dusuk,Tarim,predicted,0.1448,0.1532,DUSUK
AKD_2021_05,AKD_2021_05_005238,37.28229,35.50272,0.12735303,0.0,0.35116756,6.0073586,187.03566,0.93478024,0.53133404,0.22209603,0.30923802,orta-dusuk,Tarim,predicted,0.221,0.356,ORTA
AKD_2021_05,AKD_2021_05_005245,37.28187,35.52244,0.5739758,0.4153454,0.13186115,7.177359,277.66568,0.9620361,0.37332532,0.26932383,0.10400149,dusuk,Tarim,low_severity,,0.0,DUSUK
AKD_2021_05,AKD_2021_05_005251,37.28151,35.53934,0.22524475,0.21906106,0.12811373,6.27742,212.96333,0.7052042,0.4295197,0.3674512,0.062068522,dusuk,Tarim,low_severity,,0.0,DUSUK
AKD_2021_05,AKD_2021_05_005259,37.28102,35.56188,0.0,0.0,0.11310534,2.6836708,165.76541,0.709013,0.21145765,0.18675253,0.024705127,dusuk,Tarim,low_severity,,0.0,DUSUK
AKD_2021_05,AKD_2021_05_005260,37.28096,35.5647,0.0,0.0,0.10936521,2.8707743,174.89146,0.4767513,0.263129,0.1889511,0.07417789,dusuk,Tarim,low_severity,,0.0,DUSUK
AKD_2021_05,AKD_2021_05_005268,37.28047,35.58724,0.0,0.0,0.10683874,3.3134255,160.75845,1.3701314,0.21465176,0.18770786,0.026943907,dusuk,Tarim,low_severity,,0.0,DUSUK
AKD_2021_05,AKD_2021_05_005269,37.28041,35.59006,0.0,0.0,0.13067167,2.1718915,166.8471,1.293222,0.24957256,0.16376433,0.08580823,dusuk,Tarim,low_severity,,0.0,DUSUK
AKD_2021_05,AKD_2021_05_005275,37.28004,35.60696,0.0,0.0,0.25674456,2.9234765,119.22928,0.633409,0.3237546,0.1986464,0.12510821,dusuk,Tarim,low_severity,,0.0,DUSUK
AKD_2021_05,AKD_2021_05_005276,37.27998,35.60978,0.0,0.0,0.20413032,2.257911,113.46075,0.47002667,0.34103346,0.2338515,0.10718195,dusuk,Tarim,low_severity,,0.0,DUSUK
AKD_2021_05,AKD_2021_05_005277,37.27992,35.61259,0.0,0.0,0.17398545,1.130714,107.17302,0.40699282,0.38082576,0.31363297,0.06719279,dusuk,Tarim,low_severity,,0.0,DUSUK
AKD_2021_05,AKD_2021_05_005287,37.28231,35.39276,0.0,0.0,0.18715176,1.9264874,121.78045,0.48790184,0.4374109,0.32013026,0.11728063,dusuk,Tarim,low_severity,,0.0,DUSUK
AKD_2021_05,AKD_2021_05_005288,37.28226,35.39557,0.0,0.0,0.13708499,4.1151233,126.75353,0.45171717,0.37601075,0.25921983,0.11679092,dusuk,Tarim,low_severity,,0.0,DUSUK
AKD_2021_05,AKD_2021_05_005307,37.28116,35.44911,0.05548968,0.0,0.17225067,2.0444274,123.91911,0.43145862,0.4239428,0.29021543,0.13372737,dusuk,Tarim,low_severity,,0.0,DUSUK
AKD_2021_05,AKD_2021_05_005308,37.2811,35.45193,0.0,0.0,0.256313,2.0972676,129.69418,0.60820574,0.39349705,0.19789082,0.19560623,dusuk,Tarim,low_severity,,0.0,DUSUK
AKD_2021_05,AKD_2021_05_005309,37.28104,35.45475,0.0,0.0,0.14716187,2.4493399,137.39119,0.8238154,0.34845835,0.25041705,0.098041296,dusuk,Tarim,low_severity,,0.0,DUSUK
AKD_2021_05,AKD_2021_05_005310,37.28099,35.45756,0.0,0.0,0.18241242,4.4980426,150.50822,1.0046058,0.35715812,0.21477553,0.14238259,dusuk,Tarim,low_severity,,0.0,DUSUK
AKD_2021_05,AKD_2021_05_005318,37.28051,35.4801,0.05459166,0.12435528,0.11262144,3.6522024,173.10942,2.1899273,0.24643731,0.1826393,0.06379801,dusuk,Tarim,low_severity,,0.0,DUSUK
AKD_2021_05,AKD_2021_05_005320,37.2804,35.48574,0.0,0.0,0.14733306,3.7878418,173.37762,2.1539948,0.28044492,0.14871427,0.13173065,dusuk,Tarim,low_severity,,0.0,DUSUK
AKD_2021_05,AKD_2021_05_005323,37.28022,35.49419,0.3830021,0.03509707,0.13530347,7.7671485,177.53548,1.7239678,0.403319,0.3363557,0.066963315,dusuk,Tarim,low_severity,,0.0,DUSUK
AKD_2021_05,AKD_2021_05_005324,37.28016,35.49701,0.6647797,0.28530097,0.13977017,14.069889,209.37668,1.4931344,0.5282336,0.437868,0.09036559,dusuk,Tarim,low_severity,,0.0,DUSUK
AKD_2021_05,AKD_2021_05_005325,37.2801,35.49983,0.6601813,0.33115116,0.13989505,10.207835,207.48677,1.2695811,0.47898632,0.39176637,0.08721995,dusuk,Tarim,low_severity,,0.0,DUSUK
AKD_2021_05,AKD_2021_05_005326,37.28004,35.50264,0.4422976,0.27139,0.21732894,8.555114,203.69553,1.0579327,0.44799626,0.2829337,0.16506255,dusuk,Tarim,low_severity,,0.0,DUSUK
AKD_2021_05,AKD_2021_05_005327,37.27998,35.50546,0.15045764,0.04266336,0.24934715,6.4459934,211.13264,0.86695284,0.4516921,0.22086035,0.23083176,dusuk,Tarim,low_severity,,0.0,DUSUK
AKD_2021_05,AKD_2021_05_005333,37.27962,35.52236,0.09774844,0.015610685,0.16566601,5.31231,285.76236,1.082091,0.32528052,0.18223679,0.14304373,dusuk,Tarim,low_severity,,0.0,DUSUK
AKD_2021_05,AKD_2021_05_005335,37.2795,35.528,0.22732677,0.059888024,0.14517784,6.579262,247.89928,1.5200961,0.37395513,0.2948057,0.079149425,dusuk,Tarim,low_severity,,0.0,DUSUK
AKD_2021_05,AKD_2021_05_005336,37.27944,35.53082,0.090606004,0.0,0.19507554,4.877521,231.57816,1.4918168,0.3941667,0.26322,0.1309467,dusuk,Tarim,low_severity,,0.0,DUSUK
AKD_2021_05,AKD_2021_05_005351,37.27853,35.57308,0.05763496,0.0,0.1764457,3.4323897,169.4732,0.56637055,0.21506158,0.1849961,0.030065477,dusuk,Tarim,low_severity,,0.0,DUSUK
AKD_2021_05,AKD_2021_05_005352,37.27847,35.57589,0.0,0.0,0.10368762,3.2728744,154.5381,0.72309166,0.22608043,0.21697153,0.009108901,dusuk,Tarim,low_severity,,0.0,DUSUK
AKD_2021_05,AKD_2021_05_005353,37.27841,35.57871,0.0,0.0,0.10373374,1.394987,146.03159,0.9182374,0.2514538,0.25000465,0.0014491379,dusuk,Tarim,low_severity,,0.0,DUSUK
AKD_2021_05,AKD_2021_05_005354,37.27834,35.58153,0.0,0.0,0.13818827,1.0050083,142.7776,1.1351027,0.30828673,0.23872057,0.06956616,dusuk,Tarim,low_severity,,0.0,DUSUK
AKD_2021_05,AKD_2021_05_005355,37.27828,35.58434,0.0,0.0,0.1169797,2.083189,148.66501,1.2386022,0.26527888,0.17518227,0.09009661,dusuk,Tarim,low_severity,,0.0,DUSUK
AKD_2021_05,AKD_2021_05_005364,37.27773,35.6097,0.0,0.0,0.31347626,1.950793,111.97334,0.28294295,0.53935003,0.2817757,0.25757432,orta-dusuk,Tarim,predicted,0.1632,0.2599,ORTA
AKD_2021_05,AKD_2021_05_005365,37.27766,35.61252,0.0,0.0,0.20719643,1.7738938,106.762115,0.15740012,0.32582235,0.24808699,0.077735364,dusuk,Tarim,low_severity,,0.0,DUSUK
AKD_2021_05,AKD_2021_05_005375,37.28006,35.39269,0.0,0.022723014,0.2809723,2.218396,120.50953,0.7242937,0.52477586,0.34552896,0.1792469,orta-dusuk,Su,low_severity,,0.0,DUSUK
AKD_2021_05,AKD_2021_05_005400,37.27862,35.46312,0.45432132,0.08907456,0.10730538,4.0375233,170.51093,0.99005306,0.39630356,0.30810356,0.0882,dusuk,Tarim,low_severity,,0.0,DUSUK
AKD_2021_05,AKD_2021_05_005406,37.27826,35.48003,0.06961188,0.0,0.2026069,3.0303972,160.19669,2.224952,0.3681436,0.20271403,0.16542956,dusuk,Tarim,low_severity,,0.0,DUSUK
AKD_2021_05,AKD_2021_05_005407,37.2782,35.48285,0.0,0.0,0.26658002,2.7199335,159.63127,2.0692937,0.38826373,0.16868523,0.2195785,dusuk,Tarim,low_severity,,0.0,DUSUK
AKD_2021_05,AKD_2021_05_005408,37.27815,35.48566,0.0,0.0,0.34916598,2.3084567,160.2731,1.9335308,0.54683185,0.20021757,0.34661427,orta-dusuk,Tarim,predicted,0.2403,0.2094,DUSUK
AKD_2021_05,AKD_2021_05_005409,37.27809,35.48848,0.2870604,0.23089339,0.12227871,7.298347,169.44441,1.822116,0.34114164,0.26531845,0.07582319,dusuk,Tarim,low_severity,,0.0,DUSUK
AKD_2021_05,AKD_2021_05_005411,37.27797,35.49412,0.4317812,0.20810743,0.15532562,10.642045,201.80818,1.6906322,0.40894884,0.298435,0.110513836,dusuk,Tarim,low_severity,,0.0,DUSUK
AKD_2021_05,AKD_2021_05_005412,37.27791,35.49693,0.27669057,0.16392763,0.17162284,5.3959155,238.16191,1.6124074,0.37958187,0.2527191,0.12686276,dusuk,Tarim,low_severity,,0.0,DUSUK
AKD_2021_05,AKD_2021_05_005417,37.27761,35.51102,0.077640064,0.0,0.13278864,4.1160736,245.77979,0.8728035,0.2908283,0.19047368,0.10035461,dusuk,Tarim,low_severity,,0.0,DUSUK
AKD_2021_05,AKD_2021_05_005419,37.27749,35.51665,0.13546495,0.09292474,0.12526289,5.0382833,269.38586,0.9495036,0.31224763,0.22711578,0.085131854,dusuk,Tarim,low_severity,,0.0,DUSUK
AKD_2021_05,AKD_2021_05_005420,37.27743,35.51947,0.25759917,0.060632642,0.14328256,4.250058,276.1126,1.076542,0.26841527,0.16978256,0.09863271,dusuk,Tarim,low_severity,,0.0,DUSUK
AKD_2021_05,AKD_2021_05_005424,37.27719,35.53074,0.3578798,0.092491806,0.18213622,5.5958204,224.932,1.5731362,0.44919682,0.34105015,0.10814667,dusuk,Tarim,low_severity,,0.0,DUSUK
AKD_2021_05,AKD_2021_05_005425,37.27713,35.53356,0.14626646,0.017969282,0.12591001,5.0912414,244.178,1.3472575,0.3359403,0.26212472,0.073815584,dusuk,Tarim,low_severity,,0.0,DUSUK
AKD_2021_05,AKD_2021_05_005429,37.27689,35.54483,0.28710717,0.0,0.1120262,4.748673,204.9539,0.6530573,0.29138747,0.27166232,0.019725144,dusuk,Tarim,low_severity,,0.0,DUSUK
AKD_2021_05,AKD_2021_05_005430,37.27683,35.54764,0.29628175,0.0,0.1123067,4.6260304,188.75899,0.6259625,0.33040988,0.3238408,0.0065690875,dusuk,Tarim,low_severity,,0.0,DUSUK
AKD_2021_05,AKD_2021_05_005431,37.27677,35.55046,0.09827309,0.0,0.13574113,3.5263867,183.84132,0.69438773,0.2783589,0.27680013,0.0015587807,dusuk,Tarim,low_severity,,0.0,DUSUK
AKD_2021_05,AKD_2021_05_005435,37.27652,35.56173,0.0,0.0,0.1299629,2.3059032,158.12971,0.983419,0.3084039,0.24185875,0.06654516,dusuk,Tarim,low_severity,,0.0,DUSUK
AKD_2021_05,AKD_2021_05_005438,37.27634,35.57018,0.0,0.0,0.34057146,3.4524384,173.4528,0.7182548,0.2278605,0.18037686,0.047483638,orta-dusuk,Tarim,low_severity,,0.0,DUSUK
AKD_2021_05,AKD_2021_05_005439,37.27628,35.573,0.0,0.0,0.26106262,3.1373844,163.60878,0.7845268,0.24076943,0.17636815,0.064401284,dusuk,Tarim,low_severity,,0.0,DUSUK
AKD_2021_05,AKD_2021_05_005443,37.27603,35.58427,0.0,0.0,0.11229088,2.0407398,143.81578,1.0104358,0.271721,0.18359584,0.08812517,dusuk,Tarim,low_severity,,0.0,DUSUK
AKD_2021_05,AKD_2021_05_005444,37.27597,35.58708,0.0,0.0,0.10099956,2.6462321,150.6592,0.92471904,0.26423383,0.17928371,0.08495012,dusuk,Tarim,low_severity,,0.0,DUSUK
AKD_2021_05,AKD_2021_05_005454,37.27535,35.61526,0.0,0.0,0.19613513,1.4555694,101.05999,0.28040063,0.32704625,0.26198143,0.06506482,dusuk,Tarim,low_severity,,0.0,DUSUK
AKD_2021_05,AKD_2021_05_005463,37.27781,35.39261,0.0,0.0,0.13702784,3.7170923,125.70107,0.6196015,0.34801233,0.28197658,0.06603575,dusuk,Tarim,low_severity,,0.0,DUSUK
AKD_2021_05,AKD_2021_05_005469,37.27747,35.40952,0.48039776,0.31037736,0.1513198,5.431195,122.78028,1.4825851,0.45017356,0.4042834,0.045890152,dusuk,Su,low_severity,,0.0,DUSUK
AKD_2021_05,AKD_2021_05_005474,37.27718,35.42361,0.25155506,0.0,0.12843628,7.805958,142.04478,1.4164126,0.38077962,0.2710539,0.109725714,dusuk,Tarim,low_severity,,0.0,DUSUK
AKD_2021_05,AKD_2021_05_005476,37.27706,35.42924,0.11191015,0.0,0.11635943,4.698413,178.12971,0.9181405,0.36454827,0.2631088,0.101439476,dusuk,Tarim,low_severity,,0.0,DUSUK
AKD_2021_05,AKD_2021_05_005493,37.27607,35.47714,0.023980815,0.05539952,0.11561639,5.808939,151.74014,1.965462,0.31949386,0.22926652,0.090227336,dusuk,Tarim,low_severity,,0.0,DUSUK
AKD_2021_05,AKD_2021_05_005494,37.27601,35.47996,0.55123,0.45219997,0.19770643,11.948606,166.59084,2.0431004,0.5656949,0.3934465,0.17224842,dusuk,Tarim,low_severity,,0.0,DUSUK
AKD_2021_05,AKD_2021_05_005495,37.27595,35.48277,0.4727668,0.45219997,0.19707954,14.777211,179.58575,1.8723847,0.57730013,0.39940792,0.17789221,dusuk,Tarim,low_severity,,0.0,DUSUK
AKD_2021_05,AKD_2021_05_005496,37.27589,35.48559,0.532139,0.49219784,0.20147187,12.5331545,176.06987,1.7211593,0.6238918,0.45464134,0.16925043,dusuk,Tarim,low_severity,,0.0,DUSUK
AKD_2021_05,AKD_2021_05_005497,37.27583,35.48841,0.6073462,0.45024675,0.13101037,14.37618,216.56839,1.594978,0.44280875,0.30208555,0.1407232,dusuk,Tarim,low_severity,,0.0,DUSUK
AKD_2021_05,AKD_2021_05_005503,37.27548,35.50531,0.078495994,0.0,0.14764088,4.917892,222.59795,1.2717792,0.36408493,0.23695627,0.12712866,dusuk,Tarim,low_severity,,0.0,DUSUK
AKD_2021_05,AKD_2021_05_005504,37.27542,35.50813,0.13970628,0.0,0.1429722,4.3991404,234.74475,1.172522,0.31622845,0.20738414,0.10884431,dusuk,Tarim,low_severity,,0.0,DUSUK
AKD_2021_05,AKD_2021_05_005508,37.27518,35.5194,0.09423489,0.0,0.10809106,6.8245616,264.68234,1.2862154,0.28567427,0.21712947,0.068544805,dusuk,Tarim,low_severity,,0.0,DUSUK
AKD_2021_05,AKD_2021_05_005509,37.27512,35.52221,0.2507172,0.0050676516,0.10043952,6.267434,252.64671,1.4271425,0.29040343,0.2670373,0.023366123,dusuk,Tarim,low_severity,,0.0,DUSUK
AKD_2021_05,AKD_2021_05_005511,37.275,35.52785,0.25961488,0.15641832,0.107125185,5.510157,228.5485,1.7822758,0.29192045,0.2729503,0.018970162,dusuk,Tarim,low_severity,,0.0,DUSUK
AKD_2021_05,AKD_2021_05_005512,37.27494,35.53067,0.18611325,0.0,0.124843374,4.70153,219.9772,1.6878973,0.31419146,0.2900065,0.024184972,dusuk,Tarim,low_severity,,0.0,DUSUK
AKD_2021_05,AKD_2021_05_005517,37.27464,35.54475,0.13806017,0.0,0.12769249,4.146977,196.53125,0.8948318,0.25575447,0.21639973,0.03935474,dusuk,Tarim,low_severity,,0.0,DUSUK
AKD_2021_05,AKD_2021_05_005519,37.27451,35.55039,0.10917258,0.0,0.1122287,3.4053931,174.4159,0.92542666,0.311346,0.29248226,0.018863738,dusuk,Tarim,low_severity,,0.0,DUSUK
AKD_2021_05,AKD_2021_05_005522,37.27433,35.55884,0.00063831586,0.0,0.10324224,4.3769827,159.88148,1.3368722,0.2623815,0.21252495,0.049856544,dusuk,Tarim,low_severity,,0.0,DUSUK
AKD_2021_05,AKD_2021_05_005525,37.27415,35.56729,0.0,0.0,0.10830013,2.99018,165.64374,0.9803083,0.22249116,0.18321973,0.03927143,dusuk,Tarim,low_severity,,0.0,DUSUK
AKD_2021_05,AKD_2021_05_005526,37.27409,35.57011,0.0,0.0,0.30954286,2.70445,168.21915,0.96726245,0.23502466,0.17129697,0.06372769,orta-dusuk,Tarim,low_severity,,0.0,DUSUK
AKD_2021_05,AKD_2021_05_005527,37.27403,35.57292,0.0,0.0,0.24033333,3.4809046,161.72359,1.0174423,0.21545845,0.15572125,0.059737206,dusuk,Tarim,low_severity,,0.0,DUSUK
AKD_2021_05,AKD_2021_05_005528,37.27397,35.57574,0.0,0.0,0.1436593,2.7907207,157.09633,1.1223998,0.25561836,0.20415659,0.05146177,dusuk,Tarim,low_severity,,0.0,DUSUK
AKD_2021_05,AKD_2021_05_005529,37.2739,35.57856,0.0,0.0,0.18778813,3.268478,154.24945,1.1359842,0.20936656,0.1698936,0.039472967,dusuk,Tarim,low_severity,,0.0,DUSUK
AKD_2021_05,AKD_2021_05_005530,37.27384,35.58137,0.0,0.0,0.10775102,2.0944042,141.54266,0.96109354,0.24319579,0.2008549,0.04234089,dusuk,Tarim,low_severity,,0.0,DUSUK
AKD_2021_05,AKD_2021_05_005543,37.27304,35.61799,0.0,0.0,0.111222535,46.6802,97.63132,0.327139,0.39108014,0.3433185,0.04776165,dusuk,Tarim,low_severity,,0.0,DUSUK
AKD_2021_05,AKD_2021_05_005548,37.27573,35.38409,0.124640435,0.0,0.10152787,2.1816556,183.87837,0.3934717,0.30255717,0.21767303,0.08488414,dusuk,Tarim,low_severity,,0.0,DUSUK
AKD_2021_05,AKD_2021_05_005549,37.27567,35.38691,0.034237426,0.0,0.102325425,2.4293716,181.648,0.50543934,0.2787392,0.1899381,0.088801116,dusuk,Tarim,low_severity,,0.0,DUSUK
AKD_2021_05,AKD_2021_05_005551,37.27556,35.39254,0.1559569,0.16004951,0.1416609,6.131143,133.33344,0.38110626,0.35921636,0.24993804,0.10927832,dusuk,Tarim,low_severity,,0.0,DUSUK
AKD_2021_05,AKD_2021_05_005575,37.27417,35.46016,0.0,0.0,0.12903443,2.7271063,138.22565,0.4719165,0.25689933,0.18513143,0.0717679,dusuk,Tarim,low_severity,,0.0,DUSUK
AKD_2021_05,AKD_2021_05_005577,37.27405,35.4658,0.0,0.0,0.16314355,1.7145978,139.59253,0.93674064,0.32532528,0.20617956,0.11914572,dusuk,Tarim,low_severity,,0.0,DUSUK
AKD_2021_05,AKD_2021_05_005583,37.2737,35.4827,0.34429207,0.18793675,0.117022045,7.187768,237.62802,1.6895776,0.40902767,0.32250953,0.08651814,dusuk,Tarim,low_severity,,0.0,DUSUK
AKD_2021_05,AKD_2021_05_005591,37.27323,35.50524,0.0064957296,0.0,0.114644125,4.6075416,232.97675,1.4167548,0.23169835,0.14299875,0.088699594,dusuk,Tarim,low_severity,,0.0,DUSUK
AKD_2021_05,AKD_2021_05_005593,37.27311,35.51087,0.09069354,0.008176447,0.1175307,5.683904,229.91055,1.3702558,0.27700478,0.20682555,0.070179224,dusuk,Tarim,low_severity,,0.0,DUSUK
AKD_2021_05,AKD_2021_05_005600,37.27269,35.53059,0.088805154,0.0,0.16033898,4.00714,212.35571,1.829819,0.29876113,0.265507,0.033254117,dusuk,Tarim,low_severity,,0.0,DUSUK
AKD_2021_05,AKD_2021_05_005605,37.27238,35.54468,0.24065936,0.0,0.15933214,4.5627666,191.73157,1.1401596,0.3433837,0.2482349,0.0951488,dusuk,Tarim,low_severity,,0.0,DUSUK
AKD_2021_05,AKD_2021_05_005607,37.27226,35.55031,0.17965391,0.0,0.12737623,4.146774,171.51967,1.1643258,0.32129842,0.29035965,0.030938774,dusuk,Tarim,low_severity,,0.0,DUSUK
AKD_2021_05,AKD_2021_05_005608,37.2722,35.55313,0.0,0.0,0.10227928,3.4464228,172.98453,1.2533953,0.25719076,0.20270768,0.054483086,dusuk,Tarim,low_severity,,0.0,DUSUK
AKD_2021_05,AKD_2021_05_005610,37.27208,35.55876,0.0,0.0,0.16759193,3.8272462,161.43091,1.4649446,0.27386916,0.15597862,0.11789054,dusuk,Tarim,low_severity,,0.0,DUSUK
AKD_2021_05,AKD_2021_05_005611,37.27202,35.56158,0.0,0.0,0.14804964,1.7610302,149.75671,1.2979853,0.27860323,0.22885682,0.04974641,dusuk,Tarim,low_severity,,0.0,DUSUK
AKD_2021_05,AKD_2021_05_005614,37.27184,35.57003,0.0,0.0,0.18106557,2.5823426,162.03677,1.025122,0.2369543,0.15080316,0.08615114,dusuk,Tarim,low_severity,,0.0,DUSUK
AKD_2021_05,AKD_2021_05_005616,37.27171,35.57566,0.0,0.0,0.14502017,3.429282,150.63882,1.1195005,0.25981367,0.19566217,0.064151496,dusuk,Tarim,low_severity,,0.0,DUSUK
AKD_2021_05,AKD_2021_05_005617,37.27165,35.57848,0.0,0.0,0.33107162,2.304351,148.71378,0.9839023,0.23119031,0.16723773,0.06395258,orta-dusuk,Tarim,low_severity,,0.0,DUSUK
AKD_2021_05,AKD_2021_05_005618,37.27159,35.5813,0.0,0.0,0.13001525,2.6643577,142.70673,0.7828588,0.23582101,0.22940664,0.0064143687,dusuk,Tarim,low_severity,,0.0,DUSUK
AKD_2021_05,AKD_2021_05_005629,37.27091,35.61228,0.0,0.0,0.10139245,4.137678,111.91589,0.4997615,0.22196306,0.18829158,0.033671483,dusuk,Tarim,low_severity,,0.0,DUSUK
AKD_2021_05,AKD_2021_05_005631,37.27079,35.61792,0.0,0.0,0.15935579,46.836765,96.15144,0.42396304,0.44098634,0.5140619,-0.07307559,dusuk,Tarim,low_severity,,0.0,DUSUK
AKD_2021_05,AKD_2021_05_005635,37.27353,35.3812,0.019041447,0.0,0.1259447,2.2212453,176.63255,0.41067025,0.28240526,0.18688151,0.095523745,dusuk,Tarim,low_severity,,0.0,DUSUK
AKD_2021_05,AKD_2021_05_005652,37.27256,35.4291,0.059129186,0.0,0.10913473,4.9652762,134.58803,1.0898118,0.32633442,0.26053065,0.065803766,dusuk,Tarim,low_severity,,0.0,DUSUK
AKD_2021_05,AKD_2021_05_005653,37.2725,35.43191,0.57861996,0.0,0.13457623,3.6757526,125.23445,0.8908245,0.51034725,0.41452795,0.095819294,dusuk,Tarim,low_severity,,0.0,DUSUK
AKD_2021_05,AKD_2021_05_005654,37.27245,35.43473,0.29224035,0.0,0.13155356,3.918145,129.92647,0.724187,0.4073599,0.32793707,0.07942283,dusuk,Tarim,low_severity,,0.0,DUSUK
AKD_2021_05,AKD_2021_05_005660,37.2721,35.45164,0.0,0.0,0.122983195,3.2339854,130.96144,0.3453012,0.2748111,0.19194064,0.08287045,dusuk,Tarim,low_severity,,0.0,DUSUK
AKD_2021_05,AKD_2021_05_005661,37.27204,35.45445,0.0,0.0,0.11403837,1.9610001,126.60276,0.095508404,0.2835375,0.2507115,0.032826006,dusuk,Tarim,low_severity,,0.0,DUSUK
AKD_2021_05,AKD_2021_05_005662,37.27198,35.45727,0.08379615,0.0,0.24304517,3.166576,129.17441,0.15495414,0.4376156,0.2534087,0.1842069,dusuk,Tarim,low_severity,,0.0,DUSUK
AKD_2021_05,AKD_2021_05_005663,37.27192,35.46009,0.06432329,0.0,0.17035198,4.0579724,132.28294,0.4048453,0.36480144,0.25944638,0.105355054,dusuk,Tarim,low_severity,,0.0,DUSUK
AKD_2021_05,AKD_2021_05_005665,37.2718,35.46572,0.20374328,0.0756659,0.17968333,10.961833,158.92441,0.84893584,0.48092908,0.30781335,0.17311573,dusuk,Tarim,low_severity,,0.0,DUSUK
AKD_2021_05,AKD_2021_05_005666,37.27174,35.46854,0.42578048,0.30041257,0.17813815,12.6925745,163.64644,1.0708265,0.4938794,0.3457703,0.14810911,dusuk,Tarim,low_severity,,0.0,DUSUK
AKD_2021_05,AKD_2021_05_005671,37.27145,35.48262,0.49372128,0.29548475,0.18594807,8.4632015,224.77333,1.525949,0.51226544,0.34619454,0.16607091,dusuk,Tarim,low_severity,,0.0,DUSUK
AKD_2021_05,AKD_2021_05_005672,37.27139,35.48544,0.48867968,0.0,0.14766113,7.9470954,233.85516,1.336071,0.49325448,0.37328577,0.11996871,dusuk,Tarim,low_severity,,0.0,DUSUK
AKD_2021_05,AKD_2021_05_005673,37.27133,35.48826,0.5583912,0.0,0.10169248,6.553938,233.32127,1.1690384,0.48385173,0.4311372,0.052714527,dusuk,Tarim,low_severity,,0.0,DUSUK
AKD_2021_05,AKD_2021_05_005674,37.27127,35.49108,0.29176944,0.0,0.13494189,7.331473,228.18541,1.0359614,0.38377255,0.28744864,0.09632391,dusuk,Tarim,low_severity,,0.0,DUSUK
AKD_2021_05,AKD_2021_05_005681,37.27086,35.5108,0.15893298,0.009622365,0.20116042,5.0474057,215.81534,1.1895409,0.39935958,0.24631307,0.15304652,dusuk,Tarim,low_severity,,0.0,DUSUK
AKD_2021_05,AKD_2021_05_005682,37.2708,35.51361,0.55362666,0.38558537,0.145392,5.343653,232.78041,1.2489775,0.48213094,0.29560465,0.1865263,dusuk,Tarim,low_severity,,0.0,DUSUK
AKD_2021_05,AKD_2021_05_005684,37.27068,35.51925,0.19715193,0.039531767,0.19493812,5.0827227,227.39665,1.491583,0.3555671,0.20883821,0.14672889,dusuk,Tarim,low_severity,,0.0,DUSUK
AKD_2021_05,AKD_2021_05_005686,37.27056,35.52488,0.7749377,0.3584827,0.15449317,4.908457,247.01302,1.8411124,0.50064695,0.4097594,0.09088755,dusuk,Otlak/calilik,low_severity,,0.0,DUSUK
AKD_2021_05,AKD_2021_05_005688,37.27044,35.53052,0.27271372,0.124350965,0.15677704,6.092773,211.99658,1.8576764,0.35806262,0.34287786,0.01518476,dusuk,Tarim,low_severity,,0.0,DUSUK
AKD_2021_05,AKD_2021_05_005689,37.27038,35.53333,0.7916221,0.060632642,0.10256217,7.116737,239.58177,1.6595209,0.38542715,0.3821267,0.0033004582,dusuk,Tarim,low_severity,,0.0,DUSUK
AKD_2021_05,AKD_2021_05_005690,37.27031,35.53615,0.31277722,0.0,0.17056766,4.946283,231.44733,1.4771788,0.34882438,0.2421551,0.10666928,dusuk,Tarim,low_severity,,0.0,DUSUK
AKD_2021_05,AKD_2021_05_005691,37.27025,35.53897,0.4112886,0.121265285,0.17149344,6.977573,203.2608,1.3172339,0.37995005,0.27754277,0.10240728,dusuk,Tarim,low_severity,,0.0,DUSUK
AKD_2021_05,AKD_2021_05_005692,37.27019,35.54178,0.003721765,0.0,0.20540826,3.872141,182.36273,1.1887611,0.36196995,0.23273224,0.12923771,dusuk,Otlak/calilik,low_severity,,0.0,DUSUK
AKD_2021_05,AKD_2021_05_005693,37.27013,35.5446,0.005034293,0.0,0.15200616,3.1863291,184.98201,1.102815,0.30833095,0.20889816,0.099432796,dusuk,Tarim,low_severity,,0.0,DUSUK
AKD_2021_05,AKD_2021_05_005694,37.27007,35.54742,0.19869174,0.0,0.10840954,4.7166677,182.33305,1.0696956,0.2959258,0.22578526,0.07014054,dusuk,Tarim,low_severity,,0.0,DUSUK
AKD_2021_05,AKD_2021_05_005695,37.27001,35.55023,0.112219654,0.0,0.14809024,3.7744503,167.93758,1.0942105,0.3258674,0.26529497,0.060572445,dusuk,Tarim,low_severity,,0.0,DUSUK
AKD_2021_05,AKD_2021_05_005696,37.26995,35.55305,0.0,0.0,0.17864884,2.5142977,161.98802,1.1727508,0.33030212,0.2186443,0.11165781,dusuk,Tarim,low_severity,,0.0,DUSUK
AKD_2021_05,AKD_2021_05_005697,37.26989,35.55587,0.0,0.0,0.10667865,3.6532934,169.13995,1.2955278,0.2112042,0.13967796,0.071526244,dusuk,Tarim,low_severity,,0.0,DUSUK
AKD_2021_05,AKD_2021_05_005698,37.26983,35.55868,0.0,0.0,0.15632014,2.8390224,163.88228,1.3025185,0.24821326,0.12748364,0.120729625,dusuk,Tarim,low_severity,,0.0,DUSUK
AKD_2021_05,AKD_2021_05_005699,37.26977,35.5615,0.0,0.0,0.19883728,2.4272475,152.30904,1.1114215,0.31534758,0.18906513,0.12628245,dusuk,Tarim,low_severity,,0.0,DUSUK
AKD_2021_05,AKD_2021_05_005700,37.26971,35.56432,0.0,0.0,0.15245509,1.71566,146.61269,0.9481354,0.34359318,0.25054252,0.09305066,dusuk,Tarim,low_severity,,0.0,DUSUK
AKD_2021_05,AKD_2021_05_005703,37.26952,35.57277,0.0,0.0,0.11586388,2.908587,153.21419,0.8000437,0.28146452,0.24360985,0.03785467,dusuk,Tarim,low_severity,,0.0,DUSUK
AKD_2021_05,AKD_2021_05_005705,37.2694,35.5784,0.0,0.0,0.19079974,3.2968967,145.691,0.8566667,0.27901676,0.20418772,0.07482904,dusuk,Tarim,low_severity,,0.0,DUSUK
AKD_2021_05,AKD_2021_05_005706,37.26934,35.58122,0.0,0.0,0.1833194,2.4160252,139.13304,0.64457077,0.24094954,0.23182356,0.009125978,dusuk,Tarim,low_severity,,0.0,DUSUK
AKD_2021_05,AKD_2021_05_005708,37.26922,35.58685,0.0,0.0,0.10405796,2.3551252,147.37794,0.25620392,0.25124627,0.21763016,0.03361611,dusuk,Tarim,low_severity,,0.0,DUSUK
AKD_2021_05,AKD_2021_05_005710,37.26909,35.59249,0.0,0.0,0.12357202,2.1655483,142.2456,0.32998475,0.26704967,0.19906022,0.06798945,dusuk,Tarim,low_severity,,0.0,DUSUK
AKD_2021_05,AKD_2021_05_005711,37.26903,35.5953,0.0,0.0,0.11849658,3.1245916,152.79382,0.5639279,0.27648562,0.20738676,0.06909886,dusuk,Tarim,low_severity,,0.0,DUSUK
AKD_2021_05,AKD_2021_05_005712,37.26897,35.59812,0.0,0.0,0.1345461,2.086988,160.08536,0.8075515,0.28506678,0.1913,0.09376678,dusuk,Tarim,low_severity,,0.0,DUSUK
AKD_2021_05,AKD_2021_05_005713,37.26891,35.60094,0.0,0.0,0.17684053,1.6266578,163.86555,0.71938705,0.33892497,0.18261077,0.15631421,dusuk,Tarim,low_severity,,0.0,DUSUK
AKD_2021_05,AKD_2021_05_005714,37.26885,35.60375,0.0,0.0,0.12842476,5.435544,158.93362,0.4779634,0.29253423,0.19365683,0.0988774,dusuk,Tarim,low_severity,,0.0,DUSUK
AKD_2021_05,AKD_2021_05_005717,37.26866,35.6122,0.0,0.0,0.10422528,2.97956,108.60328,0.33353075,0.24131379,0.16827944,0.073034346,dusuk,Tarim,low_severity,,0.0,DUSUK
AKD_2021_05,AKD_2021_05_005743,37.27014,35.43748,0.0,0.0,0.20613484,2.5919063,122.26407,0.8603367,0.3792116,0.2534179,0.1257937,dusuk,Tarim,low_severity,,0.0,DUSUK
AKD_2021_05,AKD_2021_05_005744,37.27008,35.44029,0.24294278,0.0,0.10936901,4.395684,131.6794,0.84915125,0.47151524,0.3816599,0.08985534,dusuk,Tarim,low_severity,,0.0,DUSUK
AKD_2021_05,AKD_2021_05_005748,37.26984,35.45156,0.0,0.0,0.10631792,2.1432567,122.79727,0.43061286,0.4439296,0.4097819,0.03414771,dusuk,Tarim,low_severity,,0.0,DUSUK
AKD_2021_05,AKD_2021_05_005749,37.26979,35.45438,0.0,0.0,0.1199204,5.8601823,131.22968,0.2744383,0.25886685,0.25720367,0.0016631782,dusuk,Tarim,low_severity,,0.0,DUSUK
AKD_2021_05,AKD_2021_05_005754,37.26949,35.46847,0.5194942,0.33273622,0.14275372,10.673223,225.10275,0.9949624,0.4822298,0.37029532,0.11193448,dusuk,Tarim,low_severity,,0.0,DUSUK
AKD_2021_05,AKD_2021_05_005759,37.2692,35.48255,0.7763811,0.22193417,0.1485729,8.279579,222.92357,1.388297,0.49756333,0.36152577,0.13603756,dusuk,Tarim,low_severity,,0.0,DUSUK
AKD_2021_05,AKD_2021_05_005760,37.26914,35.48537,0.20256379,0.02496607,0.1795842,8.236688,199.54648,1.1764071,0.40281886,0.2919144,0.110904455,dusuk,Tarim,low_severity,,0.0,DUSUK
AKD_2021_05,AKD_2021_05_005761,37.26908,35.48819,0.20590778,0.0,0.11392999,8.111598,209.39737,0.982598,0.33097968,0.25727418,0.073705494,dusuk,Tarim,low_severity,,0.0,DUSUK
AKD_2021_05,AKD_2021_05_005762,37.26902,35.491,0.14599067,0.0,0.17943339,6.4958954,203.8093,0.81979513,0.36855507,0.23264435,0.13591072,dusuk,Tarim,low_severity,,0.0,DUSUK
AKD_2021_05,AKD_2021_05_005763,37.26896,35.49382,0.24136442,0.0,0.15516931,6.91467,204.3162,0.70966846,0.34860447,0.24919894,0.09940553,dusuk,Tarim,low_severity,,0.0,DUSUK
AKD_2021_05,AKD_2021_05_005764,37.2689,35.49664,0.3421985,0.0,0.16150463,7.2511196,202.76482,0.6783764,0.40831238,0.28424212,0.12407026,dusuk,Tarim,low_severity,,0.0,DUSUK
AKD_2021_05,AKD_2021_05_005766,37.26878,35.50227,0.1746037,0.0,0.11600781,2.9670117,222.80022,0.8650578,0.31364757,0.22784615,0.08580142,dusuk,Tarim,low_severity,,0.0,DUSUK
AKD_2021_05,AKD_2021_05_005768,37.26866,35.5079,0.21289426,0.07469395,0.15513247,5.867062,208.22847,0.9319551,0.34280345,0.23182341,0.110980034,dusuk,Tarim,low_severity,,0.0,DUSUK
AKD_2021_05,AKD_2021_05_005769,37.2686,35.51072,0.3388023,0.42222762,0.12565567,6.121301,217.24002,0.942591,0.44432542,0.3168292,0.12749621,dusuk,Tarim,low_severity,,0.0,DUSUK
AKD_2021_05,AKD_2021_05_005770,37.26854,35.51354,0.5082564,0.3836449,0.12170729,5.4665484,221.35944,1.0165703,0.43640536,0.2981224,0.13828295,dusuk,Tarim,low_severity,,0.0,DUSUK
AKD_2021_05,AKD_2021_05_005771,37.26848,35.51636,0.52186733,0.40131125,0.101542026,6.0837383,239.12744,1.1416447,0.41005886,0.30881518,0.101243675,dusuk,Tarim,low_severity,,0.0,DUSUK
AKD_2021_05,AKD_2021_05_005772,37.26842,35.51917,0.11527183,0.0,0.12792614,5.2484016,227.80966,1.3031846,0.31240678,0.21415424,0.098252535,dusuk,Tarim,low_severity,,0.0,DUSUK
AKD_2021_05,AKD_2021_05_005773,37.26836,35.52199,0.1202201,0.0,0.27753633,5.849569,223.11105,1.4893715,0.46411222,0.24033837,0.22377385,orta-dusuk,Tarim,predicted,0.1588,0.2013,DUSUK
AKD_2021_05,AKD_2021_05_005774,37.2683,35.52481,0.6264197,0.0,0.15230107,5.434995,239.64857,1.692089,0.38518932,0.30624622,0.0789431,dusuk,Tarim,low_severity,,0.0,DUSUK
AKD_2021_05,AKD_2021_05_005775,37.26824,35.52762,0.6793956,0.39256933,0.10449394,6.3250837,230.11494,1.9060699,0.37813616,0.38151416,-0.0033780038,dusuk,Tarim,low_severity,,0.0,DUSUK
AKD_2021_05,AKD_2021_05_005776,37.26818,35.53044,0.22787456,0.031859163,0.14927061,4.6031313,205.78816,1.7258903,0.28848302,0.28897062,-0.0004875958,dusuk,Tarim,low_severity,,0.0,DUSUK
AKD_2021_05,AKD_2021_05_005777,37.26812,35.53326,0.36606663,0.035361245,0.12437134,6.952356,227.30666,1.5105447,0.33344954,0.29833835,0.03511119,dusuk,Tarim,low_severity,,0.0,DUSUK
AKD_2021_05,AKD_2021_05_005778,37.26806,35.53607,0.34849682,0.025271397,0.15013286,3.8617685,222.49126,1.3075906,0.3892449,0.3228172,0.06642771,dusuk,Tarim,low_severity,,0.0,DUSUK
AKD_2021_05,AKD_2021_05_005779,37.268,35.53889,0.35352564,0.121265285,0.24175656,7.628157,201.70137,1.123762,0.4351009,0.2611216,0.17397931,dusuk,Otlak/calilik,low_severity,,0.0,DUSUK
AKD_2021_05,AKD_2021_05_005780,37.26794,35.54171,0.0,0.0,0.37278578,3.596525,178.55064,0.9699942,0.458071,0.16520035,0.29287064,orta-dusuk,Otlak/calilik,predicted,0.1919,0.2624,ORTA
AKD_2021_05,AKD_2021_05_005781,37.26788,35.54452,0.0,0.0,0.1943674,4.8082747,185.12901,0.8625176,0.32006526,0.19952461,0.12054065,dusuk,Otlak/calilik,low_severity,,0.0,DUSUK
AKD_2021_05,AKD_2021_05_005782,37.26782,35.54734,0.5826367,0.29436123,0.11323579,5.1193852,196.58446,0.81974655,0.3750457,0.3272023,0.047843397,dusuk,Tarim,low_severity,,0.0,DUSUK
AKD_2021_05,AKD_2021_05_005783,37.26776,35.55016,0.56734717,0.13006726,0.107583955,5.5445423,184.44002,0.8514883,0.33884197,0.33116615,0.0076758265,dusuk,Tarim,low_severity,,0.0,DUSUK
AKD_2021_05,AKD_2021_05_005784,37.2677,35.55297,0.13255243,0.0,0.12754984,5.1872163,165.72026,0.9503053,0.262218,0.2511125,0.011105508,dusuk,Tarim,low_severity,,0.0,DUSUK
AKD_2021_05,AKD_2021_05_005785,37.26764,35.55579,0.0,0.0,0.16056046,2.5469034,158.1897,1.0982386,0.2309218,0.16353826,0.06738354,dusuk,Tarim,low_severity,,0.0,DUSUK
AKD_2021_05,AKD_2021_05_005786,37.26758,35.55861,0.0,0.0,0.12421255,1.9715238,161.64679,1.1713438,0.23381516,0.15888403,0.07493113,dusuk,Tarim,low_severity,,0.0,DUSUK
AKD_2021_05,AKD_2021_05_005787,37.26752,35.56143,0.0,0.0,0.13231678,3.0418417,156.60866,0.9543319,0.2551027,0.18406269,0.071040004,dusuk,Tarim,low_severity,,0.0,DUSUK
AKD_2021_05,AKD_2021_05_005788,37.26746,35.56424,0.0,0.0,0.25545493,1.8401126,146.06702,0.7579264,0.39934078,0.2176753,0.18166548,dusuk,Tarim,low_severity,,0.0,DUSUK
AKD_2021_05,AKD_2021_05_005791,37.26727,35.57269,0.0,0.0,0.115176514,2.3109455,148.00728,0.56174874,0.26305267,0.20225069,0.060801983,dusuk,Tarim,low_severity,,0.0,DUSUK
AKD_2021_05,AKD_2021_05_005795,37.26703,35.58396,0.0,0.0,0.14249894,1.7627128,134.72876,0.2992866,0.27917373,0.2596013,0.019572437,dusuk,Tarim,low_severity,,0.0,DUSUK
AKD_2021_05,AKD_2021_05_005800,37.26672,35.59804,0.0,0.0,0.17892465,2.0647514,152.4357,0.73464835,0.26368243,0.1640526,0.09962982,dusuk,Tarim,low_severity,,0.0,DUSUK
AKD_2021_05,AKD_2021_05_005801,37.26666,35.60086,0.0,0.0,0.2287893,2.1500406,157.50728,0.7099289,0.30561262,0.16839507,0.13721755,dusuk,Tarim,low_severity,,0.0,DUSUK
AKD_2021_05,AKD_2021_05_005802,37.2666,35.60368,0.0,0.0,0.10566179,2.9205854,161.45918,0.46360567,0.2843213,0.19413057,0.09019074,dusuk,Tarim,low_severity,,0.0,DUSUK
AKD_2021_05,AKD_2021_05_005805,37.26641,35.61213,0.0,0.0,0.10433498,3.359023,114.27804,0.31260836,0.20657697,0.17933398,0.027242988,dusuk,Tarim,low_severity,,0.0,DUSUK
AKD_2021_05,AKD_2021_05_005841,37.2673,35.46557,0.14030156,0.04698583,0.12019876,8.971085,208.314,0.7295569,0.3592478,0.25194114,0.10730666,dusuk,Tarim,low_severity,,0.0,DUSUK
AKD_2021_05,AKD_2021_05_005842,37.26724,35.46839,0.25395703,0.0,0.11029339,10.881508,196.77164,0.9788926,0.2597279,0.23561877,0.024109125,dusuk,Tarim,low_severity,,0.0,DUSUK
AKD_2021_05,AKD_2021_05_005843,37.26718,35.47121,0.18180123,0.0,0.1437395,8.799307,177.85652,1.2284983,0.22970353,0.22066483,0.009038702,dusuk,Tarim,low_severity,,0.0,DUSUK
AKD_2021_05,AKD_2021_05_005844,37.26712,35.47403,0.033533055,0.0,0.12675077,4.7694783,174.10522,1.4782374,0.21262626,0.19437578,0.01825048,dusuk,Tarim,low_severity,,0.0,DUSUK
AKD_2021_05,AKD_2021_05_005845,37.26707,35.47684,0.07548641,0.0,0.110082775,4.4805665,183.41869,1.7280519,0.28434312,0.20905468,0.075288445,dusuk,Tarim,low_severity,,0.0,DUSUK
AKD_2021_05,AKD_2021_05_005846,37.26701,35.47966,0.07593316,0.031961624,0.20979142,8.248821,185.60103,1.5230402,0.39052218,0.20670313,0.18381906,dusuk,Tarim,low_severity,,0.0,DUSUK
AKD_2021_05,AKD_2021_05_005847,37.26695,35.48248,0.3376836,0.23779552,0.16834216,9.783096,197.94942,1.2849966,0.40190476,0.2735679,0.12833688,dusuk,Tarim,low_severity,,0.0,DUSUK
AKD_2021_05,AKD_2021_05_005848,37.26689,35.48529,0.12343762,0.022891229,0.11538789,5.660178,182.8351,1.052512,0.32189268,0.25719374,0.064698935,dusuk,Tarim,low_severity,,0.0,DUSUK
AKD_2021_05,AKD_2021_05_005850,37.26677,35.49093,0.16898611,0.0,0.18280782,5.0588956,186.29146,0.6292155,0.34204638,0.21273895,0.12930743,dusuk,Tarim,low_severity,,0.0,DUSUK
AKD_2021_05,AKD_2021_05_005851,37.26671,35.49374,0.44239774,0.0,0.10100868,9.661626,206.49094,0.47694588,0.3837049,0.3107955,0.072909415,dusuk,Tarim,low_severity,,0.0,DUSUK
AKD_2021_05,AKD_2021_05_005855,37.26647,35.50501,0.0,0.0,0.12049724,5.449473,207.3973,0.7563552,0.27060938,0.18894798,0.0816614,dusuk,Tarim,low_severity,,0.0,DUSUK
AKD_2021_05,AKD_2021_05_005856,37.26641,35.50783,0.055799846,0.05800393,0.19309242,2.9934764,196.86865,0.6833818,0.35286686,0.23486528,0.11800158,dusuk,Tarim,low_severity,,0.0,DUSUK
AKD_2021_05,AKD_2021_05_005857,37.26635,35.51065,0.014106781,0.0,0.1475508,3.15336,201.07571,0.6978167,0.28461713,0.20177454,0.08284259,dusuk,Tarim,low_severity,,0.0,DUSUK
AKD_2021_05,AKD_2021_05_005859,37.26623,35.51628,0.009120019,0.0,0.16027519,4.6262736,218.81569,0.9496436,0.311298,0.18602255,0.12527546,dusuk,Tarim,low_severity,,0.0,DUSUK
AKD_2021_05,AKD_2021_05_005861,37.26611,35.52191,0.03225052,0.0,0.19773866,3.6423132,213.31183,1.3478494,0.29934528,0.19934486,0.100000426,dusuk,Tarim,low_severity,,0.0,DUSUK
AKD_2021_05,AKD_2021_05_005862,37.26605,35.52473,0.32448897,0.0,0.1338771,5.041323,225.51962,1.56896,0.26682854,0.25299388,0.013834655,dusuk,Tarim,low_severity,,0.0,DUSUK
AKD_2021_05,AKD_2021_05_005863,37.26599,35.52755,0.36087638,0.0,0.10741695,6.277261,224.78093,1.7976576,0.28301033,0.27470225,0.008308083,dusuk,Tarim,low_severity,,0.0,DUSUK
AKD_2021_05,AKD_2021_05_005864,37.26593,35.53036,0.26313674,0.0,0.12957764,4.6004357,201.72601,1.6221693,0.2860971,0.2770468,0.00905031,dusuk,Tarim,low_severity,,0.0,DUSUK
AKD_2021_05,AKD_2021_05_005865,37.26587,35.53318,0.03921237,0.035361245,0.11772689,5.8599415,219.48991,1.3908561,0.24558598,0.18480164,0.06078434,dusuk,Tarim,low_severity,,0.0,DUSUK
AKD_2021_05,AKD_2021_05_005866,37.26581,35.536,0.19664027,0.14653668,0.15291327,4.312565,212.05605,1.1672741,0.37209663,0.28925943,0.082837194,dusuk,Tarim,low_severity,,0.0,DUSUK
AKD_2021_05,AKD_2021_05_005867,37.26575,35.53881,0.39286265,0.0,0.18109512,5.3754764,202.28682,0.9568577,0.3894177,0.2601305,0.12928721,dusuk,Otlak/calilik,low_severity,,0.0,DUSUK
AKD_2021_05,AKD_2021_05_005868,37.26569,35.54163,0.0037870337,0.0,0.2143058,3.8560097,176.2184,0.7704703,0.36507267,0.20516454,0.15990813,dusuk,Otlak/calilik,low_severity,,0.0,DUSUK
AKD_2021_05,AKD_2021_05_005869,37.26563,35.54445,0.0,0.0,0.14246003,4.617474,183.38986,0.6298193,0.29831722,0.2235941,0.074723125,dusuk,Otlak/calilik,low_severity,,0.0,DUSUK
AKD_2021_05,AKD_2021_05_005870,37.26557,35.54727,0.110168725,0.0,0.105431184,4.312889,187.60387,0.5698422,0.26841527,0.24119738,0.027217895,dusuk,Tarim,low_severity,,0.0,DUSUK
AKD_2021_05,AKD_2021_05_005873,37.26539,35.55572,0.0,0.0,0.16223738,3.8764515,155.976,0.926749,0.23645219,0.1682472,0.068205,dusuk,Tarim,low_severity,,0.0,DUSUK
AKD_2021_05,AKD_2021_05_005874,37.26533,35.55853,0.0,0.0,0.12425406,2.6401622,157.34557,1.0828379,0.24948728,0.19471934,0.054767936,dusuk,Tarim,low_severity,,0.0,DUSUK
AKD_2021_05,AKD_2021_05_005875,37.26527,35.56135,0.0,0.0,0.1407005,3.0668979,151.04033,0.84335107,0.2823735,0.21997032,0.062403172,dusuk,Tarim,low_severity,,0.0,DUSUK
AKD_2021_05,AKD_2021_05_005876,37.26521,35.56417,0.0,0.0,0.158715,1.9129237,146.25577,0.6123268,0.32650352,0.22019309,0.10631043,dusuk,Tarim,low_severity,,0.0,DUSUK
AKD_2021_05,AKD_2021_05_005877,37.26514,35.56698,0.0,0.0,0.12618423,0.83136016,142.32439,0.4045333,0.30162233,0.268629,0.032993317,dusuk,Tarim,low_severity,,0.0,DUSUK
AKD_2021_05,AKD_2021_05_005878,37.26508,35.5698,0.0,0.0,0.13591795,2.0469415,142.20279,0.27811918,0.30770323,0.26774,0.039963216,dusuk,Tarim,low_severity,,0.0,DUSUK
AKD_2021_05,AKD_2021_05_005883,37.26478,35.58388,0.057646617,0.0,0.1526415,1.5965061,132.57597,0.15668774,0.348388,0.27464736,0.07374063,dusuk,Tarim,low_severity,,0.0,DUSUK
AKD_2021_05,AKD_2021_05_005886,37.26459,35.59233,0.0,0.0,0.115471914,2.1191225,137.09439,0.21748824,0.22418824,0.20237407,0.021814167,dusuk,Tarim,low_severity,,0.0,DUSUK
AKD_2021_05,AKD_2021_05_005887,37.26453,35.59515,0.0,0.0,0.16960013,4.863875,143.86755,0.38606617,0.255264,0.1545825,0.10068151,dusuk,Tarim,low_severity,,0.0,DUSUK
AKD_2021_05,AKD_2021_05_005888,37.26447,35.59797,0.0,0.0,0.17924261,6.583159,151.69658,0.61301965,0.30629042,0.17317277,0.13311765,dusuk,Tarim,low_severity,,0.0,DUSUK
AKD_2021_05,AKD_2021_05_005889,37.26441,35.60078,0.0,0.0,0.12856796,5.7857056,157.32712,0.78452545,0.23641565,0.17064193,0.065773726,dusuk,Tarim,low_severity,,0.0,DUSUK
AKD_2021_05,AKD_2021_05_005890,37.26434,35.6036,0.0,0.0,0.12405692,8.787733,149.58115,0.5713243,0.26666516,0.18908046,0.0775847,dusuk,Tarim,low_severity,,0.0,DUSUK
AKD_2021_05,AKD_2021_05_005894,37.2641,35.61487,0.0,0.0,0.11902432,9.150904,106.261154,0.64817935,0.27265897,0.1868203,0.085838675,dusuk,Tarim,low_severity,,0.0,DUSUK
AKD_2021_05,AKD_2021_05_005928,37.26511,35.46268,0.39592397,0.0,0.10880709,5.603034,161.3271,0.5696986,0.34260938,0.2803144,0.06229499,dusuk,Tarim,low_severity,,0.0,DUSUK
AKD_2021_05,AKD_2021_05_005930,37.26499,35.46832,0.024564425,0.0,0.1468876,4.0068064,172.6918,1.0254323,0.2719088,0.1834856,0.08842319,dusuk,Tarim,low_severity,,0.0,DUSUK
AKD_2021_05,AKD_2021_05_005933,37.26481,35.47677,0.0,0.0,0.12337291,3.6458874,169.41547,1.721027,0.26540148,0.17943844,0.08596304,dusuk,Tarim,low_severity,,0.0,DUSUK
AKD_2021_05,AKD_2021_05_005934,37.26475,35.47959,0.0,0.0,0.20596749,4.373743,176.10046,1.4725825,0.38023272,0.17551571,0.20471701,dusuk,Tarim,low_severity,,0.0,DUSUK
AKD_2021_05,AKD_2021_05_005935,37.2647,35.4824,0.0,0.0,0.19496378,4.3645897,177.44273,1.2247711,0.31151843,0.160136,0.15138243,dusuk,Tarim,low_severity,,0.0,DUSUK
AKD_2021_05,AKD_2021_05_005936,37.26464,35.48522,4.517489e-06,0.0,0.22167331,3.5235853,170.59714,0.9780745,0.397701,0.20858666,0.18911433,dusuk,Tarim,low_severity,,0.0,DUSUK
AKD_2021_05,AKD_2021_05_005937,37.26458,35.48804,0.29707357,0.0,0.20077324,7.8008685,187.48882,0.7336177,0.41554898,0.27131042,0.14423856,dusuk,Tarim,low_severity,,0.0,DUSUK
AKD_2021_05,AKD_2021_05_005942,37.26428,35.50212,0.0,0.0,0.137904,3.4016192,195.6471,0.52399236,0.22968397,0.20948818,0.020195782,dusuk,Tarim,low_severity,,0.0,DUSUK
AKD_2021_05,AKD_2021_05_005943,37.26422,35.50494,0.0,0.0,0.1340484,2.5458505,193.79897,0.54363924,0.2842058,0.20130509,0.0829007,dusuk,Tarim,low_severity,,0.0,DUSUK
AKD_2021_05,AKD_2021_05_005944,37.26416,35.50775,0.0,0.0,0.10415287,2.3873222,190.5001,0.43644136,0.26275083,0.23761669,0.025134146,dusuk,Tarim,low_severity,,0.0,DUSUK
AKD_2021_05,AKD_2021_05_005945,37.2641,35.51057,0.0,0.0,0.17895669,3.2951765,192.88617,0.45871395,0.31758624,0.21090755,0.106678694,dusuk,Tarim,low_severity,,0.0,DUSUK
AKD_2021_05,AKD_2021_05_005946,37.26404,35.51339,0.058721274,0.0,0.15796399,6.940646,202.51495,0.5961174,0.2732884,0.20087343,0.072414964,dusuk,Tarim,low_severity,,0.0,DUSUK
AKD_2021_05,AKD_2021_05_005947,37.26398,35.51621,0.0,0.0,0.1888754,5.5271173,207.1814,0.7907549,0.32145172,0.20407875,0.117372975,dusuk,Tarim,low_severity,,0.0,DUSUK
AKD_2021_05,AKD_2021_05_005949,37.26386,35.52184,0.12585574,0.0,0.10966577,5.6591434,210.37991,1.2410351,0.25006312,0.24415639,0.005906731,dusuk,Tarim,low_severity,,0.0,DUSUK
AKD_2021_05,AKD_2021_05_005950,37.2638,35.52466,0.25132632,0.0,0.114681914,5.2407064,223.36438,1.4782103,0.27003837,0.24392746,0.026110902,dusuk,Tarim,low_severity,,0.0,DUSUK
AKD_2021_05,AKD_2021_05_005952,37.26368,35.53029,0.07263044,0.0,0.11054644,8.027082,196.80536,1.5521498,0.30691707,0.3175317,-0.010614634,dusuk,Tarim,low_severity,,0.0,DUSUK
AKD_2021_05,AKD_2021_05_005953,37.26362,35.53311,0.01442506,0.0,0.110292755,6.273157,206.86742,1.308517,0.23793323,0.20367652,0.03425671,dusuk,Tarim,low_severity,,0.0,DUSUK
AKD_2021_05,AKD_2021_05_005954,37.26356,35.53592,0.045815494,0.0,0.18759564,6.515519,201.06575,1.0678316,0.31722015,0.20291467,0.11430548,dusuk,Tarim,low_severity,,0.0,DUSUK
AKD_2021_05,AKD_2021_05_005955,37.2635,35.53874,0.42028654,0.0,0.12441148,7.0277796,199.37952,0.8326538,0.33417547,0.26937243,0.064803034,dusuk,Tarim,low_severity,,0.0,DUSUK
AKD_2021_05,AKD_2021_05_005956,37.26344,35.54156,0.18333255,0.0,0.22289093,10.151135,176.10495,0.6093933,0.38917887,0.21857916,0.17059971,dusuk,Tarim,low_severity,,0.0,DUSUK
AKD_2021_05,AKD_2021_05_005957,37.26338,35.54437,0.0,0.0,0.24218783,9.460292,174.32019,0.41762188,0.38619184,0.18537676,0.20081508,dusuk,Tarim,low_severity,,0.0,DUSUK
AKD_2021_05,AKD_2021_05_005958,37.26332,35.54719,0.12898394,0.0,0.12925181,8.775138,176.8628,0.3200873,0.2722131,0.23883137,0.03338173,dusuk,Tarim,low_severity,,0.0,DUSUK
AKD_2021_05,AKD_2021_05_005959,37.26326,35.55001,0.00012422072,0.0,0.14158858,8.6172905,178.92044,0.3943396,0.26832104,0.22149327,0.046827763,dusuk,Tarim,low_severity,,0.0,DUSUK
AKD_2021_05,AKD_2021_05_005962,37.26308,35.55846,0.0,0.0,0.17788354,19.176554,150.87724,1.0318174,0.29155877,0.21191473,0.07964404,dusuk,Tarim,low_severity,,0.0,DUSUK
AKD_2021_05,AKD_2021_05_005963,37.26301,35.56127,0.0,0.0,0.14649582,20.515394,144.66904,0.79795533,0.33041537,0.2757436,0.054671764,dusuk,Tarim,low_severity,,0.0,DUSUK
AKD_2021_05,AKD_2021_05_005964,37.26295,35.56409,0.0,0.0,0.17829409,20.51612,142.69029,0.54812026,0.3754344,0.28495097,0.09048343,dusuk,Tarim,low_severity,,0.0,DUSUK
AKD_2021_05,AKD_2021_05_005965,37.26289,35.56691,0.0,0.0,0.123783715,20.577753,141.55003,0.29856136,0.34365314,0.32077882,0.022874326,dusuk,Tarim,low_severity,,0.0,DUSUK
AKD_2021_05,AKD_2021_05_005966,37.26283,35.56972,0.0,0.0,0.115992576,20.988974,139.64908,0.053310126,0.30475813,0.28027517,0.024482965,dusuk,Tarim,low_severity,,0.0,DUSUK
AKD_2021_05,AKD_2021_05_005971,37.26252,35.58381,0.0,0.0,0.1426928,22.764122,130.56523,0.16817613,0.37678924,0.30217487,0.074614376,dusuk,Tarim,low_severity,,0.0,DUSUK
AKD_2021_05,AKD_2021_05_005972,37.26246,35.58662,0.13760151,0.0,0.10770643,21.436869,138.63774,0.2041845,0.30241153,0.2524433,0.049968213,dusuk,Tarim,low_severity,,0.0,DUSUK
AKD_2021_05,AKD_2021_05_005974,37.26234,35.59226,0.0,0.0,0.10201511,21.9963,135.24384,0.09157488,0.25828817,0.24465165,0.013636529,dusuk,Tarim,low_severity,,0.0,DUSUK
AKD_2021_05,AKD_2021_05_005975,37.26228,35.59507,0.0,0.0,0.113404565,20.451754,140.04442,0.27029476,0.24287102,0.18758033,0.055290684,dusuk,Tarim,low_severity,,0.0,DUSUK
AKD_2021_05,AKD_2021_05_005976,37.26222,35.59789,0.0,0.0,0.1776731,13.805776,152.4076,0.43959022,0.32796752,0.19957073,0.1283968,dusuk,Tarim,low_severity,,0.0,DUSUK
AKD_2021_05,AKD_2021_05_005977,37.26215,35.60071,0.0,0.0,0.19815084,13.535626,152.99243,0.6621328,0.28180972,0.2021659,0.079643816,dusuk,Tarim,low_severity,,0.0,DUSUK
AKD_2021_05,AKD_2021_05_005978,37.26209,35.60352,0.0,0.0,0.12884252,14.702791,145.78662,0.7502617,0.23748662,0.19972569,0.03776093,dusuk,Tarim,low_severity,,0.0,DUSUK
AKD_2021_05,AKD_2021_05_005988,37.26447,35.38374,0.048887316,0.0,0.10562584,8.262789,120.098495,0.24729109,0.4028051,0.34144408,0.061361015,dusuk,Tarim,low_severity,,0.0,DUSUK
AKD_2021_05,AKD_2021_05_006011,37.26315,35.44853,0.0,0.0,0.19964385,19.37613,124.497215,0.9115772,0.28547055,0.22523499,0.06023556,dusuk,Su,low_severity,,0.0,DUSUK
AKD_2021_05,AKD_2021_05_006012,37.26309,35.45134,0.0,0.0,0.12936842,17.222488,139.3016,0.7674159,0.23484257,0.19502854,0.039814025,dusuk,Tarim,low_severity,,0.0,DUSUK
AKD_2021_05,AKD_2021_05_006013,37.26303,35.45416,0.0,0.0,0.13868615,17.821459,139.63591,0.62442344,0.25730118,0.22930282,0.027998358,dusuk,Tarim,low_severity,,0.0,DUSUK
AKD_2021_05,AKD_2021_05_006014,37.26297,35.45698,0.0,0.0,0.101600915,16.037695,152.05785,0.56203395,0.222063,0.20960516,0.012457848,dusuk,Tarim,low_severity,,0.0,DUSUK
AKD_2021_05,AKD_2021_05_006015,37.26292,35.45979,0.0,0.0,0.12402012,16.69665,140.7904,0.6056894,0.2644359,0.20505714,0.059378743,dusuk,Tarim,low_severity,,0.0,DUSUK
AKD_2021_05,AKD_2021_05_006016,37.26286,35.46261,0.0,0.0,0.15083945,15.687999,155.32477,0.7367748,0.32154512,0.21854442,0.1030007,dusuk,Tarim,low_severity,,0.0,DUSUK
AKD_2021_05,AKD_2021_05_006017,37.2628,35.46543,0.0,0.0,0.12002019,12.232307,177.9469,0.9185938,0.28415394,0.204215,0.07993893,dusuk,Tarim,low_severity,,0.0,DUSUK
AKD_2021_05,AKD_2021_05_006018,37.26274,35.46824,0.29894415,0.0,0.16069414,15.445422,171.73192,1.1268505,0.37590763,0.26545164,0.11045599,dusuk,Tarim,low_severity,,0.0,DUSUK
AKD_2021_05,AKD_2021_05_006019,37.26268,35.47106,0.0,0.0,0.14301366,16.232649,162.11908,1.3493589,0.2017535,0.17372869,0.028024808,dusuk,Tarim,low_severity,,0.0,DUSUK
AKD_2021_05,AKD_2021_05_006020,37.26262,35.47388,0.0,0.0,0.105801836,15.241395,169.31314,1.5801098,0.20460162,0.19475481,0.0098468065,dusuk,Tarim,low_severity,,0.0,DUSUK
AKD_2021_05,AKD_2021_05_006021,37.26256,35.4767,0.0,0.0,0.1044484,15.984274,163.958,1.7134124,0.22857283,0.2025008,0.026072025,dusuk,Tarim,low_severity,,0.0,DUSUK
AKD_2021_05,AKD_2021_05_006022,37.2625,35.47951,0.0,0.0,0.15516376,14.284207,172.70561,1.463676,0.31197226,0.18407854,0.12789372,dusuk,Tarim,low_severity,,0.0,DUSUK
AKD_2021_05,AKD_2021_05_006023,37.26244,35.48233,0.0,0.0,0.14819035,14.764589,168.40268,1.214048,0.32174668,0.21071462,0.111032054,dusuk,Tarim,low_severity,,0.0,DUSUK
AKD_2021_05,AKD_2021_05_006024,37.26239,35.48515,0.0,0.0,0.11021249,14.905851,172.31326,0.9646127,0.27524728,0.22806446,0.047182813,dusuk,Tarim,low_severity,,0.0,DUSUK
AKD_2021_05,AKD_2021_05_006025,37.26233,35.48796,0.0,0.0,0.11945287,9.1226225,203.24498,0.71557176,0.30543202,0.26284748,0.04258454,dusuk,Tarim,low_severity,,0.0,DUSUK
AKD_2021_05,AKD_2021_05_006030,37.26203,35.50205,0.0,0.0,0.13551778,10.51112,190.13123,0.37065947,0.22108969,0.20496282,0.016126871,dusuk,Tarim,low_severity,,0.0,DUSUK
AKD_2021_05,AKD_2021_05_006031,37.26197,35.50486,0.0,0.0,0.11952365,10.538822,190.20473,0.37949172,0.24710548,0.20099197,0.046113506,dusuk,Tarim,low_severity,,0.0,DUSUK
AKD_2021_05,AKD_2021_05_006032,37.26191,35.50768,0.0,0.0,0.12939994,11.611737,184.31732,0.1973611,0.27165434,0.2398374,0.031816944,dusuk,Tarim,low_severity,,0.0,DUSUK
AKD_2021_05,AKD_2021_05_006033,37.26185,35.5105,0.0,0.0,0.183606,11.710742,184.60114,0.24267024,0.3649137,0.2598751,0.10503861,dusuk,Tarim,low_severity,,0.0,DUSUK
AKD_2021_05,AKD_2021_05_006034,37.26179,35.51331,0.0,0.0,0.124246374,5.020383,,0.45147124,0.23273328,0.22265825,0.010075033,dusuk,Tarim,no_data,,,
AKD_2021_05,AKD_2021_05_006035,37.26173,35.51613,0.0,0.0,0.13468999,3.6989386,,0.68830496,0.21144092,0.18508923,0.02635169,dusuk,Tarim,no_data,,,
AKD_2021_05,AKD_2021_05_006036,37.26167,35.51895,0.0,0.0,0.1121669,4.413769,,0.9320414,0.26254526,0.25335053,0.009194732,dusuk,Tarim,no_data,,,
AKD_2021_05,AKD_2021_05_006037,37.26161,35.52176,0.0,0.0,0.10238804,3.29847,,1.1784052,0.25411245,0.26113844,-0.007025987,dusuk,Tarim,no_data,,,
AKD_2021_05,AKD_2021_05_006038,37.26155,35.52458,0.429239,0.0,0.10283458,2.3819475,,1.426035,0.29221416,0.24470767,0.04750648,dusuk,Tarim,no_data,,,
AKD_2021_05,AKD_2021_05_006040,37.26143,35.53021,0.008159332,0.0,0.16860713,4.5385537,,1.5204948,0.3441212,0.272261,0.071860194,dusuk,Tarim,no_data,,,
AKD_2021_05,AKD_2021_05_006041,37.26137,35.53303,0.029528627,0.0,0.15167995,3.878475,,1.2708077,0.26053062,0.1926822,0.067848414,dusuk,Tarim,no_data,,,
